{"type": "FeatureCollection", "features": [{"type": "Feature", "properties": {"area_id": "bicol-river-basin", "name": "Bicol River Basin", "study_type": "river_basin", "zone": null, "area_ha": 289186.3, "version": 1}, "geometry": {"type": "MultiPolygon", "coordinates": [[[[123.599642, 13.405877], [123.59409, 13.400352], [123.589212, 13.399643], [123.583687, 13.394092], [123.582978, 13.385075], [123.575353, 13.377424], [123.575001, 13.366668], [123.574648, 13.364242], [123.570479, 13.360046], [123.571188, 13.347574], [123.574987, 13.343748], [123.571188, 13.339923], [123.570831, 13.337501], [123.573257, 13.337144], [123.576744, 13.333689], [123.585787, 13.33298], [123.591312, 13.327424], [123.592021, 13.318407], [123.599646, 13.31076], [123.599998, 13.308334], [123.606379, 13.307768], [123.61029, 13.304736], [123.619913, 13.30346], [123.624434, 13.298043], [123.625852, 13.292518], [123.631377, 13.2911], [123.635288, 13.288068], [123.639711, 13.286931], [123.643622, 13.283903], [123.656379, 13.282766], [123.668624, 13.2714], [123.673043, 13.270267], [123.685288, 13.258901], [123.687499, 13.258334], [123.687147, 13.255909], [123.683687, 13.252426], [123.683334, 13.245836], [123.682978, 13.239214], [123.677426, 13.233684], [123.675, 13.233332], [123.675, 13.229167], [123.674648, 13.19341], [123.671188, 13.189923], [123.670479, 13.180911], [123.667019, 13.177424], [123.666666, 13.162499], [123.664241, 13.162147], [123.656593, 13.154522], [123.651742, 13.153813], [123.648259, 13.150353], [123.641669, 13.15], [123.635074, 13.149648], [123.627083, 13.14168], [123.623257, 13.145479], [123.610076, 13.146188], [123.602424, 13.153813], [123.597577, 13.154522], [123.59409, 13.157978], [123.572575, 13.158687], [123.564923, 13.166312], [123.562502, 13.166669], [123.558332, 13.166669], [123.543622, 13.167235], [123.534253, 13.175582], [123.532764, 13.181379], [123.528769, 13.186534], [123.522789, 13.188068], [123.518878, 13.1911], [123.505064, 13.192326], [123.504168, 13.195831], [123.502005, 13.195216], [123.497992, 13.192286], [123.492824, 13.190806], [123.491049, 13.187029], [123.495214, 13.181326], [123.496449, 13.166196], [123.492284, 13.160493], [123.490741, 13.155093], [123.485341, 13.15355], [123.481328, 13.150616], [123.471804, 13.149234], [123.470216, 13.143673], [123.467282, 13.13966], [123.465806, 13.134487], [123.462029, 13.132717], [123.45625, 13.13694], [123.452085, 13.133894], [123.447992, 13.136882], [123.431172, 13.138117], [123.422994, 13.145216], [123.420363, 13.146451], [123.41466, 13.142286], [123.40926, 13.140739], [123.407361, 13.134104], [123.39657, 13.13253], [123.395834, 13.124998], [123.391665, 13.124998], [123.390817, 13.128316], [123.383915, 13.130086], [123.375567, 13.139455], [123.374435, 13.143878], [123.371402, 13.147789], [123.369985, 13.153318], [123.364455, 13.154736], [123.360545, 13.157768], [123.353597, 13.159547], [123.354864, 13.169942], [123.358333, 13.170833], [123.357981, 13.185758], [123.35452, 13.189241], [123.354168, 13.191666], [123.354168, 13.195831], [123.351956, 13.196402], [123.342369, 13.205097], [123.341098, 13.214711], [123.338066, 13.218622], [123.336648, 13.224151], [123.333335, 13.224998], [123.333687, 13.235758], [123.337487, 13.239584], [123.333687, 13.24341], [123.333335, 13.254165], [123.331159, 13.254772], [123.326107, 13.258517], [123.324395, 13.264671], [123.317273, 13.272826], [123.315945, 13.282159], [123.311958, 13.283939], [123.304926, 13.278721], [123.296552, 13.279961], [123.295228, 13.293838], [123.288107, 13.301993], [123.286894, 13.327174], [123.283148, 13.332226], [123.276994, 13.333938], [123.267724, 13.342036], [123.266061, 13.348007], [123.263104, 13.351993], [123.261896, 13.356341], [123.25477, 13.364492], [123.254168, 13.366668], [123.238414, 13.367275], [123.236934, 13.373045], [123.233902, 13.376955], [123.232765, 13.379912], [123.236934, 13.385289], [123.238067, 13.388438], [123.229732, 13.397788], [123.2286, 13.400936], [123.236934, 13.410292], [123.238067, 13.421582], [123.233902, 13.426955], [123.233335, 13.429167], [123.22279, 13.429733], [123.218879, 13.432765], [123.209221, 13.434041], [123.207767, 13.439708], [123.204735, 13.443623], [123.203598, 13.448042], [123.199081, 13.453465], [123.189458, 13.454735], [123.185543, 13.457768], [123.181124, 13.4589], [123.171751, 13.467248], [123.170266, 13.473044], [123.16627, 13.478199], [123.160291, 13.479733], [123.156376, 13.482765], [123.151957, 13.483902], [123.148042, 13.486935], [123.143623, 13.488067], [123.139712, 13.491099], [123.134339, 13.492477], [123.132765, 13.49658], [123.136934, 13.501957], [123.1375, 13.512499], [123.130067, 13.513163], [123.1286, 13.518875], [123.125568, 13.52279], [123.125001, 13.525002], [123.11442, 13.525528], [123.110581, 13.528636], [123.106086, 13.529697], [123.098082, 13.53697], [123.084299, 13.538107], [123.082805, 13.542607], [123.08697, 13.547752], [123.0875, 13.55], [123.086934, 13.556376], [123.075568, 13.568621], [123.07415, 13.57415], [123.068621, 13.575568], [123.059252, 13.583916], [123.057482, 13.590814], [123.051957, 13.592232], [123.048042, 13.595264], [123.040921, 13.596401], [123.035543, 13.592232], [123.015919, 13.591099], [123.010545, 13.595264], [123.005016, 13.596686], [123.003268, 13.603504], [122.989458, 13.604735], [122.985543, 13.607767], [122.981124, 13.6089], [122.977209, 13.611932], [122.975002, 13.612498], [122.971684, 13.61335], [122.970833, 13.616668], [122.967519, 13.617519], [122.966101, 13.623044], [122.963069, 13.626955], [122.961932, 13.635543], [122.954735, 13.643623], [122.953317, 13.649148], [122.947788, 13.650566], [122.942401, 13.655061], [122.941099, 13.663247], [122.945264, 13.668621], [122.945835, 13.675002], [122.931124, 13.675568], [122.92597, 13.679563], [122.924101, 13.686841], [122.916668, 13.687501], [122.916102, 13.698042], [122.912102, 13.703201], [122.905016, 13.705016], [122.904165, 13.708333], [122.901957, 13.707767], [122.898042, 13.704735], [122.888714, 13.703598], [122.886935, 13.710545], [122.882939, 13.7157], [122.875707, 13.717555], [122.874293, 13.728279], [122.868621, 13.729733], [122.860546, 13.736934], [122.855016, 13.738352], [122.853277, 13.745125], [122.843623, 13.746401], [122.823045, 13.766101], [122.817475, 13.767528], [122.816097, 13.773784], [122.824338, 13.775898], [122.825568, 13.789712], [122.828601, 13.793623], [122.829167, 13.799999], [122.831379, 13.800565], [122.843623, 13.811932], [122.849148, 13.81335], [122.850566, 13.818879], [122.857768, 13.826954], [122.859186, 13.832484], [122.86471, 13.833902], [122.868621, 13.836934], [122.87415, 13.838352], [122.875568, 13.843877], [122.879564, 13.849031], [122.886854, 13.850904], [122.888067, 13.867412], [122.883902, 13.87279], [122.882721, 13.899089], [122.875849, 13.900851], [122.874431, 13.906376], [122.871399, 13.910291], [122.870833, 13.916667], [122.864242, 13.917019], [122.86076, 13.92048], [122.843409, 13.921189], [122.835757, 13.928814], [122.822576, 13.929518], [122.819089, 13.932979], [122.816668, 13.933335], [122.812499, 13.933335], [122.811647, 13.936648], [122.808334, 13.9375], [122.787501, 13.9375], [122.786935, 13.948046], [122.779733, 13.956121], [122.778601, 13.960545], [122.775568, 13.964455], [122.774101, 13.970172], [122.766668, 13.970832], [122.766668, 13.983335], [122.778257, 13.983955], [122.779733, 13.989712], [122.782766, 13.993622], [122.783903, 14.00221], [122.786935, 14.006121], [122.787501, 14.008333], [122.788353, 14.01165], [122.791666, 14.012502], [122.798256, 14.012145], [122.801743, 14.008685], [122.80659, 14.007981], [122.810077, 14.00452], [122.814925, 14.003811], [122.819121, 13.999647], [122.823259, 14.000356], [122.826741, 14.003811], [122.837501, 14.004168], [122.838469, 14.000396], [122.843623, 13.9964], [122.848042, 13.995268], [122.851957, 13.992236], [122.856376, 13.991098], [122.865732, 13.982764], [122.893877, 13.983901], [122.899255, 13.988066], [122.923044, 13.986934], [122.926955, 13.983901], [122.939713, 13.982764], [122.949063, 13.974435], [122.952211, 13.975567], [122.957585, 13.979732], [122.961687, 13.978158], [122.963069, 13.972789], [122.966101, 13.968879], [122.967519, 13.963349], [122.973044, 13.961931], [122.976955, 13.958899], [122.982484, 13.957481], [122.983902, 13.951956], [122.986934, 13.948046], [122.987501, 13.941665], [122.998256, 13.942022], [123.002452, 13.946186], [123.00659, 13.945482], [123.010077, 13.942022], [123.020832, 13.941665], [123.02048, 13.930909], [123.01702, 13.927422], [123.016668, 13.912498], [123.017283, 13.91034], [123.024444, 13.90209], [123.021452, 13.897992], [123.020217, 13.885342], [123.013118, 13.877159], [123.011883, 13.872839], [123.008949, 13.868825], [123.007647, 13.846641], [122.99657, 13.845032], [122.995215, 13.831173], [122.992285, 13.82716], [122.991665, 13.825001], [122.999313, 13.824221], [123.000642, 13.785364], [123.003522, 13.781302], [123.004811, 13.768696], [123.007692, 13.764634], [123.008334, 13.758333], [123.027423, 13.757981], [123.035075, 13.750352], [123.039957, 13.749643], [123.045478, 13.744091], [123.046191, 13.739213], [123.055908, 13.729519], [123.085784, 13.728814], [123.099647, 13.714924], [123.099999, 13.708333], [123.106621, 13.707977], [123.116315, 13.698256], [123.116667, 13.695835], [123.119093, 13.696187], [123.12464, 13.701712], [123.125001, 13.704169], [123.131378, 13.703598], [123.140729, 13.695264], [123.143877, 13.696401], [123.148862, 13.700262], [123.150566, 13.693623], [123.153598, 13.689712], [123.154169, 13.687501], [123.158182, 13.686292], [123.166065, 13.677089], [123.163105, 13.67291], [123.17019, 13.664634], [123.171871, 13.659051], [123.190894, 13.657593], [123.191665, 13.649999], [123.202425, 13.650352], [123.205907, 13.653812], [123.227423, 13.654521], [123.23091, 13.657981], [123.239926, 13.658686], [123.243409, 13.662146], [123.273258, 13.662855], [123.277454, 13.66702], [123.285757, 13.666315], [123.289953, 13.662146], [123.327422, 13.662855], [123.330909, 13.666315], [123.375001, 13.666668], [123.374649, 13.664242], [123.371188, 13.660759], [123.370832, 13.649999], [123.371683, 13.646686], [123.377208, 13.645264], [123.382586, 13.641099], [123.385542, 13.642232], [123.389457, 13.645264], [123.391665, 13.645835], [123.395834, 13.645835], [123.395834, 13.641665], [123.396186, 13.639244], [123.403811, 13.631592], [123.404168, 13.629167], [123.407481, 13.628315], [123.409184, 13.621684], [123.415958, 13.619945], [123.417233, 13.610291], [123.420265, 13.606376], [123.421402, 13.593623], [123.432764, 13.581378], [123.433901, 13.568621], [123.436933, 13.56471], [123.438066, 13.560291], [123.441098, 13.556376], [123.442235, 13.535289], [123.445267, 13.531378], [123.4464, 13.526955], [123.453602, 13.518875], [123.454168, 13.512499], [123.464709, 13.511932], [123.468624, 13.5089], [123.473043, 13.507768], [123.477083, 13.504637], [123.482586, 13.5089], [123.507423, 13.507714], [123.508333, 13.504165], [123.514923, 13.504521], [123.51841, 13.507982], [123.523257, 13.508686], [123.526744, 13.512146], [123.533335, 13.512499], [123.535493, 13.511883], [123.541196, 13.507714], [123.543827, 13.508949], [123.54953, 13.513118], [123.557855, 13.511607], [123.566051, 13.502158], [123.567371, 13.484139], [123.578835, 13.482471], [123.582715, 13.47716], [123.58395, 13.447842], [123.591049, 13.439659], [123.592284, 13.431174], [123.595214, 13.42716], [123.595834, 13.425002], [123.599379, 13.424092], [123.599998, 13.412499], [123.599998, 13.408334], [123.599642, 13.405877]]]]}}, {"type": "Feature", "properties": {"area_id": "bicol-river-basin__up", "name": "Bicol River Basin (upstream)", "study_type": "river_basin", "zone": "up", "area_ha": 131062.6, "version": 1}, "geometry": {"type": "MultiPolygon", "coordinates": [[[[123.59409, 13.400352], [123.589212, 13.399643], [123.583687, 13.394092], [123.582978, 13.385075], [123.575353, 13.377424], [123.575001, 13.366668], [123.574648, 13.364242], [123.570479, 13.360046], [123.571188, 13.347574], [123.574987, 13.343748], [123.571188, 13.339923], [123.570831, 13.337501], [123.573257, 13.337144], [123.576744, 13.333689], [123.585787, 13.33298], [123.591312, 13.327424], [123.592021, 13.318407], [123.599646, 13.31076], [123.599998, 13.308334], [123.606379, 13.307768], [123.61029, 13.304736], [123.619913, 13.30346], [123.624434, 13.298043], [123.625852, 13.292518], [123.631377, 13.2911], [123.635288, 13.288068], [123.639711, 13.286931], [123.643622, 13.283903], [123.656379, 13.282766], [123.668624, 13.2714], [123.673043, 13.270267], [123.685288, 13.258901], [123.687499, 13.258334], [123.687147, 13.255909], [123.683687, 13.252426], [123.683334, 13.245836], [123.682978, 13.239214], [123.677426, 13.233684], [123.675, 13.233332], [123.675, 13.229167], [123.674648, 13.19341], [123.671188, 13.189923], [123.670479, 13.180911], [123.667019, 13.177424], [123.666666, 13.162499], [123.664241, 13.162147], [123.656593, 13.154522], [123.651742, 13.153813], [123.648259, 13.150353], [123.641669, 13.15], [123.635074, 13.149648], [123.627083, 13.14168], [123.623257, 13.145479], [123.610076, 13.146188], [123.602424, 13.153813], [123.597577, 13.154522], [123.59409, 13.157978], [123.572575, 13.158687], [123.564923, 13.166312], [123.562502, 13.166669], [123.558332, 13.166669], [123.543622, 13.167235], [123.534253, 13.175582], [123.532764, 13.181379], [123.528769, 13.186534], [123.522789, 13.188068], [123.518878, 13.1911], [123.505064, 13.192326], [123.504168, 13.195831], [123.502005, 13.195216], [123.497992, 13.192286], [123.492824, 13.190806], [123.491049, 13.187029], [123.495214, 13.181326], [123.496449, 13.166196], [123.492284, 13.160493], [123.490741, 13.155093], [123.485341, 13.15355], [123.481328, 13.150616], [123.471804, 13.149234], [123.470216, 13.143673], [123.467282, 13.13966], [123.465806, 13.134487], [123.462029, 13.132717], [123.45625, 13.13694], [123.452085, 13.133894], [123.447992, 13.136882], [123.431172, 13.138117], [123.422994, 13.145216], [123.420363, 13.146451], [123.41466, 13.142286], [123.40926, 13.140739], [123.407361, 13.134104], [123.39657, 13.13253], [123.395834, 13.124998], [123.391665, 13.124998], [123.390817, 13.128316], [123.383915, 13.130086], [123.375567, 13.139455], [123.374435, 13.143878], [123.371402, 13.147789], [123.369985, 13.153318], [123.364455, 13.154736], [123.360545, 13.157768], [123.353597, 13.159547], [123.354864, 13.169942], [123.358333, 13.170833], [123.357981, 13.185758], [123.35452, 13.189241], [123.354168, 13.191666], [123.354168, 13.195831], [123.351956, 13.196402], [123.342369, 13.205097], [123.341098, 13.214711], [123.338066, 13.218622], [123.336648, 13.224151], [123.333335, 13.224998], [123.333687, 13.235758], [123.337487, 13.239584], [123.333687, 13.24341], [123.333335, 13.254165], [123.331159, 13.254772], [123.326107, 13.258517], [123.324395, 13.264671], [123.319251, 13.270561], [123.319251, 13.270856], [123.320868, 13.270856], [123.320868, 13.270317], [123.321407, 13.270317], [123.321407, 13.270856], [123.321946, 13.270856], [123.321946, 13.272473], [123.322485, 13.272473], [123.322485, 13.273551], [123.324641, 13.273551], [123.324641, 13.27409], [123.32518, 13.27409], [123.32518, 13.273551], [123.326258, 13.273551], [123.326258, 13.272473], [123.327875, 13.272473], [123.327875, 13.273012], [123.329492, 13.273012], [123.329492, 13.272473], [123.33057, 13.272473], [123.33057, 13.271934], [123.332186, 13.271934], [123.332186, 13.272473], [123.332725, 13.272473], [123.332725, 13.273012], [123.332186, 13.273012], [123.332186, 13.273551], [123.330031, 13.273551], [123.330031, 13.27409], [123.328953, 13.27409], [123.328953, 13.274629], [123.327336, 13.274629], [123.327336, 13.275707], [123.327875, 13.275707], [123.327875, 13.276246], [123.328414, 13.276246], [123.328414, 13.277863], [123.328953, 13.277863], [123.328953, 13.27948], [123.327875, 13.27948], [123.327875, 13.278941], [123.325719, 13.278941], [123.325719, 13.27948], [123.32518, 13.27948], [123.32518, 13.280558], [123.322485, 13.280558], [123.322485, 13.27948], [123.321946, 13.27948], [123.321946, 13.278402], [123.321407, 13.278402], [123.321407, 13.277324], [123.320868, 13.277324], [123.320868, 13.276785], [123.320329, 13.276785], [123.320329, 13.275707], [123.31979, 13.275707], [123.31979, 13.275168], [123.318173, 13.275168], [123.318173, 13.275707], [123.317634, 13.275707], [123.317634, 13.276246], [123.317095, 13.276246], [123.317095, 13.275707], [123.316863, 13.275707], [123.315945, 13.282159], [123.311958, 13.283939], [123.304926, 13.278721], [123.296552, 13.279961], [123.295228, 13.293838], [123.288107, 13.301993], [123.286894, 13.327174], [123.283148, 13.332226], [123.276994, 13.333938], [123.267724, 13.342036], [123.266061, 13.348007], [123.263104, 13.351993], [123.261896, 13.356341], [123.25477, 13.364492], [123.254168, 13.366668], [123.238414, 13.367275], [123.236934, 13.373045], [123.233902, 13.376955], [123.232765, 13.379912], [123.236934, 13.385289], [123.238067, 13.388438], [123.229732, 13.397788], [123.2286, 13.400936], [123.236934, 13.410292], [123.238067, 13.421582], [123.233902, 13.426955], [123.233335, 13.429167], [123.22279, 13.429733], [123.218879, 13.432765], [123.209221, 13.434041], [123.207767, 13.439708], [123.204735, 13.443623], [123.203598, 13.448042], [123.199081, 13.453465], [123.189458, 13.454735], [123.185543, 13.457768], [123.181124, 13.4589], [123.171751, 13.467248], [123.170266, 13.473044], [123.16627, 13.478199], [123.160291, 13.479733], [123.156376, 13.482765], [123.151957, 13.483902], [123.148042, 13.486935], [123.143623, 13.488067], [123.139712, 13.491099], [123.134339, 13.492477], [123.132765, 13.49658], [123.136934, 13.501957], [123.1375, 13.512499], [123.130067, 13.513163], [123.1286, 13.518875], [123.125568, 13.52279], [123.125215, 13.524169], [123.125215, 13.525259], [123.121442, 13.525259], [123.121442, 13.526337], [123.121981, 13.526337], [123.121981, 13.526876], [123.12252, 13.526876], [123.12252, 13.527415], [123.123598, 13.527415], [123.123598, 13.526876], [123.124676, 13.526876], [123.124676, 13.527415], [123.126293, 13.527415], [123.126293, 13.526876], [123.126832, 13.526876], [123.126832, 13.526337], [123.128449, 13.526337], [123.128449, 13.525798], [123.129527, 13.525798], [123.129527, 13.525259], [123.130066, 13.525259], [123.130066, 13.52472], [123.130605, 13.52472], [123.130605, 13.524181], [123.131144, 13.524181], [123.131144, 13.523103], [123.131682, 13.523103], [123.131682, 13.522564], [123.132221, 13.522564], [123.132221, 13.522025], [123.13276, 13.522025], [123.13276, 13.521486], [123.133299, 13.521486], [123.133299, 13.520408], [123.13276, 13.520408], [123.13276, 13.519869], [123.132221, 13.519869], [123.132221, 13.51933], [123.131682, 13.51933], [123.131682, 13.518791], [123.132221, 13.518791], [123.132221, 13.518252], [123.133838, 13.518252], [123.133838, 13.517713], [123.134377, 13.517713], [123.134377, 13.51933], [123.135455, 13.51933], [123.135455, 13.518791], [123.136533, 13.518791], [123.136533, 13.518252], [123.137072, 13.518252], [123.137072, 13.517713], [123.137611, 13.517713], [123.137611, 13.517174], [123.139228, 13.517174], [123.139228, 13.51933], [123.140845, 13.51933], [123.140845, 13.518791], [123.141384, 13.518791], [123.141384, 13.518252], [123.141923, 13.518252], [123.141923, 13.517713], [123.142462, 13.517713], [123.142462, 13.517174], [123.143001, 13.517174], [123.143001, 13.515018], [123.14354, 13.515018], [123.14354, 13.514479], [123.144079, 13.514479], [123.144079, 13.51394], [123.144618, 13.51394], [123.144618, 13.513401], [123.145157, 13.513401], [123.145157, 13.511784], [123.144618, 13.511784], [123.144618, 13.511245], [123.144079, 13.511245], [123.144079, 13.510706], [123.143001, 13.510706], [123.143001, 13.510167], [123.142462, 13.510167], [123.142462, 13.509089], [123.14354, 13.509089], [123.14354, 13.509628], [123.144618, 13.509628], [123.144618, 13.510706], [123.145157, 13.510706], [123.145157, 13.511245], [123.146235, 13.511245], [123.146235, 13.511784], [123.148391, 13.511784], [123.148391, 13.510706], [123.14893, 13.510706], [123.14893, 13.511245], [123.149469, 13.511245], [123.149469, 13.511784], [123.150008, 13.511784], [123.150008, 13.512323], [123.150547, 13.512323], [123.150547, 13.511784], [123.151086, 13.511784], [123.151086, 13.511245], [123.152164, 13.511245], [123.152164, 13.512323], [123.152703, 13.512323], [123.152703, 13.512862], [123.153242, 13.512862], [123.153242, 13.513401], [123.154859, 13.513401], [123.154859, 13.512862], [123.155398, 13.512862], [123.155398, 13.512323], [123.155937, 13.512323], [123.155937, 13.511784], [123.156476, 13.511784], [123.156476, 13.510706], [123.157015, 13.510706], [123.157015, 13.509628], [123.157554, 13.509628], [123.157554, 13.509089], [123.15971, 13.509089], [123.15971, 13.50855], [123.161327, 13.50855], [123.161327, 13.509089], [123.162405, 13.509089], [123.162405, 13.50855], [123.162944, 13.50855], [123.162944, 13.508011], [123.163483, 13.508011], [123.163483, 13.506933], [123.162944, 13.506933], [123.162944, 13.506394], [123.162405, 13.506394], [123.162405, 13.505316], [123.162944, 13.505316], [123.162944, 13.504777], [123.163483, 13.504777], [123.163483, 13.504238], [123.164561, 13.504238], [123.164561, 13.502082], [123.164022, 13.502082], [123.164022, 13.501543], [123.162944, 13.501543], [123.162944, 13.500465], [123.163483, 13.500465], [123.163483, 13.499387], [123.162405, 13.499387], [123.162405, 13.498309], [123.162944, 13.498309], [123.162944, 13.49777], [123.164561, 13.49777], [123.164561, 13.496153], [123.1651, 13.496153], [123.1651, 13.495614], [123.165639, 13.495614], [123.165639, 13.495075], [123.166178, 13.495075], [123.166178, 13.494536], [123.166717, 13.494536], [123.166717, 13.493458], [123.166178, 13.493458], [123.166178, 13.49238], [123.166717, 13.49238], [123.166717, 13.491841], [123.167795, 13.491841], [123.167795, 13.491302], [123.168334, 13.491302], [123.168334, 13.490224], [123.168873, 13.490224], [123.168873, 13.489685], [123.169951, 13.489685], [123.169951, 13.490224], [123.17049, 13.490224], [123.17049, 13.491302], [123.171029, 13.491302], [123.171029, 13.491841], [123.172646, 13.491841], [123.172646, 13.491302], [123.173185, 13.491302], [123.173185, 13.490763], [123.173724, 13.490763], [123.173724, 13.489685], [123.174263, 13.489685], [123.174263, 13.488068], [123.173724, 13.488068], [123.173724, 13.487529], [123.174263, 13.487529], [123.174263, 13.48699], [123.176419, 13.48699], [123.176419, 13.487529], [123.177497, 13.487529], [123.177497, 13.48699], [123.178036, 13.48699], [123.178036, 13.485373], [123.178575, 13.485373], [123.178575, 13.483218], [123.179114, 13.483218], [123.179114, 13.482679], [123.179653, 13.482679], [123.179653, 13.48214], [123.180192, 13.48214], [123.180192, 13.481601], [123.180731, 13.481601], [123.180731, 13.481062], [123.18127, 13.481062], [123.18127, 13.480523], [123.182347, 13.480523], [123.182347, 13.481062], [123.183425, 13.481062], [123.183425, 13.481601], [123.183964, 13.481601], [123.183964, 13.478906], [123.185042, 13.478906], [123.185042, 13.478367], [123.185581, 13.478367], [123.185581, 13.477828], [123.185042, 13.477828], [123.185042, 13.477289], [123.185581, 13.477289], [123.185581, 13.47675], [123.187198, 13.47675], [123.187198, 13.475133], [123.187737, 13.475133], [123.187737, 13.474055], [123.188276, 13.474055], [123.188276, 13.469743], [123.187737, 13.469743], [123.187737, 13.468665], [123.187198, 13.468665], [123.187198, 13.467048], [123.188815, 13.467048], [123.188815, 13.467587], [123.190432, 13.467587], [123.190432, 13.468126], [123.192049, 13.468126], [123.192049, 13.467587], [123.192588, 13.467587], [123.192588, 13.466509], [123.193127, 13.466509], [123.193127, 13.46597], [123.194205, 13.46597], [123.194205, 13.465431], [123.194744, 13.465431], [123.194744, 13.464892], [123.195283, 13.464892], [123.195283, 13.464353], [123.195822, 13.464353], [123.195822, 13.463814], [123.195283, 13.463814], [123.195283, 13.461658], [123.195822, 13.461658], [123.195822, 13.461119], [123.198517, 13.461119], [123.198517, 13.461658], [123.199595, 13.461658], [123.199595, 13.462736], [123.200134, 13.462736], [123.200134, 13.463275], [123.201212, 13.463275], [123.201212, 13.462736], [123.201751, 13.462736], [123.201751, 13.462197], [123.202829, 13.462197], [123.202829, 13.460041], [123.20229, 13.460041], [123.20229, 13.458963], [123.202829, 13.458963], [123.202829, 13.458424], [123.204446, 13.458424], [123.204446, 13.457885], [123.206063, 13.457885], [123.206063, 13.457346], [123.206602, 13.457346], [123.206602, 13.456807], [123.207141, 13.456807], [123.207141, 13.456268], [123.20768, 13.456268], [123.20768, 13.45519], [123.208758, 13.45519], [123.208758, 13.455729], [123.209297, 13.455729], [123.209297, 13.453573], [123.209836, 13.453573], [123.209836, 13.453034], [123.210375, 13.453034], [123.210375, 13.450878], [123.210914, 13.450878], [123.210914, 13.450339], [123.211453, 13.450339], [123.211453, 13.4498], [123.211992, 13.4498], [123.211992, 13.449261], [123.212531, 13.449261], [123.212531, 13.448722], [123.21307, 13.448722], [123.21307, 13.448183], [123.213609, 13.448183], [123.213609, 13.446566], [123.214148, 13.446566], [123.214148, 13.445488], [123.214687, 13.445488], [123.214687, 13.444949], [123.215226, 13.444949], [123.215226, 13.443871], [123.215765, 13.443871], [123.215765, 13.443332], [123.216304, 13.443332], [123.216304, 13.443871], [123.216843, 13.443871], [123.216843, 13.444949], [123.216304, 13.444949], [123.216304, 13.445488], [123.215765, 13.445488], [123.215765, 13.446027], [123.215226, 13.446027], [123.215226, 13.446566], [123.214687, 13.446566], [123.214687, 13.448183], [123.214148, 13.448183], [123.214148, 13.449261], [123.213609, 13.449261], [123.213609, 13.4498], [123.21307, 13.4498], [123.21307, 13.450339], [123.214148, 13.450339], [123.214148, 13.4498], [123.215226, 13.4498], [123.215226, 13.450339], [123.216304, 13.450339], [123.216304, 13.451417], [123.215226, 13.451417], [123.215226, 13.451956], [123.214148, 13.451956], [123.214148, 13.452495], [123.213609, 13.452495], [123.213609, 13.45519], [123.21307, 13.45519], [123.21307, 13.456807], [123.213609, 13.456807], [123.213609, 13.457885], [123.21307, 13.457885], [123.21307, 13.458424], [123.212531, 13.458424], [123.212531, 13.458963], [123.211992, 13.458963], [123.211992, 13.46058], [123.211453, 13.46058], [123.211453, 13.461658], [123.210914, 13.461658], [123.210914, 13.462197], [123.209297, 13.462197], [123.209297, 13.462736], [123.208758, 13.462736], [123.208758, 13.463275], [123.208219, 13.463275], [123.208219, 13.464353], [123.20768, 13.464353], [123.20768, 13.466509], [123.208219, 13.466509], [123.208219, 13.467587], [123.20768, 13.467587], [123.20768, 13.469743], [123.208219, 13.469743], [123.208219, 13.470821], [123.207141, 13.470821], [123.207141, 13.47136], [123.206602, 13.47136], [123.206602, 13.472977], [123.206063, 13.472977], [123.206063, 13.474594], [123.206602, 13.474594], [123.206602, 13.475672], [123.207141, 13.475672], [123.207141, 13.476211], [123.20768, 13.476211], [123.20768, 13.47675], [123.208219, 13.47675], [123.208219, 13.477289], [123.209297, 13.477289], [123.209297, 13.47675], [123.210375, 13.47675], [123.210375, 13.477289], [123.211453, 13.477289], [123.211453, 13.477828], [123.213609, 13.477828], [123.213609, 13.477289], [123.214148, 13.477289], [123.214148, 13.47675], [123.215765, 13.47675], [123.215765, 13.478367], [123.215226, 13.478367], [123.215226, 13.478906], [123.214687, 13.478906], [123.214687, 13.479445], [123.214148, 13.479445], [123.214148, 13.480523], [123.215765, 13.480523], [123.215765, 13.479984], [123.216304, 13.479984], [123.216304, 13.478906], [123.216843, 13.478906], [123.216843, 13.478367], [123.217382, 13.478367], [123.217382, 13.477289], [123.216843, 13.477289], [123.216843, 13.475672], [123.215765, 13.475672], [123.215765, 13.476211], [123.215226, 13.476211], [123.215226, 13.475672], [123.214148, 13.475672], [123.214148, 13.474594], [123.216304, 13.474594], [123.216304, 13.473516], [123.216843, 13.473516], [123.216843, 13.472977], [123.217382, 13.472977], [123.217382, 13.473516], [123.217921, 13.473516], [123.217921, 13.474055], [123.218999, 13.474055], [123.218999, 13.473516], [123.220077, 13.473516], [123.220077, 13.472977], [123.220616, 13.472977], [123.220616, 13.471899], [123.218999, 13.471899], [123.218999, 13.470821], [123.219538, 13.470821], [123.219538, 13.470282], [123.220077, 13.470282], [123.220077, 13.469743], [123.220616, 13.469743], [123.220616, 13.469204], [123.221155, 13.469204], [123.221155, 13.468126], [123.221694, 13.468126], [123.221694, 13.467048], [123.221155, 13.467048], [123.221155, 13.466509], [123.220077, 13.466509], [123.220077, 13.46597], [123.219538, 13.46597], [123.219538, 13.465431], [123.220077, 13.465431], [123.220077, 13.464892], [123.221155, 13.464892], [123.221155, 13.465431], [123.221694, 13.465431], [123.221694, 13.466509], [123.223311, 13.466509], [123.223311, 13.46597], [123.22385, 13.46597], [123.22385, 13.465431], [123.224389, 13.465431], [123.224389, 13.463814], [123.22385, 13.463814], [123.22385, 13.463275], [123.223311, 13.463275], [123.223311, 13.462736], [123.222772, 13.462736], [123.222772, 13.462197], [123.223311, 13.462197], [123.223311, 13.461658], [123.224389, 13.461658], [123.224389, 13.463275], [123.226006, 13.463275], [123.226006, 13.462736], [123.228162, 13.462736], [123.228162, 13.46058], [123.228701, 13.46058], [123.228701, 13.458963], [123.229779, 13.458963], [123.229779, 13.459502], [123.231934, 13.459502], [123.231934, 13.458963], [123.232473, 13.458963], [123.232473, 13.457885], [123.233012, 13.457885], [123.233012, 13.457346], [123.233551, 13.457346], [123.233551, 13.456807], [123.23409, 13.456807], [123.23409, 13.456268], [123.234629, 13.456268], [123.234629, 13.455729], [123.235168, 13.455729], [123.235168, 13.45519], [123.235707, 13.45519], [123.235707, 13.454651], [123.238402, 13.454651], [123.238402, 13.45519], [123.238941, 13.45519], [123.238941, 13.454651], [123.240558, 13.454651], [123.240558, 13.454112], [123.241097, 13.454112], [123.241097, 13.453573], [123.240558, 13.453573], [123.240558, 13.453034], [123.240019, 13.453034], [123.240019, 13.453573], [123.238402, 13.453573], [123.238402, 13.453034], [123.237863, 13.453034], [123.237863, 13.452495], [123.237324, 13.452495], [123.237324, 13.451956], [123.238402, 13.451956], [123.238402, 13.451417], [123.238941, 13.451417], [123.238941, 13.451956], [123.240019, 13.451956], [123.240019, 13.450339], [123.240558, 13.450339], [123.240558, 13.448183], [123.241097, 13.448183], [123.241097, 13.447105], [123.241636, 13.447105], [123.241636, 13.446566], [123.242175, 13.446566], [123.242175, 13.446027], [123.242714, 13.446027], [123.242714, 13.446566], [123.244331, 13.446566], [123.244331, 13.445488], [123.24487, 13.445488], [123.24487, 13.44441], [123.245409, 13.44441], [123.245409, 13.443332], [123.245948, 13.443332], [123.245948, 13.443871], [123.248104, 13.443871], [123.248104, 13.443332], [123.248643, 13.443332], [123.248643, 13.442793], [123.249182, 13.442793], [123.249182, 13.442254], [123.249721, 13.442254], [123.249721, 13.441176], [123.249182, 13.441176], [123.249182, 13.440637], [123.248643, 13.440637], [123.248643, 13.440098], [123.249182, 13.440098], [123.249182, 13.437942], [123.250799, 13.437942], [123.250799, 13.436864], [123.25026, 13.436864], [123.25026, 13.435786], [123.251338, 13.435786], [123.251338, 13.43417], [123.251877, 13.43417], [123.251877, 13.433631], [123.252416, 13.433631], [123.252416, 13.433092], [123.252955, 13.433092], [123.252955, 13.431475], [123.253494, 13.431475], [123.253494, 13.430936], [123.252955, 13.430936], [123.252955, 13.429858], [123.253494, 13.429858], [123.253494, 13.429319], [123.255111, 13.429319], [123.255111, 13.42878], [123.25565, 13.42878], [123.25565, 13.428241], [123.256189, 13.428241], [123.256189, 13.427163], [123.256728, 13.427163], [123.256728, 13.426624], [123.257267, 13.426624], [123.257267, 13.426085], [123.257806, 13.426085], [123.257806, 13.425007], [123.258345, 13.425007], [123.258345, 13.423929], [123.258884, 13.423929], [123.258884, 13.42339], [123.259423, 13.42339], [123.259423, 13.422851], [123.259962, 13.422851], [123.259962, 13.422312], [123.26104, 13.422312], [123.26104, 13.421773], [123.262118, 13.421773], [123.262118, 13.420156], [123.262657, 13.420156], [123.262657, 13.419617], [123.263735, 13.419617], [123.263735, 13.419078], [123.264274, 13.419078], [123.264274, 13.416922], [123.264813, 13.416922], [123.264813, 13.415844], [123.265352, 13.415844], [123.265352, 13.414766], [123.264813, 13.414766], [123.264813, 13.414227], [123.265352, 13.414227], [123.265352, 13.413149], [123.26643, 13.413149], [123.26643, 13.410454], [123.266969, 13.410454], [123.266969, 13.407759], [123.265891, 13.407759], [123.265891, 13.40722], [123.265352, 13.40722], [123.265352, 13.406681], [123.264813, 13.406681], [123.264813, 13.406142], [123.263196, 13.406142], [123.263196, 13.406681], [123.262657, 13.406681], [123.262657, 13.405603], [123.262118, 13.405603], [123.262118, 13.405064], [123.262657, 13.405064], [123.262657, 13.404525], [123.264813, 13.404525], [123.264813, 13.402369], [123.265352, 13.402369], [123.265352, 13.40183], [123.265891, 13.40183], [123.265891, 13.401291], [123.26643, 13.401291], [123.26643, 13.400752], [123.268047, 13.400752], [123.268047, 13.400213], [123.268586, 13.400213], [123.268586, 13.399674], [123.268047, 13.399674], [123.268047, 13.399135], [123.268586, 13.399135], [123.268586, 13.398596], [123.269125, 13.398596], [123.269125, 13.394284], [123.268586, 13.394284], [123.268586, 13.393745], [123.267508, 13.393745], [123.267508, 13.394284], [123.266969, 13.394284], [123.266969, 13.395362], [123.265891, 13.395362], [123.265891, 13.394284], [123.265352, 13.394284], [123.265352, 13.393206], [123.26643, 13.393206], [123.26643, 13.392667], [123.266969, 13.392667], [123.266969, 13.392128], [123.267508, 13.392128], [123.267508, 13.389972], [123.266969, 13.389972], [123.266969, 13.387816], [123.26643, 13.387816], [123.26643, 13.386199], [123.266969, 13.386199], [123.266969, 13.38566], [123.267508, 13.38566], [123.267508, 13.384583], [123.266969, 13.384583], [123.266969, 13.384044], [123.26643, 13.384044], [123.26643, 13.381888], [123.266969, 13.381888], [123.266969, 13.381349], [123.26643, 13.381349], [123.26643, 13.38081], [123.265891, 13.38081], [123.265891, 13.380271], [123.26643, 13.380271], [123.26643, 13.379732], [123.266969, 13.379732], [123.266969, 13.378654], [123.267508, 13.378654], [123.267508, 13.378115], [123.266969, 13.378115], [123.266969, 13.376498], [123.268047, 13.376498], [123.268047, 13.374881], [123.267508, 13.374881], [123.267508, 13.373803], [123.268586, 13.373803], [123.268586, 13.373264], [123.269125, 13.373264], [123.269125, 13.372725], [123.269664, 13.372725], [123.269664, 13.371647], [123.268586, 13.371647], [123.268586, 13.370569], [123.269664, 13.370569], [123.269664, 13.371108], [123.270203, 13.371108], [123.270203, 13.370569], [123.270742, 13.370569], [123.270742, 13.368413], [123.271281, 13.368413], [123.271281, 13.367874], [123.27182, 13.367874], [123.27182, 13.366257], [123.271281, 13.366257], [123.271281, 13.365718], [123.270742, 13.365718], [123.270742, 13.364101], [123.271281, 13.364101], [123.271281, 13.363562], [123.272898, 13.363562], [123.272898, 13.363023], [123.273437, 13.363023], [123.273437, 13.361945], [123.273976, 13.361945], [123.273976, 13.360867], [123.275054, 13.360867], [123.275054, 13.360328], [123.272898, 13.360328], [123.272898, 13.35925], [123.27182, 13.35925], [123.27182, 13.358711], [123.270742, 13.358711], [123.270742, 13.35925], [123.269664, 13.35925], [123.269664, 13.359789], [123.269125, 13.359789], [123.269125, 13.360328], [123.268586, 13.360328], [123.268586, 13.360867], [123.267508, 13.360867], [123.267508, 13.360328], [123.266969, 13.360328], [123.266969, 13.359789], [123.267508, 13.359789], [123.267508, 13.35925], [123.268047, 13.35925], [123.268047, 13.358711], [123.269125, 13.358711], [123.269125, 13.358172], [123.269664, 13.358172], [123.269664, 13.357094], [123.270203, 13.357094], [123.270203, 13.356555], [123.270742, 13.356555], [123.270742, 13.356016], [123.271281, 13.356016], [123.271281, 13.354938], [123.27182, 13.354938], [123.27182, 13.354399], [123.272898, 13.354399], [123.272898, 13.35386], [123.273437, 13.35386], [123.273437, 13.352243], [123.273976, 13.352243], [123.273976, 13.351704], [123.274515, 13.351704], [123.274515, 13.351165], [123.275054, 13.351165], [123.275054, 13.350626], [123.275593, 13.350626], [123.275593, 13.350087], [123.276132, 13.350087], [123.276132, 13.350626], [123.276671, 13.350626], [123.276671, 13.349548], [123.276132, 13.349548], [123.276132, 13.349009], [123.276671, 13.349009], [123.276671, 13.34847], [123.277749, 13.34847], [123.277749, 13.349009], [123.278827, 13.349009], [123.278827, 13.349548], [123.280982, 13.349548], [123.280982, 13.349009], [123.282599, 13.349009], [123.282599, 13.347931], [123.283138, 13.347931], [123.283138, 13.346853], [123.285294, 13.346853], [123.285294, 13.346314], [123.285833, 13.346314], [123.285833, 13.344697], [123.28745, 13.344697], [123.28745, 13.343619], [123.289067, 13.343619], [123.289067, 13.344158], [123.289606, 13.344158], [123.289606, 13.343619], [123.290145, 13.343619], [123.290145, 13.34308], [123.290684, 13.34308], [123.290684, 13.342541], [123.290145, 13.342541], [123.290145, 13.342002], [123.291223, 13.342002], [123.291223, 13.342541], [123.291762, 13.342541], [123.291762, 13.343619], [123.292301, 13.343619], [123.292301, 13.34308], [123.29284, 13.34308], [123.29284, 13.342002], [123.292301, 13.342002], [123.292301, 13.341463], [123.29284, 13.341463], [123.29284, 13.340924], [123.293379, 13.340924], [123.293379, 13.340385], [123.293918, 13.340385], [123.293918, 13.339846], [123.294457, 13.339846], [123.294457, 13.33769], [123.294996, 13.33769], [123.294996, 13.337151], [123.295535, 13.337151], [123.295535, 13.33769], [123.296613, 13.33769], [123.296613, 13.336612], [123.296074, 13.336612], [123.296074, 13.335534], [123.294996, 13.335534], [123.294996, 13.334457], [123.294457, 13.334457], [123.294457, 13.333379], [123.293918, 13.333379], [123.293918, 13.33284], [123.293379, 13.33284], [123.293379, 13.332301], [123.29284, 13.332301], [123.29284, 13.331223], [123.293918, 13.331223], [123.293918, 13.330684], [123.294996, 13.330684], [123.294996, 13.330145], [123.296613, 13.330145], [123.296613, 13.329606], [123.297152, 13.329606], [123.297152, 13.32745], [123.297691, 13.32745], [123.297691, 13.326372], [123.297152, 13.326372], [123.297152, 13.324755], [123.296613, 13.324755], [123.296613, 13.323138], [123.297152, 13.323138], [123.297152, 13.323677], [123.299308, 13.323677], [123.299308, 13.318826], [123.298769, 13.318826], [123.298769, 13.318287], [123.29823, 13.318287], [123.29823, 13.317748], [123.297152, 13.317748], [123.297152, 13.31667], [123.297691, 13.31667], [123.297691, 13.312897], [123.29823, 13.312897], [123.29823, 13.31128], [123.297691, 13.31128], [123.297691, 13.310202], [123.29823, 13.310202], [123.29823, 13.309124], [123.297691, 13.309124], [123.297691, 13.308585], [123.295535, 13.308585], [123.295535, 13.308046], [123.294996, 13.308046], [123.294996, 13.307507], [123.294457, 13.307507], [123.294457, 13.306968], [123.294996, 13.306968], [123.294996, 13.306429], [123.296074, 13.306429], [123.296074, 13.30589], [123.297691, 13.30589], [123.297691, 13.306968], [123.29823, 13.306968], [123.29823, 13.308046], [123.299308, 13.308046], [123.299308, 13.306429], [123.298769, 13.306429], [123.298769, 13.305351], [123.299308, 13.305351], [123.299308, 13.304812], [123.300386, 13.304812], [123.300386, 13.30589], [123.301464, 13.30589], [123.301464, 13.305351], [123.302003, 13.305351], [123.302003, 13.304812], [123.302542, 13.304812], [123.302542, 13.305351], [123.304159, 13.305351], [123.304159, 13.304812], [123.30362, 13.304812], [123.30362, 13.303734], [123.303081, 13.303734], [123.303081, 13.301039], [123.304698, 13.301039], [123.304698, 13.3005], [123.305237, 13.3005], [123.305237, 13.296727], [123.304698, 13.296727], [123.304698, 13.296188], [123.30362, 13.296188], [123.30362, 13.29511], [123.304159, 13.29511], [123.304159, 13.294571], [123.30362, 13.294571], [123.30362, 13.290798], [123.303081, 13.290798], [123.303081, 13.290259], [123.30362, 13.290259], [123.30362, 13.28972], [123.304159, 13.28972], [123.304159, 13.287025], [123.30362, 13.287025], [123.30362, 13.286486], [123.303081, 13.286486], [123.303081, 13.285408], [123.304698, 13.285408], [123.304698, 13.285947], [123.306315, 13.285947], [123.306315, 13.286486], [123.307393, 13.286486], [123.307393, 13.287025], [123.308471, 13.287025], [123.308471, 13.287564], [123.30901, 13.287564], [123.30901, 13.288642], [123.308471, 13.288642], [123.308471, 13.289181], [123.307932, 13.289181], [123.307932, 13.291337], [123.308471, 13.291337], [123.308471, 13.291876], [123.307932, 13.291876], [123.307932, 13.292415], [123.307393, 13.292415], [123.307393, 13.292954], [123.306854, 13.292954], [123.306854, 13.293493], [123.306315, 13.293493], [123.306315, 13.29511], [123.306854, 13.29511], [123.306854, 13.296727], [123.307393, 13.296727], [123.307393, 13.297805], [123.307932, 13.297805], [123.307932, 13.298883], [123.30901, 13.298883], [123.30901, 13.299422], [123.309549, 13.299422], [123.309549, 13.299961], [123.310088, 13.299961], [123.310088, 13.3005], [123.311166, 13.3005], [123.311166, 13.299961], [123.313861, 13.299961], [123.313861, 13.299422], [123.313322, 13.299422], [123.313322, 13.298344], [123.313861, 13.298344], [123.313861, 13.297266], [123.313322, 13.297266], [123.313322, 13.296727], [123.312244, 13.296727], [123.312244, 13.296188], [123.311705, 13.296188], [123.311705, 13.295649], [123.312244, 13.295649], [123.312244, 13.29511], [123.312783, 13.29511], [123.312783, 13.294571], [123.313861, 13.294571], [123.313861, 13.296727], [123.3144, 13.296727], [123.3144, 13.297805], [123.315478, 13.297805], [123.315478, 13.297266], [123.316017, 13.297266], [123.316017, 13.296188], [123.316556, 13.296188], [123.316556, 13.29511], [123.317095, 13.29511], [123.317095, 13.293493], [123.316556, 13.293493], [123.316556, 13.292954], [123.314939, 13.292954], [123.314939, 13.292415], [123.313861, 13.292415], [123.313861, 13.292954], [123.312244, 13.292954], [123.312244, 13.292415], [123.311705, 13.292415], [123.311705, 13.291876], [123.311166, 13.291876], [123.311166, 13.291337], [123.312783, 13.291337], [123.312783, 13.290798], [123.313322, 13.290798], [123.313322, 13.289181], [123.313861, 13.289181], [123.313861, 13.288642], [123.314939, 13.288642], [123.314939, 13.289181], [123.316017, 13.289181], [123.316017, 13.28972], [123.316556, 13.28972], [123.316556, 13.290259], [123.317095, 13.290259], [123.317095, 13.291337], [123.317634, 13.291337], [123.317634, 13.292415], [123.318173, 13.292415], [123.318173, 13.292954], [123.320329, 13.292954], [123.320329, 13.293493], [123.320868, 13.293493], [123.320868, 13.294032], [123.321407, 13.294032], [123.321407, 13.293493], [123.321946, 13.293493], [123.321946, 13.292954], [123.322485, 13.292954], [123.322485, 13.291876], [123.321946, 13.291876], [123.321946, 13.28972], [123.322485, 13.28972], [123.322485, 13.289181], [123.321946, 13.289181], [123.321946, 13.288642], [123.321407, 13.288642], [123.321407, 13.289181], [123.320329, 13.289181], [123.320329, 13.288103], [123.320868, 13.288103], [123.320868, 13.287564], [123.321407, 13.287564], [123.321407, 13.288103], [123.322485, 13.288103], [123.322485, 13.287564], [123.32518, 13.287564], [123.32518, 13.288103], [123.327336, 13.288103], [123.327336, 13.287564], [123.327875, 13.287564], [123.327875, 13.282714], [123.327336, 13.282714], [123.327336, 13.281636], [123.327875, 13.281636], [123.327875, 13.281097], [123.328414, 13.281097], [123.328414, 13.281636], [123.328953, 13.281636], [123.328953, 13.282175], [123.33057, 13.282175], [123.33057, 13.281636], [123.330031, 13.281636], [123.330031, 13.281097], [123.33057, 13.281097], [123.33057, 13.27948], [123.331108, 13.27948], [123.331108, 13.278941], [123.332186, 13.278941], [123.332186, 13.27948], [123.332725, 13.27948], [123.332725, 13.280558], [123.333264, 13.280558], [123.333264, 13.281097], [123.333803, 13.281097], [123.333803, 13.281636], [123.334342, 13.281636], [123.334342, 13.282714], [123.333803, 13.282714], [123.333803, 13.283253], [123.333264, 13.283253], [123.333264, 13.283792], [123.331647, 13.283792], [123.331647, 13.284331], [123.332186, 13.284331], [123.332186, 13.28487], [123.333264, 13.28487], [123.333264, 13.284331], [123.333803, 13.284331], [123.333803, 13.283792], [123.334342, 13.283792], [123.334342, 13.283253], [123.33542, 13.283253], [123.33542, 13.283792], [123.335959, 13.283792], [123.335959, 13.284331], [123.33542, 13.284331], [123.33542, 13.285408], [123.334881, 13.285408], [123.334881, 13.285947], [123.33542, 13.285947], [123.33542, 13.286486], [123.335959, 13.286486], [123.335959, 13.288103], [123.33542, 13.288103], [123.33542, 13.288642], [123.335959, 13.288642], [123.335959, 13.289181], [123.336498, 13.289181], [123.336498, 13.28972], [123.337037, 13.28972], [123.337037, 13.290798], [123.337576, 13.290798], [123.337576, 13.292415], [123.338115, 13.292415], [123.338115, 13.293493], [123.338654, 13.293493], [123.338654, 13.294032], [123.339193, 13.294032], [123.339193, 13.294571], [123.340271, 13.294571], [123.340271, 13.294032], [123.341349, 13.294032], [123.341349, 13.296188], [123.341888, 13.296188], [123.341888, 13.297266], [123.342427, 13.297266], [123.342427, 13.297805], [123.344044, 13.297805], [123.344044, 13.298344], [123.345122, 13.298344], [123.345122, 13.298883], [123.346739, 13.298883], [123.346739, 13.298344], [123.347817, 13.298344], [123.347817, 13.297266], [123.345661, 13.297266], [123.345661, 13.296727], [123.345122, 13.296727], [123.345122, 13.296188], [123.344583, 13.296188], [123.344583, 13.29511], [123.344044, 13.29511], [123.344044, 13.294571], [123.345661, 13.294571], [123.345661, 13.293493], [123.345122, 13.293493], [123.345122, 13.292415], [123.344583, 13.292415], [123.344583, 13.292954], [123.342966, 13.292954], [123.342966, 13.291337], [123.345122, 13.291337], [123.345122, 13.291876], [123.345661, 13.291876], [123.345661, 13.291337], [123.3462, 13.291337], [123.3462, 13.290259], [123.346739, 13.290259], [123.346739, 13.290798], [123.347278, 13.290798], [123.347278, 13.292415], [123.347817, 13.292415], [123.347817, 13.292954], [123.348356, 13.292954], [123.348356, 13.293493], [123.348895, 13.293493], [123.348895, 13.294032], [123.349434, 13.294032], [123.349434, 13.294571], [123.349973, 13.294571], [123.349973, 13.293493], [123.349434, 13.293493], [123.349434, 13.292954], [123.348895, 13.292954], [123.348895, 13.288103], [123.349434, 13.288103], [123.349434, 13.287025], [123.35159, 13.287025], [123.35159, 13.287564], [123.352668, 13.287564], [123.352668, 13.285947], [123.354824, 13.285947], [123.354824, 13.285408], [123.355902, 13.285408], [123.355902, 13.285947], [123.358058, 13.285947], [123.358058, 13.287564], [123.359136, 13.287564], [123.359136, 13.28487], [123.359675, 13.28487], [123.359675, 13.283792], [123.359136, 13.283792], [123.359136, 13.283253], [123.358058, 13.283253], [123.358058, 13.282714], [123.359136, 13.282714], [123.359136, 13.282175], [123.359675, 13.282175], [123.359675, 13.281636], [123.360214, 13.281636], [123.360214, 13.280558], [123.365604, 13.280558], [123.365604, 13.280019], [123.365065, 13.280019], [123.365065, 13.27948], [123.363448, 13.27948], [123.363448, 13.278941], [123.363987, 13.278941], [123.363987, 13.278402], [123.364526, 13.278402], [123.364526, 13.277863], [123.365065, 13.277863], [123.365065, 13.277324], [123.365604, 13.277324], [123.365604, 13.276785], [123.366682, 13.276785], [123.366682, 13.276246], [123.367221, 13.276246], [123.367221, 13.275707], [123.365604, 13.275707], [123.365604, 13.276246], [123.362909, 13.276246], [123.362909, 13.276785], [123.361831, 13.276785], [123.361831, 13.277324], [123.360753, 13.277324], [123.360753, 13.277863], [123.358597, 13.277863], [123.358597, 13.277324], [123.357519, 13.277324], [123.357519, 13.277863], [123.355902, 13.277863], [123.355902, 13.277324], [123.354285, 13.277324], [123.354285, 13.277863], [123.353746, 13.277863], [123.353746, 13.278402], [123.353207, 13.278402], [123.353207, 13.27948], [123.352668, 13.27948], [123.352668, 13.280019], [123.352129, 13.280019], [123.352129, 13.280558], [123.349434, 13.280558], [123.349434, 13.280019], [123.347817, 13.280019], [123.347817, 13.27948], [123.347278, 13.27948], [123.347278, 13.278402], [123.346739, 13.278402], [123.346739, 13.277863], [123.345122, 13.277863], [123.345122, 13.277324], [123.344044, 13.277324], [123.344044, 13.277863], [123.342966, 13.277863], [123.342966, 13.278402], [123.341349, 13.278402], [123.341349, 13.277324], [123.342966, 13.277324], [123.342966, 13.276785], [123.343505, 13.276785], [123.343505, 13.275707], [123.341888, 13.275707], [123.341888, 13.276246], [123.34081, 13.276246], [123.34081, 13.276785], [123.339193, 13.276785], [123.339193, 13.276246], [123.338654, 13.276246], [123.338654, 13.274629], [123.340271, 13.274629], [123.340271, 13.27409], [123.34081, 13.27409], [123.34081, 13.272473], [123.341888, 13.272473], [123.341888, 13.273012], [123.342966, 13.273012], [123.342966, 13.272473], [123.342427, 13.272473], [123.342427, 13.271395], [123.341888, 13.271395], [123.341888, 13.270856], [123.34081, 13.270856], [123.34081, 13.269239], [123.341349, 13.269239], [123.341349, 13.2687], [123.341888, 13.2687], [123.341888, 13.269239], [123.343505, 13.269239], [123.343505, 13.269778], [123.344583, 13.269778], [123.344583, 13.270317], [123.3462, 13.270317], [123.3462, 13.271395], [123.345661, 13.271395], [123.345661, 13.271934], [123.345122, 13.271934], [123.345122, 13.272473], [123.344583, 13.272473], [123.344583, 13.273551], [123.344044, 13.273551], [123.344044, 13.27409], [123.345122, 13.27409], [123.345122, 13.273551], [123.3462, 13.273551], [123.3462, 13.27409], [123.347278, 13.27409], [123.347278, 13.274629], [123.347817, 13.274629], [123.347817, 13.275168], [123.349973, 13.275168], [123.349973, 13.275707], [123.354285, 13.275707], [123.354285, 13.275168], [123.354824, 13.275168], [123.354824, 13.27409], [123.354285, 13.27409], [123.354285, 13.273551], [123.353746, 13.273551], [123.353746, 13.272473], [123.354285, 13.272473], [123.354285, 13.270317], [123.355363, 13.270317], [123.355363, 13.270856], [123.355902, 13.270856], [123.355902, 13.271934], [123.356441, 13.271934], [123.356441, 13.272473], [123.358597, 13.272473], [123.358597, 13.273012], [123.359136, 13.273012], [123.359136, 13.273551], [123.359675, 13.273551], [123.359675, 13.273012], [123.360753, 13.273012], [123.360753, 13.271395], [123.359675, 13.271395], [123.359675, 13.271934], [123.359136, 13.271934], [123.359136, 13.269778], [123.358058, 13.269778], [123.358058, 13.270317], [123.35698, 13.270317], [123.35698, 13.269778], [123.356441, 13.269778], [123.356441, 13.269239], [123.354824, 13.269239], [123.354824, 13.268161], [123.355363, 13.268161], [123.355363, 13.267083], [123.355902, 13.267083], [123.355902, 13.266544], [123.35698, 13.266544], [123.35698, 13.266005], [123.357519, 13.266005], [123.357519, 13.267083], [123.358597, 13.267083], [123.358597, 13.267622], [123.359675, 13.267622], [123.359675, 13.267083], [123.360214, 13.267083], [123.360214, 13.268161], [123.361292, 13.268161], [123.361292, 13.269239], [123.361831, 13.269239], [123.361831, 13.269778], [123.36237, 13.269778], [123.36237, 13.270317], [123.364526, 13.270317], [123.364526, 13.269778], [123.365604, 13.269778], [123.365604, 13.270317], [123.366682, 13.270317], [123.366682, 13.2687], [123.366143, 13.2687], [123.366143, 13.268161], [123.36776, 13.268161], [123.36776, 13.2687], [123.368299, 13.2687], [123.368299, 13.269239], [123.369377, 13.269239], [123.369377, 13.269778], [123.370455, 13.269778], [123.370455, 13.2687], [123.369916, 13.2687], [123.369916, 13.268161], [123.368838, 13.268161], [123.368838, 13.267622], [123.368299, 13.267622], [123.368299, 13.266544], [123.36776, 13.266544], [123.36776, 13.266005], [123.367221, 13.266005], [123.367221, 13.265466], [123.366143, 13.265466], [123.366143, 13.266005], [123.365604, 13.266005], [123.365604, 13.268161], [123.365065, 13.268161], [123.365065, 13.2687], [123.363987, 13.2687], [123.363987, 13.268161], [123.36237, 13.268161], [123.36237, 13.267083], [123.361831, 13.267083], [123.361831, 13.266544], [123.359675, 13.266544], [123.359675, 13.266005], [123.359136, 13.266005], [123.359136, 13.266544], [123.358058, 13.266544], [123.358058, 13.264927], [123.358597, 13.264927], [123.358597, 13.263849], [123.358058, 13.263849], [123.358058, 13.26331], [123.357519, 13.26331], [123.357519, 13.262232], [123.356441, 13.262232], [123.356441, 13.261693], [123.355902, 13.261693], [123.355902, 13.261154], [123.354824, 13.261154], [123.354824, 13.260615], [123.353746, 13.260615], [123.353746, 13.258998], [123.354285, 13.258998], [123.354285, 13.258459], [123.354824, 13.258459], [123.354824, 13.257381], [123.355363, 13.257381], [123.355363, 13.256842], [123.351051, 13.256842], [123.351051, 13.256303], [123.350512, 13.256303], [123.350512, 13.255225], [123.349973, 13.255225], [123.349973, 13.254686], [123.348895, 13.254686], [123.348895, 13.254147], [123.348356, 13.254147], [123.348356, 13.253608], [123.348895, 13.253608], [123.348895, 13.253069], [123.349434, 13.253069], [123.349434, 13.25253], [123.353746, 13.25253], [123.353746, 13.251991], [123.354285, 13.251991], [123.354285, 13.251452], [123.354824, 13.251452], [123.354824, 13.251991], [123.355363, 13.251991], [123.355363, 13.25253], [123.355902, 13.25253], [123.355902, 13.253069], [123.35698, 13.253069], [123.35698, 13.25253], [123.358058, 13.25253], [123.358058, 13.254147], [123.358597, 13.254147], [123.358597, 13.255225], [123.359136, 13.255225], [123.359136, 13.256303], [123.358597, 13.256303], [123.358597, 13.256842], [123.359136, 13.256842], [123.359136, 13.257381], [123.359675, 13.257381], [123.359675, 13.25792], [123.360214, 13.25792], [123.360214, 13.258459], [123.362909, 13.258459], [123.362909, 13.258998], [123.364526, 13.258998], [123.364526, 13.25792], [123.365065, 13.25792], [123.365065, 13.257381], [123.365604, 13.257381], [123.365604, 13.256842], [123.366143, 13.256842], [123.366143, 13.256303], [123.368838, 13.256303], [123.368838, 13.256842], [123.369377, 13.256842], [123.369377, 13.257381], [123.369916, 13.257381], [123.369916, 13.25792], [123.370455, 13.25792], [123.370455, 13.258459], [123.372072, 13.258459], [123.372072, 13.257381], [123.371533, 13.257381], [123.371533, 13.256842], [123.370455, 13.256842], [123.370455, 13.255225], [123.370994, 13.255225], [123.370994, 13.254686], [123.372611, 13.254686], [123.372611, 13.254147], [123.37315, 13.254147], [123.37315, 13.253069], [123.372611, 13.253069], [123.372611, 13.25253], [123.369377, 13.25253], [123.369377, 13.251991], [123.368838, 13.251991], [123.368838, 13.251452], [123.368299, 13.251452], [123.368299, 13.250913], [123.36776, 13.250913], [123.36776, 13.250374], [123.366682, 13.250374], [123.366682, 13.250913], [123.366143, 13.250913], [123.366143, 13.248218], [123.365604, 13.248218], [123.365604, 13.247679], [123.364526, 13.247679], [123.364526, 13.24714], [123.363448, 13.24714], [123.363448, 13.246601], [123.360753, 13.246601], [123.360753, 13.246062], [123.360214, 13.246062], [123.360214, 13.243906], [123.359675, 13.243906], [123.359675, 13.243367], [123.358597, 13.243367], [123.358597, 13.242828], [123.358058, 13.242828], [123.358058, 13.242289], [123.357519, 13.242289], [123.357519, 13.24175], [123.354824, 13.24175], [123.354824, 13.241211], [123.354285, 13.241211], [123.354285, 13.239055], [123.352668, 13.239055], [123.352668, 13.239594], [123.35159, 13.239594], [123.35159, 13.239055], [123.351051, 13.239055], [123.351051, 13.238516], [123.350512, 13.238516], [123.350512, 13.237438], [123.349973, 13.237438], [123.349973, 13.236899], [123.349434, 13.236899], [123.349434, 13.235821], [123.349973, 13.235821], [123.349973, 13.235283], [123.35159, 13.235283], [123.35159, 13.235821], [123.353207, 13.235821], [123.353207, 13.23636], [123.353746, 13.23636], [123.353746, 13.236899], [123.354285, 13.236899], [123.354285, 13.237438], [123.356441, 13.237438], [123.356441, 13.239055], [123.355902, 13.239055], [123.355902, 13.239594], [123.356441, 13.239594], [123.356441, 13.240672], [123.358058, 13.240672], [123.358058, 13.241211], [123.360753, 13.241211], [123.360753, 13.24175], [123.361831, 13.24175], [123.361831, 13.242289], [123.36237, 13.242289], [123.36237, 13.24175], [123.363448, 13.24175], [123.363448, 13.241211], [123.363987, 13.241211], [123.363987, 13.240672], [123.365604, 13.240672], [123.365604, 13.239594], [123.364526, 13.239594], [123.364526, 13.238516], [123.365065, 13.238516], [123.365065, 13.235821], [123.364526, 13.235821], [123.364526, 13.235283], [123.363987, 13.235283], [123.363987, 13.234744], [123.363448, 13.234744], [123.363448, 13.233666], [123.363987, 13.233666], [123.363987, 13.233127], [123.364526, 13.233127], [123.364526, 13.232588], [123.365065, 13.232588], [123.365065, 13.232049], [123.365604, 13.232049], [123.365604, 13.23151], [123.366682, 13.23151], [123.366682, 13.232049], [123.367221, 13.232049], [123.367221, 13.232588], [123.36776, 13.232588], [123.36776, 13.233127], [123.368299, 13.233127], [123.368299, 13.233666], [123.369916, 13.233666], [123.369916, 13.234205], [123.370455, 13.234205], [123.370455, 13.234744], [123.370994, 13.234744], [123.370994, 13.235283], [123.371533, 13.235283], [123.371533, 13.235821], [123.372072, 13.235821], [123.372072, 13.237438], [123.375306, 13.237438], [123.375306, 13.23636], [123.376384, 13.23636], [123.376384, 13.235283], [123.376923, 13.235283], [123.376923, 13.233666], [123.377462, 13.233666], [123.377462, 13.232588], [123.378001, 13.232588], [123.378001, 13.23151], [123.37854, 13.23151], [123.37854, 13.230432], [123.379079, 13.230432], [123.379079, 13.229354], [123.376923, 13.229354], [123.376923, 13.228815], [123.377462, 13.228815], [123.377462, 13.227737], [123.378001, 13.227737], [123.378001, 13.227198], [123.377462, 13.227198], [123.377462, 13.225042], [123.378001, 13.225042], [123.378001, 13.223964], [123.377462, 13.223964], [123.377462, 13.223425], [123.376923, 13.223425], [123.376923, 13.222347], [123.37854, 13.222347], [123.37854, 13.221808], [123.379079, 13.221808], [123.379079, 13.221269], [123.381773, 13.221269], [123.381773, 13.22073], [123.382312, 13.22073], [123.382312, 13.220191], [123.382851, 13.220191], [123.382851, 13.219652], [123.382312, 13.219652], [123.382312, 13.218035], [123.382851, 13.218035], [123.382851, 13.215879], [123.38339, 13.215879], [123.38339, 13.21534], [123.383929, 13.21534], [123.383929, 13.214262], [123.384468, 13.214262], [123.384468, 13.213723], [123.386085, 13.213723], [123.386085, 13.214801], [123.386624, 13.214801], [123.386624, 13.21534], [123.387163, 13.21534], [123.387163, 13.215879], [123.389319, 13.215879], [123.389319, 13.214262], [123.389858, 13.214262], [123.389858, 13.211567], [123.390397, 13.211567], [123.390397, 13.209411], [123.390936, 13.209411], [123.390936, 13.208872], [123.392014, 13.208872], [123.392014, 13.213723], [123.392553, 13.213723], [123.392553, 13.214262], [123.393631, 13.214262], [123.393631, 13.213723], [123.39417, 13.213723], [123.39417, 13.212106], [123.394709, 13.212106], [123.394709, 13.210489], [123.395787, 13.210489], [123.395787, 13.212106], [123.396326, 13.212106], [123.396326, 13.212645], [123.396865, 13.212645], [123.396865, 13.213184], [123.397404, 13.213184], [123.397404, 13.214262], [123.396865, 13.214262], [123.396865, 13.214801], [123.395787, 13.214801], [123.395787, 13.215879], [123.395248, 13.215879], [123.395248, 13.216418], [123.394709, 13.216418], [123.394709, 13.215879], [123.393631, 13.215879], [123.393631, 13.216418], [123.393092, 13.216418], [123.393092, 13.216957], [123.392553, 13.216957], [123.392553, 13.218035], [123.393092, 13.218035], [123.393092, 13.218574], [123.395248, 13.218574], [123.395248, 13.219652], [123.393631, 13.219652], [123.393631, 13.220191], [123.392553, 13.220191], [123.392553, 13.219652], [123.391475, 13.219652], [123.391475, 13.220191], [123.390936, 13.220191], [123.390936, 13.22073], [123.390397, 13.22073], [123.390397, 13.221808], [123.389858, 13.221808], [123.389858, 13.222347], [123.389319, 13.222347], [123.389319, 13.223425], [123.389858, 13.223425], [123.389858, 13.225581], [123.393631, 13.225581], [123.393631, 13.225042], [123.39417, 13.225042], [123.39417, 13.224503], [123.395248, 13.224503], [123.395248, 13.223964], [123.396326, 13.223964], [123.396326, 13.223425], [123.396865, 13.223425], [123.396865, 13.222347], [123.397943, 13.222347], [123.397943, 13.222886], [123.398482, 13.222886], [123.398482, 13.223964], [123.399021, 13.223964], [123.399021, 13.224503], [123.39956, 13.224503], [123.39956, 13.223964], [123.400099, 13.223964], [123.400099, 13.222347], [123.401177, 13.222347], [123.401177, 13.222886], [123.401716, 13.222886], [123.401716, 13.223425], [123.402255, 13.223425], [123.402255, 13.223964], [123.403333, 13.223964], [123.403333, 13.223425], [123.403872, 13.223425], [123.403872, 13.222886], [123.404411, 13.222886], [123.404411, 13.222347], [123.406028, 13.222347], [123.406028, 13.224503], [123.404411, 13.224503], [123.404411, 13.225042], [123.403872, 13.225042], [123.403872, 13.225581], [123.402794, 13.225581], [123.402794, 13.22612], [123.396326, 13.22612], [123.396326, 13.226659], [123.395787, 13.226659], [123.395787, 13.228276], [123.396326, 13.228276], [123.396326, 13.229354], [123.395248, 13.229354], [123.395248, 13.228815], [123.394709, 13.228815], [123.394709, 13.228276], [123.393631, 13.228276], [123.393631, 13.229893], [123.391475, 13.229893], [123.391475, 13.229354], [123.390936, 13.229354], [123.390936, 13.228276], [123.390397, 13.228276], [123.390397, 13.227198], [123.389319, 13.227198], [123.389319, 13.227737], [123.388241, 13.227737], [123.388241, 13.228276], [123.386624, 13.228276], [123.386624, 13.229354], [123.387163, 13.229354], [123.387163, 13.230432], [123.386624, 13.230432], [123.386624, 13.230971], [123.385546, 13.230971], [123.385546, 13.23151], [123.385007, 13.23151], [123.385007, 13.230971], [123.384468, 13.230971], [123.384468, 13.229893], [123.385007, 13.229893], [123.385007, 13.228815], [123.383929, 13.228815], [123.383929, 13.230432], [123.38339, 13.230432], [123.38339, 13.232049], [123.383929, 13.232049], [123.383929, 13.234205], [123.38339, 13.234205], [123.38339, 13.235821], [123.382851, 13.235821], [123.382851, 13.236899], [123.382312, 13.236899], [123.382312, 13.237438], [123.381773, 13.237438], [123.381773, 13.237977], [123.381234, 13.237977], [123.381234, 13.238516], [123.379618, 13.238516], [123.379618, 13.239055], [123.37854, 13.239055], [123.37854, 13.240133], [123.378001, 13.240133], [123.378001, 13.240672], [123.380157, 13.240672], [123.380157, 13.241211], [123.381234, 13.241211], [123.381234, 13.24175], [123.382312, 13.24175], [123.382312, 13.241211], [123.38339, 13.241211], [123.38339, 13.243367], [123.381773, 13.243367], [123.381773, 13.242828], [123.381234, 13.242828], [123.381234, 13.243906], [123.380695, 13.243906], [123.380695, 13.244445], [123.381234, 13.244445], [123.381234, 13.244984], [123.385546, 13.244984], [123.385546, 13.244445], [123.386085, 13.244445], [123.386085, 13.24175], [123.387163, 13.24175], [123.387163, 13.242289], [123.387702, 13.242289], [123.387702, 13.242828], [123.388241, 13.242828], [123.388241, 13.240672], [123.387163, 13.240672], [123.387163, 13.240133], [123.386085, 13.240133], [123.386085, 13.239055], [123.385546, 13.239055], [123.385546, 13.238516], [123.386085, 13.238516], [123.386085, 13.237977], [123.387163, 13.237977], [123.387163, 13.239055], [123.387702, 13.239055], [123.387702, 13.239594], [123.388241, 13.239594], [123.388241, 13.239055], [123.389319, 13.239055], [123.389319, 13.240672], [123.38878, 13.240672], [123.38878, 13.24175], [123.389858, 13.24175], [123.389858, 13.242289], [123.390397, 13.242289], [123.390397, 13.242828], [123.392553, 13.242828], [123.392553, 13.242289], [123.393092, 13.242289], [123.393092, 13.24175], [123.393631, 13.24175], [123.393631, 13.241211], [123.393092, 13.241211], [123.393092, 13.240672], [123.393631, 13.240672], [123.393631, 13.239594], [123.39417, 13.239594], [123.39417, 13.239055], [123.394709, 13.239055], [123.394709, 13.239594], [123.395787, 13.239594], [123.395787, 13.239055], [123.396326, 13.239055], [123.396326, 13.238516], [123.397404, 13.238516], [123.397404, 13.236899], [123.396326, 13.236899], [123.396326, 13.23636], [123.395787, 13.23636], [123.395787, 13.235283], [123.397404, 13.235283], [123.397404, 13.234744], [123.397943, 13.234744], [123.397943, 13.234205], [123.398482, 13.234205], [123.398482, 13.233666], [123.400638, 13.233666], [123.400638, 13.233127], [123.401716, 13.233127], [123.401716, 13.234205], [123.401177, 13.234205], [123.401177, 13.234744], [123.39956, 13.234744], [123.39956, 13.235283], [123.399021, 13.235283], [123.399021, 13.235821], [123.398482, 13.235821], [123.398482, 13.236899], [123.399021, 13.236899], [123.399021, 13.237438], [123.403333, 13.237438], [123.403333, 13.236899], [123.405489, 13.236899], [123.405489, 13.237438], [123.40495, 13.237438], [123.40495, 13.238516], [123.403872, 13.238516], [123.403872, 13.239055], [123.402255, 13.239055], [123.402255, 13.239594], [123.401716, 13.239594], [123.401716, 13.241211], [123.402255, 13.241211], [123.402255, 13.242289], [123.401716, 13.242289], [123.401716, 13.24175], [123.401177, 13.24175], [123.401177, 13.240672], [123.400638, 13.240672], [123.400638, 13.240133], [123.397404, 13.240133], [123.397404, 13.240672], [123.396865, 13.240672], [123.396865, 13.241211], [123.396326, 13.241211], [123.396326, 13.242289], [123.396865, 13.242289], [123.396865, 13.242828], [123.397404, 13.242828], [123.397404, 13.243906], [123.395787, 13.243906], [123.395787, 13.244445], [123.395248, 13.244445], [123.395248, 13.244984], [123.394709, 13.244984], [123.394709, 13.245523], [123.395248, 13.245523], [123.395248, 13.246062], [123.394709, 13.246062], [123.394709, 13.247679], [123.395248, 13.247679], [123.395248, 13.246601], [123.396326, 13.246601], [123.396326, 13.246062], [123.397404, 13.246062], [123.397404, 13.246601], [123.397943, 13.246601], [123.397943, 13.246062], [123.400099, 13.246062], [123.400099, 13.245523], [123.400638, 13.245523], [123.400638, 13.244984], [123.40495, 13.244984], [123.40495, 13.245523], [123.405489, 13.245523], [123.405489, 13.246062], [123.406567, 13.246062], [123.406567, 13.249835], [123.408184, 13.249835], [123.408184, 13.249296], [123.408723, 13.249296], [123.408723, 13.248757], [123.409262, 13.248757], [123.409262, 13.248218], [123.409801, 13.248218], [123.409801, 13.24714], [123.409262, 13.24714], [123.409262, 13.243906], [123.409801, 13.243906], [123.409801, 13.242828], [123.409262, 13.242828], [123.409262, 13.24175], [123.409801, 13.24175], [123.409801, 13.240672], [123.41034, 13.240672], [123.41034, 13.240133], [123.410879, 13.240133], [123.410879, 13.239055], [123.411418, 13.239055], [123.411418, 13.238516], [123.412496, 13.238516], [123.412496, 13.239055], [123.413035, 13.239055], [123.413035, 13.239594], [123.412496, 13.239594], [123.412496, 13.240672], [123.413035, 13.240672], [123.413035, 13.242289], [123.414113, 13.242289], [123.414113, 13.240672], [123.413574, 13.240672], [123.413574, 13.240133], [123.414113, 13.240133], [123.414113, 13.239594], [123.416808, 13.239594], [123.416808, 13.239055], [123.417347, 13.239055], [123.417347, 13.238516], [123.418425, 13.238516], [123.418425, 13.240133], [123.418964, 13.240133], [123.418964, 13.240672], [123.420042, 13.240672], [123.420042, 13.241211], [123.42112, 13.241211], [123.42112, 13.24175], [123.421659, 13.24175], [123.421659, 13.242289], [123.422198, 13.242289], [123.422198, 13.243367], [123.422737, 13.243367], [123.422737, 13.244984], [123.423276, 13.244984], [123.423276, 13.245523], [123.422737, 13.245523], [123.422737, 13.246062], [123.422198, 13.246062], [123.422198, 13.247679], [123.421659, 13.247679], [123.421659, 13.248218], [123.42112, 13.248218], [123.42112, 13.248757], [123.420581, 13.248757], [123.420581, 13.249296], [123.418964, 13.249296], [123.418964, 13.249835], [123.417886, 13.249835], [123.417886, 13.250374], [123.417347, 13.250374], [123.417347, 13.250913], [123.41573, 13.250913], [123.41573, 13.251452], [123.414652, 13.251452], [123.414652, 13.251991], [123.413574, 13.251991], [123.413574, 13.25253], [123.413035, 13.25253], [123.413035, 13.253069], [123.412496, 13.253069], [123.412496, 13.253608], [123.411957, 13.253608], [123.411957, 13.254147], [123.409801, 13.254147], [123.409801, 13.254686], [123.407106, 13.254686], [123.407106, 13.255225], [123.40495, 13.255225], [123.40495, 13.255764], [123.403872, 13.255764], [123.403872, 13.256303], [123.403333, 13.256303], [123.403333, 13.257381], [123.402794, 13.257381], [123.402794, 13.25792], [123.402255, 13.25792], [123.402255, 13.258459], [123.401177, 13.258459], [123.401177, 13.25792], [123.400638, 13.25792], [123.400638, 13.258459], [123.400099, 13.258459], [123.400099, 13.258998], [123.39956, 13.258998], [123.39956, 13.260076], [123.399021, 13.260076], [123.399021, 13.261154], [123.397943, 13.261154], [123.397943, 13.261693], [123.397404, 13.261693], [123.397404, 13.262232], [123.396865, 13.262232], [123.396865, 13.262771], [123.396326, 13.262771], [123.396326, 13.263849], [123.395248, 13.263849], [123.395248, 13.26331], [123.39417, 13.26331], [123.39417, 13.263849], [123.393631, 13.263849], [123.393631, 13.264388], [123.392553, 13.264388], [123.392553, 13.264927], [123.391475, 13.264927], [123.391475, 13.265466], [123.390397, 13.265466], [123.390397, 13.266005], [123.389319, 13.266005], [123.389319, 13.266544], [123.38878, 13.266544], [123.38878, 13.267083], [123.389319, 13.267083], [123.389319, 13.267622], [123.389858, 13.267622], [123.389858, 13.267083], [123.390936, 13.267083], [123.390936, 13.266544], [123.391475, 13.266544], [123.391475, 13.266005], [123.392553, 13.266005], [123.392553, 13.265466], [123.394709, 13.265466], [123.394709, 13.264927], [123.397943, 13.264927], [123.397943, 13.264388], [123.401177, 13.264388], [123.401177, 13.265466], [123.400638, 13.265466], [123.400638, 13.266005], [123.400099, 13.266005], [123.400099, 13.266544], [123.398482, 13.266544], [123.398482, 13.266005], [123.397404, 13.266005], [123.397404, 13.267083], [123.397943, 13.267083], [123.397943, 13.268161], [123.399021, 13.268161], [123.399021, 13.2687], [123.400638, 13.2687], [123.400638, 13.270317], [123.401177, 13.270317], [123.401177, 13.270856], [123.401716, 13.270856], [123.401716, 13.271395], [123.405489, 13.271395], [123.405489, 13.271934], [123.40495, 13.271934], [123.40495, 13.272473], [123.406028, 13.272473], [123.406028, 13.271934], [123.407645, 13.271934], [123.407645, 13.272473], [123.408723, 13.272473], [123.408723, 13.271934], [123.409262, 13.271934], [123.409262, 13.271395], [123.411418, 13.271395], [123.411418, 13.270856], [123.411957, 13.270856], [123.411957, 13.270317], [123.412496, 13.270317], [123.412496, 13.269239], [123.413035, 13.269239], [123.413035, 13.2687], [123.413574, 13.2687], [123.413574, 13.268161], [123.414113, 13.268161], [123.414113, 13.267622], [123.414652, 13.267622], [123.414652, 13.267083], [123.41573, 13.267083], [123.41573, 13.267622], [123.417347, 13.267622], [123.417347, 13.267083], [123.417886, 13.267083], [123.417886, 13.266005], [123.419503, 13.266005], [123.419503, 13.266544], [123.420042, 13.266544], [123.420042, 13.266005], [123.420581, 13.266005], [123.420581, 13.265466], [123.42112, 13.265466], [123.42112, 13.264927], [123.421659, 13.264927], [123.421659, 13.264388], [123.422198, 13.264388], [123.422198, 13.263849], [123.423815, 13.263849], [123.423815, 13.26331], [123.424893, 13.26331], [123.424893, 13.262771], [123.425432, 13.262771], [123.425432, 13.262232], [123.425971, 13.262232], [123.425971, 13.261154], [123.42651, 13.261154], [123.42651, 13.258998], [123.427049, 13.258998], [123.427049, 13.258459], [123.427588, 13.258459], [123.427588, 13.25792], [123.429744, 13.25792], [123.429744, 13.258459], [123.430821, 13.258459], [123.430821, 13.258998], [123.431899, 13.258998], [123.431899, 13.260076], [123.43136, 13.260076], [123.43136, 13.261154], [123.430282, 13.261154], [123.430282, 13.262771], [123.432438, 13.262771], [123.432438, 13.262232], [123.432977, 13.262232], [123.432977, 13.261154], [123.432438, 13.261154], [123.432438, 13.260076], [123.433516, 13.260076], [123.433516, 13.259537], [123.436211, 13.259537], [123.436211, 13.258998], [123.43675, 13.258998], [123.43675, 13.258459], [123.438906, 13.258459], [123.438906, 13.257381], [123.439445, 13.257381], [123.439445, 13.256303], [123.439984, 13.256303], [123.439984, 13.255764], [123.443218, 13.255764], [123.443218, 13.255225], [123.443757, 13.255225], [123.443757, 13.254686], [123.444835, 13.254686], [123.444835, 13.254147], [123.445374, 13.254147], [123.445374, 13.253608], [123.446452, 13.253608], [123.446452, 13.253069], [123.44753, 13.253069], [123.44753, 13.25253], [123.450225, 13.25253], [123.450225, 13.251991], [123.450764, 13.251991], [123.450764, 13.251452], [123.451303, 13.251452], [123.451303, 13.250913], [123.451842, 13.250913], [123.451842, 13.250374], [123.452381, 13.250374], [123.452381, 13.248757], [123.45292, 13.248757], [123.45292, 13.248218], [123.452381, 13.248218], [123.452381, 13.247679], [123.451842, 13.247679], [123.451842, 13.24714], [123.451303, 13.24714], [123.451303, 13.246062], [123.451842, 13.246062], [123.451842, 13.245523], [123.452381, 13.245523], [123.452381, 13.244984], [123.45292, 13.244984], [123.45292, 13.244445], [123.453459, 13.244445], [123.453459, 13.243906], [123.45292, 13.243906], [123.45292, 13.243367], [123.452381, 13.243367], [123.452381, 13.24175], [123.455615, 13.24175], [123.455615, 13.242289], [123.457771, 13.242289], [123.457771, 13.242828], [123.45831, 13.242828], [123.45831, 13.243367], [123.459927, 13.243367], [123.459927, 13.242828], [123.461005, 13.242828], [123.461005, 13.242289], [123.464239, 13.242289], [123.464239, 13.24175], [123.4637, 13.24175], [123.4637, 13.240672], [123.464239, 13.240672], [123.464239, 13.239594], [123.4637, 13.239594], [123.4637, 13.238516], [123.463161, 13.238516], [123.463161, 13.237438], [123.4637, 13.237438], [123.4637, 13.236899], [123.464239, 13.236899], [123.464239, 13.23636], [123.464778, 13.23636], [123.464778, 13.235283], [123.465317, 13.235283], [123.465317, 13.234205], [123.4637, 13.234205], [123.4637, 13.233666], [123.463161, 13.233666], [123.463161, 13.23151], [123.4637, 13.23151], [123.4637, 13.230971], [123.463161, 13.230971], [123.463161, 13.230432], [123.462622, 13.230432], [123.462622, 13.229893], [123.462083, 13.229893], [123.462083, 13.229354], [123.461544, 13.229354], [123.461544, 13.228815], [123.461005, 13.228815], [123.461005, 13.228276], [123.460466, 13.228276], [123.460466, 13.227737], [123.459927, 13.227737], [123.459927, 13.22612], [123.459388, 13.22612], [123.459388, 13.225581], [123.458849, 13.225581], [123.458849, 13.225042], [123.459927, 13.225042], [123.459927, 13.225581], [123.460466, 13.225581], [123.460466, 13.22612], [123.461005, 13.22612], [123.461005, 13.226659], [123.462083, 13.226659], [123.462083, 13.227198], [123.4637, 13.227198], [123.4637, 13.226659], [123.464239, 13.226659], [123.464239, 13.225581], [123.4637, 13.225581], [123.4637, 13.222886], [123.463161, 13.222886], [123.463161, 13.222347], [123.462083, 13.222347], [123.462083, 13.222886], [123.461544, 13.222886], [123.461544, 13.222347], [123.461005, 13.222347], [123.461005, 13.221808], [123.460466, 13.221808], [123.460466, 13.221269], [123.461005, 13.221269], [123.461005, 13.22073], [123.461544, 13.22073], [123.461544, 13.220191], [123.462083, 13.220191], [123.462083, 13.219113], [123.462622, 13.219113], [123.462622, 13.218574], [123.463161, 13.218574], [123.463161, 13.218035], [123.4637, 13.218035], [123.4637, 13.217496], [123.463161, 13.217496], [123.463161, 13.215879], [123.4637, 13.215879], [123.4637, 13.213723], [123.463161, 13.213723], [123.463161, 13.213184], [123.462622, 13.213184], [123.462622, 13.212106], [123.4637, 13.212106], [123.4637, 13.213184], [123.464778, 13.213184], [123.464778, 13.213723], [123.465317, 13.213723], [123.465317, 13.214262], [123.465856, 13.214262], [123.465856, 13.213184], [123.465317, 13.213184], [123.465317, 13.212645], [123.464239, 13.212645], [123.464239, 13.212106], [123.464778, 13.212106], [123.464778, 13.211567], [123.465317, 13.211567], [123.465317, 13.211028], [123.467473, 13.211028], [123.467473, 13.210489], [123.468551, 13.210489], [123.468551, 13.211028], [123.471785, 13.211028], [123.471785, 13.210489], [123.473941, 13.210489], [123.473941, 13.211028], [123.477714, 13.211028], [123.477714, 13.211567], [123.478253, 13.211567], [123.478253, 13.212106], [123.480947, 13.212106], [123.480947, 13.212645], [123.483103, 13.212645], [123.483103, 13.212106], [123.483642, 13.212106], [123.483642, 13.211567], [123.48472, 13.211567], [123.48472, 13.212106], [123.485259, 13.212106], [123.485259, 13.212645], [123.485798, 13.212645], [123.485798, 13.213184], [123.486337, 13.213184], [123.486337, 13.213723], [123.485798, 13.213723], [123.485798, 13.214262], [123.486876, 13.214262], [123.486876, 13.212106], [123.487415, 13.212106], [123.487415, 13.211567], [123.489571, 13.211567], [123.489571, 13.212106], [123.49011, 13.212106], [123.49011, 13.213723], [123.491188, 13.213723], [123.491188, 13.214262], [123.492266, 13.214262], [123.492266, 13.214801], [123.492805, 13.214801], [123.492805, 13.21534], [123.492266, 13.21534], [123.492266, 13.215879], [123.491727, 13.215879], [123.491727, 13.216418], [123.491188, 13.216418], [123.491188, 13.216957], [123.490649, 13.216957], [123.490649, 13.218035], [123.491727, 13.218035], [123.491727, 13.218574], [123.492266, 13.218574], [123.492266, 13.218035], [123.493883, 13.218035], [123.493883, 13.219113], [123.493344, 13.219113], [123.493344, 13.219652], [123.492805, 13.219652], [123.492805, 13.221269], [123.493344, 13.221269], [123.493344, 13.221808], [123.493883, 13.221808], [123.493883, 13.222886], [123.494961, 13.222886], [123.494961, 13.223425], [123.4955, 13.223425], [123.4955, 13.222886], [123.496039, 13.222886], [123.496039, 13.222347], [123.498195, 13.222347], [123.498195, 13.222886], [123.498734, 13.222886], [123.498734, 13.223425], [123.499812, 13.223425], [123.499812, 13.221269], [123.500351, 13.221269], [123.500351, 13.219113], [123.499812, 13.219113], [123.499812, 13.218574], [123.500351, 13.218574], [123.500351, 13.218035], [123.501429, 13.218035], [123.501429, 13.217496], [123.501968, 13.217496], [123.501968, 13.216957], [123.504124, 13.216957], [123.504124, 13.216418], [123.504663, 13.216418], [123.504663, 13.215879], [123.50628, 13.215879], [123.50628, 13.216418], [123.507897, 13.216418], [123.507897, 13.215879], [123.508436, 13.215879], [123.508436, 13.21534], [123.508975, 13.21534], [123.508975, 13.214801], [123.509514, 13.214801], [123.509514, 13.214262], [123.510053, 13.214262], [123.510053, 13.213723], [123.510592, 13.213723], [123.510592, 13.214262], [123.511131, 13.214262], [123.511131, 13.213723], [123.512748, 13.213723], [123.512748, 13.213184], [123.513287, 13.213184], [123.513287, 13.212645], [123.514365, 13.212645], [123.514365, 13.212106], [123.516521, 13.212106], [123.516521, 13.213184], [123.515443, 13.213184], [123.515443, 13.213723], [123.513826, 13.213723], [123.513826, 13.21534], [123.516521, 13.21534], [123.516521, 13.214801], [123.51706, 13.214801], [123.51706, 13.214262], [123.517599, 13.214262], [123.517599, 13.213723], [123.518677, 13.213723], [123.518677, 13.212645], [123.519755, 13.212645], [123.519755, 13.212106], [123.520294, 13.212106], [123.520294, 13.212645], [123.521372, 13.212645], [123.521372, 13.213184], [123.522989, 13.213184], [123.522989, 13.212645], [123.524067, 13.212645], [123.524067, 13.212106], [123.525684, 13.212106], [123.525684, 13.211567], [123.526223, 13.211567], [123.526223, 13.211028], [123.52784, 13.211028], [123.52784, 13.210489], [123.528379, 13.210489], [123.528379, 13.20995], [123.528918, 13.20995], [123.528918, 13.208872], [123.529457, 13.208872], [123.529457, 13.208333], [123.529995, 13.208333], [123.529995, 13.207794], [123.531073, 13.207794], [123.531073, 13.208333], [123.532151, 13.208333], [123.532151, 13.207794], [123.53269, 13.207794], [123.53269, 13.207255], [123.533229, 13.207255], [123.533229, 13.205099], [123.535924, 13.205099], [123.535924, 13.205638], [123.537002, 13.205638], [123.537002, 13.205099], [123.53808, 13.205099], [123.53808, 13.205638], [123.540236, 13.205638], [123.540236, 13.205099], [123.541314, 13.205099], [123.541314, 13.20456], [123.541853, 13.20456], [123.541853, 13.204021], [123.544548, 13.204021], [123.544548, 13.20456], [123.547782, 13.20456], [123.547782, 13.205099], [123.548321, 13.205099], [123.548321, 13.205638], [123.54886, 13.205638], [123.54886, 13.206177], [123.549399, 13.206177], [123.549399, 13.205638], [123.550477, 13.205638], [123.550477, 13.205099], [123.551016, 13.205099], [123.551016, 13.205638], [123.551555, 13.205638], [123.551555, 13.207794], [123.552633, 13.207794], [123.552633, 13.205099], [123.553172, 13.205099], [123.553172, 13.203482], [123.552094, 13.203482], [123.552094, 13.20456], [123.551555, 13.20456], [123.551555, 13.203482], [123.551016, 13.203482], [123.551016, 13.202404], [123.549938, 13.202404], [123.549938, 13.201865], [123.549399, 13.201865], [123.549399, 13.200787], [123.549938, 13.200787], [123.549938, 13.199709], [123.549399, 13.199709], [123.549399, 13.198631], [123.549938, 13.198631], [123.549938, 13.19917], [123.550477, 13.19917], [123.550477, 13.199709], [123.551016, 13.199709], [123.551016, 13.200787], [123.552094, 13.200787], [123.552094, 13.200248], [123.552633, 13.200248], [123.552633, 13.199709], [123.553711, 13.199709], [123.553711, 13.200248], [123.554789, 13.200248], [123.554789, 13.198092], [123.55425, 13.198092], [123.55425, 13.197553], [123.551555, 13.197553], [123.551555, 13.197014], [123.551016, 13.197014], [123.551016, 13.195936], [123.551555, 13.195936], [123.551555, 13.196475], [123.552633, 13.196475], [123.552633, 13.195936], [123.553711, 13.195936], [123.553711, 13.196475], [123.55425, 13.196475], [123.55425, 13.197014], [123.556406, 13.197014], [123.556406, 13.195936], [123.556945, 13.195936], [123.556945, 13.195397], [123.557484, 13.195397], [123.557484, 13.193241], [123.556945, 13.193241], [123.556945, 13.192702], [123.556406, 13.192702], [123.556406, 13.192163], [123.555867, 13.192163], [123.555867, 13.191085], [123.557484, 13.191085], [123.557484, 13.191624], [123.558023, 13.191624], [123.558023, 13.192163], [123.558562, 13.192163], [123.558562, 13.191624], [123.55964, 13.191624], [123.55964, 13.190546], [123.560718, 13.190546], [123.560718, 13.191624], [123.560179, 13.191624], [123.560179, 13.192163], [123.55964, 13.192163], [123.55964, 13.19378], [123.560179, 13.19378], [123.560179, 13.194319], [123.561796, 13.194319], [123.561796, 13.194858], [123.562335, 13.194858], [123.562335, 13.195936], [123.560718, 13.195936], [123.560718, 13.195397], [123.55964, 13.195397], [123.55964, 13.195936], [123.559101, 13.195936], [123.559101, 13.196475], [123.558562, 13.196475], [123.558562, 13.197014], [123.558023, 13.197014], [123.558023, 13.198092], [123.556945, 13.198092], [123.556945, 13.19917], [123.558562, 13.19917], [123.558562, 13.199709], [123.559101, 13.199709], [123.559101, 13.200248], [123.55964, 13.200248], [123.55964, 13.204021], [123.560718, 13.204021], [123.560718, 13.203482], [123.561257, 13.203482], [123.561257, 13.202943], [123.561796, 13.202943], [123.561796, 13.202404], [123.562335, 13.202404], [123.562335, 13.201865], [123.562874, 13.201865], [123.562874, 13.202404], [123.564491, 13.202404], [123.564491, 13.201865], [123.566647, 13.201865], [123.566647, 13.200787], [123.566108, 13.200787], [123.566108, 13.19917], [123.566647, 13.19917], [123.566647, 13.198092], [123.567725, 13.198092], [123.567725, 13.19917], [123.569342, 13.19917], [123.569342, 13.198631], [123.569881, 13.198631], [123.569881, 13.198092], [123.57042, 13.198092], [123.57042, 13.19917], [123.569881, 13.19917], [123.569881, 13.199709], [123.569342, 13.199709], [123.569342, 13.200248], [123.568803, 13.200248], [123.568803, 13.200787], [123.568264, 13.200787], [123.568264, 13.201326], [123.567725, 13.201326], [123.567725, 13.201865], [123.567186, 13.201865], [123.567186, 13.202404], [123.567725, 13.202404], [123.567725, 13.202943], [123.568264, 13.202943], [123.568264, 13.203482], [123.568803, 13.203482], [123.568803, 13.204021], [123.569342, 13.204021], [123.569342, 13.205099], [123.570959, 13.205099], [123.570959, 13.20456], [123.572037, 13.20456], [123.572037, 13.204021], [123.572576, 13.204021], [123.572576, 13.20456], [123.573115, 13.20456], [123.573115, 13.205099], [123.576349, 13.205099], [123.576349, 13.203482], [123.57581, 13.203482], [123.57581, 13.202943], [123.575271, 13.202943], [123.575271, 13.202404], [123.57581, 13.202404], [123.57581, 13.201865], [123.576888, 13.201865], [123.576888, 13.202404], [123.578505, 13.202404], [123.578505, 13.202943], [123.579044, 13.202943], [123.579044, 13.203482], [123.580121, 13.203482], [123.580121, 13.204021], [123.581199, 13.204021], [123.581199, 13.203482], [123.583355, 13.203482], [123.583355, 13.202943], [123.584433, 13.202943], [123.584433, 13.202404], [123.584972, 13.202404], [123.584972, 13.202943], [123.587128, 13.202943], [123.587128, 13.203482], [123.586589, 13.203482], [123.586589, 13.20456], [123.587128, 13.20456], [123.587128, 13.205099], [123.588206, 13.205099], [123.588206, 13.20456], [123.589284, 13.20456], [123.589284, 13.204021], [123.589823, 13.204021], [123.589823, 13.203482], [123.590362, 13.203482], [123.590362, 13.202943], [123.590901, 13.202943], [123.590901, 13.202404], [123.59144, 13.202404], [123.59144, 13.201326], [123.591979, 13.201326], [123.591979, 13.200787], [123.592518, 13.200787], [123.592518, 13.200248], [123.593057, 13.200248], [123.593057, 13.199709], [123.593596, 13.199709], [123.593596, 13.198631], [123.594135, 13.198631], [123.594135, 13.198092], [123.595752, 13.198092], [123.595752, 13.196475], [123.594674, 13.196475], [123.594674, 13.195936], [123.593596, 13.195936], [123.593596, 13.196475], [123.592518, 13.196475], [123.592518, 13.195936], [123.591979, 13.195936], [123.591979, 13.194858], [123.59144, 13.194858], [123.59144, 13.194319], [123.590362, 13.194319], [123.590362, 13.193241], [123.590901, 13.193241], [123.590901, 13.192702], [123.59144, 13.192702], [123.59144, 13.192163], [123.591979, 13.192163], [123.591979, 13.190546], [123.59144, 13.190546], [123.59144, 13.189468], [123.591979, 13.189468], [123.591979, 13.18839], [123.592518, 13.18839], [123.592518, 13.187312], [123.593057, 13.187312], [123.593057, 13.186234], [123.592518, 13.186234], [123.592518, 13.185695], [123.59144, 13.185695], [123.59144, 13.184618], [123.593057, 13.184618], [123.593057, 13.185157], [123.593596, 13.185157], [123.593596, 13.185695], [123.595213, 13.185695], [123.595213, 13.186234], [123.595752, 13.186234], [123.595752, 13.186773], [123.596291, 13.186773], [123.596291, 13.185695], [123.595752, 13.185695], [123.595752, 13.181923], [123.596291, 13.181923], [123.596291, 13.181384], [123.597908, 13.181384], [123.597908, 13.180845], [123.598447, 13.180845], [123.598447, 13.179767], [123.594674, 13.179767], [123.594674, 13.179228], [123.594135, 13.179228], [123.594135, 13.177611], [123.594674, 13.177611], [123.594674, 13.177072], [123.596291, 13.177072], [123.596291, 13.176533], [123.597369, 13.176533], [123.597369, 13.175994], [123.598986, 13.175994], [123.598986, 13.175455], [123.599525, 13.175455], [123.599525, 13.174916], [123.600064, 13.174916], [123.600064, 13.175455], [123.600603, 13.175455], [123.600603, 13.177072], [123.601142, 13.177072], [123.601142, 13.177611], [123.60222, 13.177611], [123.60222, 13.175994], [123.603298, 13.175994], [123.603298, 13.177072], [123.603837, 13.177072], [123.603837, 13.177611], [123.604376, 13.177611], [123.604376, 13.177072], [123.604915, 13.177072], [123.604915, 13.173838], [123.605993, 13.173838], [123.605993, 13.174377], [123.606532, 13.174377], [123.606532, 13.174916], [123.607071, 13.174916], [123.607071, 13.175994], [123.60761, 13.175994], [123.60761, 13.177072], [123.607071, 13.177072], [123.607071, 13.17815], [123.606532, 13.17815], [123.606532, 13.179228], [123.607071, 13.179228], [123.607071, 13.179767], [123.609766, 13.179767], [123.609766, 13.180306], [123.610305, 13.180306], [123.610305, 13.181384], [123.611922, 13.181384], [123.611922, 13.181923], [123.612461, 13.181923], [123.612461, 13.182462], [123.613, 13.182462], [123.613, 13.183001], [123.613539, 13.183001], [123.613539, 13.18354], [123.614078, 13.18354], [123.614078, 13.184079], [123.617851, 13.184079], [123.617851, 13.184618], [123.61839, 13.184618], [123.61839, 13.185157], [123.618929, 13.185157], [123.618929, 13.185695], [123.619468, 13.185695], [123.619468, 13.186234], [123.620007, 13.186234], [123.620007, 13.186773], [123.620546, 13.186773], [123.620546, 13.186234], [123.621085, 13.186234], [123.621085, 13.185695], [123.621624, 13.185695], [123.621624, 13.184079], [123.622163, 13.184079], [123.622163, 13.18354], [123.621624, 13.18354], [123.621624, 13.181923], [123.622163, 13.181923], [123.622163, 13.180845], [123.622702, 13.180845], [123.622702, 13.179228], [123.622163, 13.179228], [123.622163, 13.177611], [123.621624, 13.177611], [123.621624, 13.175455], [123.621085, 13.175455], [123.621085, 13.173299], [123.622163, 13.173299], [123.622163, 13.17276], [123.623241, 13.17276], [123.623241, 13.172221], [123.624319, 13.172221], [123.624319, 13.171143], [123.624858, 13.171143], [123.624858, 13.168448], [123.624319, 13.168448], [123.624319, 13.16737], [123.624858, 13.16737], [123.624858, 13.166831], [123.626475, 13.166831], [123.626475, 13.16737], [123.627014, 13.16737], [123.627014, 13.168448], [123.627553, 13.168448], [123.627553, 13.169526], [123.628092, 13.169526], [123.628092, 13.170065], [123.62917, 13.170065], [123.62917, 13.170604], [123.630786, 13.170604], [123.630786, 13.170065], [123.631864, 13.170065], [123.631864, 13.171143], [123.631325, 13.171143], [123.631325, 13.171682], [123.630786, 13.171682], [123.630786, 13.172221], [123.631325, 13.172221], [123.631325, 13.17276], [123.632403, 13.17276], [123.632403, 13.173299], [123.632942, 13.173299], [123.632942, 13.173838], [123.633481, 13.173838], [123.633481, 13.174377], [123.63402, 13.174377], [123.63402, 13.175994], [123.632403, 13.175994], [123.632403, 13.177611], [123.631864, 13.177611], [123.631864, 13.17815], [123.630786, 13.17815], [123.630786, 13.179228], [123.629708, 13.179228], [123.629708, 13.179767], [123.62917, 13.179767], [123.62917, 13.180306], [123.628092, 13.180306], [123.628092, 13.180845], [123.627014, 13.180845], [123.627014, 13.181384], [123.626475, 13.181384], [123.626475, 13.181923], [123.625936, 13.181923], [123.625936, 13.183001], [123.625397, 13.183001], [123.625397, 13.184079], [123.625936, 13.184079], [123.625936, 13.185157], [123.625397, 13.185157], [123.625397, 13.185695], [123.62378, 13.185695], [123.62378, 13.186234], [123.622702, 13.186234], [123.622702, 13.186773], [123.621624, 13.186773], [123.621624, 13.187312], [123.621085, 13.187312], [123.621085, 13.18839], [123.620546, 13.18839], [123.620546, 13.188929], [123.61839, 13.188929], [123.61839, 13.189468], [123.617312, 13.189468], [123.617312, 13.190007], [123.616234, 13.190007], [123.616234, 13.190546], [123.614078, 13.190546], [123.614078, 13.191085], [123.614617, 13.191085], [123.614617, 13.191624], [123.615156, 13.191624], [123.615156, 13.192702], [123.613, 13.192702], [123.613, 13.19378], [123.612461, 13.19378], [123.612461, 13.194858], [123.611922, 13.194858], [123.611922, 13.197553], [123.611383, 13.197553], [123.611383, 13.198631], [123.610844, 13.198631], [123.610844, 13.19917], [123.610305, 13.19917], [123.610305, 13.199709], [123.609766, 13.199709], [123.609766, 13.200248], [123.608688, 13.200248], [123.608688, 13.200787], [123.60761, 13.200787], [123.60761, 13.201326], [123.607071, 13.201326], [123.607071, 13.201865], [123.606532, 13.201865], [123.606532, 13.202404], [123.605993, 13.202404], [123.605993, 13.203482], [123.605454, 13.203482], [123.605454, 13.206716], [123.604915, 13.206716], [123.604915, 13.207255], [123.603837, 13.207255], [123.603837, 13.206716], [123.603298, 13.206716], [123.603298, 13.206177], [123.602759, 13.206177], [123.602759, 13.205099], [123.601142, 13.205099], [123.601142, 13.205638], [123.600603, 13.205638], [123.600603, 13.206716], [123.601142, 13.206716], [123.601142, 13.208333], [123.600603, 13.208333], [123.600603, 13.20995], [123.600064, 13.20995], [123.600064, 13.210489], [123.598986, 13.210489], [123.598986, 13.212106], [123.598447, 13.212106], [123.598447, 13.212645], [123.597908, 13.212645], [123.597908, 13.213184], [123.597369, 13.213184], [123.597369, 13.213723], [123.59683, 13.213723], [123.59683, 13.214262], [123.595213, 13.214262], [123.595213, 13.214801], [123.594135, 13.214801], [123.594135, 13.21534], [123.591979, 13.21534], [123.591979, 13.215879], [123.59144, 13.215879], [123.59144, 13.216418], [123.589284, 13.216418], [123.589284, 13.215879], [123.588745, 13.215879], [123.588745, 13.218574], [123.587128, 13.218574], [123.587128, 13.219113], [123.586589, 13.219113], [123.586589, 13.219652], [123.585511, 13.219652], [123.585511, 13.219113], [123.583355, 13.219113], [123.583355, 13.219652], [123.582277, 13.219652], [123.582277, 13.220191], [123.581199, 13.220191], [123.581199, 13.22073], [123.58066, 13.22073], [123.58066, 13.221808], [123.580121, 13.221808], [123.580121, 13.222347], [123.578505, 13.222347], [123.578505, 13.222886], [123.577966, 13.222886], [123.577966, 13.223425], [123.576888, 13.223425], [123.576888, 13.223964], [123.576349, 13.223964], [123.576349, 13.225581], [123.576888, 13.225581], [123.576888, 13.22612], [123.577966, 13.22612], [123.577966, 13.226659], [123.577427, 13.226659], [123.577427, 13.229354], [123.577966, 13.229354], [123.577966, 13.230971], [123.576349, 13.230971], [123.576349, 13.230432], [123.57581, 13.230432], [123.57581, 13.230971], [123.573654, 13.230971], [123.573654, 13.23151], [123.573115, 13.23151], [123.573115, 13.232049], [123.572037, 13.232049], [123.572037, 13.232588], [123.571498, 13.232588], [123.571498, 13.233666], [123.570959, 13.233666], [123.570959, 13.235283], [123.571498, 13.235283], [123.571498, 13.235821], [123.572037, 13.235821], [123.572037, 13.236899], [123.571498, 13.236899], [123.571498, 13.238516], [123.572037, 13.238516], [123.572037, 13.239055], [123.572576, 13.239055], [123.572576, 13.239594], [123.573115, 13.239594], [123.573115, 13.240133], [123.573654, 13.240133], [123.573654, 13.240672], [123.574193, 13.240672], [123.574193, 13.24175], [123.575271, 13.24175], [123.575271, 13.241211], [123.57581, 13.241211], [123.57581, 13.24175], [123.579044, 13.24175], [123.579044, 13.241211], [123.580121, 13.241211], [123.580121, 13.24175], [123.583355, 13.24175], [123.583355, 13.241211], [123.584433, 13.241211], [123.584433, 13.242289], [123.583894, 13.242289], [123.583894, 13.242828], [123.583355, 13.242828], [123.583355, 13.243367], [123.582816, 13.243367], [123.582816, 13.246062], [123.583355, 13.246062], [123.583355, 13.246601], [123.582816, 13.246601], [123.582816, 13.24714], [123.582277, 13.24714], [123.582277, 13.248218], [123.581738, 13.248218], [123.581738, 13.249835], [123.582277, 13.249835], [123.582277, 13.250913], [123.582816, 13.250913], [123.582816, 13.251991], [123.583355, 13.251991], [123.583355, 13.25253], [123.583894, 13.25253], [123.583894, 13.253069], [123.583355, 13.253069], [123.583355, 13.253608], [123.583894, 13.253608], [123.583894, 13.254147], [123.584972, 13.254147], [123.584972, 13.254686], [123.585511, 13.254686], [123.585511, 13.255764], [123.58605, 13.255764], [123.58605, 13.256303], [123.585511, 13.256303], [123.585511, 13.256842], [123.584972, 13.256842], [123.584972, 13.257381], [123.582816, 13.257381], [123.582816, 13.25792], [123.582277, 13.25792], [123.582277, 13.258998], [123.582816, 13.258998], [123.582816, 13.259537], [123.583894, 13.259537], [123.583894, 13.260615], [123.584972, 13.260615], [123.584972, 13.261154], [123.58605, 13.261154], [123.58605, 13.261693], [123.586589, 13.261693], [123.586589, 13.261154], [123.588206, 13.261154], [123.588206, 13.261693], [123.587128, 13.261693], [123.587128, 13.262232], [123.58605, 13.262232], [123.58605, 13.26331], [123.585511, 13.26331], [123.585511, 13.264927], [123.58605, 13.264927], [123.58605, 13.265466], [123.586589, 13.265466], [123.586589, 13.264927], [123.589284, 13.264927], [123.589284, 13.265466], [123.589823, 13.265466], [123.589823, 13.266005], [123.589284, 13.266005], [123.589284, 13.267622], [123.589823, 13.267622], [123.589823, 13.268161], [123.588206, 13.268161], [123.588206, 13.269778], [123.587667, 13.269778], [123.587667, 13.270317], [123.587128, 13.270317], [123.587128, 13.270856], [123.586589, 13.270856], [123.586589, 13.271395], [123.58605, 13.271395], [123.58605, 13.271934], [123.584972, 13.271934], [123.584972, 13.272473], [123.584433, 13.272473], [123.584433, 13.27409], [123.583894, 13.27409], [123.583894, 13.274629], [123.583355, 13.274629], [123.583355, 13.275168], [123.582816, 13.275168], [123.582816, 13.276246], [123.582277, 13.276246], [123.582277, 13.276785], [123.581738, 13.276785], [123.581738, 13.277324], [123.58066, 13.277324], [123.58066, 13.275707], [123.580121, 13.275707], [123.580121, 13.275168], [123.579582, 13.275168], [123.579582, 13.274629], [123.578505, 13.274629], [123.578505, 13.275168], [123.577966, 13.275168], [123.577966, 13.275707], [123.577427, 13.275707], [123.577427, 13.276246], [123.575271, 13.276246], [123.575271, 13.276785], [123.574732, 13.276785], [123.574732, 13.276246], [123.573654, 13.276246], [123.573654, 13.276785], [123.573115, 13.276785], [123.573115, 13.277324], [123.572576, 13.277324], [123.572576, 13.277863], [123.572037, 13.277863], [123.572037, 13.278402], [123.571498, 13.278402], [123.571498, 13.27948], [123.570959, 13.27948], [123.570959, 13.280019], [123.57042, 13.280019], [123.57042, 13.27948], [123.569881, 13.27948], [123.569881, 13.278941], [123.568264, 13.278941], [123.568264, 13.278402], [123.566108, 13.278402], [123.566108, 13.278941], [123.565569, 13.278941], [123.565569, 13.280019], [123.56503, 13.280019], [123.56503, 13.280558], [123.564491, 13.280558], [123.564491, 13.281097], [123.563413, 13.281097], [123.563413, 13.281636], [123.562874, 13.281636], [123.562874, 13.282175], [123.560718, 13.282175], [123.560718, 13.282714], [123.55964, 13.282714], [123.55964, 13.283253], [123.556945, 13.283253], [123.556945, 13.283792], [123.556406, 13.283792], [123.556406, 13.285408], [123.555867, 13.285408], [123.555867, 13.285947], [123.555328, 13.285947], [123.555328, 13.286486], [123.554789, 13.286486], [123.554789, 13.287025], [123.553711, 13.287025], [123.553711, 13.288103], [123.555867, 13.288103], [123.555867, 13.288642], [123.556406, 13.288642], [123.556406, 13.289181], [123.555867, 13.289181], [123.555867, 13.28972], [123.554789, 13.28972], [123.554789, 13.290259], [123.55425, 13.290259], [123.55425, 13.290798], [123.553711, 13.290798], [123.553711, 13.291337], [123.553172, 13.291337], [123.553172, 13.291876], [123.552633, 13.291876], [123.552633, 13.292415], [123.553172, 13.292415], [123.553172, 13.293493], [123.553711, 13.293493], [123.553711, 13.294032], [123.55425, 13.294032], [123.55425, 13.294571], [123.555867, 13.294571], [123.555867, 13.29511], [123.556945, 13.29511], [123.556945, 13.295649], [123.554789, 13.295649], [123.554789, 13.296188], [123.55425, 13.296188], [123.55425, 13.296727], [123.553711, 13.296727], [123.553711, 13.297266], [123.553172, 13.297266], [123.553172, 13.296727], [123.552094, 13.296727], [123.552094, 13.296188], [123.549399, 13.296188], [123.549399, 13.296727], [123.548321, 13.296727], [123.548321, 13.296188], [123.545626, 13.296188], [123.545626, 13.296727], [123.544009, 13.296727], [123.544009, 13.295649], [123.54347, 13.295649], [123.54347, 13.29511], [123.542392, 13.29511], [123.542392, 13.295649], [123.542931, 13.295649], [123.542931, 13.297805], [123.542392, 13.297805], [123.542392, 13.298344], [123.540775, 13.298344], [123.540775, 13.297805], [123.540236, 13.297805], [123.540236, 13.297266], [123.540775, 13.297266], [123.540775, 13.296727], [123.539697, 13.296727], [123.539697, 13.297266], [123.538619, 13.297266], [123.538619, 13.298344], [123.539158, 13.298344], [123.539158, 13.298883], [123.53808, 13.298883], [123.53808, 13.301039], [123.538619, 13.301039], [123.538619, 13.301578], [123.539158, 13.301578], [123.539158, 13.302656], [123.538619, 13.302656], [123.538619, 13.304273], [123.537541, 13.304273], [123.537541, 13.303734], [123.536463, 13.303734], [123.536463, 13.302656], [123.535924, 13.302656], [123.535924, 13.302117], [123.533768, 13.302117], [123.533768, 13.301578], [123.53269, 13.301578], [123.53269, 13.301039], [123.531073, 13.301039], [123.531073, 13.3005], [123.530534, 13.3005], [123.530534, 13.299422], [123.529995, 13.299422], [123.529995, 13.298883], [123.529457, 13.298883], [123.529457, 13.298344], [123.528379, 13.298344], [123.528379, 13.297805], [123.526762, 13.297805], [123.526762, 13.297266], [123.526223, 13.297266], [123.526223, 13.296727], [123.525684, 13.296727], [123.525684, 13.296188], [123.523528, 13.296188], [123.523528, 13.295649], [123.52245, 13.295649], [123.52245, 13.296188], [123.521372, 13.296188], [123.521372, 13.295649], [123.519755, 13.295649], [123.519755, 13.296188], [123.518138, 13.296188], [123.518138, 13.295649], [123.517599, 13.295649], [123.517599, 13.29511], [123.518138, 13.29511], [123.518138, 13.293493], [123.517599, 13.293493], [123.517599, 13.292954], [123.516521, 13.292954], [123.516521, 13.293493], [123.513826, 13.293493], [123.513826, 13.294032], [123.513287, 13.294032], [123.513287, 13.294571], [123.512748, 13.294571], [123.512748, 13.29511], [123.512209, 13.29511], [123.512209, 13.296188], [123.51167, 13.296188], [123.51167, 13.297266], [123.510053, 13.297266], [123.510053, 13.296727], [123.509514, 13.296727], [123.509514, 13.296188], [123.507897, 13.296188], [123.507897, 13.295649], [123.507358, 13.295649], [123.507358, 13.29511], [123.506819, 13.29511], [123.506819, 13.294571], [123.50628, 13.294571], [123.50628, 13.294032], [123.505741, 13.294032], [123.505741, 13.293493], [123.505202, 13.293493], [123.505202, 13.292954], [123.504124, 13.292954], [123.504124, 13.292415], [123.503046, 13.292415], [123.503046, 13.292954], [123.501429, 13.292954], [123.501429, 13.293493], [123.500351, 13.293493], [123.500351, 13.294032], [123.499812, 13.294032], [123.499812, 13.294571], [123.499273, 13.294571], [123.499273, 13.29511], [123.498734, 13.29511], [123.498734, 13.296188], [123.498195, 13.296188], [123.498195, 13.296727], [123.497656, 13.296727], [123.497656, 13.297805], [123.4955, 13.297805], [123.4955, 13.298344], [123.494961, 13.298344], [123.494961, 13.298883], [123.4955, 13.298883], [123.4955, 13.299422], [123.496578, 13.299422], [123.496578, 13.299961], [123.496039, 13.299961], [123.496039, 13.301578], [123.4955, 13.301578], [123.4955, 13.302656], [123.496039, 13.302656], [123.496039, 13.303195], [123.493883, 13.303195], [123.493883, 13.302656], [123.491188, 13.302656], [123.491188, 13.303195], [123.490649, 13.303195], [123.490649, 13.303734], [123.491188, 13.303734], [123.491188, 13.304812], [123.491727, 13.304812], [123.491727, 13.30589], [123.492805, 13.30589], [123.492805, 13.306968], [123.493883, 13.306968], [123.493883, 13.307507], [123.4955, 13.307507], [123.4955, 13.308046], [123.496039, 13.308046], [123.496039, 13.308585], [123.4955, 13.308585], [123.4955, 13.31128], [123.494961, 13.31128], [123.494961, 13.311819], [123.494422, 13.311819], [123.494422, 13.312897], [123.494961, 13.312897], [123.494961, 13.315053], [123.494422, 13.315053], [123.494422, 13.314514], [123.492266, 13.314514], [123.492266, 13.312897], [123.491727, 13.312897], [123.491727, 13.311819], [123.491188, 13.311819], [123.491188, 13.310202], [123.487415, 13.310202], [123.487415, 13.312358], [123.485798, 13.312358], [123.485798, 13.312897], [123.485259, 13.312897], [123.485259, 13.313975], [123.48472, 13.313975], [123.48472, 13.315053], [123.485259, 13.315053], [123.485259, 13.318826], [123.485798, 13.318826], [123.485798, 13.319365], [123.486337, 13.319365], [123.486337, 13.319904], [123.484181, 13.319904], [123.484181, 13.320443], [123.483642, 13.320443], [123.483642, 13.323677], [123.481486, 13.323677], [123.481486, 13.324216], [123.480947, 13.324216], [123.480947, 13.324755], [123.480408, 13.324755], [123.480408, 13.325833], [123.479331, 13.325833], [123.479331, 13.324755], [123.478792, 13.324755], [123.478792, 13.323677], [123.478253, 13.323677], [123.478253, 13.322599], [123.477714, 13.322599], [123.477714, 13.320982], [123.477175, 13.320982], [123.477175, 13.320443], [123.476636, 13.320443], [123.476636, 13.320982], [123.475558, 13.320982], [123.475558, 13.320443], [123.475019, 13.320443], [123.475019, 13.320982], [123.47448, 13.320982], [123.47448, 13.323138], [123.473941, 13.323138], [123.473941, 13.323677], [123.470707, 13.323677], [123.470707, 13.324216], [123.470168, 13.324216], [123.470168, 13.324755], [123.470707, 13.324755], [123.470707, 13.325833], [123.471246, 13.325833], [123.471246, 13.326372], [123.472863, 13.326372], [123.472863, 13.326911], [123.473402, 13.326911], [123.473402, 13.32745], [123.47448, 13.32745], [123.47448, 13.327989], [123.475558, 13.327989], [123.475558, 13.328528], [123.476636, 13.328528], [123.476636, 13.329067], [123.477175, 13.329067], [123.477175, 13.331762], [123.476097, 13.331762], [123.476097, 13.331223], [123.475558, 13.331223], [123.475558, 13.330684], [123.475019, 13.330684], [123.475019, 13.330145], [123.473941, 13.330145], [123.473941, 13.330684], [123.473402, 13.330684], [123.473402, 13.331762], [123.473941, 13.331762], [123.473941, 13.333918], [123.473402, 13.333918], [123.473402, 13.335534], [123.47448, 13.335534], [123.47448, 13.337151], [123.473941, 13.337151], [123.473941, 13.338768], [123.47448, 13.338768], [123.47448, 13.339846], [123.473941, 13.339846], [123.473941, 13.340385], [123.472863, 13.340385], [123.472863, 13.339846], [123.472324, 13.339846], [123.472324, 13.338768], [123.471785, 13.338768], [123.471785, 13.338229], [123.470707, 13.338229], [123.470707, 13.33769], [123.470168, 13.33769], [123.470168, 13.337151], [123.46909, 13.337151], [123.46909, 13.336612], [123.467473, 13.336612], [123.467473, 13.337151], [123.466934, 13.337151], [123.466934, 13.338229], [123.465317, 13.338229], [123.465317, 13.339307], [123.465856, 13.339307], [123.465856, 13.339846], [123.466395, 13.339846], [123.466395, 13.340385], [123.467473, 13.340385], [123.467473, 13.340924], [123.468012, 13.340924], [123.468012, 13.341463], [123.468551, 13.341463], [123.468551, 13.342541], [123.468012, 13.342541], [123.468012, 13.34308], [123.466934, 13.34308], [123.466934, 13.342541], [123.465856, 13.342541], [123.465856, 13.340924], [123.465317, 13.340924], [123.465317, 13.340385], [123.464778, 13.340385], [123.464778, 13.339846], [123.464239, 13.339846], [123.464239, 13.339307], [123.4637, 13.339307], [123.4637, 13.338768], [123.462083, 13.338768], [123.462083, 13.336073], [123.461544, 13.336073], [123.461544, 13.335534], [123.460466, 13.335534], [123.460466, 13.334995], [123.459927, 13.334995], [123.459927, 13.334457], [123.459388, 13.334457], [123.459388, 13.333918], [123.458849, 13.333918], [123.458849, 13.33284], [123.45831, 13.33284], [123.45831, 13.331762], [123.457771, 13.331762], [123.457771, 13.331223], [123.457232, 13.331223], [123.457232, 13.330684], [123.456693, 13.330684], [123.456693, 13.330145], [123.453459, 13.330145], [123.453459, 13.330684], [123.452381, 13.330684], [123.452381, 13.331223], [123.451842, 13.331223], [123.451842, 13.333379], [123.451303, 13.333379], [123.451303, 13.333918], [123.451842, 13.333918], [123.451842, 13.334457], [123.452381, 13.334457], [123.452381, 13.334995], [123.453459, 13.334995], [123.453459, 13.335534], [123.453998, 13.335534], [123.453998, 13.337151], [123.453459, 13.337151], [123.453459, 13.33769], [123.452381, 13.33769], [123.452381, 13.337151], [123.451842, 13.337151], [123.451842, 13.336612], [123.451303, 13.336612], [123.451303, 13.336073], [123.449686, 13.336073], [123.449686, 13.335534], [123.448069, 13.335534], [123.448069, 13.33769], [123.446991, 13.33769], [123.446991, 13.337151], [123.446452, 13.337151], [123.446452, 13.336612], [123.445913, 13.336612], [123.445913, 13.336073], [123.445374, 13.336073], [123.445374, 13.33769], [123.445913, 13.33769], [123.445913, 13.339307], [123.444296, 13.339307], [123.444296, 13.339846], [123.443757, 13.339846], [123.443757, 13.340385], [123.442679, 13.340385], [123.442679, 13.338229], [123.44214, 13.338229], [123.44214, 13.33769], [123.441062, 13.33769], [123.441062, 13.338229], [123.440523, 13.338229], [123.440523, 13.339846], [123.441062, 13.339846], [123.441062, 13.340385], [123.439445, 13.340385], [123.439445, 13.339307], [123.438367, 13.339307], [123.438367, 13.339846], [123.437828, 13.339846], [123.437828, 13.340385], [123.437289, 13.340385], [123.437289, 13.342002], [123.437828, 13.342002], [123.437828, 13.342541], [123.438367, 13.342541], [123.438367, 13.344158], [123.437828, 13.344158], [123.437828, 13.345775], [123.438367, 13.345775], [123.438367, 13.346314], [123.438906, 13.346314], [123.438906, 13.346853], [123.439445, 13.346853], [123.439445, 13.347931], [123.438906, 13.347931], [123.438906, 13.350087], [123.439445, 13.350087], [123.439445, 13.350626], [123.439984, 13.350626], [123.439984, 13.350087], [123.441062, 13.350087], [123.441062, 13.350626], [123.441601, 13.350626], [123.441601, 13.351165], [123.442679, 13.351165], [123.442679, 13.351704], [123.443757, 13.351704], [123.443757, 13.350626], [123.444835, 13.350626], [123.444835, 13.351165], [123.445374, 13.351165], [123.445374, 13.352243], [123.445913, 13.352243], [123.445913, 13.352782], [123.446991, 13.352782], [123.446991, 13.353321], [123.448069, 13.353321], [123.448069, 13.352782], [123.448608, 13.352782], [123.448608, 13.352243], [123.449147, 13.352243], [123.449147, 13.351704], [123.450225, 13.351704], [123.450225, 13.352243], [123.450764, 13.352243], [123.450764, 13.352782], [123.456693, 13.352782], [123.456693, 13.352243], [123.45831, 13.352243], [123.45831, 13.351704], [123.459388, 13.351704], [123.459388, 13.350087], [123.457232, 13.350087], [123.457232, 13.349009], [123.457771, 13.349009], [123.457771, 13.34847], [123.45831, 13.34847], [123.45831, 13.347392], [123.457771, 13.347392], [123.457771, 13.346853], [123.456693, 13.346853], [123.456693, 13.345236], [123.456154, 13.345236], [123.456154, 13.344158], [123.455615, 13.344158], [123.455615, 13.343619], [123.454537, 13.343619], [123.454537, 13.342541], [123.456154, 13.342541], [123.456154, 13.34308], [123.456693, 13.34308], [123.456693, 13.343619], [123.457232, 13.343619], [123.457232, 13.344158], [123.457771, 13.344158], [123.457771, 13.344697], [123.45831, 13.344697], [123.45831, 13.345236], [123.458849, 13.345236], [123.458849, 13.345775], [123.459388, 13.345775], [123.459388, 13.346314], [123.459927, 13.346314], [123.459927, 13.346853], [123.461005, 13.346853], [123.461005, 13.346314], [123.462083, 13.346314], [123.462083, 13.345775], [123.463161, 13.345775], [123.463161, 13.346314], [123.4637, 13.346314], [123.4637, 13.346853], [123.464239, 13.346853], [123.464239, 13.347392], [123.465317, 13.347392], [123.465317, 13.347931], [123.465856, 13.347931], [123.465856, 13.34847], [123.466395, 13.34847], [123.466395, 13.349548], [123.465856, 13.349548], [123.465856, 13.350087], [123.465317, 13.350087], [123.465317, 13.351165], [123.464778, 13.351165], [123.464778, 13.351704], [123.464239, 13.351704], [123.464239, 13.352782], [123.464778, 13.352782], [123.464778, 13.353321], [123.465317, 13.353321], [123.465317, 13.35386], [123.466934, 13.35386], [123.466934, 13.354399], [123.467473, 13.354399], [123.467473, 13.356016], [123.469629, 13.356016], [123.469629, 13.356555], [123.470168, 13.356555], [123.470168, 13.359789], [123.471785, 13.359789], [123.471785, 13.360328], [123.473941, 13.360328], [123.473941, 13.35925], [123.473402, 13.35925], [123.473402, 13.358172], [123.472863, 13.358172], [123.472863, 13.357633], [123.472324, 13.357633], [123.472324, 13.357094], [123.471785, 13.357094], [123.471785, 13.356016], [123.47448, 13.356016], [123.47448, 13.355477], [123.475019, 13.355477], [123.475019, 13.35386], [123.473941, 13.35386], [123.473941, 13.353321], [123.472863, 13.353321], [123.472863, 13.352243], [123.47448, 13.352243], [123.47448, 13.352782], [123.477175, 13.352782], [123.477175, 13.353321], [123.478253, 13.353321], [123.478253, 13.35386], [123.478792, 13.35386], [123.478792, 13.353321], [123.47987, 13.353321], [123.47987, 13.352782], [123.480947, 13.352782], [123.480947, 13.353321], [123.481486, 13.353321], [123.481486, 13.35386], [123.482564, 13.35386], [123.482564, 13.354399], [123.483103, 13.354399], [123.483103, 13.354938], [123.483642, 13.354938], [123.483642, 13.355477], [123.48472, 13.355477], [123.48472, 13.354938], [123.485259, 13.354938], [123.485259, 13.35386], [123.48472, 13.35386], [123.48472, 13.353321], [123.484181, 13.353321], [123.484181, 13.352243], [123.48472, 13.352243], [123.48472, 13.351704], [123.485798, 13.351704], [123.485798, 13.350087], [123.486337, 13.350087], [123.486337, 13.349009], [123.486876, 13.349009], [123.486876, 13.347931], [123.487415, 13.347931], [123.487415, 13.34847], [123.488493, 13.34847], [123.488493, 13.347931], [123.489571, 13.347931], [123.489571, 13.347392], [123.491188, 13.347392], [123.491188, 13.345236], [123.491727, 13.345236], [123.491727, 13.344697], [123.493883, 13.344697], [123.493883, 13.344158], [123.494422, 13.344158], [123.494422, 13.34308], [123.494961, 13.34308], [123.494961, 13.342541], [123.4955, 13.342541], [123.4955, 13.341463], [123.496039, 13.341463], [123.496039, 13.340924], [123.496578, 13.340924], [123.496578, 13.340385], [123.497117, 13.340385], [123.497117, 13.339846], [123.497656, 13.339846], [123.497656, 13.337151], [123.498734, 13.337151], [123.498734, 13.33769], [123.499812, 13.33769], [123.499812, 13.334995], [123.499273, 13.334995], [123.499273, 13.333379], [123.499812, 13.333379], [123.499812, 13.333918], [123.501429, 13.333918], [123.501429, 13.334457], [123.503585, 13.334457], [123.503585, 13.334995], [123.504663, 13.334995], [123.504663, 13.334457], [123.505202, 13.334457], [123.505202, 13.333918], [123.50628, 13.333918], [123.50628, 13.336612], [123.505741, 13.336612], [123.505741, 13.337151], [123.504124, 13.337151], [123.504124, 13.336612], [123.503046, 13.336612], [123.503046, 13.337151], [123.503585, 13.337151], [123.503585, 13.33769], [123.504124, 13.33769], [123.504124, 13.338229], [123.505741, 13.338229], [123.505741, 13.33769], [123.50628, 13.33769], [123.50628, 13.337151], [123.508436, 13.337151], [123.508436, 13.33769], [123.507897, 13.33769], [123.507897, 13.338768], [123.509514, 13.338768], [123.509514, 13.338229], [123.510592, 13.338229], [123.510592, 13.339307], [123.510053, 13.339307], [123.510053, 13.340385], [123.509514, 13.340385], [123.509514, 13.340924], [123.508975, 13.340924], [123.508975, 13.341463], [123.508436, 13.341463], [123.508436, 13.342002], [123.50628, 13.342002], [123.50628, 13.341463], [123.505741, 13.341463], [123.505741, 13.342002], [123.505202, 13.342002], [123.505202, 13.342541], [123.505741, 13.342541], [123.505741, 13.34308], [123.50628, 13.34308], [123.50628, 13.343619], [123.507897, 13.343619], [123.507897, 13.34308], [123.508436, 13.34308], [123.508436, 13.342541], [123.510053, 13.342541], [123.510053, 13.343619], [123.509514, 13.343619], [123.509514, 13.344158], [123.508975, 13.344158], [123.508975, 13.344697], [123.508436, 13.344697], [123.508436, 13.346853], [123.50628, 13.346853], [123.50628, 13.347392], [123.505741, 13.347392], [123.505741, 13.349548], [123.505202, 13.349548], [123.505202, 13.350626], [123.504663, 13.350626], [123.504663, 13.351165], [123.504124, 13.351165], [123.504124, 13.352782], [123.505741, 13.352782], [123.505741, 13.353321], [123.505202, 13.353321], [123.505202, 13.35386], [123.503585, 13.35386], [123.503585, 13.354399], [123.503046, 13.354399], [123.503046, 13.354938], [123.504663, 13.354938], [123.504663, 13.355477], [123.505741, 13.355477], [123.505741, 13.356016], [123.506819, 13.356016], [123.506819, 13.356555], [123.508975, 13.356555], [123.508975, 13.356016], [123.509514, 13.356016], [123.509514, 13.355477], [123.511131, 13.355477], [123.511131, 13.356016], [123.512748, 13.356016], [123.512748, 13.356555], [123.512209, 13.356555], [123.512209, 13.357633], [123.51167, 13.357633], [123.51167, 13.358172], [123.510053, 13.358172], [123.510053, 13.357633], [123.508436, 13.357633], [123.508436, 13.358172], [123.507897, 13.358172], [123.507897, 13.358711], [123.507358, 13.358711], [123.507358, 13.360328], [123.506819, 13.360328], [123.506819, 13.363023], [123.507358, 13.363023], [123.507358, 13.363562], [123.507897, 13.363562], [123.507897, 13.364101], [123.507358, 13.364101], [123.507358, 13.36464], [123.506819, 13.36464], [123.506819, 13.365718], [123.508436, 13.365718], [123.508436, 13.366796], [123.50628, 13.366796], [123.50628, 13.367874], [123.506819, 13.367874], [123.506819, 13.368413], [123.50628, 13.368413], [123.50628, 13.368952], [123.505741, 13.368952], [123.505741, 13.369491], [123.504663, 13.369491], [123.504663, 13.37003], [123.503585, 13.37003], [123.503585, 13.371647], [123.503046, 13.371647], [123.503046, 13.372186], [123.502507, 13.372186], [123.502507, 13.371647], [123.501968, 13.371647], [123.501968, 13.371108], [123.501429, 13.371108], [123.501429, 13.370569], [123.496578, 13.370569], [123.496578, 13.372186], [123.497117, 13.372186], [123.497117, 13.372725], [123.497656, 13.372725], [123.497656, 13.373264], [123.498195, 13.373264], [123.498195, 13.375959], [123.497656, 13.375959], [123.497656, 13.376498], [123.4955, 13.376498], [123.4955, 13.377037], [123.494961, 13.377037], [123.494961, 13.378654], [123.494422, 13.378654], [123.494422, 13.379732], [123.494961, 13.379732], [123.494961, 13.380271], [123.4955, 13.380271], [123.4955, 13.379732], [123.496039, 13.379732], [123.496039, 13.379193], [123.497117, 13.379193], [123.497117, 13.381349], [123.497656, 13.381349], [123.497656, 13.381888], [123.498195, 13.381888], [123.498195, 13.382427], [123.498734, 13.382427], [123.498734, 13.382966], [123.499273, 13.382966], [123.499273, 13.382427], [123.499812, 13.382427], [123.499812, 13.380271], [123.498734, 13.380271], [123.498734, 13.378115], [123.499273, 13.378115], [123.499273, 13.379193], [123.500351, 13.379193], [123.500351, 13.379732], [123.501429, 13.379732], [123.501429, 13.380271], [123.501968, 13.380271], [123.501968, 13.381349], [123.501429, 13.381349], [123.501429, 13.382427], [123.501968, 13.382427], [123.501968, 13.382966], [123.504663, 13.382966], [123.504663, 13.384044], [123.505202, 13.384044], [123.505202, 13.384583], [123.505741, 13.384583], [123.505741, 13.385121], [123.506819, 13.385121], [123.506819, 13.384583], [123.508975, 13.384583], [123.508975, 13.385121], [123.51167, 13.385121], [123.51167, 13.38566], [123.512209, 13.38566], [123.512209, 13.387816], [123.512748, 13.387816], [123.512748, 13.388355], [123.513287, 13.388355], [123.513287, 13.388894], [123.513826, 13.388894], [123.513826, 13.386738], [123.513287, 13.386738], [123.513287, 13.38566], [123.514365, 13.38566], [123.514365, 13.386199], [123.514904, 13.386199], [123.514904, 13.386738], [123.515982, 13.386738], [123.515982, 13.387277], [123.516521, 13.387277], [123.516521, 13.386738], [123.51706, 13.386738], [123.51706, 13.387277], [123.518138, 13.387277], [123.518138, 13.388355], [123.518677, 13.388355], [123.518677, 13.389433], [123.520294, 13.389433], [123.520294, 13.391589], [123.519755, 13.391589], [123.519755, 13.392128], [123.520294, 13.392128], [123.520294, 13.392667], [123.520833, 13.392667], [123.520833, 13.394823], [123.523528, 13.394823], [123.523528, 13.395362], [123.524067, 13.395362], [123.524067, 13.399135], [123.523528, 13.399135], [123.523528, 13.399674], [123.521911, 13.399674], [123.521911, 13.400213], [123.521372, 13.400213], [123.521372, 13.400752], [123.521911, 13.400752], [123.521911, 13.401291], [123.52245, 13.401291], [123.52245, 13.400752], [123.522989, 13.400752], [123.522989, 13.400213], [123.524067, 13.400213], [123.524067, 13.400752], [123.525684, 13.400752], [123.525684, 13.401291], [123.526223, 13.401291], [123.526223, 13.402369], [123.526762, 13.402369], [123.526762, 13.402908], [123.527301, 13.402908], [123.527301, 13.403447], [123.52784, 13.403447], [123.52784, 13.403986], [123.525684, 13.403986], [123.525684, 13.404525], [123.525145, 13.404525], [123.525145, 13.405064], [123.525684, 13.405064], [123.525684, 13.405603], [123.526223, 13.405603], [123.526223, 13.407759], [123.526762, 13.407759], [123.526762, 13.408837], [123.527301, 13.408837], [123.527301, 13.410454], [123.52784, 13.410454], [123.52784, 13.410993], [123.528379, 13.410993], [123.528379, 13.412071], [123.52784, 13.412071], [123.52784, 13.41261], [123.524067, 13.41261], [123.524067, 13.413149], [123.523528, 13.413149], [123.523528, 13.413688], [123.522989, 13.413688], [123.522989, 13.414227], [123.52245, 13.414227], [123.52245, 13.414766], [123.521911, 13.414766], [123.521911, 13.416383], [123.52245, 13.416383], [123.52245, 13.416922], [123.522989, 13.416922], [123.522989, 13.418], [123.52245, 13.418], [123.52245, 13.419078], [123.522989, 13.419078], [123.522989, 13.419617], [123.524067, 13.419617], [123.524067, 13.419078], [123.524606, 13.419078], [123.524606, 13.417461], [123.524067, 13.417461], [123.524067, 13.415844], [123.524606, 13.415844], [123.524606, 13.415305], [123.526223, 13.415305], [123.526223, 13.415844], [123.52784, 13.415844], [123.52784, 13.418], [123.527301, 13.418], [123.527301, 13.419078], [123.526762, 13.419078], [123.526762, 13.420695], [123.52784, 13.420695], [123.52784, 13.421234], [123.529995, 13.421234], [123.529995, 13.421773], [123.530534, 13.421773], [123.530534, 13.422312], [123.531073, 13.422312], [123.531073, 13.422851], [123.531612, 13.422851], [123.531612, 13.425546], [123.530534, 13.425546], [123.530534, 13.425007], [123.529995, 13.425007], [123.529995, 13.424468], [123.52784, 13.424468], [123.52784, 13.423929], [123.526223, 13.423929], [123.526223, 13.424468], [123.525684, 13.424468], [123.525684, 13.426624], [123.526223, 13.426624], [123.526223, 13.427163], [123.527301, 13.427163], [123.527301, 13.427702], [123.52784, 13.427702], [123.52784, 13.432553], [123.528379, 13.432553], [123.528379, 13.433092], [123.528918, 13.433092], [123.528918, 13.433631], [123.530534, 13.433631], [123.530534, 13.43417], [123.534846, 13.43417], [123.534846, 13.434708], [123.536463, 13.434708], [123.536463, 13.435247], [123.537541, 13.435247], [123.537541, 13.435786], [123.53808, 13.435786], [123.53808, 13.436325], [123.538619, 13.436325], [123.538619, 13.436864], [123.539158, 13.436864], [123.539158, 13.437403], [123.539697, 13.437403], [123.539697, 13.437942], [123.540775, 13.437942], [123.540775, 13.43902], [123.538619, 13.43902], [123.538619, 13.438481], [123.537541, 13.438481], [123.537541, 13.43902], [123.537002, 13.43902], [123.537002, 13.440098], [123.535924, 13.440098], [123.535924, 13.43902], [123.535385, 13.43902], [123.535385, 13.438481], [123.533229, 13.438481], [123.533229, 13.440637], [123.533768, 13.440637], [123.533768, 13.441176], [123.534307, 13.441176], [123.534307, 13.442254], [123.534846, 13.442254], [123.534846, 13.442793], [123.535385, 13.442793], [123.535385, 13.443332], [123.535924, 13.443332], [123.535924, 13.443871], [123.536463, 13.443871], [123.536463, 13.44441], [123.537002, 13.44441], [123.537002, 13.445488], [123.535385, 13.445488], [123.535385, 13.444949], [123.533768, 13.444949], [123.533768, 13.44441], [123.53269, 13.44441], [123.53269, 13.444949], [123.532151, 13.444949], [123.532151, 13.446566], [123.53269, 13.446566], [123.53269, 13.447105], [123.534307, 13.447105], [123.534307, 13.447644], [123.535385, 13.447644], [123.535385, 13.448183], [123.535924, 13.448183], [123.535924, 13.447644], [123.537541, 13.447644], [123.537541, 13.448183], [123.53808, 13.448183], [123.53808, 13.448722], [123.539158, 13.448722], [123.539158, 13.449261], [123.539697, 13.449261], [123.539697, 13.4498], [123.539158, 13.4498], [123.539158, 13.450339], [123.53808, 13.450339], [123.53808, 13.4498], [123.537541, 13.4498], [123.537541, 13.449261], [123.535924, 13.449261], [123.535924, 13.4498], [123.533229, 13.4498], [123.533229, 13.450339], [123.53269, 13.450339], [123.53269, 13.452495], [123.533768, 13.452495], [123.533768, 13.453573], [123.533229, 13.453573], [123.533229, 13.454112], [123.532151, 13.454112], [123.532151, 13.454651], [123.531612, 13.454651], [123.531612, 13.45519], [123.531073, 13.45519], [123.531073, 13.455729], [123.531612, 13.455729], [123.531612, 13.456807], [123.531073, 13.456807], [123.531073, 13.457346], [123.530534, 13.457346], [123.530534, 13.458424], [123.52784, 13.458424], [123.52784, 13.458963], [123.527301, 13.458963], [123.527301, 13.459502], [123.526762, 13.459502], [123.526762, 13.460041], [123.525145, 13.460041], [123.525145, 13.459502], [123.523528, 13.459502], [123.523528, 13.460041], [123.522989, 13.460041], [123.522989, 13.461119], [123.521372, 13.461119], [123.521372, 13.461658], [123.520833, 13.461658], [123.520833, 13.464353], [123.518138, 13.464353], [123.518138, 13.464892], [123.51706, 13.464892], [123.51706, 13.465431], [123.516521, 13.465431], [123.516521, 13.466509], [123.51706, 13.466509], [123.51706, 13.467048], [123.517599, 13.467048], [123.517599, 13.467587], [123.520294, 13.467587], [123.520294, 13.468126], [123.519755, 13.468126], [123.519755, 13.468665], [123.519216, 13.468665], [123.519216, 13.470282], [123.519755, 13.470282], [123.519755, 13.470821], [123.520294, 13.470821], [123.520294, 13.470282], [123.529457, 13.470282], [123.529457, 13.469743], [123.529995, 13.469743], [123.529995, 13.469204], [123.530534, 13.469204], [123.530534, 13.468665], [123.531073, 13.468665], [123.531073, 13.468126], [123.532151, 13.468126], [123.532151, 13.467587], [123.533229, 13.467587], [123.533229, 13.467048], [123.535924, 13.467048], [123.535924, 13.466509], [123.53808, 13.466509], [123.53808, 13.467048], [123.538619, 13.467048], [123.538619, 13.467587], [123.539158, 13.467587], [123.539158, 13.468126], [123.540236, 13.468126], [123.540236, 13.468665], [123.542392, 13.468665], [123.542392, 13.469743], [123.540775, 13.469743], [123.540775, 13.469204], [123.539158, 13.469204], [123.539158, 13.468665], [123.537541, 13.468665], [123.537541, 13.468126], [123.536463, 13.468126], [123.536463, 13.468665], [123.535385, 13.468665], [123.535385, 13.469204], [123.534307, 13.469204], [123.534307, 13.469743], [123.53269, 13.469743], [123.53269, 13.470282], [123.532151, 13.470282], [123.532151, 13.470821], [123.531612, 13.470821], [123.531612, 13.472438], [123.532151, 13.472438], [123.532151, 13.472977], [123.533229, 13.472977], [123.533229, 13.473516], [123.533768, 13.473516], [123.533768, 13.474055], [123.534307, 13.474055], [123.534307, 13.475133], [123.534846, 13.475133], [123.534846, 13.475672], [123.535385, 13.475672], [123.535385, 13.476211], [123.535924, 13.476211], [123.535924, 13.47675], [123.537002, 13.47675], [123.537002, 13.477289], [123.537541, 13.477289], [123.537541, 13.477828], [123.538619, 13.477828], [123.538619, 13.478906], [123.537002, 13.478906], [123.537002, 13.479445], [123.536463, 13.479445], [123.536463, 13.478906], [123.535385, 13.478906], [123.535385, 13.478367], [123.534846, 13.478367], [123.534846, 13.477828], [123.533768, 13.477828], [123.533768, 13.477289], [123.533229, 13.477289], [123.533229, 13.47675], [123.53269, 13.47675], [123.53269, 13.476211], [123.532151, 13.476211], [123.532151, 13.475672], [123.530534, 13.475672], [123.530534, 13.475133], [123.528918, 13.475133], [123.528918, 13.474594], [123.528379, 13.474594], [123.528379, 13.474055], [123.52784, 13.474055], [123.52784, 13.473516], [123.524606, 13.473516], [123.524606, 13.474055], [123.524067, 13.474055], [123.524067, 13.474594], [123.523528, 13.474594], [123.523528, 13.475672], [123.524067, 13.475672], [123.524067, 13.476211], [123.524606, 13.476211], [123.524606, 13.477828], [123.525145, 13.477828], [123.525145, 13.478367], [123.525684, 13.478367], [123.525684, 13.478906], [123.526223, 13.478906], [123.526223, 13.479984], [123.526762, 13.479984], [123.526762, 13.481601], [123.526223, 13.481601], [123.526223, 13.481062], [123.525684, 13.481062], [123.525684, 13.480523], [123.524067, 13.480523], [123.524067, 13.479984], [123.523528, 13.479984], [123.523528, 13.479445], [123.522989, 13.479445], [123.522989, 13.478367], [123.52245, 13.478367], [123.52245, 13.477828], [123.520294, 13.477828], [123.520294, 13.478367], [123.519755, 13.478367], [123.519755, 13.478906], [123.519216, 13.478906], [123.519216, 13.479445], [123.516521, 13.479445], [123.516521, 13.479984], [123.515982, 13.479984], [123.515982, 13.480523], [123.515443, 13.480523], [123.515443, 13.481062], [123.515982, 13.481062], [123.515982, 13.481601], [123.516521, 13.481601], [123.516521, 13.482679], [123.51706, 13.482679], [123.51706, 13.484834], [123.517599, 13.484834], [123.517599, 13.485373], [123.519216, 13.485373], [123.519216, 13.485912], [123.519755, 13.485912], [123.519755, 13.486451], [123.520294, 13.486451], [123.520294, 13.487529], [123.519216, 13.487529], [123.519216, 13.48699], [123.518677, 13.48699], [123.518677, 13.486451], [123.516521, 13.486451], [123.516521, 13.485912], [123.515982, 13.485912], [123.515982, 13.485373], [123.514365, 13.485373], [123.514365, 13.485912], [123.513826, 13.485912], [123.513826, 13.487529], [123.513287, 13.487529], [123.513287, 13.488068], [123.512748, 13.488068], [123.512748, 13.487529], [123.512209, 13.487529], [123.512209, 13.485373], [123.51167, 13.485373], [123.51167, 13.484834], [123.510592, 13.484834], [123.510592, 13.484295], [123.508975, 13.484295], [123.508975, 13.483757], [123.508436, 13.483757], [123.508436, 13.483218], [123.507897, 13.483218], [123.507897, 13.482679], [123.506819, 13.482679], [123.506819, 13.48214], [123.50628, 13.48214], [123.50628, 13.481601], [123.505741, 13.481601], [123.505741, 13.481062], [123.505202, 13.481062], [123.505202, 13.480523], [123.502507, 13.480523], [123.502507, 13.481062], [123.501968, 13.481062], [123.501968, 13.482679], [123.501429, 13.482679], [123.501429, 13.483218], [123.497656, 13.483218], [123.497656, 13.482679], [123.496039, 13.482679], [123.496039, 13.48214], [123.494961, 13.48214], [123.494961, 13.481062], [123.496039, 13.481062], [123.496039, 13.480523], [123.496578, 13.480523], [123.496578, 13.479984], [123.499812, 13.479984], [123.499812, 13.479445], [123.500351, 13.479445], [123.500351, 13.478367], [123.499812, 13.478367], [123.499812, 13.477828], [123.499273, 13.477828], [123.499273, 13.47675], [123.498734, 13.47675], [123.498734, 13.476211], [123.498195, 13.476211], [123.498195, 13.474055], [123.497656, 13.474055], [123.497656, 13.472977], [123.497117, 13.472977], [123.497117, 13.471899], [123.496578, 13.471899], [123.496578, 13.470821], [123.496039, 13.470821], [123.496039, 13.470282], [123.4955, 13.470282], [123.4955, 13.469743], [123.494961, 13.469743], [123.494961, 13.469204], [123.494422, 13.469204], [123.494422, 13.468665], [123.493883, 13.468665], [123.493883, 13.467587], [123.494422, 13.467587], [123.494422, 13.467048], [123.496039, 13.467048], [123.496039, 13.466509], [123.497656, 13.466509], [123.497656, 13.46597], [123.498195, 13.46597], [123.498195, 13.465431], [123.498734, 13.465431], [123.498734, 13.463814], [123.498195, 13.463814], [123.498195, 13.462736], [123.497656, 13.462736], [123.497656, 13.462197], [123.496578, 13.462197], [123.496578, 13.461658], [123.494422, 13.461658], [123.494422, 13.46058], [123.494961, 13.46058], [123.494961, 13.459502], [123.494422, 13.459502], [123.494422, 13.458963], [123.492805, 13.458963], [123.492805, 13.458424], [123.492266, 13.458424], [123.492266, 13.457346], [123.492805, 13.457346], [123.492805, 13.456807], [123.493344, 13.456807], [123.493344, 13.455729], [123.493883, 13.455729], [123.493883, 13.454651], [123.494422, 13.454651], [123.494422, 13.454112], [123.494961, 13.454112], [123.494961, 13.451956], [123.4955, 13.451956], [123.4955, 13.451417], [123.496039, 13.451417], [123.496039, 13.445488], [123.496578, 13.445488], [123.496578, 13.44441], [123.497117, 13.44441], [123.497117, 13.443871], [123.496578, 13.443871], [123.496578, 13.443332], [123.496039, 13.443332], [123.496039, 13.442793], [123.4955, 13.442793], [123.4955, 13.442254], [123.494961, 13.442254], [123.494961, 13.439559], [123.494422, 13.439559], [123.494422, 13.43902], [123.492805, 13.43902], [123.492805, 13.437403], [123.493344, 13.437403], [123.493344, 13.436864], [123.494422, 13.436864], [123.494422, 13.437403], [123.4955, 13.437403], [123.4955, 13.436864], [123.496039, 13.436864], [123.496039, 13.434708], [123.496578, 13.434708], [123.496578, 13.43417], [123.498734, 13.43417], [123.498734, 13.433631], [123.501968, 13.433631], [123.501968, 13.43417], [123.502507, 13.43417], [123.502507, 13.434708], [123.505741, 13.434708], [123.505741, 13.433092], [123.505202, 13.433092], [123.505202, 13.431475], [123.505741, 13.431475], [123.505741, 13.430397], [123.505202, 13.430397], [123.505202, 13.42878], [123.504663, 13.42878], [123.504663, 13.428241], [123.504124, 13.428241], [123.504124, 13.427702], [123.501968, 13.427702], [123.501968, 13.428241], [123.501429, 13.428241], [123.501429, 13.42878], [123.50089, 13.42878], [123.50089, 13.429319], [123.499812, 13.429319], [123.499812, 13.42878], [123.496039, 13.42878], [123.496039, 13.429319], [123.4955, 13.429319], [123.4955, 13.430397], [123.494961, 13.430397], [123.494961, 13.430936], [123.493883, 13.430936], [123.493883, 13.430397], [123.493344, 13.430397], [123.493344, 13.429858], [123.492805, 13.429858], [123.492805, 13.430397], [123.492266, 13.430397], [123.492266, 13.430936], [123.491188, 13.430936], [123.491188, 13.432553], [123.491727, 13.432553], [123.491727, 13.433092], [123.489571, 13.433092], [123.489571, 13.433631], [123.487954, 13.433631], [123.487954, 13.430936], [123.487415, 13.430936], [123.487415, 13.429319], [123.487954, 13.429319], [123.487954, 13.427702], [123.487415, 13.427702], [123.487415, 13.428241], [123.486876, 13.428241], [123.486876, 13.427702], [123.486337, 13.427702], [123.486337, 13.427163], [123.485798, 13.427163], [123.485798, 13.426085], [123.487415, 13.426085], [123.487415, 13.426624], [123.487954, 13.426624], [123.487954, 13.426085], [123.488493, 13.426085], [123.488493, 13.425546], [123.49011, 13.425546], [123.49011, 13.426624], [123.490649, 13.426624], [123.490649, 13.427163], [123.491188, 13.427163], [123.491188, 13.427702], [123.491727, 13.427702], [123.491727, 13.428241], [123.494422, 13.428241], [123.494422, 13.427702], [123.494961, 13.427702], [123.494961, 13.426624], [123.4955, 13.426624], [123.4955, 13.425546], [123.494961, 13.425546], [123.494961, 13.424468], [123.4955, 13.424468], [123.4955, 13.423929], [123.496039, 13.423929], [123.496039, 13.42339], [123.496578, 13.42339], [123.496578, 13.422851], [123.497117, 13.422851], [123.497117, 13.422312], [123.496578, 13.422312], [123.496578, 13.421773], [123.4955, 13.421773], [123.4955, 13.421234], [123.494961, 13.421234], [123.494961, 13.420695], [123.494422, 13.420695], [123.494422, 13.420156], [123.494961, 13.420156], [123.494961, 13.419617], [123.4955, 13.419617], [123.4955, 13.418], [123.494961, 13.418], [123.494961, 13.417461], [123.493883, 13.417461], [123.493883, 13.416922], [123.492805, 13.416922], [123.492805, 13.416383], [123.492266, 13.416383], [123.492266, 13.414766], [123.491727, 13.414766], [123.491727, 13.414227], [123.491188, 13.414227], [123.491188, 13.413688], [123.490649, 13.413688], [123.490649, 13.413149], [123.489032, 13.413149], [123.489032, 13.414227], [123.488493, 13.414227], [123.488493, 13.415305], [123.487954, 13.415305], [123.487954, 13.416383], [123.486876, 13.416383], [123.486876, 13.416922], [123.485798, 13.416922], [123.485798, 13.415844], [123.485259, 13.415844], [123.485259, 13.415305], [123.482564, 13.415305], [123.482564, 13.414766], [123.482025, 13.414766], [123.482025, 13.414227], [123.480408, 13.414227], [123.480408, 13.414766], [123.478253, 13.414766], [123.478253, 13.414227], [123.477714, 13.414227], [123.477714, 13.413149], [123.477175, 13.413149], [123.477175, 13.412071], [123.476636, 13.412071], [123.476636, 13.410993], [123.476097, 13.410993], [123.476097, 13.410454], [123.475019, 13.410454], [123.475019, 13.410993], [123.47448, 13.410993], [123.47448, 13.412071], [123.473941, 13.412071], [123.473941, 13.41261], [123.472863, 13.41261], [123.472863, 13.413149], [123.470707, 13.413149], [123.470707, 13.413688], [123.470168, 13.413688], [123.470168, 13.414766], [123.470707, 13.414766], [123.470707, 13.415305], [123.472324, 13.415305], [123.472324, 13.416383], [123.470707, 13.416383], [123.470707, 13.416922], [123.470168, 13.416922], [123.470168, 13.417461], [123.469629, 13.417461], [123.469629, 13.418539], [123.470168, 13.418539], [123.470168, 13.419078], [123.470707, 13.419078], [123.470707, 13.420156], [123.469629, 13.420156], [123.469629, 13.419617], [123.46909, 13.419617], [123.46909, 13.419078], [123.468012, 13.419078], [123.468012, 13.418539], [123.467473, 13.418539], [123.467473, 13.418], [123.465856, 13.418], [123.465856, 13.417461], [123.464778, 13.417461], [123.464778, 13.419617], [123.464239, 13.419617], [123.464239, 13.420156], [123.462083, 13.420156], [123.462083, 13.419617], [123.459388, 13.419617], [123.459388, 13.419078], [123.457232, 13.419078], [123.457232, 13.418539], [123.456693, 13.418539], [123.456693, 13.418], [123.455615, 13.418], [123.455615, 13.417461], [123.454537, 13.417461], [123.454537, 13.416922], [123.451842, 13.416922], [123.451842, 13.416383], [123.450225, 13.416383], [123.450225, 13.415844], [123.449147, 13.415844], [123.449147, 13.416383], [123.448069, 13.416383], [123.448069, 13.416922], [123.446452, 13.416922], [123.446452, 13.417461], [123.445913, 13.417461], [123.445913, 13.418], [123.444835, 13.418], [123.444835, 13.418539], [123.443218, 13.418539], [123.443218, 13.419078], [123.442679, 13.419078], [123.442679, 13.419617], [123.441062, 13.419617], [123.441062, 13.420156], [123.439984, 13.420156], [123.439984, 13.420695], [123.439445, 13.420695], [123.439445, 13.421234], [123.438367, 13.421234], [123.438367, 13.421773], [123.437828, 13.421773], [123.437828, 13.422312], [123.43675, 13.422312], [123.43675, 13.422851], [123.436211, 13.422851], [123.436211, 13.42339], [123.435672, 13.42339], [123.435672, 13.423929], [123.435133, 13.423929], [123.435133, 13.424468], [123.432977, 13.424468], [123.432977, 13.425007], [123.432438, 13.425007], [123.432438, 13.425546], [123.431899, 13.425546], [123.431899, 13.426624], [123.43136, 13.426624], [123.43136, 13.427702], [123.430821, 13.427702], [123.430821, 13.42878], [123.430282, 13.42878], [123.430282, 13.429319], [123.429744, 13.429319], [123.429744, 13.429858], [123.428666, 13.429858], [123.428666, 13.430397], [123.427588, 13.430397], [123.427588, 13.430936], [123.427049, 13.430936], [123.427049, 13.431475], [123.425971, 13.431475], [123.425971, 13.432014], [123.425432, 13.432014], [123.425432, 13.432553], [123.424893, 13.432553], [123.424893, 13.433092], [123.424354, 13.433092], [123.424354, 13.43417], [123.423815, 13.43417], [123.423815, 13.435786], [123.423276, 13.435786], [123.423276, 13.436325], [123.422737, 13.436325], [123.422737, 13.436864], [123.421659, 13.436864], [123.421659, 13.437403], [123.42112, 13.437403], [123.42112, 13.438481], [123.420581, 13.438481], [123.420581, 13.440098], [123.420042, 13.440098], [123.420042, 13.440637], [123.419503, 13.440637], [123.419503, 13.441715], [123.418964, 13.441715], [123.418964, 13.442793], [123.419503, 13.442793], [123.419503, 13.444949], [123.418964, 13.444949], [123.418964, 13.447105], [123.418425, 13.447105], [123.418425, 13.448722], [123.418964, 13.448722], [123.418964, 13.451417], [123.418425, 13.451417], [123.418425, 13.45519], [123.417886, 13.45519], [123.417886, 13.455729], [123.417347, 13.455729], [123.417347, 13.456268], [123.416808, 13.456268], [123.416808, 13.457346], [123.416269, 13.457346], [123.416269, 13.457885], [123.41573, 13.457885], [123.41573, 13.458963], [123.415191, 13.458963], [123.415191, 13.461658], [123.414652, 13.461658], [123.414652, 13.465431], [123.415191, 13.465431], [123.415191, 13.466509], [123.414652, 13.466509], [123.414652, 13.469204], [123.415191, 13.469204], [123.415191, 13.469743], [123.41573, 13.469743], [123.41573, 13.470821], [123.416808, 13.470821], [123.416808, 13.47136], [123.417347, 13.47136], [123.417347, 13.471899], [123.417886, 13.471899], [123.417886, 13.472977], [123.418425, 13.472977], [123.418425, 13.473516], [123.418964, 13.473516], [123.418964, 13.474055], [123.419503, 13.474055], [123.419503, 13.476211], [123.420042, 13.476211], [123.420042, 13.47675], [123.420581, 13.47675], [123.420581, 13.477289], [123.42112, 13.477289], [123.42112, 13.478906], [123.423276, 13.478906], [123.423276, 13.479445], [123.424893, 13.479445], [123.424893, 13.480523], [123.425432, 13.480523], [123.425432, 13.481601], [123.425971, 13.481601], [123.425971, 13.48214], [123.42651, 13.48214], [123.42651, 13.483218], [123.425971, 13.483218], [123.425971, 13.484295], [123.42651, 13.484295], [123.42651, 13.484834], [123.427049, 13.484834], [123.427049, 13.486451], [123.42651, 13.486451], [123.42651, 13.487529], [123.427049, 13.487529], [123.427049, 13.488068], [123.428127, 13.488068], [123.428127, 13.488607], [123.428666, 13.488607], [123.428666, 13.489146], [123.429205, 13.489146], [123.429205, 13.489685], [123.429744, 13.489685], [123.429744, 13.490224], [123.430282, 13.490224], [123.430282, 13.491302], [123.429744, 13.491302], [123.429744, 13.491841], [123.429205, 13.491841], [123.429205, 13.49238], [123.429744, 13.49238], [123.429744, 13.493458], [123.430282, 13.493458], [123.430282, 13.494536], [123.429744, 13.494536], [123.429744, 13.495075], [123.430282, 13.495075], [123.430282, 13.496153], [123.430821, 13.496153], [123.430821, 13.496692], [123.43136, 13.496692], [123.43136, 13.497231], [123.432977, 13.497231], [123.432977, 13.49777], [123.434055, 13.49777], [123.434055, 13.498848], [123.431899, 13.498848], [123.431899, 13.498309], [123.430821, 13.498309], [123.430821, 13.49777], [123.430282, 13.49777], [123.430282, 13.497231], [123.429744, 13.497231], [123.429744, 13.496692], [123.428127, 13.496692], [123.428127, 13.498309], [123.428666, 13.498309], [123.428666, 13.499387], [123.429205, 13.499387], [123.429205, 13.500465], [123.429744, 13.500465], [123.429744, 13.501004], [123.430282, 13.501004], [123.430282, 13.501543], [123.431899, 13.501543], [123.431899, 13.502082], [123.432438, 13.502082], [123.432438, 13.502621], [123.432977, 13.502621], [123.432977, 13.50316], [123.433516, 13.50316], [123.433516, 13.503699], [123.434594, 13.503699], [123.434594, 13.504238], [123.43675, 13.504238], [123.43675, 13.504777], [123.437289, 13.504777], [123.437289, 13.505316], [123.434055, 13.505316], [123.434055, 13.504777], [123.432438, 13.504777], [123.432438, 13.505316], [123.430821, 13.505316], [123.430821, 13.504238], [123.430282, 13.504238], [123.430282, 13.503699], [123.428666, 13.503699], [123.428666, 13.50316], [123.428127, 13.50316], [123.428127, 13.502082], [123.427588, 13.502082], [123.427588, 13.501543], [123.427049, 13.501543], [123.427049, 13.501004], [123.42651, 13.501004], [123.42651, 13.499926], [123.425971, 13.499926], [123.425971, 13.499387], [123.425432, 13.499387], [123.425432, 13.498848], [123.423815, 13.498848], [123.423815, 13.500465], [123.424354, 13.500465], [123.424354, 13.501543], [123.423815, 13.501543], [123.423815, 13.502082], [123.423276, 13.502082], [123.423276, 13.501543], [123.422737, 13.501543], [123.422737, 13.502082], [123.42112, 13.502082], [123.42112, 13.501004], [123.420581, 13.501004], [123.420581, 13.499926], [123.420042, 13.499926], [123.420042, 13.498848], [123.419503, 13.498848], [123.419503, 13.496692], [123.417347, 13.496692], [123.417347, 13.496153], [123.416269, 13.496153], [123.416269, 13.496692], [123.41573, 13.496692], [123.41573, 13.496153], [123.415191, 13.496153], [123.415191, 13.495614], [123.414652, 13.495614], [123.414652, 13.49238], [123.415191, 13.49238], [123.415191, 13.490224], [123.414652, 13.490224], [123.414652, 13.489685], [123.414113, 13.489685], [123.414113, 13.490763], [123.413035, 13.490763], [123.413035, 13.489685], [123.412496, 13.489685], [123.412496, 13.489146], [123.410879, 13.489146], [123.410879, 13.489685], [123.409801, 13.489685], [123.409801, 13.490224], [123.409262, 13.490224], [123.409262, 13.492919], [123.409801, 13.492919], [123.409801, 13.493997], [123.41034, 13.493997], [123.41034, 13.495075], [123.410879, 13.495075], [123.410879, 13.495614], [123.41034, 13.495614], [123.41034, 13.496153], [123.408723, 13.496153], [123.408723, 13.494536], [123.408184, 13.494536], [123.408184, 13.492919], [123.406567, 13.492919], [123.406567, 13.493458], [123.406028, 13.493458], [123.406028, 13.493997], [123.405489, 13.493997], [123.405489, 13.494536], [123.40495, 13.494536], [123.40495, 13.493458], [123.405489, 13.493458], [123.405489, 13.491841], [123.40495, 13.491841], [123.40495, 13.491302], [123.404411, 13.491302], [123.404411, 13.490763], [123.403872, 13.490763], [123.403872, 13.488068], [123.403333, 13.488068], [123.403333, 13.487529], [123.402794, 13.487529], [123.402794, 13.48699], [123.402255, 13.48699], [123.402255, 13.486451], [123.401716, 13.486451], [123.401716, 13.485373], [123.401177, 13.485373], [123.401177, 13.482679], [123.401716, 13.482679], [123.401716, 13.48214], [123.402255, 13.48214], [123.402255, 13.481601], [123.402794, 13.481601], [123.402794, 13.481062], [123.403872, 13.481062], [123.403872, 13.480523], [123.405489, 13.480523], [123.405489, 13.481062], [123.406567, 13.481062], [123.406567, 13.480523], [123.407645, 13.480523], [123.407645, 13.479984], [123.408184, 13.479984], [123.408184, 13.479445], [123.408723, 13.479445], [123.408723, 13.478906], [123.409262, 13.478906], [123.409262, 13.475672], [123.408723, 13.475672], [123.408723, 13.474594], [123.408184, 13.474594], [123.408184, 13.473516], [123.407106, 13.473516], [123.407106, 13.472977], [123.406567, 13.472977], [123.406567, 13.472438], [123.406028, 13.472438], [123.406028, 13.471899], [123.405489, 13.471899], [123.405489, 13.470821], [123.40495, 13.470821], [123.40495, 13.469204], [123.404411, 13.469204], [123.404411, 13.468665], [123.403872, 13.468665], [123.403872, 13.468126], [123.401716, 13.468126], [123.401716, 13.466509], [123.401177, 13.466509], [123.401177, 13.46597], [123.400638, 13.46597], [123.400638, 13.465431], [123.399021, 13.465431], [123.399021, 13.46597], [123.398482, 13.46597], [123.398482, 13.466509], [123.396865, 13.466509], [123.396865, 13.467048], [123.396326, 13.467048], [123.396326, 13.468126], [123.395787, 13.468126], [123.395787, 13.468665], [123.394709, 13.468665], [123.394709, 13.469204], [123.39417, 13.469204], [123.39417, 13.469743], [123.393092, 13.469743], [123.393092, 13.468665], [123.392553, 13.468665], [123.392553, 13.467587], [123.392014, 13.467587], [123.392014, 13.467048], [123.391475, 13.467048], [123.391475, 13.466509], [123.390936, 13.466509], [123.390936, 13.46597], [123.389858, 13.46597], [123.389858, 13.466509], [123.389319, 13.466509], [123.389319, 13.467048], [123.386624, 13.467048], [123.386624, 13.467587], [123.386085, 13.467587], [123.386085, 13.469204], [123.385546, 13.469204], [123.385546, 13.470282], [123.384468, 13.470282], [123.384468, 13.470821], [123.385007, 13.470821], [123.385007, 13.471899], [123.385546, 13.471899], [123.385546, 13.472438], [123.386085, 13.472438], [123.386085, 13.472977], [123.385007, 13.472977], [123.385007, 13.472438], [123.38339, 13.472438], [123.38339, 13.470821], [123.383929, 13.470821], [123.383929, 13.469743], [123.38339, 13.469743], [123.38339, 13.469204], [123.382851, 13.469204], [123.382851, 13.468126], [123.382312, 13.468126], [123.382312, 13.467587], [123.381773, 13.467587], [123.381773, 13.465431], [123.381234, 13.465431], [123.381234, 13.464892], [123.37854, 13.464892], [123.37854, 13.465431], [123.378001, 13.465431], [123.378001, 13.467048], [123.37854, 13.467048], [123.37854, 13.469743], [123.377462, 13.469743], [123.377462, 13.469204], [123.376923, 13.469204], [123.376923, 13.468665], [123.376384, 13.468665], [123.376384, 13.468126], [123.376923, 13.468126], [123.376923, 13.467048], [123.376384, 13.467048], [123.376384, 13.466509], [123.372611, 13.466509], [123.372611, 13.467048], [123.372072, 13.467048], [123.372072, 13.467587], [123.371533, 13.467587], [123.371533, 13.468665], [123.372072, 13.468665], [123.372072, 13.469204], [123.372611, 13.469204], [123.372611, 13.470282], [123.372072, 13.470282], [123.372072, 13.470821], [123.371533, 13.470821], [123.371533, 13.472438], [123.370455, 13.472438], [123.370455, 13.471899], [123.369916, 13.471899], [123.369916, 13.47136], [123.370455, 13.47136], [123.370455, 13.470821], [123.370994, 13.470821], [123.370994, 13.469204], [123.370455, 13.469204], [123.370455, 13.468665], [123.369916, 13.468665], [123.369916, 13.468126], [123.368838, 13.468126], [123.368838, 13.468665], [123.366682, 13.468665], [123.366682, 13.469204], [123.365065, 13.469204], [123.365065, 13.468665], [123.363987, 13.468665], [123.363987, 13.469204], [123.36237, 13.469204], [123.36237, 13.469743], [123.361292, 13.469743], [123.361292, 13.47136], [123.361831, 13.47136], [123.361831, 13.471899], [123.36237, 13.471899], [123.36237, 13.470821], [123.365065, 13.470821], [123.365065, 13.47136], [123.363987, 13.47136], [123.363987, 13.473516], [123.363448, 13.473516], [123.363448, 13.474055], [123.362909, 13.474055], [123.362909, 13.473516], [123.361831, 13.473516], [123.361831, 13.472977], [123.360753, 13.472977], [123.360753, 13.473516], [123.360214, 13.473516], [123.360214, 13.472977], [123.356441, 13.472977], [123.356441, 13.474055], [123.35698, 13.474055], [123.35698, 13.475133], [123.356441, 13.475133], [123.356441, 13.475672], [123.355363, 13.475672], [123.355363, 13.476211], [123.354285, 13.476211], [123.354285, 13.475672], [123.353207, 13.475672], [123.353207, 13.476211], [123.352668, 13.476211], [123.352668, 13.47675], [123.35159, 13.47675], [123.35159, 13.477289], [123.351051, 13.477289], [123.351051, 13.477828], [123.350512, 13.477828], [123.350512, 13.478367], [123.349434, 13.478367], [123.349434, 13.479984], [123.349973, 13.479984], [123.349973, 13.481062], [123.349434, 13.481062], [123.349434, 13.481601], [123.348895, 13.481601], [123.348895, 13.48214], [123.349434, 13.48214], [123.349434, 13.482679], [123.349973, 13.482679], [123.349973, 13.483218], [123.351051, 13.483218], [123.351051, 13.484295], [123.349973, 13.484295], [123.349973, 13.484834], [123.349434, 13.484834], [123.349434, 13.485373], [123.348895, 13.485373], [123.348895, 13.484834], [123.348356, 13.484834], [123.348356, 13.484295], [123.347817, 13.484295], [123.347817, 13.483757], [123.347278, 13.483757], [123.347278, 13.483218], [123.346739, 13.483218], [123.346739, 13.482679], [123.3462, 13.482679], [123.3462, 13.48214], [123.344044, 13.48214], [123.344044, 13.482679], [123.341349, 13.482679], [123.341349, 13.483218], [123.34081, 13.483218], [123.34081, 13.485373], [123.341349, 13.485373], [123.341349, 13.484834], [123.343505, 13.484834], [123.343505, 13.484295], [123.344583, 13.484295], [123.344583, 13.483757], [123.3462, 13.483757], [123.3462, 13.48699], [123.345661, 13.48699], [123.345661, 13.487529], [123.343505, 13.487529], [123.343505, 13.488607], [123.340271, 13.488607], [123.340271, 13.488068], [123.337576, 13.488068], [123.337576, 13.488607], [123.336498, 13.488607], [123.336498, 13.488068], [123.334881, 13.488068], [123.334881, 13.488607], [123.334342, 13.488607], [123.334342, 13.489146], [123.332725, 13.489146], [123.332725, 13.489685], [123.331647, 13.489685], [123.331647, 13.490224], [123.331108, 13.490224], [123.331108, 13.490763], [123.327875, 13.490763], [123.327875, 13.491302], [123.327336, 13.491302], [123.327336, 13.492919], [123.328953, 13.492919], [123.328953, 13.49238], [123.329492, 13.49238], [123.329492, 13.493458], [123.330031, 13.493458], [123.330031, 13.493997], [123.332725, 13.493997], [123.332725, 13.494536], [123.335959, 13.494536], [123.335959, 13.493997], [123.336498, 13.493997], [123.336498, 13.493458], [123.337037, 13.493458], [123.337037, 13.492919], [123.337576, 13.492919], [123.337576, 13.49238], [123.338115, 13.49238], [123.338115, 13.491841], [123.338654, 13.491841], [123.338654, 13.494536], [123.340271, 13.494536], [123.340271, 13.493997], [123.341349, 13.493997], [123.341349, 13.494536], [123.341888, 13.494536], [123.341888, 13.495075], [123.342427, 13.495075], [123.342427, 13.495614], [123.341888, 13.495614], [123.341888, 13.496692], [123.34081, 13.496692], [123.34081, 13.497231], [123.339732, 13.497231], [123.339732, 13.49777], [123.338654, 13.49777], [123.338654, 13.498309], [123.339193, 13.498309], [123.339193, 13.498848], [123.34081, 13.498848], [123.34081, 13.499387], [123.341349, 13.499387], [123.341349, 13.500465], [123.34081, 13.500465], [123.34081, 13.501004], [123.340271, 13.501004], [123.340271, 13.501543], [123.339732, 13.501543], [123.339732, 13.502621], [123.339193, 13.502621], [123.339193, 13.50316], [123.338654, 13.50316], [123.338654, 13.504777], [123.339193, 13.504777], [123.339193, 13.506394], [123.339732, 13.506394], [123.339732, 13.507472], [123.340271, 13.507472], [123.340271, 13.509089], [123.339732, 13.509089], [123.339732, 13.509628], [123.340271, 13.509628], [123.340271, 13.510167], [123.34081, 13.510167], [123.34081, 13.510706], [123.342427, 13.510706], [123.342427, 13.510167], [123.342966, 13.510167], [123.342966, 13.509628], [123.343505, 13.509628], [123.343505, 13.509089], [123.347278, 13.509089], [123.347278, 13.509628], [123.346739, 13.509628], [123.346739, 13.510167], [123.347278, 13.510167], [123.347278, 13.510706], [123.347817, 13.510706], [123.347817, 13.511245], [123.348356, 13.511245], [123.348356, 13.511784], [123.348895, 13.511784], [123.348895, 13.511245], [123.349434, 13.511245], [123.349434, 13.510706], [123.349973, 13.510706], [123.349973, 13.510167], [123.351051, 13.510167], [123.351051, 13.510706], [123.35159, 13.510706], [123.35159, 13.511245], [123.352668, 13.511245], [123.352668, 13.510706], [123.353207, 13.510706], [123.353207, 13.510167], [123.354824, 13.510167], [123.354824, 13.511245], [123.354285, 13.511245], [123.354285, 13.512323], [123.354824, 13.512323], [123.354824, 13.51394], [123.354285, 13.51394], [123.354285, 13.514479], [123.354824, 13.514479], [123.354824, 13.515557], [123.355363, 13.515557], [123.355363, 13.516096], [123.354824, 13.516096], [123.354824, 13.516635], [123.353746, 13.516635], [123.353746, 13.518252], [123.355363, 13.518252], [123.355363, 13.517174], [123.356441, 13.517174], [123.356441, 13.517713], [123.35698, 13.517713], [123.35698, 13.518791], [123.357519, 13.518791], [123.357519, 13.519869], [123.358058, 13.519869], [123.358058, 13.521486], [123.357519, 13.521486], [123.357519, 13.520947], [123.35698, 13.520947], [123.35698, 13.520408], [123.355902, 13.520408], [123.355902, 13.519869], [123.354824, 13.519869], [123.354824, 13.51933], [123.355363, 13.51933], [123.355363, 13.518791], [123.353207, 13.518791], [123.353207, 13.520408], [123.353746, 13.520408], [123.353746, 13.520947], [123.355902, 13.520947], [123.355902, 13.521486], [123.35698, 13.521486], [123.35698, 13.52472], [123.357519, 13.52472], [123.357519, 13.525259], [123.358597, 13.525259], [123.358597, 13.525798], [123.361831, 13.525798], [123.361831, 13.526337], [123.361292, 13.526337], [123.361292, 13.527415], [123.360753, 13.527415], [123.360753, 13.529571], [123.360214, 13.529571], [123.360214, 13.530649], [123.360753, 13.530649], [123.360753, 13.531188], [123.361292, 13.531188], [123.361292, 13.531727], [123.365065, 13.531727], [123.365065, 13.532266], [123.365604, 13.532266], [123.365604, 13.532805], [123.365065, 13.532805], [123.365065, 13.534421], [123.365604, 13.534421], [123.365604, 13.536038], [123.366143, 13.536038], [123.366143, 13.536577], [123.366682, 13.536577], [123.366682, 13.537116], [123.366143, 13.537116], [123.366143, 13.537655], [123.365065, 13.537655], [123.365065, 13.538194], [123.365604, 13.538194], [123.365604, 13.538733], [123.366682, 13.538733], [123.366682, 13.539272], [123.369916, 13.539272], [123.369916, 13.538733], [123.370455, 13.538733], [123.370455, 13.536577], [123.369916, 13.536577], [123.369916, 13.532266], [123.369377, 13.532266], [123.369377, 13.531188], [123.369916, 13.531188], [123.369916, 13.529571], [123.370455, 13.529571], [123.370455, 13.529032], [123.370994, 13.529032], [123.370994, 13.528493], [123.371533, 13.528493], [123.371533, 13.527954], [123.370994, 13.527954], [123.370994, 13.526876], [123.371533, 13.526876], [123.371533, 13.526337], [123.372611, 13.526337], [123.372611, 13.525798], [123.374767, 13.525798], [123.374767, 13.526337], [123.375845, 13.526337], [123.375845, 13.526876], [123.377462, 13.526876], [123.377462, 13.526337], [123.37854, 13.526337], [123.37854, 13.526876], [123.381234, 13.526876], [123.381234, 13.527954], [123.380157, 13.527954], [123.380157, 13.528493], [123.379618, 13.528493], [123.379618, 13.529032], [123.379079, 13.529032], [123.379079, 13.529571], [123.37854, 13.529571], [123.37854, 13.53011], [123.379618, 13.53011], [123.379618, 13.529571], [123.380695, 13.529571], [123.380695, 13.529032], [123.382312, 13.529032], [123.382312, 13.528493], [123.382851, 13.528493], [123.382851, 13.526876], [123.386085, 13.526876], [123.386085, 13.526337], [123.387163, 13.526337], [123.387163, 13.524181], [123.388241, 13.524181], [123.388241, 13.525259], [123.38878, 13.525259], [123.38878, 13.528493], [123.389319, 13.528493], [123.389319, 13.529032], [123.389858, 13.529032], [123.389858, 13.53011], [123.390397, 13.53011], [123.390397, 13.532266], [123.390936, 13.532266], [123.390936, 13.533344], [123.391475, 13.533344], [123.391475, 13.533883], [123.392014, 13.533883], [123.392014, 13.532805], [123.392553, 13.532805], [123.392553, 13.532266], [123.393631, 13.532266], [123.393631, 13.532805], [123.394709, 13.532805], [123.394709, 13.533344], [123.395248, 13.533344], [123.395248, 13.533883], [123.395787, 13.533883], [123.395787, 13.536038], [123.396326, 13.536038], [123.396326, 13.536577], [123.397404, 13.536577], [123.397404, 13.537116], [123.397943, 13.537116], [123.397943, 13.537655], [123.398482, 13.537655], [123.398482, 13.538194], [123.399021, 13.538194], [123.399021, 13.539272], [123.39956, 13.539272], [123.39956, 13.539811], [123.400099, 13.539811], [123.400099, 13.54035], [123.400638, 13.54035], [123.400638, 13.540889], [123.401177, 13.540889], [123.401177, 13.541967], [123.401716, 13.541967], [123.401716, 13.542506], [123.402794, 13.542506], [123.402794, 13.543045], [123.404411, 13.543045], [123.404411, 13.542506], [123.40495, 13.542506], [123.40495, 13.541967], [123.405489, 13.541967], [123.405489, 13.540889], [123.406028, 13.540889], [123.406028, 13.539811], [123.406567, 13.539811], [123.406567, 13.538733], [123.407106, 13.538733], [123.407106, 13.537116], [123.406567, 13.537116], [123.406567, 13.535499], [123.406028, 13.535499], [123.406028, 13.53496], [123.405489, 13.53496], [123.405489, 13.534421], [123.40495, 13.534421], [123.40495, 13.533883], [123.404411, 13.533883], [123.404411, 13.533344], [123.403872, 13.533344], [123.403872, 13.532805], [123.403333, 13.532805], [123.403333, 13.532266], [123.402794, 13.532266], [123.402794, 13.531727], [123.402255, 13.531727], [123.402255, 13.53011], [123.401716, 13.53011], [123.401716, 13.528493], [123.401177, 13.528493], [123.401177, 13.527954], [123.400638, 13.527954], [123.400638, 13.527415], [123.400099, 13.527415], [123.400099, 13.526876], [123.39956, 13.526876], [123.39956, 13.526337], [123.399021, 13.526337], [123.399021, 13.525798], [123.397943, 13.525798], [123.397943, 13.525259], [123.396865, 13.525259], [123.396865, 13.523642], [123.396326, 13.523642], [123.396326, 13.523103], [123.397943, 13.523103], [123.397943, 13.523642], [123.398482, 13.523642], [123.398482, 13.524181], [123.399021, 13.524181], [123.399021, 13.52472], [123.39956, 13.52472], [123.39956, 13.525259], [123.400099, 13.525259], [123.400099, 13.525798], [123.401177, 13.525798], [123.401177, 13.526337], [123.402255, 13.526337], [123.402255, 13.526876], [123.402794, 13.526876], [123.402794, 13.527415], [123.403872, 13.527415], [123.403872, 13.527954], [123.404411, 13.527954], [123.404411, 13.528493], [123.40495, 13.528493], [123.40495, 13.529032], [123.405489, 13.529032], [123.405489, 13.529571], [123.408184, 13.529571], [123.408184, 13.529032], [123.409262, 13.529032], [123.409262, 13.528493], [123.409801, 13.528493], [123.409801, 13.525259], [123.41034, 13.525259], [123.41034, 13.52472], [123.411957, 13.52472], [123.411957, 13.524181], [123.412496, 13.524181], [123.412496, 13.523642], [123.413035, 13.523642], [123.413035, 13.522025], [123.413574, 13.522025], [123.413574, 13.521486], [123.414113, 13.521486], [123.414113, 13.520947], [123.414652, 13.520947], [123.414652, 13.51933], [123.41573, 13.51933], [123.41573, 13.519869], [123.416269, 13.519869], [123.416269, 13.520408], [123.416808, 13.520408], [123.416808, 13.520947], [123.420581, 13.520947], [123.420581, 13.520408], [123.42112, 13.520408], [123.42112, 13.51933], [123.420581, 13.51933], [123.420581, 13.518791], [123.42112, 13.518791], [123.42112, 13.518252], [123.422198, 13.518252], [123.422198, 13.516635], [123.422737, 13.516635], [123.422737, 13.516096], [123.423276, 13.516096], [123.423276, 13.515557], [123.424354, 13.515557], [123.424354, 13.518252], [123.424893, 13.518252], [123.424893, 13.518791], [123.425432, 13.518791], [123.425432, 13.51933], [123.425971, 13.51933], [123.425971, 13.520947], [123.425432, 13.520947], [123.425432, 13.521486], [123.424893, 13.521486], [123.424893, 13.522025], [123.422737, 13.522025], [123.422737, 13.521486], [123.421659, 13.521486], [123.421659, 13.522564], [123.422198, 13.522564], [123.422198, 13.523103], [123.423276, 13.523103], [123.423276, 13.523642], [123.42651, 13.523642], [123.42651, 13.521486], [123.427049, 13.521486], [123.427049, 13.520947], [123.432977, 13.520947], [123.432977, 13.520408], [123.433516, 13.520408], [123.433516, 13.519869], [123.434055, 13.519869], [123.434055, 13.51933], [123.434594, 13.51933], [123.434594, 13.518252], [123.435133, 13.518252], [123.435133, 13.517713], [123.43675, 13.517713], [123.43675, 13.518252], [123.437828, 13.518252], [123.437828, 13.517713], [123.438906, 13.517713], [123.438906, 13.518252], [123.439984, 13.518252], [123.439984, 13.517713], [123.440523, 13.517713], [123.440523, 13.518252], [123.441062, 13.518252], [123.441062, 13.518791], [123.440523, 13.518791], [123.440523, 13.51933], [123.439984, 13.51933], [123.439984, 13.519869], [123.438906, 13.519869], [123.438906, 13.520408], [123.437828, 13.520408], [123.437828, 13.520947], [123.437289, 13.520947], [123.437289, 13.522564], [123.437828, 13.522564], [123.437828, 13.523103], [123.438367, 13.523103], [123.438367, 13.522564], [123.439984, 13.522564], [123.439984, 13.523103], [123.440523, 13.523103], [123.440523, 13.522564], [123.441062, 13.522564], [123.441062, 13.521486], [123.44214, 13.521486], [123.44214, 13.522025], [123.443218, 13.522025], [123.443218, 13.521486], [123.443757, 13.521486], [123.443757, 13.520947], [123.446452, 13.520947], [123.446452, 13.522564], [123.445913, 13.522564], [123.445913, 13.523642], [123.446452, 13.523642], [123.446452, 13.524181], [123.446991, 13.524181], [123.446991, 13.52472], [123.446452, 13.52472], [123.446452, 13.525259], [123.446991, 13.525259], [123.446991, 13.525798], [123.447431, 13.525798], [123.453602, 13.518875], [123.454168, 13.512499], [123.464709, 13.511932], [123.468624, 13.5089], [123.473043, 13.507768], [123.477083, 13.504637], [123.482586, 13.5089], [123.507423, 13.507714], [123.508333, 13.504165], [123.514923, 13.504521], [123.51841, 13.507982], [123.523257, 13.508686], [123.526744, 13.512146], [123.533335, 13.512499], [123.535493, 13.511883], [123.541196, 13.507714], [123.543827, 13.508949], [123.54953, 13.513118], [123.557855, 13.511607], [123.566051, 13.502158], [123.567371, 13.484139], [123.578835, 13.482471], [123.582715, 13.47716], [123.58395, 13.447842], [123.591049, 13.439659], [123.592284, 13.431174], [123.595214, 13.42716], [123.595834, 13.425002], [123.599379, 13.424092], [123.599998, 13.412499], [123.599998, 13.408334], [123.599642, 13.405877], [123.59409, 13.400352]], [[123.357519, 13.517174], [123.358058, 13.517174], [123.358058, 13.516635], [123.357519, 13.516635], [123.357519, 13.515557], [123.358058, 13.515557], [123.358058, 13.515018], [123.359675, 13.515018], [123.359675, 13.516096], [123.361292, 13.516096], [123.361292, 13.515557], [123.36237, 13.515557], [123.36237, 13.515018], [123.363448, 13.515018], [123.363448, 13.515557], [123.365604, 13.515557], [123.365604, 13.516096], [123.367221, 13.516096], [123.367221, 13.517174], [123.366143, 13.517174], [123.366143, 13.516635], [123.365604, 13.516635], [123.365604, 13.517174], [123.365065, 13.517174], [123.365065, 13.517713], [123.365604, 13.517713], [123.365604, 13.518252], [123.365065, 13.518252], [123.365065, 13.518791], [123.363987, 13.518791], [123.363987, 13.520947], [123.363448, 13.520947], [123.363448, 13.521486], [123.361292, 13.521486], [123.361292, 13.520947], [123.360753, 13.520947], [123.360753, 13.51933], [123.360214, 13.51933], [123.360214, 13.518791], [123.357519, 13.518791], [123.357519, 13.517174]], [[123.418425, 13.179767], [123.418964, 13.179767], [123.418964, 13.180306], [123.42112, 13.180306], [123.42112, 13.179767], [123.421659, 13.179767], [123.421659, 13.179228], [123.422737, 13.179228], [123.422737, 13.17815], [123.42112, 13.17815], [123.42112, 13.177611], [123.419503, 13.177611], [123.419503, 13.177072], [123.418964, 13.177072], [123.418964, 13.175994], [123.418425, 13.175994], [123.418425, 13.174916], [123.420042, 13.174916], [123.420042, 13.175455], [123.420581, 13.175455], [123.420581, 13.175994], [123.421659, 13.175994], [123.421659, 13.175455], [123.423276, 13.175455], [123.423276, 13.177072], [123.423815, 13.177072], [123.423815, 13.17815], [123.424354, 13.17815], [123.424354, 13.181384], [123.425432, 13.181384], [123.425432, 13.180306], [123.424893, 13.180306], [123.424893, 13.179767], [123.425971, 13.179767], [123.425971, 13.178689], [123.42651, 13.178689], [123.42651, 13.177611], [123.427588, 13.177611], [123.427588, 13.177072], [123.428127, 13.177072], [123.428127, 13.175994], [123.427588, 13.175994], [123.427588, 13.175455], [123.427049, 13.175455], [123.427049, 13.174377], [123.42651, 13.174377], [123.42651, 13.173838], [123.425971, 13.173838], [123.425971, 13.173299], [123.425432, 13.173299], [123.425432, 13.17276], [123.424893, 13.17276], [123.424893, 13.172221], [123.422737, 13.172221], [123.422737, 13.171682], [123.422198, 13.171682], [123.422198, 13.171143], [123.421659, 13.171143], [123.421659, 13.170604], [123.42112, 13.170604], [123.42112, 13.168987], [123.420581, 13.168987], [123.420581, 13.168448], [123.420042, 13.168448], [123.420042, 13.167909], [123.419503, 13.167909], [123.419503, 13.16737], [123.418964, 13.16737], [123.418964, 13.166831], [123.418425, 13.166831], [123.418425, 13.166292], [123.417886, 13.166292], [123.417886, 13.165753], [123.417347, 13.165753], [123.417347, 13.165214], [123.416808, 13.165214], [123.416808, 13.165753], [123.415191, 13.165753], [123.415191, 13.165214], [123.414652, 13.165214], [123.414652, 13.164675], [123.413574, 13.164675], [123.413574, 13.164136], [123.413035, 13.164136], [123.413035, 13.162519], [123.412496, 13.162519], [123.412496, 13.161441], [123.411957, 13.161441], [123.411957, 13.159824], [123.411418, 13.159824], [123.411418, 13.157668], [123.412496, 13.157668], [123.412496, 13.157129], [123.413035, 13.157129], [123.413035, 13.157668], [123.413574, 13.157668], [123.413574, 13.158746], [123.414113, 13.158746], [123.414113, 13.159285], [123.414652, 13.159285], [123.414652, 13.159824], [123.415191, 13.159824], [123.415191, 13.160363], [123.41573, 13.160363], [123.41573, 13.160902], [123.416269, 13.160902], [123.416269, 13.161441], [123.417347, 13.161441], [123.417347, 13.160363], [123.416808, 13.160363], [123.416808, 13.158746], [123.417886, 13.158746], [123.417886, 13.158207], [123.418425, 13.158207], [123.418425, 13.157668], [123.419503, 13.157668], [123.419503, 13.156051], [123.420581, 13.156051], [123.420581, 13.159824], [123.42112, 13.159824], [123.42112, 13.160363], [123.421659, 13.160363], [123.421659, 13.160902], [123.422198, 13.160902], [123.422198, 13.161441], [123.423276, 13.161441], [123.423276, 13.16198], [123.423815, 13.16198], [123.423815, 13.164136], [123.424354, 13.164136], [123.424354, 13.164675], [123.425971, 13.164675], [123.425971, 13.164136], [123.42651, 13.164136], [123.42651, 13.162519], [123.427049, 13.162519], [123.427049, 13.161441], [123.428127, 13.161441], [123.428127, 13.163058], [123.427588, 13.163058], [123.427588, 13.166292], [123.428127, 13.166292], [123.428127, 13.166831], [123.428666, 13.166831], [123.428666, 13.168448], [123.429205, 13.168448], [123.429205, 13.168987], [123.429744, 13.168987], [123.429744, 13.169526], [123.430282, 13.169526], [123.430282, 13.168987], [123.431899, 13.168987], [123.431899, 13.169526], [123.432977, 13.169526], [123.432977, 13.170065], [123.433516, 13.170065], [123.433516, 13.168448], [123.432977, 13.168448], [123.432977, 13.167909], [123.432438, 13.167909], [123.432438, 13.16737], [123.431899, 13.16737], [123.431899, 13.166831], [123.43136, 13.166831], [123.43136, 13.166292], [123.431899, 13.166292], [123.431899, 13.165753], [123.432438, 13.165753], [123.432438, 13.166292], [123.435133, 13.166292], [123.435133, 13.165753], [123.435672, 13.165753], [123.435672, 13.165214], [123.436211, 13.165214], [123.436211, 13.163058], [123.435672, 13.163058], [123.435672, 13.162519], [123.435133, 13.162519], [123.435133, 13.160902], [123.43675, 13.160902], [123.43675, 13.161441], [123.437828, 13.161441], [123.437828, 13.163597], [123.438367, 13.163597], [123.438367, 13.165753], [123.438906, 13.165753], [123.438906, 13.167909], [123.439445, 13.167909], [123.439445, 13.168448], [123.440523, 13.168448], [123.440523, 13.168987], [123.441062, 13.168987], [123.441062, 13.171143], [123.441601, 13.171143], [123.441601, 13.170604], [123.444835, 13.170604], [123.444835, 13.170065], [123.444296, 13.170065], [123.444296, 13.169526], [123.443757, 13.169526], [123.443757, 13.168987], [123.443218, 13.168987], [123.443218, 13.167909], [123.442679, 13.167909], [123.442679, 13.16737], [123.44214, 13.16737], [123.44214, 13.165753], [123.443218, 13.165753], [123.443218, 13.166292], [123.443757, 13.166292], [123.443757, 13.166831], [123.444296, 13.166831], [123.444296, 13.16737], [123.445374, 13.16737], [123.445374, 13.166831], [123.445913, 13.166831], [123.445913, 13.165214], [123.446991, 13.165214], [123.446991, 13.165753], [123.448069, 13.165753], [123.448069, 13.166292], [123.449686, 13.166292], [123.449686, 13.163597], [123.449147, 13.163597], [123.449147, 13.163058], [123.448608, 13.163058], [123.448608, 13.162519], [123.448069, 13.162519], [123.448069, 13.16198], [123.44753, 13.16198], [123.44753, 13.161441], [123.446991, 13.161441], [123.446991, 13.160902], [123.446452, 13.160902], [123.446452, 13.160363], [123.445913, 13.160363], [123.445913, 13.159285], [123.444835, 13.159285], [123.444835, 13.158746], [123.444296, 13.158746], [123.444296, 13.158207], [123.443757, 13.158207], [123.443757, 13.157668], [123.443218, 13.157668], [123.443218, 13.157129], [123.442679, 13.157129], [123.442679, 13.15659], [123.441601, 13.15659], [123.441601, 13.156051], [123.441062, 13.156051], [123.441062, 13.155512], [123.444296, 13.155512], [123.444296, 13.156051], [123.445374, 13.156051], [123.445374, 13.15659], [123.445913, 13.15659], [123.445913, 13.157129], [123.446452, 13.157129], [123.446452, 13.157668], [123.446991, 13.157668], [123.446991, 13.158207], [123.44753, 13.158207], [123.44753, 13.158746], [123.448069, 13.158746], [123.448069, 13.159285], [123.448608, 13.159285], [123.448608, 13.159824], [123.449147, 13.159824], [123.449147, 13.160363], [123.449686, 13.160363], [123.449686, 13.159824], [123.450225, 13.159824], [123.450225, 13.159285], [123.451303, 13.159285], [123.451303, 13.16198], [123.451842, 13.16198], [123.451842, 13.162519], [123.452381, 13.162519], [123.452381, 13.163058], [123.45292, 13.163058], [123.45292, 13.163597], [123.454537, 13.163597], [123.454537, 13.163058], [123.455076, 13.163058], [123.455076, 13.161441], [123.454537, 13.161441], [123.454537, 13.160902], [123.455076, 13.160902], [123.455076, 13.159824], [123.456154, 13.159824], [123.456154, 13.158746], [123.456693, 13.158746], [123.456693, 13.157668], [123.455615, 13.157668], [123.455615, 13.157129], [123.455076, 13.157129], [123.455076, 13.15659], [123.454537, 13.15659], [123.454537, 13.156051], [123.453998, 13.156051], [123.453998, 13.155512], [123.453459, 13.155512], [123.453459, 13.154973], [123.451842, 13.154973], [123.451842, 13.154434], [123.451303, 13.154434], [123.451303, 13.153895], [123.450764, 13.153895], [123.450764, 13.153356], [123.450225, 13.153356], [123.450225, 13.153895], [123.449147, 13.153895], [123.449147, 13.152817], [123.449686, 13.152817], [123.449686, 13.151739], [123.44753, 13.151739], [123.44753, 13.150661], [123.448069, 13.150661], [123.448069, 13.149044], [123.44753, 13.149044], [123.44753, 13.148505], [123.446991, 13.148505], [123.446991, 13.147966], [123.446452, 13.147966], [123.446452, 13.147427], [123.445374, 13.147427], [123.445374, 13.146888], [123.444835, 13.146888], [123.444835, 13.147427], [123.444296, 13.147427], [123.444296, 13.146888], [123.443757, 13.146888], [123.443757, 13.146349], [123.443218, 13.146349], [123.443218, 13.14581], [123.44214, 13.14581], [123.44214, 13.146349], [123.441062, 13.146349], [123.441062, 13.14581], [123.439445, 13.14581], [123.439445, 13.145271], [123.438906, 13.145271], [123.438906, 13.144193], [123.439984, 13.144193], [123.439984, 13.144732], [123.441062, 13.144732], [123.441062, 13.144193], [123.441601, 13.144193], [123.441601, 13.143654], [123.443757, 13.143654], [123.443757, 13.143115], [123.444296, 13.143115], [123.444296, 13.143654], [123.444835, 13.143654], [123.444835, 13.144193], [123.445374, 13.144193], [123.445374, 13.144732], [123.446452, 13.144732], [123.446452, 13.145271], [123.449147, 13.145271], [123.449147, 13.144732], [123.449686, 13.144732], [123.449686, 13.142037], [123.450225, 13.142037], [123.450225, 13.141498], [123.451303, 13.141498], [123.451303, 13.142037], [123.451842, 13.142037], [123.451842, 13.143115], [123.451303, 13.143115], [123.451303, 13.145271], [123.450764, 13.145271], [123.450764, 13.146349], [123.451303, 13.146349], [123.451303, 13.146888], [123.453459, 13.146888], [123.453459, 13.148505], [123.453998, 13.148505], [123.453998, 13.149044], [123.455615, 13.149044], [123.455615, 13.148505], [123.456154, 13.148505], [123.456154, 13.149044], [123.456693, 13.149044], [123.456693, 13.149583], [123.457771, 13.149583], [123.457771, 13.148505], [123.45831, 13.148505], [123.45831, 13.147966], [123.458849, 13.147966], [123.458849, 13.146888], [123.459388, 13.146888], [123.459388, 13.144732], [123.458849, 13.144732], [123.458849, 13.144193], [123.45831, 13.144193], [123.45831, 13.141498], [123.459388, 13.141498], [123.459388, 13.143654], [123.459927, 13.143654], [123.459927, 13.144193], [123.460466, 13.144193], [123.460466, 13.145271], [123.461005, 13.145271], [123.461005, 13.147427], [123.461544, 13.147427], [123.461544, 13.148505], [123.460466, 13.148505], [123.460466, 13.150122], [123.461005, 13.150122], [123.461005, 13.150661], [123.461544, 13.150661], [123.461544, 13.1512], [123.4637, 13.1512], [123.4637, 13.150661], [123.464778, 13.150661], [123.464778, 13.152278], [123.4637, 13.152278], [123.4637, 13.152817], [123.463161, 13.152817], [123.463161, 13.152278], [123.462622, 13.152278], [123.462622, 13.152817], [123.462083, 13.152817], [123.462083, 13.153895], [123.462622, 13.153895], [123.462622, 13.154434], [123.463161, 13.154434], [123.463161, 13.156051], [123.462622, 13.156051], [123.462622, 13.157129], [123.463161, 13.157129], [123.463161, 13.160902], [123.462622, 13.160902], [123.462622, 13.161441], [123.461544, 13.161441], [123.461544, 13.16198], [123.461005, 13.16198], [123.461005, 13.161441], [123.460466, 13.161441], [123.460466, 13.16198], [123.459388, 13.16198], [123.459388, 13.164136], [123.458849, 13.164136], [123.458849, 13.164675], [123.459388, 13.164675], [123.459388, 13.165214], [123.459927, 13.165214], [123.459927, 13.165753], [123.460466, 13.165753], [123.460466, 13.166831], [123.462083, 13.166831], [123.462083, 13.165214], [123.462622, 13.165214], [123.462622, 13.164675], [123.463161, 13.164675], [123.463161, 13.166831], [123.464239, 13.166831], [123.464239, 13.16737], [123.4637, 13.16737], [123.4637, 13.167909], [123.463161, 13.167909], [123.463161, 13.168987], [123.4637, 13.168987], [123.4637, 13.169526], [123.464778, 13.169526], [123.464778, 13.170065], [123.465317, 13.170065], [123.465317, 13.169526], [123.465856, 13.169526], [123.465856, 13.168987], [123.467473, 13.168987], [123.467473, 13.169526], [123.468012, 13.169526], [123.468012, 13.168987], [123.46909, 13.168987], [123.46909, 13.166831], [123.468551, 13.166831], [123.468551, 13.165753], [123.468012, 13.165753], [123.468012, 13.164136], [123.468551, 13.164136], [123.468551, 13.16198], [123.468012, 13.16198], [123.468012, 13.161441], [123.467473, 13.161441], [123.467473, 13.160902], [123.466934, 13.160902], [123.466934, 13.159285], [123.468012, 13.159285], [123.468012, 13.159824], [123.468551, 13.159824], [123.468551, 13.160363], [123.469629, 13.160363], [123.469629, 13.160902], [123.470168, 13.160902], [123.470168, 13.160363], [123.470707, 13.160363], [123.470707, 13.157668], [123.471246, 13.157668], [123.471246, 13.155512], [123.472324, 13.155512], [123.472324, 13.156051], [123.472863, 13.156051], [123.472863, 13.15659], [123.473402, 13.15659], [123.473402, 13.157668], [123.473941, 13.157668], [123.473941, 13.159285], [123.47448, 13.159285], [123.47448, 13.159824], [123.475558, 13.159824], [123.475558, 13.159285], [123.476097, 13.159285], [123.476097, 13.158746], [123.477175, 13.158746], [123.477175, 13.159824], [123.476636, 13.159824], [123.476636, 13.160363], [123.476097, 13.160363], [123.476097, 13.161441], [123.472863, 13.161441], [123.472863, 13.16198], [123.472324, 13.16198], [123.472324, 13.163058], [123.471785, 13.163058], [123.471785, 13.164136], [123.472324, 13.164136], [123.472324, 13.165753], [123.471785, 13.165753], [123.471785, 13.166292], [123.471246, 13.166292], [123.471246, 13.16737], [123.471785, 13.16737], [123.471785, 13.166831], [123.472324, 13.166831], [123.472324, 13.166292], [123.472863, 13.166292], [123.472863, 13.165753], [123.473402, 13.165753], [123.473402, 13.165214], [123.47448, 13.165214], [123.47448, 13.166292], [123.475019, 13.166292], [123.475019, 13.166831], [123.475558, 13.166831], [123.475558, 13.16737], [123.477175, 13.16737], [123.477175, 13.166831], [123.477714, 13.166831], [123.477714, 13.166292], [123.478792, 13.166292], [123.478792, 13.165753], [123.480947, 13.165753], [123.480947, 13.165214], [123.482025, 13.165214], [123.482025, 13.164675], [123.482564, 13.164675], [123.482564, 13.164136], [123.483642, 13.164136], [123.483642, 13.164675], [123.484181, 13.164675], [123.484181, 13.165214], [123.48472, 13.165214], [123.48472, 13.166292], [123.484181, 13.166292], [123.484181, 13.166831], [123.482564, 13.166831], [123.482564, 13.166292], [123.482025, 13.166292], [123.482025, 13.166831], [123.480947, 13.166831], [123.480947, 13.16737], [123.480408, 13.16737], [123.480408, 13.167909], [123.479331, 13.167909], [123.479331, 13.169526], [123.47987, 13.169526], [123.47987, 13.170065], [123.480408, 13.170065], [123.480408, 13.171143], [123.47987, 13.171143], [123.47987, 13.173838], [123.478792, 13.173838], [123.478792, 13.173299], [123.478253, 13.173299], [123.478253, 13.17276], [123.477175, 13.17276], [123.477175, 13.172221], [123.476097, 13.172221], [123.476097, 13.171682], [123.475558, 13.171682], [123.475558, 13.173299], [123.473941, 13.173299], [123.473941, 13.17276], [123.472863, 13.17276], [123.472863, 13.172221], [123.472324, 13.172221], [123.472324, 13.17276], [123.471785, 13.17276], [123.471785, 13.173299], [123.469629, 13.173299], [123.469629, 13.173838], [123.470168, 13.173838], [123.470168, 13.174377], [123.472863, 13.174377], [123.472863, 13.174916], [123.473941, 13.174916], [123.473941, 13.175455], [123.475019, 13.175455], [123.475019, 13.175994], [123.475558, 13.175994], [123.475558, 13.177072], [123.47448, 13.177072], [123.47448, 13.177611], [123.473402, 13.177611], [123.473402, 13.177072], [123.470707, 13.177072], [123.470707, 13.177611], [123.470168, 13.177611], [123.470168, 13.17815], [123.468551, 13.17815], [123.468551, 13.178689], [123.468012, 13.178689], [123.468012, 13.179767], [123.468551, 13.179767], [123.468551, 13.180306], [123.470168, 13.180306], [123.470168, 13.180845], [123.470707, 13.180845], [123.470707, 13.181384], [123.471246, 13.181384], [123.471246, 13.181923], [123.473402, 13.181923], [123.473402, 13.183001], [123.468012, 13.183001], [123.468012, 13.18354], [123.467473, 13.18354], [123.467473, 13.184079], [123.466934, 13.184079], [123.466934, 13.184618], [123.467473, 13.184618], [123.467473, 13.185157], [123.468012, 13.185157], [123.468012, 13.186234], [123.466395, 13.186234], [123.466395, 13.186773], [123.464239, 13.186773], [123.464239, 13.187312], [123.4637, 13.187312], [123.4637, 13.187851], [123.463161, 13.187851], [123.463161, 13.18839], [123.462083, 13.18839], [123.462083, 13.188929], [123.461005, 13.188929], [123.461005, 13.190546], [123.461544, 13.190546], [123.461544, 13.191085], [123.461005, 13.191085], [123.461005, 13.191624], [123.45831, 13.191624], [123.45831, 13.191085], [123.457232, 13.191085], [123.457232, 13.191624], [123.456693, 13.191624], [123.456693, 13.192702], [123.457232, 13.192702], [123.457232, 13.193241], [123.457771, 13.193241], [123.457771, 13.19378], [123.457232, 13.19378], [123.457232, 13.194319], [123.456693, 13.194319], [123.456693, 13.195936], [123.456154, 13.195936], [123.456154, 13.196475], [123.456693, 13.196475], [123.456693, 13.197014], [123.454537, 13.197014], [123.454537, 13.196475], [123.453998, 13.196475], [123.453998, 13.195936], [123.451842, 13.195936], [123.451842, 13.196475], [123.449686, 13.196475], [123.449686, 13.197553], [123.451303, 13.197553], [123.451303, 13.198631], [123.449147, 13.198631], [123.449147, 13.19917], [123.448069, 13.19917], [123.448069, 13.199709], [123.44753, 13.199709], [123.44753, 13.200248], [123.446452, 13.200248], [123.446452, 13.200787], [123.444835, 13.200787], [123.444835, 13.201326], [123.443218, 13.201326], [123.443218, 13.201865], [123.44214, 13.201865], [123.44214, 13.202404], [123.440523, 13.202404], [123.440523, 13.201865], [123.438906, 13.201865], [123.438906, 13.203482], [123.438367, 13.203482], [123.438367, 13.204021], [123.437289, 13.204021], [123.437289, 13.205099], [123.43675, 13.205099], [123.43675, 13.205638], [123.435672, 13.205638], [123.435672, 13.205099], [123.432977, 13.205099], [123.432977, 13.20456], [123.432438, 13.20456], [123.432438, 13.204021], [123.43136, 13.204021], [123.43136, 13.20456], [123.431899, 13.20456], [123.431899, 13.205099], [123.432438, 13.205099], [123.432438, 13.205638], [123.432977, 13.205638], [123.432977, 13.206177], [123.432438, 13.206177], [123.432438, 13.206716], [123.43136, 13.206716], [123.43136, 13.208872], [123.430821, 13.208872], [123.430821, 13.208333], [123.429205, 13.208333], [123.429205, 13.208872], [123.428666, 13.208872], [123.428666, 13.209411], [123.427049, 13.209411], [123.427049, 13.20995], [123.424893, 13.20995], [123.424893, 13.210489], [123.424354, 13.210489], [123.424354, 13.211028], [123.423815, 13.211028], [123.423815, 13.212106], [123.423276, 13.212106], [123.423276, 13.214262], [123.423815, 13.214262], [123.423815, 13.215879], [123.423276, 13.215879], [123.423276, 13.216957], [123.422198, 13.216957], [123.422198, 13.21534], [123.421659, 13.21534], [123.421659, 13.214801], [123.42112, 13.214801], [123.42112, 13.213723], [123.421659, 13.213723], [123.421659, 13.211028], [123.42112, 13.211028], [123.42112, 13.210489], [123.420581, 13.210489], [123.420581, 13.20995], [123.418425, 13.20995], [123.418425, 13.209411], [123.417886, 13.209411], [123.417886, 13.208333], [123.414652, 13.208333], [123.414652, 13.208872], [123.413035, 13.208872], [123.413035, 13.208333], [123.411957, 13.208333], [123.411957, 13.207255], [123.415191, 13.207255], [123.415191, 13.206716], [123.420581, 13.206716], [123.420581, 13.207255], [123.422198, 13.207255], [123.422198, 13.206716], [123.422737, 13.206716], [123.422737, 13.206177], [123.423276, 13.206177], [123.423276, 13.205638], [123.423815, 13.205638], [123.423815, 13.205099], [123.424354, 13.205099], [123.424354, 13.20456], [123.423815, 13.20456], [123.423815, 13.204021], [123.424354, 13.204021], [123.424354, 13.203482], [123.427588, 13.203482], [123.427588, 13.202404], [123.424354, 13.202404], [123.424354, 13.201865], [123.423276, 13.201865], [123.423276, 13.202404], [123.42112, 13.202404], [123.42112, 13.201865], [123.419503, 13.201865], [123.419503, 13.201326], [123.418425, 13.201326], [123.418425, 13.200787], [123.417886, 13.200787], [123.417886, 13.200248], [123.42112, 13.200248], [123.42112, 13.19917], [123.421659, 13.19917], [123.421659, 13.198631], [123.424354, 13.198631], [123.424354, 13.19917], [123.424893, 13.19917], [123.424893, 13.198631], [123.425971, 13.198631], [123.425971, 13.198092], [123.42651, 13.198092], [123.42651, 13.198631], [123.427049, 13.198631], [123.427049, 13.19917], [123.427588, 13.19917], [123.427588, 13.199709], [123.428127, 13.199709], [123.428127, 13.200248], [123.428666, 13.200248], [123.428666, 13.199709], [123.430821, 13.199709], [123.430821, 13.19917], [123.43136, 13.19917], [123.43136, 13.198631], [123.430821, 13.198631], [123.430821, 13.198092], [123.429744, 13.198092], [123.429744, 13.198631], [123.428666, 13.198631], [123.428666, 13.198092], [123.428127, 13.198092], [123.428127, 13.197014], [123.427588, 13.197014], [123.427588, 13.196475], [123.423815, 13.196475], [123.423815, 13.195936], [123.423276, 13.195936], [123.423276, 13.195397], [123.422737, 13.195397], [123.422737, 13.194319], [123.423276, 13.194319], [123.423276, 13.19378], [123.425432, 13.19378], [123.425432, 13.194319], [123.42651, 13.194319], [123.42651, 13.19378], [123.428127, 13.19378], [123.428127, 13.195397], [123.428666, 13.195397], [123.428666, 13.195936], [123.430821, 13.195936], [123.430821, 13.195397], [123.43136, 13.195397], [123.43136, 13.194319], [123.430821, 13.194319], [123.430821, 13.19378], [123.43136, 13.19378], [123.43136, 13.193241], [123.432438, 13.193241], [123.432438, 13.192702], [123.432977, 13.192702], [123.432977, 13.191624], [123.434055, 13.191624], [123.434055, 13.192702], [123.434594, 13.192702], [123.434594, 13.193241], [123.435672, 13.193241], [123.435672, 13.192702], [123.436211, 13.192702], [123.436211, 13.191085], [123.43675, 13.191085], [123.43675, 13.190546], [123.437828, 13.190546], [123.437828, 13.190007], [123.438367, 13.190007], [123.438367, 13.188929], [123.438906, 13.188929], [123.438906, 13.18839], [123.439445, 13.18839], [123.439445, 13.186773], [123.438906, 13.186773], [123.438906, 13.186234], [123.437828, 13.186234], [123.437828, 13.185695], [123.437289, 13.185695], [123.437289, 13.186234], [123.43675, 13.186234], [123.43675, 13.18839], [123.435672, 13.18839], [123.435672, 13.188929], [123.434055, 13.188929], [123.434055, 13.189468], [123.432977, 13.189468], [123.432977, 13.188929], [123.431899, 13.188929], [123.431899, 13.18839], [123.430821, 13.18839], [123.430821, 13.188929], [123.430282, 13.188929], [123.430282, 13.190007], [123.429744, 13.190007], [123.429744, 13.191085], [123.429205, 13.191085], [123.429205, 13.191624], [123.427049, 13.191624], [123.427049, 13.191085], [123.425432, 13.191085], [123.425432, 13.190007], [123.424354, 13.190007], [123.424354, 13.190546], [123.423815, 13.190546], [123.423815, 13.191085], [123.423276, 13.191085], [123.423276, 13.190546], [123.422198, 13.190546], [123.422198, 13.190007], [123.420581, 13.190007], [123.420581, 13.190546], [123.420042, 13.190546], [123.420042, 13.191624], [123.419503, 13.191624], [123.419503, 13.192163], [123.418425, 13.192163], [123.418425, 13.191624], [123.417886, 13.191624], [123.417886, 13.191085], [123.416808, 13.191085], [123.416808, 13.192702], [123.417347, 13.192702], [123.417347, 13.193241], [123.417886, 13.193241], [123.417886, 13.195397], [123.416808, 13.195397], [123.416808, 13.194858], [123.416269, 13.194858], [123.416269, 13.19378], [123.415191, 13.19378], [123.415191, 13.195397], [123.414652, 13.195397], [123.414652, 13.196475], [123.414113, 13.196475], [123.414113, 13.198631], [123.413574, 13.198631], [123.413574, 13.19917], [123.413035, 13.19917], [123.413035, 13.198092], [123.412496, 13.198092], [123.412496, 13.195397], [123.413035, 13.195397], [123.413035, 13.192702], [123.412496, 13.192702], [123.412496, 13.192163], [123.411957, 13.192163], [123.411957, 13.191624], [123.410879, 13.191624], [123.410879, 13.192702], [123.41034, 13.192702], [123.41034, 13.193241], [123.409801, 13.193241], [123.409801, 13.195397], [123.409262, 13.195397], [123.409262, 13.196475], [123.408723, 13.196475], [123.408723, 13.197553], [123.407645, 13.197553], [123.407645, 13.198092], [123.407106, 13.198092], [123.407106, 13.197014], [123.407645, 13.197014], [123.407645, 13.195936], [123.408184, 13.195936], [123.408184, 13.194319], [123.407645, 13.194319], [123.407645, 13.192702], [123.408184, 13.192702], [123.408184, 13.192163], [123.408723, 13.192163], [123.408723, 13.191085], [123.408184, 13.191085], [123.408184, 13.190546], [123.407645, 13.190546], [123.407645, 13.18839], [123.407106, 13.18839], [123.407106, 13.188929], [123.406567, 13.188929], [123.406567, 13.18839], [123.406028, 13.18839], [123.406028, 13.187851], [123.40495, 13.187851], [123.40495, 13.18839], [123.403872, 13.18839], [123.403872, 13.187851], [123.403333, 13.187851], [123.403333, 13.187312], [123.402794, 13.187312], [123.402794, 13.187851], [123.402255, 13.187851], [123.402255, 13.188929], [123.401177, 13.188929], [123.401177, 13.189468], [123.400638, 13.189468], [123.400638, 13.191085], [123.399021, 13.191085], [123.399021, 13.191624], [123.398482, 13.191624], [123.398482, 13.192163], [123.397943, 13.192163], [123.397943, 13.192702], [123.397404, 13.192702], [123.397404, 13.193241], [123.396326, 13.193241], [123.396326, 13.19378], [123.395787, 13.19378], [123.395787, 13.195936], [123.395248, 13.195936], [123.395248, 13.196475], [123.39417, 13.196475], [123.39417, 13.195936], [123.393631, 13.195936], [123.393631, 13.195397], [123.393092, 13.195397], [123.393092, 13.194858], [123.392553, 13.194858], [123.392553, 13.194319], [123.392014, 13.194319], [123.392014, 13.19378], [123.390936, 13.19378], [123.390936, 13.194319], [123.387702, 13.194319], [123.387702, 13.19378], [123.387163, 13.19378], [123.387163, 13.193241], [123.386624, 13.193241], [123.386624, 13.190007], [123.385546, 13.190007], [123.385546, 13.189468], [123.385007, 13.189468], [123.385007, 13.188929], [123.384468, 13.188929], [123.384468, 13.18839], [123.385007, 13.18839], [123.385007, 13.187851], [123.386085, 13.187851], [123.386085, 13.18839], [123.386624, 13.18839], [123.386624, 13.188929], [123.387163, 13.188929], [123.387163, 13.18839], [123.388241, 13.18839], [123.388241, 13.187851], [123.389858, 13.187851], [123.389858, 13.18839], [123.390397, 13.18839], [123.390397, 13.189468], [123.390936, 13.189468], [123.390936, 13.190007], [123.392553, 13.190007], [123.392553, 13.189468], [123.393092, 13.189468], [123.393092, 13.18839], [123.393631, 13.18839], [123.393631, 13.187851], [123.39417, 13.187851], [123.39417, 13.187312], [123.395248, 13.187312], [123.395248, 13.186773], [123.396326, 13.186773], [123.396326, 13.184618], [123.395787, 13.184618], [123.395787, 13.18354], [123.396865, 13.18354], [123.396865, 13.184079], [123.39956, 13.184079], [123.39956, 13.18354], [123.400099, 13.18354], [123.400099, 13.181923], [123.399021, 13.181923], [123.399021, 13.181384], [123.402794, 13.181384], [123.402794, 13.181923], [123.403333, 13.181923], [123.403333, 13.182462], [123.403872, 13.182462], [123.403872, 13.181923], [123.404411, 13.181923], [123.404411, 13.181384], [123.403872, 13.181384], [123.403872, 13.180845], [123.403333, 13.180845], [123.403333, 13.180306], [123.402794, 13.180306], [123.402794, 13.179767], [123.402255, 13.179767], [123.402255, 13.179228], [123.401716, 13.179228], [123.401716, 13.178689], [123.401177, 13.178689], [123.401177, 13.177072], [123.401716, 13.177072], [123.401716, 13.175994], [123.401177, 13.175994], [123.401177, 13.174916], [123.401716, 13.174916], [123.401716, 13.173838], [123.401177, 13.173838], [123.401177, 13.173299], [123.400638, 13.173299], [123.400638, 13.17276], [123.400099, 13.17276], [123.400099, 13.172221], [123.397943, 13.172221], [123.397943, 13.171143], [123.398482, 13.171143], [123.398482, 13.170065], [123.397943, 13.170065], [123.397943, 13.168448], [123.397404, 13.168448], [123.397404, 13.16737], [123.397943, 13.16737], [123.397943, 13.166831], [123.398482, 13.166831], [123.398482, 13.16737], [123.39956, 13.16737], [123.39956, 13.167909], [123.400099, 13.167909], [123.400099, 13.168987], [123.400638, 13.168987], [123.400638, 13.169526], [123.402255, 13.169526], [123.402255, 13.170604], [123.402794, 13.170604], [123.402794, 13.172221], [123.403333, 13.172221], [123.403333, 13.17276], [123.403872, 13.17276], [123.403872, 13.173299], [123.404411, 13.173299], [123.404411, 13.173838], [123.40495, 13.173838], [123.40495, 13.174916], [123.405489, 13.174916], [123.405489, 13.175994], [123.406028, 13.175994], [123.406028, 13.177072], [123.406567, 13.177072], [123.406567, 13.17815], [123.409262, 13.17815], [123.409262, 13.178689], [123.41034, 13.178689], [123.41034, 13.177611], [123.409801, 13.177611], [123.409801, 13.174916], [123.409262, 13.174916], [123.409262, 13.173299], [123.408723, 13.173299], [123.408723, 13.172221], [123.409801, 13.172221], [123.409801, 13.173299], [123.41034, 13.173299], [123.41034, 13.174377], [123.410879, 13.174377], [123.410879, 13.174916], [123.411957, 13.174916], [123.411957, 13.17815], [123.412496, 13.17815], [123.412496, 13.179767], [123.413035, 13.179767], [123.413035, 13.181923], [123.414113, 13.181923], [123.414113, 13.182462], [123.414652, 13.182462], [123.414652, 13.183001], [123.415191, 13.183001], [123.415191, 13.18354], [123.416269, 13.18354], [123.416269, 13.183001], [123.417347, 13.183001], [123.417347, 13.182462], [123.418964, 13.182462], [123.418964, 13.183001], [123.420581, 13.183001], [123.420581, 13.182462], [123.420042, 13.182462], [123.420042, 13.181923], [123.418964, 13.181923], [123.418964, 13.181384], [123.418425, 13.181384], [123.418425, 13.179767]], [[123.463161, 13.206177], [123.464239, 13.206177], [123.464239, 13.207255], [123.4637, 13.207255], [123.4637, 13.208872], [123.463161, 13.208872], [123.463161, 13.20995], [123.4637, 13.20995], [123.4637, 13.210489], [123.463161, 13.210489], [123.463161, 13.211028], [123.461005, 13.211028], [123.461005, 13.213723], [123.459388, 13.213723], [123.459388, 13.213184], [123.458849, 13.213184], [123.458849, 13.213723], [123.457771, 13.213723], [123.457771, 13.214262], [123.457232, 13.214262], [123.457232, 13.214801], [123.456693, 13.214801], [123.456693, 13.21534], [123.456154, 13.21534], [123.456154, 13.215879], [123.455076, 13.215879], [123.455076, 13.216418], [123.453998, 13.216418], [123.453998, 13.216957], [123.45292, 13.216957], [123.45292, 13.217496], [123.452381, 13.217496], [123.452381, 13.218035], [123.451842, 13.218035], [123.451842, 13.220191], [123.451303, 13.220191], [123.451303, 13.22073], [123.450764, 13.22073], [123.450764, 13.221269], [123.450225, 13.221269], [123.450225, 13.222347], [123.448608, 13.222347], [123.448608, 13.221808], [123.448069, 13.221808], [123.448069, 13.221269], [123.446452, 13.221269], [123.446452, 13.22073], [123.444835, 13.22073], [123.444835, 13.221808], [123.444296, 13.221808], [123.444296, 13.222886], [123.443218, 13.222886], [123.443218, 13.221808], [123.443757, 13.221808], [123.443757, 13.220191], [123.444296, 13.220191], [123.444296, 13.219113], [123.444835, 13.219113], [123.444835, 13.218035], [123.445374, 13.218035], [123.445374, 13.217496], [123.445913, 13.217496], [123.445913, 13.216418], [123.446452, 13.216418], [123.446452, 13.21534], [123.446991, 13.21534], [123.446991, 13.214801], [123.448069, 13.214801], [123.448069, 13.214262], [123.448608, 13.214262], [123.448608, 13.213184], [123.448069, 13.213184], [123.448069, 13.211567], [123.448608, 13.211567], [123.448608, 13.211028], [123.449147, 13.211028], [123.449147, 13.210489], [123.449686, 13.210489], [123.449686, 13.20995], [123.450225, 13.20995], [123.450225, 13.208872], [123.449686, 13.208872], [123.449686, 13.208333], [123.445913, 13.208333], [123.445913, 13.207794], [123.444835, 13.207794], [123.444835, 13.207255], [123.443757, 13.207255], [123.443757, 13.207794], [123.443218, 13.207794], [123.443218, 13.211028], [123.442679, 13.211028], [123.442679, 13.211567], [123.441062, 13.211567], [123.441062, 13.212106], [123.440523, 13.212106], [123.440523, 13.213184], [123.439984, 13.213184], [123.439984, 13.213723], [123.439445, 13.213723], [123.439445, 13.214262], [123.438906, 13.214262], [123.438906, 13.214801], [123.43675, 13.214801], [123.43675, 13.21534], [123.436211, 13.21534], [123.436211, 13.215879], [123.435672, 13.215879], [123.435672, 13.216418], [123.435133, 13.216418], [123.435133, 13.215879], [123.434594, 13.215879], [123.434594, 13.21534], [123.435133, 13.21534], [123.435133, 13.214801], [123.435672, 13.214801], [123.435672, 13.214262], [123.437289, 13.214262], [123.437289, 13.213723], [123.437828, 13.213723], [123.437828, 13.213184], [123.438367, 13.213184], [123.438367, 13.212645], [123.438906, 13.212645], [123.438906, 13.211567], [123.439445, 13.211567], [123.439445, 13.210489], [123.440523, 13.210489], [123.440523, 13.20995], [123.441062, 13.20995], [123.441062, 13.208872], [123.440523, 13.208872], [123.440523, 13.208333], [123.439984, 13.208333], [123.439984, 13.207255], [123.440523, 13.207255], [123.440523, 13.206716], [123.441062, 13.206716], [123.441062, 13.205638], [123.442679, 13.205638], [123.442679, 13.205099], [123.443757, 13.205099], [123.443757, 13.205638], [123.444296, 13.205638], [123.444296, 13.206177], [123.444835, 13.206177], [123.444835, 13.206716], [123.452381, 13.206716], [123.452381, 13.206177], [123.453459, 13.206177], [123.453459, 13.205638], [123.453998, 13.205638], [123.453998, 13.205099], [123.454537, 13.205099], [123.454537, 13.20456], [123.455076, 13.20456], [123.455076, 13.202404], [123.455615, 13.202404], [123.455615, 13.201326], [123.456693, 13.201326], [123.456693, 13.205099], [123.457232, 13.205099], [123.457232, 13.205638], [123.45831, 13.205638], [123.45831, 13.206177], [123.458849, 13.206177], [123.458849, 13.207255], [123.462083, 13.207255], [123.462083, 13.206716], [123.463161, 13.206716], [123.463161, 13.206177]], [[123.36237, 13.220191], [123.364526, 13.220191], [123.364526, 13.219652], [123.365065, 13.219652], [123.365065, 13.219113], [123.365604, 13.219113], [123.365604, 13.218574], [123.366143, 13.218574], [123.366143, 13.216957], [123.367221, 13.216957], [123.367221, 13.219652], [123.366682, 13.219652], [123.366682, 13.22073], [123.366143, 13.22073], [123.366143, 13.225581], [123.365604, 13.225581], [123.365604, 13.225042], [123.365065, 13.225042], [123.365065, 13.224503], [123.364526, 13.224503], [123.364526, 13.223964], [123.363987, 13.223964], [123.363987, 13.223425], [123.363448, 13.223425], [123.363448, 13.222886], [123.360753, 13.222886], [123.360753, 13.222347], [123.359675, 13.222347], [123.359675, 13.221808], [123.360214, 13.221808], [123.360214, 13.219652], [123.359675, 13.219652], [123.359675, 13.219113], [123.359136, 13.219113], [123.359136, 13.218574], [123.358597, 13.218574], [123.358597, 13.217496], [123.359136, 13.217496], [123.359136, 13.21534], [123.359675, 13.21534], [123.359675, 13.214262], [123.359136, 13.214262], [123.359136, 13.211567], [123.359675, 13.211567], [123.359675, 13.20995], [123.360753, 13.20995], [123.360753, 13.211028], [123.360214, 13.211028], [123.360214, 13.214801], [123.360753, 13.214801], [123.360753, 13.215879], [123.361292, 13.215879], [123.361292, 13.216957], [123.361831, 13.216957], [123.361831, 13.217496], [123.36237, 13.217496], [123.36237, 13.220191]], [[123.346739, 13.282175], [123.347278, 13.282175], [123.347278, 13.282714], [123.346739, 13.282714], [123.346739, 13.283253], [123.3462, 13.283253], [123.3462, 13.283792], [123.345122, 13.283792], [123.345122, 13.28487], [123.345661, 13.28487], [123.345661, 13.285408], [123.346739, 13.285408], [123.346739, 13.285947], [123.3462, 13.285947], [123.3462, 13.287025], [123.345661, 13.287025], [123.345661, 13.288103], [123.3462, 13.288103], [123.3462, 13.28972], [123.345661, 13.28972], [123.345661, 13.289181], [123.345122, 13.289181], [123.345122, 13.288103], [123.344583, 13.288103], [123.344583, 13.287564], [123.344044, 13.287564], [123.344044, 13.287025], [123.342966, 13.287025], [123.342966, 13.287564], [123.342427, 13.287564], [123.342427, 13.288103], [123.341888, 13.288103], [123.341888, 13.287564], [123.341349, 13.287564], [123.341349, 13.285947], [123.34081, 13.285947], [123.34081, 13.28487], [123.341349, 13.28487], [123.341349, 13.283792], [123.341888, 13.283792], [123.341888, 13.282714], [123.342966, 13.282714], [123.342966, 13.282175], [123.342427, 13.282175], [123.342427, 13.280558], [123.344044, 13.280558], [123.344044, 13.281636], [123.343505, 13.281636], [123.343505, 13.282175], [123.344583, 13.282175], [123.344583, 13.282714], [123.345122, 13.282714], [123.345122, 13.282175], [123.345661, 13.282175], [123.345661, 13.281636], [123.346739, 13.281636], [123.346739, 13.282175]], [[123.48472, 13.324216], [123.486337, 13.324216], [123.486337, 13.323677], [123.486876, 13.323677], [123.486876, 13.323138], [123.487415, 13.323138], [123.487415, 13.322599], [123.487954, 13.322599], [123.487954, 13.323138], [123.488493, 13.323138], [123.488493, 13.323677], [123.492266, 13.323677], [123.492266, 13.325833], [123.491727, 13.325833], [123.491727, 13.326911], [123.491188, 13.326911], [123.491188, 13.32745], [123.491727, 13.32745], [123.491727, 13.329606], [123.491188, 13.329606], [123.491188, 13.330684], [123.491727, 13.330684], [123.491727, 13.331223], [123.492266, 13.331223], [123.492266, 13.332301], [123.491727, 13.332301], [123.491727, 13.33284], [123.491188, 13.33284], [123.491188, 13.333379], [123.490649, 13.333379], [123.490649, 13.333918], [123.49011, 13.333918], [123.49011, 13.334457], [123.486876, 13.334457], [123.486876, 13.332301], [123.486337, 13.332301], [123.486337, 13.331223], [123.485798, 13.331223], [123.485798, 13.330684], [123.486337, 13.330684], [123.486337, 13.329606], [123.486876, 13.329606], [123.486876, 13.329067], [123.487954, 13.329067], [123.487954, 13.32745], [123.487415, 13.32745], [123.487415, 13.326911], [123.486876, 13.326911], [123.486876, 13.32745], [123.485259, 13.32745], [123.485259, 13.326911], [123.48472, 13.326911], [123.48472, 13.324216]]], [[[123.111201, 13.528134], [123.111201, 13.528493], [123.112818, 13.528493], [123.112818, 13.529571], [123.112279, 13.529571], [123.112279, 13.530649], [123.113896, 13.530649], [123.113896, 13.53011], [123.114435, 13.53011], [123.114435, 13.529571], [123.116052, 13.529571], [123.116052, 13.529032], [123.116591, 13.529032], [123.116591, 13.526876], [123.118208, 13.526876], [123.118208, 13.527415], [123.119286, 13.527415], [123.119286, 13.526876], [123.119825, 13.526876], [123.119825, 13.525798], [123.119286, 13.525798], [123.119286, 13.525286], [123.11442, 13.525528], [123.111201, 13.528134]]], [[[123.084299, 13.538107], [123.082805, 13.542607], [123.08697, 13.547752], [123.087131, 13.548435], [123.088024, 13.548435], [123.088024, 13.547896], [123.089102, 13.547896], [123.089102, 13.547357], [123.09018, 13.547357], [123.09018, 13.546818], [123.091258, 13.546818], [123.091258, 13.546279], [123.091797, 13.546279], [123.091797, 13.54574], [123.092336, 13.54574], [123.092336, 13.545201], [123.092875, 13.545201], [123.092875, 13.544662], [123.092336, 13.544662], [123.092336, 13.543584], [123.092875, 13.543584], [123.092875, 13.543045], [123.093414, 13.543045], [123.093414, 13.541967], [123.093953, 13.541967], [123.093953, 13.541428], [123.094492, 13.541428], [123.094492, 13.54035], [123.095031, 13.54035], [123.095031, 13.539811], [123.097187, 13.539811], [123.097187, 13.54035], [123.098804, 13.54035], [123.098804, 13.539811], [123.099882, 13.539811], [123.099882, 13.539272], [123.100421, 13.539272], [123.100421, 13.536577], [123.101499, 13.536577], [123.101499, 13.536038], [123.102038, 13.536038], [123.102038, 13.535499], [123.103655, 13.535499], [123.103655, 13.53496], [123.104194, 13.53496], [123.104194, 13.533883], [123.103655, 13.533883], [123.103655, 13.532266], [123.103259, 13.532266], [123.098082, 13.53697], [123.084299, 13.538107]]], [[[123.035543, 13.592232], [123.033135, 13.592093], [123.033047, 13.592093], [123.033047, 13.592632], [123.03197, 13.592632], [123.03197, 13.593171], [123.029814, 13.593171], [123.029814, 13.59371], [123.029275, 13.59371], [123.029275, 13.594249], [123.028736, 13.594249], [123.028736, 13.596944], [123.029275, 13.596944], [123.029275, 13.597483], [123.030892, 13.597483], [123.030892, 13.596944], [123.031431, 13.596944], [123.031431, 13.597483], [123.03197, 13.597483], [123.03197, 13.598561], [123.032508, 13.598561], [123.032508, 13.601795], [123.033047, 13.601795], [123.033047, 13.602334], [123.034125, 13.602334], [123.034125, 13.602873], [123.034664, 13.602873], [123.034664, 13.603412], [123.03682, 13.603412], [123.03682, 13.603951], [123.038437, 13.603951], [123.038437, 13.603412], [123.037898, 13.603412], [123.037898, 13.602334], [123.038437, 13.602334], [123.038437, 13.601256], [123.038976, 13.601256], [123.038976, 13.600717], [123.039515, 13.600717], [123.039515, 13.601256], [123.040054, 13.601256], [123.040054, 13.600717], [123.041132, 13.600717], [123.041132, 13.600178], [123.040593, 13.600178], [123.040593, 13.599639], [123.041132, 13.599639], [123.041132, 13.598022], [123.041671, 13.598022], [123.041671, 13.597483], [123.043288, 13.597483], [123.043288, 13.598022], [123.044366, 13.598022], [123.044366, 13.597483], [123.043827, 13.597483], [123.043827, 13.596944], [123.043288, 13.596944], [123.043288, 13.596023], [123.040921, 13.596401], [123.035543, 13.592232]]], [[[123.010545, 13.595264], [123.005016, 13.596686], [123.003268, 13.603504], [122.989458, 13.604735], [122.985543, 13.607767], [122.981124, 13.6089], [122.977209, 13.611932], [122.975002, 13.612498], [122.971684, 13.61335], [122.970833, 13.616668], [122.967519, 13.617519], [122.966101, 13.623044], [122.963069, 13.626955], [122.961932, 13.635543], [122.954735, 13.643623], [122.953317, 13.649148], [122.947788, 13.650566], [122.942401, 13.655061], [122.941099, 13.663247], [122.945264, 13.668621], [122.945835, 13.675002], [122.931124, 13.675568], [122.92597, 13.679563], [122.924101, 13.686841], [122.916668, 13.687501], [122.916102, 13.698042], [122.912102, 13.703201], [122.905016, 13.705016], [122.904165, 13.708333], [122.901957, 13.707767], [122.898042, 13.704735], [122.888714, 13.703598], [122.886935, 13.710545], [122.882939, 13.7157], [122.875707, 13.717555], [122.874293, 13.728279], [122.870273, 13.72931], [122.870273, 13.729536], [122.869734, 13.729536], [122.869734, 13.730075], [122.870273, 13.730075], [122.870273, 13.730614], [122.870812, 13.730614], [122.870812, 13.733847], [122.871351, 13.733847], [122.871351, 13.734386], [122.87189, 13.734386], [122.87189, 13.734925], [122.872429, 13.734925], [122.872429, 13.735464], [122.87189, 13.735464], [122.87189, 13.73762], [122.870812, 13.73762], [122.870812, 13.735464], [122.870273, 13.735464], [122.870273, 13.734925], [122.869734, 13.734925], [122.869734, 13.734386], [122.867578, 13.734386], [122.867578, 13.734925], [122.863805, 13.734925], [122.863805, 13.734386], [122.863403, 13.734386], [122.860546, 13.736934], [122.855016, 13.738352], [122.853277, 13.745125], [122.843623, 13.746401], [122.830388, 13.759072], [122.830388, 13.759719], [122.832544, 13.759719], [122.832544, 13.761336], [122.833621, 13.761336], [122.833621, 13.760797], [122.83416, 13.760797], [122.83416, 13.75918], [122.834699, 13.75918], [122.834699, 13.758102], [122.835238, 13.758102], [122.835238, 13.757024], [122.837394, 13.757024], [122.837394, 13.757563], [122.838472, 13.757563], [122.838472, 13.758102], [122.83955, 13.758102], [122.83955, 13.758641], [122.840089, 13.758641], [122.840089, 13.757563], [122.83955, 13.757563], [122.83955, 13.757024], [122.839011, 13.757024], [122.839011, 13.756485], [122.83955, 13.756485], [122.83955, 13.755946], [122.841167, 13.755946], [122.841167, 13.755407], [122.842784, 13.755407], [122.842784, 13.755946], [122.843862, 13.755946], [122.843862, 13.755407], [122.844401, 13.755407], [122.844401, 13.754868], [122.843862, 13.754868], [122.843862, 13.754329], [122.843323, 13.754329], [122.843323, 13.75379], [122.842245, 13.75379], [122.842245, 13.753251], [122.840628, 13.753251], [122.840628, 13.752712], [122.841167, 13.752712], [122.841167, 13.752173], [122.843862, 13.752173], [122.843862, 13.752712], [122.844401, 13.752712], [122.844401, 13.753251], [122.84494, 13.753251], [122.84494, 13.75379], [122.845479, 13.75379], [122.845479, 13.754329], [122.846018, 13.754329], [122.846018, 13.755407], [122.846557, 13.755407], [122.846557, 13.755946], [122.848174, 13.755946], [122.848174, 13.755407], [122.848713, 13.755407], [122.848713, 13.754329], [122.848174, 13.754329], [122.848174, 13.75379], [122.847635, 13.75379], [122.847635, 13.753251], [122.847096, 13.753251], [122.847096, 13.752712], [122.846557, 13.752712], [122.846557, 13.752173], [122.846018, 13.752173], [122.846018, 13.751634], [122.845479, 13.751634], [122.845479, 13.751095], [122.846557, 13.751095], [122.846557, 13.751634], [122.847096, 13.751634], [122.847096, 13.752173], [122.847635, 13.752173], [122.847635, 13.752712], [122.848174, 13.752712], [122.848174, 13.752173], [122.848713, 13.752173], [122.848713, 13.751634], [122.849791, 13.751634], [122.849791, 13.752712], [122.851408, 13.752712], [122.851408, 13.750017], [122.854103, 13.750017], [122.854103, 13.750556], [122.85572, 13.750556], [122.85572, 13.750017], [122.857337, 13.750017], [122.857337, 13.750556], [122.857876, 13.750556], [122.857876, 13.751634], [122.858954, 13.751634], [122.858954, 13.751095], [122.860032, 13.751095], [122.860032, 13.749478], [122.858415, 13.749478], [122.858415, 13.7484], [122.859493, 13.7484], [122.859493, 13.747861], [122.862727, 13.747861], [122.862727, 13.7484], [122.864344, 13.7484], [122.864344, 13.747322], [122.863805, 13.747322], [122.863805, 13.746783], [122.862727, 13.746783], [122.862727, 13.746244], [122.86111, 13.746244], [122.86111, 13.745705], [122.860571, 13.745705], [122.860571, 13.744627], [122.862188, 13.744627], [122.862188, 13.744088], [122.864344, 13.744088], [122.864344, 13.744627], [122.865961, 13.744627], [122.865961, 13.745166], [122.867039, 13.745166], [122.867039, 13.745705], [122.867578, 13.745705], [122.867578, 13.745166], [122.868656, 13.745166], [122.868656, 13.745705], [122.869734, 13.745705], [122.869734, 13.746244], [122.870273, 13.746244], [122.870273, 13.74301], [122.873507, 13.74301], [122.873507, 13.742471], [122.874046, 13.742471], [122.874046, 13.741932], [122.873507, 13.741932], [122.873507, 13.740854], [122.872968, 13.740854], [122.872968, 13.740315], [122.873507, 13.740315], [122.873507, 13.739776], [122.875663, 13.739776], [122.875663, 13.740315], [122.877819, 13.740315], [122.877819, 13.740854], [122.878358, 13.740854], [122.878358, 13.741393], [122.878897, 13.741393], [122.878897, 13.741932], [122.879975, 13.741932], [122.879975, 13.740315], [122.880514, 13.740315], [122.880514, 13.739776], [122.881053, 13.739776], [122.881053, 13.738698], [122.882131, 13.738698], [122.882131, 13.739237], [122.883208, 13.739237], [122.883208, 13.738698], [122.883747, 13.738698], [122.883747, 13.738159], [122.883208, 13.738159], [122.883208, 13.737081], [122.883747, 13.737081], [122.883747, 13.736003], [122.885364, 13.736003], [122.885364, 13.736542], [122.885903, 13.736542], [122.885903, 13.737081], [122.886442, 13.737081], [122.886442, 13.738159], [122.88752, 13.738159], [122.88752, 13.737081], [122.888059, 13.737081], [122.888059, 13.736542], [122.888598, 13.736542], [122.888598, 13.735464], [122.889137, 13.735464], [122.889137, 13.734386], [122.890215, 13.734386], [122.890215, 13.733847], [122.892371, 13.733847], [122.892371, 13.734386], [122.893449, 13.734386], [122.893449, 13.734925], [122.895066, 13.734925], [122.895066, 13.734386], [122.896683, 13.734386], [122.896683, 13.734925], [122.897222, 13.734925], [122.897222, 13.734386], [122.897761, 13.734386], [122.897761, 13.733847], [122.898839, 13.733847], [122.898839, 13.734925], [122.8983, 13.734925], [122.8983, 13.735464], [122.898839, 13.735464], [122.898839, 13.736542], [122.899378, 13.736542], [122.899378, 13.737081], [122.898839, 13.737081], [122.898839, 13.73762], [122.8983, 13.73762], [122.8983, 13.738698], [122.897761, 13.738698], [122.897761, 13.739237], [122.897222, 13.739237], [122.897222, 13.739776], [122.895605, 13.739776], [122.895605, 13.740315], [122.895066, 13.740315], [122.895066, 13.741393], [122.896144, 13.741393], [122.896144, 13.741932], [122.895066, 13.741932], [122.895066, 13.742471], [122.894527, 13.742471], [122.894527, 13.744088], [122.893988, 13.744088], [122.893988, 13.744627], [122.893449, 13.744627], [122.893449, 13.745705], [122.893988, 13.745705], [122.893988, 13.746244], [122.893449, 13.746244], [122.893449, 13.746783], [122.89291, 13.746783], [122.89291, 13.747322], [122.891832, 13.747322], [122.891832, 13.747861], [122.891293, 13.747861], [122.891293, 13.7484], [122.890754, 13.7484], [122.890754, 13.748939], [122.890215, 13.748939], [122.890215, 13.750017], [122.890754, 13.750017], [122.890754, 13.751095], [122.890215, 13.751095], [122.890215, 13.751634], [122.889676, 13.751634], [122.889676, 13.752712], [122.889137, 13.752712], [122.889137, 13.757563], [122.889676, 13.757563], [122.889676, 13.757024], [122.892371, 13.757024], [122.892371, 13.758102], [122.893449, 13.758102], [122.893449, 13.758641], [122.894527, 13.758641], [122.894527, 13.75918], [122.896144, 13.75918], [122.896144, 13.759719], [122.897222, 13.759719], [122.897222, 13.760258], [122.8983, 13.760258], [122.8983, 13.760797], [122.898839, 13.760797], [122.898839, 13.761336], [122.8983, 13.761336], [122.8983, 13.761875], [122.898839, 13.761875], [122.898839, 13.762414], [122.900456, 13.762414], [122.900456, 13.762953], [122.900995, 13.762953], [122.900995, 13.763492], [122.902073, 13.763492], [122.902073, 13.764031], [122.902612, 13.764031], [122.902612, 13.76457], [122.903151, 13.76457], [122.903151, 13.765109], [122.90369, 13.765109], [122.90369, 13.765648], [122.904229, 13.765648], [122.904229, 13.765109], [122.905307, 13.765109], [122.905307, 13.76457], [122.906924, 13.76457], [122.906924, 13.765109], [122.907463, 13.765109], [122.907463, 13.765648], [122.911236, 13.765648], [122.911236, 13.765109], [122.916087, 13.765109], [122.916087, 13.76457], [122.917165, 13.76457], [122.917165, 13.764031], [122.918782, 13.764031], [122.918782, 13.763492], [122.91986, 13.763492], [122.91986, 13.762953], [122.920399, 13.762953], [122.920399, 13.762414], [122.920938, 13.762414], [122.920938, 13.761336], [122.921477, 13.761336], [122.921477, 13.760797], [122.922016, 13.760797], [122.922016, 13.760258], [122.922555, 13.760258], [122.922555, 13.759719], [122.923094, 13.759719], [122.923094, 13.758102], [122.923633, 13.758102], [122.923633, 13.755946], [122.924172, 13.755946], [122.924172, 13.755407], [122.924711, 13.755407], [122.924711, 13.755946], [122.925789, 13.755946], [122.925789, 13.754868], [122.926328, 13.754868], [122.926328, 13.754329], [122.925789, 13.754329], [122.925789, 13.751634], [122.92525, 13.751634], [122.92525, 13.751095], [122.924711, 13.751095], [122.924711, 13.750556], [122.923633, 13.750556], [122.923633, 13.750017], [122.923094, 13.750017], [122.923094, 13.749478], [122.922555, 13.749478], [122.922555, 13.748939], [122.922016, 13.748939], [122.922016, 13.7484], [122.921477, 13.7484], [122.921477, 13.747861], [122.920938, 13.747861], [122.920938, 13.747322], [122.920399, 13.747322], [122.920399, 13.745705], [122.91986, 13.745705], [122.91986, 13.745166], [122.919321, 13.745166], [122.919321, 13.744627], [122.918243, 13.744627], [122.918243, 13.743549], [122.919321, 13.743549], [122.919321, 13.744088], [122.91986, 13.744088], [122.91986, 13.743549], [122.920399, 13.743549], [122.920399, 13.74301], [122.921477, 13.74301], [122.921477, 13.744627], [122.922016, 13.744627], [122.922016, 13.745166], [122.923094, 13.745166], [122.923094, 13.74301], [122.923633, 13.74301], [122.923633, 13.742471], [122.924172, 13.742471], [122.924172, 13.74301], [122.924711, 13.74301], [122.924711, 13.743549], [122.925789, 13.743549], [122.925789, 13.74301], [122.927406, 13.74301], [122.927406, 13.743549], [122.927945, 13.743549], [122.927945, 13.745705], [122.928484, 13.745705], [122.928484, 13.746783], [122.927945, 13.746783], [122.927945, 13.747861], [122.927406, 13.747861], [122.927406, 13.749478], [122.929562, 13.749478], [122.929562, 13.751095], [122.930101, 13.751095], [122.930101, 13.750556], [122.93064, 13.750556], [122.93064, 13.751095], [122.931179, 13.751095], [122.931179, 13.750017], [122.931718, 13.750017], [122.931718, 13.750556], [122.93549, 13.750556], [122.93549, 13.751095], [122.936029, 13.751095], [122.936029, 13.753251], [122.93549, 13.753251], [122.93549, 13.75379], [122.934951, 13.75379], [122.934951, 13.754329], [122.934412, 13.754329], [122.934412, 13.755407], [122.933873, 13.755407], [122.933873, 13.755946], [122.933334, 13.755946], [122.933334, 13.756485], [122.932795, 13.756485], [122.932795, 13.757563], [122.932257, 13.757563], [122.932257, 13.75918], [122.931718, 13.75918], [122.931718, 13.760258], [122.931179, 13.760258], [122.931179, 13.761875], [122.93064, 13.761875], [122.93064, 13.763492], [122.931179, 13.763492], [122.931179, 13.764031], [122.931718, 13.764031], [122.931718, 13.76457], [122.932795, 13.76457], [122.932795, 13.763492], [122.932257, 13.763492], [122.932257, 13.762953], [122.932795, 13.762953], [122.932795, 13.762414], [122.933334, 13.762414], [122.933334, 13.762953], [122.933873, 13.762953], [122.933873, 13.764031], [122.934412, 13.764031], [122.934412, 13.76457], [122.934951, 13.76457], [122.934951, 13.765109], [122.934412, 13.765109], [122.934412, 13.765648], [122.933873, 13.765648], [122.933873, 13.766187], [122.932795, 13.766187], [122.932795, 13.767804], [122.932257, 13.767804], [122.932257, 13.768343], [122.931718, 13.768343], [122.931718, 13.768882], [122.933334, 13.768882], [122.933334, 13.769421], [122.933873, 13.769421], [122.933873, 13.772116], [122.934412, 13.772116], [122.934412, 13.772655], [122.934951, 13.772655], [122.934951, 13.774272], [122.937107, 13.774272], [122.937107, 13.773733], [122.939802, 13.773733], [122.939802, 13.774272], [122.940341, 13.774272], [122.940341, 13.77535], [122.939802, 13.77535], [122.939802, 13.775889], [122.939263, 13.775889], [122.939263, 13.776428], [122.937107, 13.776428], [122.937107, 13.776967], [122.934951, 13.776967], [122.934951, 13.776428], [122.934412, 13.776428], [122.934412, 13.775889], [122.933873, 13.775889], [122.933873, 13.77535], [122.934412, 13.77535], [122.934412, 13.774272], [122.933873, 13.774272], [122.933873, 13.773733], [122.933334, 13.773733], [122.933334, 13.773194], [122.932795, 13.773194], [122.932795, 13.772655], [122.932257, 13.772655], [122.932257, 13.774272], [122.932795, 13.774272], [122.932795, 13.77535], [122.933334, 13.77535], [122.933334, 13.776967], [122.933873, 13.776967], [122.933873, 13.777506], [122.934412, 13.777506], [122.934412, 13.778045], [122.93549, 13.778045], [122.93549, 13.778584], [122.937107, 13.778584], [122.937107, 13.779123], [122.937646, 13.779123], [122.937646, 13.779662], [122.938185, 13.779662], [122.938185, 13.780201], [122.939263, 13.780201], [122.939263, 13.78074], [122.939802, 13.78074], [122.939802, 13.781279], [122.94088, 13.781279], [122.94088, 13.781818], [122.942497, 13.781818], [122.942497, 13.781279], [122.945192, 13.781279], [122.945192, 13.78074], [122.945731, 13.78074], [122.945731, 13.779662], [122.943036, 13.779662], [122.943036, 13.779123], [122.941958, 13.779123], [122.941958, 13.778045], [122.942497, 13.778045], [122.942497, 13.777506], [122.944653, 13.777506], [122.944653, 13.776967], [122.943036, 13.776967], [122.943036, 13.776428], [122.942497, 13.776428], [122.942497, 13.775889], [122.941958, 13.775889], [122.941958, 13.77535], [122.941419, 13.77535], [122.941419, 13.774811], [122.941958, 13.774811], [122.941958, 13.774272], [122.942497, 13.774272], [122.942497, 13.773733], [122.943036, 13.773733], [122.943036, 13.773194], [122.944114, 13.773194], [122.944114, 13.772655], [122.944653, 13.772655], [122.944653, 13.772116], [122.945192, 13.772116], [122.945192, 13.771038], [122.944653, 13.771038], [122.944653, 13.770499], [122.945731, 13.770499], [122.945731, 13.76996], [122.94627, 13.76996], [122.94627, 13.769421], [122.946809, 13.769421], [122.946809, 13.768882], [122.947348, 13.768882], [122.947348, 13.768343], [122.947887, 13.768343], [122.947887, 13.767265], [122.949504, 13.767265], [122.949504, 13.766187], [122.950043, 13.766187], [122.950043, 13.765648], [122.951121, 13.765648], [122.951121, 13.764031], [122.95166, 13.764031], [122.95166, 13.763492], [122.952199, 13.763492], [122.952199, 13.762414], [122.952738, 13.762414], [122.952738, 13.761336], [122.952199, 13.761336], [122.952199, 13.760258], [122.952738, 13.760258], [122.952738, 13.758641], [122.953277, 13.758641], [122.953277, 13.75918], [122.953816, 13.75918], [122.953816, 13.758641], [122.954355, 13.758641], [122.954355, 13.75918], [122.954894, 13.75918], [122.954894, 13.758641], [122.957589, 13.758641], [122.957589, 13.758102], [122.956511, 13.758102], [122.956511, 13.757563], [122.95705, 13.757563], [122.95705, 13.757024], [122.959206, 13.757024], [122.959206, 13.755946], [122.958667, 13.755946], [122.958667, 13.754868], [122.959206, 13.754868], [122.959206, 13.75379], [122.959745, 13.75379], [122.959745, 13.752712], [122.960284, 13.752712], [122.960284, 13.752173], [122.961362, 13.752173], [122.961362, 13.752712], [122.963518, 13.752712], [122.963518, 13.751095], [122.962979, 13.751095], [122.962979, 13.750556], [122.96244, 13.750556], [122.96244, 13.750017], [122.961901, 13.750017], [122.961901, 13.746244], [122.961362, 13.746244], [122.961362, 13.746783], [122.960284, 13.746783], [122.960284, 13.747322], [122.959745, 13.747322], [122.959745, 13.746783], [122.959206, 13.746783], [122.959206, 13.745705], [122.959745, 13.745705], [122.959745, 13.745166], [122.960284, 13.745166], [122.960284, 13.744627], [122.959745, 13.744627], [122.959745, 13.744088], [122.959206, 13.744088], [122.959206, 13.741393], [122.959745, 13.741393], [122.959745, 13.740854], [122.960284, 13.740854], [122.960284, 13.740315], [122.961362, 13.740315], [122.961362, 13.739776], [122.963518, 13.739776], [122.963518, 13.739237], [122.964057, 13.739237], [122.964057, 13.738698], [122.968369, 13.738698], [122.968369, 13.738159], [122.969986, 13.738159], [122.969986, 13.73762], [122.970525, 13.73762], [122.970525, 13.737081], [122.969447, 13.737081], [122.969447, 13.736542], [122.968369, 13.736542], [122.968369, 13.737081], [122.967291, 13.737081], [122.967291, 13.73762], [122.964596, 13.73762], [122.964596, 13.738159], [122.962979, 13.738159], [122.962979, 13.738698], [122.961901, 13.738698], [122.961901, 13.739237], [122.960823, 13.739237], [122.960823, 13.738698], [122.959745, 13.738698], [122.959745, 13.739237], [122.959206, 13.739237], [122.959206, 13.739776], [122.958667, 13.739776], [122.958667, 13.740315], [122.958128, 13.740315], [122.958128, 13.740854], [122.957589, 13.740854], [122.957589, 13.741393], [122.95705, 13.741393], [122.95705, 13.740854], [122.956511, 13.740854], [122.956511, 13.739237], [122.95705, 13.739237], [122.95705, 13.738159], [122.956511, 13.738159], [122.956511, 13.736003], [122.955972, 13.736003], [122.955972, 13.735464], [122.956511, 13.735464], [122.956511, 13.734386], [122.95705, 13.734386], [122.95705, 13.733847], [122.956511, 13.733847], [122.956511, 13.733308], [122.955972, 13.733308], [122.955972, 13.73277], [122.955433, 13.73277], [122.955433, 13.731692], [122.954894, 13.731692], [122.954894, 13.731153], [122.954355, 13.731153], [122.954355, 13.730614], [122.953816, 13.730614], [122.953816, 13.730075], [122.952738, 13.730075], [122.952738, 13.728997], [122.952199, 13.728997], [122.952199, 13.728458], [122.952738, 13.728458], [122.952738, 13.726302], [122.953277, 13.726302], [122.953277, 13.725763], [122.953816, 13.725763], [122.953816, 13.726302], [122.954894, 13.726302], [122.954894, 13.726841], [122.955433, 13.726841], [122.955433, 13.725763], [122.955972, 13.725763], [122.955972, 13.725224], [122.95705, 13.725224], [122.95705, 13.725763], [122.957589, 13.725763], [122.957589, 13.726302], [122.958128, 13.726302], [122.958128, 13.726841], [122.959745, 13.726841], [122.959745, 13.726302], [122.961362, 13.726302], [122.961362, 13.726841], [122.961901, 13.726841], [122.961901, 13.72738], [122.962979, 13.72738], [122.962979, 13.726841], [122.963518, 13.726841], [122.963518, 13.726302], [122.964596, 13.726302], [122.964596, 13.725763], [122.965674, 13.725763], [122.965674, 13.726302], [122.966213, 13.726302], [122.966213, 13.726841], [122.967291, 13.726841], [122.967291, 13.726302], [122.96783, 13.726302], [122.96783, 13.725224], [122.967291, 13.725224], [122.967291, 13.724146], [122.969447, 13.724146], [122.969447, 13.723607], [122.969986, 13.723607], [122.969986, 13.723068], [122.968369, 13.723068], [122.968369, 13.722529], [122.96783, 13.722529], [122.96783, 13.721451], [122.968369, 13.721451], [122.968369, 13.720912], [122.969986, 13.720912], [122.969986, 13.721451], [122.970525, 13.721451], [122.970525, 13.72199], [122.971064, 13.72199], [122.971064, 13.721451], [122.971603, 13.721451], [122.971603, 13.720373], [122.972142, 13.720373], [122.972142, 13.720912], [122.972681, 13.720912], [122.972681, 13.72199], [122.973759, 13.72199], [122.973759, 13.721451], [122.974298, 13.721451], [122.974298, 13.719295], [122.975376, 13.719295], [122.975376, 13.717678], [122.976993, 13.717678], [122.976993, 13.718217], [122.977532, 13.718217], [122.977532, 13.719834], [122.97861, 13.719834], [122.97861, 13.717678], [122.978071, 13.717678], [122.978071, 13.717139], [122.977532, 13.717139], [122.977532, 13.716061], [122.97861, 13.716061], [122.97861, 13.7166], [122.980227, 13.7166], [122.980227, 13.716061], [122.981305, 13.716061], [122.981305, 13.715522], [122.981844, 13.715522], [122.981844, 13.714983], [122.982382, 13.714983], [122.982382, 13.714444], [122.981844, 13.714444], [122.981844, 13.713905], [122.980766, 13.713905], [122.980766, 13.714444], [122.979688, 13.714444], [122.979688, 13.714983], [122.976993, 13.714983], [122.976993, 13.715522], [122.976454, 13.715522], [122.976454, 13.716061], [122.974837, 13.716061], [122.974837, 13.717139], [122.973759, 13.717139], [122.973759, 13.717678], [122.972681, 13.717678], [122.972681, 13.7166], [122.97322, 13.7166], [122.97322, 13.712827], [122.972681, 13.712827], [122.972681, 13.71121], [122.97322, 13.71121], [122.97322, 13.710671], [122.974298, 13.710671], [122.974298, 13.71121], [122.975376, 13.71121], [122.975376, 13.708515], [122.976454, 13.708515], [122.976454, 13.707976], [122.977532, 13.707976], [122.977532, 13.707437], [122.980227, 13.707437], [122.980227, 13.706898], [122.980766, 13.706898], [122.980766, 13.706359], [122.981305, 13.706359], [122.981305, 13.704742], [122.981844, 13.704742], [122.981844, 13.702586], [122.982382, 13.702586], [122.982382, 13.702047], [122.983999, 13.702047], [122.983999, 13.702586], [122.984538, 13.702586], [122.984538, 13.702047], [122.985616, 13.702047], [122.985616, 13.701508], [122.986694, 13.701508], [122.986694, 13.699891], [122.987233, 13.699891], [122.987233, 13.697735], [122.987772, 13.697735], [122.987772, 13.697196], [122.986694, 13.697196], [122.986694, 13.699352], [122.986155, 13.699352], [122.986155, 13.699891], [122.985616, 13.699891], [122.985616, 13.700969], [122.984538, 13.700969], [122.984538, 13.70043], [122.983999, 13.70043], [122.983999, 13.699352], [122.984538, 13.699352], [122.984538, 13.697735], [122.985077, 13.697735], [122.985077, 13.696657], [122.984538, 13.696657], [122.984538, 13.693962], [122.985077, 13.693962], [122.985077, 13.693423], [122.985616, 13.693423], [122.985616, 13.68965], [122.986155, 13.68965], [122.986155, 13.689111], [122.986694, 13.689111], [122.986694, 13.686416], [122.986155, 13.686416], [122.986155, 13.68426], [122.986694, 13.68426], [122.986694, 13.683721], [122.987233, 13.683721], [122.987233, 13.682644], [122.986694, 13.682644], [122.986694, 13.682105], [122.986155, 13.682105], [122.986155, 13.680488], [122.986694, 13.680488], [122.986694, 13.677793], [122.987233, 13.677793], [122.987233, 13.677254], [122.986694, 13.677254], [122.986694, 13.675637], [122.985616, 13.675637], [122.985616, 13.676176], [122.985077, 13.676176], [122.985077, 13.676715], [122.980766, 13.676715], [122.980766, 13.670247], [122.980227, 13.670247], [122.980227, 13.669708], [122.979688, 13.669708], [122.979688, 13.669169], [122.979149, 13.669169], [122.979149, 13.668091], [122.97861, 13.668091], [122.97861, 13.667552], [122.978071, 13.667552], [122.978071, 13.667013], [122.977532, 13.667013], [122.977532, 13.666474], [122.974298, 13.666474], [122.974298, 13.665935], [122.973759, 13.665935], [122.973759, 13.663779], [122.974298, 13.663779], [122.974298, 13.662701], [122.975376, 13.662701], [122.975376, 13.66324], [122.976993, 13.66324], [122.976993, 13.663779], [122.97861, 13.663779], [122.97861, 13.66324], [122.979688, 13.66324], [122.979688, 13.662701], [122.980227, 13.662701], [122.980227, 13.662162], [122.980766, 13.662162], [122.980766, 13.661623], [122.981305, 13.661623], [122.981305, 13.660545], [122.981844, 13.660545], [122.981844, 13.659467], [122.982382, 13.659467], [122.982382, 13.658389], [122.982921, 13.658389], [122.982921, 13.657311], [122.983999, 13.657311], [122.983999, 13.656233], [122.985077, 13.656233], [122.985077, 13.656772], [122.985616, 13.656772], [122.985616, 13.657311], [122.986694, 13.657311], [122.986694, 13.656772], [122.987233, 13.656772], [122.987233, 13.656233], [122.987772, 13.656233], [122.987772, 13.655694], [122.988311, 13.655694], [122.988311, 13.655155], [122.98885, 13.655155], [122.98885, 13.654616], [122.989389, 13.654616], [122.989389, 13.654077], [122.989928, 13.654077], [122.989928, 13.654616], [122.990467, 13.654616], [122.990467, 13.655155], [122.991006, 13.655155], [122.991006, 13.655694], [122.991545, 13.655694], [122.991545, 13.656233], [122.992623, 13.656233], [122.992623, 13.655155], [122.992084, 13.655155], [122.992084, 13.654616], [122.992623, 13.654616], [122.992623, 13.654077], [122.993701, 13.654077], [122.993701, 13.654616], [122.99424, 13.654616], [122.99424, 13.655155], [122.994779, 13.655155], [122.994779, 13.654616], [122.995318, 13.654616], [122.995318, 13.654077], [122.995857, 13.654077], [122.995857, 13.653538], [122.996396, 13.653538], [122.996396, 13.652999], [122.996935, 13.652999], [122.996935, 13.65246], [122.997474, 13.65246], [122.997474, 13.651921], [122.99963, 13.651921], [122.99963, 13.651382], [123.000169, 13.651382], [123.000169, 13.650843], [123.001786, 13.650843], [123.001786, 13.650304], [123.002325, 13.650304], [123.002325, 13.649226], [123.001786, 13.649226], [123.001786, 13.648148], [122.99963, 13.648148], [122.99963, 13.648687], [122.999091, 13.648687], [122.999091, 13.649226], [122.997474, 13.649226], [122.997474, 13.649765], [122.994779, 13.649765], [122.994779, 13.650304], [122.992623, 13.650304], [122.992623, 13.650843], [122.991006, 13.650843], [122.991006, 13.649765], [122.992623, 13.649765], [122.992623, 13.649226], [122.993162, 13.649226], [122.993162, 13.648687], [122.993701, 13.648687], [122.993701, 13.648148], [122.99424, 13.648148], [122.99424, 13.647609], [122.995857, 13.647609], [122.995857, 13.64707], [122.996396, 13.64707], [122.996396, 13.645453], [122.996935, 13.645453], [122.996935, 13.644914], [122.99963, 13.644914], [122.99963, 13.644375], [122.999091, 13.644375], [122.999091, 13.643836], [122.998552, 13.643836], [122.998552, 13.642219], [122.99963, 13.642219], [122.99963, 13.642758], [123.001786, 13.642758], [123.001786, 13.642219], [123.002325, 13.642219], [123.002325, 13.64168], [123.001786, 13.64168], [123.001786, 13.641141], [123.000169, 13.641141], [123.000169, 13.640063], [123.000708, 13.640063], [123.000708, 13.639524], [123.001786, 13.639524], [123.001786, 13.638985], [123.002864, 13.638985], [123.002864, 13.638446], [123.003403, 13.638446], [123.003403, 13.637368], [123.003942, 13.637368], [123.003942, 13.636829], [123.004481, 13.636829], [123.004481, 13.63629], [123.006637, 13.63629], [123.006637, 13.635751], [123.007176, 13.635751], [123.007176, 13.635212], [123.007715, 13.635212], [123.007715, 13.633057], [123.008254, 13.633057], [123.008254, 13.631979], [123.008793, 13.631979], [123.008793, 13.63144], [123.009871, 13.63144], [123.009871, 13.630901], [123.01041, 13.630901], [123.01041, 13.630362], [123.010949, 13.630362], [123.010949, 13.628745], [123.011488, 13.628745], [123.011488, 13.628206], [123.013644, 13.628206], [123.013644, 13.627667], [123.016339, 13.627667], [123.016339, 13.62605], [123.016878, 13.62605], [123.016878, 13.625511], [123.017417, 13.625511], [123.017417, 13.624972], [123.017956, 13.624972], [123.017956, 13.624433], [123.018495, 13.624433], [123.018495, 13.623894], [123.019573, 13.623894], [123.019573, 13.623355], [123.020112, 13.623355], [123.020112, 13.622816], [123.020651, 13.622816], [123.020651, 13.622277], [123.02119, 13.622277], [123.02119, 13.621738], [123.021729, 13.621738], [123.021729, 13.621199], [123.022268, 13.621199], [123.022268, 13.62066], [123.022807, 13.62066], [123.022807, 13.619582], [123.023346, 13.619582], [123.023346, 13.618504], [123.023885, 13.618504], [123.023885, 13.616887], [123.023346, 13.616887], [123.023346, 13.616348], [123.022807, 13.616348], [123.022807, 13.615809], [123.025502, 13.615809], [123.025502, 13.614192], [123.024963, 13.614192], [123.024963, 13.613653], [123.025502, 13.613653], [123.025502, 13.613114], [123.02658, 13.613114], [123.02658, 13.612575], [123.029275, 13.612575], [123.029275, 13.613653], [123.028736, 13.613653], [123.028736, 13.614731], [123.029275, 13.614731], [123.029275, 13.614192], [123.029814, 13.614192], [123.029814, 13.613653], [123.030353, 13.613653], [123.030353, 13.613114], [123.030892, 13.613114], [123.030892, 13.612575], [123.031431, 13.612575], [123.031431, 13.611497], [123.029814, 13.611497], [123.029814, 13.60988], [123.030353, 13.60988], [123.030353, 13.609341], [123.030892, 13.609341], [123.030892, 13.608802], [123.032508, 13.608802], [123.032508, 13.608263], [123.033586, 13.608263], [123.033586, 13.607724], [123.034125, 13.607724], [123.034125, 13.606107], [123.034664, 13.606107], [123.034664, 13.605568], [123.035203, 13.605568], [123.035203, 13.605029], [123.034664, 13.605029], [123.034664, 13.60449], [123.034125, 13.60449], [123.034125, 13.603951], [123.032508, 13.603951], [123.032508, 13.603412], [123.031431, 13.603412], [123.031431, 13.602873], [123.030892, 13.602873], [123.030892, 13.602334], [123.030353, 13.602334], [123.030353, 13.601795], [123.028736, 13.601795], [123.028736, 13.601256], [123.028197, 13.601256], [123.028197, 13.600717], [123.027658, 13.600717], [123.027658, 13.600178], [123.027119, 13.600178], [123.027119, 13.599639], [123.026041, 13.599639], [123.026041, 13.600178], [123.022268, 13.600178], [123.022268, 13.599639], [123.021729, 13.599639], [123.021729, 13.5991], [123.02119, 13.5991], [123.02119, 13.598561], [123.020651, 13.598561], [123.020651, 13.598022], [123.019573, 13.598022], [123.019573, 13.598561], [123.019034, 13.598561], [123.019034, 13.597483], [123.020112, 13.597483], [123.020112, 13.596944], [123.02119, 13.596944], [123.02119, 13.596405], [123.022268, 13.596405], [123.022268, 13.595866], [123.022807, 13.595866], [123.022807, 13.595327], [123.023346, 13.595327], [123.023346, 13.594788], [123.023885, 13.594788], [123.023885, 13.594249], [123.024424, 13.594249], [123.024424, 13.59371], [123.024963, 13.59371], [123.024963, 13.592632], [123.027119, 13.592632], [123.027119, 13.591746], [123.015919, 13.591099], [123.010545, 13.595264]], [[122.893988, 13.716061], [122.894527, 13.716061], [122.894527, 13.718217], [122.895066, 13.718217], [122.895066, 13.718756], [122.895605, 13.718756], [122.895605, 13.719295], [122.896144, 13.719295], [122.896144, 13.719834], [122.895605, 13.719834], [122.895605, 13.720373], [122.895066, 13.720373], [122.895066, 13.720912], [122.894527, 13.720912], [122.894527, 13.72199], [122.895066, 13.72199], [122.895066, 13.723607], [122.894527, 13.723607], [122.894527, 13.724685], [122.895066, 13.724685], [122.895066, 13.725763], [122.895605, 13.725763], [122.895605, 13.726302], [122.896144, 13.726302], [122.896144, 13.72738], [122.897222, 13.72738], [122.897222, 13.727919], [122.8983, 13.727919], [122.8983, 13.729536], [122.897761, 13.729536], [122.897761, 13.728997], [122.897222, 13.728997], [122.897222, 13.729536], [122.896683, 13.729536], [122.896683, 13.728997], [122.896144, 13.728997], [122.896144, 13.727919], [122.895605, 13.727919], [122.895605, 13.72738], [122.895066, 13.72738], [122.895066, 13.727919], [122.894527, 13.727919], [122.894527, 13.728458], [122.893449, 13.728458], [122.893449, 13.726841], [122.893988, 13.726841], [122.893988, 13.725224], [122.893449, 13.725224], [122.893449, 13.724685], [122.89291, 13.724685], [122.89291, 13.724146], [122.892371, 13.724146], [122.892371, 13.723607], [122.891832, 13.723607], [122.891832, 13.723068], [122.891293, 13.723068], [122.891293, 13.722529], [122.890754, 13.722529], [122.890754, 13.72199], [122.890215, 13.72199], [122.890215, 13.721451], [122.889676, 13.721451], [122.889676, 13.720912], [122.889137, 13.720912], [122.889137, 13.720373], [122.88752, 13.720373], [122.88752, 13.720912], [122.886442, 13.720912], [122.886442, 13.719295], [122.886981, 13.719295], [122.886981, 13.718217], [122.88752, 13.718217], [122.88752, 13.717678], [122.888059, 13.717678], [122.888059, 13.717139], [122.888598, 13.717139], [122.888598, 13.717678], [122.889137, 13.717678], [122.889137, 13.717139], [122.890215, 13.717139], [122.890215, 13.7166], [122.890754, 13.7166], [122.890754, 13.716061], [122.891293, 13.716061], [122.891293, 13.714983], [122.890754, 13.714983], [122.890754, 13.712827], [122.891293, 13.712827], [122.891293, 13.711749], [122.891832, 13.711749], [122.891832, 13.71121], [122.892371, 13.71121], [122.892371, 13.710671], [122.89291, 13.710671], [122.89291, 13.710132], [122.893449, 13.710132], [122.893449, 13.710671], [122.893988, 13.710671], [122.893988, 13.711749], [122.894527, 13.711749], [122.894527, 13.712288], [122.895066, 13.712288], [122.895066, 13.713366], [122.894527, 13.713366], [122.894527, 13.713905], [122.893988, 13.713905], [122.893988, 13.716061]]], [[[122.849148, 13.81335], [122.850566, 13.818879], [122.857768, 13.826954], [122.859186, 13.832484], [122.86471, 13.833902], [122.868621, 13.836934], [122.87415, 13.838352], [122.875568, 13.843877], [122.879564, 13.849031], [122.886854, 13.850904], [122.888067, 13.867412], [122.883902, 13.87279], [122.882721, 13.899089], [122.875849, 13.900851], [122.874431, 13.906376], [122.871399, 13.910291], [122.870833, 13.916667], [122.864242, 13.917019], [122.86076, 13.92048], [122.843409, 13.921189], [122.835757, 13.928814], [122.822576, 13.929518], [122.819089, 13.932979], [122.816668, 13.933335], [122.812499, 13.933335], [122.811647, 13.936648], [122.808334, 13.9375], [122.787501, 13.9375], [122.786935, 13.948046], [122.779733, 13.956121], [122.778601, 13.960545], [122.775568, 13.964455], [122.774101, 13.970172], [122.766668, 13.970832], [122.766668, 13.983335], [122.778257, 13.983955], [122.779733, 13.989712], [122.782766, 13.993622], [122.783903, 14.00221], [122.786935, 14.006121], [122.787501, 14.008333], [122.788353, 14.01165], [122.791666, 14.012502], [122.798256, 14.012145], [122.801743, 14.008685], [122.80659, 14.007981], [122.810077, 14.00452], [122.814925, 14.003811], [122.819121, 13.999647], [122.823259, 14.000356], [122.826741, 14.003811], [122.837501, 14.004168], [122.838469, 14.000396], [122.843623, 13.9964], [122.848042, 13.995268], [122.851957, 13.992236], [122.856376, 13.991098], [122.865732, 13.982764], [122.893877, 13.983901], [122.899255, 13.988066], [122.923044, 13.986934], [122.926955, 13.983901], [122.939713, 13.982764], [122.949063, 13.974435], [122.952211, 13.975567], [122.957585, 13.979732], [122.961687, 13.978158], [122.963069, 13.972789], [122.966101, 13.968879], [122.967519, 13.963349], [122.973044, 13.961931], [122.976955, 13.958899], [122.982484, 13.957481], [122.983902, 13.951956], [122.986934, 13.948046], [122.987501, 13.941665], [122.998256, 13.942022], [123.002452, 13.946186], [123.00659, 13.945482], [123.010077, 13.942022], [123.020832, 13.941665], [123.02048, 13.930909], [123.01702, 13.927422], [123.016668, 13.912498], [123.017283, 13.91034], [123.024444, 13.90209], [123.021452, 13.897992], [123.020217, 13.885342], [123.013118, 13.877159], [123.011883, 13.872839], [123.008949, 13.868825], [123.007647, 13.846641], [122.99657, 13.845032], [122.995215, 13.831173], [122.992285, 13.82716], [122.991665, 13.825001], [122.999313, 13.824221], [123.000169, 13.799191], [123.000169, 13.795292], [122.99963, 13.795292], [122.99963, 13.794753], [123.000169, 13.794753], [123.000169, 13.793136], [122.99963, 13.793136], [122.99963, 13.792058], [122.999091, 13.792058], [122.999091, 13.790441], [122.998552, 13.790441], [122.998552, 13.789902], [122.998013, 13.789902], [122.998013, 13.789363], [122.996396, 13.789363], [122.996396, 13.788824], [122.995857, 13.788824], [122.995857, 13.787746], [122.995318, 13.787746], [122.995318, 13.787207], [122.99424, 13.787207], [122.99424, 13.786129], [122.994779, 13.786129], [122.994779, 13.785051], [122.993701, 13.785051], [122.993701, 13.786129], [122.993162, 13.786129], [122.993162, 13.787207], [122.993701, 13.787207], [122.993701, 13.787746], [122.99424, 13.787746], [122.99424, 13.789902], [122.993701, 13.789902], [122.993701, 13.789363], [122.993162, 13.789363], [122.993162, 13.788824], [122.992623, 13.788824], [122.992623, 13.787746], [122.992084, 13.787746], [122.992084, 13.78559], [122.991545, 13.78559], [122.991545, 13.783973], [122.991006, 13.783973], [122.991006, 13.781818], [122.991545, 13.781818], [122.991545, 13.780201], [122.990467, 13.780201], [122.990467, 13.781279], [122.989928, 13.781279], [122.989928, 13.781818], [122.989389, 13.781818], [122.989389, 13.782357], [122.988311, 13.782357], [122.988311, 13.782895], [122.987772, 13.782895], [122.987772, 13.783973], [122.988311, 13.783973], [122.988311, 13.785051], [122.98885, 13.785051], [122.98885, 13.784512], [122.989389, 13.784512], [122.989389, 13.785051], [122.989928, 13.785051], [122.989928, 13.78559], [122.990467, 13.78559], [122.990467, 13.786129], [122.989928, 13.786129], [122.989928, 13.786668], [122.989389, 13.786668], [122.989389, 13.787207], [122.98885, 13.787207], [122.98885, 13.786668], [122.988311, 13.786668], [122.988311, 13.786129], [122.986155, 13.786129], [122.986155, 13.787207], [122.985077, 13.787207], [122.985077, 13.786668], [122.983999, 13.786668], [122.983999, 13.787746], [122.984538, 13.787746], [122.984538, 13.788824], [122.982921, 13.788824], [122.982921, 13.788285], [122.982382, 13.788285], [122.982382, 13.787746], [122.981844, 13.787746], [122.981844, 13.787207], [122.981305, 13.787207], [122.981305, 13.787746], [122.980766, 13.787746], [122.980766, 13.79098], [122.981305, 13.79098], [122.981305, 13.791519], [122.981844, 13.791519], [122.981844, 13.79098], [122.982382, 13.79098], [122.982382, 13.790441], [122.98346, 13.790441], [122.98346, 13.789902], [122.983999, 13.789902], [122.983999, 13.790441], [122.984538, 13.790441], [122.984538, 13.789902], [122.985077, 13.789902], [122.985077, 13.792058], [122.985616, 13.792058], [122.985616, 13.792597], [122.986694, 13.792597], [122.986694, 13.794214], [122.985616, 13.794214], [122.985616, 13.793675], [122.985077, 13.793675], [122.985077, 13.793136], [122.983999, 13.793136], [122.983999, 13.792597], [122.981844, 13.792597], [122.981844, 13.793136], [122.981305, 13.793136], [122.981305, 13.792597], [122.980766, 13.792597], [122.980766, 13.792058], [122.979688, 13.792058], [122.979688, 13.793136], [122.980227, 13.793136], [122.980227, 13.793675], [122.980766, 13.793675], [122.980766, 13.794214], [122.981305, 13.794214], [122.981305, 13.795292], [122.981844, 13.795292], [122.981844, 13.795831], [122.982382, 13.795831], [122.982382, 13.797448], [122.980766, 13.797448], [122.980766, 13.796909], [122.979149, 13.796909], [122.979149, 13.797448], [122.978071, 13.797448], [122.978071, 13.797987], [122.976993, 13.797987], [122.976993, 13.797448], [122.976454, 13.797448], [122.976454, 13.796909], [122.975376, 13.796909], [122.975376, 13.797987], [122.975915, 13.797987], [122.975915, 13.799604], [122.974837, 13.799604], [122.974837, 13.800682], [122.97322, 13.800682], [122.97322, 13.799604], [122.972142, 13.799604], [122.972142, 13.801221], [122.972681, 13.801221], [122.972681, 13.802299], [122.97322, 13.802299], [122.97322, 13.802838], [122.974298, 13.802838], [122.974298, 13.803377], [122.974837, 13.803377], [122.974837, 13.803916], [122.975376, 13.803916], [122.975376, 13.804455], [122.976454, 13.804455], [122.976454, 13.804994], [122.977532, 13.804994], [122.977532, 13.805533], [122.978071, 13.805533], [122.978071, 13.806072], [122.97861, 13.806072], [122.97861, 13.808228], [122.979149, 13.808228], [122.979149, 13.809306], [122.979688, 13.809306], [122.979688, 13.809845], [122.980227, 13.809845], [122.980227, 13.810384], [122.980766, 13.810384], [122.980766, 13.810923], [122.981305, 13.810923], [122.981305, 13.811462], [122.97861, 13.811462], [122.97861, 13.810923], [122.977532, 13.810923], [122.977532, 13.811462], [122.976454, 13.811462], [122.976454, 13.812001], [122.975915, 13.812001], [122.975915, 13.811462], [122.975376, 13.811462], [122.975376, 13.810923], [122.974837, 13.810923], [122.974837, 13.810384], [122.974298, 13.810384], [122.974298, 13.809845], [122.973759, 13.809845], [122.973759, 13.809306], [122.972681, 13.809306], [122.972681, 13.809845], [122.972142, 13.809845], [122.972142, 13.810384], [122.971603, 13.810384], [122.971603, 13.810923], [122.972142, 13.810923], [122.972142, 13.811462], [122.972681, 13.811462], [122.972681, 13.812001], [122.97322, 13.812001], [122.97322, 13.813079], [122.972681, 13.813079], [122.972681, 13.814696], [122.97322, 13.814696], [122.97322, 13.815235], [122.973759, 13.815235], [122.973759, 13.816313], [122.974298, 13.816313], [122.974298, 13.816852], [122.974837, 13.816852], [122.974837, 13.818469], [122.973759, 13.818469], [122.973759, 13.81793], [122.97322, 13.81793], [122.97322, 13.817391], [122.972681, 13.817391], [122.972681, 13.816852], [122.972142, 13.816852], [122.972142, 13.815235], [122.971603, 13.815235], [122.971603, 13.814157], [122.971064, 13.814157], [122.971064, 13.813618], [122.970525, 13.813618], [122.970525, 13.813079], [122.969447, 13.813079], [122.969447, 13.81254], [122.968908, 13.81254], [122.968908, 13.812001], [122.967291, 13.812001], [122.967291, 13.81254], [122.966752, 13.81254], [122.966752, 13.812001], [122.965674, 13.812001], [122.965674, 13.811462], [122.963518, 13.811462], [122.963518, 13.81254], [122.962979, 13.81254], [122.962979, 13.813079], [122.963518, 13.813079], [122.963518, 13.814157], [122.964057, 13.814157], [122.964057, 13.816313], [122.962979, 13.816313], [122.962979, 13.815774], [122.96244, 13.815774], [122.96244, 13.814696], [122.961901, 13.814696], [122.961901, 13.81254], [122.960823, 13.81254], [122.960823, 13.813079], [122.960284, 13.813079], [122.960284, 13.813618], [122.959745, 13.813618], [122.959745, 13.814696], [122.959206, 13.814696], [122.959206, 13.816313], [122.959745, 13.816313], [122.959745, 13.816852], [122.960284, 13.816852], [122.960284, 13.818469], [122.960823, 13.818469], [122.960823, 13.819008], [122.961362, 13.819008], [122.961362, 13.819547], [122.961901, 13.819547], [122.961901, 13.820625], [122.96244, 13.820625], [122.96244, 13.821164], [122.962979, 13.821164], [122.962979, 13.822242], [122.961901, 13.822242], [122.961901, 13.821703], [122.961362, 13.821703], [122.961362, 13.821164], [122.960823, 13.821164], [122.960823, 13.820086], [122.960284, 13.820086], [122.960284, 13.819547], [122.959745, 13.819547], [122.959745, 13.819008], [122.959206, 13.819008], [122.959206, 13.818469], [122.958667, 13.818469], [122.958667, 13.81793], [122.957589, 13.81793], [122.957589, 13.817391], [122.956511, 13.817391], [122.956511, 13.81793], [122.955433, 13.81793], [122.955433, 13.819008], [122.956511, 13.819008], [122.956511, 13.819547], [122.95705, 13.819547], [122.95705, 13.820086], [122.956511, 13.820086], [122.956511, 13.820625], [122.954355, 13.820625], [122.954355, 13.821164], [122.953816, 13.821164], [122.953816, 13.822781], [122.954355, 13.822781], [122.954355, 13.823859], [122.956511, 13.823859], [122.956511, 13.824398], [122.95705, 13.824398], [122.95705, 13.824937], [122.957589, 13.824937], [122.957589, 13.825476], [122.958667, 13.825476], [122.958667, 13.826015], [122.959745, 13.826015], [122.959745, 13.828171], [122.960284, 13.828171], [122.960284, 13.82871], [122.960823, 13.82871], [122.960823, 13.829249], [122.963518, 13.829249], [122.963518, 13.829788], [122.964057, 13.829788], [122.964057, 13.830327], [122.964596, 13.830327], [122.964596, 13.830866], [122.965135, 13.830866], [122.965135, 13.831405], [122.964596, 13.831405], [122.964596, 13.831944], [122.964057, 13.831944], [122.964057, 13.832483], [122.964596, 13.832483], [122.964596, 13.833021], [122.967291, 13.833021], [122.967291, 13.83356], [122.96783, 13.83356], [122.96783, 13.834099], [122.968369, 13.834099], [122.968369, 13.834638], [122.968908, 13.834638], [122.968908, 13.835177], [122.969986, 13.835177], [122.969986, 13.836255], [122.969447, 13.836255], [122.969447, 13.836794], [122.968908, 13.836794], [122.968908, 13.837333], [122.967291, 13.837333], [122.967291, 13.836794], [122.966213, 13.836794], [122.966213, 13.83895], [122.966752, 13.83895], [122.966752, 13.841106], [122.966213, 13.841106], [122.966213, 13.843262], [122.966752, 13.843262], [122.966752, 13.846496], [122.96783, 13.846496], [122.96783, 13.847035], [122.968369, 13.847035], [122.968369, 13.847574], [122.96783, 13.847574], [122.96783, 13.848113], [122.966752, 13.848113], [122.966752, 13.847574], [122.965674, 13.847574], [122.965674, 13.847035], [122.965135, 13.847035], [122.965135, 13.845418], [122.965674, 13.845418], [122.965674, 13.84434], [122.965135, 13.84434], [122.965135, 13.843262], [122.964596, 13.843262], [122.964596, 13.840567], [122.963518, 13.840567], [122.963518, 13.842184], [122.962979, 13.842184], [122.962979, 13.846496], [122.963518, 13.846496], [122.963518, 13.847035], [122.964057, 13.847035], [122.964057, 13.849191], [122.964596, 13.849191], [122.964596, 13.84973], [122.965135, 13.84973], [122.965135, 13.850269], [122.964596, 13.850269], [122.964596, 13.850808], [122.962979, 13.850808], [122.962979, 13.850269], [122.961362, 13.850269], [122.961362, 13.851347], [122.961901, 13.851347], [122.961901, 13.851886], [122.96244, 13.851886], [122.96244, 13.852425], [122.962979, 13.852425], [122.962979, 13.852964], [122.96244, 13.852964], [122.96244, 13.854042], [122.961901, 13.854042], [122.961901, 13.854581], [122.96244, 13.854581], [122.96244, 13.85512], [122.961901, 13.85512], [122.961901, 13.855659], [122.960823, 13.855659], [122.960823, 13.856198], [122.960284, 13.856198], [122.960284, 13.855659], [122.959745, 13.855659], [122.959745, 13.85512], [122.957589, 13.85512], [122.957589, 13.856198], [122.958667, 13.856198], [122.958667, 13.856737], [122.959206, 13.856737], [122.959206, 13.857276], [122.960284, 13.857276], [122.960284, 13.857815], [122.961362, 13.857815], [122.961362, 13.858354], [122.961901, 13.858354], [122.961901, 13.859432], [122.96244, 13.859432], [122.96244, 13.859971], [122.962979, 13.859971], [122.962979, 13.861049], [122.963518, 13.861049], [122.963518, 13.862127], [122.964596, 13.862127], [122.964596, 13.862666], [122.966213, 13.862666], [122.966213, 13.863205], [122.966752, 13.863205], [122.966752, 13.864822], [122.966213, 13.864822], [122.966213, 13.865361], [122.965674, 13.865361], [122.965674, 13.864822], [122.964596, 13.864822], [122.964596, 13.864283], [122.964057, 13.864283], [122.964057, 13.863744], [122.963518, 13.863744], [122.963518, 13.863205], [122.962979, 13.863205], [122.962979, 13.862666], [122.960823, 13.862666], [122.960823, 13.863744], [122.961362, 13.863744], [122.961362, 13.865361], [122.960284, 13.865361], [122.960284, 13.864822], [122.959206, 13.864822], [122.959206, 13.8659], [122.960284, 13.8659], [122.960284, 13.866439], [122.961362, 13.866439], [122.961362, 13.867517], [122.961901, 13.867517], [122.961901, 13.868595], [122.96244, 13.868595], [122.96244, 13.870212], [122.961362, 13.870212], [122.961362, 13.869673], [122.960823, 13.869673], [122.960823, 13.869134], [122.960284, 13.869134], [122.960284, 13.869673], [122.958667, 13.869673], [122.958667, 13.869134], [122.957589, 13.869134], [122.957589, 13.868595], [122.95705, 13.868595], [122.95705, 13.869134], [122.956511, 13.869134], [122.956511, 13.869673], [122.95705, 13.869673], [122.95705, 13.870212], [122.955433, 13.870212], [122.955433, 13.869673], [122.954894, 13.869673], [122.954894, 13.868595], [122.954355, 13.868595], [122.954355, 13.869134], [122.952738, 13.869134], [122.952738, 13.868595], [122.952199, 13.868595], [122.952199, 13.869134], [122.95166, 13.869134], [122.95166, 13.869673], [122.952199, 13.869673], [122.952199, 13.870212], [122.952738, 13.870212], [122.952738, 13.870751], [122.953816, 13.870751], [122.953816, 13.871829], [122.954355, 13.871829], [122.954355, 13.872907], [122.954894, 13.872907], [122.954894, 13.873446], [122.95705, 13.873446], [122.95705, 13.874524], [122.956511, 13.874524], [122.956511, 13.875063], [122.955972, 13.875063], [122.955972, 13.875602], [122.955433, 13.875602], [122.955433, 13.876141], [122.954894, 13.876141], [122.954894, 13.875602], [122.954355, 13.875602], [122.954355, 13.875063], [122.954894, 13.875063], [122.954894, 13.873985], [122.952199, 13.873985], [122.952199, 13.872368], [122.950043, 13.872368], [122.950043, 13.871829], [122.948965, 13.871829], [122.948965, 13.872907], [122.949504, 13.872907], [122.949504, 13.873446], [122.950043, 13.873446], [122.950043, 13.874524], [122.950582, 13.874524], [122.950582, 13.875063], [122.951121, 13.875063], [122.951121, 13.876141], [122.950582, 13.876141], [122.950582, 13.87668], [122.951121, 13.87668], [122.951121, 13.877219], [122.95166, 13.877219], [122.95166, 13.878297], [122.950582, 13.878297], [122.950582, 13.877758], [122.950043, 13.877758], [122.950043, 13.877219], [122.949504, 13.877219], [122.949504, 13.87668], [122.948426, 13.87668], [122.948426, 13.876141], [122.947887, 13.876141], [122.947887, 13.875602], [122.947348, 13.875602], [122.947348, 13.875063], [122.945731, 13.875063], [122.945731, 13.875602], [122.945192, 13.875602], [122.945192, 13.876141], [122.944653, 13.876141], [122.944653, 13.87668], [122.943575, 13.87668], [122.943575, 13.877219], [122.943036, 13.877219], [122.943036, 13.878297], [122.943575, 13.878297], [122.943575, 13.880453], [122.943036, 13.880453], [122.943036, 13.879914], [122.942497, 13.879914], [122.942497, 13.878836], [122.941958, 13.878836], [122.941958, 13.877219], [122.941419, 13.877219], [122.941419, 13.87668], [122.94088, 13.87668], [122.94088, 13.876141], [122.940341, 13.876141], [122.940341, 13.875063], [122.94088, 13.875063], [122.94088, 13.874524], [122.941419, 13.874524], [122.941419, 13.872907], [122.94088, 13.872907], [122.94088, 13.872368], [122.938724, 13.872368], [122.938724, 13.87129], [122.938185, 13.87129], [122.938185, 13.870751], [122.937646, 13.870751], [122.937646, 13.868056], [122.937107, 13.868056], [122.937107, 13.867517], [122.936029, 13.867517], [122.936029, 13.866439], [122.93549, 13.866439], [122.93549, 13.865361], [122.934951, 13.865361], [122.934951, 13.864283], [122.934412, 13.864283], [122.934412, 13.863205], [122.934951, 13.863205], [122.934951, 13.861588], [122.934412, 13.861588], [122.934412, 13.86051], [122.933873, 13.86051], [122.933873, 13.859971], [122.933334, 13.859971], [122.933334, 13.859432], [122.932257, 13.859432], [122.932257, 13.858893], [122.93064, 13.858893], [122.93064, 13.859432], [122.930101, 13.859432], [122.930101, 13.858354], [122.93064, 13.858354], [122.93064, 13.857276], [122.930101, 13.857276], [122.930101, 13.855659], [122.931179, 13.855659], [122.931179, 13.856198], [122.934412, 13.856198], [122.934412, 13.855659], [122.934951, 13.855659], [122.934951, 13.85512], [122.93549, 13.85512], [122.93549, 13.853503], [122.937107, 13.853503], [122.937107, 13.852425], [122.936568, 13.852425], [122.936568, 13.851886], [122.936029, 13.851886], [122.936029, 13.850269], [122.937107, 13.850269], [122.937107, 13.850808], [122.937646, 13.850808], [122.937646, 13.851347], [122.938185, 13.851347], [122.938185, 13.851886], [122.938724, 13.851886], [122.938724, 13.849191], [122.938185, 13.849191], [122.938185, 13.847574], [122.938724, 13.847574], [122.938724, 13.845418], [122.938185, 13.845418], [122.938185, 13.844879], [122.938724, 13.844879], [122.938724, 13.84434], [122.939263, 13.84434], [122.939263, 13.843801], [122.937646, 13.843801], [122.937646, 13.843262], [122.937107, 13.843262], [122.937107, 13.841645], [122.937646, 13.841645], [122.937646, 13.840567], [122.937107, 13.840567], [122.937107, 13.840028], [122.936029, 13.840028], [122.936029, 13.839489], [122.936568, 13.839489], [122.936568, 13.83895], [122.937646, 13.83895], [122.937646, 13.838411], [122.938185, 13.838411], [122.938185, 13.837872], [122.938724, 13.837872], [122.938724, 13.836794], [122.938185, 13.836794], [122.938185, 13.836255], [122.938724, 13.836255], [122.938724, 13.834638], [122.939263, 13.834638], [122.939263, 13.834099], [122.939802, 13.834099], [122.939802, 13.835177], [122.94088, 13.835177], [122.94088, 13.834638], [122.941419, 13.834638], [122.941419, 13.835177], [122.941958, 13.835177], [122.941958, 13.835716], [122.940341, 13.835716], [122.940341, 13.836255], [122.94088, 13.836255], [122.94088, 13.837333], [122.941419, 13.837333], [122.941419, 13.837872], [122.941958, 13.837872], [122.941958, 13.837333], [122.942497, 13.837333], [122.942497, 13.837872], [122.944114, 13.837872], [122.944114, 13.837333], [122.944653, 13.837333], [122.944653, 13.836794], [122.94627, 13.836794], [122.94627, 13.836255], [122.947348, 13.836255], [122.947348, 13.836794], [122.948426, 13.836794], [122.948426, 13.837333], [122.947887, 13.837333], [122.947887, 13.837872], [122.948965, 13.837872], [122.948965, 13.837333], [122.950582, 13.837333], [122.950582, 13.836794], [122.951121, 13.836794], [122.951121, 13.836255], [122.952199, 13.836255], [122.952199, 13.836794], [122.952738, 13.836794], [122.952738, 13.835716], [122.952199, 13.835716], [122.952199, 13.834638], [122.95166, 13.834638], [122.95166, 13.83356], [122.952199, 13.83356], [122.952199, 13.833021], [122.952738, 13.833021], [122.952738, 13.832483], [122.953277, 13.832483], [122.953277, 13.831944], [122.954355, 13.831944], [122.954355, 13.832483], [122.955433, 13.832483], [122.955433, 13.833021], [122.956511, 13.833021], [122.956511, 13.83356], [122.957589, 13.83356], [122.957589, 13.834099], [122.959206, 13.834099], [122.959206, 13.834638], [122.959745, 13.834638], [122.959745, 13.835177], [122.960284, 13.835177], [122.960284, 13.835716], [122.961362, 13.835716], [122.961362, 13.835177], [122.961901, 13.835177], [122.961901, 13.834638], [122.96244, 13.834638], [122.96244, 13.834099], [122.962979, 13.834099], [122.962979, 13.832483], [122.96244, 13.832483], [122.96244, 13.831944], [122.961901, 13.831944], [122.961901, 13.831405], [122.961362, 13.831405], [122.961362, 13.830866], [122.960823, 13.830866], [122.960823, 13.831405], [122.958667, 13.831405], [122.958667, 13.830866], [122.958128, 13.830866], [122.958128, 13.830327], [122.95705, 13.830327], [122.95705, 13.829249], [122.956511, 13.829249], [122.956511, 13.82871], [122.955972, 13.82871], [122.955972, 13.828171], [122.955433, 13.828171], [122.955433, 13.827632], [122.953277, 13.827632], [122.953277, 13.827093], [122.952738, 13.827093], [122.952738, 13.826015], [122.952199, 13.826015], [122.952199, 13.825476], [122.95166, 13.825476], [122.95166, 13.824398], [122.951121, 13.824398], [122.951121, 13.823859], [122.949504, 13.823859], [122.949504, 13.824937], [122.950043, 13.824937], [122.950043, 13.826554], [122.949504, 13.826554], [122.949504, 13.826015], [122.948965, 13.826015], [122.948965, 13.825476], [122.948426, 13.825476], [122.948426, 13.824937], [122.948965, 13.824937], [122.948965, 13.82332], [122.947887, 13.82332], [122.947887, 13.822781], [122.947348, 13.822781], [122.947348, 13.822242], [122.946809, 13.822242], [122.946809, 13.821703], [122.945192, 13.821703], [122.945192, 13.821164], [122.944653, 13.821164], [122.944653, 13.820625], [122.941958, 13.820625], [122.941958, 13.821164], [122.94088, 13.821164], [122.94088, 13.820625], [122.940341, 13.820625], [122.940341, 13.821164], [122.939802, 13.821164], [122.939802, 13.822242], [122.939263, 13.822242], [122.939263, 13.822781], [122.938724, 13.822781], [122.938724, 13.823859], [122.939802, 13.823859], [122.939802, 13.82332], [122.940341, 13.82332], [122.940341, 13.822781], [122.941419, 13.822781], [122.941419, 13.822242], [122.942497, 13.822242], [122.942497, 13.821703], [122.943575, 13.821703], [122.943575, 13.822242], [122.944114, 13.822242], [122.944114, 13.822781], [122.944653, 13.822781], [122.944653, 13.824398], [122.944114, 13.824398], [122.944114, 13.824937], [122.943575, 13.824937], [122.943575, 13.825476], [122.943036, 13.825476], [122.943036, 13.826554], [122.942497, 13.826554], [122.942497, 13.827093], [122.94088, 13.827093], [122.94088, 13.826554], [122.940341, 13.826554], [122.940341, 13.825476], [122.938724, 13.825476], [122.938724, 13.826015], [122.939802, 13.826015], [122.939802, 13.826554], [122.939263, 13.826554], [122.939263, 13.827093], [122.938724, 13.827093], [122.938724, 13.827632], [122.938185, 13.827632], [122.938185, 13.828171], [122.937646, 13.828171], [122.937646, 13.830327], [122.938185, 13.830327], [122.938185, 13.831944], [122.937107, 13.831944], [122.937107, 13.831405], [122.934412, 13.831405], [122.934412, 13.832483], [122.93549, 13.832483], [122.93549, 13.833021], [122.936568, 13.833021], [122.936568, 13.83356], [122.937107, 13.83356], [122.937107, 13.834099], [122.936029, 13.834099], [122.936029, 13.834638], [122.93549, 13.834638], [122.93549, 13.834099], [122.934412, 13.834099], [122.934412, 13.83356], [122.933873, 13.83356], [122.933873, 13.833021], [122.932795, 13.833021], [122.932795, 13.83356], [122.932257, 13.83356], [122.932257, 13.834638], [122.931718, 13.834638], [122.931718, 13.835177], [122.932257, 13.835177], [122.932257, 13.836794], [122.931179, 13.836794], [122.931179, 13.835177], [122.930101, 13.835177], [122.930101, 13.835716], [122.929562, 13.835716], [122.929562, 13.836255], [122.927945, 13.836255], [122.927945, 13.835177], [122.928484, 13.835177], [122.928484, 13.834099], [122.929023, 13.834099], [122.929023, 13.831944], [122.928484, 13.831944], [122.928484, 13.830327], [122.929562, 13.830327], [122.929562, 13.830866], [122.930101, 13.830866], [122.930101, 13.831944], [122.93064, 13.831944], [122.93064, 13.832483], [122.931718, 13.832483], [122.931718, 13.831944], [122.932795, 13.831944], [122.932795, 13.830866], [122.932257, 13.830866], [122.932257, 13.830327], [122.931718, 13.830327], [122.931718, 13.829788], [122.932257, 13.829788], [122.932257, 13.827093], [122.931718, 13.827093], [122.931718, 13.826015], [122.932795, 13.826015], [122.932795, 13.826554], [122.933334, 13.826554], [122.933334, 13.827093], [122.933873, 13.827093], [122.933873, 13.827632], [122.934412, 13.827632], [122.934412, 13.827093], [122.934951, 13.827093], [122.934951, 13.826554], [122.934412, 13.826554], [122.934412, 13.824398], [122.934951, 13.824398], [122.934951, 13.82332], [122.934412, 13.82332], [122.934412, 13.820086], [122.934951, 13.820086], [122.934951, 13.819008], [122.934412, 13.819008], [122.934412, 13.818469], [122.933873, 13.818469], [122.933873, 13.81793], [122.933334, 13.81793], [122.933334, 13.816852], [122.934412, 13.816852], [122.934412, 13.816313], [122.934951, 13.816313], [122.934951, 13.814696], [122.936029, 13.814696], [122.936029, 13.813618], [122.937646, 13.813618], [122.937646, 13.814157], [122.939263, 13.814157], [122.939263, 13.813618], [122.939802, 13.813618], [122.939802, 13.813079], [122.940341, 13.813079], [122.940341, 13.81254], [122.939802, 13.81254], [122.939802, 13.812001], [122.94088, 13.812001], [122.94088, 13.813079], [122.941419, 13.813079], [122.941419, 13.814157], [122.942497, 13.814157], [122.942497, 13.814696], [122.944114, 13.814696], [122.944114, 13.813618], [122.943575, 13.813618], [122.943575, 13.813079], [122.943036, 13.813079], [122.943036, 13.81254], [122.942497, 13.81254], [122.942497, 13.812001], [122.941958, 13.812001], [122.941958, 13.811462], [122.941419, 13.811462], [122.941419, 13.810923], [122.941958, 13.810923], [122.941958, 13.810384], [122.942497, 13.810384], [122.942497, 13.809845], [122.943036, 13.809845], [122.943036, 13.806611], [122.943575, 13.806611], [122.943575, 13.806072], [122.944114, 13.806072], [122.944114, 13.805533], [122.945192, 13.805533], [122.945192, 13.806072], [122.945731, 13.806072], [122.945731, 13.806611], [122.94627, 13.806611], [122.94627, 13.80715], [122.947348, 13.80715], [122.947348, 13.807689], [122.948965, 13.807689], [122.948965, 13.80715], [122.949504, 13.80715], [122.949504, 13.807689], [122.952738, 13.807689], [122.952738, 13.808228], [122.953816, 13.808228], [122.953816, 13.809845], [122.955433, 13.809845], [122.955433, 13.809306], [122.955972, 13.809306], [122.955972, 13.809845], [122.956511, 13.809845], [122.956511, 13.809306], [122.95705, 13.809306], [122.95705, 13.807689], [122.957589, 13.807689], [122.957589, 13.80715], [122.958128, 13.80715], [122.958128, 13.806072], [122.958667, 13.806072], [122.958667, 13.805533], [122.959745, 13.805533], [122.959745, 13.804994], [122.960284, 13.804994], [122.960284, 13.804455], [122.960823, 13.804455], [122.960823, 13.803377], [122.961362, 13.803377], [122.961362, 13.802299], [122.961901, 13.802299], [122.961901, 13.80176], [122.96244, 13.80176], [122.96244, 13.801221], [122.962979, 13.801221], [122.962979, 13.800682], [122.963518, 13.800682], [122.963518, 13.800143], [122.964057, 13.800143], [122.964057, 13.799604], [122.963518, 13.799604], [122.963518, 13.797448], [122.962979, 13.797448], [122.962979, 13.796909], [122.96244, 13.796909], [122.96244, 13.79637], [122.961901, 13.79637], [122.961901, 13.795831], [122.960823, 13.795831], [122.960823, 13.795292], [122.959745, 13.795292], [122.959745, 13.795831], [122.95705, 13.795831], [122.95705, 13.795292], [122.957589, 13.795292], [122.957589, 13.794214], [122.958128, 13.794214], [122.958128, 13.793136], [122.958667, 13.793136], [122.958667, 13.792058], [122.959206, 13.792058], [122.959206, 13.791519], [122.961901, 13.791519], [122.961901, 13.792058], [122.962979, 13.792058], [122.962979, 13.792597], [122.967291, 13.792597], [122.967291, 13.792058], [122.96783, 13.792058], [122.96783, 13.791519], [122.969986, 13.791519], [122.969986, 13.792058], [122.971603, 13.792058], [122.971603, 13.792597], [122.972142, 13.792597], [122.972142, 13.795292], [122.971064, 13.795292], [122.971064, 13.79637], [122.969986, 13.79637], [122.969986, 13.796909], [122.969447, 13.796909], [122.969447, 13.79637], [122.968369, 13.79637], [122.968369, 13.795831], [122.967291, 13.795831], [122.967291, 13.79637], [122.966752, 13.79637], [122.966752, 13.797448], [122.966213, 13.797448], [122.966213, 13.798526], [122.96783, 13.798526], [122.96783, 13.797987], [122.968369, 13.797987], [122.968369, 13.797448], [122.969447, 13.797448], [122.969447, 13.798526], [122.969986, 13.798526], [122.969986, 13.797987], [122.970525, 13.797987], [122.970525, 13.797448], [122.971064, 13.797448], [122.971064, 13.796909], [122.972142, 13.796909], [122.972142, 13.79637], [122.972681, 13.79637], [122.972681, 13.795831], [122.973759, 13.795831], [122.973759, 13.79637], [122.975376, 13.79637], [122.975376, 13.795831], [122.977532, 13.795831], [122.977532, 13.794753], [122.978071, 13.794753], [122.978071, 13.793675], [122.977532, 13.793675], [122.977532, 13.793136], [122.976993, 13.793136], [122.976993, 13.792597], [122.976454, 13.792597], [122.976454, 13.790441], [122.976993, 13.790441], [122.976993, 13.789902], [122.977532, 13.789902], [122.977532, 13.788824], [122.978071, 13.788824], [122.978071, 13.78559], [122.977532, 13.78559], [122.977532, 13.785051], [122.976993, 13.785051], [122.976993, 13.784512], [122.976454, 13.784512], [122.976454, 13.783434], [122.975915, 13.783434], [122.975915, 13.782357], [122.975376, 13.782357], [122.975376, 13.781818], [122.974837, 13.781818], [122.974837, 13.781279], [122.974298, 13.781279], [122.974298, 13.780201], [122.973759, 13.780201], [122.973759, 13.779123], [122.972142, 13.779123], [122.972142, 13.780201], [122.971603, 13.780201], [122.971603, 13.78074], [122.971064, 13.78074], [122.971064, 13.781818], [122.970525, 13.781818], [122.970525, 13.783434], [122.971064, 13.783434], [122.971064, 13.783973], [122.971603, 13.783973], [122.971603, 13.785051], [122.971064, 13.785051], [122.971064, 13.78559], [122.970525, 13.78559], [122.970525, 13.786129], [122.969447, 13.786129], [122.969447, 13.782895], [122.968908, 13.782895], [122.968908, 13.782357], [122.968369, 13.782357], [122.968369, 13.781818], [122.96783, 13.781818], [122.96783, 13.781279], [122.967291, 13.781279], [122.967291, 13.78074], [122.966752, 13.78074], [122.966752, 13.780201], [122.966213, 13.780201], [122.966213, 13.779662], [122.965674, 13.779662], [122.965674, 13.779123], [122.964596, 13.779123], [122.964596, 13.778584], [122.964057, 13.778584], [122.964057, 13.778045], [122.962979, 13.778045], [122.962979, 13.778584], [122.961362, 13.778584], [122.961362, 13.779123], [122.960823, 13.779123], [122.960823, 13.779662], [122.960284, 13.779662], [122.960284, 13.78074], [122.961362, 13.78074], [122.961362, 13.781279], [122.961901, 13.781279], [122.961901, 13.781818], [122.961362, 13.781818], [122.961362, 13.783434], [122.960284, 13.783434], [122.960284, 13.782895], [122.958667, 13.782895], [122.958667, 13.783434], [122.957589, 13.783434], [122.957589, 13.785051], [122.956511, 13.785051], [122.956511, 13.784512], [122.954355, 13.784512], [122.954355, 13.785051], [122.953277, 13.785051], [122.953277, 13.78559], [122.95166, 13.78559], [122.95166, 13.786129], [122.951121, 13.786129], [122.951121, 13.786668], [122.948426, 13.786668], [122.948426, 13.787207], [122.947887, 13.787207], [122.947887, 13.787746], [122.947348, 13.787746], [122.947348, 13.788285], [122.946809, 13.788285], [122.946809, 13.789363], [122.945731, 13.789363], [122.945731, 13.789902], [122.945192, 13.789902], [122.945192, 13.790441], [122.944653, 13.790441], [122.944653, 13.79098], [122.943575, 13.79098], [122.943575, 13.789363], [122.944114, 13.789363], [122.944114, 13.788824], [122.944653, 13.788824], [122.944653, 13.787746], [122.944114, 13.787746], [122.944114, 13.787207], [122.943575, 13.787207], [122.943575, 13.786668], [122.943036, 13.786668], [122.943036, 13.78559], [122.942497, 13.78559], [122.942497, 13.785051], [122.941419, 13.785051], [122.941419, 13.78559], [122.940341, 13.78559], [122.940341, 13.783973], [122.94088, 13.783973], [122.94088, 13.782895], [122.939802, 13.782895], [122.939802, 13.783973], [122.939263, 13.783973], [122.939263, 13.784512], [122.938724, 13.784512], [122.938724, 13.785051], [122.937646, 13.785051], [122.937646, 13.786129], [122.937107, 13.786129], [122.937107, 13.786668], [122.936029, 13.786668], [122.936029, 13.786129], [122.93549, 13.786129], [122.93549, 13.78559], [122.934951, 13.78559], [122.934951, 13.785051], [122.934412, 13.785051], [122.934412, 13.786129], [122.933334, 13.786129], [122.933334, 13.786668], [122.932795, 13.786668], [122.932795, 13.787207], [122.931718, 13.787207], [122.931718, 13.788824], [122.931179, 13.788824], [122.931179, 13.789902], [122.93064, 13.789902], [122.93064, 13.790441], [122.930101, 13.790441], [122.930101, 13.79098], [122.929023, 13.79098], [122.929023, 13.792058], [122.927945, 13.792058], [122.927945, 13.793136], [122.927406, 13.793136], [122.927406, 13.793675], [122.926867, 13.793675], [122.926867, 13.795292], [122.927406, 13.795292], [122.927406, 13.795831], [122.930101, 13.795831], [122.930101, 13.795292], [122.931718, 13.795292], [122.931718, 13.795831], [122.932257, 13.795831], [122.932257, 13.797448], [122.932795, 13.797448], [122.932795, 13.797987], [122.933334, 13.797987], [122.933334, 13.798526], [122.933873, 13.798526], [122.933873, 13.799065], [122.934951, 13.799065], [122.934951, 13.799604], [122.93549, 13.799604], [122.93549, 13.800143], [122.938185, 13.800143], [122.938185, 13.800682], [122.938724, 13.800682], [122.938724, 13.801221], [122.939263, 13.801221], [122.939263, 13.80176], [122.939802, 13.80176], [122.939802, 13.802299], [122.94088, 13.802299], [122.94088, 13.802838], [122.941419, 13.802838], [122.941419, 13.803377], [122.941958, 13.803377], [122.941958, 13.804994], [122.942497, 13.804994], [122.942497, 13.806072], [122.941958, 13.806072], [122.941958, 13.806611], [122.941419, 13.806611], [122.941419, 13.80715], [122.94088, 13.80715], [122.94088, 13.806611], [122.940341, 13.806611], [122.940341, 13.806072], [122.938724, 13.806072], [122.938724, 13.806611], [122.937646, 13.806611], [122.937646, 13.80715], [122.937107, 13.80715], [122.937107, 13.807689], [122.936568, 13.807689], [122.936568, 13.80715], [122.934951, 13.80715], [122.934951, 13.807689], [122.933873, 13.807689], [122.933873, 13.80715], [122.933334, 13.80715], [122.933334, 13.806611], [122.932795, 13.806611], [122.932795, 13.806072], [122.932257, 13.806072], [122.932257, 13.805533], [122.931718, 13.805533], [122.931718, 13.803916], [122.933334, 13.803916], [122.933334, 13.803377], [122.933873, 13.803377], [122.933873, 13.802838], [122.933334, 13.802838], [122.933334, 13.802299], [122.932795, 13.802299], [122.932795, 13.80176], [122.931718, 13.80176], [122.931718, 13.801221], [122.929562, 13.801221], [122.929562, 13.80176], [122.928484, 13.80176], [122.928484, 13.802299], [122.927945, 13.802299], [122.927945, 13.802838], [122.927406, 13.802838], [122.927406, 13.803377], [122.926867, 13.803377], [122.926867, 13.805533], [122.926328, 13.805533], [122.926328, 13.804994], [122.92525, 13.804994], [122.92525, 13.803916], [122.924711, 13.803916], [122.924711, 13.802838], [122.923633, 13.802838], [122.923633, 13.802299], [122.922555, 13.802299], [122.922555, 13.80176], [122.921477, 13.80176], [122.921477, 13.802299], [122.920938, 13.802299], [122.920938, 13.80176], [122.918782, 13.80176], [122.918782, 13.802299], [122.918243, 13.802299], [122.918243, 13.803916], [122.917704, 13.803916], [122.917704, 13.804994], [122.917165, 13.804994], [122.917165, 13.805533], [122.917704, 13.805533], [122.917704, 13.807689], [122.917165, 13.807689], [122.917165, 13.808767], [122.916626, 13.808767], [122.916626, 13.812001], [122.917165, 13.812001], [122.917165, 13.81254], [122.917704, 13.81254], [122.917704, 13.813079], [122.918243, 13.813079], [122.918243, 13.813618], [122.920399, 13.813618], [122.920399, 13.814157], [122.920938, 13.814157], [122.920938, 13.814696], [122.922016, 13.814696], [122.922016, 13.815774], [122.921477, 13.815774], [122.921477, 13.816852], [122.920938, 13.816852], [122.920938, 13.81793], [122.91986, 13.81793], [122.91986, 13.818469], [122.919321, 13.818469], [122.919321, 13.819547], [122.918782, 13.819547], [122.918782, 13.820625], [122.919321, 13.820625], [122.919321, 13.821703], [122.918243, 13.821703], [122.918243, 13.821164], [122.917704, 13.821164], [122.917704, 13.820625], [122.916626, 13.820625], [122.916626, 13.821164], [122.916087, 13.821164], [122.916087, 13.820625], [122.913931, 13.820625], [122.913931, 13.820086], [122.912314, 13.820086], [122.912314, 13.820625], [122.911775, 13.820625], [122.911775, 13.821164], [122.911236, 13.821164], [122.911236, 13.82332], [122.911775, 13.82332], [122.911775, 13.824398], [122.912314, 13.824398], [122.912314, 13.824937], [122.912853, 13.824937], [122.912853, 13.825476], [122.913392, 13.825476], [122.913392, 13.826015], [122.916087, 13.826015], [122.916087, 13.825476], [122.917165, 13.825476], [122.917165, 13.826015], [122.918243, 13.826015], [122.918243, 13.826554], [122.918782, 13.826554], [122.918782, 13.826015], [122.919321, 13.826015], [122.919321, 13.825476], [122.91986, 13.825476], [122.91986, 13.824937], [122.918243, 13.824937], [122.918243, 13.823859], [122.919321, 13.823859], [122.919321, 13.824398], [122.920399, 13.824398], [122.920399, 13.824937], [122.920938, 13.824937], [122.920938, 13.824398], [122.921477, 13.824398], [122.921477, 13.823859], [122.920938, 13.823859], [122.920938, 13.82332], [122.922016, 13.82332], [122.922016, 13.823859], [122.923633, 13.823859], [122.923633, 13.824937], [122.922555, 13.824937], [122.922555, 13.825476], [122.922016, 13.825476], [122.922016, 13.826554], [122.921477, 13.826554], [122.921477, 13.827093], [122.922016, 13.827093], [122.922016, 13.827632], [122.922555, 13.827632], [122.922555, 13.829249], [122.922016, 13.829249], [122.922016, 13.829788], [122.922555, 13.829788], [122.922555, 13.831405], [122.921477, 13.831405], [122.921477, 13.830866], [122.920399, 13.830866], [122.920399, 13.831405], [122.918782, 13.831405], [122.918782, 13.830866], [122.918243, 13.830866], [122.918243, 13.829788], [122.91447, 13.829788], [122.91447, 13.829249], [122.912314, 13.829249], [122.912314, 13.828171], [122.911775, 13.828171], [122.911775, 13.827093], [122.912314, 13.827093], [122.912314, 13.825476], [122.911775, 13.825476], [122.911775, 13.824937], [122.909619, 13.824937], [122.909619, 13.825476], [122.908541, 13.825476], [122.908541, 13.826015], [122.908002, 13.826015], [122.908002, 13.827093], [122.907463, 13.827093], [122.907463, 13.82871], [122.906924, 13.82871], [122.906924, 13.829249], [122.906385, 13.829249], [122.906385, 13.830866], [122.905846, 13.830866], [122.905846, 13.836255], [122.905307, 13.836255], [122.905307, 13.837872], [122.904768, 13.837872], [122.904768, 13.838411], [122.904229, 13.838411], [122.904229, 13.83895], [122.90369, 13.83895], [122.90369, 13.839489], [122.904229, 13.839489], [122.904229, 13.840028], [122.904768, 13.840028], [122.904768, 13.839489], [122.905307, 13.839489], [122.905307, 13.83895], [122.905846, 13.83895], [122.905846, 13.838411], [122.906924, 13.838411], [122.906924, 13.840028], [122.906385, 13.840028], [122.906385, 13.841645], [122.906924, 13.841645], [122.906924, 13.843262], [122.906385, 13.843262], [122.906385, 13.842723], [122.905846, 13.842723], [122.905846, 13.843262], [122.905307, 13.843262], [122.905307, 13.84434], [122.905846, 13.84434], [122.905846, 13.845418], [122.905307, 13.845418], [122.905307, 13.845957], [122.904768, 13.845957], [122.904768, 13.846496], [122.90369, 13.846496], [122.90369, 13.847035], [122.903151, 13.847035], [122.903151, 13.847574], [122.902612, 13.847574], [122.902612, 13.848113], [122.903151, 13.848113], [122.903151, 13.849191], [122.90369, 13.849191], [122.90369, 13.84973], [122.904229, 13.84973], [122.904229, 13.848652], [122.90369, 13.848652], [122.90369, 13.848113], [122.904768, 13.848113], [122.904768, 13.848652], [122.905846, 13.848652], [122.905846, 13.849191], [122.906924, 13.849191], [122.906924, 13.84973], [122.907463, 13.84973], [122.907463, 13.850269], [122.908002, 13.850269], [122.908002, 13.850808], [122.908541, 13.850808], [122.908541, 13.851886], [122.908002, 13.851886], [122.908002, 13.852964], [122.907463, 13.852964], [122.907463, 13.853503], [122.906924, 13.853503], [122.906924, 13.854581], [122.908002, 13.854581], [122.908002, 13.855659], [122.906924, 13.855659], [122.906924, 13.85512], [122.905307, 13.85512], [122.905307, 13.855659], [122.904768, 13.855659], [122.904768, 13.85512], [122.904229, 13.85512], [122.904229, 13.854581], [122.90369, 13.854581], [122.90369, 13.854042], [122.903151, 13.854042], [122.903151, 13.853503], [122.902612, 13.853503], [122.902612, 13.852425], [122.902073, 13.852425], [122.902073, 13.851886], [122.901534, 13.851886], [122.901534, 13.853503], [122.902073, 13.853503], [122.902073, 13.854042], [122.902612, 13.854042], [122.902612, 13.854581], [122.901534, 13.854581], [122.901534, 13.854042], [122.900995, 13.854042], [122.900995, 13.853503], [122.900456, 13.853503], [122.900456, 13.852425], [122.900995, 13.852425], [122.900995, 13.851347], [122.900456, 13.851347], [122.900456, 13.850808], [122.899917, 13.850808], [122.899917, 13.850269], [122.897761, 13.850269], [122.897761, 13.850808], [122.897222, 13.850808], [122.897222, 13.851347], [122.896683, 13.851347], [122.896683, 13.850808], [122.893988, 13.850808], [122.893988, 13.850269], [122.892371, 13.850269], [122.892371, 13.84973], [122.891832, 13.84973], [122.891832, 13.848652], [122.892371, 13.848652], [122.892371, 13.848113], [122.893449, 13.848113], [122.893449, 13.847574], [122.893988, 13.847574], [122.893988, 13.847035], [122.894527, 13.847035], [122.894527, 13.846496], [122.895066, 13.846496], [122.895066, 13.845957], [122.895605, 13.845957], [122.895605, 13.843801], [122.896144, 13.843801], [122.896144, 13.843262], [122.896683, 13.843262], [122.896683, 13.842723], [122.897222, 13.842723], [122.897222, 13.842184], [122.896683, 13.842184], [122.896683, 13.841645], [122.896144, 13.841645], [122.896144, 13.840567], [122.896683, 13.840567], [122.896683, 13.840028], [122.897222, 13.840028], [122.897222, 13.838411], [122.896683, 13.838411], [122.896683, 13.837333], [122.897222, 13.837333], [122.897222, 13.836794], [122.8983, 13.836794], [122.8983, 13.836255], [122.898839, 13.836255], [122.898839, 13.83356], [122.8983, 13.83356], [122.8983, 13.833021], [122.895605, 13.833021], [122.895605, 13.831405], [122.896144, 13.831405], [122.896144, 13.830866], [122.896683, 13.830866], [122.896683, 13.829788], [122.896144, 13.829788], [122.896144, 13.829249], [122.895066, 13.829249], [122.895066, 13.82871], [122.893449, 13.82871], [122.893449, 13.828171], [122.892371, 13.828171], [122.892371, 13.827632], [122.891832, 13.827632], [122.891832, 13.826554], [122.897222, 13.826554], [122.897222, 13.826015], [122.897761, 13.826015], [122.897761, 13.825476], [122.8983, 13.825476], [122.8983, 13.824937], [122.898839, 13.824937], [122.898839, 13.824398], [122.899378, 13.824398], [122.899378, 13.823859], [122.899917, 13.823859], [122.899917, 13.82332], [122.900456, 13.82332], [122.900456, 13.822781], [122.900995, 13.822781], [122.900995, 13.821703], [122.901534, 13.821703], [122.901534, 13.820625], [122.902073, 13.820625], [122.902073, 13.819008], [122.902612, 13.819008], [122.902612, 13.817391], [122.903151, 13.817391], [122.903151, 13.813618], [122.902612, 13.813618], [122.902612, 13.81254], [122.904229, 13.81254], [122.904229, 13.811462], [122.903151, 13.811462], [122.903151, 13.812001], [122.902073, 13.812001], [122.902073, 13.810923], [122.901534, 13.810923], [122.901534, 13.809306], [122.902073, 13.809306], [122.902073, 13.808767], [122.901534, 13.808767], [122.901534, 13.807689], [122.902073, 13.807689], [122.902073, 13.805533], [122.902612, 13.805533], [122.902612, 13.804455], [122.901534, 13.804455], [122.901534, 13.803916], [122.900456, 13.803916], [122.900456, 13.804455], [122.898839, 13.804455], [122.898839, 13.803916], [122.8983, 13.803916], [122.8983, 13.803377], [122.897761, 13.803377], [122.897761, 13.802838], [122.897222, 13.802838], [122.897222, 13.802299], [122.896144, 13.802299], [122.896144, 13.802838], [122.895605, 13.802838], [122.895605, 13.802299], [122.894527, 13.802299], [122.894527, 13.80176], [122.891832, 13.80176], [122.891832, 13.802299], [122.891293, 13.802299], [122.891293, 13.803916], [122.891832, 13.803916], [122.891832, 13.804455], [122.892371, 13.804455], [122.892371, 13.804994], [122.893449, 13.804994], [122.893449, 13.805533], [122.893988, 13.805533], [122.893988, 13.806072], [122.894527, 13.806072], [122.894527, 13.806611], [122.895066, 13.806611], [122.895066, 13.807689], [122.895605, 13.807689], [122.895605, 13.808228], [122.896144, 13.808228], [122.896144, 13.809306], [122.896683, 13.809306], [122.896683, 13.809845], [122.897222, 13.809845], [122.897222, 13.810384], [122.897761, 13.810384], [122.897761, 13.810923], [122.8983, 13.810923], [122.8983, 13.812001], [122.897761, 13.812001], [122.897761, 13.811462], [122.896144, 13.811462], [122.896144, 13.812001], [122.894527, 13.812001], [122.894527, 13.811462], [122.89291, 13.811462], [122.89291, 13.812001], [122.892371, 13.812001], [122.892371, 13.811462], [122.891293, 13.811462], [122.891293, 13.81254], [122.890754, 13.81254], [122.890754, 13.813079], [122.890215, 13.813079], [122.890215, 13.813618], [122.889676, 13.813618], [122.889676, 13.813079], [122.889137, 13.813079], [122.889137, 13.812001], [122.888598, 13.812001], [122.888598, 13.811462], [122.88752, 13.811462], [122.88752, 13.810923], [122.885364, 13.810923], [122.885364, 13.810384], [122.883747, 13.810384], [122.883747, 13.809845], [122.883208, 13.809845], [122.883208, 13.809306], [122.884286, 13.809306], [122.884286, 13.808767], [122.885364, 13.808767], [122.885364, 13.809306], [122.886442, 13.809306], [122.886442, 13.809845], [122.88752, 13.809845], [122.88752, 13.810384], [122.888059, 13.810384], [122.888059, 13.810923], [122.889676, 13.810923], [122.889676, 13.810384], [122.890215, 13.810384], [122.890215, 13.806072], [122.889676, 13.806072], [122.889676, 13.804994], [122.888598, 13.804994], [122.888598, 13.806072], [122.888059, 13.806072], [122.888059, 13.804994], [122.88752, 13.804994], [122.88752, 13.804455], [122.888059, 13.804455], [122.888059, 13.802838], [122.88752, 13.802838], [122.88752, 13.802299], [122.886981, 13.802299], [122.886981, 13.800143], [122.88752, 13.800143], [122.88752, 13.799604], [122.888059, 13.799604], [122.888059, 13.799065], [122.888598, 13.799065], [122.888598, 13.797448], [122.889137, 13.797448], [122.889137, 13.796909], [122.889676, 13.796909], [122.889676, 13.79637], [122.891293, 13.79637], [122.891293, 13.795831], [122.891832, 13.795831], [122.891832, 13.794214], [122.890754, 13.794214], [122.890754, 13.793675], [122.889137, 13.793675], [122.889137, 13.793136], [122.888598, 13.793136], [122.888598, 13.792597], [122.888059, 13.792597], [122.888059, 13.791519], [122.88752, 13.791519], [122.88752, 13.79098], [122.886981, 13.79098], [122.886981, 13.789902], [122.886442, 13.789902], [122.886442, 13.788824], [122.888059, 13.788824], [122.888059, 13.787746], [122.88752, 13.787746], [122.88752, 13.787207], [122.886442, 13.787207], [122.886442, 13.786668], [122.884286, 13.786668], [122.884286, 13.787207], [122.883747, 13.787207], [122.883747, 13.787746], [122.883208, 13.787746], [122.883208, 13.788285], [122.88267, 13.788285], [122.88267, 13.787207], [122.881053, 13.787207], [122.881053, 13.78559], [122.880514, 13.78559], [122.880514, 13.785051], [122.879975, 13.785051], [122.879975, 13.784512], [122.879436, 13.784512], [122.879436, 13.783434], [122.879975, 13.783434], [122.879975, 13.782357], [122.880514, 13.782357], [122.880514, 13.781818], [122.878897, 13.781818], [122.878897, 13.782357], [122.878358, 13.782357], [122.878358, 13.782895], [122.877819, 13.782895], [122.877819, 13.783434], [122.87728, 13.783434], [122.87728, 13.783973], [122.876741, 13.783973], [122.876741, 13.782895], [122.875663, 13.782895], [122.875663, 13.783434], [122.876202, 13.783434], [122.876202, 13.784512], [122.875124, 13.784512], [122.875124, 13.783434], [122.874585, 13.783434], [122.874585, 13.782895], [122.873507, 13.782895], [122.873507, 13.782357], [122.872968, 13.782357], [122.872968, 13.782895], [122.872429, 13.782895], [122.872429, 13.783434], [122.87189, 13.783434], [122.87189, 13.783973], [122.871351, 13.783973], [122.871351, 13.784512], [122.870812, 13.784512], [122.870812, 13.785051], [122.869195, 13.785051], [122.869195, 13.783973], [122.8665, 13.783973], [122.8665, 13.784512], [122.865961, 13.784512], [122.865961, 13.785051], [122.864883, 13.785051], [122.864883, 13.784512], [122.864344, 13.784512], [122.864344, 13.783973], [122.863266, 13.783973], [122.863266, 13.783434], [122.862727, 13.783434], [122.862727, 13.782895], [122.862188, 13.782895], [122.862188, 13.781818], [122.86111, 13.781818], [122.86111, 13.781279], [122.860571, 13.781279], [122.860571, 13.78074], [122.860032, 13.78074], [122.860032, 13.780201], [122.857876, 13.780201], [122.857876, 13.78074], [122.857337, 13.78074], [122.857337, 13.781279], [122.856259, 13.781279], [122.856259, 13.78074], [122.85572, 13.78074], [122.85572, 13.780201], [122.854103, 13.780201], [122.854103, 13.779662], [122.853564, 13.779662], [122.853564, 13.778584], [122.85572, 13.778584], [122.85572, 13.777506], [122.853025, 13.777506], [122.853025, 13.776967], [122.852486, 13.776967], [122.852486, 13.776428], [122.851947, 13.776428], [122.851947, 13.775889], [122.850869, 13.775889], [122.850869, 13.776428], [122.85033, 13.776428], [122.85033, 13.776967], [122.849791, 13.776967], [122.849791, 13.778045], [122.85033, 13.778045], [122.85033, 13.777506], [122.851947, 13.777506], [122.851947, 13.779123], [122.851408, 13.779123], [122.851408, 13.779662], [122.851947, 13.779662], [122.851947, 13.781818], [122.852486, 13.781818], [122.852486, 13.782357], [122.853025, 13.782357], [122.853025, 13.782895], [122.854103, 13.782895], [122.854103, 13.783434], [122.855181, 13.783434], [122.855181, 13.783973], [122.85572, 13.783973], [122.85572, 13.785051], [122.856259, 13.785051], [122.856259, 13.78559], [122.857337, 13.78559], [122.857337, 13.786129], [122.858415, 13.786129], [122.858415, 13.78559], [122.858954, 13.78559], [122.858954, 13.782895], [122.858415, 13.782895], [122.858415, 13.781818], [122.859493, 13.781818], [122.859493, 13.782895], [122.860032, 13.782895], [122.860032, 13.785051], [122.859493, 13.785051], [122.859493, 13.786668], [122.860032, 13.786668], [122.860032, 13.787746], [122.860571, 13.787746], [122.860571, 13.788285], [122.86111, 13.788285], [122.86111, 13.788824], [122.861649, 13.788824], [122.861649, 13.790441], [122.862188, 13.790441], [122.862188, 13.791519], [122.862727, 13.791519], [122.862727, 13.792058], [122.862188, 13.792058], [122.862188, 13.792597], [122.861649, 13.792597], [122.861649, 13.792058], [122.86111, 13.792058], [122.86111, 13.791519], [122.860032, 13.791519], [122.860032, 13.79098], [122.858415, 13.79098], [122.858415, 13.791519], [122.856798, 13.791519], [122.856798, 13.79098], [122.857337, 13.79098], [122.857337, 13.790441], [122.857876, 13.790441], [122.857876, 13.789902], [122.858415, 13.789902], [122.858415, 13.788824], [122.857337, 13.788824], [122.857337, 13.789363], [122.855181, 13.789363], [122.855181, 13.789902], [122.854642, 13.789902], [122.854642, 13.791519], [122.854103, 13.791519], [122.854103, 13.792058], [122.853025, 13.792058], [122.853025, 13.793136], [122.853564, 13.793136], [122.853564, 13.793675], [122.854103, 13.793675], [122.854103, 13.79637], [122.853564, 13.79637], [122.853564, 13.797987], [122.854103, 13.797987], [122.854103, 13.799065], [122.853025, 13.799065], [122.853025, 13.798526], [122.852486, 13.798526], [122.852486, 13.797987], [122.851408, 13.797987], [122.851408, 13.799604], [122.849791, 13.799604], [122.849791, 13.800143], [122.849252, 13.800143], [122.849252, 13.802838], [122.846557, 13.802838], [122.846557, 13.802299], [122.846018, 13.802299], [122.846018, 13.80176], [122.84494, 13.80176], [122.84494, 13.801221], [122.843862, 13.801221], [122.843862, 13.80176], [122.843323, 13.80176], [122.843323, 13.802299], [122.842784, 13.802299], [122.842784, 13.802838], [122.841167, 13.802838], [122.841167, 13.803377], [122.842245, 13.803377], [122.842245, 13.804455], [122.841706, 13.804455], [122.841706, 13.804994], [122.841167, 13.804994], [122.841167, 13.803916], [122.840089, 13.803916], [122.840089, 13.804455], [122.839011, 13.804455], [122.839011, 13.804994], [122.837933, 13.804994], [122.837933, 13.804455], [122.837394, 13.804455], [122.837394, 13.802838], [122.837933, 13.802838], [122.837933, 13.802299], [122.837394, 13.802299], [122.837394, 13.80176], [122.835777, 13.80176], [122.835777, 13.802299], [122.835238, 13.802299], [122.835238, 13.802838], [122.834699, 13.802838], [122.834699, 13.803647], [122.843623, 13.811932], [122.849148, 13.81335]], [[122.869734, 13.81793], [122.869734, 13.818469], [122.869195, 13.818469], [122.869195, 13.819008], [122.868656, 13.819008], [122.868656, 13.820625], [122.869195, 13.820625], [122.869195, 13.821703], [122.867578, 13.821703], [122.867578, 13.822242], [122.8665, 13.822242], [122.8665, 13.822781], [122.865961, 13.822781], [122.865961, 13.82332], [122.865422, 13.82332], [122.865422, 13.824937], [122.864883, 13.824937], [122.864883, 13.824398], [122.864344, 13.824398], [122.864344, 13.822242], [122.865422, 13.822242], [122.865422, 13.821164], [122.865961, 13.821164], [122.865961, 13.820625], [122.8665, 13.820625], [122.8665, 13.820086], [122.867039, 13.820086], [122.867039, 13.819008], [122.8665, 13.819008], [122.8665, 13.818469], [122.864883, 13.818469], [122.864883, 13.81793], [122.864344, 13.81793], [122.864344, 13.817391], [122.865422, 13.817391], [122.865422, 13.816852], [122.867039, 13.816852], [122.867039, 13.81793], [122.867578, 13.81793], [122.867578, 13.818469], [122.868656, 13.818469], [122.868656, 13.816313], [122.870273, 13.816313], [122.870273, 13.815774], [122.870812, 13.815774], [122.870812, 13.814696], [122.870273, 13.814696], [122.870273, 13.814157], [122.87189, 13.814157], [122.87189, 13.815235], [122.872429, 13.815235], [122.872429, 13.816313], [122.872968, 13.816313], [122.872968, 13.816852], [122.872429, 13.816852], [122.872429, 13.818469], [122.871351, 13.818469], [122.871351, 13.817391], [122.870273, 13.817391], [122.870273, 13.81793], [122.869734, 13.81793]], [[122.913931, 13.878297], [122.913931, 13.878836], [122.912853, 13.878836], [122.912853, 13.879375], [122.911775, 13.879375], [122.911775, 13.880992], [122.912314, 13.880992], [122.912314, 13.881531], [122.912853, 13.881531], [122.912853, 13.883686], [122.912314, 13.883686], [122.912314, 13.884225], [122.911775, 13.884225], [122.911775, 13.884764], [122.911236, 13.884764], [122.911236, 13.885303], [122.910697, 13.885303], [122.910697, 13.883686], [122.911236, 13.883686], [122.911236, 13.881531], [122.910697, 13.881531], [122.910697, 13.880992], [122.910158, 13.880992], [122.910158, 13.881531], [122.909619, 13.881531], [122.909619, 13.88207], [122.90908, 13.88207], [122.90908, 13.882608], [122.908541, 13.882608], [122.908541, 13.885303], [122.908002, 13.885303], [122.908002, 13.887459], [122.907463, 13.887459], [122.907463, 13.888537], [122.906924, 13.888537], [122.906924, 13.889615], [122.907463, 13.889615], [122.907463, 13.890154], [122.908002, 13.890154], [122.908002, 13.891232], [122.907463, 13.891232], [122.907463, 13.891771], [122.906924, 13.891771], [122.906924, 13.89231], [122.906385, 13.89231], [122.906385, 13.893388], [122.905846, 13.893388], [122.905846, 13.893927], [122.905307, 13.893927], [122.905307, 13.894466], [122.902612, 13.894466], [122.902612, 13.895005], [122.900456, 13.895005], [122.900456, 13.895544], [122.899917, 13.895544], [122.899917, 13.896622], [122.899378, 13.896622], [122.899378, 13.8977], [122.898839, 13.8977], [122.898839, 13.898239], [122.897761, 13.898239], [122.897761, 13.8977], [122.897222, 13.8977], [122.897222, 13.896622], [122.897761, 13.896622], [122.897761, 13.895544], [122.8983, 13.895544], [122.8983, 13.895005], [122.899378, 13.895005], [122.899378, 13.894466], [122.899917, 13.894466], [122.899917, 13.89231], [122.900995, 13.89231], [122.900995, 13.892849], [122.902073, 13.892849], [122.902073, 13.89231], [122.904768, 13.89231], [122.904768, 13.891771], [122.905307, 13.891771], [122.905307, 13.891232], [122.905846, 13.891232], [122.905846, 13.890693], [122.905307, 13.890693], [122.905307, 13.890154], [122.904768, 13.890154], [122.904768, 13.889615], [122.904229, 13.889615], [122.904229, 13.889076], [122.90369, 13.889076], [122.90369, 13.888537], [122.902612, 13.888537], [122.902612, 13.889076], [122.901534, 13.889076], [122.901534, 13.888537], [122.900995, 13.888537], [122.900995, 13.887459], [122.900456, 13.887459], [122.900456, 13.88692], [122.901534, 13.88692], [122.901534, 13.887459], [122.903151, 13.887459], [122.903151, 13.88692], [122.90369, 13.88692], [122.90369, 13.887459], [122.904229, 13.887459], [122.904229, 13.888537], [122.904768, 13.888537], [122.904768, 13.889076], [122.905846, 13.889076], [122.905846, 13.888537], [122.906385, 13.888537], [122.906385, 13.88692], [122.905846, 13.88692], [122.905846, 13.886381], [122.905307, 13.886381], [122.905307, 13.885303], [122.905846, 13.885303], [122.905846, 13.884225], [122.905307, 13.884225], [122.905307, 13.882608], [122.905846, 13.882608], [122.905846, 13.88207], [122.906385, 13.88207], [122.906385, 13.879375], [122.906924, 13.879375], [122.906924, 13.878836], [122.907463, 13.878836], [122.907463, 13.879375], [122.90908, 13.879375], [122.90908, 13.878836], [122.909619, 13.878836], [122.909619, 13.877758], [122.910158, 13.877758], [122.910158, 13.877219], [122.911236, 13.877219], [122.911236, 13.87668], [122.913931, 13.87668], [122.913931, 13.876141], [122.91447, 13.876141], [122.91447, 13.875602], [122.915009, 13.875602], [122.915009, 13.873985], [122.915548, 13.873985], [122.915548, 13.873446], [122.91447, 13.873446], [122.91447, 13.873985], [122.913392, 13.873985], [122.913392, 13.872907], [122.913931, 13.872907], [122.913931, 13.872368], [122.91447, 13.872368], [122.91447, 13.872907], [122.915009, 13.872907], [122.915009, 13.871829], [122.916087, 13.871829], [122.916087, 13.872907], [122.916626, 13.872907], [122.916626, 13.875602], [122.916087, 13.875602], [122.916087, 13.877219], [122.915548, 13.877219], [122.915548, 13.878297], [122.913931, 13.878297]], [[122.906924, 13.969925], [122.906924, 13.968308], [122.907463, 13.968308], [122.907463, 13.967769], [122.90908, 13.967769], [122.90908, 13.96723], [122.909619, 13.96723], [122.909619, 13.966691], [122.910158, 13.966691], [122.910158, 13.966152], [122.911775, 13.966152], [122.911775, 13.962379], [122.912314, 13.962379], [122.912314, 13.96184], [122.912853, 13.96184], [122.912853, 13.960223], [122.912314, 13.960223], [122.912314, 13.960762], [122.910697, 13.960762], [122.910697, 13.961301], [122.910158, 13.961301], [122.910158, 13.96184], [122.909619, 13.96184], [122.909619, 13.962379], [122.90908, 13.962379], [122.90908, 13.962918], [122.908541, 13.962918], [122.908541, 13.963457], [122.907463, 13.963457], [122.907463, 13.963996], [122.905846, 13.963996], [122.905846, 13.963457], [122.906385, 13.963457], [122.906385, 13.962379], [122.907463, 13.962379], [122.907463, 13.96184], [122.908002, 13.96184], [122.908002, 13.961301], [122.908541, 13.961301], [122.908541, 13.960762], [122.90908, 13.960762], [122.90908, 13.959684], [122.908541, 13.959684], [122.908541, 13.958067], [122.906385, 13.958067], [122.906385, 13.956989], [122.906924, 13.956989], [122.906924, 13.95645], [122.908002, 13.95645], [122.908002, 13.955911], [122.910158, 13.955911], [122.910158, 13.955372], [122.912314, 13.955372], [122.912314, 13.954833], [122.912853, 13.954833], [122.912853, 13.954294], [122.915009, 13.954294], [122.915009, 13.953755], [122.912853, 13.953755], [122.912853, 13.953216], [122.912314, 13.953216], [122.912314, 13.953755], [122.911236, 13.953755], [122.911236, 13.954294], [122.910697, 13.954294], [122.910697, 13.953755], [122.910158, 13.953755], [122.910158, 13.952677], [122.909619, 13.952677], [122.909619, 13.952138], [122.908002, 13.952138], [122.908002, 13.951599], [122.908541, 13.951599], [122.908541, 13.95106], [122.90908, 13.95106], [122.90908, 13.950521], [122.910158, 13.950521], [122.910158, 13.949443], [122.908541, 13.949443], [122.908541, 13.948365], [122.90908, 13.948365], [122.90908, 13.947287], [122.909619, 13.947287], [122.909619, 13.946209], [122.908541, 13.946209], [122.908541, 13.946748], [122.908002, 13.946748], [122.908002, 13.947826], [122.907463, 13.947826], [122.907463, 13.948365], [122.906924, 13.948365], [122.906924, 13.948904], [122.905307, 13.948904], [122.905307, 13.949443], [122.904768, 13.949443], [122.904768, 13.949982], [122.904229, 13.949982], [122.904229, 13.950521], [122.90369, 13.950521], [122.90369, 13.95106], [122.903151, 13.95106], [122.903151, 13.951599], [122.902612, 13.951599], [122.902612, 13.952677], [122.901534, 13.952677], [122.901534, 13.950521], [122.902073, 13.950521], [122.902073, 13.948365], [122.902612, 13.948365], [122.902612, 13.947826], [122.903151, 13.947826], [122.903151, 13.94567], [122.902073, 13.94567], [122.902073, 13.946209], [122.900995, 13.946209], [122.900995, 13.946748], [122.900456, 13.946748], [122.900456, 13.947287], [122.899917, 13.947287], [122.899917, 13.947826], [122.898839, 13.947826], [122.898839, 13.947287], [122.899378, 13.947287], [122.899378, 13.946209], [122.898839, 13.946209], [122.898839, 13.94567], [122.897222, 13.94567], [122.897222, 13.945131], [122.893449, 13.945131], [122.893449, 13.94567], [122.89291, 13.94567], [122.89291, 13.946209], [122.892371, 13.946209], [122.892371, 13.94567], [122.891832, 13.94567], [122.891832, 13.943514], [122.892371, 13.943514], [122.892371, 13.942975], [122.897761, 13.942975], [122.897761, 13.942436], [122.8983, 13.942436], [122.8983, 13.941358], [122.897222, 13.941358], [122.897222, 13.940819], [122.895066, 13.940819], [122.895066, 13.939741], [122.894527, 13.939741], [122.894527, 13.939202], [122.895066, 13.939202], [122.895066, 13.938663], [122.896144, 13.938663], [122.896144, 13.939202], [122.897761, 13.939202], [122.897761, 13.937585], [122.897222, 13.937585], [122.897222, 13.935429], [122.896683, 13.935429], [122.896683, 13.93489], [122.896144, 13.93489], [122.896144, 13.934351], [122.895605, 13.934351], [122.895605, 13.933273], [122.895066, 13.933273], [122.895066, 13.932734], [122.894527, 13.932734], [122.894527, 13.932195], [122.896144, 13.932195], [122.896144, 13.933273], [122.896683, 13.933273], [122.896683, 13.933812], [122.897761, 13.933812], [122.897761, 13.933273], [122.898839, 13.933273], [122.898839, 13.932734], [122.899917, 13.932734], [122.899917, 13.932195], [122.900995, 13.932195], [122.900995, 13.933812], [122.900456, 13.933812], [122.900456, 13.935968], [122.900995, 13.935968], [122.900995, 13.938124], [122.902073, 13.938124], [122.902073, 13.937585], [122.903151, 13.937585], [122.903151, 13.938124], [122.904229, 13.938124], [122.904229, 13.937585], [122.904768, 13.937585], [122.904768, 13.936507], [122.904229, 13.936507], [122.904229, 13.935429], [122.90369, 13.935429], [122.90369, 13.93489], [122.903151, 13.93489], [122.903151, 13.933273], [122.90369, 13.933273], [122.90369, 13.933812], [122.904229, 13.933812], [122.904229, 13.934351], [122.904768, 13.934351], [122.904768, 13.93489], [122.905307, 13.93489], [122.905307, 13.937046], [122.905846, 13.937046], [122.905846, 13.937585], [122.907463, 13.937585], [122.907463, 13.937046], [122.908002, 13.937046], [122.908002, 13.936507], [122.908541, 13.936507], [122.908541, 13.933812], [122.908002, 13.933812], [122.908002, 13.933273], [122.908541, 13.933273], [122.908541, 13.932734], [122.90908, 13.932734], [122.90908, 13.932195], [122.910158, 13.932195], [122.910158, 13.931657], [122.912314, 13.931657], [122.912314, 13.931118], [122.912853, 13.931118], [122.912853, 13.930579], [122.911236, 13.930579], [122.911236, 13.93004], [122.910697, 13.93004], [122.910697, 13.928962], [122.911775, 13.928962], [122.911775, 13.927884], [122.911236, 13.927884], [122.911236, 13.926806], [122.911775, 13.926806], [122.911775, 13.926267], [122.912314, 13.926267], [122.912314, 13.925728], [122.911775, 13.925728], [122.911775, 13.925189], [122.912314, 13.925189], [122.912314, 13.92465], [122.91447, 13.92465], [122.91447, 13.923572], [122.911236, 13.923572], [122.911236, 13.924111], [122.909619, 13.924111], [122.909619, 13.92465], [122.906385, 13.92465], [122.906385, 13.924111], [122.904768, 13.924111], [122.904768, 13.923572], [122.905307, 13.923572], [122.905307, 13.923033], [122.906385, 13.923033], [122.906385, 13.922494], [122.908002, 13.922494], [122.908002, 13.921955], [122.909619, 13.921955], [122.909619, 13.920877], [122.908541, 13.920877], [122.908541, 13.919799], [122.90908, 13.919799], [122.90908, 13.91926], [122.910697, 13.91926], [122.910697, 13.918721], [122.911236, 13.918721], [122.911236, 13.918182], [122.911775, 13.918182], [122.911775, 13.915487], [122.911236, 13.915487], [122.911236, 13.914948], [122.910158, 13.914948], [122.910158, 13.915487], [122.909619, 13.915487], [122.909619, 13.916026], [122.908002, 13.916026], [122.908002, 13.914948], [122.908541, 13.914948], [122.908541, 13.914409], [122.90908, 13.914409], [122.90908, 13.91387], [122.910158, 13.91387], [122.910158, 13.913331], [122.912853, 13.913331], [122.912853, 13.912792], [122.913392, 13.912792], [122.913392, 13.912253], [122.912853, 13.912253], [122.912853, 13.910636], [122.913931, 13.910636], [122.913931, 13.90848], [122.91447, 13.90848], [122.91447, 13.907402], [122.913392, 13.907402], [122.913392, 13.906863], [122.912853, 13.906863], [122.912853, 13.906324], [122.913392, 13.906324], [122.913392, 13.905785], [122.912853, 13.905785], [122.912853, 13.905246], [122.911775, 13.905246], [122.911775, 13.905785], [122.911236, 13.905785], [122.911236, 13.906324], [122.910697, 13.906324], [122.910697, 13.907941], [122.910158, 13.907941], [122.910158, 13.90848], [122.909619, 13.90848], [122.909619, 13.909019], [122.908002, 13.909019], [122.908002, 13.907941], [122.908541, 13.907941], [122.908541, 13.907402], [122.90908, 13.907402], [122.90908, 13.904707], [122.908541, 13.904707], [122.908541, 13.904168], [122.908002, 13.904168], [122.908002, 13.903629], [122.907463, 13.903629], [122.907463, 13.904168], [122.906924, 13.904168], [122.906924, 13.903629], [122.905846, 13.903629], [122.905846, 13.90309], [122.905307, 13.90309], [122.905307, 13.903629], [122.904768, 13.903629], [122.904768, 13.904168], [122.903151, 13.904168], [122.903151, 13.903629], [122.90369, 13.903629], [122.90369, 13.90309], [122.904229, 13.90309], [122.904229, 13.902551], [122.904768, 13.902551], [122.904768, 13.902012], [122.905307, 13.902012], [122.905307, 13.901473], [122.906385, 13.901473], [122.906385, 13.902012], [122.906924, 13.902012], [122.906924, 13.901473], [122.908002, 13.901473], [122.908002, 13.902012], [122.909619, 13.902012], [122.909619, 13.901473], [122.911236, 13.901473], [122.911236, 13.900395], [122.911775, 13.900395], [122.911775, 13.898778], [122.911236, 13.898778], [122.911236, 13.898239], [122.911775, 13.898239], [122.911775, 13.8977], [122.912314, 13.8977], [122.912314, 13.897161], [122.913931, 13.897161], [122.913931, 13.896622], [122.91447, 13.896622], [122.91447, 13.896083], [122.915548, 13.896083], [122.915548, 13.896622], [122.916626, 13.896622], [122.916626, 13.895544], [122.916087, 13.895544], [122.916087, 13.895005], [122.915548, 13.895005], [122.915548, 13.891232], [122.915009, 13.891232], [122.915009, 13.890693], [122.91447, 13.890693], [122.91447, 13.890154], [122.913931, 13.890154], [122.913931, 13.890693], [122.913392, 13.890693], [122.913392, 13.890154], [122.912853, 13.890154], [122.912853, 13.889076], [122.913392, 13.889076], [122.913392, 13.889615], [122.91447, 13.889615], [122.91447, 13.889076], [122.916087, 13.889076], [122.916087, 13.889615], [122.916626, 13.889615], [122.916626, 13.890154], [122.920399, 13.890154], [122.920399, 13.891232], [122.919321, 13.891232], [122.919321, 13.891771], [122.918782, 13.891771], [122.918782, 13.89231], [122.920938, 13.89231], [122.920938, 13.891771], [122.922555, 13.891771], [122.922555, 13.890154], [122.923633, 13.890154], [122.923633, 13.890693], [122.924711, 13.890693], [122.924711, 13.890154], [122.931179, 13.890154], [122.931179, 13.889615], [122.931718, 13.889615], [122.931718, 13.889076], [122.931179, 13.889076], [122.931179, 13.888537], [122.931718, 13.888537], [122.931718, 13.887459], [122.931179, 13.887459], [122.931179, 13.88692], [122.930101, 13.88692], [122.930101, 13.886381], [122.929562, 13.886381], [122.929562, 13.885842], [122.929023, 13.885842], [122.929023, 13.88692], [122.927406, 13.88692], [122.927406, 13.885842], [122.926867, 13.885842], [122.926867, 13.884764], [122.926328, 13.884764], [122.926328, 13.884225], [122.92525, 13.884225], [122.92525, 13.884764], [122.924172, 13.884764], [122.924172, 13.884225], [122.923633, 13.884225], [122.923633, 13.883686], [122.923094, 13.883686], [122.923094, 13.882608], [122.922555, 13.882608], [122.922555, 13.881531], [122.921477, 13.881531], [122.921477, 13.879914], [122.922016, 13.879914], [122.922016, 13.879375], [122.922555, 13.879375], [122.922555, 13.878836], [122.923094, 13.878836], [122.923094, 13.878297], [122.922555, 13.878297], [122.922555, 13.877758], [122.922016, 13.877758], [122.922016, 13.878297], [122.921477, 13.878297], [122.921477, 13.878836], [122.920399, 13.878836], [122.920399, 13.874524], [122.919321, 13.874524], [122.919321, 13.873446], [122.91986, 13.873446], [122.91986, 13.872907], [122.922016, 13.872907], [122.922016, 13.872368], [122.921477, 13.872368], [122.921477, 13.87129], [122.91986, 13.87129], [122.91986, 13.869134], [122.920399, 13.869134], [122.920399, 13.868595], [122.922016, 13.868595], [122.922016, 13.868056], [122.923094, 13.868056], [122.923094, 13.867517], [122.924172, 13.867517], [122.924172, 13.868056], [122.924711, 13.868056], [122.924711, 13.867517], [122.92525, 13.867517], [122.92525, 13.866978], [122.925789, 13.866978], [122.925789, 13.866439], [122.926328, 13.866439], [122.926328, 13.866978], [122.926867, 13.866978], [122.926867, 13.868595], [122.927406, 13.868595], [122.927406, 13.869134], [122.927945, 13.869134], [122.927945, 13.869673], [122.93064, 13.869673], [122.93064, 13.870212], [122.931179, 13.870212], [122.931179, 13.870751], [122.934412, 13.870751], [122.934412, 13.87129], [122.934951, 13.87129], [122.934951, 13.872368], [122.934412, 13.872368], [122.934412, 13.873985], [122.934951, 13.873985], [122.934951, 13.874524], [122.93549, 13.874524], [122.93549, 13.876141], [122.936029, 13.876141], [122.936029, 13.87668], [122.93549, 13.87668], [122.93549, 13.877219], [122.936029, 13.877219], [122.936029, 13.877758], [122.937107, 13.877758], [122.937107, 13.879375], [122.938724, 13.879375], [122.938724, 13.879914], [122.939263, 13.879914], [122.939263, 13.880453], [122.939802, 13.880453], [122.939802, 13.881531], [122.94088, 13.881531], [122.94088, 13.88207], [122.941419, 13.88207], [122.941419, 13.882608], [122.941958, 13.882608], [122.941958, 13.883147], [122.942497, 13.883147], [122.942497, 13.883686], [122.943036, 13.883686], [122.943036, 13.884764], [122.942497, 13.884764], [122.942497, 13.886381], [122.943036, 13.886381], [122.943036, 13.887998], [122.941419, 13.887998], [122.941419, 13.887459], [122.938724, 13.887459], [122.938724, 13.887998], [122.938185, 13.887998], [122.938185, 13.889615], [122.939263, 13.889615], [122.939263, 13.890154], [122.939802, 13.890154], [122.939802, 13.890693], [122.940341, 13.890693], [122.940341, 13.891771], [122.939802, 13.891771], [122.939802, 13.89231], [122.939263, 13.89231], [122.939263, 13.891771], [122.938724, 13.891771], [122.938724, 13.891232], [122.937646, 13.891232], [122.937646, 13.890693], [122.937107, 13.890693], [122.937107, 13.89231], [122.937646, 13.89231], [122.937646, 13.892849], [122.938185, 13.892849], [122.938185, 13.893388], [122.938724, 13.893388], [122.938724, 13.894466], [122.939263, 13.894466], [122.939263, 13.895544], [122.939802, 13.895544], [122.939802, 13.896622], [122.940341, 13.896622], [122.940341, 13.897161], [122.941958, 13.897161], [122.941958, 13.8977], [122.942497, 13.8977], [122.942497, 13.898239], [122.941958, 13.898239], [122.941958, 13.898778], [122.940341, 13.898778], [122.940341, 13.898239], [122.938724, 13.898239], [122.938724, 13.898778], [122.938185, 13.898778], [122.938185, 13.899317], [122.937646, 13.899317], [122.937646, 13.900934], [122.936568, 13.900934], [122.936568, 13.900395], [122.936029, 13.900395], [122.936029, 13.897161], [122.93549, 13.897161], [122.93549, 13.895544], [122.936029, 13.895544], [122.936029, 13.894466], [122.93549, 13.894466], [122.93549, 13.893927], [122.934951, 13.893927], [122.934951, 13.894466], [122.932795, 13.894466], [122.932795, 13.895005], [122.932257, 13.895005], [122.932257, 13.896083], [122.931179, 13.896083], [122.931179, 13.895544], [122.93064, 13.895544], [122.93064, 13.895005], [122.929562, 13.895005], [122.929562, 13.894466], [122.928484, 13.894466], [122.928484, 13.893927], [122.925789, 13.893927], [122.925789, 13.893388], [122.92525, 13.893388], [122.92525, 13.892849], [122.924711, 13.892849], [122.924711, 13.89231], [122.923633, 13.89231], [122.923633, 13.893388], [122.923094, 13.893388], [122.923094, 13.895005], [122.923633, 13.895005], [122.923633, 13.895544], [122.924172, 13.895544], [122.924172, 13.8977], [122.924711, 13.8977], [122.924711, 13.898239], [122.927945, 13.898239], [122.927945, 13.898778], [122.930101, 13.898778], [122.930101, 13.899317], [122.93064, 13.899317], [122.93064, 13.899856], [122.930101, 13.899856], [122.930101, 13.900395], [122.927945, 13.900395], [122.927945, 13.900934], [122.927406, 13.900934], [122.927406, 13.901473], [122.927945, 13.901473], [122.927945, 13.902012], [122.928484, 13.902012], [122.928484, 13.902551], [122.929562, 13.902551], [122.929562, 13.903629], [122.927945, 13.903629], [122.927945, 13.904707], [122.928484, 13.904707], [122.928484, 13.905246], [122.929562, 13.905246], [122.929562, 13.905785], [122.930101, 13.905785], [122.930101, 13.906324], [122.93064, 13.906324], [122.93064, 13.906863], [122.932257, 13.906863], [122.932257, 13.907402], [122.932795, 13.907402], [122.932795, 13.909019], [122.933334, 13.909019], [122.933334, 13.909558], [122.934412, 13.909558], [122.934412, 13.910097], [122.934951, 13.910097], [122.934951, 13.910636], [122.934412, 13.910636], [122.934412, 13.911175], [122.933873, 13.911175], [122.933873, 13.912253], [122.936029, 13.912253], [122.936029, 13.912792], [122.939263, 13.912792], [122.939263, 13.913331], [122.939802, 13.913331], [122.939802, 13.91387], [122.939263, 13.91387], [122.939263, 13.914409], [122.93549, 13.914409], [122.93549, 13.915487], [122.934951, 13.915487], [122.934951, 13.916026], [122.934412, 13.916026], [122.934412, 13.916565], [122.933873, 13.916565], [122.933873, 13.91926], [122.934412, 13.91926], [122.934412, 13.919799], [122.934951, 13.919799], [122.934951, 13.920338], [122.93549, 13.920338], [122.93549, 13.919799], [122.936568, 13.919799], [122.936568, 13.91926], [122.937107, 13.91926], [122.937107, 13.919799], [122.937646, 13.919799], [122.937646, 13.920338], [122.939802, 13.920338], [122.939802, 13.919799], [122.94088, 13.919799], [122.94088, 13.923033], [122.939263, 13.923033], [122.939263, 13.922494], [122.937646, 13.922494], [122.937646, 13.923033], [122.936568, 13.923033], [122.936568, 13.923572], [122.937107, 13.923572], [122.937107, 13.924111], [122.937646, 13.924111], [122.937646, 13.923572], [122.938724, 13.923572], [122.938724, 13.924111], [122.939263, 13.924111], [122.939263, 13.92465], [122.939802, 13.92465], [122.939802, 13.925728], [122.940341, 13.925728], [122.940341, 13.926267], [122.939263, 13.926267], [122.939263, 13.926806], [122.938724, 13.926806], [122.938724, 13.926267], [122.938185, 13.926267], [122.938185, 13.927345], [122.938724, 13.927345], [122.938724, 13.927884], [122.938185, 13.927884], [122.938185, 13.928423], [122.937107, 13.928423], [122.937107, 13.928962], [122.936568, 13.928962], [122.936568, 13.929501], [122.934951, 13.929501], [122.934951, 13.930579], [122.936029, 13.930579], [122.936029, 13.931118], [122.937107, 13.931118], [122.937107, 13.931657], [122.937646, 13.931657], [122.937646, 13.932195], [122.936029, 13.932195], [122.936029, 13.932734], [122.93549, 13.932734], [122.93549, 13.933812], [122.936029, 13.933812], [122.936029, 13.934351], [122.93549, 13.934351], [122.93549, 13.93489], [122.934412, 13.93489], [122.934412, 13.935429], [122.933873, 13.935429], [122.933873, 13.935968], [122.934412, 13.935968], [122.934412, 13.936507], [122.936568, 13.936507], [122.936568, 13.937046], [122.937646, 13.937046], [122.937646, 13.939202], [122.938185, 13.939202], [122.938185, 13.939741], [122.940341, 13.939741], [122.940341, 13.939202], [122.94088, 13.939202], [122.94088, 13.938663], [122.943036, 13.938663], [122.943036, 13.939741], [122.941958, 13.939741], [122.941958, 13.94028], [122.941419, 13.94028], [122.941419, 13.941358], [122.94088, 13.941358], [122.94088, 13.941897], [122.938185, 13.941897], [122.938185, 13.942436], [122.937107, 13.942436], [122.937107, 13.944053], [122.936029, 13.944053], [122.936029, 13.943514], [122.93549, 13.943514], [122.93549, 13.942975], [122.934951, 13.942975], [122.934951, 13.943514], [122.934412, 13.943514], [122.934412, 13.944053], [122.934951, 13.944053], [122.934951, 13.944592], [122.93549, 13.944592], [122.93549, 13.94567], [122.934951, 13.94567], [122.934951, 13.946209], [122.93549, 13.946209], [122.93549, 13.946748], [122.939263, 13.946748], [122.939263, 13.946209], [122.94088, 13.946209], [122.94088, 13.946748], [122.941419, 13.946748], [122.941419, 13.947287], [122.94088, 13.947287], [122.94088, 13.947826], [122.939263, 13.947826], [122.939263, 13.948365], [122.938185, 13.948365], [122.938185, 13.949443], [122.937646, 13.949443], [122.937646, 13.949982], [122.937107, 13.949982], [122.937107, 13.950521], [122.936568, 13.950521], [122.936568, 13.951599], [122.938185, 13.951599], [122.938185, 13.952138], [122.938724, 13.952138], [122.938724, 13.952677], [122.940341, 13.952677], [122.940341, 13.953755], [122.94088, 13.953755], [122.94088, 13.954833], [122.942497, 13.954833], [122.942497, 13.955372], [122.943036, 13.955372], [122.943036, 13.955911], [122.943575, 13.955911], [122.943575, 13.95645], [122.943036, 13.95645], [122.943036, 13.956989], [122.941958, 13.956989], [122.941958, 13.957528], [122.94088, 13.957528], [122.94088, 13.956989], [122.940341, 13.956989], [122.940341, 13.95645], [122.938724, 13.95645], [122.938724, 13.956989], [122.938185, 13.956989], [122.938185, 13.957528], [122.937646, 13.957528], [122.937646, 13.958067], [122.938724, 13.958067], [122.938724, 13.958606], [122.939263, 13.958606], [122.939263, 13.959145], [122.938724, 13.959145], [122.938724, 13.959684], [122.94627, 13.959684], [122.94627, 13.960762], [122.945731, 13.960762], [122.945731, 13.961301], [122.945192, 13.961301], [122.945192, 13.96184], [122.943036, 13.96184], [122.943036, 13.963457], [122.941958, 13.963457], [122.941958, 13.963996], [122.939263, 13.963996], [122.939263, 13.965074], [122.939802, 13.965074], [122.939802, 13.966152], [122.937107, 13.966152], [122.937107, 13.965613], [122.936568, 13.965613], [122.936568, 13.965074], [122.936029, 13.965074], [122.936029, 13.964535], [122.93549, 13.964535], [122.93549, 13.963996], [122.934951, 13.963996], [122.934951, 13.963457], [122.934412, 13.963457], [122.934412, 13.962918], [122.933334, 13.962918], [122.933334, 13.962379], [122.932257, 13.962379], [122.932257, 13.962918], [122.930101, 13.962918], [122.930101, 13.963457], [122.929562, 13.963457], [122.929562, 13.963996], [122.929023, 13.963996], [122.929023, 13.964535], [122.928484, 13.964535], [122.928484, 13.965074], [122.927945, 13.965074], [122.927945, 13.965613], [122.927406, 13.965613], [122.927406, 13.966691], [122.926867, 13.966691], [122.926867, 13.968308], [122.927406, 13.968308], [122.927406, 13.968847], [122.929023, 13.968847], [122.929023, 13.970464], [122.930101, 13.970464], [122.930101, 13.969925], [122.93064, 13.969925], [122.93064, 13.969386], [122.933873, 13.969386], [122.933873, 13.969925], [122.934412, 13.969925], [122.934412, 13.969386], [122.934951, 13.969386], [122.934951, 13.968308], [122.936029, 13.968308], [122.936029, 13.969386], [122.936568, 13.969386], [122.936568, 13.969925], [122.937646, 13.969925], [122.937646, 13.970464], [122.938185, 13.970464], [122.938185, 13.971003], [122.938724, 13.971003], [122.938724, 13.97262], [122.938185, 13.97262], [122.938185, 13.973159], [122.937646, 13.973159], [122.937646, 13.973698], [122.937107, 13.973698], [122.937107, 13.973159], [122.936568, 13.973159], [122.936568, 13.971542], [122.933334, 13.971542], [122.933334, 13.972081], [122.932795, 13.972081], [122.932795, 13.97262], [122.932257, 13.97262], [122.932257, 13.973159], [122.931718, 13.973159], [122.931718, 13.974237], [122.929562, 13.974237], [122.929562, 13.974776], [122.929023, 13.974776], [122.929023, 13.975315], [122.927945, 13.975315], [122.927945, 13.975854], [122.927406, 13.975854], [122.927406, 13.975315], [122.926867, 13.975315], [122.926867, 13.974776], [122.926328, 13.974776], [122.926328, 13.975315], [122.925789, 13.975315], [122.925789, 13.975854], [122.926328, 13.975854], [122.926328, 13.977471], [122.924711, 13.977471], [122.924711, 13.976932], [122.923633, 13.976932], [122.923633, 13.976393], [122.923094, 13.976393], [122.923094, 13.975854], [122.923633, 13.975854], [122.923633, 13.974776], [122.924172, 13.974776], [122.924172, 13.97262], [122.923094, 13.97262], [122.923094, 13.973159], [122.921477, 13.973159], [122.921477, 13.973698], [122.920399, 13.973698], [122.920399, 13.974776], [122.919321, 13.974776], [122.919321, 13.974237], [122.917704, 13.974237], [122.917704, 13.975315], [122.916626, 13.975315], [122.916626, 13.974776], [122.915548, 13.974776], [122.915548, 13.975315], [122.915009, 13.975315], [122.915009, 13.975854], [122.91447, 13.975854], [122.91447, 13.976393], [122.913392, 13.976393], [122.913392, 13.975854], [122.912853, 13.975854], [122.912853, 13.975315], [122.913392, 13.975315], [122.913392, 13.974776], [122.91447, 13.974776], [122.91447, 13.973159], [122.913931, 13.973159], [122.913931, 13.973698], [122.913392, 13.973698], [122.913392, 13.972081], [122.913931, 13.972081], [122.913931, 13.971003], [122.91447, 13.971003], [122.91447, 13.970464], [122.915009, 13.970464], [122.915009, 13.969925], [122.915548, 13.969925], [122.915548, 13.968847], [122.913931, 13.968847], [122.913931, 13.969386], [122.912853, 13.969386], [122.912853, 13.968847], [122.910158, 13.968847], [122.910158, 13.969386], [122.908002, 13.969386], [122.908002, 13.969925], [122.907463, 13.969925], [122.907463, 13.970464], [122.906924, 13.970464], [122.906924, 13.971003], [122.906385, 13.971003], [122.906385, 13.969925], [122.906924, 13.969925]]], [[[123.007176, 13.76457], [123.00502, 13.76457], [123.00502, 13.765109], [123.004481, 13.765109], [123.004481, 13.765648], [123.003403, 13.765648], [123.003403, 13.766187], [123.002864, 13.766187], [123.002864, 13.767804], [123.002325, 13.767804], [123.002325, 13.768343], [123.000708, 13.768343], [123.000708, 13.768882], [123.000169, 13.768882], [123.000169, 13.769421], [122.99963, 13.769421], [122.99963, 13.76996], [122.999091, 13.76996], [122.999091, 13.772116], [122.99963, 13.772116], [122.99963, 13.772655], [123.000169, 13.772655], [123.000169, 13.77535], [122.99963, 13.77535], [122.99963, 13.775889], [122.999091, 13.775889], [122.999091, 13.77535], [122.998552, 13.77535], [122.998552, 13.773194], [122.998013, 13.773194], [122.998013, 13.772655], [122.996396, 13.772655], [122.996396, 13.773194], [122.995857, 13.773194], [122.995857, 13.774811], [122.994779, 13.774811], [122.994779, 13.775889], [122.995318, 13.775889], [122.995318, 13.776428], [122.995857, 13.776428], [122.995857, 13.776967], [122.996396, 13.776967], [122.996396, 13.778045], [122.994779, 13.778045], [122.994779, 13.778584], [122.993701, 13.778584], [122.993701, 13.778045], [122.992623, 13.778045], [122.992623, 13.779662], [122.99424, 13.779662], [122.99424, 13.781818], [122.994779, 13.781818], [122.994779, 13.781279], [122.995318, 13.781279], [122.995318, 13.780201], [122.996396, 13.780201], [122.996396, 13.78074], [122.996935, 13.78074], [122.996935, 13.777506], [122.999091, 13.777506], [122.999091, 13.778045], [122.99963, 13.778045], [122.99963, 13.776967], [123.000708, 13.776967], [123.000708, 13.775889], [123.001247, 13.775889], [123.001247, 13.774811], [123.001786, 13.774811], [123.001786, 13.773194], [123.001247, 13.773194], [123.001247, 13.772116], [123.000708, 13.772116], [123.000708, 13.770499], [123.001247, 13.770499], [123.001247, 13.76996], [123.001786, 13.76996], [123.001786, 13.769421], [123.002864, 13.769421], [123.002864, 13.768882], [123.003403, 13.768882], [123.003403, 13.768343], [123.003942, 13.768343], [123.003942, 13.767804], [123.004481, 13.767804], [123.004481, 13.766726], [123.00502, 13.766726], [123.00502, 13.766187], [123.005559, 13.766187], [123.005559, 13.765648], [123.006973, 13.765648], [123.007176, 13.765362], [123.007176, 13.76457]]], [[[123.285757, 13.666315], [123.289953, 13.662146], [123.327422, 13.662855], [123.330909, 13.666315], [123.375001, 13.666668], [123.374649, 13.664242], [123.371188, 13.660759], [123.370832, 13.649999], [123.371683, 13.646686], [123.377208, 13.645264], [123.382586, 13.641099], [123.385542, 13.642232], [123.389457, 13.645264], [123.391665, 13.645835], [123.395834, 13.645835], [123.395834, 13.641665], [123.396186, 13.639244], [123.403811, 13.631592], [123.404168, 13.629167], [123.407481, 13.628315], [123.409184, 13.621684], [123.415958, 13.619945], [123.417233, 13.610291], [123.420265, 13.606376], [123.421402, 13.593623], [123.432764, 13.581378], [123.432914, 13.579697], [123.432438, 13.579697], [123.432438, 13.579158], [123.431899, 13.579158], [123.431899, 13.578619], [123.429744, 13.578619], [123.429744, 13.57808], [123.429205, 13.57808], [123.429205, 13.577541], [123.428666, 13.577541], [123.428666, 13.577002], [123.427049, 13.577002], [123.427049, 13.576463], [123.424893, 13.576463], [123.424893, 13.575924], [123.422737, 13.575924], [123.422737, 13.575385], [123.420581, 13.575385], [123.420581, 13.575924], [123.419503, 13.575924], [123.419503, 13.575385], [123.417886, 13.575385], [123.417886, 13.575924], [123.416269, 13.575924], [123.416269, 13.576463], [123.41573, 13.576463], [123.41573, 13.577002], [123.415191, 13.577002], [123.415191, 13.577541], [123.414652, 13.577541], [123.414652, 13.57808], [123.413574, 13.57808], [123.413574, 13.577541], [123.413035, 13.577541], [123.413035, 13.577002], [123.412496, 13.577002], [123.412496, 13.577541], [123.411957, 13.577541], [123.411957, 13.578619], [123.410879, 13.578619], [123.410879, 13.577002], [123.41034, 13.577002], [123.41034, 13.576463], [123.408184, 13.576463], [123.408184, 13.575924], [123.407645, 13.575924], [123.407645, 13.575385], [123.407106, 13.575385], [123.407106, 13.574846], [123.406028, 13.574846], [123.406028, 13.575385], [123.405489, 13.575385], [123.405489, 13.575924], [123.403872, 13.575924], [123.403872, 13.576463], [123.403333, 13.576463], [123.403333, 13.57808], [123.402794, 13.57808], [123.402794, 13.579697], [123.401716, 13.579697], [123.401716, 13.579158], [123.401177, 13.579158], [123.401177, 13.578619], [123.400638, 13.578619], [123.400638, 13.57808], [123.400099, 13.57808], [123.400099, 13.577541], [123.39956, 13.577541], [123.39956, 13.577002], [123.398482, 13.577002], [123.398482, 13.577541], [123.397404, 13.577541], [123.397404, 13.577002], [123.396865, 13.577002], [123.396865, 13.576463], [123.395248, 13.576463], [123.395248, 13.577002], [123.393631, 13.577002], [123.393631, 13.575385], [123.393092, 13.575385], [123.393092, 13.574846], [123.392553, 13.574846], [123.392553, 13.574307], [123.391475, 13.574307], [123.391475, 13.574846], [123.390397, 13.574846], [123.390397, 13.574307], [123.389319, 13.574307], [123.389319, 13.573768], [123.38878, 13.573768], [123.38878, 13.573229], [123.387702, 13.573229], [123.387702, 13.573768], [123.387163, 13.573768], [123.387163, 13.574307], [123.385007, 13.574307], [123.385007, 13.574846], [123.384468, 13.574846], [123.384468, 13.575385], [123.383929, 13.575385], [123.383929, 13.575924], [123.380695, 13.575924], [123.380695, 13.576463], [123.379618, 13.576463], [123.379618, 13.577002], [123.379079, 13.577002], [123.379079, 13.577541], [123.378001, 13.577541], [123.378001, 13.57808], [123.377462, 13.57808], [123.377462, 13.577541], [123.376384, 13.577541], [123.376384, 13.57808], [123.374767, 13.57808], [123.374767, 13.577541], [123.373689, 13.577541], [123.373689, 13.57808], [123.37315, 13.57808], [123.37315, 13.578619], [123.372611, 13.578619], [123.372611, 13.579158], [123.372072, 13.579158], [123.372072, 13.579697], [123.370994, 13.579697], [123.370994, 13.579158], [123.370455, 13.579158], [123.370455, 13.578619], [123.369916, 13.578619], [123.369916, 13.57808], [123.369377, 13.57808], [123.369377, 13.577541], [123.368299, 13.577541], [123.368299, 13.577002], [123.367221, 13.577002], [123.367221, 13.576463], [123.365604, 13.576463], [123.365604, 13.575924], [123.365065, 13.575924], [123.365065, 13.575385], [123.361831, 13.575385], [123.361831, 13.574846], [123.360753, 13.574846], [123.360753, 13.575385], [123.359675, 13.575385], [123.359675, 13.575924], [123.358597, 13.575924], [123.358597, 13.576463], [123.358058, 13.576463], [123.358058, 13.575924], [123.355902, 13.575924], [123.355902, 13.576463], [123.354824, 13.576463], [123.354824, 13.577002], [123.353207, 13.577002], [123.353207, 13.577541], [123.352668, 13.577541], [123.352668, 13.577002], [123.352129, 13.577002], [123.352129, 13.576463], [123.351051, 13.576463], [123.351051, 13.57808], [123.350512, 13.57808], [123.350512, 13.578619], [123.348895, 13.578619], [123.348895, 13.577002], [123.347817, 13.577002], [123.347817, 13.577541], [123.347278, 13.577541], [123.347278, 13.57808], [123.3462, 13.57808], [123.3462, 13.577541], [123.345661, 13.577541], [123.345661, 13.577002], [123.345122, 13.577002], [123.345122, 13.575924], [123.344044, 13.575924], [123.344044, 13.575385], [123.341888, 13.575385], [123.341888, 13.575924], [123.341349, 13.575924], [123.341349, 13.57808], [123.341888, 13.57808], [123.341888, 13.579697], [123.34081, 13.579697], [123.34081, 13.579158], [123.339193, 13.579158], [123.339193, 13.579697], [123.338654, 13.579697], [123.338654, 13.580775], [123.338115, 13.580775], [123.338115, 13.581853], [123.336498, 13.581853], [123.336498, 13.582392], [123.33542, 13.582392], [123.33542, 13.58347], [123.333803, 13.58347], [123.333803, 13.584008], [123.333264, 13.584008], [123.333264, 13.584547], [123.333803, 13.584547], [123.333803, 13.585625], [123.333264, 13.585625], [123.333264, 13.586164], [123.332725, 13.586164], [123.332725, 13.585625], [123.331647, 13.585625], [123.331647, 13.587781], [123.33057, 13.587781], [123.33057, 13.587242], [123.328953, 13.587242], [123.328953, 13.586703], [123.328414, 13.586703], [123.328414, 13.587242], [123.326258, 13.587242], [123.326258, 13.587781], [123.32518, 13.587781], [123.32518, 13.58832], [123.323563, 13.58832], [123.323563, 13.587781], [123.322485, 13.587781], [123.322485, 13.587242], [123.321946, 13.587242], [123.321946, 13.587781], [123.321407, 13.587781], [123.321407, 13.589398], [123.31979, 13.589398], [123.31979, 13.587781], [123.318173, 13.587781], [123.318173, 13.588859], [123.317634, 13.588859], [123.317634, 13.589398], [123.317095, 13.589398], [123.317095, 13.589937], [123.316556, 13.589937], [123.316556, 13.590476], [123.316017, 13.590476], [123.316017, 13.591015], [123.313861, 13.591015], [123.313861, 13.591554], [123.313322, 13.591554], [123.313322, 13.592632], [123.312783, 13.592632], [123.312783, 13.59371], [123.312244, 13.59371], [123.312244, 13.594249], [123.311705, 13.594249], [123.311705, 13.594788], [123.310627, 13.594788], [123.310627, 13.595327], [123.310088, 13.595327], [123.310088, 13.596405], [123.309549, 13.596405], [123.309549, 13.596944], [123.30901, 13.596944], [123.30901, 13.598022], [123.308471, 13.598022], [123.308471, 13.598561], [123.307393, 13.598561], [123.307393, 13.5991], [123.306854, 13.5991], [123.306854, 13.600178], [123.306315, 13.600178], [123.306315, 13.602873], [123.304159, 13.602873], [123.304159, 13.603412], [123.303081, 13.603412], [123.303081, 13.606646], [123.302542, 13.606646], [123.302542, 13.606107], [123.302003, 13.606107], [123.302003, 13.605568], [123.301464, 13.605568], [123.301464, 13.605029], [123.300386, 13.605029], [123.300386, 13.605568], [123.299847, 13.605568], [123.299847, 13.606107], [123.300386, 13.606107], [123.300386, 13.607724], [123.300925, 13.607724], [123.300925, 13.608263], [123.300386, 13.608263], [123.300386, 13.608802], [123.299847, 13.608802], [123.299847, 13.609341], [123.299308, 13.609341], [123.299308, 13.60988], [123.298769, 13.60988], [123.298769, 13.610419], [123.29823, 13.610419], [123.29823, 13.610958], [123.297152, 13.610958], [123.297152, 13.611497], [123.296613, 13.611497], [123.296613, 13.612575], [123.295535, 13.612575], [123.295535, 13.612036], [123.294996, 13.612036], [123.294996, 13.610958], [123.294457, 13.610958], [123.294457, 13.60988], [123.293379, 13.60988], [123.293379, 13.610958], [123.29284, 13.610958], [123.29284, 13.612036], [123.292301, 13.612036], [123.292301, 13.613114], [123.291762, 13.613114], [123.291762, 13.613653], [123.291223, 13.613653], [123.291223, 13.614192], [123.290145, 13.614192], [123.290145, 13.61527], [123.290684, 13.61527], [123.290684, 13.615809], [123.289606, 13.615809], [123.289606, 13.616348], [123.289067, 13.616348], [123.289067, 13.616887], [123.288528, 13.616887], [123.288528, 13.618504], [123.287989, 13.618504], [123.287989, 13.619043], [123.28745, 13.619043], [123.28745, 13.619582], [123.285833, 13.619582], [123.285833, 13.621199], [123.286372, 13.621199], [123.286372, 13.621738], [123.285833, 13.621738], [123.285833, 13.622277], [123.285294, 13.622277], [123.285294, 13.621738], [123.283677, 13.621738], [123.283677, 13.622277], [123.283138, 13.622277], [123.283138, 13.623355], [123.282599, 13.623355], [123.282599, 13.624433], [123.28206, 13.624433], [123.28206, 13.624972], [123.281521, 13.624972], [123.281521, 13.625511], [123.280982, 13.625511], [123.280982, 13.62605], [123.280444, 13.62605], [123.280444, 13.626589], [123.279905, 13.626589], [123.279905, 13.629284], [123.280444, 13.629284], [123.280444, 13.63144], [123.279905, 13.63144], [123.279905, 13.631979], [123.278288, 13.631979], [123.278288, 13.632518], [123.27721, 13.632518], [123.27721, 13.633057], [123.276132, 13.633057], [123.276132, 13.633595], [123.275593, 13.633595], [123.275593, 13.635212], [123.276132, 13.635212], [123.276132, 13.63629], [123.275593, 13.63629], [123.275593, 13.636829], [123.275054, 13.636829], [123.275054, 13.637907], [123.274515, 13.637907], [123.274515, 13.638446], [123.273976, 13.638446], [123.273976, 13.638985], [123.273437, 13.638985], [123.273437, 13.639524], [123.272898, 13.639524], [123.272898, 13.640063], [123.272359, 13.640063], [123.272359, 13.640602], [123.271281, 13.640602], [123.271281, 13.641141], [123.270742, 13.641141], [123.270742, 13.643836], [123.270203, 13.643836], [123.270203, 13.644914], [123.269664, 13.644914], [123.269664, 13.64707], [123.270203, 13.64707], [123.270203, 13.648687], [123.269125, 13.648687], [123.269125, 13.649226], [123.268047, 13.649226], [123.268047, 13.649765], [123.267508, 13.649765], [123.267508, 13.650304], [123.268047, 13.650304], [123.268047, 13.650843], [123.269125, 13.650843], [123.269125, 13.65246], [123.268586, 13.65246], [123.268586, 13.653538], [123.268047, 13.653538], [123.268047, 13.654616], [123.268586, 13.654616], [123.268586, 13.655155], [123.269125, 13.655155], [123.269125, 13.65785], [123.268586, 13.65785], [123.268586, 13.658389], [123.268047, 13.658389], [123.268047, 13.659467], [123.267508, 13.659467], [123.267508, 13.660006], [123.268047, 13.660006], [123.268047, 13.660545], [123.267508, 13.660545], [123.267508, 13.661084], [123.266969, 13.661084], [123.266969, 13.662701], [123.273437, 13.662701], [123.273437, 13.663032], [123.277454, 13.66702], [123.285757, 13.666315]]], [[[123.111201, 13.535499], [123.111201, 13.536038], [123.110662, 13.536038], [123.110662, 13.537116], [123.108506, 13.537116], [123.108506, 13.537655], [123.107967, 13.537655], [123.107967, 13.538733], [123.108506, 13.538733], [123.108506, 13.539272], [123.109584, 13.539272], [123.109584, 13.539811], [123.111201, 13.539811], [123.111201, 13.537655], [123.11174, 13.537655], [123.11174, 13.537116], [123.114435, 13.537116], [123.114435, 13.536577], [123.114974, 13.536577], [123.114974, 13.536038], [123.115513, 13.536038], [123.115513, 13.535499], [123.116052, 13.535499], [123.116052, 13.53496], [123.116591, 13.53496], [123.116591, 13.534421], [123.11713, 13.534421], [123.11713, 13.533883], [123.117669, 13.533883], [123.117669, 13.532805], [123.116591, 13.532805], [123.116591, 13.532266], [123.115513, 13.532266], [123.115513, 13.531727], [123.113357, 13.531727], [123.113357, 13.532266], [123.112818, 13.532266], [123.112818, 13.534421], [123.112279, 13.534421], [123.112279, 13.533883], [123.111201, 13.533883], [123.111201, 13.534421], [123.110662, 13.534421], [123.110662, 13.535499], [123.111201, 13.535499]]], [[[122.85033, 13.793136], [122.850869, 13.793136], [122.850869, 13.793675], [122.851947, 13.793675], [122.851947, 13.792597], [122.852486, 13.792597], [122.852486, 13.791519], [122.851947, 13.791519], [122.851947, 13.789902], [122.852486, 13.789902], [122.852486, 13.789363], [122.853025, 13.789363], [122.853025, 13.788285], [122.852486, 13.788285], [122.852486, 13.787746], [122.85033, 13.787746], [122.85033, 13.788285], [122.849252, 13.788285], [122.849252, 13.787746], [122.848713, 13.787746], [122.848713, 13.787207], [122.848174, 13.787207], [122.848174, 13.786668], [122.847635, 13.786668], [122.847635, 13.787207], [122.847096, 13.787207], [122.847096, 13.788285], [122.846557, 13.788285], [122.846557, 13.789363], [122.847096, 13.789363], [122.847096, 13.790441], [122.849252, 13.790441], [122.849252, 13.79098], [122.85033, 13.79098], [122.85033, 13.793136]]], [[[122.938724, 13.815774], [122.937646, 13.815774], [122.937646, 13.816313], [122.937107, 13.816313], [122.937107, 13.817391], [122.936568, 13.817391], [122.936568, 13.818469], [122.937107, 13.818469], [122.937107, 13.819008], [122.937646, 13.819008], [122.937646, 13.819547], [122.938185, 13.819547], [122.938185, 13.820625], [122.939802, 13.820625], [122.939802, 13.819008], [122.94088, 13.819008], [122.94088, 13.81793], [122.941419, 13.81793], [122.941419, 13.817391], [122.943036, 13.817391], [122.943036, 13.816852], [122.943575, 13.816852], [122.943575, 13.817391], [122.944114, 13.817391], [122.944114, 13.815774], [122.941419, 13.815774], [122.941419, 13.815235], [122.94088, 13.815235], [122.94088, 13.813618], [122.940341, 13.813618], [122.940341, 13.814696], [122.939802, 13.814696], [122.939802, 13.815235], [122.938724, 13.815235], [122.938724, 13.815774]]], [[[123.557484, 13.22073], [123.556406, 13.22073], [123.556406, 13.221269], [123.555867, 13.221269], [123.555867, 13.221808], [123.555328, 13.221808], [123.555328, 13.222347], [123.55425, 13.222347], [123.55425, 13.222886], [123.553172, 13.222886], [123.553172, 13.223425], [123.552094, 13.223425], [123.552094, 13.223964], [123.551555, 13.223964], [123.551555, 13.224503], [123.551016, 13.224503], [123.551016, 13.225042], [123.550477, 13.225042], [123.550477, 13.227198], [123.549399, 13.227198], [123.549399, 13.227737], [123.549938, 13.227737], [123.549938, 13.228276], [123.552633, 13.228276], [123.552633, 13.228815], [123.553711, 13.228815], [123.553711, 13.228276], [123.554789, 13.228276], [123.554789, 13.228815], [123.555328, 13.228815], [123.555328, 13.229354], [123.558023, 13.229354], [123.558023, 13.229893], [123.558562, 13.229893], [123.558562, 13.232049], [123.559101, 13.232049], [123.559101, 13.232588], [123.55964, 13.232588], [123.55964, 13.233127], [123.560179, 13.233127], [123.560179, 13.233666], [123.564491, 13.233666], [123.564491, 13.233127], [123.566108, 13.233127], [123.566108, 13.232588], [123.566647, 13.232588], [123.566647, 13.232049], [123.567186, 13.232049], [123.567186, 13.230432], [123.567725, 13.230432], [123.567725, 13.228276], [123.567186, 13.228276], [123.567186, 13.226659], [123.566647, 13.226659], [123.566647, 13.224503], [123.567186, 13.224503], [123.567186, 13.223964], [123.569881, 13.223964], [123.569881, 13.223425], [123.57042, 13.223425], [123.57042, 13.221808], [123.570959, 13.221808], [123.570959, 13.22073], [123.57042, 13.22073], [123.57042, 13.220191], [123.569881, 13.220191], [123.569881, 13.219652], [123.567725, 13.219652], [123.567725, 13.220191], [123.565569, 13.220191], [123.565569, 13.22073], [123.564491, 13.22073], [123.564491, 13.220191], [123.563413, 13.220191], [123.563413, 13.22073], [123.559101, 13.22073], [123.559101, 13.220191], [123.557484, 13.220191], [123.557484, 13.22073]]], [[[123.379618, 13.275707], [123.380157, 13.275707], [123.380157, 13.274629], [123.380695, 13.274629], [123.380695, 13.275168], [123.381773, 13.275168], [123.381773, 13.274629], [123.381234, 13.274629], [123.381234, 13.27409], [123.380157, 13.27409], [123.380157, 13.273012], [123.380695, 13.273012], [123.380695, 13.271395], [123.380157, 13.271395], [123.380157, 13.270317], [123.379618, 13.270317], [123.379618, 13.266005], [123.37854, 13.266005], [123.37854, 13.268161], [123.379079, 13.268161], [123.379079, 13.269778], [123.378001, 13.269778], [123.378001, 13.270317], [123.377462, 13.270317], [123.377462, 13.269778], [123.375845, 13.269778], [123.375845, 13.270856], [123.375306, 13.270856], [123.375306, 13.272473], [123.37315, 13.272473], [123.37315, 13.271934], [123.372611, 13.271934], [123.372611, 13.271395], [123.369916, 13.271395], [123.369916, 13.270856], [123.369377, 13.270856], [123.369377, 13.271395], [123.36776, 13.271395], [123.36776, 13.272473], [123.368838, 13.272473], [123.368838, 13.271934], [123.370455, 13.271934], [123.370455, 13.272473], [123.370994, 13.272473], [123.370994, 13.273012], [123.371533, 13.273012], [123.371533, 13.273551], [123.372072, 13.273551], [123.372072, 13.27409], [123.373689, 13.27409], [123.373689, 13.274629], [123.375306, 13.274629], [123.375306, 13.27409], [123.375845, 13.27409], [123.375845, 13.274629], [123.376384, 13.274629], [123.376384, 13.275168], [123.377462, 13.275168], [123.377462, 13.278941], [123.378001, 13.278941], [123.378001, 13.280019], [123.381773, 13.280019], [123.381773, 13.278941], [123.381234, 13.278941], [123.381234, 13.277324], [123.380695, 13.277324], [123.380695, 13.276246], [123.379079, 13.276246], [123.379079, 13.274629], [123.379618, 13.274629], [123.379618, 13.275707]]], [[[123.510592, 13.410993], [123.511131, 13.410993], [123.511131, 13.411532], [123.510592, 13.411532], [123.510592, 13.412071], [123.510053, 13.412071], [123.510053, 13.413149], [123.51167, 13.413149], [123.51167, 13.413688], [123.512748, 13.413688], [123.512748, 13.413149], [123.514365, 13.413149], [123.514365, 13.413688], [123.515982, 13.413688], [123.515982, 13.413149], [123.51706, 13.413149], [123.51706, 13.41261], [123.518138, 13.41261], [123.518138, 13.415305], [123.518677, 13.415305], [123.518677, 13.415844], [123.519216, 13.415844], [123.519216, 13.415305], [123.519755, 13.415305], [123.519755, 13.414766], [123.520294, 13.414766], [123.520294, 13.413688], [123.520833, 13.413688], [123.520833, 13.410454], [123.521372, 13.410454], [123.521372, 13.409915], [123.521911, 13.409915], [123.521911, 13.408298], [123.521372, 13.408298], [123.521372, 13.407759], [123.520294, 13.407759], [123.520294, 13.408298], [123.519755, 13.408298], [123.519755, 13.408837], [123.519216, 13.408837], [123.519216, 13.409915], [123.518677, 13.409915], [123.518677, 13.410454], [123.516521, 13.410454], [123.516521, 13.408298], [123.515982, 13.408298], [123.515982, 13.407759], [123.515443, 13.407759], [123.515443, 13.40722], [123.513287, 13.40722], [123.513287, 13.408298], [123.512748, 13.408298], [123.512748, 13.408837], [123.512209, 13.408837], [123.512209, 13.408298], [123.51167, 13.408298], [123.51167, 13.407759], [123.511131, 13.407759], [123.511131, 13.408298], [123.510592, 13.408298], [123.510592, 13.410993]]], [[[123.501429, 13.415305], [123.501968, 13.415305], [123.501968, 13.416383], [123.502507, 13.416383], [123.502507, 13.417461], [123.503046, 13.417461], [123.503046, 13.418], [123.50628, 13.418], [123.50628, 13.417461], [123.506819, 13.417461], [123.506819, 13.416383], [123.50628, 13.416383], [123.50628, 13.413688], [123.505741, 13.413688], [123.505741, 13.41261], [123.50628, 13.41261], [123.50628, 13.410993], [123.506819, 13.410993], [123.506819, 13.409915], [123.505741, 13.409915], [123.505741, 13.409376], [123.504124, 13.409376], [123.504124, 13.409915], [123.503585, 13.409915], [123.503585, 13.410993], [123.503046, 13.410993], [123.503046, 13.41261], [123.502507, 13.41261], [123.502507, 13.413149], [123.501968, 13.413149], [123.501968, 13.413688], [123.501429, 13.413688], [123.501429, 13.415305]]], [[[123.190432, 13.48699], [123.190432, 13.488068], [123.189893, 13.488068], [123.189893, 13.489146], [123.189354, 13.489146], [123.189354, 13.49238], [123.188815, 13.49238], [123.188815, 13.496153], [123.188276, 13.496153], [123.188276, 13.495614], [123.187737, 13.495614], [123.187737, 13.496692], [123.189354, 13.496692], [123.189354, 13.496153], [123.189893, 13.496153], [123.189893, 13.496692], [123.19151, 13.496692], [123.19151, 13.495614], [123.190432, 13.495614], [123.190432, 13.495075], [123.189893, 13.495075], [123.189893, 13.493997], [123.190432, 13.493997], [123.190432, 13.493458], [123.19151, 13.493458], [123.19151, 13.492919], [123.192588, 13.492919], [123.192588, 13.493458], [123.193127, 13.493458], [123.193127, 13.495614], [123.193666, 13.495614], [123.193666, 13.495075], [123.195283, 13.495075], [123.195283, 13.495614], [123.195822, 13.495614], [123.195822, 13.495075], [123.196361, 13.495075], [123.196361, 13.494536], [123.1969, 13.494536], [123.1969, 13.493997], [123.197439, 13.493997], [123.197439, 13.493458], [123.198517, 13.493458], [123.198517, 13.492919], [123.199056, 13.492919], [123.199056, 13.491841], [123.197978, 13.491841], [123.197978, 13.49238], [123.197439, 13.49238], [123.197439, 13.492919], [123.1969, 13.492919], [123.1969, 13.493458], [123.196361, 13.493458], [123.196361, 13.493997], [123.195822, 13.493997], [123.195822, 13.494536], [123.194744, 13.494536], [123.194744, 13.493458], [123.195283, 13.493458], [123.195283, 13.49238], [123.194744, 13.49238], [123.194744, 13.491302], [123.195822, 13.491302], [123.195822, 13.490763], [123.197439, 13.490763], [123.197439, 13.490224], [123.198517, 13.490224], [123.198517, 13.489685], [123.199595, 13.489685], [123.199595, 13.489146], [123.199056, 13.489146], [123.199056, 13.488068], [123.197978, 13.488068], [123.197978, 13.489146], [123.195822, 13.489146], [123.195822, 13.488068], [123.195283, 13.488068], [123.195283, 13.487529], [123.194744, 13.487529], [123.194744, 13.48699], [123.194205, 13.48699], [123.194205, 13.486451], [123.193127, 13.486451], [123.193127, 13.487529], [123.192588, 13.487529], [123.192588, 13.488607], [123.192049, 13.488607], [123.192049, 13.489146], [123.190971, 13.489146], [123.190971, 13.488607], [123.19151, 13.488607], [123.19151, 13.48699], [123.190432, 13.48699]]], [[[123.37315, 13.533344], [123.37315, 13.533883], [123.370994, 13.533883], [123.370994, 13.53496], [123.371533, 13.53496], [123.371533, 13.536038], [123.37315, 13.536038], [123.37315, 13.535499], [123.375845, 13.535499], [123.375845, 13.53496], [123.376384, 13.53496], [123.376384, 13.534421], [123.376923, 13.534421], [123.376923, 13.532805], [123.376384, 13.532805], [123.376384, 13.532266], [123.375845, 13.532266], [123.375845, 13.531727], [123.375306, 13.531727], [123.375306, 13.531188], [123.374767, 13.531188], [123.374767, 13.530649], [123.373689, 13.530649], [123.373689, 13.53011], [123.37315, 13.53011], [123.37315, 13.530649], [123.372611, 13.530649], [123.372611, 13.531188], [123.372072, 13.531188], [123.372072, 13.531727], [123.371533, 13.531727], [123.371533, 13.532266], [123.372072, 13.532266], [123.372072, 13.532805], [123.372611, 13.532805], [123.372611, 13.533344], [123.37315, 13.533344]]]]}}, {"type": "Feature", "properties": {"area_id": "bicol-river-basin__down", "name": "Bicol River Basin (downstream)", "study_type": "river_basin", "zone": "down", "area_ha": 158123.8, "version": 1}, "geometry": {"type": "MultiPolygon", "coordinates": [[[[123.318173, 13.275707], [123.318173, 13.275168], [123.31979, 13.275168], [123.31979, 13.275707], [123.320329, 13.275707], [123.320329, 13.276785], [123.320868, 13.276785], [123.320868, 13.277324], [123.321407, 13.277324], [123.321407, 13.278402], [123.321946, 13.278402], [123.321946, 13.27948], [123.322485, 13.27948], [123.322485, 13.280558], [123.32518, 13.280558], [123.32518, 13.27948], [123.325719, 13.27948], [123.325719, 13.278941], [123.327875, 13.278941], [123.327875, 13.27948], [123.328953, 13.27948], [123.328953, 13.277863], [123.328414, 13.277863], [123.328414, 13.276246], [123.327875, 13.276246], [123.327875, 13.275707], [123.327336, 13.275707], [123.327336, 13.274629], [123.328953, 13.274629], [123.328953, 13.27409], [123.330031, 13.27409], [123.330031, 13.273551], [123.332186, 13.273551], [123.332186, 13.273012], [123.332725, 13.273012], [123.332725, 13.272473], [123.332186, 13.272473], [123.332186, 13.271934], [123.33057, 13.271934], [123.33057, 13.272473], [123.329492, 13.272473], [123.329492, 13.273012], [123.327875, 13.273012], [123.327875, 13.272473], [123.326258, 13.272473], [123.326258, 13.273551], [123.32518, 13.273551], [123.32518, 13.27409], [123.324641, 13.27409], [123.324641, 13.273551], [123.322485, 13.273551], [123.322485, 13.272473], [123.321946, 13.272473], [123.321946, 13.270856], [123.321407, 13.270856], [123.321407, 13.270317], [123.320868, 13.270317], [123.320868, 13.270856], [123.319251, 13.270856], [123.319251, 13.270561], [123.317273, 13.272826], [123.316863, 13.275707], [123.317095, 13.275707], [123.317095, 13.276246], [123.317634, 13.276246], [123.317634, 13.275707], [123.318173, 13.275707]]], [[[123.118208, 13.527415], [123.118208, 13.526876], [123.116591, 13.526876], [123.116591, 13.529032], [123.116052, 13.529032], [123.116052, 13.529571], [123.114435, 13.529571], [123.114435, 13.53011], [123.113896, 13.53011], [123.113896, 13.530649], [123.112279, 13.530649], [123.112279, 13.529571], [123.112818, 13.529571], [123.112818, 13.528493], [123.111201, 13.528493], [123.111201, 13.528134], [123.110581, 13.528636], [123.106086, 13.529697], [123.103259, 13.532266], [123.103655, 13.532266], [123.103655, 13.533883], [123.104194, 13.533883], [123.104194, 13.53496], [123.103655, 13.53496], [123.103655, 13.535499], [123.102038, 13.535499], [123.102038, 13.536038], [123.101499, 13.536038], [123.101499, 13.536577], [123.100421, 13.536577], [123.100421, 13.539272], [123.099882, 13.539272], [123.099882, 13.539811], [123.098804, 13.539811], [123.098804, 13.54035], [123.097187, 13.54035], [123.097187, 13.539811], [123.095031, 13.539811], [123.095031, 13.54035], [123.094492, 13.54035], [123.094492, 13.541428], [123.093953, 13.541428], [123.093953, 13.541967], [123.093414, 13.541967], [123.093414, 13.543045], [123.092875, 13.543045], [123.092875, 13.543584], [123.092336, 13.543584], [123.092336, 13.544662], [123.092875, 13.544662], [123.092875, 13.545201], [123.092336, 13.545201], [123.092336, 13.54574], [123.091797, 13.54574], [123.091797, 13.546279], [123.091258, 13.546279], [123.091258, 13.546818], [123.09018, 13.546818], [123.09018, 13.547357], [123.089102, 13.547357], [123.089102, 13.547896], [123.088024, 13.547896], [123.088024, 13.548435], [123.087131, 13.548435], [123.0875, 13.55], [123.086934, 13.556376], [123.075568, 13.568621], [123.07415, 13.57415], [123.068621, 13.575568], [123.059252, 13.583916], [123.057482, 13.590814], [123.051957, 13.592232], [123.048042, 13.595264], [123.043288, 13.596023], [123.043288, 13.596944], [123.043827, 13.596944], [123.043827, 13.597483], [123.044366, 13.597483], [123.044366, 13.598022], [123.043288, 13.598022], [123.043288, 13.597483], [123.041671, 13.597483], [123.041671, 13.598022], [123.041132, 13.598022], [123.041132, 13.599639], [123.040593, 13.599639], [123.040593, 13.600178], [123.041132, 13.600178], [123.041132, 13.600717], [123.040054, 13.600717], [123.040054, 13.601256], [123.039515, 13.601256], [123.039515, 13.600717], [123.038976, 13.600717], [123.038976, 13.601256], [123.038437, 13.601256], [123.038437, 13.602334], [123.037898, 13.602334], [123.037898, 13.603412], [123.038437, 13.603412], [123.038437, 13.603951], [123.03682, 13.603951], [123.03682, 13.603412], [123.034664, 13.603412], [123.034664, 13.602873], [123.034125, 13.602873], [123.034125, 13.602334], [123.033047, 13.602334], [123.033047, 13.601795], [123.032508, 13.601795], [123.032508, 13.598561], [123.03197, 13.598561], [123.03197, 13.597483], [123.031431, 13.597483], [123.031431, 13.596944], [123.030892, 13.596944], [123.030892, 13.597483], [123.029275, 13.597483], [123.029275, 13.596944], [123.028736, 13.596944], [123.028736, 13.594249], [123.029275, 13.594249], [123.029275, 13.59371], [123.029814, 13.59371], [123.029814, 13.593171], [123.03197, 13.593171], [123.03197, 13.592632], [123.033047, 13.592632], [123.033047, 13.592093], [123.033135, 13.592093], [123.030618, 13.591948], [123.027119, 13.591746], [123.027119, 13.592632], [123.024963, 13.592632], [123.024963, 13.59371], [123.024424, 13.59371], [123.024424, 13.594249], [123.023885, 13.594249], [123.023885, 13.594788], [123.023346, 13.594788], [123.023346, 13.595327], [123.022807, 13.595327], [123.022807, 13.595866], [123.022268, 13.595866], [123.022268, 13.596405], [123.02119, 13.596405], [123.02119, 13.596944], [123.020112, 13.596944], [123.020112, 13.597483], [123.019034, 13.597483], [123.019034, 13.598561], [123.019573, 13.598561], [123.019573, 13.598022], [123.020651, 13.598022], [123.020651, 13.598561], [123.02119, 13.598561], [123.02119, 13.5991], [123.021729, 13.5991], [123.021729, 13.599639], [123.022268, 13.599639], [123.022268, 13.600178], [123.026041, 13.600178], [123.026041, 13.599639], [123.027119, 13.599639], [123.027119, 13.600178], [123.027658, 13.600178], [123.027658, 13.600717], [123.028197, 13.600717], [123.028197, 13.601256], [123.028736, 13.601256], [123.028736, 13.601795], [123.030353, 13.601795], [123.030353, 13.602334], [123.030892, 13.602334], [123.030892, 13.602873], [123.031431, 13.602873], [123.031431, 13.603412], [123.032508, 13.603412], [123.032508, 13.603951], [123.034125, 13.603951], [123.034125, 13.60449], [123.034664, 13.60449], [123.034664, 13.605029], [123.035203, 13.605029], [123.035203, 13.605568], [123.034664, 13.605568], [123.034664, 13.606107], [123.034125, 13.606107], [123.034125, 13.607724], [123.033586, 13.607724], [123.033586, 13.608263], [123.032508, 13.608263], [123.032508, 13.608802], [123.030892, 13.608802], [123.030892, 13.609341], [123.030353, 13.609341], [123.030353, 13.60988], [123.029814, 13.60988], [123.029814, 13.611497], [123.031431, 13.611497], [123.031431, 13.612575], [123.030892, 13.612575], [123.030892, 13.613114], [123.030353, 13.613114], [123.030353, 13.613653], [123.029814, 13.613653], [123.029814, 13.614192], [123.029275, 13.614192], [123.029275, 13.614731], [123.028736, 13.614731], [123.028736, 13.613653], [123.029275, 13.613653], [123.029275, 13.612575], [123.02658, 13.612575], [123.02658, 13.613114], [123.025502, 13.613114], [123.025502, 13.613653], [123.024963, 13.613653], [123.024963, 13.614192], [123.025502, 13.614192], [123.025502, 13.615809], [123.022807, 13.615809], [123.022807, 13.616348], [123.023346, 13.616348], [123.023346, 13.616887], [123.023885, 13.616887], [123.023885, 13.618504], [123.023346, 13.618504], [123.023346, 13.619582], [123.022807, 13.619582], [123.022807, 13.62066], [123.022268, 13.62066], [123.022268, 13.621199], [123.021729, 13.621199], [123.021729, 13.621738], [123.02119, 13.621738], [123.02119, 13.622277], [123.020651, 13.622277], [123.020651, 13.622816], [123.020112, 13.622816], [123.020112, 13.623355], [123.019573, 13.623355], [123.019573, 13.623894], [123.018495, 13.623894], [123.018495, 13.624433], [123.017956, 13.624433], [123.017956, 13.624972], [123.017417, 13.624972], [123.017417, 13.625511], [123.016878, 13.625511], [123.016878, 13.62605], [123.016339, 13.62605], [123.016339, 13.627667], [123.013644, 13.627667], [123.013644, 13.628206], [123.011488, 13.628206], [123.011488, 13.628745], [123.010949, 13.628745], [123.010949, 13.630362], [123.01041, 13.630362], [123.01041, 13.630901], [123.009871, 13.630901], [123.009871, 13.63144], [123.008793, 13.63144], [123.008793, 13.631979], [123.008254, 13.631979], [123.008254, 13.633057], [123.007715, 13.633057], [123.007715, 13.635212], [123.007176, 13.635212], [123.007176, 13.635751], [123.006637, 13.635751], [123.006637, 13.63629], [123.004481, 13.63629], [123.004481, 13.636829], [123.003942, 13.636829], [123.003942, 13.637368], [123.003403, 13.637368], [123.003403, 13.638446], [123.002864, 13.638446], [123.002864, 13.638985], [123.001786, 13.638985], [123.001786, 13.639524], [123.000708, 13.639524], [123.000708, 13.640063], [123.000169, 13.640063], [123.000169, 13.641141], [123.001786, 13.641141], [123.001786, 13.64168], [123.002325, 13.64168], [123.002325, 13.642219], [123.001786, 13.642219], [123.001786, 13.642758], [122.99963, 13.642758], [122.99963, 13.642219], [122.998552, 13.642219], [122.998552, 13.643836], [122.999091, 13.643836], [122.999091, 13.644375], [122.99963, 13.644375], [122.99963, 13.644914], [122.996935, 13.644914], [122.996935, 13.645453], [122.996396, 13.645453], [122.996396, 13.64707], [122.995857, 13.64707], [122.995857, 13.647609], [122.99424, 13.647609], [122.99424, 13.648148], [122.993701, 13.648148], [122.993701, 13.648687], [122.993162, 13.648687], [122.993162, 13.649226], [122.992623, 13.649226], [122.992623, 13.649765], [122.991006, 13.649765], [122.991006, 13.650843], [122.992623, 13.650843], [122.992623, 13.650304], [122.994779, 13.650304], [122.994779, 13.649765], [122.997474, 13.649765], [122.997474, 13.649226], [122.999091, 13.649226], [122.999091, 13.648687], [122.99963, 13.648687], [122.99963, 13.648148], [123.001786, 13.648148], [123.001786, 13.649226], [123.002325, 13.649226], [123.002325, 13.650304], [123.001786, 13.650304], [123.001786, 13.650843], [123.000169, 13.650843], [123.000169, 13.651382], [122.99963, 13.651382], [122.99963, 13.651921], [122.997474, 13.651921], [122.997474, 13.65246], [122.996935, 13.65246], [122.996935, 13.652999], [122.996396, 13.652999], [122.996396, 13.653538], [122.995857, 13.653538], [122.995857, 13.654077], [122.995318, 13.654077], [122.995318, 13.654616], [122.994779, 13.654616], [122.994779, 13.655155], [122.99424, 13.655155], [122.99424, 13.654616], [122.993701, 13.654616], [122.993701, 13.654077], [122.992623, 13.654077], [122.992623, 13.654616], [122.992084, 13.654616], [122.992084, 13.655155], [122.992623, 13.655155], [122.992623, 13.656233], [122.991545, 13.656233], [122.991545, 13.655694], [122.991006, 13.655694], [122.991006, 13.655155], [122.990467, 13.655155], [122.990467, 13.654616], [122.989928, 13.654616], [122.989928, 13.654077], [122.989389, 13.654077], [122.989389, 13.654616], [122.98885, 13.654616], [122.98885, 13.655155], [122.988311, 13.655155], [122.988311, 13.655694], [122.987772, 13.655694], [122.987772, 13.656233], [122.987233, 13.656233], [122.987233, 13.656772], [122.986694, 13.656772], [122.986694, 13.657311], [122.985616, 13.657311], [122.985616, 13.656772], [122.985077, 13.656772], [122.985077, 13.656233], [122.983999, 13.656233], [122.983999, 13.657311], [122.982921, 13.657311], [122.982921, 13.658389], [122.982382, 13.658389], [122.982382, 13.659467], [122.981844, 13.659467], [122.981844, 13.660545], [122.981305, 13.660545], [122.981305, 13.661623], [122.980766, 13.661623], [122.980766, 13.662162], [122.980227, 13.662162], [122.980227, 13.662701], [122.979688, 13.662701], [122.979688, 13.66324], [122.97861, 13.66324], [122.97861, 13.663779], [122.976993, 13.663779], [122.976993, 13.66324], [122.975376, 13.66324], [122.975376, 13.662701], [122.974298, 13.662701], [122.974298, 13.663779], [122.973759, 13.663779], [122.973759, 13.665935], [122.974298, 13.665935], [122.974298, 13.666474], [122.977532, 13.666474], [122.977532, 13.667013], [122.978071, 13.667013], [122.978071, 13.667552], [122.97861, 13.667552], [122.97861, 13.668091], [122.979149, 13.668091], [122.979149, 13.669169], [122.979688, 13.669169], [122.979688, 13.669708], [122.980227, 13.669708], [122.980227, 13.670247], [122.980766, 13.670247], [122.980766, 13.676715], [122.985077, 13.676715], [122.985077, 13.676176], [122.985616, 13.676176], [122.985616, 13.675637], [122.986694, 13.675637], [122.986694, 13.677254], [122.987233, 13.677254], [122.987233, 13.677793], [122.986694, 13.677793], [122.986694, 13.680488], [122.986155, 13.680488], [122.986155, 13.682105], [122.986694, 13.682105], [122.986694, 13.682644], [122.987233, 13.682644], [122.987233, 13.683721], [122.986694, 13.683721], [122.986694, 13.68426], [122.986155, 13.68426], [122.986155, 13.686416], [122.986694, 13.686416], [122.986694, 13.689111], [122.986155, 13.689111], [122.986155, 13.68965], [122.985616, 13.68965], [122.985616, 13.693423], [122.985077, 13.693423], [122.985077, 13.693962], [122.984538, 13.693962], [122.984538, 13.696657], [122.985077, 13.696657], [122.985077, 13.697735], [122.984538, 13.697735], [122.984538, 13.699352], [122.983999, 13.699352], [122.983999, 13.70043], [122.984538, 13.70043], [122.984538, 13.700969], [122.985616, 13.700969], [122.985616, 13.699891], [122.986155, 13.699891], [122.986155, 13.699352], [122.986694, 13.699352], [122.986694, 13.697196], [122.987772, 13.697196], [122.987772, 13.697735], [122.987233, 13.697735], [122.987233, 13.699891], [122.986694, 13.699891], [122.986694, 13.701508], [122.985616, 13.701508], [122.985616, 13.702047], [122.984538, 13.702047], [122.984538, 13.702586], [122.983999, 13.702586], [122.983999, 13.702047], [122.982382, 13.702047], [122.982382, 13.702586], [122.981844, 13.702586], [122.981844, 13.704742], [122.981305, 13.704742], [122.981305, 13.706359], [122.980766, 13.706359], [122.980766, 13.706898], [122.980227, 13.706898], [122.980227, 13.707437], [122.977532, 13.707437], [122.977532, 13.707976], [122.976454, 13.707976], [122.976454, 13.708515], [122.975376, 13.708515], [122.975376, 13.71121], [122.974298, 13.71121], [122.974298, 13.710671], [122.97322, 13.710671], [122.97322, 13.71121], [122.972681, 13.71121], [122.972681, 13.712827], [122.97322, 13.712827], [122.97322, 13.7166], [122.972681, 13.7166], [122.972681, 13.717678], [122.973759, 13.717678], [122.973759, 13.717139], [122.974837, 13.717139], [122.974837, 13.716061], [122.976454, 13.716061], [122.976454, 13.715522], [122.976993, 13.715522], [122.976993, 13.714983], [122.979688, 13.714983], [122.979688, 13.714444], [122.980766, 13.714444], [122.980766, 13.713905], [122.981844, 13.713905], [122.981844, 13.714444], [122.982382, 13.714444], [122.982382, 13.714983], [122.981844, 13.714983], [122.981844, 13.715522], [122.981305, 13.715522], [122.981305, 13.716061], [122.980227, 13.716061], [122.980227, 13.7166], [122.97861, 13.7166], [122.97861, 13.716061], [122.977532, 13.716061], [122.977532, 13.717139], [122.978071, 13.717139], [122.978071, 13.717678], [122.97861, 13.717678], [122.97861, 13.719834], [122.977532, 13.719834], [122.977532, 13.718217], [122.976993, 13.718217], [122.976993, 13.717678], [122.975376, 13.717678], [122.975376, 13.719295], [122.974298, 13.719295], [122.974298, 13.721451], [122.973759, 13.721451], [122.973759, 13.72199], [122.972681, 13.72199], [122.972681, 13.720912], [122.972142, 13.720912], [122.972142, 13.720373], [122.971603, 13.720373], [122.971603, 13.721451], [122.971064, 13.721451], [122.971064, 13.72199], [122.970525, 13.72199], [122.970525, 13.721451], [122.969986, 13.721451], [122.969986, 13.720912], [122.968369, 13.720912], [122.968369, 13.721451], [122.96783, 13.721451], [122.96783, 13.722529], [122.968369, 13.722529], [122.968369, 13.723068], [122.969986, 13.723068], [122.969986, 13.723607], [122.969447, 13.723607], [122.969447, 13.724146], [122.967291, 13.724146], [122.967291, 13.725224], [122.96783, 13.725224], [122.96783, 13.726302], [122.967291, 13.726302], [122.967291, 13.726841], [122.966213, 13.726841], [122.966213, 13.726302], [122.965674, 13.726302], [122.965674, 13.725763], [122.964596, 13.725763], [122.964596, 13.726302], [122.963518, 13.726302], [122.963518, 13.726841], [122.962979, 13.726841], [122.962979, 13.72738], [122.961901, 13.72738], [122.961901, 13.726841], [122.961362, 13.726841], [122.961362, 13.726302], [122.959745, 13.726302], [122.959745, 13.726841], [122.958128, 13.726841], [122.958128, 13.726302], [122.957589, 13.726302], [122.957589, 13.725763], [122.95705, 13.725763], [122.95705, 13.725224], [122.955972, 13.725224], [122.955972, 13.725763], [122.955433, 13.725763], [122.955433, 13.726841], [122.954894, 13.726841], [122.954894, 13.726302], [122.953816, 13.726302], [122.953816, 13.725763], [122.953277, 13.725763], [122.953277, 13.726302], [122.952738, 13.726302], [122.952738, 13.728458], [122.952199, 13.728458], [122.952199, 13.728997], [122.952738, 13.728997], [122.952738, 13.730075], [122.953816, 13.730075], [122.953816, 13.730614], [122.954355, 13.730614], [122.954355, 13.731153], [122.954894, 13.731153], [122.954894, 13.731692], [122.955433, 13.731692], [122.955433, 13.73277], [122.955972, 13.73277], [122.955972, 13.733308], [122.956511, 13.733308], [122.956511, 13.733847], [122.95705, 13.733847], [122.95705, 13.734386], [122.956511, 13.734386], [122.956511, 13.735464], [122.955972, 13.735464], [122.955972, 13.736003], [122.956511, 13.736003], [122.956511, 13.738159], [122.95705, 13.738159], [122.95705, 13.739237], [122.956511, 13.739237], [122.956511, 13.740854], [122.95705, 13.740854], [122.95705, 13.741393], [122.957589, 13.741393], [122.957589, 13.740854], [122.958128, 13.740854], [122.958128, 13.740315], [122.958667, 13.740315], [122.958667, 13.739776], [122.959206, 13.739776], [122.959206, 13.739237], [122.959745, 13.739237], [122.959745, 13.738698], [122.960823, 13.738698], [122.960823, 13.739237], [122.961901, 13.739237], [122.961901, 13.738698], [122.962979, 13.738698], [122.962979, 13.738159], [122.964596, 13.738159], [122.964596, 13.73762], [122.967291, 13.73762], [122.967291, 13.737081], [122.968369, 13.737081], [122.968369, 13.736542], [122.969447, 13.736542], [122.969447, 13.737081], [122.970525, 13.737081], [122.970525, 13.73762], [122.969986, 13.73762], [122.969986, 13.738159], [122.968369, 13.738159], [122.968369, 13.738698], [122.964057, 13.738698], [122.964057, 13.739237], [122.963518, 13.739237], [122.963518, 13.739776], [122.961362, 13.739776], [122.961362, 13.740315], [122.960284, 13.740315], [122.960284, 13.740854], [122.959745, 13.740854], [122.959745, 13.741393], [122.959206, 13.741393], [122.959206, 13.744088], [122.959745, 13.744088], [122.959745, 13.744627], [122.960284, 13.744627], [122.960284, 13.745166], [122.959745, 13.745166], [122.959745, 13.745705], [122.959206, 13.745705], [122.959206, 13.746783], [122.959745, 13.746783], [122.959745, 13.747322], [122.960284, 13.747322], [122.960284, 13.746783], [122.961362, 13.746783], [122.961362, 13.746244], [122.961901, 13.746244], [122.961901, 13.750017], [122.96244, 13.750017], [122.96244, 13.750556], [122.962979, 13.750556], [122.962979, 13.751095], [122.963518, 13.751095], [122.963518, 13.752712], [122.961362, 13.752712], [122.961362, 13.752173], [122.960284, 13.752173], [122.960284, 13.752712], [122.959745, 13.752712], [122.959745, 13.75379], [122.959206, 13.75379], [122.959206, 13.754868], [122.958667, 13.754868], [122.958667, 13.755946], [122.959206, 13.755946], [122.959206, 13.757024], [122.95705, 13.757024], [122.95705, 13.757563], [122.956511, 13.757563], [122.956511, 13.758102], [122.957589, 13.758102], [122.957589, 13.758641], [122.954894, 13.758641], [122.954894, 13.75918], [122.954355, 13.75918], [122.954355, 13.758641], [122.953816, 13.758641], [122.953816, 13.75918], [122.953277, 13.75918], [122.953277, 13.758641], [122.952738, 13.758641], [122.952738, 13.760258], [122.952199, 13.760258], [122.952199, 13.761336], [122.952738, 13.761336], [122.952738, 13.762414], [122.952199, 13.762414], [122.952199, 13.763492], [122.95166, 13.763492], [122.95166, 13.764031], [122.951121, 13.764031], [122.951121, 13.765648], [122.950043, 13.765648], [122.950043, 13.766187], [122.949504, 13.766187], [122.949504, 13.767265], [122.947887, 13.767265], [122.947887, 13.768343], [122.947348, 13.768343], [122.947348, 13.768882], [122.946809, 13.768882], [122.946809, 13.769421], [122.94627, 13.769421], [122.94627, 13.76996], [122.945731, 13.76996], [122.945731, 13.770499], [122.944653, 13.770499], [122.944653, 13.771038], [122.945192, 13.771038], [122.945192, 13.772116], [122.944653, 13.772116], [122.944653, 13.772655], [122.944114, 13.772655], [122.944114, 13.773194], [122.943036, 13.773194], [122.943036, 13.773733], [122.942497, 13.773733], [122.942497, 13.774272], [122.941958, 13.774272], [122.941958, 13.774811], [122.941419, 13.774811], [122.941419, 13.77535], [122.941958, 13.77535], [122.941958, 13.775889], [122.942497, 13.775889], [122.942497, 13.776428], [122.943036, 13.776428], [122.943036, 13.776967], [122.944653, 13.776967], [122.944653, 13.777506], [122.942497, 13.777506], [122.942497, 13.778045], [122.941958, 13.778045], [122.941958, 13.779123], [122.943036, 13.779123], [122.943036, 13.779662], [122.945731, 13.779662], [122.945731, 13.78074], [122.945192, 13.78074], [122.945192, 13.781279], [122.942497, 13.781279], [122.942497, 13.781818], [122.94088, 13.781818], [122.94088, 13.781279], [122.939802, 13.781279], [122.939802, 13.78074], [122.939263, 13.78074], [122.939263, 13.780201], [122.938185, 13.780201], [122.938185, 13.779662], [122.937646, 13.779662], [122.937646, 13.779123], [122.937107, 13.779123], [122.937107, 13.778584], [122.93549, 13.778584], [122.93549, 13.778045], [122.934412, 13.778045], [122.934412, 13.777506], [122.933873, 13.777506], [122.933873, 13.776967], [122.933334, 13.776967], [122.933334, 13.77535], [122.932795, 13.77535], [122.932795, 13.774272], [122.932257, 13.774272], [122.932257, 13.772655], [122.932795, 13.772655], [122.932795, 13.773194], [122.933334, 13.773194], [122.933334, 13.773733], [122.933873, 13.773733], [122.933873, 13.774272], [122.934412, 13.774272], [122.934412, 13.77535], [122.933873, 13.77535], [122.933873, 13.775889], [122.934412, 13.775889], [122.934412, 13.776428], [122.934951, 13.776428], [122.934951, 13.776967], [122.937107, 13.776967], [122.937107, 13.776428], [122.939263, 13.776428], [122.939263, 13.775889], [122.939802, 13.775889], [122.939802, 13.77535], [122.940341, 13.77535], [122.940341, 13.774272], [122.939802, 13.774272], [122.939802, 13.773733], [122.937107, 13.773733], [122.937107, 13.774272], [122.934951, 13.774272], [122.934951, 13.772655], [122.934412, 13.772655], [122.934412, 13.772116], [122.933873, 13.772116], [122.933873, 13.769421], [122.933334, 13.769421], [122.933334, 13.768882], [122.931718, 13.768882], [122.931718, 13.768343], [122.932257, 13.768343], [122.932257, 13.767804], [122.932795, 13.767804], [122.932795, 13.766187], [122.933873, 13.766187], [122.933873, 13.765648], [122.934412, 13.765648], [122.934412, 13.765109], [122.934951, 13.765109], [122.934951, 13.76457], [122.934412, 13.76457], [122.934412, 13.764031], [122.933873, 13.764031], [122.933873, 13.762953], [122.933334, 13.762953], [122.933334, 13.762414], [122.932795, 13.762414], [122.932795, 13.762953], [122.932257, 13.762953], [122.932257, 13.763492], [122.932795, 13.763492], [122.932795, 13.76457], [122.931718, 13.76457], [122.931718, 13.764031], [122.931179, 13.764031], [122.931179, 13.763492], [122.93064, 13.763492], [122.93064, 13.761875], [122.931179, 13.761875], [122.931179, 13.760258], [122.931718, 13.760258], [122.931718, 13.75918], [122.932257, 13.75918], [122.932257, 13.757563], [122.932795, 13.757563], [122.932795, 13.756485], [122.933334, 13.756485], [122.933334, 13.755946], [122.933873, 13.755946], [122.933873, 13.755407], [122.934412, 13.755407], [122.934412, 13.754329], [122.934951, 13.754329], [122.934951, 13.75379], [122.93549, 13.75379], [122.93549, 13.753251], [122.936029, 13.753251], [122.936029, 13.751095], [122.93549, 13.751095], [122.93549, 13.750556], [122.931718, 13.750556], [122.931718, 13.750017], [122.931179, 13.750017], [122.931179, 13.751095], [122.93064, 13.751095], [122.93064, 13.750556], [122.930101, 13.750556], [122.930101, 13.751095], [122.929562, 13.751095], [122.929562, 13.749478], [122.927406, 13.749478], [122.927406, 13.747861], [122.927945, 13.747861], [122.927945, 13.746783], [122.928484, 13.746783], [122.928484, 13.745705], [122.927945, 13.745705], [122.927945, 13.743549], [122.927406, 13.743549], [122.927406, 13.74301], [122.925789, 13.74301], [122.925789, 13.743549], [122.924711, 13.743549], [122.924711, 13.74301], [122.924172, 13.74301], [122.924172, 13.742471], [122.923633, 13.742471], [122.923633, 13.74301], [122.923094, 13.74301], [122.923094, 13.745166], [122.922016, 13.745166], [122.922016, 13.744627], [122.921477, 13.744627], [122.921477, 13.74301], [122.920399, 13.74301], [122.920399, 13.743549], [122.91986, 13.743549], [122.91986, 13.744088], [122.919321, 13.744088], [122.919321, 13.743549], [122.918243, 13.743549], [122.918243, 13.744627], [122.919321, 13.744627], [122.919321, 13.745166], [122.91986, 13.745166], [122.91986, 13.745705], [122.920399, 13.745705], [122.920399, 13.747322], [122.920938, 13.747322], [122.920938, 13.747861], [122.921477, 13.747861], [122.921477, 13.7484], [122.922016, 13.7484], [122.922016, 13.748939], [122.922555, 13.748939], [122.922555, 13.749478], [122.923094, 13.749478], [122.923094, 13.750017], [122.923633, 13.750017], [122.923633, 13.750556], [122.924711, 13.750556], [122.924711, 13.751095], [122.92525, 13.751095], [122.92525, 13.751634], [122.925789, 13.751634], [122.925789, 13.754329], [122.926328, 13.754329], [122.926328, 13.754868], [122.925789, 13.754868], [122.925789, 13.755946], [122.924711, 13.755946], [122.924711, 13.755407], [122.924172, 13.755407], [122.924172, 13.755946], [122.923633, 13.755946], [122.923633, 13.758102], [122.923094, 13.758102], [122.923094, 13.759719], [122.922555, 13.759719], [122.922555, 13.760258], [122.922016, 13.760258], [122.922016, 13.760797], [122.921477, 13.760797], [122.921477, 13.761336], [122.920938, 13.761336], [122.920938, 13.762414], [122.920399, 13.762414], [122.920399, 13.762953], [122.91986, 13.762953], [122.91986, 13.763492], [122.918782, 13.763492], [122.918782, 13.764031], [122.917165, 13.764031], [122.917165, 13.76457], [122.916087, 13.76457], [122.916087, 13.765109], [122.911236, 13.765109], [122.911236, 13.765648], [122.907463, 13.765648], [122.907463, 13.765109], [122.906924, 13.765109], [122.906924, 13.76457], [122.905307, 13.76457], [122.905307, 13.765109], [122.904229, 13.765109], [122.904229, 13.765648], [122.90369, 13.765648], [122.90369, 13.765109], [122.903151, 13.765109], [122.903151, 13.76457], [122.902612, 13.76457], [122.902612, 13.764031], [122.902073, 13.764031], [122.902073, 13.763492], [122.900995, 13.763492], [122.900995, 13.762953], [122.900456, 13.762953], [122.900456, 13.762414], [122.898839, 13.762414], [122.898839, 13.761875], [122.8983, 13.761875], [122.8983, 13.761336], [122.898839, 13.761336], [122.898839, 13.760797], [122.8983, 13.760797], [122.8983, 13.760258], [122.897222, 13.760258], [122.897222, 13.759719], [122.896144, 13.759719], [122.896144, 13.75918], [122.894527, 13.75918], [122.894527, 13.758641], [122.893449, 13.758641], [122.893449, 13.758102], [122.892371, 13.758102], [122.892371, 13.757024], [122.889676, 13.757024], [122.889676, 13.757563], [122.889137, 13.757563], [122.889137, 13.752712], [122.889676, 13.752712], [122.889676, 13.751634], [122.890215, 13.751634], [122.890215, 13.751095], [122.890754, 13.751095], [122.890754, 13.750017], [122.890215, 13.750017], [122.890215, 13.748939], [122.890754, 13.748939], [122.890754, 13.7484], [122.891293, 13.7484], [122.891293, 13.747861], [122.891832, 13.747861], [122.891832, 13.747322], [122.89291, 13.747322], [122.89291, 13.746783], [122.893449, 13.746783], [122.893449, 13.746244], [122.893988, 13.746244], [122.893988, 13.745705], [122.893449, 13.745705], [122.893449, 13.744627], [122.893988, 13.744627], [122.893988, 13.744088], [122.894527, 13.744088], [122.894527, 13.742471], [122.895066, 13.742471], [122.895066, 13.741932], [122.896144, 13.741932], [122.896144, 13.741393], [122.895066, 13.741393], [122.895066, 13.740315], [122.895605, 13.740315], [122.895605, 13.739776], [122.897222, 13.739776], [122.897222, 13.739237], [122.897761, 13.739237], [122.897761, 13.738698], [122.8983, 13.738698], [122.8983, 13.73762], [122.898839, 13.73762], [122.898839, 13.737081], [122.899378, 13.737081], [122.899378, 13.736542], [122.898839, 13.736542], [122.898839, 13.735464], [122.8983, 13.735464], [122.8983, 13.734925], [122.898839, 13.734925], [122.898839, 13.733847], [122.897761, 13.733847], [122.897761, 13.734386], [122.897222, 13.734386], [122.897222, 13.734925], [122.896683, 13.734925], [122.896683, 13.734386], [122.895066, 13.734386], [122.895066, 13.734925], [122.893449, 13.734925], [122.893449, 13.734386], [122.892371, 13.734386], [122.892371, 13.733847], [122.890215, 13.733847], [122.890215, 13.734386], [122.889137, 13.734386], [122.889137, 13.735464], [122.888598, 13.735464], [122.888598, 13.736542], [122.888059, 13.736542], [122.888059, 13.737081], [122.88752, 13.737081], [122.88752, 13.738159], [122.886442, 13.738159], [122.886442, 13.737081], [122.885903, 13.737081], [122.885903, 13.736542], [122.885364, 13.736542], [122.885364, 13.736003], [122.883747, 13.736003], [122.883747, 13.737081], [122.883208, 13.737081], [122.883208, 13.738159], [122.883747, 13.738159], [122.883747, 13.738698], [122.883208, 13.738698], [122.883208, 13.739237], [122.882131, 13.739237], [122.882131, 13.738698], [122.881053, 13.738698], [122.881053, 13.739776], [122.880514, 13.739776], [122.880514, 13.740315], [122.879975, 13.740315], [122.879975, 13.741932], [122.878897, 13.741932], [122.878897, 13.741393], [122.878358, 13.741393], [122.878358, 13.740854], [122.877819, 13.740854], [122.877819, 13.740315], [122.875663, 13.740315], [122.875663, 13.739776], [122.873507, 13.739776], [122.873507, 13.740315], [122.872968, 13.740315], [122.872968, 13.740854], [122.873507, 13.740854], [122.873507, 13.741932], [122.874046, 13.741932], [122.874046, 13.742471], [122.873507, 13.742471], [122.873507, 13.74301], [122.870273, 13.74301], [122.870273, 13.746244], [122.869734, 13.746244], [122.869734, 13.745705], [122.868656, 13.745705], [122.868656, 13.745166], [122.867578, 13.745166], [122.867578, 13.745705], [122.867039, 13.745705], [122.867039, 13.745166], [122.865961, 13.745166], [122.865961, 13.744627], [122.864344, 13.744627], [122.864344, 13.744088], [122.862188, 13.744088], [122.862188, 13.744627], [122.860571, 13.744627], [122.860571, 13.745705], [122.86111, 13.745705], [122.86111, 13.746244], [122.862727, 13.746244], [122.862727, 13.746783], [122.863805, 13.746783], [122.863805, 13.747322], [122.864344, 13.747322], [122.864344, 13.7484], [122.862727, 13.7484], [122.862727, 13.747861], [122.859493, 13.747861], [122.859493, 13.7484], [122.858415, 13.7484], [122.858415, 13.749478], [122.860032, 13.749478], [122.860032, 13.751095], [122.858954, 13.751095], [122.858954, 13.751634], [122.857876, 13.751634], [122.857876, 13.750556], [122.857337, 13.750556], [122.857337, 13.750017], [122.85572, 13.750017], [122.85572, 13.750556], [122.854103, 13.750556], [122.854103, 13.750017], [122.851408, 13.750017], [122.851408, 13.752712], [122.849791, 13.752712], [122.849791, 13.751634], [122.848713, 13.751634], [122.848713, 13.752173], [122.848174, 13.752173], [122.848174, 13.752712], [122.847635, 13.752712], [122.847635, 13.752173], [122.847096, 13.752173], [122.847096, 13.751634], [122.846557, 13.751634], [122.846557, 13.751095], [122.845479, 13.751095], [122.845479, 13.751634], [122.846018, 13.751634], [122.846018, 13.752173], [122.846557, 13.752173], [122.846557, 13.752712], [122.847096, 13.752712], [122.847096, 13.753251], [122.847635, 13.753251], [122.847635, 13.75379], [122.848174, 13.75379], [122.848174, 13.754329], [122.848713, 13.754329], [122.848713, 13.755407], [122.848174, 13.755407], [122.848174, 13.755946], [122.846557, 13.755946], [122.846557, 13.755407], [122.846018, 13.755407], [122.846018, 13.754329], [122.845479, 13.754329], [122.845479, 13.75379], [122.84494, 13.75379], [122.84494, 13.753251], [122.844401, 13.753251], [122.844401, 13.752712], [122.843862, 13.752712], [122.843862, 13.752173], [122.841167, 13.752173], [122.841167, 13.752712], [122.840628, 13.752712], [122.840628, 13.753251], [122.842245, 13.753251], [122.842245, 13.75379], [122.843323, 13.75379], [122.843323, 13.754329], [122.843862, 13.754329], [122.843862, 13.754868], [122.844401, 13.754868], [122.844401, 13.755407], [122.843862, 13.755407], [122.843862, 13.755946], [122.842784, 13.755946], [122.842784, 13.755407], [122.841167, 13.755407], [122.841167, 13.755946], [122.83955, 13.755946], [122.83955, 13.756485], [122.839011, 13.756485], [122.839011, 13.757024], [122.83955, 13.757024], [122.83955, 13.757563], [122.840089, 13.757563], [122.840089, 13.758641], [122.83955, 13.758641], [122.83955, 13.758102], [122.838472, 13.758102], [122.838472, 13.757563], [122.837394, 13.757563], [122.837394, 13.757024], [122.835238, 13.757024], [122.835238, 13.758102], [122.834699, 13.758102], [122.834699, 13.75918], [122.83416, 13.75918], [122.83416, 13.760797], [122.833621, 13.760797], [122.833621, 13.761336], [122.832544, 13.761336], [122.832544, 13.759719], [122.830388, 13.759719], [122.830388, 13.759072], [122.823045, 13.766101], [122.817475, 13.767528], [122.816097, 13.773784], [122.824338, 13.775898], [122.825568, 13.789712], [122.828601, 13.793623], [122.829167, 13.799999], [122.831379, 13.800565], [122.834699, 13.803647], [122.834699, 13.802838], [122.835238, 13.802838], [122.835238, 13.802299], [122.835777, 13.802299], [122.835777, 13.80176], [122.837394, 13.80176], [122.837394, 13.802299], [122.837933, 13.802299], [122.837933, 13.802838], [122.837394, 13.802838], [122.837394, 13.804455], [122.837933, 13.804455], [122.837933, 13.804994], [122.839011, 13.804994], [122.839011, 13.804455], [122.840089, 13.804455], [122.840089, 13.803916], [122.841167, 13.803916], [122.841167, 13.804994], [122.841706, 13.804994], [122.841706, 13.804455], [122.842245, 13.804455], [122.842245, 13.803377], [122.841167, 13.803377], [122.841167, 13.802838], [122.842784, 13.802838], [122.842784, 13.802299], [122.843323, 13.802299], [122.843323, 13.80176], [122.843862, 13.80176], [122.843862, 13.801221], [122.84494, 13.801221], [122.84494, 13.80176], [122.846018, 13.80176], [122.846018, 13.802299], [122.846557, 13.802299], [122.846557, 13.802838], [122.849252, 13.802838], [122.849252, 13.800143], [122.849791, 13.800143], [122.849791, 13.799604], [122.851408, 13.799604], [122.851408, 13.797987], [122.852486, 13.797987], [122.852486, 13.798526], [122.853025, 13.798526], [122.853025, 13.799065], [122.854103, 13.799065], [122.854103, 13.797987], [122.853564, 13.797987], [122.853564, 13.79637], [122.854103, 13.79637], [122.854103, 13.793675], [122.853564, 13.793675], [122.853564, 13.793136], [122.853025, 13.793136], [122.853025, 13.792058], [122.854103, 13.792058], [122.854103, 13.791519], [122.854642, 13.791519], [122.854642, 13.789902], [122.855181, 13.789902], [122.855181, 13.789363], [122.857337, 13.789363], [122.857337, 13.788824], [122.858415, 13.788824], [122.858415, 13.789902], [122.857876, 13.789902], [122.857876, 13.790441], [122.857337, 13.790441], [122.857337, 13.79098], [122.856798, 13.79098], [122.856798, 13.791519], [122.858415, 13.791519], [122.858415, 13.79098], [122.860032, 13.79098], [122.860032, 13.791519], [122.86111, 13.791519], [122.86111, 13.792058], [122.861649, 13.792058], [122.861649, 13.792597], [122.862188, 13.792597], [122.862188, 13.792058], [122.862727, 13.792058], [122.862727, 13.791519], [122.862188, 13.791519], [122.862188, 13.790441], [122.861649, 13.790441], [122.861649, 13.788824], [122.86111, 13.788824], [122.86111, 13.788285], [122.860571, 13.788285], [122.860571, 13.787746], [122.860032, 13.787746], [122.860032, 13.786668], [122.859493, 13.786668], [122.859493, 13.785051], [122.860032, 13.785051], [122.860032, 13.782895], [122.859493, 13.782895], [122.859493, 13.781818], [122.858415, 13.781818], [122.858415, 13.782895], [122.858954, 13.782895], [122.858954, 13.78559], [122.858415, 13.78559], [122.858415, 13.786129], [122.857337, 13.786129], [122.857337, 13.78559], [122.856259, 13.78559], [122.856259, 13.785051], [122.85572, 13.785051], [122.85572, 13.783973], [122.855181, 13.783973], [122.855181, 13.783434], [122.854103, 13.783434], [122.854103, 13.782895], [122.853025, 13.782895], [122.853025, 13.782357], [122.852486, 13.782357], [122.852486, 13.781818], [122.851947, 13.781818], [122.851947, 13.779662], [122.851408, 13.779662], [122.851408, 13.779123], [122.851947, 13.779123], [122.851947, 13.777506], [122.85033, 13.777506], [122.85033, 13.778045], [122.849791, 13.778045], [122.849791, 13.776967], [122.85033, 13.776967], [122.85033, 13.776428], [122.850869, 13.776428], [122.850869, 13.775889], [122.851947, 13.775889], [122.851947, 13.776428], [122.852486, 13.776428], [122.852486, 13.776967], [122.853025, 13.776967], [122.853025, 13.777506], [122.85572, 13.777506], [122.85572, 13.778584], [122.853564, 13.778584], [122.853564, 13.779662], [122.854103, 13.779662], [122.854103, 13.780201], [122.85572, 13.780201], [122.85572, 13.78074], [122.856259, 13.78074], [122.856259, 13.781279], [122.857337, 13.781279], [122.857337, 13.78074], [122.857876, 13.78074], [122.857876, 13.780201], [122.860032, 13.780201], [122.860032, 13.78074], [122.860571, 13.78074], [122.860571, 13.781279], [122.86111, 13.781279], [122.86111, 13.781818], [122.862188, 13.781818], [122.862188, 13.782895], [122.862727, 13.782895], [122.862727, 13.783434], [122.863266, 13.783434], [122.863266, 13.783973], [122.864344, 13.783973], [122.864344, 13.784512], [122.864883, 13.784512], [122.864883, 13.785051], [122.865961, 13.785051], [122.865961, 13.784512], [122.8665, 13.784512], [122.8665, 13.783973], [122.869195, 13.783973], [122.869195, 13.785051], [122.870812, 13.785051], [122.870812, 13.784512], [122.871351, 13.784512], [122.871351, 13.783973], [122.87189, 13.783973], [122.87189, 13.783434], [122.872429, 13.783434], [122.872429, 13.782895], [122.872968, 13.782895], [122.872968, 13.782357], [122.873507, 13.782357], [122.873507, 13.782895], [122.874585, 13.782895], [122.874585, 13.783434], [122.875124, 13.783434], [122.875124, 13.784512], [122.876202, 13.784512], [122.876202, 13.783434], [122.875663, 13.783434], [122.875663, 13.782895], [122.876741, 13.782895], [122.876741, 13.783973], [122.87728, 13.783973], [122.87728, 13.783434], [122.877819, 13.783434], [122.877819, 13.782895], [122.878358, 13.782895], [122.878358, 13.782357], [122.878897, 13.782357], [122.878897, 13.781818], [122.880514, 13.781818], [122.880514, 13.782357], [122.879975, 13.782357], [122.879975, 13.783434], [122.879436, 13.783434], [122.879436, 13.784512], [122.879975, 13.784512], [122.879975, 13.785051], [122.880514, 13.785051], [122.880514, 13.78559], [122.881053, 13.78559], [122.881053, 13.787207], [122.88267, 13.787207], [122.88267, 13.788285], [122.883208, 13.788285], [122.883208, 13.787746], [122.883747, 13.787746], [122.883747, 13.787207], [122.884286, 13.787207], [122.884286, 13.786668], [122.886442, 13.786668], [122.886442, 13.787207], [122.88752, 13.787207], [122.88752, 13.787746], [122.888059, 13.787746], [122.888059, 13.788824], [122.886442, 13.788824], [122.886442, 13.789902], [122.886981, 13.789902], [122.886981, 13.79098], [122.88752, 13.79098], [122.88752, 13.791519], [122.888059, 13.791519], [122.888059, 13.792597], [122.888598, 13.792597], [122.888598, 13.793136], [122.889137, 13.793136], [122.889137, 13.793675], [122.890754, 13.793675], [122.890754, 13.794214], [122.891832, 13.794214], [122.891832, 13.795831], [122.891293, 13.795831], [122.891293, 13.79637], [122.889676, 13.79637], [122.889676, 13.796909], [122.889137, 13.796909], [122.889137, 13.797448], [122.888598, 13.797448], [122.888598, 13.799065], [122.888059, 13.799065], [122.888059, 13.799604], [122.88752, 13.799604], [122.88752, 13.800143], [122.886981, 13.800143], [122.886981, 13.802299], [122.88752, 13.802299], [122.88752, 13.802838], [122.888059, 13.802838], [122.888059, 13.804455], [122.88752, 13.804455], [122.88752, 13.804994], [122.888059, 13.804994], [122.888059, 13.806072], [122.888598, 13.806072], [122.888598, 13.804994], [122.889676, 13.804994], [122.889676, 13.806072], [122.890215, 13.806072], [122.890215, 13.810384], [122.889676, 13.810384], [122.889676, 13.810923], [122.888059, 13.810923], [122.888059, 13.810384], [122.88752, 13.810384], [122.88752, 13.809845], [122.886442, 13.809845], [122.886442, 13.809306], [122.885364, 13.809306], [122.885364, 13.808767], [122.884286, 13.808767], [122.884286, 13.809306], [122.883208, 13.809306], [122.883208, 13.809845], [122.883747, 13.809845], [122.883747, 13.810384], [122.885364, 13.810384], [122.885364, 13.810923], [122.88752, 13.810923], [122.88752, 13.811462], [122.888598, 13.811462], [122.888598, 13.812001], [122.889137, 13.812001], [122.889137, 13.813079], [122.889676, 13.813079], [122.889676, 13.813618], [122.890215, 13.813618], [122.890215, 13.813079], [122.890754, 13.813079], [122.890754, 13.81254], [122.891293, 13.81254], [122.891293, 13.811462], [122.892371, 13.811462], [122.892371, 13.812001], [122.89291, 13.812001], [122.89291, 13.811462], [122.894527, 13.811462], [122.894527, 13.812001], [122.896144, 13.812001], [122.896144, 13.811462], [122.897761, 13.811462], [122.897761, 13.812001], [122.8983, 13.812001], [122.8983, 13.810923], [122.897761, 13.810923], [122.897761, 13.810384], [122.897222, 13.810384], [122.897222, 13.809845], [122.896683, 13.809845], [122.896683, 13.809306], [122.896144, 13.809306], [122.896144, 13.808228], [122.895605, 13.808228], [122.895605, 13.807689], [122.895066, 13.807689], [122.895066, 13.806611], [122.894527, 13.806611], [122.894527, 13.806072], [122.893988, 13.806072], [122.893988, 13.805533], [122.893449, 13.805533], [122.893449, 13.804994], [122.892371, 13.804994], [122.892371, 13.804455], [122.891832, 13.804455], [122.891832, 13.803916], [122.891293, 13.803916], [122.891293, 13.802299], [122.891832, 13.802299], [122.891832, 13.80176], [122.894527, 13.80176], [122.894527, 13.802299], [122.895605, 13.802299], [122.895605, 13.802838], [122.896144, 13.802838], [122.896144, 13.802299], [122.897222, 13.802299], [122.897222, 13.802838], [122.897761, 13.802838], [122.897761, 13.803377], [122.8983, 13.803377], [122.8983, 13.803916], [122.898839, 13.803916], [122.898839, 13.804455], [122.900456, 13.804455], [122.900456, 13.803916], [122.901534, 13.803916], [122.901534, 13.804455], [122.902612, 13.804455], [122.902612, 13.805533], [122.902073, 13.805533], [122.902073, 13.807689], [122.901534, 13.807689], [122.901534, 13.808767], [122.902073, 13.808767], [122.902073, 13.809306], [122.901534, 13.809306], [122.901534, 13.810923], [122.902073, 13.810923], [122.902073, 13.812001], [122.903151, 13.812001], [122.903151, 13.811462], [122.904229, 13.811462], [122.904229, 13.81254], [122.902612, 13.81254], [122.902612, 13.813618], [122.903151, 13.813618], [122.903151, 13.817391], [122.902612, 13.817391], [122.902612, 13.819008], [122.902073, 13.819008], [122.902073, 13.820625], [122.901534, 13.820625], [122.901534, 13.821703], [122.900995, 13.821703], [122.900995, 13.822781], [122.900456, 13.822781], [122.900456, 13.82332], [122.899917, 13.82332], [122.899917, 13.823859], [122.899378, 13.823859], [122.899378, 13.824398], [122.898839, 13.824398], [122.898839, 13.824937], [122.8983, 13.824937], [122.8983, 13.825476], [122.897761, 13.825476], [122.897761, 13.826015], [122.897222, 13.826015], [122.897222, 13.826554], [122.891832, 13.826554], [122.891832, 13.827632], [122.892371, 13.827632], [122.892371, 13.828171], [122.893449, 13.828171], [122.893449, 13.82871], [122.895066, 13.82871], [122.895066, 13.829249], [122.896144, 13.829249], [122.896144, 13.829788], [122.896683, 13.829788], [122.896683, 13.830866], [122.896144, 13.830866], [122.896144, 13.831405], [122.895605, 13.831405], [122.895605, 13.833021], [122.8983, 13.833021], [122.8983, 13.83356], [122.898839, 13.83356], [122.898839, 13.836255], [122.8983, 13.836255], [122.8983, 13.836794], [122.897222, 13.836794], [122.897222, 13.837333], [122.896683, 13.837333], [122.896683, 13.838411], [122.897222, 13.838411], [122.897222, 13.840028], [122.896683, 13.840028], [122.896683, 13.840567], [122.896144, 13.840567], [122.896144, 13.841645], [122.896683, 13.841645], [122.896683, 13.842184], [122.897222, 13.842184], [122.897222, 13.842723], [122.896683, 13.842723], [122.896683, 13.843262], [122.896144, 13.843262], [122.896144, 13.843801], [122.895605, 13.843801], [122.895605, 13.845957], [122.895066, 13.845957], [122.895066, 13.846496], [122.894527, 13.846496], [122.894527, 13.847035], [122.893988, 13.847035], [122.893988, 13.847574], [122.893449, 13.847574], [122.893449, 13.848113], [122.892371, 13.848113], [122.892371, 13.848652], [122.891832, 13.848652], [122.891832, 13.84973], [122.892371, 13.84973], [122.892371, 13.850269], [122.893988, 13.850269], [122.893988, 13.850808], [122.896683, 13.850808], [122.896683, 13.851347], [122.897222, 13.851347], [122.897222, 13.850808], [122.897761, 13.850808], [122.897761, 13.850269], [122.899917, 13.850269], [122.899917, 13.850808], [122.900456, 13.850808], [122.900456, 13.851347], [122.900995, 13.851347], [122.900995, 13.852425], [122.900456, 13.852425], [122.900456, 13.853503], [122.900995, 13.853503], [122.900995, 13.854042], [122.901534, 13.854042], [122.901534, 13.854581], [122.902612, 13.854581], [122.902612, 13.854042], [122.902073, 13.854042], [122.902073, 13.853503], [122.901534, 13.853503], [122.901534, 13.851886], [122.902073, 13.851886], [122.902073, 13.852425], [122.902612, 13.852425], [122.902612, 13.853503], [122.903151, 13.853503], [122.903151, 13.854042], [122.90369, 13.854042], [122.90369, 13.854581], [122.904229, 13.854581], [122.904229, 13.85512], [122.904768, 13.85512], [122.904768, 13.855659], [122.905307, 13.855659], [122.905307, 13.85512], [122.906924, 13.85512], [122.906924, 13.855659], [122.908002, 13.855659], [122.908002, 13.854581], [122.906924, 13.854581], [122.906924, 13.853503], [122.907463, 13.853503], [122.907463, 13.852964], [122.908002, 13.852964], [122.908002, 13.851886], [122.908541, 13.851886], [122.908541, 13.850808], [122.908002, 13.850808], [122.908002, 13.850269], [122.907463, 13.850269], [122.907463, 13.84973], [122.906924, 13.84973], [122.906924, 13.849191], [122.905846, 13.849191], [122.905846, 13.848652], [122.904768, 13.848652], [122.904768, 13.848113], [122.90369, 13.848113], [122.90369, 13.848652], [122.904229, 13.848652], [122.904229, 13.84973], [122.90369, 13.84973], [122.90369, 13.849191], [122.903151, 13.849191], [122.903151, 13.848113], [122.902612, 13.848113], [122.902612, 13.847574], [122.903151, 13.847574], [122.903151, 13.847035], [122.90369, 13.847035], [122.90369, 13.846496], [122.904768, 13.846496], [122.904768, 13.845957], [122.905307, 13.845957], [122.905307, 13.845418], [122.905846, 13.845418], [122.905846, 13.84434], [122.905307, 13.84434], [122.905307, 13.843262], [122.905846, 13.843262], [122.905846, 13.842723], [122.906385, 13.842723], [122.906385, 13.843262], [122.906924, 13.843262], [122.906924, 13.841645], [122.906385, 13.841645], [122.906385, 13.840028], [122.906924, 13.840028], [122.906924, 13.838411], [122.905846, 13.838411], [122.905846, 13.83895], [122.905307, 13.83895], [122.905307, 13.839489], [122.904768, 13.839489], [122.904768, 13.840028], [122.904229, 13.840028], [122.904229, 13.839489], [122.90369, 13.839489], [122.90369, 13.83895], [122.904229, 13.83895], [122.904229, 13.838411], [122.904768, 13.838411], [122.904768, 13.837872], [122.905307, 13.837872], [122.905307, 13.836255], [122.905846, 13.836255], [122.905846, 13.830866], [122.906385, 13.830866], [122.906385, 13.829249], [122.906924, 13.829249], [122.906924, 13.82871], [122.907463, 13.82871], [122.907463, 13.827093], [122.908002, 13.827093], [122.908002, 13.826015], [122.908541, 13.826015], [122.908541, 13.825476], [122.909619, 13.825476], [122.909619, 13.824937], [122.911775, 13.824937], [122.911775, 13.825476], [122.912314, 13.825476], [122.912314, 13.827093], [122.911775, 13.827093], [122.911775, 13.828171], [122.912314, 13.828171], [122.912314, 13.829249], [122.91447, 13.829249], [122.91447, 13.829788], [122.918243, 13.829788], [122.918243, 13.830866], [122.918782, 13.830866], [122.918782, 13.831405], [122.920399, 13.831405], [122.920399, 13.830866], [122.921477, 13.830866], [122.921477, 13.831405], [122.922555, 13.831405], [122.922555, 13.829788], [122.922016, 13.829788], [122.922016, 13.829249], [122.922555, 13.829249], [122.922555, 13.827632], [122.922016, 13.827632], [122.922016, 13.827093], [122.921477, 13.827093], [122.921477, 13.826554], [122.922016, 13.826554], [122.922016, 13.825476], [122.922555, 13.825476], [122.922555, 13.824937], [122.923633, 13.824937], [122.923633, 13.823859], [122.922016, 13.823859], [122.922016, 13.82332], [122.920938, 13.82332], [122.920938, 13.823859], [122.921477, 13.823859], [122.921477, 13.824398], [122.920938, 13.824398], [122.920938, 13.824937], [122.920399, 13.824937], [122.920399, 13.824398], [122.919321, 13.824398], [122.919321, 13.823859], [122.918243, 13.823859], [122.918243, 13.824937], [122.91986, 13.824937], [122.91986, 13.825476], [122.919321, 13.825476], [122.919321, 13.826015], [122.918782, 13.826015], [122.918782, 13.826554], [122.918243, 13.826554], [122.918243, 13.826015], [122.917165, 13.826015], [122.917165, 13.825476], [122.916087, 13.825476], [122.916087, 13.826015], [122.913392, 13.826015], [122.913392, 13.825476], [122.912853, 13.825476], [122.912853, 13.824937], [122.912314, 13.824937], [122.912314, 13.824398], [122.911775, 13.824398], [122.911775, 13.82332], [122.911236, 13.82332], [122.911236, 13.821164], [122.911775, 13.821164], [122.911775, 13.820625], [122.912314, 13.820625], [122.912314, 13.820086], [122.913931, 13.820086], [122.913931, 13.820625], [122.916087, 13.820625], [122.916087, 13.821164], [122.916626, 13.821164], [122.916626, 13.820625], [122.917704, 13.820625], [122.917704, 13.821164], [122.918243, 13.821164], [122.918243, 13.821703], [122.919321, 13.821703], [122.919321, 13.820625], [122.918782, 13.820625], [122.918782, 13.819547], [122.919321, 13.819547], [122.919321, 13.818469], [122.91986, 13.818469], [122.91986, 13.81793], [122.920938, 13.81793], [122.920938, 13.816852], [122.921477, 13.816852], [122.921477, 13.815774], [122.922016, 13.815774], [122.922016, 13.814696], [122.920938, 13.814696], [122.920938, 13.814157], [122.920399, 13.814157], [122.920399, 13.813618], [122.918243, 13.813618], [122.918243, 13.813079], [122.917704, 13.813079], [122.917704, 13.81254], [122.917165, 13.81254], [122.917165, 13.812001], [122.916626, 13.812001], [122.916626, 13.808767], [122.917165, 13.808767], [122.917165, 13.807689], [122.917704, 13.807689], [122.917704, 13.805533], [122.917165, 13.805533], [122.917165, 13.804994], [122.917704, 13.804994], [122.917704, 13.803916], [122.918243, 13.803916], [122.918243, 13.802299], [122.918782, 13.802299], [122.918782, 13.80176], [122.920938, 13.80176], [122.920938, 13.802299], [122.921477, 13.802299], [122.921477, 13.80176], [122.922555, 13.80176], [122.922555, 13.802299], [122.923633, 13.802299], [122.923633, 13.802838], [122.924711, 13.802838], [122.924711, 13.803916], [122.92525, 13.803916], [122.92525, 13.804994], [122.926328, 13.804994], [122.926328, 13.805533], [122.926867, 13.805533], [122.926867, 13.803377], [122.927406, 13.803377], [122.927406, 13.802838], [122.927945, 13.802838], [122.927945, 13.802299], [122.928484, 13.802299], [122.928484, 13.80176], [122.929562, 13.80176], [122.929562, 13.801221], [122.931718, 13.801221], [122.931718, 13.80176], [122.932795, 13.80176], [122.932795, 13.802299], [122.933334, 13.802299], [122.933334, 13.802838], [122.933873, 13.802838], [122.933873, 13.803377], [122.933334, 13.803377], [122.933334, 13.803916], [122.931718, 13.803916], [122.931718, 13.805533], [122.932257, 13.805533], [122.932257, 13.806072], [122.932795, 13.806072], [122.932795, 13.806611], [122.933334, 13.806611], [122.933334, 13.80715], [122.933873, 13.80715], [122.933873, 13.807689], [122.934951, 13.807689], [122.934951, 13.80715], [122.936568, 13.80715], [122.936568, 13.807689], [122.937107, 13.807689], [122.937107, 13.80715], [122.937646, 13.80715], [122.937646, 13.806611], [122.938724, 13.806611], [122.938724, 13.806072], [122.940341, 13.806072], [122.940341, 13.806611], [122.94088, 13.806611], [122.94088, 13.80715], [122.941419, 13.80715], [122.941419, 13.806611], [122.941958, 13.806611], [122.941958, 13.806072], [122.942497, 13.806072], [122.942497, 13.804994], [122.941958, 13.804994], [122.941958, 13.803377], [122.941419, 13.803377], [122.941419, 13.802838], [122.94088, 13.802838], [122.94088, 13.802299], [122.939802, 13.802299], [122.939802, 13.80176], [122.939263, 13.80176], [122.939263, 13.801221], [122.938724, 13.801221], [122.938724, 13.800682], [122.938185, 13.800682], [122.938185, 13.800143], [122.93549, 13.800143], [122.93549, 13.799604], [122.934951, 13.799604], [122.934951, 13.799065], [122.933873, 13.799065], [122.933873, 13.798526], [122.933334, 13.798526], [122.933334, 13.797987], [122.932795, 13.797987], [122.932795, 13.797448], [122.932257, 13.797448], [122.932257, 13.795831], [122.931718, 13.795831], [122.931718, 13.795292], [122.930101, 13.795292], [122.930101, 13.795831], [122.927406, 13.795831], [122.927406, 13.795292], [122.926867, 13.795292], [122.926867, 13.793675], [122.927406, 13.793675], [122.927406, 13.793136], [122.927945, 13.793136], [122.927945, 13.792058], [122.929023, 13.792058], [122.929023, 13.79098], [122.930101, 13.79098], [122.930101, 13.790441], [122.93064, 13.790441], [122.93064, 13.789902], [122.931179, 13.789902], [122.931179, 13.788824], [122.931718, 13.788824], [122.931718, 13.787207], [122.932795, 13.787207], [122.932795, 13.786668], [122.933334, 13.786668], [122.933334, 13.786129], [122.934412, 13.786129], [122.934412, 13.785051], [122.934951, 13.785051], [122.934951, 13.78559], [122.93549, 13.78559], [122.93549, 13.786129], [122.936029, 13.786129], [122.936029, 13.786668], [122.937107, 13.786668], [122.937107, 13.786129], [122.937646, 13.786129], [122.937646, 13.785051], [122.938724, 13.785051], [122.938724, 13.784512], [122.939263, 13.784512], [122.939263, 13.783973], [122.939802, 13.783973], [122.939802, 13.782895], [122.94088, 13.782895], [122.94088, 13.783973], [122.940341, 13.783973], [122.940341, 13.78559], [122.941419, 13.78559], [122.941419, 13.785051], [122.942497, 13.785051], [122.942497, 13.78559], [122.943036, 13.78559], [122.943036, 13.786668], [122.943575, 13.786668], [122.943575, 13.787207], [122.944114, 13.787207], [122.944114, 13.787746], [122.944653, 13.787746], [122.944653, 13.788824], [122.944114, 13.788824], [122.944114, 13.789363], [122.943575, 13.789363], [122.943575, 13.79098], [122.944653, 13.79098], [122.944653, 13.790441], [122.945192, 13.790441], [122.945192, 13.789902], [122.945731, 13.789902], [122.945731, 13.789363], [122.946809, 13.789363], [122.946809, 13.788285], [122.947348, 13.788285], [122.947348, 13.787746], [122.947887, 13.787746], [122.947887, 13.787207], [122.948426, 13.787207], [122.948426, 13.786668], [122.951121, 13.786668], [122.951121, 13.786129], [122.95166, 13.786129], [122.95166, 13.78559], [122.953277, 13.78559], [122.953277, 13.785051], [122.954355, 13.785051], [122.954355, 13.784512], [122.956511, 13.784512], [122.956511, 13.785051], [122.957589, 13.785051], [122.957589, 13.783434], [122.958667, 13.783434], [122.958667, 13.782895], [122.960284, 13.782895], [122.960284, 13.783434], [122.961362, 13.783434], [122.961362, 13.781818], [122.961901, 13.781818], [122.961901, 13.781279], [122.961362, 13.781279], [122.961362, 13.78074], [122.960284, 13.78074], [122.960284, 13.779662], [122.960823, 13.779662], [122.960823, 13.779123], [122.961362, 13.779123], [122.961362, 13.778584], [122.962979, 13.778584], [122.962979, 13.778045], [122.964057, 13.778045], [122.964057, 13.778584], [122.964596, 13.778584], [122.964596, 13.779123], [122.965674, 13.779123], [122.965674, 13.779662], [122.966213, 13.779662], [122.966213, 13.780201], [122.966752, 13.780201], [122.966752, 13.78074], [122.967291, 13.78074], [122.967291, 13.781279], [122.96783, 13.781279], [122.96783, 13.781818], [122.968369, 13.781818], [122.968369, 13.782357], [122.968908, 13.782357], [122.968908, 13.782895], [122.969447, 13.782895], [122.969447, 13.786129], [122.970525, 13.786129], [122.970525, 13.78559], [122.971064, 13.78559], [122.971064, 13.785051], [122.971603, 13.785051], [122.971603, 13.783973], [122.971064, 13.783973], [122.971064, 13.783434], [122.970525, 13.783434], [122.970525, 13.781818], [122.971064, 13.781818], [122.971064, 13.78074], [122.971603, 13.78074], [122.971603, 13.780201], [122.972142, 13.780201], [122.972142, 13.779123], [122.973759, 13.779123], [122.973759, 13.780201], [122.974298, 13.780201], [122.974298, 13.781279], [122.974837, 13.781279], [122.974837, 13.781818], [122.975376, 13.781818], [122.975376, 13.782357], [122.975915, 13.782357], [122.975915, 13.783434], [122.976454, 13.783434], [122.976454, 13.784512], [122.976993, 13.784512], [122.976993, 13.785051], [122.977532, 13.785051], [122.977532, 13.78559], [122.978071, 13.78559], [122.978071, 13.788824], [122.977532, 13.788824], [122.977532, 13.789902], [122.976993, 13.789902], [122.976993, 13.790441], [122.976454, 13.790441], [122.976454, 13.792597], [122.976993, 13.792597], [122.976993, 13.793136], [122.977532, 13.793136], [122.977532, 13.793675], [122.978071, 13.793675], [122.978071, 13.794753], [122.977532, 13.794753], [122.977532, 13.795831], [122.975376, 13.795831], [122.975376, 13.79637], [122.973759, 13.79637], [122.973759, 13.795831], [122.972681, 13.795831], [122.972681, 13.79637], [122.972142, 13.79637], [122.972142, 13.796909], [122.971064, 13.796909], [122.971064, 13.797448], [122.970525, 13.797448], [122.970525, 13.797987], [122.969986, 13.797987], [122.969986, 13.798526], [122.969447, 13.798526], [122.969447, 13.797448], [122.968369, 13.797448], [122.968369, 13.797987], [122.96783, 13.797987], [122.96783, 13.798526], [122.966213, 13.798526], [122.966213, 13.797448], [122.966752, 13.797448], [122.966752, 13.79637], [122.967291, 13.79637], [122.967291, 13.795831], [122.968369, 13.795831], [122.968369, 13.79637], [122.969447, 13.79637], [122.969447, 13.796909], [122.969986, 13.796909], [122.969986, 13.79637], [122.971064, 13.79637], [122.971064, 13.795292], [122.972142, 13.795292], [122.972142, 13.792597], [122.971603, 13.792597], [122.971603, 13.792058], [122.969986, 13.792058], [122.969986, 13.791519], [122.96783, 13.791519], [122.96783, 13.792058], [122.967291, 13.792058], [122.967291, 13.792597], [122.962979, 13.792597], [122.962979, 13.792058], [122.961901, 13.792058], [122.961901, 13.791519], [122.959206, 13.791519], [122.959206, 13.792058], [122.958667, 13.792058], [122.958667, 13.793136], [122.958128, 13.793136], [122.958128, 13.794214], [122.957589, 13.794214], [122.957589, 13.795292], [122.95705, 13.795292], [122.95705, 13.795831], [122.959745, 13.795831], [122.959745, 13.795292], [122.960823, 13.795292], [122.960823, 13.795831], [122.961901, 13.795831], [122.961901, 13.79637], [122.96244, 13.79637], [122.96244, 13.796909], [122.962979, 13.796909], [122.962979, 13.797448], [122.963518, 13.797448], [122.963518, 13.799604], [122.964057, 13.799604], [122.964057, 13.800143], [122.963518, 13.800143], [122.963518, 13.800682], [122.962979, 13.800682], [122.962979, 13.801221], [122.96244, 13.801221], [122.96244, 13.80176], [122.961901, 13.80176], [122.961901, 13.802299], [122.961362, 13.802299], [122.961362, 13.803377], [122.960823, 13.803377], [122.960823, 13.804455], [122.960284, 13.804455], [122.960284, 13.804994], [122.959745, 13.804994], [122.959745, 13.805533], [122.958667, 13.805533], [122.958667, 13.806072], [122.958128, 13.806072], [122.958128, 13.80715], [122.957589, 13.80715], [122.957589, 13.807689], [122.95705, 13.807689], [122.95705, 13.809306], [122.956511, 13.809306], [122.956511, 13.809845], [122.955972, 13.809845], [122.955972, 13.809306], [122.955433, 13.809306], [122.955433, 13.809845], [122.953816, 13.809845], [122.953816, 13.808228], [122.952738, 13.808228], [122.952738, 13.807689], [122.949504, 13.807689], [122.949504, 13.80715], [122.948965, 13.80715], [122.948965, 13.807689], [122.947348, 13.807689], [122.947348, 13.80715], [122.94627, 13.80715], [122.94627, 13.806611], [122.945731, 13.806611], [122.945731, 13.806072], [122.945192, 13.806072], [122.945192, 13.805533], [122.944114, 13.805533], [122.944114, 13.806072], [122.943575, 13.806072], [122.943575, 13.806611], [122.943036, 13.806611], [122.943036, 13.809845], [122.942497, 13.809845], [122.942497, 13.810384], [122.941958, 13.810384], [122.941958, 13.810923], [122.941419, 13.810923], [122.941419, 13.811462], [122.941958, 13.811462], [122.941958, 13.812001], [122.942497, 13.812001], [122.942497, 13.81254], [122.943036, 13.81254], [122.943036, 13.813079], [122.943575, 13.813079], [122.943575, 13.813618], [122.944114, 13.813618], [122.944114, 13.814696], [122.942497, 13.814696], [122.942497, 13.814157], [122.941419, 13.814157], [122.941419, 13.813079], [122.94088, 13.813079], [122.94088, 13.812001], [122.939802, 13.812001], [122.939802, 13.81254], [122.940341, 13.81254], [122.940341, 13.813079], [122.939802, 13.813079], [122.939802, 13.813618], [122.939263, 13.813618], [122.939263, 13.814157], [122.937646, 13.814157], [122.937646, 13.813618], [122.936029, 13.813618], [122.936029, 13.814696], [122.934951, 13.814696], [122.934951, 13.816313], [122.934412, 13.816313], [122.934412, 13.816852], [122.933334, 13.816852], [122.933334, 13.81793], [122.933873, 13.81793], [122.933873, 13.818469], [122.934412, 13.818469], [122.934412, 13.819008], [122.934951, 13.819008], [122.934951, 13.820086], [122.934412, 13.820086], [122.934412, 13.82332], [122.934951, 13.82332], [122.934951, 13.824398], [122.934412, 13.824398], [122.934412, 13.826554], [122.934951, 13.826554], [122.934951, 13.827093], [122.934412, 13.827093], [122.934412, 13.827632], [122.933873, 13.827632], [122.933873, 13.827093], [122.933334, 13.827093], [122.933334, 13.826554], [122.932795, 13.826554], [122.932795, 13.826015], [122.931718, 13.826015], [122.931718, 13.827093], [122.932257, 13.827093], [122.932257, 13.829788], [122.931718, 13.829788], [122.931718, 13.830327], [122.932257, 13.830327], [122.932257, 13.830866], [122.932795, 13.830866], [122.932795, 13.831944], [122.931718, 13.831944], [122.931718, 13.832483], [122.93064, 13.832483], [122.93064, 13.831944], [122.930101, 13.831944], [122.930101, 13.830866], [122.929562, 13.830866], [122.929562, 13.830327], [122.928484, 13.830327], [122.928484, 13.831944], [122.929023, 13.831944], [122.929023, 13.834099], [122.928484, 13.834099], [122.928484, 13.835177], [122.927945, 13.835177], [122.927945, 13.836255], [122.929562, 13.836255], [122.929562, 13.835716], [122.930101, 13.835716], [122.930101, 13.835177], [122.931179, 13.835177], [122.931179, 13.836794], [122.932257, 13.836794], [122.932257, 13.835177], [122.931718, 13.835177], [122.931718, 13.834638], [122.932257, 13.834638], [122.932257, 13.83356], [122.932795, 13.83356], [122.932795, 13.833021], [122.933873, 13.833021], [122.933873, 13.83356], [122.934412, 13.83356], [122.934412, 13.834099], [122.93549, 13.834099], [122.93549, 13.834638], [122.936029, 13.834638], [122.936029, 13.834099], [122.937107, 13.834099], [122.937107, 13.83356], [122.936568, 13.83356], [122.936568, 13.833021], [122.93549, 13.833021], [122.93549, 13.832483], [122.934412, 13.832483], [122.934412, 13.831405], [122.937107, 13.831405], [122.937107, 13.831944], [122.938185, 13.831944], [122.938185, 13.830327], [122.937646, 13.830327], [122.937646, 13.828171], [122.938185, 13.828171], [122.938185, 13.827632], [122.938724, 13.827632], [122.938724, 13.827093], [122.939263, 13.827093], [122.939263, 13.826554], [122.939802, 13.826554], [122.939802, 13.826015], [122.938724, 13.826015], [122.938724, 13.825476], [122.940341, 13.825476], [122.940341, 13.826554], [122.94088, 13.826554], [122.94088, 13.827093], [122.942497, 13.827093], [122.942497, 13.826554], [122.943036, 13.826554], [122.943036, 13.825476], [122.943575, 13.825476], [122.943575, 13.824937], [122.944114, 13.824937], [122.944114, 13.824398], [122.944653, 13.824398], [122.944653, 13.822781], [122.944114, 13.822781], [122.944114, 13.822242], [122.943575, 13.822242], [122.943575, 13.821703], [122.942497, 13.821703], [122.942497, 13.822242], [122.941419, 13.822242], [122.941419, 13.822781], [122.940341, 13.822781], [122.940341, 13.82332], [122.939802, 13.82332], [122.939802, 13.823859], [122.938724, 13.823859], [122.938724, 13.822781], [122.939263, 13.822781], [122.939263, 13.822242], [122.939802, 13.822242], [122.939802, 13.821164], [122.940341, 13.821164], [122.940341, 13.820625], [122.94088, 13.820625], [122.94088, 13.821164], [122.941958, 13.821164], [122.941958, 13.820625], [122.944653, 13.820625], [122.944653, 13.821164], [122.945192, 13.821164], [122.945192, 13.821703], [122.946809, 13.821703], [122.946809, 13.822242], [122.947348, 13.822242], [122.947348, 13.822781], [122.947887, 13.822781], [122.947887, 13.82332], [122.948965, 13.82332], [122.948965, 13.824937], [122.948426, 13.824937], [122.948426, 13.825476], [122.948965, 13.825476], [122.948965, 13.826015], [122.949504, 13.826015], [122.949504, 13.826554], [122.950043, 13.826554], [122.950043, 13.824937], [122.949504, 13.824937], [122.949504, 13.823859], [122.951121, 13.823859], [122.951121, 13.824398], [122.95166, 13.824398], [122.95166, 13.825476], [122.952199, 13.825476], [122.952199, 13.826015], [122.952738, 13.826015], [122.952738, 13.827093], [122.953277, 13.827093], [122.953277, 13.827632], [122.955433, 13.827632], [122.955433, 13.828171], [122.955972, 13.828171], [122.955972, 13.82871], [122.956511, 13.82871], [122.956511, 13.829249], [122.95705, 13.829249], [122.95705, 13.830327], [122.958128, 13.830327], [122.958128, 13.830866], [122.958667, 13.830866], [122.958667, 13.831405], [122.960823, 13.831405], [122.960823, 13.830866], [122.961362, 13.830866], [122.961362, 13.831405], [122.961901, 13.831405], [122.961901, 13.831944], [122.96244, 13.831944], [122.96244, 13.832483], [122.962979, 13.832483], [122.962979, 13.834099], [122.96244, 13.834099], [122.96244, 13.834638], [122.961901, 13.834638], [122.961901, 13.835177], [122.961362, 13.835177], [122.961362, 13.835716], [122.960284, 13.835716], [122.960284, 13.835177], [122.959745, 13.835177], [122.959745, 13.834638], [122.959206, 13.834638], [122.959206, 13.834099], [122.957589, 13.834099], [122.957589, 13.83356], [122.956511, 13.83356], [122.956511, 13.833021], [122.955433, 13.833021], [122.955433, 13.832483], [122.954355, 13.832483], [122.954355, 13.831944], [122.953277, 13.831944], [122.953277, 13.832483], [122.952738, 13.832483], [122.952738, 13.833021], [122.952199, 13.833021], [122.952199, 13.83356], [122.95166, 13.83356], [122.95166, 13.834638], [122.952199, 13.834638], [122.952199, 13.835716], [122.952738, 13.835716], [122.952738, 13.836794], [122.952199, 13.836794], [122.952199, 13.836255], [122.951121, 13.836255], [122.951121, 13.836794], [122.950582, 13.836794], [122.950582, 13.837333], [122.948965, 13.837333], [122.948965, 13.837872], [122.947887, 13.837872], [122.947887, 13.837333], [122.948426, 13.837333], [122.948426, 13.836794], [122.947348, 13.836794], [122.947348, 13.836255], [122.94627, 13.836255], [122.94627, 13.836794], [122.944653, 13.836794], [122.944653, 13.837333], [122.944114, 13.837333], [122.944114, 13.837872], [122.942497, 13.837872], [122.942497, 13.837333], [122.941958, 13.837333], [122.941958, 13.837872], [122.941419, 13.837872], [122.941419, 13.837333], [122.94088, 13.837333], [122.94088, 13.836255], [122.940341, 13.836255], [122.940341, 13.835716], [122.941958, 13.835716], [122.941958, 13.835177], [122.941419, 13.835177], [122.941419, 13.834638], [122.94088, 13.834638], [122.94088, 13.835177], [122.939802, 13.835177], [122.939802, 13.834099], [122.939263, 13.834099], [122.939263, 13.834638], [122.938724, 13.834638], [122.938724, 13.836255], [122.938185, 13.836255], [122.938185, 13.836794], [122.938724, 13.836794], [122.938724, 13.837872], [122.938185, 13.837872], [122.938185, 13.838411], [122.937646, 13.838411], [122.937646, 13.83895], [122.936568, 13.83895], [122.936568, 13.839489], [122.936029, 13.839489], [122.936029, 13.840028], [122.937107, 13.840028], [122.937107, 13.840567], [122.937646, 13.840567], [122.937646, 13.841645], [122.937107, 13.841645], [122.937107, 13.843262], [122.937646, 13.843262], [122.937646, 13.843801], [122.939263, 13.843801], [122.939263, 13.84434], [122.938724, 13.84434], [122.938724, 13.844879], [122.938185, 13.844879], [122.938185, 13.845418], [122.938724, 13.845418], [122.938724, 13.847574], [122.938185, 13.847574], [122.938185, 13.849191], [122.938724, 13.849191], [122.938724, 13.851886], [122.938185, 13.851886], [122.938185, 13.851347], [122.937646, 13.851347], [122.937646, 13.850808], [122.937107, 13.850808], [122.937107, 13.850269], [122.936029, 13.850269], [122.936029, 13.851886], [122.936568, 13.851886], [122.936568, 13.852425], [122.937107, 13.852425], [122.937107, 13.853503], [122.93549, 13.853503], [122.93549, 13.85512], [122.934951, 13.85512], [122.934951, 13.855659], [122.934412, 13.855659], [122.934412, 13.856198], [122.931179, 13.856198], [122.931179, 13.855659], [122.930101, 13.855659], [122.930101, 13.857276], [122.93064, 13.857276], [122.93064, 13.858354], [122.930101, 13.858354], [122.930101, 13.859432], [122.93064, 13.859432], [122.93064, 13.858893], [122.932257, 13.858893], [122.932257, 13.859432], [122.933334, 13.859432], [122.933334, 13.859971], [122.933873, 13.859971], [122.933873, 13.86051], [122.934412, 13.86051], [122.934412, 13.861588], [122.934951, 13.861588], [122.934951, 13.863205], [122.934412, 13.863205], [122.934412, 13.864283], [122.934951, 13.864283], [122.934951, 13.865361], [122.93549, 13.865361], [122.93549, 13.866439], [122.936029, 13.866439], [122.936029, 13.867517], [122.937107, 13.867517], [122.937107, 13.868056], [122.937646, 13.868056], [122.937646, 13.870751], [122.938185, 13.870751], [122.938185, 13.87129], [122.938724, 13.87129], [122.938724, 13.872368], [122.94088, 13.872368], [122.94088, 13.872907], [122.941419, 13.872907], [122.941419, 13.874524], [122.94088, 13.874524], [122.94088, 13.875063], [122.940341, 13.875063], [122.940341, 13.876141], [122.94088, 13.876141], [122.94088, 13.87668], [122.941419, 13.87668], [122.941419, 13.877219], [122.941958, 13.877219], [122.941958, 13.878836], [122.942497, 13.878836], [122.942497, 13.879914], [122.943036, 13.879914], [122.943036, 13.880453], [122.943575, 13.880453], [122.943575, 13.878297], [122.943036, 13.878297], [122.943036, 13.877219], [122.943575, 13.877219], [122.943575, 13.87668], [122.944653, 13.87668], [122.944653, 13.876141], [122.945192, 13.876141], [122.945192, 13.875602], [122.945731, 13.875602], [122.945731, 13.875063], [122.947348, 13.875063], [122.947348, 13.875602], [122.947887, 13.875602], [122.947887, 13.876141], [122.948426, 13.876141], [122.948426, 13.87668], [122.949504, 13.87668], [122.949504, 13.877219], [122.950043, 13.877219], [122.950043, 13.877758], [122.950582, 13.877758], [122.950582, 13.878297], [122.95166, 13.878297], [122.95166, 13.877219], [122.951121, 13.877219], [122.951121, 13.87668], [122.950582, 13.87668], [122.950582, 13.876141], [122.951121, 13.876141], [122.951121, 13.875063], [122.950582, 13.875063], [122.950582, 13.874524], [122.950043, 13.874524], [122.950043, 13.873446], [122.949504, 13.873446], [122.949504, 13.872907], [122.948965, 13.872907], [122.948965, 13.871829], [122.950043, 13.871829], [122.950043, 13.872368], [122.952199, 13.872368], [122.952199, 13.873985], [122.954894, 13.873985], [122.954894, 13.875063], [122.954355, 13.875063], [122.954355, 13.875602], [122.954894, 13.875602], [122.954894, 13.876141], [122.955433, 13.876141], [122.955433, 13.875602], [122.955972, 13.875602], [122.955972, 13.875063], [122.956511, 13.875063], [122.956511, 13.874524], [122.95705, 13.874524], [122.95705, 13.873446], [122.954894, 13.873446], [122.954894, 13.872907], [122.954355, 13.872907], [122.954355, 13.871829], [122.953816, 13.871829], [122.953816, 13.870751], [122.952738, 13.870751], [122.952738, 13.870212], [122.952199, 13.870212], [122.952199, 13.869673], [122.95166, 13.869673], [122.95166, 13.869134], [122.952199, 13.869134], [122.952199, 13.868595], [122.952738, 13.868595], [122.952738, 13.869134], [122.954355, 13.869134], [122.954355, 13.868595], [122.954894, 13.868595], [122.954894, 13.869673], [122.955433, 13.869673], [122.955433, 13.870212], [122.95705, 13.870212], [122.95705, 13.869673], [122.956511, 13.869673], [122.956511, 13.869134], [122.95705, 13.869134], [122.95705, 13.868595], [122.957589, 13.868595], [122.957589, 13.869134], [122.958667, 13.869134], [122.958667, 13.869673], [122.960284, 13.869673], [122.960284, 13.869134], [122.960823, 13.869134], [122.960823, 13.869673], [122.961362, 13.869673], [122.961362, 13.870212], [122.96244, 13.870212], [122.96244, 13.868595], [122.961901, 13.868595], [122.961901, 13.867517], [122.961362, 13.867517], [122.961362, 13.866439], [122.960284, 13.866439], [122.960284, 13.8659], [122.959206, 13.8659], [122.959206, 13.864822], [122.960284, 13.864822], [122.960284, 13.865361], [122.961362, 13.865361], [122.961362, 13.863744], [122.960823, 13.863744], [122.960823, 13.862666], [122.962979, 13.862666], [122.962979, 13.863205], [122.963518, 13.863205], [122.963518, 13.863744], [122.964057, 13.863744], [122.964057, 13.864283], [122.964596, 13.864283], [122.964596, 13.864822], [122.965674, 13.864822], [122.965674, 13.865361], [122.966213, 13.865361], [122.966213, 13.864822], [122.966752, 13.864822], [122.966752, 13.863205], [122.966213, 13.863205], [122.966213, 13.862666], [122.964596, 13.862666], [122.964596, 13.862127], [122.963518, 13.862127], [122.963518, 13.861049], [122.962979, 13.861049], [122.962979, 13.859971], [122.96244, 13.859971], [122.96244, 13.859432], [122.961901, 13.859432], [122.961901, 13.858354], [122.961362, 13.858354], [122.961362, 13.857815], [122.960284, 13.857815], [122.960284, 13.857276], [122.959206, 13.857276], [122.959206, 13.856737], [122.958667, 13.856737], [122.958667, 13.856198], [122.957589, 13.856198], [122.957589, 13.85512], [122.959745, 13.85512], [122.959745, 13.855659], [122.960284, 13.855659], [122.960284, 13.856198], [122.960823, 13.856198], [122.960823, 13.855659], [122.961901, 13.855659], [122.961901, 13.85512], [122.96244, 13.85512], [122.96244, 13.854581], [122.961901, 13.854581], [122.961901, 13.854042], [122.96244, 13.854042], [122.96244, 13.852964], [122.962979, 13.852964], [122.962979, 13.852425], [122.96244, 13.852425], [122.96244, 13.851886], [122.961901, 13.851886], [122.961901, 13.851347], [122.961362, 13.851347], [122.961362, 13.850269], [122.962979, 13.850269], [122.962979, 13.850808], [122.964596, 13.850808], [122.964596, 13.850269], [122.965135, 13.850269], [122.965135, 13.84973], [122.964596, 13.84973], [122.964596, 13.849191], [122.964057, 13.849191], [122.964057, 13.847035], [122.963518, 13.847035], [122.963518, 13.846496], [122.962979, 13.846496], [122.962979, 13.842184], [122.963518, 13.842184], [122.963518, 13.840567], [122.964596, 13.840567], [122.964596, 13.843262], [122.965135, 13.843262], [122.965135, 13.84434], [122.965674, 13.84434], [122.965674, 13.845418], [122.965135, 13.845418], [122.965135, 13.847035], [122.965674, 13.847035], [122.965674, 13.847574], [122.966752, 13.847574], [122.966752, 13.848113], [122.96783, 13.848113], [122.96783, 13.847574], [122.968369, 13.847574], [122.968369, 13.847035], [122.96783, 13.847035], [122.96783, 13.846496], [122.966752, 13.846496], [122.966752, 13.843262], [122.966213, 13.843262], [122.966213, 13.841106], [122.966752, 13.841106], [122.966752, 13.83895], [122.966213, 13.83895], [122.966213, 13.836794], [122.967291, 13.836794], [122.967291, 13.837333], [122.968908, 13.837333], [122.968908, 13.836794], [122.969447, 13.836794], [122.969447, 13.836255], [122.969986, 13.836255], [122.969986, 13.835177], [122.968908, 13.835177], [122.968908, 13.834638], [122.968369, 13.834638], [122.968369, 13.834099], [122.96783, 13.834099], [122.96783, 13.83356], [122.967291, 13.83356], [122.967291, 13.833021], [122.964596, 13.833021], [122.964596, 13.832483], [122.964057, 13.832483], [122.964057, 13.831944], [122.964596, 13.831944], [122.964596, 13.831405], [122.965135, 13.831405], [122.965135, 13.830866], [122.964596, 13.830866], [122.964596, 13.830327], [122.964057, 13.830327], [122.964057, 13.829788], [122.963518, 13.829788], [122.963518, 13.829249], [122.960823, 13.829249], [122.960823, 13.82871], [122.960284, 13.82871], [122.960284, 13.828171], [122.959745, 13.828171], [122.959745, 13.826015], [122.958667, 13.826015], [122.958667, 13.825476], [122.957589, 13.825476], [122.957589, 13.824937], [122.95705, 13.824937], [122.95705, 13.824398], [122.956511, 13.824398], [122.956511, 13.823859], [122.954355, 13.823859], [122.954355, 13.822781], [122.953816, 13.822781], [122.953816, 13.821164], [122.954355, 13.821164], [122.954355, 13.820625], [122.956511, 13.820625], [122.956511, 13.820086], [122.95705, 13.820086], [122.95705, 13.819547], [122.956511, 13.819547], [122.956511, 13.819008], [122.955433, 13.819008], [122.955433, 13.81793], [122.956511, 13.81793], [122.956511, 13.817391], [122.957589, 13.817391], [122.957589, 13.81793], [122.958667, 13.81793], [122.958667, 13.818469], [122.959206, 13.818469], [122.959206, 13.819008], [122.959745, 13.819008], [122.959745, 13.819547], [122.960284, 13.819547], [122.960284, 13.820086], [122.960823, 13.820086], [122.960823, 13.821164], [122.961362, 13.821164], [122.961362, 13.821703], [122.961901, 13.821703], [122.961901, 13.822242], [122.962979, 13.822242], [122.962979, 13.821164], [122.96244, 13.821164], [122.96244, 13.820625], [122.961901, 13.820625], [122.961901, 13.819547], [122.961362, 13.819547], [122.961362, 13.819008], [122.960823, 13.819008], [122.960823, 13.818469], [122.960284, 13.818469], [122.960284, 13.816852], [122.959745, 13.816852], [122.959745, 13.816313], [122.959206, 13.816313], [122.959206, 13.814696], [122.959745, 13.814696], [122.959745, 13.813618], [122.960284, 13.813618], [122.960284, 13.813079], [122.960823, 13.813079], [122.960823, 13.81254], [122.961901, 13.81254], [122.961901, 13.814696], [122.96244, 13.814696], [122.96244, 13.815774], [122.962979, 13.815774], [122.962979, 13.816313], [122.964057, 13.816313], [122.964057, 13.814157], [122.963518, 13.814157], [122.963518, 13.813079], [122.962979, 13.813079], [122.962979, 13.81254], [122.963518, 13.81254], [122.963518, 13.811462], [122.965674, 13.811462], [122.965674, 13.812001], [122.966752, 13.812001], [122.966752, 13.81254], [122.967291, 13.81254], [122.967291, 13.812001], [122.968908, 13.812001], [122.968908, 13.81254], [122.969447, 13.81254], [122.969447, 13.813079], [122.970525, 13.813079], [122.970525, 13.813618], [122.971064, 13.813618], [122.971064, 13.814157], [122.971603, 13.814157], [122.971603, 13.815235], [122.972142, 13.815235], [122.972142, 13.816852], [122.972681, 13.816852], [122.972681, 13.817391], [122.97322, 13.817391], [122.97322, 13.81793], [122.973759, 13.81793], [122.973759, 13.818469], [122.974837, 13.818469], [122.974837, 13.816852], [122.974298, 13.816852], [122.974298, 13.816313], [122.973759, 13.816313], [122.973759, 13.815235], [122.97322, 13.815235], [122.97322, 13.814696], [122.972681, 13.814696], [122.972681, 13.813079], [122.97322, 13.813079], [122.97322, 13.812001], [122.972681, 13.812001], [122.972681, 13.811462], [122.972142, 13.811462], [122.972142, 13.810923], [122.971603, 13.810923], [122.971603, 13.810384], [122.972142, 13.810384], [122.972142, 13.809845], [122.972681, 13.809845], [122.972681, 13.809306], [122.973759, 13.809306], [122.973759, 13.809845], [122.974298, 13.809845], [122.974298, 13.810384], [122.974837, 13.810384], [122.974837, 13.810923], [122.975376, 13.810923], [122.975376, 13.811462], [122.975915, 13.811462], [122.975915, 13.812001], [122.976454, 13.812001], [122.976454, 13.811462], [122.977532, 13.811462], [122.977532, 13.810923], [122.97861, 13.810923], [122.97861, 13.811462], [122.981305, 13.811462], [122.981305, 13.810923], [122.980766, 13.810923], [122.980766, 13.810384], [122.980227, 13.810384], [122.980227, 13.809845], [122.979688, 13.809845], [122.979688, 13.809306], [122.979149, 13.809306], [122.979149, 13.808228], [122.97861, 13.808228], [122.97861, 13.806072], [122.978071, 13.806072], [122.978071, 13.805533], [122.977532, 13.805533], [122.977532, 13.804994], [122.976454, 13.804994], [122.976454, 13.804455], [122.975376, 13.804455], [122.975376, 13.803916], [122.974837, 13.803916], [122.974837, 13.803377], [122.974298, 13.803377], [122.974298, 13.802838], [122.97322, 13.802838], [122.97322, 13.802299], [122.972681, 13.802299], [122.972681, 13.801221], [122.972142, 13.801221], [122.972142, 13.799604], [122.97322, 13.799604], [122.97322, 13.800682], [122.974837, 13.800682], [122.974837, 13.799604], [122.975915, 13.799604], [122.975915, 13.797987], [122.975376, 13.797987], [122.975376, 13.796909], [122.976454, 13.796909], [122.976454, 13.797448], [122.976993, 13.797448], [122.976993, 13.797987], [122.978071, 13.797987], [122.978071, 13.797448], [122.979149, 13.797448], [122.979149, 13.796909], [122.980766, 13.796909], [122.980766, 13.797448], [122.982382, 13.797448], [122.982382, 13.795831], [122.981844, 13.795831], [122.981844, 13.795292], [122.981305, 13.795292], [122.981305, 13.794214], [122.980766, 13.794214], [122.980766, 13.793675], [122.980227, 13.793675], [122.980227, 13.793136], [122.979688, 13.793136], [122.979688, 13.792058], [122.980766, 13.792058], [122.980766, 13.792597], [122.981305, 13.792597], [122.981305, 13.793136], [122.981844, 13.793136], [122.981844, 13.792597], [122.983999, 13.792597], [122.983999, 13.793136], [122.985077, 13.793136], [122.985077, 13.793675], [122.985616, 13.793675], [122.985616, 13.794214], [122.986694, 13.794214], [122.986694, 13.792597], [122.985616, 13.792597], [122.985616, 13.792058], [122.985077, 13.792058], [122.985077, 13.789902], [122.984538, 13.789902], [122.984538, 13.790441], [122.983999, 13.790441], [122.983999, 13.789902], [122.98346, 13.789902], [122.98346, 13.790441], [122.982382, 13.790441], [122.982382, 13.79098], [122.981844, 13.79098], [122.981844, 13.791519], [122.981305, 13.791519], [122.981305, 13.79098], [122.980766, 13.79098], [122.980766, 13.787746], [122.981305, 13.787746], [122.981305, 13.787207], [122.981844, 13.787207], [122.981844, 13.787746], [122.982382, 13.787746], [122.982382, 13.788285], [122.982921, 13.788285], [122.982921, 13.788824], [122.984538, 13.788824], [122.984538, 13.787746], [122.983999, 13.787746], [122.983999, 13.786668], [122.985077, 13.786668], [122.985077, 13.787207], [122.986155, 13.787207], [122.986155, 13.786129], [122.988311, 13.786129], [122.988311, 13.786668], [122.98885, 13.786668], [122.98885, 13.787207], [122.989389, 13.787207], [122.989389, 13.786668], [122.989928, 13.786668], [122.989928, 13.786129], [122.990467, 13.786129], [122.990467, 13.78559], [122.989928, 13.78559], [122.989928, 13.785051], [122.989389, 13.785051], [122.989389, 13.784512], [122.98885, 13.784512], [122.98885, 13.785051], [122.988311, 13.785051], [122.988311, 13.783973], [122.987772, 13.783973], [122.987772, 13.782895], [122.988311, 13.782895], [122.988311, 13.782357], [122.989389, 13.782357], [122.989389, 13.781818], [122.989928, 13.781818], [122.989928, 13.781279], [122.990467, 13.781279], [122.990467, 13.780201], [122.991545, 13.780201], [122.991545, 13.781818], [122.991006, 13.781818], [122.991006, 13.783973], [122.991545, 13.783973], [122.991545, 13.78559], [122.992084, 13.78559], [122.992084, 13.787746], [122.992623, 13.787746], [122.992623, 13.788824], [122.993162, 13.788824], [122.993162, 13.789363], [122.993701, 13.789363], [122.993701, 13.789902], [122.99424, 13.789902], [122.99424, 13.787746], [122.993701, 13.787746], [122.993701, 13.787207], [122.993162, 13.787207], [122.993162, 13.786129], [122.993701, 13.786129], [122.993701, 13.785051], [122.994779, 13.785051], [122.994779, 13.786129], [122.99424, 13.786129], [122.99424, 13.787207], [122.995318, 13.787207], [122.995318, 13.787746], [122.995857, 13.787746], [122.995857, 13.788824], [122.996396, 13.788824], [122.996396, 13.789363], [122.998013, 13.789363], [122.998013, 13.789902], [122.998552, 13.789902], [122.998552, 13.790441], [122.999091, 13.790441], [122.999091, 13.792058], [122.99963, 13.792058], [122.99963, 13.793136], [123.000169, 13.793136], [123.000169, 13.794753], [122.99963, 13.794753], [122.99963, 13.795292], [123.000169, 13.795292], [123.000169, 13.799191], [123.000642, 13.785364], [123.003522, 13.781302], [123.004811, 13.768696], [123.006973, 13.765648], [123.005559, 13.765648], [123.005559, 13.766187], [123.00502, 13.766187], [123.00502, 13.766726], [123.004481, 13.766726], [123.004481, 13.767804], [123.003942, 13.767804], [123.003942, 13.768343], [123.003403, 13.768343], [123.003403, 13.768882], [123.002864, 13.768882], [123.002864, 13.769421], [123.001786, 13.769421], [123.001786, 13.76996], [123.001247, 13.76996], [123.001247, 13.770499], [123.000708, 13.770499], [123.000708, 13.772116], [123.001247, 13.772116], [123.001247, 13.773194], [123.001786, 13.773194], [123.001786, 13.774811], [123.001247, 13.774811], [123.001247, 13.775889], [123.000708, 13.775889], [123.000708, 13.776967], [122.99963, 13.776967], [122.99963, 13.778045], [122.999091, 13.778045], [122.999091, 13.777506], [122.996935, 13.777506], [122.996935, 13.78074], [122.996396, 13.78074], [122.996396, 13.780201], [122.995318, 13.780201], [122.995318, 13.781279], [122.994779, 13.781279], [122.994779, 13.781818], [122.99424, 13.781818], [122.99424, 13.779662], [122.992623, 13.779662], [122.992623, 13.778045], [122.993701, 13.778045], [122.993701, 13.778584], [122.994779, 13.778584], [122.994779, 13.778045], [122.996396, 13.778045], [122.996396, 13.776967], [122.995857, 13.776967], [122.995857, 13.776428], [122.995318, 13.776428], [122.995318, 13.775889], [122.994779, 13.775889], [122.994779, 13.774811], [122.995857, 13.774811], [122.995857, 13.773194], [122.996396, 13.773194], [122.996396, 13.772655], [122.998013, 13.772655], [122.998013, 13.773194], [122.998552, 13.773194], [122.998552, 13.77535], [122.999091, 13.77535], [122.999091, 13.775889], [122.99963, 13.775889], [122.99963, 13.77535], [123.000169, 13.77535], [123.000169, 13.772655], [122.99963, 13.772655], [122.99963, 13.772116], [122.999091, 13.772116], [122.999091, 13.76996], [122.99963, 13.76996], [122.99963, 13.769421], [123.000169, 13.769421], [123.000169, 13.768882], [123.000708, 13.768882], [123.000708, 13.768343], [123.002325, 13.768343], [123.002325, 13.767804], [123.002864, 13.767804], [123.002864, 13.766187], [123.003403, 13.766187], [123.003403, 13.765648], [123.004481, 13.765648], [123.004481, 13.765109], [123.00502, 13.765109], [123.00502, 13.76457], [123.007176, 13.76457], [123.007176, 13.765362], [123.007692, 13.764634], [123.008334, 13.758333], [123.027423, 13.757981], [123.035075, 13.750352], [123.039957, 13.749643], [123.045478, 13.744091], [123.046191, 13.739213], [123.055908, 13.729519], [123.085784, 13.728814], [123.099647, 13.714924], [123.099999, 13.708333], [123.106621, 13.707977], [123.116315, 13.698256], [123.116667, 13.695835], [123.119093, 13.696187], [123.12464, 13.701712], [123.125001, 13.704169], [123.131378, 13.703598], [123.140729, 13.695264], [123.143877, 13.696401], [123.148862, 13.700262], [123.150566, 13.693623], [123.153598, 13.689712], [123.154169, 13.687501], [123.158182, 13.686292], [123.166065, 13.677089], [123.163105, 13.67291], [123.17019, 13.664634], [123.171871, 13.659051], [123.190894, 13.657593], [123.191665, 13.649999], [123.202425, 13.650352], [123.205907, 13.653812], [123.227423, 13.654521], [123.23091, 13.657981], [123.239926, 13.658686], [123.243409, 13.662146], [123.273258, 13.662855], [123.273437, 13.663032], [123.273437, 13.662701], [123.266969, 13.662701], [123.266969, 13.661084], [123.267508, 13.661084], [123.267508, 13.660545], [123.268047, 13.660545], [123.268047, 13.660006], [123.267508, 13.660006], [123.267508, 13.659467], [123.268047, 13.659467], [123.268047, 13.658389], [123.268586, 13.658389], [123.268586, 13.65785], [123.269125, 13.65785], [123.269125, 13.655155], [123.268586, 13.655155], [123.268586, 13.654616], [123.268047, 13.654616], [123.268047, 13.653538], [123.268586, 13.653538], [123.268586, 13.65246], [123.269125, 13.65246], [123.269125, 13.650843], [123.268047, 13.650843], [123.268047, 13.650304], [123.267508, 13.650304], [123.267508, 13.649765], [123.268047, 13.649765], [123.268047, 13.649226], [123.269125, 13.649226], [123.269125, 13.648687], [123.270203, 13.648687], [123.270203, 13.64707], [123.269664, 13.64707], [123.269664, 13.644914], [123.270203, 13.644914], [123.270203, 13.643836], [123.270742, 13.643836], [123.270742, 13.641141], [123.271281, 13.641141], [123.271281, 13.640602], [123.272359, 13.640602], [123.272359, 13.640063], [123.272898, 13.640063], [123.272898, 13.639524], [123.273437, 13.639524], [123.273437, 13.638985], [123.273976, 13.638985], [123.273976, 13.638446], [123.274515, 13.638446], [123.274515, 13.637907], [123.275054, 13.637907], [123.275054, 13.636829], [123.275593, 13.636829], [123.275593, 13.63629], [123.276132, 13.63629], [123.276132, 13.635212], [123.275593, 13.635212], [123.275593, 13.633595], [123.276132, 13.633595], [123.276132, 13.633057], [123.27721, 13.633057], [123.27721, 13.632518], [123.278288, 13.632518], [123.278288, 13.631979], [123.279905, 13.631979], [123.279905, 13.63144], [123.280444, 13.63144], [123.280444, 13.629284], [123.279905, 13.629284], [123.279905, 13.626589], [123.280444, 13.626589], [123.280444, 13.62605], [123.280982, 13.62605], [123.280982, 13.625511], [123.281521, 13.625511], [123.281521, 13.624972], [123.28206, 13.624972], [123.28206, 13.624433], [123.282599, 13.624433], [123.282599, 13.623355], [123.283138, 13.623355], [123.283138, 13.622277], [123.283677, 13.622277], [123.283677, 13.621738], [123.285294, 13.621738], [123.285294, 13.622277], [123.285833, 13.622277], [123.285833, 13.621738], [123.286372, 13.621738], [123.286372, 13.621199], [123.285833, 13.621199], [123.285833, 13.619582], [123.28745, 13.619582], [123.28745, 13.619043], [123.287989, 13.619043], [123.287989, 13.618504], [123.288528, 13.618504], [123.288528, 13.616887], [123.289067, 13.616887], [123.289067, 13.616348], [123.289606, 13.616348], [123.289606, 13.615809], [123.290684, 13.615809], [123.290684, 13.61527], [123.290145, 13.61527], [123.290145, 13.614192], [123.291223, 13.614192], [123.291223, 13.613653], [123.291762, 13.613653], [123.291762, 13.613114], [123.292301, 13.613114], [123.292301, 13.612036], [123.29284, 13.612036], [123.29284, 13.610958], [123.293379, 13.610958], [123.293379, 13.60988], [123.294457, 13.60988], [123.294457, 13.610958], [123.294996, 13.610958], [123.294996, 13.612036], [123.295535, 13.612036], [123.295535, 13.612575], [123.296613, 13.612575], [123.296613, 13.611497], [123.297152, 13.611497], [123.297152, 13.610958], [123.29823, 13.610958], [123.29823, 13.610419], [123.298769, 13.610419], [123.298769, 13.60988], [123.299308, 13.60988], [123.299308, 13.609341], [123.299847, 13.609341], [123.299847, 13.608802], [123.300386, 13.608802], [123.300386, 13.608263], [123.300925, 13.608263], [123.300925, 13.607724], [123.300386, 13.607724], [123.300386, 13.606107], [123.299847, 13.606107], [123.299847, 13.605568], [123.300386, 13.605568], [123.300386, 13.605029], [123.301464, 13.605029], [123.301464, 13.605568], [123.302003, 13.605568], [123.302003, 13.606107], [123.302542, 13.606107], [123.302542, 13.606646], [123.303081, 13.606646], [123.303081, 13.603412], [123.304159, 13.603412], [123.304159, 13.602873], [123.306315, 13.602873], [123.306315, 13.600178], [123.306854, 13.600178], [123.306854, 13.5991], [123.307393, 13.5991], [123.307393, 13.598561], [123.308471, 13.598561], [123.308471, 13.598022], [123.30901, 13.598022], [123.30901, 13.596944], [123.309549, 13.596944], [123.309549, 13.596405], [123.310088, 13.596405], [123.310088, 13.595327], [123.310627, 13.595327], [123.310627, 13.594788], [123.311705, 13.594788], [123.311705, 13.594249], [123.312244, 13.594249], [123.312244, 13.59371], [123.312783, 13.59371], [123.312783, 13.592632], [123.313322, 13.592632], [123.313322, 13.591554], [123.313861, 13.591554], [123.313861, 13.591015], [123.316017, 13.591015], [123.316017, 13.590476], [123.316556, 13.590476], [123.316556, 13.589937], [123.317095, 13.589937], [123.317095, 13.589398], [123.317634, 13.589398], [123.317634, 13.588859], [123.318173, 13.588859], [123.318173, 13.587781], [123.31979, 13.587781], [123.31979, 13.589398], [123.321407, 13.589398], [123.321407, 13.587781], [123.321946, 13.587781], [123.321946, 13.587242], [123.322485, 13.587242], [123.322485, 13.587781], [123.323563, 13.587781], [123.323563, 13.58832], [123.32518, 13.58832], [123.32518, 13.587781], [123.326258, 13.587781], [123.326258, 13.587242], [123.328414, 13.587242], [123.328414, 13.586703], [123.328953, 13.586703], [123.328953, 13.587242], [123.33057, 13.587242], [123.33057, 13.587781], [123.331647, 13.587781], [123.331647, 13.585625], [123.332725, 13.585625], [123.332725, 13.586164], [123.333264, 13.586164], [123.333264, 13.585625], [123.333803, 13.585625], [123.333803, 13.584547], [123.333264, 13.584547], [123.333264, 13.584008], [123.333803, 13.584008], [123.333803, 13.58347], [123.33542, 13.58347], [123.33542, 13.582392], [123.336498, 13.582392], [123.336498, 13.581853], [123.338115, 13.581853], [123.338115, 13.580775], [123.338654, 13.580775], [123.338654, 13.579697], [123.339193, 13.579697], [123.339193, 13.579158], [123.34081, 13.579158], [123.34081, 13.579697], [123.341888, 13.579697], [123.341888, 13.57808], [123.341349, 13.57808], [123.341349, 13.575924], [123.341888, 13.575924], [123.341888, 13.575385], [123.344044, 13.575385], [123.344044, 13.575924], [123.345122, 13.575924], [123.345122, 13.577002], [123.345661, 13.577002], [123.345661, 13.577541], [123.3462, 13.577541], [123.3462, 13.57808], [123.347278, 13.57808], [123.347278, 13.577541], [123.347817, 13.577541], [123.347817, 13.577002], [123.348895, 13.577002], [123.348895, 13.578619], [123.350512, 13.578619], [123.350512, 13.57808], [123.351051, 13.57808], [123.351051, 13.576463], [123.352129, 13.576463], [123.352129, 13.577002], [123.352668, 13.577002], [123.352668, 13.577541], [123.353207, 13.577541], [123.353207, 13.577002], [123.354824, 13.577002], [123.354824, 13.576463], [123.355902, 13.576463], [123.355902, 13.575924], [123.358058, 13.575924], [123.358058, 13.576463], [123.358597, 13.576463], [123.358597, 13.575924], [123.359675, 13.575924], [123.359675, 13.575385], [123.360753, 13.575385], [123.360753, 13.574846], [123.361831, 13.574846], [123.361831, 13.575385], [123.365065, 13.575385], [123.365065, 13.575924], [123.365604, 13.575924], [123.365604, 13.576463], [123.367221, 13.576463], [123.367221, 13.577002], [123.368299, 13.577002], [123.368299, 13.577541], [123.369377, 13.577541], [123.369377, 13.57808], [123.369916, 13.57808], [123.369916, 13.578619], [123.370455, 13.578619], [123.370455, 13.579158], [123.370994, 13.579158], [123.370994, 13.579697], [123.372072, 13.579697], [123.372072, 13.579158], [123.372611, 13.579158], [123.372611, 13.578619], [123.37315, 13.578619], [123.37315, 13.57808], [123.373689, 13.57808], [123.373689, 13.577541], [123.374767, 13.577541], [123.374767, 13.57808], [123.376384, 13.57808], [123.376384, 13.577541], [123.377462, 13.577541], [123.377462, 13.57808], [123.378001, 13.57808], [123.378001, 13.577541], [123.379079, 13.577541], [123.379079, 13.577002], [123.379618, 13.577002], [123.379618, 13.576463], [123.380695, 13.576463], [123.380695, 13.575924], [123.383929, 13.575924], [123.383929, 13.575385], [123.384468, 13.575385], [123.384468, 13.574846], [123.385007, 13.574846], [123.385007, 13.574307], [123.387163, 13.574307], [123.387163, 13.573768], [123.387702, 13.573768], [123.387702, 13.573229], [123.38878, 13.573229], [123.38878, 13.573768], [123.389319, 13.573768], [123.389319, 13.574307], [123.390397, 13.574307], [123.390397, 13.574846], [123.391475, 13.574846], [123.391475, 13.574307], [123.392553, 13.574307], [123.392553, 13.574846], [123.393092, 13.574846], [123.393092, 13.575385], [123.393631, 13.575385], [123.393631, 13.577002], [123.395248, 13.577002], [123.395248, 13.576463], [123.396865, 13.576463], [123.396865, 13.577002], [123.397404, 13.577002], [123.397404, 13.577541], [123.398482, 13.577541], [123.398482, 13.577002], [123.39956, 13.577002], [123.39956, 13.577541], [123.400099, 13.577541], [123.400099, 13.57808], [123.400638, 13.57808], [123.400638, 13.578619], [123.401177, 13.578619], [123.401177, 13.579158], [123.401716, 13.579158], [123.401716, 13.579697], [123.402794, 13.579697], [123.402794, 13.57808], [123.403333, 13.57808], [123.403333, 13.576463], [123.403872, 13.576463], [123.403872, 13.575924], [123.405489, 13.575924], [123.405489, 13.575385], [123.406028, 13.575385], [123.406028, 13.574846], [123.407106, 13.574846], [123.407106, 13.575385], [123.407645, 13.575385], [123.407645, 13.575924], [123.408184, 13.575924], [123.408184, 13.576463], [123.41034, 13.576463], [123.41034, 13.577002], [123.410879, 13.577002], [123.410879, 13.578619], [123.411957, 13.578619], [123.411957, 13.577541], [123.412496, 13.577541], [123.412496, 13.577002], [123.413035, 13.577002], [123.413035, 13.577541], [123.413574, 13.577541], [123.413574, 13.57808], [123.414652, 13.57808], [123.414652, 13.577541], [123.415191, 13.577541], [123.415191, 13.577002], [123.41573, 13.577002], [123.41573, 13.576463], [123.416269, 13.576463], [123.416269, 13.575924], [123.417886, 13.575924], [123.417886, 13.575385], [123.419503, 13.575385], [123.419503, 13.575924], [123.420581, 13.575924], [123.420581, 13.575385], [123.422737, 13.575385], [123.422737, 13.575924], [123.424893, 13.575924], [123.424893, 13.576463], [123.427049, 13.576463], [123.427049, 13.577002], [123.428666, 13.577002], [123.428666, 13.577541], [123.429205, 13.577541], [123.429205, 13.57808], [123.429744, 13.57808], [123.429744, 13.578619], [123.431899, 13.578619], [123.431899, 13.579158], [123.432438, 13.579158], [123.432438, 13.579697], [123.432914, 13.579697], [123.433901, 13.568621], [123.436933, 13.56471], [123.438066, 13.560291], [123.441098, 13.556376], [123.442235, 13.535289], [123.445267, 13.531378], [123.4464, 13.526955], [123.447431, 13.525798], [123.446991, 13.525798], [123.446991, 13.525259], [123.446452, 13.525259], [123.446452, 13.52472], [123.446991, 13.52472], [123.446991, 13.524181], [123.446452, 13.524181], [123.446452, 13.523642], [123.445913, 13.523642], [123.445913, 13.522564], [123.446452, 13.522564], [123.446452, 13.520947], [123.443757, 13.520947], [123.443757, 13.521486], [123.443218, 13.521486], [123.443218, 13.522025], [123.44214, 13.522025], [123.44214, 13.521486], [123.441062, 13.521486], [123.441062, 13.522564], [123.440523, 13.522564], [123.440523, 13.523103], [123.439984, 13.523103], [123.439984, 13.522564], [123.438367, 13.522564], [123.438367, 13.523103], [123.437828, 13.523103], [123.437828, 13.522564], [123.437289, 13.522564], [123.437289, 13.520947], [123.437828, 13.520947], [123.437828, 13.520408], [123.438906, 13.520408], [123.438906, 13.519869], [123.439984, 13.519869], [123.439984, 13.51933], [123.440523, 13.51933], [123.440523, 13.518791], [123.441062, 13.518791], [123.441062, 13.518252], [123.440523, 13.518252], [123.440523, 13.517713], [123.439984, 13.517713], [123.439984, 13.518252], [123.438906, 13.518252], [123.438906, 13.517713], [123.437828, 13.517713], [123.437828, 13.518252], [123.43675, 13.518252], [123.43675, 13.517713], [123.435133, 13.517713], [123.435133, 13.518252], [123.434594, 13.518252], [123.434594, 13.51933], [123.434055, 13.51933], [123.434055, 13.519869], [123.433516, 13.519869], [123.433516, 13.520408], [123.432977, 13.520408], [123.432977, 13.520947], [123.427049, 13.520947], [123.427049, 13.521486], [123.42651, 13.521486], [123.42651, 13.523642], [123.423276, 13.523642], [123.423276, 13.523103], [123.422198, 13.523103], [123.422198, 13.522564], [123.421659, 13.522564], [123.421659, 13.521486], [123.422737, 13.521486], [123.422737, 13.522025], [123.424893, 13.522025], [123.424893, 13.521486], [123.425432, 13.521486], [123.425432, 13.520947], [123.425971, 13.520947], [123.425971, 13.51933], [123.425432, 13.51933], [123.425432, 13.518791], [123.424893, 13.518791], [123.424893, 13.518252], [123.424354, 13.518252], [123.424354, 13.515557], [123.423276, 13.515557], [123.423276, 13.516096], [123.422737, 13.516096], [123.422737, 13.516635], [123.422198, 13.516635], [123.422198, 13.518252], [123.42112, 13.518252], [123.42112, 13.518791], [123.420581, 13.518791], [123.420581, 13.51933], [123.42112, 13.51933], [123.42112, 13.520408], [123.420581, 13.520408], [123.420581, 13.520947], [123.416808, 13.520947], [123.416808, 13.520408], [123.416269, 13.520408], [123.416269, 13.519869], [123.41573, 13.519869], [123.41573, 13.51933], [123.414652, 13.51933], [123.414652, 13.520947], [123.414113, 13.520947], [123.414113, 13.521486], [123.413574, 13.521486], [123.413574, 13.522025], [123.413035, 13.522025], [123.413035, 13.523642], [123.412496, 13.523642], [123.412496, 13.524181], [123.411957, 13.524181], [123.411957, 13.52472], [123.41034, 13.52472], [123.41034, 13.525259], [123.409801, 13.525259], [123.409801, 13.528493], [123.409262, 13.528493], [123.409262, 13.529032], [123.408184, 13.529032], [123.408184, 13.529571], [123.405489, 13.529571], [123.405489, 13.529032], [123.40495, 13.529032], [123.40495, 13.528493], [123.404411, 13.528493], [123.404411, 13.527954], [123.403872, 13.527954], [123.403872, 13.527415], [123.402794, 13.527415], [123.402794, 13.526876], [123.402255, 13.526876], [123.402255, 13.526337], [123.401177, 13.526337], [123.401177, 13.525798], [123.400099, 13.525798], [123.400099, 13.525259], [123.39956, 13.525259], [123.39956, 13.52472], [123.399021, 13.52472], [123.399021, 13.524181], [123.398482, 13.524181], [123.398482, 13.523642], [123.397943, 13.523642], [123.397943, 13.523103], [123.396326, 13.523103], [123.396326, 13.523642], [123.396865, 13.523642], [123.396865, 13.525259], [123.397943, 13.525259], [123.397943, 13.525798], [123.399021, 13.525798], [123.399021, 13.526337], [123.39956, 13.526337], [123.39956, 13.526876], [123.400099, 13.526876], [123.400099, 13.527415], [123.400638, 13.527415], [123.400638, 13.527954], [123.401177, 13.527954], [123.401177, 13.528493], [123.401716, 13.528493], [123.401716, 13.53011], [123.402255, 13.53011], [123.402255, 13.531727], [123.402794, 13.531727], [123.402794, 13.532266], [123.403333, 13.532266], [123.403333, 13.532805], [123.403872, 13.532805], [123.403872, 13.533344], [123.404411, 13.533344], [123.404411, 13.533883], [123.40495, 13.533883], [123.40495, 13.534421], [123.405489, 13.534421], [123.405489, 13.53496], [123.406028, 13.53496], [123.406028, 13.535499], [123.406567, 13.535499], [123.406567, 13.537116], [123.407106, 13.537116], [123.407106, 13.538733], [123.406567, 13.538733], [123.406567, 13.539811], [123.406028, 13.539811], [123.406028, 13.540889], [123.405489, 13.540889], [123.405489, 13.541967], [123.40495, 13.541967], [123.40495, 13.542506], [123.404411, 13.542506], [123.404411, 13.543045], [123.402794, 13.543045], [123.402794, 13.542506], [123.401716, 13.542506], [123.401716, 13.541967], [123.401177, 13.541967], [123.401177, 13.540889], [123.400638, 13.540889], [123.400638, 13.54035], [123.400099, 13.54035], [123.400099, 13.539811], [123.39956, 13.539811], [123.39956, 13.539272], [123.399021, 13.539272], [123.399021, 13.538194], [123.398482, 13.538194], [123.398482, 13.537655], [123.397943, 13.537655], [123.397943, 13.537116], [123.397404, 13.537116], [123.397404, 13.536577], [123.396326, 13.536577], [123.396326, 13.536038], [123.395787, 13.536038], [123.395787, 13.533883], [123.395248, 13.533883], [123.395248, 13.533344], [123.394709, 13.533344], [123.394709, 13.532805], [123.393631, 13.532805], [123.393631, 13.532266], [123.392553, 13.532266], [123.392553, 13.532805], [123.392014, 13.532805], [123.392014, 13.533883], [123.391475, 13.533883], [123.391475, 13.533344], [123.390936, 13.533344], [123.390936, 13.532266], [123.390397, 13.532266], [123.390397, 13.53011], [123.389858, 13.53011], [123.389858, 13.529032], [123.389319, 13.529032], [123.389319, 13.528493], [123.38878, 13.528493], [123.38878, 13.525259], [123.388241, 13.525259], [123.388241, 13.524181], [123.387163, 13.524181], [123.387163, 13.526337], [123.386085, 13.526337], [123.386085, 13.526876], [123.382851, 13.526876], [123.382851, 13.528493], [123.382312, 13.528493], [123.382312, 13.529032], [123.380695, 13.529032], [123.380695, 13.529571], [123.379618, 13.529571], [123.379618, 13.53011], [123.37854, 13.53011], [123.37854, 13.529571], [123.379079, 13.529571], [123.379079, 13.529032], [123.379618, 13.529032], [123.379618, 13.528493], [123.380157, 13.528493], [123.380157, 13.527954], [123.381234, 13.527954], [123.381234, 13.526876], [123.37854, 13.526876], [123.37854, 13.526337], [123.377462, 13.526337], [123.377462, 13.526876], [123.375845, 13.526876], [123.375845, 13.526337], [123.374767, 13.526337], [123.374767, 13.525798], [123.372611, 13.525798], [123.372611, 13.526337], [123.371533, 13.526337], [123.371533, 13.526876], [123.370994, 13.526876], [123.370994, 13.527954], [123.371533, 13.527954], [123.371533, 13.528493], [123.370994, 13.528493], [123.370994, 13.529032], [123.370455, 13.529032], [123.370455, 13.529571], [123.369916, 13.529571], [123.369916, 13.531188], [123.369377, 13.531188], [123.369377, 13.532266], [123.369916, 13.532266], [123.369916, 13.536577], [123.370455, 13.536577], [123.370455, 13.538733], [123.369916, 13.538733], [123.369916, 13.539272], [123.366682, 13.539272], [123.366682, 13.538733], [123.365604, 13.538733], [123.365604, 13.538194], [123.365065, 13.538194], [123.365065, 13.537655], [123.366143, 13.537655], [123.366143, 13.537116], [123.366682, 13.537116], [123.366682, 13.536577], [123.366143, 13.536577], [123.366143, 13.536038], [123.365604, 13.536038], [123.365604, 13.534421], [123.365065, 13.534421], [123.365065, 13.532805], [123.365604, 13.532805], [123.365604, 13.532266], [123.365065, 13.532266], [123.365065, 13.531727], [123.361292, 13.531727], [123.361292, 13.531188], [123.360753, 13.531188], [123.360753, 13.530649], [123.360214, 13.530649], [123.360214, 13.529571], [123.360753, 13.529571], [123.360753, 13.527415], [123.361292, 13.527415], [123.361292, 13.526337], [123.361831, 13.526337], [123.361831, 13.525798], [123.358597, 13.525798], [123.358597, 13.525259], [123.357519, 13.525259], [123.357519, 13.52472], [123.35698, 13.52472], [123.35698, 13.521486], [123.355902, 13.521486], [123.355902, 13.520947], [123.353746, 13.520947], [123.353746, 13.520408], [123.353207, 13.520408], [123.353207, 13.518791], [123.355363, 13.518791], [123.355363, 13.51933], [123.354824, 13.51933], [123.354824, 13.519869], [123.355902, 13.519869], [123.355902, 13.520408], [123.35698, 13.520408], [123.35698, 13.520947], [123.357519, 13.520947], [123.357519, 13.521486], [123.358058, 13.521486], [123.358058, 13.519869], [123.357519, 13.519869], [123.357519, 13.518791], [123.35698, 13.518791], [123.35698, 13.517713], [123.356441, 13.517713], [123.356441, 13.517174], [123.355363, 13.517174], [123.355363, 13.518252], [123.353746, 13.518252], [123.353746, 13.516635], [123.354824, 13.516635], [123.354824, 13.516096], [123.355363, 13.516096], [123.355363, 13.515557], [123.354824, 13.515557], [123.354824, 13.514479], [123.354285, 13.514479], [123.354285, 13.51394], [123.354824, 13.51394], [123.354824, 13.512323], [123.354285, 13.512323], [123.354285, 13.511245], [123.354824, 13.511245], [123.354824, 13.510167], [123.353207, 13.510167], [123.353207, 13.510706], [123.352668, 13.510706], [123.352668, 13.511245], [123.35159, 13.511245], [123.35159, 13.510706], [123.351051, 13.510706], [123.351051, 13.510167], [123.349973, 13.510167], [123.349973, 13.510706], [123.349434, 13.510706], [123.349434, 13.511245], [123.348895, 13.511245], [123.348895, 13.511784], [123.348356, 13.511784], [123.348356, 13.511245], [123.347817, 13.511245], [123.347817, 13.510706], [123.347278, 13.510706], [123.347278, 13.510167], [123.346739, 13.510167], [123.346739, 13.509628], [123.347278, 13.509628], [123.347278, 13.509089], [123.343505, 13.509089], [123.343505, 13.509628], [123.342966, 13.509628], [123.342966, 13.510167], [123.342427, 13.510167], [123.342427, 13.510706], [123.34081, 13.510706], [123.34081, 13.510167], [123.340271, 13.510167], [123.340271, 13.509628], [123.339732, 13.509628], [123.339732, 13.509089], [123.340271, 13.509089], [123.340271, 13.507472], [123.339732, 13.507472], [123.339732, 13.506394], [123.339193, 13.506394], [123.339193, 13.504777], [123.338654, 13.504777], [123.338654, 13.50316], [123.339193, 13.50316], [123.339193, 13.502621], [123.339732, 13.502621], [123.339732, 13.501543], [123.340271, 13.501543], [123.340271, 13.501004], [123.34081, 13.501004], [123.34081, 13.500465], [123.341349, 13.500465], [123.341349, 13.499387], [123.34081, 13.499387], [123.34081, 13.498848], [123.339193, 13.498848], [123.339193, 13.498309], [123.338654, 13.498309], [123.338654, 13.49777], [123.339732, 13.49777], [123.339732, 13.497231], [123.34081, 13.497231], [123.34081, 13.496692], [123.341888, 13.496692], [123.341888, 13.495614], [123.342427, 13.495614], [123.342427, 13.495075], [123.341888, 13.495075], [123.341888, 13.494536], [123.341349, 13.494536], [123.341349, 13.493997], [123.340271, 13.493997], [123.340271, 13.494536], [123.338654, 13.494536], [123.338654, 13.491841], [123.338115, 13.491841], [123.338115, 13.49238], [123.337576, 13.49238], [123.337576, 13.492919], [123.337037, 13.492919], [123.337037, 13.493458], [123.336498, 13.493458], [123.336498, 13.493997], [123.335959, 13.493997], [123.335959, 13.494536], [123.332725, 13.494536], [123.332725, 13.493997], [123.330031, 13.493997], [123.330031, 13.493458], [123.329492, 13.493458], [123.329492, 13.49238], [123.328953, 13.49238], [123.328953, 13.492919], [123.327336, 13.492919], [123.327336, 13.491302], [123.327875, 13.491302], [123.327875, 13.490763], [123.331108, 13.490763], [123.331108, 13.490224], [123.331647, 13.490224], [123.331647, 13.489685], [123.332725, 13.489685], [123.332725, 13.489146], [123.334342, 13.489146], [123.334342, 13.488607], [123.334881, 13.488607], [123.334881, 13.488068], [123.336498, 13.488068], [123.336498, 13.488607], [123.337576, 13.488607], [123.337576, 13.488068], [123.340271, 13.488068], [123.340271, 13.488607], [123.343505, 13.488607], [123.343505, 13.487529], [123.345661, 13.487529], [123.345661, 13.48699], [123.3462, 13.48699], [123.3462, 13.483757], [123.344583, 13.483757], [123.344583, 13.484295], [123.343505, 13.484295], [123.343505, 13.484834], [123.341349, 13.484834], [123.341349, 13.485373], [123.34081, 13.485373], [123.34081, 13.483218], [123.341349, 13.483218], [123.341349, 13.482679], [123.344044, 13.482679], [123.344044, 13.48214], [123.3462, 13.48214], [123.3462, 13.482679], [123.346739, 13.482679], [123.346739, 13.483218], [123.347278, 13.483218], [123.347278, 13.483757], [123.347817, 13.483757], [123.347817, 13.484295], [123.348356, 13.484295], [123.348356, 13.484834], [123.348895, 13.484834], [123.348895, 13.485373], [123.349434, 13.485373], [123.349434, 13.484834], [123.349973, 13.484834], [123.349973, 13.484295], [123.351051, 13.484295], [123.351051, 13.483218], [123.349973, 13.483218], [123.349973, 13.482679], [123.349434, 13.482679], [123.349434, 13.48214], [123.348895, 13.48214], [123.348895, 13.481601], [123.349434, 13.481601], [123.349434, 13.481062], [123.349973, 13.481062], [123.349973, 13.479984], [123.349434, 13.479984], [123.349434, 13.478367], [123.350512, 13.478367], [123.350512, 13.477828], [123.351051, 13.477828], [123.351051, 13.477289], [123.35159, 13.477289], [123.35159, 13.47675], [123.352668, 13.47675], [123.352668, 13.476211], [123.353207, 13.476211], [123.353207, 13.475672], [123.354285, 13.475672], [123.354285, 13.476211], [123.355363, 13.476211], [123.355363, 13.475672], [123.356441, 13.475672], [123.356441, 13.475133], [123.35698, 13.475133], [123.35698, 13.474055], [123.356441, 13.474055], [123.356441, 13.472977], [123.360214, 13.472977], [123.360214, 13.473516], [123.360753, 13.473516], [123.360753, 13.472977], [123.361831, 13.472977], [123.361831, 13.473516], [123.362909, 13.473516], [123.362909, 13.474055], [123.363448, 13.474055], [123.363448, 13.473516], [123.363987, 13.473516], [123.363987, 13.47136], [123.365065, 13.47136], [123.365065, 13.470821], [123.36237, 13.470821], [123.36237, 13.471899], [123.361831, 13.471899], [123.361831, 13.47136], [123.361292, 13.47136], [123.361292, 13.469743], [123.36237, 13.469743], [123.36237, 13.469204], [123.363987, 13.469204], [123.363987, 13.468665], [123.365065, 13.468665], [123.365065, 13.469204], [123.366682, 13.469204], [123.366682, 13.468665], [123.368838, 13.468665], [123.368838, 13.468126], [123.369916, 13.468126], [123.369916, 13.468665], [123.370455, 13.468665], [123.370455, 13.469204], [123.370994, 13.469204], [123.370994, 13.470821], [123.370455, 13.470821], [123.370455, 13.47136], [123.369916, 13.47136], [123.369916, 13.471899], [123.370455, 13.471899], [123.370455, 13.472438], [123.371533, 13.472438], [123.371533, 13.470821], [123.372072, 13.470821], [123.372072, 13.470282], [123.372611, 13.470282], [123.372611, 13.469204], [123.372072, 13.469204], [123.372072, 13.468665], [123.371533, 13.468665], [123.371533, 13.467587], [123.372072, 13.467587], [123.372072, 13.467048], [123.372611, 13.467048], [123.372611, 13.466509], [123.376384, 13.466509], [123.376384, 13.467048], [123.376923, 13.467048], [123.376923, 13.468126], [123.376384, 13.468126], [123.376384, 13.468665], [123.376923, 13.468665], [123.376923, 13.469204], [123.377462, 13.469204], [123.377462, 13.469743], [123.37854, 13.469743], [123.37854, 13.467048], [123.378001, 13.467048], [123.378001, 13.465431], [123.37854, 13.465431], [123.37854, 13.464892], [123.381234, 13.464892], [123.381234, 13.465431], [123.381773, 13.465431], [123.381773, 13.467587], [123.382312, 13.467587], [123.382312, 13.468126], [123.382851, 13.468126], [123.382851, 13.469204], [123.38339, 13.469204], [123.38339, 13.469743], [123.383929, 13.469743], [123.383929, 13.470821], [123.38339, 13.470821], [123.38339, 13.472438], [123.385007, 13.472438], [123.385007, 13.472977], [123.386085, 13.472977], [123.386085, 13.472438], [123.385546, 13.472438], [123.385546, 13.471899], [123.385007, 13.471899], [123.385007, 13.470821], [123.384468, 13.470821], [123.384468, 13.470282], [123.385546, 13.470282], [123.385546, 13.469204], [123.386085, 13.469204], [123.386085, 13.467587], [123.386624, 13.467587], [123.386624, 13.467048], [123.389319, 13.467048], [123.389319, 13.466509], [123.389858, 13.466509], [123.389858, 13.46597], [123.390936, 13.46597], [123.390936, 13.466509], [123.391475, 13.466509], [123.391475, 13.467048], [123.392014, 13.467048], [123.392014, 13.467587], [123.392553, 13.467587], [123.392553, 13.468665], [123.393092, 13.468665], [123.393092, 13.469743], [123.39417, 13.469743], [123.39417, 13.469204], [123.394709, 13.469204], [123.394709, 13.468665], [123.395787, 13.468665], [123.395787, 13.468126], [123.396326, 13.468126], [123.396326, 13.467048], [123.396865, 13.467048], [123.396865, 13.466509], [123.398482, 13.466509], [123.398482, 13.46597], [123.399021, 13.46597], [123.399021, 13.465431], [123.400638, 13.465431], [123.400638, 13.46597], [123.401177, 13.46597], [123.401177, 13.466509], [123.401716, 13.466509], [123.401716, 13.468126], [123.403872, 13.468126], [123.403872, 13.468665], [123.404411, 13.468665], [123.404411, 13.469204], [123.40495, 13.469204], [123.40495, 13.470821], [123.405489, 13.470821], [123.405489, 13.471899], [123.406028, 13.471899], [123.406028, 13.472438], [123.406567, 13.472438], [123.406567, 13.472977], [123.407106, 13.472977], [123.407106, 13.473516], [123.408184, 13.473516], [123.408184, 13.474594], [123.408723, 13.474594], [123.408723, 13.475672], [123.409262, 13.475672], [123.409262, 13.478906], [123.408723, 13.478906], [123.408723, 13.479445], [123.408184, 13.479445], [123.408184, 13.479984], [123.407645, 13.479984], [123.407645, 13.480523], [123.406567, 13.480523], [123.406567, 13.481062], [123.405489, 13.481062], [123.405489, 13.480523], [123.403872, 13.480523], [123.403872, 13.481062], [123.402794, 13.481062], [123.402794, 13.481601], [123.402255, 13.481601], [123.402255, 13.48214], [123.401716, 13.48214], [123.401716, 13.482679], [123.401177, 13.482679], [123.401177, 13.485373], [123.401716, 13.485373], [123.401716, 13.486451], [123.402255, 13.486451], [123.402255, 13.48699], [123.402794, 13.48699], [123.402794, 13.487529], [123.403333, 13.487529], [123.403333, 13.488068], [123.403872, 13.488068], [123.403872, 13.490763], [123.404411, 13.490763], [123.404411, 13.491302], [123.40495, 13.491302], [123.40495, 13.491841], [123.405489, 13.491841], [123.405489, 13.493458], [123.40495, 13.493458], [123.40495, 13.494536], [123.405489, 13.494536], [123.405489, 13.493997], [123.406028, 13.493997], [123.406028, 13.493458], [123.406567, 13.493458], [123.406567, 13.492919], [123.408184, 13.492919], [123.408184, 13.494536], [123.408723, 13.494536], [123.408723, 13.496153], [123.41034, 13.496153], [123.41034, 13.495614], [123.410879, 13.495614], [123.410879, 13.495075], [123.41034, 13.495075], [123.41034, 13.493997], [123.409801, 13.493997], [123.409801, 13.492919], [123.409262, 13.492919], [123.409262, 13.490224], [123.409801, 13.490224], [123.409801, 13.489685], [123.410879, 13.489685], [123.410879, 13.489146], [123.412496, 13.489146], [123.412496, 13.489685], [123.413035, 13.489685], [123.413035, 13.490763], [123.414113, 13.490763], [123.414113, 13.489685], [123.414652, 13.489685], [123.414652, 13.490224], [123.415191, 13.490224], [123.415191, 13.49238], [123.414652, 13.49238], [123.414652, 13.495614], [123.415191, 13.495614], [123.415191, 13.496153], [123.41573, 13.496153], [123.41573, 13.496692], [123.416269, 13.496692], [123.416269, 13.496153], [123.417347, 13.496153], [123.417347, 13.496692], [123.419503, 13.496692], [123.419503, 13.498848], [123.420042, 13.498848], [123.420042, 13.499926], [123.420581, 13.499926], [123.420581, 13.501004], [123.42112, 13.501004], [123.42112, 13.502082], [123.422737, 13.502082], [123.422737, 13.501543], [123.423276, 13.501543], [123.423276, 13.502082], [123.423815, 13.502082], [123.423815, 13.501543], [123.424354, 13.501543], [123.424354, 13.500465], [123.423815, 13.500465], [123.423815, 13.498848], [123.425432, 13.498848], [123.425432, 13.499387], [123.425971, 13.499387], [123.425971, 13.499926], [123.42651, 13.499926], [123.42651, 13.501004], [123.427049, 13.501004], [123.427049, 13.501543], [123.427588, 13.501543], [123.427588, 13.502082], [123.428127, 13.502082], [123.428127, 13.50316], [123.428666, 13.50316], [123.428666, 13.503699], [123.430282, 13.503699], [123.430282, 13.504238], [123.430821, 13.504238], [123.430821, 13.505316], [123.432438, 13.505316], [123.432438, 13.504777], [123.434055, 13.504777], [123.434055, 13.505316], [123.437289, 13.505316], [123.437289, 13.504777], [123.43675, 13.504777], [123.43675, 13.504238], [123.434594, 13.504238], [123.434594, 13.503699], [123.433516, 13.503699], [123.433516, 13.50316], [123.432977, 13.50316], [123.432977, 13.502621], [123.432438, 13.502621], [123.432438, 13.502082], [123.431899, 13.502082], [123.431899, 13.501543], [123.430282, 13.501543], [123.430282, 13.501004], [123.429744, 13.501004], [123.429744, 13.500465], [123.429205, 13.500465], [123.429205, 13.499387], [123.428666, 13.499387], [123.428666, 13.498309], [123.428127, 13.498309], [123.428127, 13.496692], [123.429744, 13.496692], [123.429744, 13.497231], [123.430282, 13.497231], [123.430282, 13.49777], [123.430821, 13.49777], [123.430821, 13.498309], [123.431899, 13.498309], [123.431899, 13.498848], [123.434055, 13.498848], [123.434055, 13.49777], [123.432977, 13.49777], [123.432977, 13.497231], [123.43136, 13.497231], [123.43136, 13.496692], [123.430821, 13.496692], [123.430821, 13.496153], [123.430282, 13.496153], [123.430282, 13.495075], [123.429744, 13.495075], [123.429744, 13.494536], [123.430282, 13.494536], [123.430282, 13.493458], [123.429744, 13.493458], [123.429744, 13.49238], [123.429205, 13.49238], [123.429205, 13.491841], [123.429744, 13.491841], [123.429744, 13.491302], [123.430282, 13.491302], [123.430282, 13.490224], [123.429744, 13.490224], [123.429744, 13.489685], [123.429205, 13.489685], [123.429205, 13.489146], [123.428666, 13.489146], [123.428666, 13.488607], [123.428127, 13.488607], [123.428127, 13.488068], [123.427049, 13.488068], [123.427049, 13.487529], [123.42651, 13.487529], [123.42651, 13.486451], [123.427049, 13.486451], [123.427049, 13.484834], [123.42651, 13.484834], [123.42651, 13.484295], [123.425971, 13.484295], [123.425971, 13.483218], [123.42651, 13.483218], [123.42651, 13.48214], [123.425971, 13.48214], [123.425971, 13.481601], [123.425432, 13.481601], [123.425432, 13.480523], [123.424893, 13.480523], [123.424893, 13.479445], [123.423276, 13.479445], [123.423276, 13.478906], [123.42112, 13.478906], [123.42112, 13.477289], [123.420581, 13.477289], [123.420581, 13.47675], [123.420042, 13.47675], [123.420042, 13.476211], [123.419503, 13.476211], [123.419503, 13.474055], [123.418964, 13.474055], [123.418964, 13.473516], [123.418425, 13.473516], [123.418425, 13.472977], [123.417886, 13.472977], [123.417886, 13.471899], [123.417347, 13.471899], [123.417347, 13.47136], [123.416808, 13.47136], [123.416808, 13.470821], [123.41573, 13.470821], [123.41573, 13.469743], [123.415191, 13.469743], [123.415191, 13.469204], [123.414652, 13.469204], [123.414652, 13.466509], [123.415191, 13.466509], [123.415191, 13.465431], [123.414652, 13.465431], [123.414652, 13.461658], [123.415191, 13.461658], [123.415191, 13.458963], [123.41573, 13.458963], [123.41573, 13.457885], [123.416269, 13.457885], [123.416269, 13.457346], [123.416808, 13.457346], [123.416808, 13.456268], [123.417347, 13.456268], [123.417347, 13.455729], [123.417886, 13.455729], [123.417886, 13.45519], [123.418425, 13.45519], [123.418425, 13.451417], [123.418964, 13.451417], [123.418964, 13.448722], [123.418425, 13.448722], [123.418425, 13.447105], [123.418964, 13.447105], [123.418964, 13.444949], [123.419503, 13.444949], [123.419503, 13.442793], [123.418964, 13.442793], [123.418964, 13.441715], [123.419503, 13.441715], [123.419503, 13.440637], [123.420042, 13.440637], [123.420042, 13.440098], [123.420581, 13.440098], [123.420581, 13.438481], [123.42112, 13.438481], [123.42112, 13.437403], [123.421659, 13.437403], [123.421659, 13.436864], [123.422737, 13.436864], [123.422737, 13.436325], [123.423276, 13.436325], [123.423276, 13.435786], [123.423815, 13.435786], [123.423815, 13.43417], [123.424354, 13.43417], [123.424354, 13.433092], [123.424893, 13.433092], [123.424893, 13.432553], [123.425432, 13.432553], [123.425432, 13.432014], [123.425971, 13.432014], [123.425971, 13.431475], [123.427049, 13.431475], [123.427049, 13.430936], [123.427588, 13.430936], [123.427588, 13.430397], [123.428666, 13.430397], [123.428666, 13.429858], [123.429744, 13.429858], [123.429744, 13.429319], [123.430282, 13.429319], [123.430282, 13.42878], [123.430821, 13.42878], [123.430821, 13.427702], [123.43136, 13.427702], [123.43136, 13.426624], [123.431899, 13.426624], [123.431899, 13.425546], [123.432438, 13.425546], [123.432438, 13.425007], [123.432977, 13.425007], [123.432977, 13.424468], [123.435133, 13.424468], [123.435133, 13.423929], [123.435672, 13.423929], [123.435672, 13.42339], [123.436211, 13.42339], [123.436211, 13.422851], [123.43675, 13.422851], [123.43675, 13.422312], [123.437828, 13.422312], [123.437828, 13.421773], [123.438367, 13.421773], [123.438367, 13.421234], [123.439445, 13.421234], [123.439445, 13.420695], [123.439984, 13.420695], [123.439984, 13.420156], [123.441062, 13.420156], [123.441062, 13.419617], [123.442679, 13.419617], [123.442679, 13.419078], [123.443218, 13.419078], [123.443218, 13.418539], [123.444835, 13.418539], [123.444835, 13.418], [123.445913, 13.418], [123.445913, 13.417461], [123.446452, 13.417461], [123.446452, 13.416922], [123.448069, 13.416922], [123.448069, 13.416383], [123.449147, 13.416383], [123.449147, 13.415844], [123.450225, 13.415844], [123.450225, 13.416383], [123.451842, 13.416383], [123.451842, 13.416922], [123.454537, 13.416922], [123.454537, 13.417461], [123.455615, 13.417461], [123.455615, 13.418], [123.456693, 13.418], [123.456693, 13.418539], [123.457232, 13.418539], [123.457232, 13.419078], [123.459388, 13.419078], [123.459388, 13.419617], [123.462083, 13.419617], [123.462083, 13.420156], [123.464239, 13.420156], [123.464239, 13.419617], [123.464778, 13.419617], [123.464778, 13.417461], [123.465856, 13.417461], [123.465856, 13.418], [123.467473, 13.418], [123.467473, 13.418539], [123.468012, 13.418539], [123.468012, 13.419078], [123.46909, 13.419078], [123.46909, 13.419617], [123.469629, 13.419617], [123.469629, 13.420156], [123.470707, 13.420156], [123.470707, 13.419078], [123.470168, 13.419078], [123.470168, 13.418539], [123.469629, 13.418539], [123.469629, 13.417461], [123.470168, 13.417461], [123.470168, 13.416922], [123.470707, 13.416922], [123.470707, 13.416383], [123.472324, 13.416383], [123.472324, 13.415305], [123.470707, 13.415305], [123.470707, 13.414766], [123.470168, 13.414766], [123.470168, 13.413688], [123.470707, 13.413688], [123.470707, 13.413149], [123.472863, 13.413149], [123.472863, 13.41261], [123.473941, 13.41261], [123.473941, 13.412071], [123.47448, 13.412071], [123.47448, 13.410993], [123.475019, 13.410993], [123.475019, 13.410454], [123.476097, 13.410454], [123.476097, 13.410993], [123.476636, 13.410993], [123.476636, 13.412071], [123.477175, 13.412071], [123.477175, 13.413149], [123.477714, 13.413149], [123.477714, 13.414227], [123.478253, 13.414227], [123.478253, 13.414766], [123.480408, 13.414766], [123.480408, 13.414227], [123.482025, 13.414227], [123.482025, 13.414766], [123.482564, 13.414766], [123.482564, 13.415305], [123.485259, 13.415305], [123.485259, 13.415844], [123.485798, 13.415844], [123.485798, 13.416922], [123.486876, 13.416922], [123.486876, 13.416383], [123.487954, 13.416383], [123.487954, 13.415305], [123.488493, 13.415305], [123.488493, 13.414227], [123.489032, 13.414227], [123.489032, 13.413149], [123.490649, 13.413149], [123.490649, 13.413688], [123.491188, 13.413688], [123.491188, 13.414227], [123.491727, 13.414227], [123.491727, 13.414766], [123.492266, 13.414766], [123.492266, 13.416383], [123.492805, 13.416383], [123.492805, 13.416922], [123.493883, 13.416922], [123.493883, 13.417461], [123.494961, 13.417461], [123.494961, 13.418], [123.4955, 13.418], [123.4955, 13.419617], [123.494961, 13.419617], [123.494961, 13.420156], [123.494422, 13.420156], [123.494422, 13.420695], [123.494961, 13.420695], [123.494961, 13.421234], [123.4955, 13.421234], [123.4955, 13.421773], [123.496578, 13.421773], [123.496578, 13.422312], [123.497117, 13.422312], [123.497117, 13.422851], [123.496578, 13.422851], [123.496578, 13.42339], [123.496039, 13.42339], [123.496039, 13.423929], [123.4955, 13.423929], [123.4955, 13.424468], [123.494961, 13.424468], [123.494961, 13.425546], [123.4955, 13.425546], [123.4955, 13.426624], [123.494961, 13.426624], [123.494961, 13.427702], [123.494422, 13.427702], [123.494422, 13.428241], [123.491727, 13.428241], [123.491727, 13.427702], [123.491188, 13.427702], [123.491188, 13.427163], [123.490649, 13.427163], [123.490649, 13.426624], [123.49011, 13.426624], [123.49011, 13.425546], [123.488493, 13.425546], [123.488493, 13.426085], [123.487954, 13.426085], [123.487954, 13.426624], [123.487415, 13.426624], [123.487415, 13.426085], [123.485798, 13.426085], [123.485798, 13.427163], [123.486337, 13.427163], [123.486337, 13.427702], [123.486876, 13.427702], [123.486876, 13.428241], [123.487415, 13.428241], [123.487415, 13.427702], [123.487954, 13.427702], [123.487954, 13.429319], [123.487415, 13.429319], [123.487415, 13.430936], [123.487954, 13.430936], [123.487954, 13.433631], [123.489571, 13.433631], [123.489571, 13.433092], [123.491727, 13.433092], [123.491727, 13.432553], [123.491188, 13.432553], [123.491188, 13.430936], [123.492266, 13.430936], [123.492266, 13.430397], [123.492805, 13.430397], [123.492805, 13.429858], [123.493344, 13.429858], [123.493344, 13.430397], [123.493883, 13.430397], [123.493883, 13.430936], [123.494961, 13.430936], [123.494961, 13.430397], [123.4955, 13.430397], [123.4955, 13.429319], [123.496039, 13.429319], [123.496039, 13.42878], [123.499812, 13.42878], [123.499812, 13.429319], [123.50089, 13.429319], [123.50089, 13.42878], [123.501429, 13.42878], [123.501429, 13.428241], [123.501968, 13.428241], [123.501968, 13.427702], [123.504124, 13.427702], [123.504124, 13.428241], [123.504663, 13.428241], [123.504663, 13.42878], [123.505202, 13.42878], [123.505202, 13.430397], [123.505741, 13.430397], [123.505741, 13.431475], [123.505202, 13.431475], [123.505202, 13.433092], [123.505741, 13.433092], [123.505741, 13.434708], [123.502507, 13.434708], [123.502507, 13.43417], [123.501968, 13.43417], [123.501968, 13.433631], [123.498734, 13.433631], [123.498734, 13.43417], [123.496578, 13.43417], [123.496578, 13.434708], [123.496039, 13.434708], [123.496039, 13.436864], [123.4955, 13.436864], [123.4955, 13.437403], [123.494422, 13.437403], [123.494422, 13.436864], [123.493344, 13.436864], [123.493344, 13.437403], [123.492805, 13.437403], [123.492805, 13.43902], [123.494422, 13.43902], [123.494422, 13.439559], [123.494961, 13.439559], [123.494961, 13.442254], [123.4955, 13.442254], [123.4955, 13.442793], [123.496039, 13.442793], [123.496039, 13.443332], [123.496578, 13.443332], [123.496578, 13.443871], [123.497117, 13.443871], [123.497117, 13.44441], [123.496578, 13.44441], [123.496578, 13.445488], [123.496039, 13.445488], [123.496039, 13.451417], [123.4955, 13.451417], [123.4955, 13.451956], [123.494961, 13.451956], [123.494961, 13.454112], [123.494422, 13.454112], [123.494422, 13.454651], [123.493883, 13.454651], [123.493883, 13.455729], [123.493344, 13.455729], [123.493344, 13.456807], [123.492805, 13.456807], [123.492805, 13.457346], [123.492266, 13.457346], [123.492266, 13.458424], [123.492805, 13.458424], [123.492805, 13.458963], [123.494422, 13.458963], [123.494422, 13.459502], [123.494961, 13.459502], [123.494961, 13.46058], [123.494422, 13.46058], [123.494422, 13.461658], [123.496578, 13.461658], [123.496578, 13.462197], [123.497656, 13.462197], [123.497656, 13.462736], [123.498195, 13.462736], [123.498195, 13.463814], [123.498734, 13.463814], [123.498734, 13.465431], [123.498195, 13.465431], [123.498195, 13.46597], [123.497656, 13.46597], [123.497656, 13.466509], [123.496039, 13.466509], [123.496039, 13.467048], [123.494422, 13.467048], [123.494422, 13.467587], [123.493883, 13.467587], [123.493883, 13.468665], [123.494422, 13.468665], [123.494422, 13.469204], [123.494961, 13.469204], [123.494961, 13.469743], [123.4955, 13.469743], [123.4955, 13.470282], [123.496039, 13.470282], [123.496039, 13.470821], [123.496578, 13.470821], [123.496578, 13.471899], [123.497117, 13.471899], [123.497117, 13.472977], [123.497656, 13.472977], [123.497656, 13.474055], [123.498195, 13.474055], [123.498195, 13.476211], [123.498734, 13.476211], [123.498734, 13.47675], [123.499273, 13.47675], [123.499273, 13.477828], [123.499812, 13.477828], [123.499812, 13.478367], [123.500351, 13.478367], [123.500351, 13.479445], [123.499812, 13.479445], [123.499812, 13.479984], [123.496578, 13.479984], [123.496578, 13.480523], [123.496039, 13.480523], [123.496039, 13.481062], [123.494961, 13.481062], [123.494961, 13.48214], [123.496039, 13.48214], [123.496039, 13.482679], [123.497656, 13.482679], [123.497656, 13.483218], [123.501429, 13.483218], [123.501429, 13.482679], [123.501968, 13.482679], [123.501968, 13.481062], [123.502507, 13.481062], [123.502507, 13.480523], [123.505202, 13.480523], [123.505202, 13.481062], [123.505741, 13.481062], [123.505741, 13.481601], [123.50628, 13.481601], [123.50628, 13.48214], [123.506819, 13.48214], [123.506819, 13.482679], [123.507897, 13.482679], [123.507897, 13.483218], [123.508436, 13.483218], [123.508436, 13.483757], [123.508975, 13.483757], [123.508975, 13.484295], [123.510592, 13.484295], [123.510592, 13.484834], [123.51167, 13.484834], [123.51167, 13.485373], [123.512209, 13.485373], [123.512209, 13.487529], [123.512748, 13.487529], [123.512748, 13.488068], [123.513287, 13.488068], [123.513287, 13.487529], [123.513826, 13.487529], [123.513826, 13.485912], [123.514365, 13.485912], [123.514365, 13.485373], [123.515982, 13.485373], [123.515982, 13.485912], [123.516521, 13.485912], [123.516521, 13.486451], [123.518677, 13.486451], [123.518677, 13.48699], [123.519216, 13.48699], [123.519216, 13.487529], [123.520294, 13.487529], [123.520294, 13.486451], [123.519755, 13.486451], [123.519755, 13.485912], [123.519216, 13.485912], [123.519216, 13.485373], [123.517599, 13.485373], [123.517599, 13.484834], [123.51706, 13.484834], [123.51706, 13.482679], [123.516521, 13.482679], [123.516521, 13.481601], [123.515982, 13.481601], [123.515982, 13.481062], [123.515443, 13.481062], [123.515443, 13.480523], [123.515982, 13.480523], [123.515982, 13.479984], [123.516521, 13.479984], [123.516521, 13.479445], [123.519216, 13.479445], [123.519216, 13.478906], [123.519755, 13.478906], [123.519755, 13.478367], [123.520294, 13.478367], [123.520294, 13.477828], [123.52245, 13.477828], [123.52245, 13.478367], [123.522989, 13.478367], [123.522989, 13.479445], [123.523528, 13.479445], [123.523528, 13.479984], [123.524067, 13.479984], [123.524067, 13.480523], [123.525684, 13.480523], [123.525684, 13.481062], [123.526223, 13.481062], [123.526223, 13.481601], [123.526762, 13.481601], [123.526762, 13.479984], [123.526223, 13.479984], [123.526223, 13.478906], [123.525684, 13.478906], [123.525684, 13.478367], [123.525145, 13.478367], [123.525145, 13.477828], [123.524606, 13.477828], [123.524606, 13.476211], [123.524067, 13.476211], [123.524067, 13.475672], [123.523528, 13.475672], [123.523528, 13.474594], [123.524067, 13.474594], [123.524067, 13.474055], [123.524606, 13.474055], [123.524606, 13.473516], [123.52784, 13.473516], [123.52784, 13.474055], [123.528379, 13.474055], [123.528379, 13.474594], [123.528918, 13.474594], [123.528918, 13.475133], [123.530534, 13.475133], [123.530534, 13.475672], [123.532151, 13.475672], [123.532151, 13.476211], [123.53269, 13.476211], [123.53269, 13.47675], [123.533229, 13.47675], [123.533229, 13.477289], [123.533768, 13.477289], [123.533768, 13.477828], [123.534846, 13.477828], [123.534846, 13.478367], [123.535385, 13.478367], [123.535385, 13.478906], [123.536463, 13.478906], [123.536463, 13.479445], [123.537002, 13.479445], [123.537002, 13.478906], [123.538619, 13.478906], [123.538619, 13.477828], [123.537541, 13.477828], [123.537541, 13.477289], [123.537002, 13.477289], [123.537002, 13.47675], [123.535924, 13.47675], [123.535924, 13.476211], [123.535385, 13.476211], [123.535385, 13.475672], [123.534846, 13.475672], [123.534846, 13.475133], [123.534307, 13.475133], [123.534307, 13.474055], [123.533768, 13.474055], [123.533768, 13.473516], [123.533229, 13.473516], [123.533229, 13.472977], [123.532151, 13.472977], [123.532151, 13.472438], [123.531612, 13.472438], [123.531612, 13.470821], [123.532151, 13.470821], [123.532151, 13.470282], [123.53269, 13.470282], [123.53269, 13.469743], [123.534307, 13.469743], [123.534307, 13.469204], [123.535385, 13.469204], [123.535385, 13.468665], [123.536463, 13.468665], [123.536463, 13.468126], [123.537541, 13.468126], [123.537541, 13.468665], [123.539158, 13.468665], [123.539158, 13.469204], [123.540775, 13.469204], [123.540775, 13.469743], [123.542392, 13.469743], [123.542392, 13.468665], [123.540236, 13.468665], [123.540236, 13.468126], [123.539158, 13.468126], [123.539158, 13.467587], [123.538619, 13.467587], [123.538619, 13.467048], [123.53808, 13.467048], [123.53808, 13.466509], [123.535924, 13.466509], [123.535924, 13.467048], [123.533229, 13.467048], [123.533229, 13.467587], [123.532151, 13.467587], [123.532151, 13.468126], [123.531073, 13.468126], [123.531073, 13.468665], [123.530534, 13.468665], [123.530534, 13.469204], [123.529995, 13.469204], [123.529995, 13.469743], [123.529457, 13.469743], [123.529457, 13.470282], [123.520294, 13.470282], [123.520294, 13.470821], [123.519755, 13.470821], [123.519755, 13.470282], [123.519216, 13.470282], [123.519216, 13.468665], [123.519755, 13.468665], [123.519755, 13.468126], [123.520294, 13.468126], [123.520294, 13.467587], [123.517599, 13.467587], [123.517599, 13.467048], [123.51706, 13.467048], [123.51706, 13.466509], [123.516521, 13.466509], [123.516521, 13.465431], [123.51706, 13.465431], [123.51706, 13.464892], [123.518138, 13.464892], [123.518138, 13.464353], [123.520833, 13.464353], [123.520833, 13.461658], [123.521372, 13.461658], [123.521372, 13.461119], [123.522989, 13.461119], [123.522989, 13.460041], [123.523528, 13.460041], [123.523528, 13.459502], [123.525145, 13.459502], [123.525145, 13.460041], [123.526762, 13.460041], [123.526762, 13.459502], [123.527301, 13.459502], [123.527301, 13.458963], [123.52784, 13.458963], [123.52784, 13.458424], [123.530534, 13.458424], [123.530534, 13.457346], [123.531073, 13.457346], [123.531073, 13.456807], [123.531612, 13.456807], [123.531612, 13.455729], [123.531073, 13.455729], [123.531073, 13.45519], [123.531612, 13.45519], [123.531612, 13.454651], [123.532151, 13.454651], [123.532151, 13.454112], [123.533229, 13.454112], [123.533229, 13.453573], [123.533768, 13.453573], [123.533768, 13.452495], [123.53269, 13.452495], [123.53269, 13.450339], [123.533229, 13.450339], [123.533229, 13.4498], [123.535924, 13.4498], [123.535924, 13.449261], [123.537541, 13.449261], [123.537541, 13.4498], [123.53808, 13.4498], [123.53808, 13.450339], [123.539158, 13.450339], [123.539158, 13.4498], [123.539697, 13.4498], [123.539697, 13.449261], [123.539158, 13.449261], [123.539158, 13.448722], [123.53808, 13.448722], [123.53808, 13.448183], [123.537541, 13.448183], [123.537541, 13.447644], [123.535924, 13.447644], [123.535924, 13.448183], [123.535385, 13.448183], [123.535385, 13.447644], [123.534307, 13.447644], [123.534307, 13.447105], [123.53269, 13.447105], [123.53269, 13.446566], [123.532151, 13.446566], [123.532151, 13.444949], [123.53269, 13.444949], [123.53269, 13.44441], [123.533768, 13.44441], [123.533768, 13.444949], [123.535385, 13.444949], [123.535385, 13.445488], [123.537002, 13.445488], [123.537002, 13.44441], [123.536463, 13.44441], [123.536463, 13.443871], [123.535924, 13.443871], [123.535924, 13.443332], [123.535385, 13.443332], [123.535385, 13.442793], [123.534846, 13.442793], [123.534846, 13.442254], [123.534307, 13.442254], [123.534307, 13.441176], [123.533768, 13.441176], [123.533768, 13.440637], [123.533229, 13.440637], [123.533229, 13.438481], [123.535385, 13.438481], [123.535385, 13.43902], [123.535924, 13.43902], [123.535924, 13.440098], [123.537002, 13.440098], [123.537002, 13.43902], [123.537541, 13.43902], [123.537541, 13.438481], [123.538619, 13.438481], [123.538619, 13.43902], [123.540775, 13.43902], [123.540775, 13.437942], [123.539697, 13.437942], [123.539697, 13.437403], [123.539158, 13.437403], [123.539158, 13.436864], [123.538619, 13.436864], [123.538619, 13.436325], [123.53808, 13.436325], [123.53808, 13.435786], [123.537541, 13.435786], [123.537541, 13.435247], [123.536463, 13.435247], [123.536463, 13.434708], [123.534846, 13.434708], [123.534846, 13.43417], [123.530534, 13.43417], [123.530534, 13.433631], [123.528918, 13.433631], [123.528918, 13.433092], [123.528379, 13.433092], [123.528379, 13.432553], [123.52784, 13.432553], [123.52784, 13.427702], [123.527301, 13.427702], [123.527301, 13.427163], [123.526223, 13.427163], [123.526223, 13.426624], [123.525684, 13.426624], [123.525684, 13.424468], [123.526223, 13.424468], [123.526223, 13.423929], [123.52784, 13.423929], [123.52784, 13.424468], [123.529995, 13.424468], [123.529995, 13.425007], [123.530534, 13.425007], [123.530534, 13.425546], [123.531612, 13.425546], [123.531612, 13.422851], [123.531073, 13.422851], [123.531073, 13.422312], [123.530534, 13.422312], [123.530534, 13.421773], [123.529995, 13.421773], [123.529995, 13.421234], [123.52784, 13.421234], [123.52784, 13.420695], [123.526762, 13.420695], [123.526762, 13.419078], [123.527301, 13.419078], [123.527301, 13.418], [123.52784, 13.418], [123.52784, 13.415844], [123.526223, 13.415844], [123.526223, 13.415305], [123.524606, 13.415305], [123.524606, 13.415844], [123.524067, 13.415844], [123.524067, 13.417461], [123.524606, 13.417461], [123.524606, 13.419078], [123.524067, 13.419078], [123.524067, 13.419617], [123.522989, 13.419617], [123.522989, 13.419078], [123.52245, 13.419078], [123.52245, 13.418], [123.522989, 13.418], [123.522989, 13.416922], [123.52245, 13.416922], [123.52245, 13.416383], [123.521911, 13.416383], [123.521911, 13.414766], [123.52245, 13.414766], [123.52245, 13.414227], [123.522989, 13.414227], [123.522989, 13.413688], [123.523528, 13.413688], [123.523528, 13.413149], [123.524067, 13.413149], [123.524067, 13.41261], [123.52784, 13.41261], [123.52784, 13.412071], [123.528379, 13.412071], [123.528379, 13.410993], [123.52784, 13.410993], [123.52784, 13.410454], [123.527301, 13.410454], [123.527301, 13.408837], [123.526762, 13.408837], [123.526762, 13.407759], [123.526223, 13.407759], [123.526223, 13.405603], [123.525684, 13.405603], [123.525684, 13.405064], [123.525145, 13.405064], [123.525145, 13.404525], [123.525684, 13.404525], [123.525684, 13.403986], [123.52784, 13.403986], [123.52784, 13.403447], [123.527301, 13.403447], [123.527301, 13.402908], [123.526762, 13.402908], [123.526762, 13.402369], [123.526223, 13.402369], [123.526223, 13.401291], [123.525684, 13.401291], [123.525684, 13.400752], [123.524067, 13.400752], [123.524067, 13.400213], [123.522989, 13.400213], [123.522989, 13.400752], [123.52245, 13.400752], [123.52245, 13.401291], [123.521911, 13.401291], [123.521911, 13.400752], [123.521372, 13.400752], [123.521372, 13.400213], [123.521911, 13.400213], [123.521911, 13.399674], [123.523528, 13.399674], [123.523528, 13.399135], [123.524067, 13.399135], [123.524067, 13.395362], [123.523528, 13.395362], [123.523528, 13.394823], [123.520833, 13.394823], [123.520833, 13.392667], [123.520294, 13.392667], [123.520294, 13.392128], [123.519755, 13.392128], [123.519755, 13.391589], [123.520294, 13.391589], [123.520294, 13.389433], [123.518677, 13.389433], [123.518677, 13.388355], [123.518138, 13.388355], [123.518138, 13.387277], [123.51706, 13.387277], [123.51706, 13.386738], [123.516521, 13.386738], [123.516521, 13.387277], [123.515982, 13.387277], [123.515982, 13.386738], [123.514904, 13.386738], [123.514904, 13.386199], [123.514365, 13.386199], [123.514365, 13.38566], [123.513287, 13.38566], [123.513287, 13.386738], [123.513826, 13.386738], [123.513826, 13.388894], [123.513287, 13.388894], [123.513287, 13.388355], [123.512748, 13.388355], [123.512748, 13.387816], [123.512209, 13.387816], [123.512209, 13.38566], [123.51167, 13.38566], [123.51167, 13.385121], [123.508975, 13.385121], [123.508975, 13.384583], [123.506819, 13.384583], [123.506819, 13.385121], [123.505741, 13.385121], [123.505741, 13.384583], [123.505202, 13.384583], [123.505202, 13.384044], [123.504663, 13.384044], [123.504663, 13.382966], [123.501968, 13.382966], [123.501968, 13.382427], [123.501429, 13.382427], [123.501429, 13.381349], [123.501968, 13.381349], [123.501968, 13.380271], [123.501429, 13.380271], [123.501429, 13.379732], [123.500351, 13.379732], [123.500351, 13.379193], [123.499273, 13.379193], [123.499273, 13.378115], [123.498734, 13.378115], [123.498734, 13.380271], [123.499812, 13.380271], [123.499812, 13.382427], [123.499273, 13.382427], [123.499273, 13.382966], [123.498734, 13.382966], [123.498734, 13.382427], [123.498195, 13.382427], [123.498195, 13.381888], [123.497656, 13.381888], [123.497656, 13.381349], [123.497117, 13.381349], [123.497117, 13.379193], [123.496039, 13.379193], [123.496039, 13.379732], [123.4955, 13.379732], [123.4955, 13.380271], [123.494961, 13.380271], [123.494961, 13.379732], [123.494422, 13.379732], [123.494422, 13.378654], [123.494961, 13.378654], [123.494961, 13.377037], [123.4955, 13.377037], [123.4955, 13.376498], [123.497656, 13.376498], [123.497656, 13.375959], [123.498195, 13.375959], [123.498195, 13.373264], [123.497656, 13.373264], [123.497656, 13.372725], [123.497117, 13.372725], [123.497117, 13.372186], [123.496578, 13.372186], [123.496578, 13.370569], [123.501429, 13.370569], [123.501429, 13.371108], [123.501968, 13.371108], [123.501968, 13.371647], [123.502507, 13.371647], [123.502507, 13.372186], [123.503046, 13.372186], [123.503046, 13.371647], [123.503585, 13.371647], [123.503585, 13.37003], [123.504663, 13.37003], [123.504663, 13.369491], [123.505741, 13.369491], [123.505741, 13.368952], [123.50628, 13.368952], [123.50628, 13.368413], [123.506819, 13.368413], [123.506819, 13.367874], [123.50628, 13.367874], [123.50628, 13.366796], [123.508436, 13.366796], [123.508436, 13.365718], [123.506819, 13.365718], [123.506819, 13.36464], [123.507358, 13.36464], [123.507358, 13.364101], [123.507897, 13.364101], [123.507897, 13.363562], [123.507358, 13.363562], [123.507358, 13.363023], [123.506819, 13.363023], [123.506819, 13.360328], [123.507358, 13.360328], [123.507358, 13.358711], [123.507897, 13.358711], [123.507897, 13.358172], [123.508436, 13.358172], [123.508436, 13.357633], [123.510053, 13.357633], [123.510053, 13.358172], [123.51167, 13.358172], [123.51167, 13.357633], [123.512209, 13.357633], [123.512209, 13.356555], [123.512748, 13.356555], [123.512748, 13.356016], [123.511131, 13.356016], [123.511131, 13.355477], [123.509514, 13.355477], [123.509514, 13.356016], [123.508975, 13.356016], [123.508975, 13.356555], [123.506819, 13.356555], [123.506819, 13.356016], [123.505741, 13.356016], [123.505741, 13.355477], [123.504663, 13.355477], [123.504663, 13.354938], [123.503046, 13.354938], [123.503046, 13.354399], [123.503585, 13.354399], [123.503585, 13.35386], [123.505202, 13.35386], [123.505202, 13.353321], [123.505741, 13.353321], [123.505741, 13.352782], [123.504124, 13.352782], [123.504124, 13.351165], [123.504663, 13.351165], [123.504663, 13.350626], [123.505202, 13.350626], [123.505202, 13.349548], [123.505741, 13.349548], [123.505741, 13.347392], [123.50628, 13.347392], [123.50628, 13.346853], [123.508436, 13.346853], [123.508436, 13.344697], [123.508975, 13.344697], [123.508975, 13.344158], [123.509514, 13.344158], [123.509514, 13.343619], [123.510053, 13.343619], [123.510053, 13.342541], [123.508436, 13.342541], [123.508436, 13.34308], [123.507897, 13.34308], [123.507897, 13.343619], [123.50628, 13.343619], [123.50628, 13.34308], [123.505741, 13.34308], [123.505741, 13.342541], [123.505202, 13.342541], [123.505202, 13.342002], [123.505741, 13.342002], [123.505741, 13.341463], [123.50628, 13.341463], [123.50628, 13.342002], [123.508436, 13.342002], [123.508436, 13.341463], [123.508975, 13.341463], [123.508975, 13.340924], [123.509514, 13.340924], [123.509514, 13.340385], [123.510053, 13.340385], [123.510053, 13.339307], [123.510592, 13.339307], [123.510592, 13.338229], [123.509514, 13.338229], [123.509514, 13.338768], [123.507897, 13.338768], [123.507897, 13.33769], [123.508436, 13.33769], [123.508436, 13.337151], [123.50628, 13.337151], [123.50628, 13.33769], [123.505741, 13.33769], [123.505741, 13.338229], [123.504124, 13.338229], [123.504124, 13.33769], [123.503585, 13.33769], [123.503585, 13.337151], [123.503046, 13.337151], [123.503046, 13.336612], [123.504124, 13.336612], [123.504124, 13.337151], [123.505741, 13.337151], [123.505741, 13.336612], [123.50628, 13.336612], [123.50628, 13.333918], [123.505202, 13.333918], [123.505202, 13.334457], [123.504663, 13.334457], [123.504663, 13.334995], [123.503585, 13.334995], [123.503585, 13.334457], [123.501429, 13.334457], [123.501429, 13.333918], [123.499812, 13.333918], [123.499812, 13.333379], [123.499273, 13.333379], [123.499273, 13.334995], [123.499812, 13.334995], [123.499812, 13.33769], [123.498734, 13.33769], [123.498734, 13.337151], [123.497656, 13.337151], [123.497656, 13.339846], [123.497117, 13.339846], [123.497117, 13.340385], [123.496578, 13.340385], [123.496578, 13.340924], [123.496039, 13.340924], [123.496039, 13.341463], [123.4955, 13.341463], [123.4955, 13.342541], [123.494961, 13.342541], [123.494961, 13.34308], [123.494422, 13.34308], [123.494422, 13.344158], [123.493883, 13.344158], [123.493883, 13.344697], [123.491727, 13.344697], [123.491727, 13.345236], [123.491188, 13.345236], [123.491188, 13.347392], [123.489571, 13.347392], [123.489571, 13.347931], [123.488493, 13.347931], [123.488493, 13.34847], [123.487415, 13.34847], [123.487415, 13.347931], [123.486876, 13.347931], [123.486876, 13.349009], [123.486337, 13.349009], [123.486337, 13.350087], [123.485798, 13.350087], [123.485798, 13.351704], [123.48472, 13.351704], [123.48472, 13.352243], [123.484181, 13.352243], [123.484181, 13.353321], [123.48472, 13.353321], [123.48472, 13.35386], [123.485259, 13.35386], [123.485259, 13.354938], [123.48472, 13.354938], [123.48472, 13.355477], [123.483642, 13.355477], [123.483642, 13.354938], [123.483103, 13.354938], [123.483103, 13.354399], [123.482564, 13.354399], [123.482564, 13.35386], [123.481486, 13.35386], [123.481486, 13.353321], [123.480947, 13.353321], [123.480947, 13.352782], [123.47987, 13.352782], [123.47987, 13.353321], [123.478792, 13.353321], [123.478792, 13.35386], [123.478253, 13.35386], [123.478253, 13.353321], [123.477175, 13.353321], [123.477175, 13.352782], [123.47448, 13.352782], [123.47448, 13.352243], [123.472863, 13.352243], [123.472863, 13.353321], [123.473941, 13.353321], [123.473941, 13.35386], [123.475019, 13.35386], [123.475019, 13.355477], [123.47448, 13.355477], [123.47448, 13.356016], [123.471785, 13.356016], [123.471785, 13.357094], [123.472324, 13.357094], [123.472324, 13.357633], [123.472863, 13.357633], [123.472863, 13.358172], [123.473402, 13.358172], [123.473402, 13.35925], [123.473941, 13.35925], [123.473941, 13.360328], [123.471785, 13.360328], [123.471785, 13.359789], [123.470168, 13.359789], [123.470168, 13.356555], [123.469629, 13.356555], [123.469629, 13.356016], [123.467473, 13.356016], [123.467473, 13.354399], [123.466934, 13.354399], [123.466934, 13.35386], [123.465317, 13.35386], [123.465317, 13.353321], [123.464778, 13.353321], [123.464778, 13.352782], [123.464239, 13.352782], [123.464239, 13.351704], [123.464778, 13.351704], [123.464778, 13.351165], [123.465317, 13.351165], [123.465317, 13.350087], [123.465856, 13.350087], [123.465856, 13.349548], [123.466395, 13.349548], [123.466395, 13.34847], [123.465856, 13.34847], [123.465856, 13.347931], [123.465317, 13.347931], [123.465317, 13.347392], [123.464239, 13.347392], [123.464239, 13.346853], [123.4637, 13.346853], [123.4637, 13.346314], [123.463161, 13.346314], [123.463161, 13.345775], [123.462083, 13.345775], [123.462083, 13.346314], [123.461005, 13.346314], [123.461005, 13.346853], [123.459927, 13.346853], [123.459927, 13.346314], [123.459388, 13.346314], [123.459388, 13.345775], [123.458849, 13.345775], [123.458849, 13.345236], [123.45831, 13.345236], [123.45831, 13.344697], [123.457771, 13.344697], [123.457771, 13.344158], [123.457232, 13.344158], [123.457232, 13.343619], [123.456693, 13.343619], [123.456693, 13.34308], [123.456154, 13.34308], [123.456154, 13.342541], [123.454537, 13.342541], [123.454537, 13.343619], [123.455615, 13.343619], [123.455615, 13.344158], [123.456154, 13.344158], [123.456154, 13.345236], [123.456693, 13.345236], [123.456693, 13.346853], [123.457771, 13.346853], [123.457771, 13.347392], [123.45831, 13.347392], [123.45831, 13.34847], [123.457771, 13.34847], [123.457771, 13.349009], [123.457232, 13.349009], [123.457232, 13.350087], [123.459388, 13.350087], [123.459388, 13.351704], [123.45831, 13.351704], [123.45831, 13.352243], [123.456693, 13.352243], [123.456693, 13.352782], [123.450764, 13.352782], [123.450764, 13.352243], [123.450225, 13.352243], [123.450225, 13.351704], [123.449147, 13.351704], [123.449147, 13.352243], [123.448608, 13.352243], [123.448608, 13.352782], [123.448069, 13.352782], [123.448069, 13.353321], [123.446991, 13.353321], [123.446991, 13.352782], [123.445913, 13.352782], [123.445913, 13.352243], [123.445374, 13.352243], [123.445374, 13.351165], [123.444835, 13.351165], [123.444835, 13.350626], [123.443757, 13.350626], [123.443757, 13.351704], [123.442679, 13.351704], [123.442679, 13.351165], [123.441601, 13.351165], [123.441601, 13.350626], [123.441062, 13.350626], [123.441062, 13.350087], [123.439984, 13.350087], [123.439984, 13.350626], [123.439445, 13.350626], [123.439445, 13.350087], [123.438906, 13.350087], [123.438906, 13.347931], [123.439445, 13.347931], [123.439445, 13.346853], [123.438906, 13.346853], [123.438906, 13.346314], [123.438367, 13.346314], [123.438367, 13.345775], [123.437828, 13.345775], [123.437828, 13.344158], [123.438367, 13.344158], [123.438367, 13.342541], [123.437828, 13.342541], [123.437828, 13.342002], [123.437289, 13.342002], [123.437289, 13.340385], [123.437828, 13.340385], [123.437828, 13.339846], [123.438367, 13.339846], [123.438367, 13.339307], [123.439445, 13.339307], [123.439445, 13.340385], [123.441062, 13.340385], [123.441062, 13.339846], [123.440523, 13.339846], [123.440523, 13.338229], [123.441062, 13.338229], [123.441062, 13.33769], [123.44214, 13.33769], [123.44214, 13.338229], [123.442679, 13.338229], [123.442679, 13.340385], [123.443757, 13.340385], [123.443757, 13.339846], [123.444296, 13.339846], [123.444296, 13.339307], [123.445913, 13.339307], [123.445913, 13.33769], [123.445374, 13.33769], [123.445374, 13.336073], [123.445913, 13.336073], [123.445913, 13.336612], [123.446452, 13.336612], [123.446452, 13.337151], [123.446991, 13.337151], [123.446991, 13.33769], [123.448069, 13.33769], [123.448069, 13.335534], [123.449686, 13.335534], [123.449686, 13.336073], [123.451303, 13.336073], [123.451303, 13.336612], [123.451842, 13.336612], [123.451842, 13.337151], [123.452381, 13.337151], [123.452381, 13.33769], [123.453459, 13.33769], [123.453459, 13.337151], [123.453998, 13.337151], [123.453998, 13.335534], [123.453459, 13.335534], [123.453459, 13.334995], [123.452381, 13.334995], [123.452381, 13.334457], [123.451842, 13.334457], [123.451842, 13.333918], [123.451303, 13.333918], [123.451303, 13.333379], [123.451842, 13.333379], [123.451842, 13.331223], [123.452381, 13.331223], [123.452381, 13.330684], [123.453459, 13.330684], [123.453459, 13.330145], [123.456693, 13.330145], [123.456693, 13.330684], [123.457232, 13.330684], [123.457232, 13.331223], [123.457771, 13.331223], [123.457771, 13.331762], [123.45831, 13.331762], [123.45831, 13.33284], [123.458849, 13.33284], [123.458849, 13.333918], [123.459388, 13.333918], [123.459388, 13.334457], [123.459927, 13.334457], [123.459927, 13.334995], [123.460466, 13.334995], [123.460466, 13.335534], [123.461544, 13.335534], [123.461544, 13.336073], [123.462083, 13.336073], [123.462083, 13.338768], [123.4637, 13.338768], [123.4637, 13.339307], [123.464239, 13.339307], [123.464239, 13.339846], [123.464778, 13.339846], [123.464778, 13.340385], [123.465317, 13.340385], [123.465317, 13.340924], [123.465856, 13.340924], [123.465856, 13.342541], [123.466934, 13.342541], [123.466934, 13.34308], [123.468012, 13.34308], [123.468012, 13.342541], [123.468551, 13.342541], [123.468551, 13.341463], [123.468012, 13.341463], [123.468012, 13.340924], [123.467473, 13.340924], [123.467473, 13.340385], [123.466395, 13.340385], [123.466395, 13.339846], [123.465856, 13.339846], [123.465856, 13.339307], [123.465317, 13.339307], [123.465317, 13.338229], [123.466934, 13.338229], [123.466934, 13.337151], [123.467473, 13.337151], [123.467473, 13.336612], [123.46909, 13.336612], [123.46909, 13.337151], [123.470168, 13.337151], [123.470168, 13.33769], [123.470707, 13.33769], [123.470707, 13.338229], [123.471785, 13.338229], [123.471785, 13.338768], [123.472324, 13.338768], [123.472324, 13.339846], [123.472863, 13.339846], [123.472863, 13.340385], [123.473941, 13.340385], [123.473941, 13.339846], [123.47448, 13.339846], [123.47448, 13.338768], [123.473941, 13.338768], [123.473941, 13.337151], [123.47448, 13.337151], [123.47448, 13.335534], [123.473402, 13.335534], [123.473402, 13.333918], [123.473941, 13.333918], [123.473941, 13.331762], [123.473402, 13.331762], [123.473402, 13.330684], [123.473941, 13.330684], [123.473941, 13.330145], [123.475019, 13.330145], [123.475019, 13.330684], [123.475558, 13.330684], [123.475558, 13.331223], [123.476097, 13.331223], [123.476097, 13.331762], [123.477175, 13.331762], [123.477175, 13.329067], [123.476636, 13.329067], [123.476636, 13.328528], [123.475558, 13.328528], [123.475558, 13.327989], [123.47448, 13.327989], [123.47448, 13.32745], [123.473402, 13.32745], [123.473402, 13.326911], [123.472863, 13.326911], [123.472863, 13.326372], [123.471246, 13.326372], [123.471246, 13.325833], [123.470707, 13.325833], [123.470707, 13.324755], [123.470168, 13.324755], [123.470168, 13.324216], [123.470707, 13.324216], [123.470707, 13.323677], [123.473941, 13.323677], [123.473941, 13.323138], [123.47448, 13.323138], [123.47448, 13.320982], [123.475019, 13.320982], [123.475019, 13.320443], [123.475558, 13.320443], [123.475558, 13.320982], [123.476636, 13.320982], [123.476636, 13.320443], [123.477175, 13.320443], [123.477175, 13.320982], [123.477714, 13.320982], [123.477714, 13.322599], [123.478253, 13.322599], [123.478253, 13.323677], [123.478792, 13.323677], [123.478792, 13.324755], [123.479331, 13.324755], [123.479331, 13.325833], [123.480408, 13.325833], [123.480408, 13.324755], [123.480947, 13.324755], [123.480947, 13.324216], [123.481486, 13.324216], [123.481486, 13.323677], [123.483642, 13.323677], [123.483642, 13.320443], [123.484181, 13.320443], [123.484181, 13.319904], [123.486337, 13.319904], [123.486337, 13.319365], [123.485798, 13.319365], [123.485798, 13.318826], [123.485259, 13.318826], [123.485259, 13.315053], [123.48472, 13.315053], [123.48472, 13.313975], [123.485259, 13.313975], [123.485259, 13.312897], [123.485798, 13.312897], [123.485798, 13.312358], [123.487415, 13.312358], [123.487415, 13.310202], [123.491188, 13.310202], [123.491188, 13.311819], [123.491727, 13.311819], [123.491727, 13.312897], [123.492266, 13.312897], [123.492266, 13.314514], [123.494422, 13.314514], [123.494422, 13.315053], [123.494961, 13.315053], [123.494961, 13.312897], [123.494422, 13.312897], [123.494422, 13.311819], [123.494961, 13.311819], [123.494961, 13.31128], [123.4955, 13.31128], [123.4955, 13.308585], [123.496039, 13.308585], [123.496039, 13.308046], [123.4955, 13.308046], [123.4955, 13.307507], [123.493883, 13.307507], [123.493883, 13.306968], [123.492805, 13.306968], [123.492805, 13.30589], [123.491727, 13.30589], [123.491727, 13.304812], [123.491188, 13.304812], [123.491188, 13.303734], [123.490649, 13.303734], [123.490649, 13.303195], [123.491188, 13.303195], [123.491188, 13.302656], [123.493883, 13.302656], [123.493883, 13.303195], [123.496039, 13.303195], [123.496039, 13.302656], [123.4955, 13.302656], [123.4955, 13.301578], [123.496039, 13.301578], [123.496039, 13.299961], [123.496578, 13.299961], [123.496578, 13.299422], [123.4955, 13.299422], [123.4955, 13.298883], [123.494961, 13.298883], [123.494961, 13.298344], [123.4955, 13.298344], [123.4955, 13.297805], [123.497656, 13.297805], [123.497656, 13.296727], [123.498195, 13.296727], [123.498195, 13.296188], [123.498734, 13.296188], [123.498734, 13.29511], [123.499273, 13.29511], [123.499273, 13.294571], [123.499812, 13.294571], [123.499812, 13.294032], [123.500351, 13.294032], [123.500351, 13.293493], [123.501429, 13.293493], [123.501429, 13.292954], [123.503046, 13.292954], [123.503046, 13.292415], [123.504124, 13.292415], [123.504124, 13.292954], [123.505202, 13.292954], [123.505202, 13.293493], [123.505741, 13.293493], [123.505741, 13.294032], [123.50628, 13.294032], [123.50628, 13.294571], [123.506819, 13.294571], [123.506819, 13.29511], [123.507358, 13.29511], [123.507358, 13.295649], [123.507897, 13.295649], [123.507897, 13.296188], [123.509514, 13.296188], [123.509514, 13.296727], [123.510053, 13.296727], [123.510053, 13.297266], [123.51167, 13.297266], [123.51167, 13.296188], [123.512209, 13.296188], [123.512209, 13.29511], [123.512748, 13.29511], [123.512748, 13.294571], [123.513287, 13.294571], [123.513287, 13.294032], [123.513826, 13.294032], [123.513826, 13.293493], [123.516521, 13.293493], [123.516521, 13.292954], [123.517599, 13.292954], [123.517599, 13.293493], [123.518138, 13.293493], [123.518138, 13.29511], [123.517599, 13.29511], [123.517599, 13.295649], [123.518138, 13.295649], [123.518138, 13.296188], [123.519755, 13.296188], [123.519755, 13.295649], [123.521372, 13.295649], [123.521372, 13.296188], [123.52245, 13.296188], [123.52245, 13.295649], [123.523528, 13.295649], [123.523528, 13.296188], [123.525684, 13.296188], [123.525684, 13.296727], [123.526223, 13.296727], [123.526223, 13.297266], [123.526762, 13.297266], [123.526762, 13.297805], [123.528379, 13.297805], [123.528379, 13.298344], [123.529457, 13.298344], [123.529457, 13.298883], [123.529995, 13.298883], [123.529995, 13.299422], [123.530534, 13.299422], [123.530534, 13.3005], [123.531073, 13.3005], [123.531073, 13.301039], [123.53269, 13.301039], [123.53269, 13.301578], [123.533768, 13.301578], [123.533768, 13.302117], [123.535924, 13.302117], [123.535924, 13.302656], [123.536463, 13.302656], [123.536463, 13.303734], [123.537541, 13.303734], [123.537541, 13.304273], [123.538619, 13.304273], [123.538619, 13.302656], [123.539158, 13.302656], [123.539158, 13.301578], [123.538619, 13.301578], [123.538619, 13.301039], [123.53808, 13.301039], [123.53808, 13.298883], [123.539158, 13.298883], [123.539158, 13.298344], [123.538619, 13.298344], [123.538619, 13.297266], [123.539697, 13.297266], [123.539697, 13.296727], [123.540775, 13.296727], [123.540775, 13.297266], [123.540236, 13.297266], [123.540236, 13.297805], [123.540775, 13.297805], [123.540775, 13.298344], [123.542392, 13.298344], [123.542392, 13.297805], [123.542931, 13.297805], [123.542931, 13.295649], [123.542392, 13.295649], [123.542392, 13.29511], [123.54347, 13.29511], [123.54347, 13.295649], [123.544009, 13.295649], [123.544009, 13.296727], [123.545626, 13.296727], [123.545626, 13.296188], [123.548321, 13.296188], [123.548321, 13.296727], [123.549399, 13.296727], [123.549399, 13.296188], [123.552094, 13.296188], [123.552094, 13.296727], [123.553172, 13.296727], [123.553172, 13.297266], [123.553711, 13.297266], [123.553711, 13.296727], [123.55425, 13.296727], [123.55425, 13.296188], [123.554789, 13.296188], [123.554789, 13.295649], [123.556945, 13.295649], [123.556945, 13.29511], [123.555867, 13.29511], [123.555867, 13.294571], [123.55425, 13.294571], [123.55425, 13.294032], [123.553711, 13.294032], [123.553711, 13.293493], [123.553172, 13.293493], [123.553172, 13.292415], [123.552633, 13.292415], [123.552633, 13.291876], [123.553172, 13.291876], [123.553172, 13.291337], [123.553711, 13.291337], [123.553711, 13.290798], [123.55425, 13.290798], [123.55425, 13.290259], [123.554789, 13.290259], [123.554789, 13.28972], [123.555867, 13.28972], [123.555867, 13.289181], [123.556406, 13.289181], [123.556406, 13.288642], [123.555867, 13.288642], [123.555867, 13.288103], [123.553711, 13.288103], [123.553711, 13.287025], [123.554789, 13.287025], [123.554789, 13.286486], [123.555328, 13.286486], [123.555328, 13.285947], [123.555867, 13.285947], [123.555867, 13.285408], [123.556406, 13.285408], [123.556406, 13.283792], [123.556945, 13.283792], [123.556945, 13.283253], [123.55964, 13.283253], [123.55964, 13.282714], [123.560718, 13.282714], [123.560718, 13.282175], [123.562874, 13.282175], [123.562874, 13.281636], [123.563413, 13.281636], [123.563413, 13.281097], [123.564491, 13.281097], [123.564491, 13.280558], [123.56503, 13.280558], [123.56503, 13.280019], [123.565569, 13.280019], [123.565569, 13.278941], [123.566108, 13.278941], [123.566108, 13.278402], [123.568264, 13.278402], [123.568264, 13.278941], [123.569881, 13.278941], [123.569881, 13.27948], [123.57042, 13.27948], [123.57042, 13.280019], [123.570959, 13.280019], [123.570959, 13.27948], [123.571498, 13.27948], [123.571498, 13.278402], [123.572037, 13.278402], [123.572037, 13.277863], [123.572576, 13.277863], [123.572576, 13.277324], [123.573115, 13.277324], [123.573115, 13.276785], [123.573654, 13.276785], [123.573654, 13.276246], [123.574732, 13.276246], [123.574732, 13.276785], [123.575271, 13.276785], [123.575271, 13.276246], [123.577427, 13.276246], [123.577427, 13.275707], [123.577966, 13.275707], [123.577966, 13.275168], [123.578505, 13.275168], [123.578505, 13.274629], [123.579582, 13.274629], [123.579582, 13.275168], [123.580121, 13.275168], [123.580121, 13.275707], [123.58066, 13.275707], [123.58066, 13.277324], [123.581738, 13.277324], [123.581738, 13.276785], [123.582277, 13.276785], [123.582277, 13.276246], [123.582816, 13.276246], [123.582816, 13.275168], [123.583355, 13.275168], [123.583355, 13.274629], [123.583894, 13.274629], [123.583894, 13.27409], [123.584433, 13.27409], [123.584433, 13.272473], [123.584972, 13.272473], [123.584972, 13.271934], [123.58605, 13.271934], [123.58605, 13.271395], [123.586589, 13.271395], [123.586589, 13.270856], [123.587128, 13.270856], [123.587128, 13.270317], [123.587667, 13.270317], [123.587667, 13.269778], [123.588206, 13.269778], [123.588206, 13.268161], [123.589823, 13.268161], [123.589823, 13.267622], [123.589284, 13.267622], [123.589284, 13.266005], [123.589823, 13.266005], [123.589823, 13.265466], [123.589284, 13.265466], [123.589284, 13.264927], [123.586589, 13.264927], [123.586589, 13.265466], [123.58605, 13.265466], [123.58605, 13.264927], [123.585511, 13.264927], [123.585511, 13.26331], [123.58605, 13.26331], [123.58605, 13.262232], [123.587128, 13.262232], [123.587128, 13.261693], [123.588206, 13.261693], [123.588206, 13.261154], [123.586589, 13.261154], [123.586589, 13.261693], [123.58605, 13.261693], [123.58605, 13.261154], [123.584972, 13.261154], [123.584972, 13.260615], [123.583894, 13.260615], [123.583894, 13.259537], [123.582816, 13.259537], [123.582816, 13.258998], [123.582277, 13.258998], [123.582277, 13.25792], [123.582816, 13.25792], [123.582816, 13.257381], [123.584972, 13.257381], [123.584972, 13.256842], [123.585511, 13.256842], [123.585511, 13.256303], [123.58605, 13.256303], [123.58605, 13.255764], [123.585511, 13.255764], [123.585511, 13.254686], [123.584972, 13.254686], [123.584972, 13.254147], [123.583894, 13.254147], [123.583894, 13.253608], [123.583355, 13.253608], [123.583355, 13.253069], [123.583894, 13.253069], [123.583894, 13.25253], [123.583355, 13.25253], [123.583355, 13.251991], [123.582816, 13.251991], [123.582816, 13.250913], [123.582277, 13.250913], [123.582277, 13.249835], [123.581738, 13.249835], [123.581738, 13.248218], [123.582277, 13.248218], [123.582277, 13.24714], [123.582816, 13.24714], [123.582816, 13.246601], [123.583355, 13.246601], [123.583355, 13.246062], [123.582816, 13.246062], [123.582816, 13.243367], [123.583355, 13.243367], [123.583355, 13.242828], [123.583894, 13.242828], [123.583894, 13.242289], [123.584433, 13.242289], [123.584433, 13.241211], [123.583355, 13.241211], [123.583355, 13.24175], [123.580121, 13.24175], [123.580121, 13.241211], [123.579044, 13.241211], [123.579044, 13.24175], [123.57581, 13.24175], [123.57581, 13.241211], [123.575271, 13.241211], [123.575271, 13.24175], [123.574193, 13.24175], [123.574193, 13.240672], [123.573654, 13.240672], [123.573654, 13.240133], [123.573115, 13.240133], [123.573115, 13.239594], [123.572576, 13.239594], [123.572576, 13.239055], [123.572037, 13.239055], [123.572037, 13.238516], [123.571498, 13.238516], [123.571498, 13.236899], [123.572037, 13.236899], [123.572037, 13.235821], [123.571498, 13.235821], [123.571498, 13.235283], [123.570959, 13.235283], [123.570959, 13.233666], [123.571498, 13.233666], [123.571498, 13.232588], [123.572037, 13.232588], [123.572037, 13.232049], [123.573115, 13.232049], [123.573115, 13.23151], [123.573654, 13.23151], [123.573654, 13.230971], [123.57581, 13.230971], [123.57581, 13.230432], [123.576349, 13.230432], [123.576349, 13.230971], [123.577966, 13.230971], [123.577966, 13.229354], [123.577427, 13.229354], [123.577427, 13.226659], [123.577966, 13.226659], [123.577966, 13.22612], [123.576888, 13.22612], [123.576888, 13.225581], [123.576349, 13.225581], [123.576349, 13.223964], [123.576888, 13.223964], [123.576888, 13.223425], [123.577966, 13.223425], [123.577966, 13.222886], [123.578505, 13.222886], [123.578505, 13.222347], [123.580121, 13.222347], [123.580121, 13.221808], [123.58066, 13.221808], [123.58066, 13.22073], [123.581199, 13.22073], [123.581199, 13.220191], [123.582277, 13.220191], [123.582277, 13.219652], [123.583355, 13.219652], [123.583355, 13.219113], [123.585511, 13.219113], [123.585511, 13.219652], [123.586589, 13.219652], [123.586589, 13.219113], [123.587128, 13.219113], [123.587128, 13.218574], [123.588745, 13.218574], [123.588745, 13.215879], [123.589284, 13.215879], [123.589284, 13.216418], [123.59144, 13.216418], [123.59144, 13.215879], [123.591979, 13.215879], [123.591979, 13.21534], [123.594135, 13.21534], [123.594135, 13.214801], [123.595213, 13.214801], [123.595213, 13.214262], [123.59683, 13.214262], [123.59683, 13.213723], [123.597369, 13.213723], [123.597369, 13.213184], [123.597908, 13.213184], [123.597908, 13.212645], [123.598447, 13.212645], [123.598447, 13.212106], [123.598986, 13.212106], [123.598986, 13.210489], [123.600064, 13.210489], [123.600064, 13.20995], [123.600603, 13.20995], [123.600603, 13.208333], [123.601142, 13.208333], [123.601142, 13.206716], [123.600603, 13.206716], [123.600603, 13.205638], [123.601142, 13.205638], [123.601142, 13.205099], [123.602759, 13.205099], [123.602759, 13.206177], [123.603298, 13.206177], [123.603298, 13.206716], [123.603837, 13.206716], [123.603837, 13.207255], [123.604915, 13.207255], [123.604915, 13.206716], [123.605454, 13.206716], [123.605454, 13.203482], [123.605993, 13.203482], [123.605993, 13.202404], [123.606532, 13.202404], [123.606532, 13.201865], [123.607071, 13.201865], [123.607071, 13.201326], [123.60761, 13.201326], [123.60761, 13.200787], [123.608688, 13.200787], [123.608688, 13.200248], [123.609766, 13.200248], [123.609766, 13.199709], [123.610305, 13.199709], [123.610305, 13.19917], [123.610844, 13.19917], [123.610844, 13.198631], [123.611383, 13.198631], [123.611383, 13.197553], [123.611922, 13.197553], [123.611922, 13.194858], [123.612461, 13.194858], [123.612461, 13.19378], [123.613, 13.19378], [123.613, 13.192702], [123.615156, 13.192702], [123.615156, 13.191624], [123.614617, 13.191624], [123.614617, 13.191085], [123.614078, 13.191085], [123.614078, 13.190546], [123.616234, 13.190546], [123.616234, 13.190007], [123.617312, 13.190007], [123.617312, 13.189468], [123.61839, 13.189468], [123.61839, 13.188929], [123.620546, 13.188929], [123.620546, 13.18839], [123.621085, 13.18839], [123.621085, 13.187312], [123.621624, 13.187312], [123.621624, 13.186773], [123.622702, 13.186773], [123.622702, 13.186234], [123.62378, 13.186234], [123.62378, 13.185695], [123.625397, 13.185695], [123.625397, 13.185157], [123.625936, 13.185157], [123.625936, 13.184079], [123.625397, 13.184079], [123.625397, 13.183001], [123.625936, 13.183001], [123.625936, 13.181923], [123.626475, 13.181923], [123.626475, 13.181384], [123.627014, 13.181384], [123.627014, 13.180845], [123.628092, 13.180845], [123.628092, 13.180306], [123.62917, 13.180306], [123.62917, 13.179767], [123.629708, 13.179767], [123.629708, 13.179228], [123.630786, 13.179228], [123.630786, 13.17815], [123.631864, 13.17815], [123.631864, 13.177611], [123.632403, 13.177611], [123.632403, 13.175994], [123.63402, 13.175994], [123.63402, 13.174377], [123.633481, 13.174377], [123.633481, 13.173838], [123.632942, 13.173838], [123.632942, 13.173299], [123.632403, 13.173299], [123.632403, 13.17276], [123.631325, 13.17276], [123.631325, 13.172221], [123.630786, 13.172221], [123.630786, 13.171682], [123.631325, 13.171682], [123.631325, 13.171143], [123.631864, 13.171143], [123.631864, 13.170065], [123.630786, 13.170065], [123.630786, 13.170604], [123.62917, 13.170604], [123.62917, 13.170065], [123.628092, 13.170065], [123.628092, 13.169526], [123.627553, 13.169526], [123.627553, 13.168448], [123.627014, 13.168448], [123.627014, 13.16737], [123.626475, 13.16737], [123.626475, 13.166831], [123.624858, 13.166831], [123.624858, 13.16737], [123.624319, 13.16737], [123.624319, 13.168448], [123.624858, 13.168448], [123.624858, 13.171143], [123.624319, 13.171143], [123.624319, 13.172221], [123.623241, 13.172221], [123.623241, 13.17276], [123.622163, 13.17276], [123.622163, 13.173299], [123.621085, 13.173299], [123.621085, 13.175455], [123.621624, 13.175455], [123.621624, 13.177611], [123.622163, 13.177611], [123.622163, 13.179228], [123.622702, 13.179228], [123.622702, 13.180845], [123.622163, 13.180845], [123.622163, 13.181923], [123.621624, 13.181923], [123.621624, 13.18354], [123.622163, 13.18354], [123.622163, 13.184079], [123.621624, 13.184079], [123.621624, 13.185695], [123.621085, 13.185695], [123.621085, 13.186234], [123.620546, 13.186234], [123.620546, 13.186773], [123.620007, 13.186773], [123.620007, 13.186234], [123.619468, 13.186234], [123.619468, 13.185695], [123.618929, 13.185695], [123.618929, 13.185157], [123.61839, 13.185157], [123.61839, 13.184618], [123.617851, 13.184618], [123.617851, 13.184079], [123.614078, 13.184079], [123.614078, 13.18354], [123.613539, 13.18354], [123.613539, 13.183001], [123.613, 13.183001], [123.613, 13.182462], [123.612461, 13.182462], [123.612461, 13.181923], [123.611922, 13.181923], [123.611922, 13.181384], [123.610305, 13.181384], [123.610305, 13.180306], [123.609766, 13.180306], [123.609766, 13.179767], [123.607071, 13.179767], [123.607071, 13.179228], [123.606532, 13.179228], [123.606532, 13.17815], [123.607071, 13.17815], [123.607071, 13.177072], [123.60761, 13.177072], [123.60761, 13.175994], [123.607071, 13.175994], [123.607071, 13.174916], [123.606532, 13.174916], [123.606532, 13.174377], [123.605993, 13.174377], [123.605993, 13.173838], [123.604915, 13.173838], [123.604915, 13.177072], [123.604376, 13.177072], [123.604376, 13.177611], [123.603837, 13.177611], [123.603837, 13.177072], [123.603298, 13.177072], [123.603298, 13.175994], [123.60222, 13.175994], [123.60222, 13.177611], [123.601142, 13.177611], [123.601142, 13.177072], [123.600603, 13.177072], [123.600603, 13.175455], [123.600064, 13.175455], [123.600064, 13.174916], [123.599525, 13.174916], [123.599525, 13.175455], [123.598986, 13.175455], [123.598986, 13.175994], [123.597369, 13.175994], [123.597369, 13.176533], [123.596291, 13.176533], [123.596291, 13.177072], [123.594674, 13.177072], [123.594674, 13.177611], [123.594135, 13.177611], [123.594135, 13.179228], [123.594674, 13.179228], [123.594674, 13.179767], [123.598447, 13.179767], [123.598447, 13.180845], [123.597908, 13.180845], [123.597908, 13.181384], [123.596291, 13.181384], [123.596291, 13.181923], [123.595752, 13.181923], [123.595752, 13.185695], [123.596291, 13.185695], [123.596291, 13.186773], [123.595752, 13.186773], [123.595752, 13.186234], [123.595213, 13.186234], [123.595213, 13.185695], [123.593596, 13.185695], [123.593596, 13.185157], [123.593057, 13.185157], [123.593057, 13.184618], [123.59144, 13.184618], [123.59144, 13.185695], [123.592518, 13.185695], [123.592518, 13.186234], [123.593057, 13.186234], [123.593057, 13.187312], [123.592518, 13.187312], [123.592518, 13.18839], [123.591979, 13.18839], [123.591979, 13.189468], [123.59144, 13.189468], [123.59144, 13.190546], [123.591979, 13.190546], [123.591979, 13.192163], [123.59144, 13.192163], [123.59144, 13.192702], [123.590901, 13.192702], [123.590901, 13.193241], [123.590362, 13.193241], [123.590362, 13.194319], [123.59144, 13.194319], [123.59144, 13.194858], [123.591979, 13.194858], [123.591979, 13.195936], [123.592518, 13.195936], [123.592518, 13.196475], [123.593596, 13.196475], [123.593596, 13.195936], [123.594674, 13.195936], [123.594674, 13.196475], [123.595752, 13.196475], [123.595752, 13.198092], [123.594135, 13.198092], [123.594135, 13.198631], [123.593596, 13.198631], [123.593596, 13.199709], [123.593057, 13.199709], [123.593057, 13.200248], [123.592518, 13.200248], [123.592518, 13.200787], [123.591979, 13.200787], [123.591979, 13.201326], [123.59144, 13.201326], [123.59144, 13.202404], [123.590901, 13.202404], [123.590901, 13.202943], [123.590362, 13.202943], [123.590362, 13.203482], [123.589823, 13.203482], [123.589823, 13.204021], [123.589284, 13.204021], [123.589284, 13.20456], [123.588206, 13.20456], [123.588206, 13.205099], [123.587128, 13.205099], [123.587128, 13.20456], [123.586589, 13.20456], [123.586589, 13.203482], [123.587128, 13.203482], [123.587128, 13.202943], [123.584972, 13.202943], [123.584972, 13.202404], [123.584433, 13.202404], [123.584433, 13.202943], [123.583355, 13.202943], [123.583355, 13.203482], [123.581199, 13.203482], [123.581199, 13.204021], [123.580121, 13.204021], [123.580121, 13.203482], [123.579044, 13.203482], [123.579044, 13.202943], [123.578505, 13.202943], [123.578505, 13.202404], [123.576888, 13.202404], [123.576888, 13.201865], [123.57581, 13.201865], [123.57581, 13.202404], [123.575271, 13.202404], [123.575271, 13.202943], [123.57581, 13.202943], [123.57581, 13.203482], [123.576349, 13.203482], [123.576349, 13.205099], [123.573115, 13.205099], [123.573115, 13.20456], [123.572576, 13.20456], [123.572576, 13.204021], [123.572037, 13.204021], [123.572037, 13.20456], [123.570959, 13.20456], [123.570959, 13.205099], [123.569342, 13.205099], [123.569342, 13.204021], [123.568803, 13.204021], [123.568803, 13.203482], [123.568264, 13.203482], [123.568264, 13.202943], [123.567725, 13.202943], [123.567725, 13.202404], [123.567186, 13.202404], [123.567186, 13.201865], [123.567725, 13.201865], [123.567725, 13.201326], [123.568264, 13.201326], [123.568264, 13.200787], [123.568803, 13.200787], [123.568803, 13.200248], [123.569342, 13.200248], [123.569342, 13.199709], [123.569881, 13.199709], [123.569881, 13.19917], [123.57042, 13.19917], [123.57042, 13.198092], [123.569881, 13.198092], [123.569881, 13.198631], [123.569342, 13.198631], [123.569342, 13.19917], [123.567725, 13.19917], [123.567725, 13.198092], [123.566647, 13.198092], [123.566647, 13.19917], [123.566108, 13.19917], [123.566108, 13.200787], [123.566647, 13.200787], [123.566647, 13.201865], [123.564491, 13.201865], [123.564491, 13.202404], [123.562874, 13.202404], [123.562874, 13.201865], [123.562335, 13.201865], [123.562335, 13.202404], [123.561796, 13.202404], [123.561796, 13.202943], [123.561257, 13.202943], [123.561257, 13.203482], [123.560718, 13.203482], [123.560718, 13.204021], [123.55964, 13.204021], [123.55964, 13.200248], [123.559101, 13.200248], [123.559101, 13.199709], [123.558562, 13.199709], [123.558562, 13.19917], [123.556945, 13.19917], [123.556945, 13.198092], [123.558023, 13.198092], [123.558023, 13.197014], [123.558562, 13.197014], [123.558562, 13.196475], [123.559101, 13.196475], [123.559101, 13.195936], [123.55964, 13.195936], [123.55964, 13.195397], [123.560718, 13.195397], [123.560718, 13.195936], [123.562335, 13.195936], [123.562335, 13.194858], [123.561796, 13.194858], [123.561796, 13.194319], [123.560179, 13.194319], [123.560179, 13.19378], [123.55964, 13.19378], [123.55964, 13.192163], [123.560179, 13.192163], [123.560179, 13.191624], [123.560718, 13.191624], [123.560718, 13.190546], [123.55964, 13.190546], [123.55964, 13.191624], [123.558562, 13.191624], [123.558562, 13.192163], [123.558023, 13.192163], [123.558023, 13.191624], [123.557484, 13.191624], [123.557484, 13.191085], [123.555867, 13.191085], [123.555867, 13.192163], [123.556406, 13.192163], [123.556406, 13.192702], [123.556945, 13.192702], [123.556945, 13.193241], [123.557484, 13.193241], [123.557484, 13.195397], [123.556945, 13.195397], [123.556945, 13.195936], [123.556406, 13.195936], [123.556406, 13.197014], [123.55425, 13.197014], [123.55425, 13.196475], [123.553711, 13.196475], [123.553711, 13.195936], [123.552633, 13.195936], [123.552633, 13.196475], [123.551555, 13.196475], [123.551555, 13.195936], [123.551016, 13.195936], [123.551016, 13.197014], [123.551555, 13.197014], [123.551555, 13.197553], [123.55425, 13.197553], [123.55425, 13.198092], [123.554789, 13.198092], [123.554789, 13.200248], [123.553711, 13.200248], [123.553711, 13.199709], [123.552633, 13.199709], [123.552633, 13.200248], [123.552094, 13.200248], [123.552094, 13.200787], [123.551016, 13.200787], [123.551016, 13.199709], [123.550477, 13.199709], [123.550477, 13.19917], [123.549938, 13.19917], [123.549938, 13.198631], [123.549399, 13.198631], [123.549399, 13.199709], [123.549938, 13.199709], [123.549938, 13.200787], [123.549399, 13.200787], [123.549399, 13.201865], [123.549938, 13.201865], [123.549938, 13.202404], [123.551016, 13.202404], [123.551016, 13.203482], [123.551555, 13.203482], [123.551555, 13.20456], [123.552094, 13.20456], [123.552094, 13.203482], [123.553172, 13.203482], [123.553172, 13.205099], [123.552633, 13.205099], [123.552633, 13.207794], [123.551555, 13.207794], [123.551555, 13.205638], [123.551016, 13.205638], [123.551016, 13.205099], [123.550477, 13.205099], [123.550477, 13.205638], [123.549399, 13.205638], [123.549399, 13.206177], [123.54886, 13.206177], [123.54886, 13.205638], [123.548321, 13.205638], [123.548321, 13.205099], [123.547782, 13.205099], [123.547782, 13.20456], [123.544548, 13.20456], [123.544548, 13.204021], [123.541853, 13.204021], [123.541853, 13.20456], [123.541314, 13.20456], [123.541314, 13.205099], [123.540236, 13.205099], [123.540236, 13.205638], [123.53808, 13.205638], [123.53808, 13.205099], [123.537002, 13.205099], [123.537002, 13.205638], [123.535924, 13.205638], [123.535924, 13.205099], [123.533229, 13.205099], [123.533229, 13.207255], [123.53269, 13.207255], [123.53269, 13.207794], [123.532151, 13.207794], [123.532151, 13.208333], [123.531073, 13.208333], [123.531073, 13.207794], [123.529995, 13.207794], [123.529995, 13.208333], [123.529457, 13.208333], [123.529457, 13.208872], [123.528918, 13.208872], [123.528918, 13.20995], [123.528379, 13.20995], [123.528379, 13.210489], [123.52784, 13.210489], [123.52784, 13.211028], [123.526223, 13.211028], [123.526223, 13.211567], [123.525684, 13.211567], [123.525684, 13.212106], [123.524067, 13.212106], [123.524067, 13.212645], [123.522989, 13.212645], [123.522989, 13.213184], [123.521372, 13.213184], [123.521372, 13.212645], [123.520294, 13.212645], [123.520294, 13.212106], [123.519755, 13.212106], [123.519755, 13.212645], [123.518677, 13.212645], [123.518677, 13.213723], [123.517599, 13.213723], [123.517599, 13.214262], [123.51706, 13.214262], [123.51706, 13.214801], [123.516521, 13.214801], [123.516521, 13.21534], [123.513826, 13.21534], [123.513826, 13.213723], [123.515443, 13.213723], [123.515443, 13.213184], [123.516521, 13.213184], [123.516521, 13.212106], [123.514365, 13.212106], [123.514365, 13.212645], [123.513287, 13.212645], [123.513287, 13.213184], [123.512748, 13.213184], [123.512748, 13.213723], [123.511131, 13.213723], [123.511131, 13.214262], [123.510592, 13.214262], [123.510592, 13.213723], [123.510053, 13.213723], [123.510053, 13.214262], [123.509514, 13.214262], [123.509514, 13.214801], [123.508975, 13.214801], [123.508975, 13.21534], [123.508436, 13.21534], [123.508436, 13.215879], [123.507897, 13.215879], [123.507897, 13.216418], [123.50628, 13.216418], [123.50628, 13.215879], [123.504663, 13.215879], [123.504663, 13.216418], [123.504124, 13.216418], [123.504124, 13.216957], [123.501968, 13.216957], [123.501968, 13.217496], [123.501429, 13.217496], [123.501429, 13.218035], [123.500351, 13.218035], [123.500351, 13.218574], [123.499812, 13.218574], [123.499812, 13.219113], [123.500351, 13.219113], [123.500351, 13.221269], [123.499812, 13.221269], [123.499812, 13.223425], [123.498734, 13.223425], [123.498734, 13.222886], [123.498195, 13.222886], [123.498195, 13.222347], [123.496039, 13.222347], [123.496039, 13.222886], [123.4955, 13.222886], [123.4955, 13.223425], [123.494961, 13.223425], [123.494961, 13.222886], [123.493883, 13.222886], [123.493883, 13.221808], [123.493344, 13.221808], [123.493344, 13.221269], [123.492805, 13.221269], [123.492805, 13.219652], [123.493344, 13.219652], [123.493344, 13.219113], [123.493883, 13.219113], [123.493883, 13.218035], [123.492266, 13.218035], [123.492266, 13.218574], [123.491727, 13.218574], [123.491727, 13.218035], [123.490649, 13.218035], [123.490649, 13.216957], [123.491188, 13.216957], [123.491188, 13.216418], [123.491727, 13.216418], [123.491727, 13.215879], [123.492266, 13.215879], [123.492266, 13.21534], [123.492805, 13.21534], [123.492805, 13.214801], [123.492266, 13.214801], [123.492266, 13.214262], [123.491188, 13.214262], [123.491188, 13.213723], [123.49011, 13.213723], [123.49011, 13.212106], [123.489571, 13.212106], [123.489571, 13.211567], [123.487415, 13.211567], [123.487415, 13.212106], [123.486876, 13.212106], [123.486876, 13.214262], [123.485798, 13.214262], [123.485798, 13.213723], [123.486337, 13.213723], [123.486337, 13.213184], [123.485798, 13.213184], [123.485798, 13.212645], [123.485259, 13.212645], [123.485259, 13.212106], [123.48472, 13.212106], [123.48472, 13.211567], [123.483642, 13.211567], [123.483642, 13.212106], [123.483103, 13.212106], [123.483103, 13.212645], [123.480947, 13.212645], [123.480947, 13.212106], [123.478253, 13.212106], [123.478253, 13.211567], [123.477714, 13.211567], [123.477714, 13.211028], [123.473941, 13.211028], [123.473941, 13.210489], [123.471785, 13.210489], [123.471785, 13.211028], [123.468551, 13.211028], [123.468551, 13.210489], [123.467473, 13.210489], [123.467473, 13.211028], [123.465317, 13.211028], [123.465317, 13.211567], [123.464778, 13.211567], [123.464778, 13.212106], [123.464239, 13.212106], [123.464239, 13.212645], [123.465317, 13.212645], [123.465317, 13.213184], [123.465856, 13.213184], [123.465856, 13.214262], [123.465317, 13.214262], [123.465317, 13.213723], [123.464778, 13.213723], [123.464778, 13.213184], [123.4637, 13.213184], [123.4637, 13.212106], [123.462622, 13.212106], [123.462622, 13.213184], [123.463161, 13.213184], [123.463161, 13.213723], [123.4637, 13.213723], [123.4637, 13.215879], [123.463161, 13.215879], [123.463161, 13.217496], [123.4637, 13.217496], [123.4637, 13.218035], [123.463161, 13.218035], [123.463161, 13.218574], [123.462622, 13.218574], [123.462622, 13.219113], [123.462083, 13.219113], [123.462083, 13.220191], [123.461544, 13.220191], [123.461544, 13.22073], [123.461005, 13.22073], [123.461005, 13.221269], [123.460466, 13.221269], [123.460466, 13.221808], [123.461005, 13.221808], [123.461005, 13.222347], [123.461544, 13.222347], [123.461544, 13.222886], [123.462083, 13.222886], [123.462083, 13.222347], [123.463161, 13.222347], [123.463161, 13.222886], [123.4637, 13.222886], [123.4637, 13.225581], [123.464239, 13.225581], [123.464239, 13.226659], [123.4637, 13.226659], [123.4637, 13.227198], [123.462083, 13.227198], [123.462083, 13.226659], [123.461005, 13.226659], [123.461005, 13.22612], [123.460466, 13.22612], [123.460466, 13.225581], [123.459927, 13.225581], [123.459927, 13.225042], [123.458849, 13.225042], [123.458849, 13.225581], [123.459388, 13.225581], [123.459388, 13.22612], [123.459927, 13.22612], [123.459927, 13.227737], [123.460466, 13.227737], [123.460466, 13.228276], [123.461005, 13.228276], [123.461005, 13.228815], [123.461544, 13.228815], [123.461544, 13.229354], [123.462083, 13.229354], [123.462083, 13.229893], [123.462622, 13.229893], [123.462622, 13.230432], [123.463161, 13.230432], [123.463161, 13.230971], [123.4637, 13.230971], [123.4637, 13.23151], [123.463161, 13.23151], [123.463161, 13.233666], [123.4637, 13.233666], [123.4637, 13.234205], [123.465317, 13.234205], [123.465317, 13.235283], [123.464778, 13.235283], [123.464778, 13.23636], [123.464239, 13.23636], [123.464239, 13.236899], [123.4637, 13.236899], [123.4637, 13.237438], [123.463161, 13.237438], [123.463161, 13.238516], [123.4637, 13.238516], [123.4637, 13.239594], [123.464239, 13.239594], [123.464239, 13.240672], [123.4637, 13.240672], [123.4637, 13.24175], [123.464239, 13.24175], [123.464239, 13.242289], [123.461005, 13.242289], [123.461005, 13.242828], [123.459927, 13.242828], [123.459927, 13.243367], [123.45831, 13.243367], [123.45831, 13.242828], [123.457771, 13.242828], [123.457771, 13.242289], [123.455615, 13.242289], [123.455615, 13.24175], [123.452381, 13.24175], [123.452381, 13.243367], [123.45292, 13.243367], [123.45292, 13.243906], [123.453459, 13.243906], [123.453459, 13.244445], [123.45292, 13.244445], [123.45292, 13.244984], [123.452381, 13.244984], [123.452381, 13.245523], [123.451842, 13.245523], [123.451842, 13.246062], [123.451303, 13.246062], [123.451303, 13.24714], [123.451842, 13.24714], [123.451842, 13.247679], [123.452381, 13.247679], [123.452381, 13.248218], [123.45292, 13.248218], [123.45292, 13.248757], [123.452381, 13.248757], [123.452381, 13.250374], [123.451842, 13.250374], [123.451842, 13.250913], [123.451303, 13.250913], [123.451303, 13.251452], [123.450764, 13.251452], [123.450764, 13.251991], [123.450225, 13.251991], [123.450225, 13.25253], [123.44753, 13.25253], [123.44753, 13.253069], [123.446452, 13.253069], [123.446452, 13.253608], [123.445374, 13.253608], [123.445374, 13.254147], [123.444835, 13.254147], [123.444835, 13.254686], [123.443757, 13.254686], [123.443757, 13.255225], [123.443218, 13.255225], [123.443218, 13.255764], [123.439984, 13.255764], [123.439984, 13.256303], [123.439445, 13.256303], [123.439445, 13.257381], [123.438906, 13.257381], [123.438906, 13.258459], [123.43675, 13.258459], [123.43675, 13.258998], [123.436211, 13.258998], [123.436211, 13.259537], [123.433516, 13.259537], [123.433516, 13.260076], [123.432438, 13.260076], [123.432438, 13.261154], [123.432977, 13.261154], [123.432977, 13.262232], [123.432438, 13.262232], [123.432438, 13.262771], [123.430282, 13.262771], [123.430282, 13.261154], [123.43136, 13.261154], [123.43136, 13.260076], [123.431899, 13.260076], [123.431899, 13.258998], [123.430821, 13.258998], [123.430821, 13.258459], [123.429744, 13.258459], [123.429744, 13.25792], [123.427588, 13.25792], [123.427588, 13.258459], [123.427049, 13.258459], [123.427049, 13.258998], [123.42651, 13.258998], [123.42651, 13.261154], [123.425971, 13.261154], [123.425971, 13.262232], [123.425432, 13.262232], [123.425432, 13.262771], [123.424893, 13.262771], [123.424893, 13.26331], [123.423815, 13.26331], [123.423815, 13.263849], [123.422198, 13.263849], [123.422198, 13.264388], [123.421659, 13.264388], [123.421659, 13.264927], [123.42112, 13.264927], [123.42112, 13.265466], [123.420581, 13.265466], [123.420581, 13.266005], [123.420042, 13.266005], [123.420042, 13.266544], [123.419503, 13.266544], [123.419503, 13.266005], [123.417886, 13.266005], [123.417886, 13.267083], [123.417347, 13.267083], [123.417347, 13.267622], [123.41573, 13.267622], [123.41573, 13.267083], [123.414652, 13.267083], [123.414652, 13.267622], [123.414113, 13.267622], [123.414113, 13.268161], [123.413574, 13.268161], [123.413574, 13.2687], [123.413035, 13.2687], [123.413035, 13.269239], [123.412496, 13.269239], [123.412496, 13.270317], [123.411957, 13.270317], [123.411957, 13.270856], [123.411418, 13.270856], [123.411418, 13.271395], [123.409262, 13.271395], [123.409262, 13.271934], [123.408723, 13.271934], [123.408723, 13.272473], [123.407645, 13.272473], [123.407645, 13.271934], [123.406028, 13.271934], [123.406028, 13.272473], [123.40495, 13.272473], [123.40495, 13.271934], [123.405489, 13.271934], [123.405489, 13.271395], [123.401716, 13.271395], [123.401716, 13.270856], [123.401177, 13.270856], [123.401177, 13.270317], [123.400638, 13.270317], [123.400638, 13.2687], [123.399021, 13.2687], [123.399021, 13.268161], [123.397943, 13.268161], [123.397943, 13.267083], [123.397404, 13.267083], [123.397404, 13.266005], [123.398482, 13.266005], [123.398482, 13.266544], [123.400099, 13.266544], [123.400099, 13.266005], [123.400638, 13.266005], [123.400638, 13.265466], [123.401177, 13.265466], [123.401177, 13.264388], [123.397943, 13.264388], [123.397943, 13.264927], [123.394709, 13.264927], [123.394709, 13.265466], [123.392553, 13.265466], [123.392553, 13.266005], [123.391475, 13.266005], [123.391475, 13.266544], [123.390936, 13.266544], [123.390936, 13.267083], [123.389858, 13.267083], [123.389858, 13.267622], [123.389319, 13.267622], [123.389319, 13.267083], [123.38878, 13.267083], [123.38878, 13.266544], [123.389319, 13.266544], [123.389319, 13.266005], [123.390397, 13.266005], [123.390397, 13.265466], [123.391475, 13.265466], [123.391475, 13.264927], [123.392553, 13.264927], [123.392553, 13.264388], [123.393631, 13.264388], [123.393631, 13.263849], [123.39417, 13.263849], [123.39417, 13.26331], [123.395248, 13.26331], [123.395248, 13.263849], [123.396326, 13.263849], [123.396326, 13.262771], [123.396865, 13.262771], [123.396865, 13.262232], [123.397404, 13.262232], [123.397404, 13.261693], [123.397943, 13.261693], [123.397943, 13.261154], [123.399021, 13.261154], [123.399021, 13.260076], [123.39956, 13.260076], [123.39956, 13.258998], [123.400099, 13.258998], [123.400099, 13.258459], [123.400638, 13.258459], [123.400638, 13.25792], [123.401177, 13.25792], [123.401177, 13.258459], [123.402255, 13.258459], [123.402255, 13.25792], [123.402794, 13.25792], [123.402794, 13.257381], [123.403333, 13.257381], [123.403333, 13.256303], [123.403872, 13.256303], [123.403872, 13.255764], [123.40495, 13.255764], [123.40495, 13.255225], [123.407106, 13.255225], [123.407106, 13.254686], [123.409801, 13.254686], [123.409801, 13.254147], [123.411957, 13.254147], [123.411957, 13.253608], [123.412496, 13.253608], [123.412496, 13.253069], [123.413035, 13.253069], [123.413035, 13.25253], [123.413574, 13.25253], [123.413574, 13.251991], [123.414652, 13.251991], [123.414652, 13.251452], [123.41573, 13.251452], [123.41573, 13.250913], [123.417347, 13.250913], [123.417347, 13.250374], [123.417886, 13.250374], [123.417886, 13.249835], [123.418964, 13.249835], [123.418964, 13.249296], [123.420581, 13.249296], [123.420581, 13.248757], [123.42112, 13.248757], [123.42112, 13.248218], [123.421659, 13.248218], [123.421659, 13.247679], [123.422198, 13.247679], [123.422198, 13.246062], [123.422737, 13.246062], [123.422737, 13.245523], [123.423276, 13.245523], [123.423276, 13.244984], [123.422737, 13.244984], [123.422737, 13.243367], [123.422198, 13.243367], [123.422198, 13.242289], [123.421659, 13.242289], [123.421659, 13.24175], [123.42112, 13.24175], [123.42112, 13.241211], [123.420042, 13.241211], [123.420042, 13.240672], [123.418964, 13.240672], [123.418964, 13.240133], [123.418425, 13.240133], [123.418425, 13.238516], [123.417347, 13.238516], [123.417347, 13.239055], [123.416808, 13.239055], [123.416808, 13.239594], [123.414113, 13.239594], [123.414113, 13.240133], [123.413574, 13.240133], [123.413574, 13.240672], [123.414113, 13.240672], [123.414113, 13.242289], [123.413035, 13.242289], [123.413035, 13.240672], [123.412496, 13.240672], [123.412496, 13.239594], [123.413035, 13.239594], [123.413035, 13.239055], [123.412496, 13.239055], [123.412496, 13.238516], [123.411418, 13.238516], [123.411418, 13.239055], [123.410879, 13.239055], [123.410879, 13.240133], [123.41034, 13.240133], [123.41034, 13.240672], [123.409801, 13.240672], [123.409801, 13.24175], [123.409262, 13.24175], [123.409262, 13.242828], [123.409801, 13.242828], [123.409801, 13.243906], [123.409262, 13.243906], [123.409262, 13.24714], [123.409801, 13.24714], [123.409801, 13.248218], [123.409262, 13.248218], [123.409262, 13.248757], [123.408723, 13.248757], [123.408723, 13.249296], [123.408184, 13.249296], [123.408184, 13.249835], [123.406567, 13.249835], [123.406567, 13.246062], [123.405489, 13.246062], [123.405489, 13.245523], [123.40495, 13.245523], [123.40495, 13.244984], [123.400638, 13.244984], [123.400638, 13.245523], [123.400099, 13.245523], [123.400099, 13.246062], [123.397943, 13.246062], [123.397943, 13.246601], [123.397404, 13.246601], [123.397404, 13.246062], [123.396326, 13.246062], [123.396326, 13.246601], [123.395248, 13.246601], [123.395248, 13.247679], [123.394709, 13.247679], [123.394709, 13.246062], [123.395248, 13.246062], [123.395248, 13.245523], [123.394709, 13.245523], [123.394709, 13.244984], [123.395248, 13.244984], [123.395248, 13.244445], [123.395787, 13.244445], [123.395787, 13.243906], [123.397404, 13.243906], [123.397404, 13.242828], [123.396865, 13.242828], [123.396865, 13.242289], [123.396326, 13.242289], [123.396326, 13.241211], [123.396865, 13.241211], [123.396865, 13.240672], [123.397404, 13.240672], [123.397404, 13.240133], [123.400638, 13.240133], [123.400638, 13.240672], [123.401177, 13.240672], [123.401177, 13.24175], [123.401716, 13.24175], [123.401716, 13.242289], [123.402255, 13.242289], [123.402255, 13.241211], [123.401716, 13.241211], [123.401716, 13.239594], [123.402255, 13.239594], [123.402255, 13.239055], [123.403872, 13.239055], [123.403872, 13.238516], [123.40495, 13.238516], [123.40495, 13.237438], [123.405489, 13.237438], [123.405489, 13.236899], [123.403333, 13.236899], [123.403333, 13.237438], [123.399021, 13.237438], [123.399021, 13.236899], [123.398482, 13.236899], [123.398482, 13.235821], [123.399021, 13.235821], [123.399021, 13.235283], [123.39956, 13.235283], [123.39956, 13.234744], [123.401177, 13.234744], [123.401177, 13.234205], [123.401716, 13.234205], [123.401716, 13.233127], [123.400638, 13.233127], [123.400638, 13.233666], [123.398482, 13.233666], [123.398482, 13.234205], [123.397943, 13.234205], [123.397943, 13.234744], [123.397404, 13.234744], [123.397404, 13.235283], [123.395787, 13.235283], [123.395787, 13.23636], [123.396326, 13.23636], [123.396326, 13.236899], [123.397404, 13.236899], [123.397404, 13.238516], [123.396326, 13.238516], [123.396326, 13.239055], [123.395787, 13.239055], [123.395787, 13.239594], [123.394709, 13.239594], [123.394709, 13.239055], [123.39417, 13.239055], [123.39417, 13.239594], [123.393631, 13.239594], [123.393631, 13.240672], [123.393092, 13.240672], [123.393092, 13.241211], [123.393631, 13.241211], [123.393631, 13.24175], [123.393092, 13.24175], [123.393092, 13.242289], [123.392553, 13.242289], [123.392553, 13.242828], [123.390397, 13.242828], [123.390397, 13.242289], [123.389858, 13.242289], [123.389858, 13.24175], [123.38878, 13.24175], [123.38878, 13.240672], [123.389319, 13.240672], [123.389319, 13.239055], [123.388241, 13.239055], [123.388241, 13.239594], [123.387702, 13.239594], [123.387702, 13.239055], [123.387163, 13.239055], [123.387163, 13.237977], [123.386085, 13.237977], [123.386085, 13.238516], [123.385546, 13.238516], [123.385546, 13.239055], [123.386085, 13.239055], [123.386085, 13.240133], [123.387163, 13.240133], [123.387163, 13.240672], [123.388241, 13.240672], [123.388241, 13.242828], [123.387702, 13.242828], [123.387702, 13.242289], [123.387163, 13.242289], [123.387163, 13.24175], [123.386085, 13.24175], [123.386085, 13.244445], [123.385546, 13.244445], [123.385546, 13.244984], [123.381234, 13.244984], [123.381234, 13.244445], [123.380695, 13.244445], [123.380695, 13.243906], [123.381234, 13.243906], [123.381234, 13.242828], [123.381773, 13.242828], [123.381773, 13.243367], [123.38339, 13.243367], [123.38339, 13.241211], [123.382312, 13.241211], [123.382312, 13.24175], [123.381234, 13.24175], [123.381234, 13.241211], [123.380157, 13.241211], [123.380157, 13.240672], [123.378001, 13.240672], [123.378001, 13.240133], [123.37854, 13.240133], [123.37854, 13.239055], [123.379618, 13.239055], [123.379618, 13.238516], [123.381234, 13.238516], [123.381234, 13.237977], [123.381773, 13.237977], [123.381773, 13.237438], [123.382312, 13.237438], [123.382312, 13.236899], [123.382851, 13.236899], [123.382851, 13.235821], [123.38339, 13.235821], [123.38339, 13.234205], [123.383929, 13.234205], [123.383929, 13.232049], [123.38339, 13.232049], [123.38339, 13.230432], [123.383929, 13.230432], [123.383929, 13.228815], [123.385007, 13.228815], [123.385007, 13.229893], [123.384468, 13.229893], [123.384468, 13.230971], [123.385007, 13.230971], [123.385007, 13.23151], [123.385546, 13.23151], [123.385546, 13.230971], [123.386624, 13.230971], [123.386624, 13.230432], [123.387163, 13.230432], [123.387163, 13.229354], [123.386624, 13.229354], [123.386624, 13.228276], [123.388241, 13.228276], [123.388241, 13.227737], [123.389319, 13.227737], [123.389319, 13.227198], [123.390397, 13.227198], [123.390397, 13.228276], [123.390936, 13.228276], [123.390936, 13.229354], [123.391475, 13.229354], [123.391475, 13.229893], [123.393631, 13.229893], [123.393631, 13.228276], [123.394709, 13.228276], [123.394709, 13.228815], [123.395248, 13.228815], [123.395248, 13.229354], [123.396326, 13.229354], [123.396326, 13.228276], [123.395787, 13.228276], [123.395787, 13.226659], [123.396326, 13.226659], [123.396326, 13.22612], [123.402794, 13.22612], [123.402794, 13.225581], [123.403872, 13.225581], [123.403872, 13.225042], [123.404411, 13.225042], [123.404411, 13.224503], [123.406028, 13.224503], [123.406028, 13.222347], [123.404411, 13.222347], [123.404411, 13.222886], [123.403872, 13.222886], [123.403872, 13.223425], [123.403333, 13.223425], [123.403333, 13.223964], [123.402255, 13.223964], [123.402255, 13.223425], [123.401716, 13.223425], [123.401716, 13.222886], [123.401177, 13.222886], [123.401177, 13.222347], [123.400099, 13.222347], [123.400099, 13.223964], [123.39956, 13.223964], [123.39956, 13.224503], [123.399021, 13.224503], [123.399021, 13.223964], [123.398482, 13.223964], [123.398482, 13.222886], [123.397943, 13.222886], [123.397943, 13.222347], [123.396865, 13.222347], [123.396865, 13.223425], [123.396326, 13.223425], [123.396326, 13.223964], [123.395248, 13.223964], [123.395248, 13.224503], [123.39417, 13.224503], [123.39417, 13.225042], [123.393631, 13.225042], [123.393631, 13.225581], [123.389858, 13.225581], [123.389858, 13.223425], [123.389319, 13.223425], [123.389319, 13.222347], [123.389858, 13.222347], [123.389858, 13.221808], [123.390397, 13.221808], [123.390397, 13.22073], [123.390936, 13.22073], [123.390936, 13.220191], [123.391475, 13.220191], [123.391475, 13.219652], [123.392553, 13.219652], [123.392553, 13.220191], [123.393631, 13.220191], [123.393631, 13.219652], [123.395248, 13.219652], [123.395248, 13.218574], [123.393092, 13.218574], [123.393092, 13.218035], [123.392553, 13.218035], [123.392553, 13.216957], [123.393092, 13.216957], [123.393092, 13.216418], [123.393631, 13.216418], [123.393631, 13.215879], [123.394709, 13.215879], [123.394709, 13.216418], [123.395248, 13.216418], [123.395248, 13.215879], [123.395787, 13.215879], [123.395787, 13.214801], [123.396865, 13.214801], [123.396865, 13.214262], [123.397404, 13.214262], [123.397404, 13.213184], [123.396865, 13.213184], [123.396865, 13.212645], [123.396326, 13.212645], [123.396326, 13.212106], [123.395787, 13.212106], [123.395787, 13.210489], [123.394709, 13.210489], [123.394709, 13.212106], [123.39417, 13.212106], [123.39417, 13.213723], [123.393631, 13.213723], [123.393631, 13.214262], [123.392553, 13.214262], [123.392553, 13.213723], [123.392014, 13.213723], [123.392014, 13.208872], [123.390936, 13.208872], [123.390936, 13.209411], [123.390397, 13.209411], [123.390397, 13.211567], [123.389858, 13.211567], [123.389858, 13.214262], [123.389319, 13.214262], [123.389319, 13.215879], [123.387163, 13.215879], [123.387163, 13.21534], [123.386624, 13.21534], [123.386624, 13.214801], [123.386085, 13.214801], [123.386085, 13.213723], [123.384468, 13.213723], [123.384468, 13.214262], [123.383929, 13.214262], [123.383929, 13.21534], [123.38339, 13.21534], [123.38339, 13.215879], [123.382851, 13.215879], [123.382851, 13.218035], [123.382312, 13.218035], [123.382312, 13.219652], [123.382851, 13.219652], [123.382851, 13.220191], [123.382312, 13.220191], [123.382312, 13.22073], [123.381773, 13.22073], [123.381773, 13.221269], [123.379079, 13.221269], [123.379079, 13.221808], [123.37854, 13.221808], [123.37854, 13.222347], [123.376923, 13.222347], [123.376923, 13.223425], [123.377462, 13.223425], [123.377462, 13.223964], [123.378001, 13.223964], [123.378001, 13.225042], [123.377462, 13.225042], [123.377462, 13.227198], [123.378001, 13.227198], [123.378001, 13.227737], [123.377462, 13.227737], [123.377462, 13.228815], [123.376923, 13.228815], [123.376923, 13.229354], [123.379079, 13.229354], [123.379079, 13.230432], [123.37854, 13.230432], [123.37854, 13.23151], [123.378001, 13.23151], [123.378001, 13.232588], [123.377462, 13.232588], [123.377462, 13.233666], [123.376923, 13.233666], [123.376923, 13.235283], [123.376384, 13.235283], [123.376384, 13.23636], [123.375306, 13.23636], [123.375306, 13.237438], [123.372072, 13.237438], [123.372072, 13.235821], [123.371533, 13.235821], [123.371533, 13.235283], [123.370994, 13.235283], [123.370994, 13.234744], [123.370455, 13.234744], [123.370455, 13.234205], [123.369916, 13.234205], [123.369916, 13.233666], [123.368299, 13.233666], [123.368299, 13.233127], [123.36776, 13.233127], [123.36776, 13.232588], [123.367221, 13.232588], [123.367221, 13.232049], [123.366682, 13.232049], [123.366682, 13.23151], [123.365604, 13.23151], [123.365604, 13.232049], [123.365065, 13.232049], [123.365065, 13.232588], [123.364526, 13.232588], [123.364526, 13.233127], [123.363987, 13.233127], [123.363987, 13.233666], [123.363448, 13.233666], [123.363448, 13.234744], [123.363987, 13.234744], [123.363987, 13.235283], [123.364526, 13.235283], [123.364526, 13.235821], [123.365065, 13.235821], [123.365065, 13.238516], [123.364526, 13.238516], [123.364526, 13.239594], [123.365604, 13.239594], [123.365604, 13.240672], [123.363987, 13.240672], [123.363987, 13.241211], [123.363448, 13.241211], [123.363448, 13.24175], [123.36237, 13.24175], [123.36237, 13.242289], [123.361831, 13.242289], [123.361831, 13.24175], [123.360753, 13.24175], [123.360753, 13.241211], [123.358058, 13.241211], [123.358058, 13.240672], [123.356441, 13.240672], [123.356441, 13.239594], [123.355902, 13.239594], [123.355902, 13.239055], [123.356441, 13.239055], [123.356441, 13.237438], [123.354285, 13.237438], [123.354285, 13.236899], [123.353746, 13.236899], [123.353746, 13.23636], [123.353207, 13.23636], [123.353207, 13.235821], [123.35159, 13.235821], [123.35159, 13.235283], [123.349973, 13.235283], [123.349973, 13.235821], [123.349434, 13.235821], [123.349434, 13.236899], [123.349973, 13.236899], [123.349973, 13.237438], [123.350512, 13.237438], [123.350512, 13.238516], [123.351051, 13.238516], [123.351051, 13.239055], [123.35159, 13.239055], [123.35159, 13.239594], [123.352668, 13.239594], [123.352668, 13.239055], [123.354285, 13.239055], [123.354285, 13.241211], [123.354824, 13.241211], [123.354824, 13.24175], [123.357519, 13.24175], [123.357519, 13.242289], [123.358058, 13.242289], [123.358058, 13.242828], [123.358597, 13.242828], [123.358597, 13.243367], [123.359675, 13.243367], [123.359675, 13.243906], [123.360214, 13.243906], [123.360214, 13.246062], [123.360753, 13.246062], [123.360753, 13.246601], [123.363448, 13.246601], [123.363448, 13.24714], [123.364526, 13.24714], [123.364526, 13.247679], [123.365604, 13.247679], [123.365604, 13.248218], [123.366143, 13.248218], [123.366143, 13.250913], [123.366682, 13.250913], [123.366682, 13.250374], [123.36776, 13.250374], [123.36776, 13.250913], [123.368299, 13.250913], [123.368299, 13.251452], [123.368838, 13.251452], [123.368838, 13.251991], [123.369377, 13.251991], [123.369377, 13.25253], [123.372611, 13.25253], [123.372611, 13.253069], [123.37315, 13.253069], [123.37315, 13.254147], [123.372611, 13.254147], [123.372611, 13.254686], [123.370994, 13.254686], [123.370994, 13.255225], [123.370455, 13.255225], [123.370455, 13.256842], [123.371533, 13.256842], [123.371533, 13.257381], [123.372072, 13.257381], [123.372072, 13.258459], [123.370455, 13.258459], [123.370455, 13.25792], [123.369916, 13.25792], [123.369916, 13.257381], [123.369377, 13.257381], [123.369377, 13.256842], [123.368838, 13.256842], [123.368838, 13.256303], [123.366143, 13.256303], [123.366143, 13.256842], [123.365604, 13.256842], [123.365604, 13.257381], [123.365065, 13.257381], [123.365065, 13.25792], [123.364526, 13.25792], [123.364526, 13.258998], [123.362909, 13.258998], [123.362909, 13.258459], [123.360214, 13.258459], [123.360214, 13.25792], [123.359675, 13.25792], [123.359675, 13.257381], [123.359136, 13.257381], [123.359136, 13.256842], [123.358597, 13.256842], [123.358597, 13.256303], [123.359136, 13.256303], [123.359136, 13.255225], [123.358597, 13.255225], [123.358597, 13.254147], [123.358058, 13.254147], [123.358058, 13.25253], [123.35698, 13.25253], [123.35698, 13.253069], [123.355902, 13.253069], [123.355902, 13.25253], [123.355363, 13.25253], [123.355363, 13.251991], [123.354824, 13.251991], [123.354824, 13.251452], [123.354285, 13.251452], [123.354285, 13.251991], [123.353746, 13.251991], [123.353746, 13.25253], [123.349434, 13.25253], [123.349434, 13.253069], [123.348895, 13.253069], [123.348895, 13.253608], [123.348356, 13.253608], [123.348356, 13.254147], [123.348895, 13.254147], [123.348895, 13.254686], [123.349973, 13.254686], [123.349973, 13.255225], [123.350512, 13.255225], [123.350512, 13.256303], [123.351051, 13.256303], [123.351051, 13.256842], [123.355363, 13.256842], [123.355363, 13.257381], [123.354824, 13.257381], [123.354824, 13.258459], [123.354285, 13.258459], [123.354285, 13.258998], [123.353746, 13.258998], [123.353746, 13.260615], [123.354824, 13.260615], [123.354824, 13.261154], [123.355902, 13.261154], [123.355902, 13.261693], [123.356441, 13.261693], [123.356441, 13.262232], [123.357519, 13.262232], [123.357519, 13.26331], [123.358058, 13.26331], [123.358058, 13.263849], [123.358597, 13.263849], [123.358597, 13.264927], [123.358058, 13.264927], [123.358058, 13.266544], [123.359136, 13.266544], [123.359136, 13.266005], [123.359675, 13.266005], [123.359675, 13.266544], [123.361831, 13.266544], [123.361831, 13.267083], [123.36237, 13.267083], [123.36237, 13.268161], [123.363987, 13.268161], [123.363987, 13.2687], [123.365065, 13.2687], [123.365065, 13.268161], [123.365604, 13.268161], [123.365604, 13.266005], [123.366143, 13.266005], [123.366143, 13.265466], [123.367221, 13.265466], [123.367221, 13.266005], [123.36776, 13.266005], [123.36776, 13.266544], [123.368299, 13.266544], [123.368299, 13.267622], [123.368838, 13.267622], [123.368838, 13.268161], [123.369916, 13.268161], [123.369916, 13.2687], [123.370455, 13.2687], [123.370455, 13.269778], [123.369377, 13.269778], [123.369377, 13.269239], [123.368299, 13.269239], [123.368299, 13.2687], [123.36776, 13.2687], [123.36776, 13.268161], [123.366143, 13.268161], [123.366143, 13.2687], [123.366682, 13.2687], [123.366682, 13.270317], [123.365604, 13.270317], [123.365604, 13.269778], [123.364526, 13.269778], [123.364526, 13.270317], [123.36237, 13.270317], [123.36237, 13.269778], [123.361831, 13.269778], [123.361831, 13.269239], [123.361292, 13.269239], [123.361292, 13.268161], [123.360214, 13.268161], [123.360214, 13.267083], [123.359675, 13.267083], [123.359675, 13.267622], [123.358597, 13.267622], [123.358597, 13.267083], [123.357519, 13.267083], [123.357519, 13.266005], [123.35698, 13.266005], [123.35698, 13.266544], [123.355902, 13.266544], [123.355902, 13.267083], [123.355363, 13.267083], [123.355363, 13.268161], [123.354824, 13.268161], [123.354824, 13.269239], [123.356441, 13.269239], [123.356441, 13.269778], [123.35698, 13.269778], [123.35698, 13.270317], [123.358058, 13.270317], [123.358058, 13.269778], [123.359136, 13.269778], [123.359136, 13.271934], [123.359675, 13.271934], [123.359675, 13.271395], [123.360753, 13.271395], [123.360753, 13.273012], [123.359675, 13.273012], [123.359675, 13.273551], [123.359136, 13.273551], [123.359136, 13.273012], [123.358597, 13.273012], [123.358597, 13.272473], [123.356441, 13.272473], [123.356441, 13.271934], [123.355902, 13.271934], [123.355902, 13.270856], [123.355363, 13.270856], [123.355363, 13.270317], [123.354285, 13.270317], [123.354285, 13.272473], [123.353746, 13.272473], [123.353746, 13.273551], [123.354285, 13.273551], [123.354285, 13.27409], [123.354824, 13.27409], [123.354824, 13.275168], [123.354285, 13.275168], [123.354285, 13.275707], [123.349973, 13.275707], [123.349973, 13.275168], [123.347817, 13.275168], [123.347817, 13.274629], [123.347278, 13.274629], [123.347278, 13.27409], [123.3462, 13.27409], [123.3462, 13.273551], [123.345122, 13.273551], [123.345122, 13.27409], [123.344044, 13.27409], [123.344044, 13.273551], [123.344583, 13.273551], [123.344583, 13.272473], [123.345122, 13.272473], [123.345122, 13.271934], [123.345661, 13.271934], [123.345661, 13.271395], [123.3462, 13.271395], [123.3462, 13.270317], [123.344583, 13.270317], [123.344583, 13.269778], [123.343505, 13.269778], [123.343505, 13.269239], [123.341888, 13.269239], [123.341888, 13.2687], [123.341349, 13.2687], [123.341349, 13.269239], [123.34081, 13.269239], [123.34081, 13.270856], [123.341888, 13.270856], [123.341888, 13.271395], [123.342427, 13.271395], [123.342427, 13.272473], [123.342966, 13.272473], [123.342966, 13.273012], [123.341888, 13.273012], [123.341888, 13.272473], [123.34081, 13.272473], [123.34081, 13.27409], [123.340271, 13.27409], [123.340271, 13.274629], [123.338654, 13.274629], [123.338654, 13.276246], [123.339193, 13.276246], [123.339193, 13.276785], [123.34081, 13.276785], [123.34081, 13.276246], [123.341888, 13.276246], [123.341888, 13.275707], [123.343505, 13.275707], [123.343505, 13.276785], [123.342966, 13.276785], [123.342966, 13.277324], [123.341349, 13.277324], [123.341349, 13.278402], [123.342966, 13.278402], [123.342966, 13.277863], [123.344044, 13.277863], [123.344044, 13.277324], [123.345122, 13.277324], [123.345122, 13.277863], [123.346739, 13.277863], [123.346739, 13.278402], [123.347278, 13.278402], [123.347278, 13.27948], [123.347817, 13.27948], [123.347817, 13.280019], [123.349434, 13.280019], [123.349434, 13.280558], [123.352129, 13.280558], [123.352129, 13.280019], [123.352668, 13.280019], [123.352668, 13.27948], [123.353207, 13.27948], [123.353207, 13.278402], [123.353746, 13.278402], [123.353746, 13.277863], [123.354285, 13.277863], [123.354285, 13.277324], [123.355902, 13.277324], [123.355902, 13.277863], [123.357519, 13.277863], [123.357519, 13.277324], [123.358597, 13.277324], [123.358597, 13.277863], [123.360753, 13.277863], [123.360753, 13.277324], [123.361831, 13.277324], [123.361831, 13.276785], [123.362909, 13.276785], [123.362909, 13.276246], [123.365604, 13.276246], [123.365604, 13.275707], [123.367221, 13.275707], [123.367221, 13.276246], [123.366682, 13.276246], [123.366682, 13.276785], [123.365604, 13.276785], [123.365604, 13.277324], [123.365065, 13.277324], [123.365065, 13.277863], [123.364526, 13.277863], [123.364526, 13.278402], [123.363987, 13.278402], [123.363987, 13.278941], [123.363448, 13.278941], [123.363448, 13.27948], [123.365065, 13.27948], [123.365065, 13.280019], [123.365604, 13.280019], [123.365604, 13.280558], [123.360214, 13.280558], [123.360214, 13.281636], [123.359675, 13.281636], [123.359675, 13.282175], [123.359136, 13.282175], [123.359136, 13.282714], [123.358058, 13.282714], [123.358058, 13.283253], [123.359136, 13.283253], [123.359136, 13.283792], [123.359675, 13.283792], [123.359675, 13.28487], [123.359136, 13.28487], [123.359136, 13.287564], [123.358058, 13.287564], [123.358058, 13.285947], [123.355902, 13.285947], [123.355902, 13.285408], [123.354824, 13.285408], [123.354824, 13.285947], [123.352668, 13.285947], [123.352668, 13.287564], [123.35159, 13.287564], [123.35159, 13.287025], [123.349434, 13.287025], [123.349434, 13.288103], [123.348895, 13.288103], [123.348895, 13.292954], [123.349434, 13.292954], [123.349434, 13.293493], [123.349973, 13.293493], [123.349973, 13.294571], [123.349434, 13.294571], [123.349434, 13.294032], [123.348895, 13.294032], [123.348895, 13.293493], [123.348356, 13.293493], [123.348356, 13.292954], [123.347817, 13.292954], [123.347817, 13.292415], [123.347278, 13.292415], [123.347278, 13.290798], [123.346739, 13.290798], [123.346739, 13.290259], [123.3462, 13.290259], [123.3462, 13.291337], [123.345661, 13.291337], [123.345661, 13.291876], [123.345122, 13.291876], [123.345122, 13.291337], [123.342966, 13.291337], [123.342966, 13.292954], [123.344583, 13.292954], [123.344583, 13.292415], [123.345122, 13.292415], [123.345122, 13.293493], [123.345661, 13.293493], [123.345661, 13.294571], [123.344044, 13.294571], [123.344044, 13.29511], [123.344583, 13.29511], [123.344583, 13.296188], [123.345122, 13.296188], [123.345122, 13.296727], [123.345661, 13.296727], [123.345661, 13.297266], [123.347817, 13.297266], [123.347817, 13.298344], [123.346739, 13.298344], [123.346739, 13.298883], [123.345122, 13.298883], [123.345122, 13.298344], [123.344044, 13.298344], [123.344044, 13.297805], [123.342427, 13.297805], [123.342427, 13.297266], [123.341888, 13.297266], [123.341888, 13.296188], [123.341349, 13.296188], [123.341349, 13.294032], [123.340271, 13.294032], [123.340271, 13.294571], [123.339193, 13.294571], [123.339193, 13.294032], [123.338654, 13.294032], [123.338654, 13.293493], [123.338115, 13.293493], [123.338115, 13.292415], [123.337576, 13.292415], [123.337576, 13.290798], [123.337037, 13.290798], [123.337037, 13.28972], [123.336498, 13.28972], [123.336498, 13.289181], [123.335959, 13.289181], [123.335959, 13.288642], [123.33542, 13.288642], [123.33542, 13.288103], [123.335959, 13.288103], [123.335959, 13.286486], [123.33542, 13.286486], [123.33542, 13.285947], [123.334881, 13.285947], [123.334881, 13.285408], [123.33542, 13.285408], [123.33542, 13.284331], [123.335959, 13.284331], [123.335959, 13.283792], [123.33542, 13.283792], [123.33542, 13.283253], [123.334342, 13.283253], [123.334342, 13.283792], [123.333803, 13.283792], [123.333803, 13.284331], [123.333264, 13.284331], [123.333264, 13.28487], [123.332186, 13.28487], [123.332186, 13.284331], [123.331647, 13.284331], [123.331647, 13.283792], [123.333264, 13.283792], [123.333264, 13.283253], [123.333803, 13.283253], [123.333803, 13.282714], [123.334342, 13.282714], [123.334342, 13.281636], [123.333803, 13.281636], [123.333803, 13.281097], [123.333264, 13.281097], [123.333264, 13.280558], [123.332725, 13.280558], [123.332725, 13.27948], [123.332186, 13.27948], [123.332186, 13.278941], [123.331108, 13.278941], [123.331108, 13.27948], [123.33057, 13.27948], [123.33057, 13.281097], [123.330031, 13.281097], [123.330031, 13.281636], [123.33057, 13.281636], [123.33057, 13.282175], [123.328953, 13.282175], [123.328953, 13.281636], [123.328414, 13.281636], [123.328414, 13.281097], [123.327875, 13.281097], [123.327875, 13.281636], [123.327336, 13.281636], [123.327336, 13.282714], [123.327875, 13.282714], [123.327875, 13.287564], [123.327336, 13.287564], [123.327336, 13.288103], [123.32518, 13.288103], [123.32518, 13.287564], [123.322485, 13.287564], [123.322485, 13.288103], [123.321407, 13.288103], [123.321407, 13.287564], [123.320868, 13.287564], [123.320868, 13.288103], [123.320329, 13.288103], [123.320329, 13.289181], [123.321407, 13.289181], [123.321407, 13.288642], [123.321946, 13.288642], [123.321946, 13.289181], [123.322485, 13.289181], [123.322485, 13.28972], [123.321946, 13.28972], [123.321946, 13.291876], [123.322485, 13.291876], [123.322485, 13.292954], [123.321946, 13.292954], [123.321946, 13.293493], [123.321407, 13.293493], [123.321407, 13.294032], [123.320868, 13.294032], [123.320868, 13.293493], [123.320329, 13.293493], [123.320329, 13.292954], [123.318173, 13.292954], [123.318173, 13.292415], [123.317634, 13.292415], [123.317634, 13.291337], [123.317095, 13.291337], [123.317095, 13.290259], [123.316556, 13.290259], [123.316556, 13.28972], [123.316017, 13.28972], [123.316017, 13.289181], [123.314939, 13.289181], [123.314939, 13.288642], [123.313861, 13.288642], [123.313861, 13.289181], [123.313322, 13.289181], [123.313322, 13.290798], [123.312783, 13.290798], [123.312783, 13.291337], [123.311166, 13.291337], [123.311166, 13.291876], [123.311705, 13.291876], [123.311705, 13.292415], [123.312244, 13.292415], [123.312244, 13.292954], [123.313861, 13.292954], [123.313861, 13.292415], [123.314939, 13.292415], [123.314939, 13.292954], [123.316556, 13.292954], [123.316556, 13.293493], [123.317095, 13.293493], [123.317095, 13.29511], [123.316556, 13.29511], [123.316556, 13.296188], [123.316017, 13.296188], [123.316017, 13.297266], [123.315478, 13.297266], [123.315478, 13.297805], [123.3144, 13.297805], [123.3144, 13.296727], [123.313861, 13.296727], [123.313861, 13.294571], [123.312783, 13.294571], [123.312783, 13.29511], [123.312244, 13.29511], [123.312244, 13.295649], [123.311705, 13.295649], [123.311705, 13.296188], [123.312244, 13.296188], [123.312244, 13.296727], [123.313322, 13.296727], [123.313322, 13.297266], [123.313861, 13.297266], [123.313861, 13.298344], [123.313322, 13.298344], [123.313322, 13.299422], [123.313861, 13.299422], [123.313861, 13.299961], [123.311166, 13.299961], [123.311166, 13.3005], [123.310088, 13.3005], [123.310088, 13.299961], [123.309549, 13.299961], [123.309549, 13.299422], [123.30901, 13.299422], [123.30901, 13.298883], [123.307932, 13.298883], [123.307932, 13.297805], [123.307393, 13.297805], [123.307393, 13.296727], [123.306854, 13.296727], [123.306854, 13.29511], [123.306315, 13.29511], [123.306315, 13.293493], [123.306854, 13.293493], [123.306854, 13.292954], [123.307393, 13.292954], [123.307393, 13.292415], [123.307932, 13.292415], [123.307932, 13.291876], [123.308471, 13.291876], [123.308471, 13.291337], [123.307932, 13.291337], [123.307932, 13.289181], [123.308471, 13.289181], [123.308471, 13.288642], [123.30901, 13.288642], [123.30901, 13.287564], [123.308471, 13.287564], [123.308471, 13.287025], [123.307393, 13.287025], [123.307393, 13.286486], [123.306315, 13.286486], [123.306315, 13.285947], [123.304698, 13.285947], [123.304698, 13.285408], [123.303081, 13.285408], [123.303081, 13.286486], [123.30362, 13.286486], [123.30362, 13.287025], [123.304159, 13.287025], [123.304159, 13.28972], [123.30362, 13.28972], [123.30362, 13.290259], [123.303081, 13.290259], [123.303081, 13.290798], [123.30362, 13.290798], [123.30362, 13.294571], [123.304159, 13.294571], [123.304159, 13.29511], [123.30362, 13.29511], [123.30362, 13.296188], [123.304698, 13.296188], [123.304698, 13.296727], [123.305237, 13.296727], [123.305237, 13.3005], [123.304698, 13.3005], [123.304698, 13.301039], [123.303081, 13.301039], [123.303081, 13.303734], [123.30362, 13.303734], [123.30362, 13.304812], [123.304159, 13.304812], [123.304159, 13.305351], [123.302542, 13.305351], [123.302542, 13.304812], [123.302003, 13.304812], [123.302003, 13.305351], [123.301464, 13.305351], [123.301464, 13.30589], [123.300386, 13.30589], [123.300386, 13.304812], [123.299308, 13.304812], [123.299308, 13.305351], [123.298769, 13.305351], [123.298769, 13.306429], [123.299308, 13.306429], [123.299308, 13.308046], [123.29823, 13.308046], [123.29823, 13.306968], [123.297691, 13.306968], [123.297691, 13.30589], [123.296074, 13.30589], [123.296074, 13.306429], [123.294996, 13.306429], [123.294996, 13.306968], [123.294457, 13.306968], [123.294457, 13.307507], [123.294996, 13.307507], [123.294996, 13.308046], [123.295535, 13.308046], [123.295535, 13.308585], [123.297691, 13.308585], [123.297691, 13.309124], [123.29823, 13.309124], [123.29823, 13.310202], [123.297691, 13.310202], [123.297691, 13.31128], [123.29823, 13.31128], [123.29823, 13.312897], [123.297691, 13.312897], [123.297691, 13.31667], [123.297152, 13.31667], [123.297152, 13.317748], [123.29823, 13.317748], [123.29823, 13.318287], [123.298769, 13.318287], [123.298769, 13.318826], [123.299308, 13.318826], [123.299308, 13.323677], [123.297152, 13.323677], [123.297152, 13.323138], [123.296613, 13.323138], [123.296613, 13.324755], [123.297152, 13.324755], [123.297152, 13.326372], [123.297691, 13.326372], [123.297691, 13.32745], [123.297152, 13.32745], [123.297152, 13.329606], [123.296613, 13.329606], [123.296613, 13.330145], [123.294996, 13.330145], [123.294996, 13.330684], [123.293918, 13.330684], [123.293918, 13.331223], [123.29284, 13.331223], [123.29284, 13.332301], [123.293379, 13.332301], [123.293379, 13.33284], [123.293918, 13.33284], [123.293918, 13.333379], [123.294457, 13.333379], [123.294457, 13.334457], [123.294996, 13.334457], [123.294996, 13.335534], [123.296074, 13.335534], [123.296074, 13.336612], [123.296613, 13.336612], [123.296613, 13.33769], [123.295535, 13.33769], [123.295535, 13.337151], [123.294996, 13.337151], [123.294996, 13.33769], [123.294457, 13.33769], [123.294457, 13.339846], [123.293918, 13.339846], [123.293918, 13.340385], [123.293379, 13.340385], [123.293379, 13.340924], [123.29284, 13.340924], [123.29284, 13.341463], [123.292301, 13.341463], [123.292301, 13.342002], [123.29284, 13.342002], [123.29284, 13.34308], [123.292301, 13.34308], [123.292301, 13.343619], [123.291762, 13.343619], [123.291762, 13.342541], [123.291223, 13.342541], [123.291223, 13.342002], [123.290145, 13.342002], [123.290145, 13.342541], [123.290684, 13.342541], [123.290684, 13.34308], [123.290145, 13.34308], [123.290145, 13.343619], [123.289606, 13.343619], [123.289606, 13.344158], [123.289067, 13.344158], [123.289067, 13.343619], [123.28745, 13.343619], [123.28745, 13.344697], [123.285833, 13.344697], [123.285833, 13.346314], [123.285294, 13.346314], [123.285294, 13.346853], [123.283138, 13.346853], [123.283138, 13.347931], [123.282599, 13.347931], [123.282599, 13.349009], [123.280982, 13.349009], [123.280982, 13.349548], [123.278827, 13.349548], [123.278827, 13.349009], [123.277749, 13.349009], [123.277749, 13.34847], [123.276671, 13.34847], [123.276671, 13.349009], [123.276132, 13.349009], [123.276132, 13.349548], [123.276671, 13.349548], [123.276671, 13.350626], [123.276132, 13.350626], [123.276132, 13.350087], [123.275593, 13.350087], [123.275593, 13.350626], [123.275054, 13.350626], [123.275054, 13.351165], [123.274515, 13.351165], [123.274515, 13.351704], [123.273976, 13.351704], [123.273976, 13.352243], [123.273437, 13.352243], [123.273437, 13.35386], [123.272898, 13.35386], [123.272898, 13.354399], [123.27182, 13.354399], [123.27182, 13.354938], [123.271281, 13.354938], [123.271281, 13.356016], [123.270742, 13.356016], [123.270742, 13.356555], [123.270203, 13.356555], [123.270203, 13.357094], [123.269664, 13.357094], [123.269664, 13.358172], [123.269125, 13.358172], [123.269125, 13.358711], [123.268047, 13.358711], [123.268047, 13.35925], [123.267508, 13.35925], [123.267508, 13.359789], [123.266969, 13.359789], [123.266969, 13.360328], [123.267508, 13.360328], [123.267508, 13.360867], [123.268586, 13.360867], [123.268586, 13.360328], [123.269125, 13.360328], [123.269125, 13.359789], [123.269664, 13.359789], [123.269664, 13.35925], [123.270742, 13.35925], [123.270742, 13.358711], [123.27182, 13.358711], [123.27182, 13.35925], [123.272898, 13.35925], [123.272898, 13.360328], [123.275054, 13.360328], [123.275054, 13.360867], [123.273976, 13.360867], [123.273976, 13.361945], [123.273437, 13.361945], [123.273437, 13.363023], [123.272898, 13.363023], [123.272898, 13.363562], [123.271281, 13.363562], [123.271281, 13.364101], [123.270742, 13.364101], [123.270742, 13.365718], [123.271281, 13.365718], [123.271281, 13.366257], [123.27182, 13.366257], [123.27182, 13.367874], [123.271281, 13.367874], [123.271281, 13.368413], [123.270742, 13.368413], [123.270742, 13.370569], [123.270203, 13.370569], [123.270203, 13.371108], [123.269664, 13.371108], [123.269664, 13.370569], [123.268586, 13.370569], [123.268586, 13.371647], [123.269664, 13.371647], [123.269664, 13.372725], [123.269125, 13.372725], [123.269125, 13.373264], [123.268586, 13.373264], [123.268586, 13.373803], [123.267508, 13.373803], [123.267508, 13.374881], [123.268047, 13.374881], [123.268047, 13.376498], [123.266969, 13.376498], [123.266969, 13.378115], [123.267508, 13.378115], [123.267508, 13.378654], [123.266969, 13.378654], [123.266969, 13.379732], [123.26643, 13.379732], [123.26643, 13.380271], [123.265891, 13.380271], [123.265891, 13.38081], [123.26643, 13.38081], [123.26643, 13.381349], [123.266969, 13.381349], [123.266969, 13.381888], [123.26643, 13.381888], [123.26643, 13.384044], [123.266969, 13.384044], [123.266969, 13.384583], [123.267508, 13.384583], [123.267508, 13.38566], [123.266969, 13.38566], [123.266969, 13.386199], [123.26643, 13.386199], [123.26643, 13.387816], [123.266969, 13.387816], [123.266969, 13.389972], [123.267508, 13.389972], [123.267508, 13.392128], [123.266969, 13.392128], [123.266969, 13.392667], [123.26643, 13.392667], [123.26643, 13.393206], [123.265352, 13.393206], [123.265352, 13.394284], [123.265891, 13.394284], [123.265891, 13.395362], [123.266969, 13.395362], [123.266969, 13.394284], [123.267508, 13.394284], [123.267508, 13.393745], [123.268586, 13.393745], [123.268586, 13.394284], [123.269125, 13.394284], [123.269125, 13.398596], [123.268586, 13.398596], [123.268586, 13.399135], [123.268047, 13.399135], [123.268047, 13.399674], [123.268586, 13.399674], [123.268586, 13.400213], [123.268047, 13.400213], [123.268047, 13.400752], [123.26643, 13.400752], [123.26643, 13.401291], [123.265891, 13.401291], [123.265891, 13.40183], [123.265352, 13.40183], [123.265352, 13.402369], [123.264813, 13.402369], [123.264813, 13.404525], [123.262657, 13.404525], [123.262657, 13.405064], [123.262118, 13.405064], [123.262118, 13.405603], [123.262657, 13.405603], [123.262657, 13.406681], [123.263196, 13.406681], [123.263196, 13.406142], [123.264813, 13.406142], [123.264813, 13.406681], [123.265352, 13.406681], [123.265352, 13.40722], [123.265891, 13.40722], [123.265891, 13.407759], [123.266969, 13.407759], [123.266969, 13.410454], [123.26643, 13.410454], [123.26643, 13.413149], [123.265352, 13.413149], [123.265352, 13.414227], [123.264813, 13.414227], [123.264813, 13.414766], [123.265352, 13.414766], [123.265352, 13.415844], [123.264813, 13.415844], [123.264813, 13.416922], [123.264274, 13.416922], [123.264274, 13.419078], [123.263735, 13.419078], [123.263735, 13.419617], [123.262657, 13.419617], [123.262657, 13.420156], [123.262118, 13.420156], [123.262118, 13.421773], [123.26104, 13.421773], [123.26104, 13.422312], [123.259962, 13.422312], [123.259962, 13.422851], [123.259423, 13.422851], [123.259423, 13.42339], [123.258884, 13.42339], [123.258884, 13.423929], [123.258345, 13.423929], [123.258345, 13.425007], [123.257806, 13.425007], [123.257806, 13.426085], [123.257267, 13.426085], [123.257267, 13.426624], [123.256728, 13.426624], [123.256728, 13.427163], [123.256189, 13.427163], [123.256189, 13.428241], [123.25565, 13.428241], [123.25565, 13.42878], [123.255111, 13.42878], [123.255111, 13.429319], [123.253494, 13.429319], [123.253494, 13.429858], [123.252955, 13.429858], [123.252955, 13.430936], [123.253494, 13.430936], [123.253494, 13.431475], [123.252955, 13.431475], [123.252955, 13.433092], [123.252416, 13.433092], [123.252416, 13.433631], [123.251877, 13.433631], [123.251877, 13.43417], [123.251338, 13.43417], [123.251338, 13.435786], [123.25026, 13.435786], [123.25026, 13.436864], [123.250799, 13.436864], [123.250799, 13.437942], [123.249182, 13.437942], [123.249182, 13.440098], [123.248643, 13.440098], [123.248643, 13.440637], [123.249182, 13.440637], [123.249182, 13.441176], [123.249721, 13.441176], [123.249721, 13.442254], [123.249182, 13.442254], [123.249182, 13.442793], [123.248643, 13.442793], [123.248643, 13.443332], [123.248104, 13.443332], [123.248104, 13.443871], [123.245948, 13.443871], [123.245948, 13.443332], [123.245409, 13.443332], [123.245409, 13.44441], [123.24487, 13.44441], [123.24487, 13.445488], [123.244331, 13.445488], [123.244331, 13.446566], [123.242714, 13.446566], [123.242714, 13.446027], [123.242175, 13.446027], [123.242175, 13.446566], [123.241636, 13.446566], [123.241636, 13.447105], [123.241097, 13.447105], [123.241097, 13.448183], [123.240558, 13.448183], [123.240558, 13.450339], [123.240019, 13.450339], [123.240019, 13.451956], [123.238941, 13.451956], [123.238941, 13.451417], [123.238402, 13.451417], [123.238402, 13.451956], [123.237324, 13.451956], [123.237324, 13.452495], [123.237863, 13.452495], [123.237863, 13.453034], [123.238402, 13.453034], [123.238402, 13.453573], [123.240019, 13.453573], [123.240019, 13.453034], [123.240558, 13.453034], [123.240558, 13.453573], [123.241097, 13.453573], [123.241097, 13.454112], [123.240558, 13.454112], [123.240558, 13.454651], [123.238941, 13.454651], [123.238941, 13.45519], [123.238402, 13.45519], [123.238402, 13.454651], [123.235707, 13.454651], [123.235707, 13.45519], [123.235168, 13.45519], [123.235168, 13.455729], [123.234629, 13.455729], [123.234629, 13.456268], [123.23409, 13.456268], [123.23409, 13.456807], [123.233551, 13.456807], [123.233551, 13.457346], [123.233012, 13.457346], [123.233012, 13.457885], [123.232473, 13.457885], [123.232473, 13.458963], [123.231934, 13.458963], [123.231934, 13.459502], [123.229779, 13.459502], [123.229779, 13.458963], [123.228701, 13.458963], [123.228701, 13.46058], [123.228162, 13.46058], [123.228162, 13.462736], [123.226006, 13.462736], [123.226006, 13.463275], [123.224389, 13.463275], [123.224389, 13.461658], [123.223311, 13.461658], [123.223311, 13.462197], [123.222772, 13.462197], [123.222772, 13.462736], [123.223311, 13.462736], [123.223311, 13.463275], [123.22385, 13.463275], [123.22385, 13.463814], [123.224389, 13.463814], [123.224389, 13.465431], [123.22385, 13.465431], [123.22385, 13.46597], [123.223311, 13.46597], [123.223311, 13.466509], [123.221694, 13.466509], [123.221694, 13.465431], [123.221155, 13.465431], [123.221155, 13.464892], [123.220077, 13.464892], [123.220077, 13.465431], [123.219538, 13.465431], [123.219538, 13.46597], [123.220077, 13.46597], [123.220077, 13.466509], [123.221155, 13.466509], [123.221155, 13.467048], [123.221694, 13.467048], [123.221694, 13.468126], [123.221155, 13.468126], [123.221155, 13.469204], [123.220616, 13.469204], [123.220616, 13.469743], [123.220077, 13.469743], [123.220077, 13.470282], [123.219538, 13.470282], [123.219538, 13.470821], [123.218999, 13.470821], [123.218999, 13.471899], [123.220616, 13.471899], [123.220616, 13.472977], [123.220077, 13.472977], [123.220077, 13.473516], [123.218999, 13.473516], [123.218999, 13.474055], [123.217921, 13.474055], [123.217921, 13.473516], [123.217382, 13.473516], [123.217382, 13.472977], [123.216843, 13.472977], [123.216843, 13.473516], [123.216304, 13.473516], [123.216304, 13.474594], [123.214148, 13.474594], [123.214148, 13.475672], [123.215226, 13.475672], [123.215226, 13.476211], [123.215765, 13.476211], [123.215765, 13.475672], [123.216843, 13.475672], [123.216843, 13.477289], [123.217382, 13.477289], [123.217382, 13.478367], [123.216843, 13.478367], [123.216843, 13.478906], [123.216304, 13.478906], [123.216304, 13.479984], [123.215765, 13.479984], [123.215765, 13.480523], [123.214148, 13.480523], [123.214148, 13.479445], [123.214687, 13.479445], [123.214687, 13.478906], [123.215226, 13.478906], [123.215226, 13.478367], [123.215765, 13.478367], [123.215765, 13.47675], [123.214148, 13.47675], [123.214148, 13.477289], [123.213609, 13.477289], [123.213609, 13.477828], [123.211453, 13.477828], [123.211453, 13.477289], [123.210375, 13.477289], [123.210375, 13.47675], [123.209297, 13.47675], [123.209297, 13.477289], [123.208219, 13.477289], [123.208219, 13.47675], [123.20768, 13.47675], [123.20768, 13.476211], [123.207141, 13.476211], [123.207141, 13.475672], [123.206602, 13.475672], [123.206602, 13.474594], [123.206063, 13.474594], [123.206063, 13.472977], [123.206602, 13.472977], [123.206602, 13.47136], [123.207141, 13.47136], [123.207141, 13.470821], [123.208219, 13.470821], [123.208219, 13.469743], [123.20768, 13.469743], [123.20768, 13.467587], [123.208219, 13.467587], [123.208219, 13.466509], [123.20768, 13.466509], [123.20768, 13.464353], [123.208219, 13.464353], [123.208219, 13.463275], [123.208758, 13.463275], [123.208758, 13.462736], [123.209297, 13.462736], [123.209297, 13.462197], [123.210914, 13.462197], [123.210914, 13.461658], [123.211453, 13.461658], [123.211453, 13.46058], [123.211992, 13.46058], [123.211992, 13.458963], [123.212531, 13.458963], [123.212531, 13.458424], [123.21307, 13.458424], [123.21307, 13.457885], [123.213609, 13.457885], [123.213609, 13.456807], [123.21307, 13.456807], [123.21307, 13.45519], [123.213609, 13.45519], [123.213609, 13.452495], [123.214148, 13.452495], [123.214148, 13.451956], [123.215226, 13.451956], [123.215226, 13.451417], [123.216304, 13.451417], [123.216304, 13.450339], [123.215226, 13.450339], [123.215226, 13.4498], [123.214148, 13.4498], [123.214148, 13.450339], [123.21307, 13.450339], [123.21307, 13.4498], [123.213609, 13.4498], [123.213609, 13.449261], [123.214148, 13.449261], [123.214148, 13.448183], [123.214687, 13.448183], [123.214687, 13.446566], [123.215226, 13.446566], [123.215226, 13.446027], [123.215765, 13.446027], [123.215765, 13.445488], [123.216304, 13.445488], [123.216304, 13.444949], [123.216843, 13.444949], [123.216843, 13.443871], [123.216304, 13.443871], [123.216304, 13.443332], [123.215765, 13.443332], [123.215765, 13.443871], [123.215226, 13.443871], [123.215226, 13.444949], [123.214687, 13.444949], [123.214687, 13.445488], [123.214148, 13.445488], [123.214148, 13.446566], [123.213609, 13.446566], [123.213609, 13.448183], [123.21307, 13.448183], [123.21307, 13.448722], [123.212531, 13.448722], [123.212531, 13.449261], [123.211992, 13.449261], [123.211992, 13.4498], [123.211453, 13.4498], [123.211453, 13.450339], [123.210914, 13.450339], [123.210914, 13.450878], [123.210375, 13.450878], [123.210375, 13.453034], [123.209836, 13.453034], [123.209836, 13.453573], [123.209297, 13.453573], [123.209297, 13.455729], [123.208758, 13.455729], [123.208758, 13.45519], [123.20768, 13.45519], [123.20768, 13.456268], [123.207141, 13.456268], [123.207141, 13.456807], [123.206602, 13.456807], [123.206602, 13.457346], [123.206063, 13.457346], [123.206063, 13.457885], [123.204446, 13.457885], [123.204446, 13.458424], [123.202829, 13.458424], [123.202829, 13.458963], [123.20229, 13.458963], [123.20229, 13.460041], [123.202829, 13.460041], [123.202829, 13.462197], [123.201751, 13.462197], [123.201751, 13.462736], [123.201212, 13.462736], [123.201212, 13.463275], [123.200134, 13.463275], [123.200134, 13.462736], [123.199595, 13.462736], [123.199595, 13.461658], [123.198517, 13.461658], [123.198517, 13.461119], [123.195822, 13.461119], [123.195822, 13.461658], [123.195283, 13.461658], [123.195283, 13.463814], [123.195822, 13.463814], [123.195822, 13.464353], [123.195283, 13.464353], [123.195283, 13.464892], [123.194744, 13.464892], [123.194744, 13.465431], [123.194205, 13.465431], [123.194205, 13.46597], [123.193127, 13.46597], [123.193127, 13.466509], [123.192588, 13.466509], [123.192588, 13.467587], [123.192049, 13.467587], [123.192049, 13.468126], [123.190432, 13.468126], [123.190432, 13.467587], [123.188815, 13.467587], [123.188815, 13.467048], [123.187198, 13.467048], [123.187198, 13.468665], [123.187737, 13.468665], [123.187737, 13.469743], [123.188276, 13.469743], [123.188276, 13.474055], [123.187737, 13.474055], [123.187737, 13.475133], [123.187198, 13.475133], [123.187198, 13.47675], [123.185581, 13.47675], [123.185581, 13.477289], [123.185042, 13.477289], [123.185042, 13.477828], [123.185581, 13.477828], [123.185581, 13.478367], [123.185042, 13.478367], [123.185042, 13.478906], [123.183964, 13.478906], [123.183964, 13.481601], [123.183425, 13.481601], [123.183425, 13.481062], [123.182347, 13.481062], [123.182347, 13.480523], [123.18127, 13.480523], [123.18127, 13.481062], [123.180731, 13.481062], [123.180731, 13.481601], [123.180192, 13.481601], [123.180192, 13.48214], [123.179653, 13.48214], [123.179653, 13.482679], [123.179114, 13.482679], [123.179114, 13.483218], [123.178575, 13.483218], [123.178575, 13.485373], [123.178036, 13.485373], [123.178036, 13.48699], [123.177497, 13.48699], [123.177497, 13.487529], [123.176419, 13.487529], [123.176419, 13.48699], [123.174263, 13.48699], [123.174263, 13.487529], [123.173724, 13.487529], [123.173724, 13.488068], [123.174263, 13.488068], [123.174263, 13.489685], [123.173724, 13.489685], [123.173724, 13.490763], [123.173185, 13.490763], [123.173185, 13.491302], [123.172646, 13.491302], [123.172646, 13.491841], [123.171029, 13.491841], [123.171029, 13.491302], [123.17049, 13.491302], [123.17049, 13.490224], [123.169951, 13.490224], [123.169951, 13.489685], [123.168873, 13.489685], [123.168873, 13.490224], [123.168334, 13.490224], [123.168334, 13.491302], [123.167795, 13.491302], [123.167795, 13.491841], [123.166717, 13.491841], [123.166717, 13.49238], [123.166178, 13.49238], [123.166178, 13.493458], [123.166717, 13.493458], [123.166717, 13.494536], [123.166178, 13.494536], [123.166178, 13.495075], [123.165639, 13.495075], [123.165639, 13.495614], [123.1651, 13.495614], [123.1651, 13.496153], [123.164561, 13.496153], [123.164561, 13.49777], [123.162944, 13.49777], [123.162944, 13.498309], [123.162405, 13.498309], [123.162405, 13.499387], [123.163483, 13.499387], [123.163483, 13.500465], [123.162944, 13.500465], [123.162944, 13.501543], [123.164022, 13.501543], [123.164022, 13.502082], [123.164561, 13.502082], [123.164561, 13.504238], [123.163483, 13.504238], [123.163483, 13.504777], [123.162944, 13.504777], [123.162944, 13.505316], [123.162405, 13.505316], [123.162405, 13.506394], [123.162944, 13.506394], [123.162944, 13.506933], [123.163483, 13.506933], [123.163483, 13.508011], [123.162944, 13.508011], [123.162944, 13.50855], [123.162405, 13.50855], [123.162405, 13.509089], [123.161327, 13.509089], [123.161327, 13.50855], [123.15971, 13.50855], [123.15971, 13.509089], [123.157554, 13.509089], [123.157554, 13.509628], [123.157015, 13.509628], [123.157015, 13.510706], [123.156476, 13.510706], [123.156476, 13.511784], [123.155937, 13.511784], [123.155937, 13.512323], [123.155398, 13.512323], [123.155398, 13.512862], [123.154859, 13.512862], [123.154859, 13.513401], [123.153242, 13.513401], [123.153242, 13.512862], [123.152703, 13.512862], [123.152703, 13.512323], [123.152164, 13.512323], [123.152164, 13.511245], [123.151086, 13.511245], [123.151086, 13.511784], [123.150547, 13.511784], [123.150547, 13.512323], [123.150008, 13.512323], [123.150008, 13.511784], [123.149469, 13.511784], [123.149469, 13.511245], [123.14893, 13.511245], [123.14893, 13.510706], [123.148391, 13.510706], [123.148391, 13.511784], [123.146235, 13.511784], [123.146235, 13.511245], [123.145157, 13.511245], [123.145157, 13.510706], [123.144618, 13.510706], [123.144618, 13.509628], [123.14354, 13.509628], [123.14354, 13.509089], [123.142462, 13.509089], [123.142462, 13.510167], [123.143001, 13.510167], [123.143001, 13.510706], [123.144079, 13.510706], [123.144079, 13.511245], [123.144618, 13.511245], [123.144618, 13.511784], [123.145157, 13.511784], [123.145157, 13.513401], [123.144618, 13.513401], [123.144618, 13.51394], [123.144079, 13.51394], [123.144079, 13.514479], [123.14354, 13.514479], [123.14354, 13.515018], [123.143001, 13.515018], [123.143001, 13.517174], [123.142462, 13.517174], [123.142462, 13.517713], [123.141923, 13.517713], [123.141923, 13.518252], [123.141384, 13.518252], [123.141384, 13.518791], [123.140845, 13.518791], [123.140845, 13.51933], [123.139228, 13.51933], [123.139228, 13.517174], [123.137611, 13.517174], [123.137611, 13.517713], [123.137072, 13.517713], [123.137072, 13.518252], [123.136533, 13.518252], [123.136533, 13.518791], [123.135455, 13.518791], [123.135455, 13.51933], [123.134377, 13.51933], [123.134377, 13.517713], [123.133838, 13.517713], [123.133838, 13.518252], [123.132221, 13.518252], [123.132221, 13.518791], [123.131682, 13.518791], [123.131682, 13.51933], [123.132221, 13.51933], [123.132221, 13.519869], [123.13276, 13.519869], [123.13276, 13.520408], [123.133299, 13.520408], [123.133299, 13.521486], [123.13276, 13.521486], [123.13276, 13.522025], [123.132221, 13.522025], [123.132221, 13.522564], [123.131682, 13.522564], [123.131682, 13.523103], [123.131144, 13.523103], [123.131144, 13.524181], [123.130605, 13.524181], [123.130605, 13.52472], [123.130066, 13.52472], [123.130066, 13.525259], [123.129527, 13.525259], [123.129527, 13.525798], [123.128449, 13.525798], [123.128449, 13.526337], [123.126832, 13.526337], [123.126832, 13.526876], [123.126293, 13.526876], [123.126293, 13.527415], [123.124676, 13.527415], [123.124676, 13.526876], [123.123598, 13.526876], [123.123598, 13.527415], [123.12252, 13.527415], [123.12252, 13.526876], [123.121981, 13.526876], [123.121981, 13.526337], [123.121442, 13.526337], [123.121442, 13.525259], [123.125215, 13.525259], [123.125215, 13.524169], [123.125001, 13.525002], [123.119286, 13.525286], [123.119286, 13.525798], [123.119825, 13.525798], [123.119825, 13.526876], [123.119286, 13.526876], [123.119286, 13.527415], [123.118208, 13.527415]], [[123.111201, 13.534421], [123.111201, 13.533883], [123.112279, 13.533883], [123.112279, 13.534421], [123.112818, 13.534421], [123.112818, 13.532266], [123.113357, 13.532266], [123.113357, 13.531727], [123.115513, 13.531727], [123.115513, 13.532266], [123.116591, 13.532266], [123.116591, 13.532805], [123.117669, 13.532805], [123.117669, 13.533883], [123.11713, 13.533883], [123.11713, 13.534421], [123.116591, 13.534421], [123.116591, 13.53496], [123.116052, 13.53496], [123.116052, 13.535499], [123.115513, 13.535499], [123.115513, 13.536038], [123.114974, 13.536038], [123.114974, 13.536577], [123.114435, 13.536577], [123.114435, 13.537116], [123.11174, 13.537116], [123.11174, 13.537655], [123.111201, 13.537655], [123.111201, 13.539811], [123.109584, 13.539811], [123.109584, 13.539272], [123.108506, 13.539272], [123.108506, 13.538733], [123.107967, 13.538733], [123.107967, 13.537655], [123.108506, 13.537655], [123.108506, 13.537116], [123.110662, 13.537116], [123.110662, 13.536038], [123.111201, 13.536038], [123.111201, 13.535499], [123.110662, 13.535499], [123.110662, 13.534421], [123.111201, 13.534421]], [[122.849252, 13.790441], [122.847096, 13.790441], [122.847096, 13.789363], [122.846557, 13.789363], [122.846557, 13.788285], [122.847096, 13.788285], [122.847096, 13.787207], [122.847635, 13.787207], [122.847635, 13.786668], [122.848174, 13.786668], [122.848174, 13.787207], [122.848713, 13.787207], [122.848713, 13.787746], [122.849252, 13.787746], [122.849252, 13.788285], [122.85033, 13.788285], [122.85033, 13.787746], [122.852486, 13.787746], [122.852486, 13.788285], [122.853025, 13.788285], [122.853025, 13.789363], [122.852486, 13.789363], [122.852486, 13.789902], [122.851947, 13.789902], [122.851947, 13.791519], [122.852486, 13.791519], [122.852486, 13.792597], [122.851947, 13.792597], [122.851947, 13.793675], [122.850869, 13.793675], [122.850869, 13.793136], [122.85033, 13.793136], [122.85033, 13.79098], [122.849252, 13.79098], [122.849252, 13.790441]], [[122.939802, 13.814696], [122.940341, 13.814696], [122.940341, 13.813618], [122.94088, 13.813618], [122.94088, 13.815235], [122.941419, 13.815235], [122.941419, 13.815774], [122.944114, 13.815774], [122.944114, 13.817391], [122.943575, 13.817391], [122.943575, 13.816852], [122.943036, 13.816852], [122.943036, 13.817391], [122.941419, 13.817391], [122.941419, 13.81793], [122.94088, 13.81793], [122.94088, 13.819008], [122.939802, 13.819008], [122.939802, 13.820625], [122.938185, 13.820625], [122.938185, 13.819547], [122.937646, 13.819547], [122.937646, 13.819008], [122.937107, 13.819008], [122.937107, 13.818469], [122.936568, 13.818469], [122.936568, 13.817391], [122.937107, 13.817391], [122.937107, 13.816313], [122.937646, 13.816313], [122.937646, 13.815774], [122.938724, 13.815774], [122.938724, 13.815235], [122.939802, 13.815235], [122.939802, 13.814696]], [[123.559101, 13.22073], [123.563413, 13.22073], [123.563413, 13.220191], [123.564491, 13.220191], [123.564491, 13.22073], [123.565569, 13.22073], [123.565569, 13.220191], [123.567725, 13.220191], [123.567725, 13.219652], [123.569881, 13.219652], [123.569881, 13.220191], [123.57042, 13.220191], [123.57042, 13.22073], [123.570959, 13.22073], [123.570959, 13.221808], [123.57042, 13.221808], [123.57042, 13.223425], [123.569881, 13.223425], [123.569881, 13.223964], [123.567186, 13.223964], [123.567186, 13.224503], [123.566647, 13.224503], [123.566647, 13.226659], [123.567186, 13.226659], [123.567186, 13.228276], [123.567725, 13.228276], [123.567725, 13.230432], [123.567186, 13.230432], [123.567186, 13.232049], [123.566647, 13.232049], [123.566647, 13.232588], [123.566108, 13.232588], [123.566108, 13.233127], [123.564491, 13.233127], [123.564491, 13.233666], [123.560179, 13.233666], [123.560179, 13.233127], [123.55964, 13.233127], [123.55964, 13.232588], [123.559101, 13.232588], [123.559101, 13.232049], [123.558562, 13.232049], [123.558562, 13.229893], [123.558023, 13.229893], [123.558023, 13.229354], [123.555328, 13.229354], [123.555328, 13.228815], [123.554789, 13.228815], [123.554789, 13.228276], [123.553711, 13.228276], [123.553711, 13.228815], [123.552633, 13.228815], [123.552633, 13.228276], [123.549938, 13.228276], [123.549938, 13.227737], [123.549399, 13.227737], [123.549399, 13.227198], [123.550477, 13.227198], [123.550477, 13.225042], [123.551016, 13.225042], [123.551016, 13.224503], [123.551555, 13.224503], [123.551555, 13.223964], [123.552094, 13.223964], [123.552094, 13.223425], [123.553172, 13.223425], [123.553172, 13.222886], [123.55425, 13.222886], [123.55425, 13.222347], [123.555328, 13.222347], [123.555328, 13.221808], [123.555867, 13.221808], [123.555867, 13.221269], [123.556406, 13.221269], [123.556406, 13.22073], [123.557484, 13.22073], [123.557484, 13.220191], [123.559101, 13.220191], [123.559101, 13.22073]], [[123.379079, 13.276246], [123.380695, 13.276246], [123.380695, 13.277324], [123.381234, 13.277324], [123.381234, 13.278941], [123.381773, 13.278941], [123.381773, 13.280019], [123.378001, 13.280019], [123.378001, 13.278941], [123.377462, 13.278941], [123.377462, 13.275168], [123.376384, 13.275168], [123.376384, 13.274629], [123.375845, 13.274629], [123.375845, 13.27409], [123.375306, 13.27409], [123.375306, 13.274629], [123.373689, 13.274629], [123.373689, 13.27409], [123.372072, 13.27409], [123.372072, 13.273551], [123.371533, 13.273551], [123.371533, 13.273012], [123.370994, 13.273012], [123.370994, 13.272473], [123.370455, 13.272473], [123.370455, 13.271934], [123.368838, 13.271934], [123.368838, 13.272473], [123.36776, 13.272473], [123.36776, 13.271395], [123.369377, 13.271395], [123.369377, 13.270856], [123.369916, 13.270856], [123.369916, 13.271395], [123.372611, 13.271395], [123.372611, 13.271934], [123.37315, 13.271934], [123.37315, 13.272473], [123.375306, 13.272473], [123.375306, 13.270856], [123.375845, 13.270856], [123.375845, 13.269778], [123.377462, 13.269778], [123.377462, 13.270317], [123.378001, 13.270317], [123.378001, 13.269778], [123.379079, 13.269778], [123.379079, 13.268161], [123.37854, 13.268161], [123.37854, 13.266005], [123.379618, 13.266005], [123.379618, 13.270317], [123.380157, 13.270317], [123.380157, 13.271395], [123.380695, 13.271395], [123.380695, 13.273012], [123.380157, 13.273012], [123.380157, 13.27409], [123.381234, 13.27409], [123.381234, 13.274629], [123.381773, 13.274629], [123.381773, 13.275168], [123.380695, 13.275168], [123.380695, 13.274629], [123.380157, 13.274629], [123.380157, 13.275707], [123.379618, 13.275707], [123.379618, 13.274629], [123.379079, 13.274629], [123.379079, 13.276246]], [[123.511131, 13.407759], [123.51167, 13.407759], [123.51167, 13.408298], [123.512209, 13.408298], [123.512209, 13.408837], [123.512748, 13.408837], [123.512748, 13.408298], [123.513287, 13.408298], [123.513287, 13.40722], [123.515443, 13.40722], [123.515443, 13.407759], [123.515982, 13.407759], [123.515982, 13.408298], [123.516521, 13.408298], [123.516521, 13.410454], [123.518677, 13.410454], [123.518677, 13.409915], [123.519216, 13.409915], [123.519216, 13.408837], [123.519755, 13.408837], [123.519755, 13.408298], [123.520294, 13.408298], [123.520294, 13.407759], [123.521372, 13.407759], [123.521372, 13.408298], [123.521911, 13.408298], [123.521911, 13.409915], [123.521372, 13.409915], [123.521372, 13.410454], [123.520833, 13.410454], [123.520833, 13.413688], [123.520294, 13.413688], [123.520294, 13.414766], [123.519755, 13.414766], [123.519755, 13.415305], [123.519216, 13.415305], [123.519216, 13.415844], [123.518677, 13.415844], [123.518677, 13.415305], [123.518138, 13.415305], [123.518138, 13.41261], [123.51706, 13.41261], [123.51706, 13.413149], [123.515982, 13.413149], [123.515982, 13.413688], [123.514365, 13.413688], [123.514365, 13.413149], [123.512748, 13.413149], [123.512748, 13.413688], [123.51167, 13.413688], [123.51167, 13.413149], [123.510053, 13.413149], [123.510053, 13.412071], [123.510592, 13.412071], [123.510592, 13.411532], [123.511131, 13.411532], [123.511131, 13.410993], [123.510592, 13.410993], [123.510592, 13.408298], [123.511131, 13.408298], [123.511131, 13.407759]], [[123.501968, 13.413149], [123.502507, 13.413149], [123.502507, 13.41261], [123.503046, 13.41261], [123.503046, 13.410993], [123.503585, 13.410993], [123.503585, 13.409915], [123.504124, 13.409915], [123.504124, 13.409376], [123.505741, 13.409376], [123.505741, 13.409915], [123.506819, 13.409915], [123.506819, 13.410993], [123.50628, 13.410993], [123.50628, 13.41261], [123.505741, 13.41261], [123.505741, 13.413688], [123.50628, 13.413688], [123.50628, 13.416383], [123.506819, 13.416383], [123.506819, 13.417461], [123.50628, 13.417461], [123.50628, 13.418], [123.503046, 13.418], [123.503046, 13.417461], [123.502507, 13.417461], [123.502507, 13.416383], [123.501968, 13.416383], [123.501968, 13.415305], [123.501429, 13.415305], [123.501429, 13.413688], [123.501968, 13.413688], [123.501968, 13.413149]], [[123.190971, 13.488607], [123.190971, 13.489146], [123.192049, 13.489146], [123.192049, 13.488607], [123.192588, 13.488607], [123.192588, 13.487529], [123.193127, 13.487529], [123.193127, 13.486451], [123.194205, 13.486451], [123.194205, 13.48699], [123.194744, 13.48699], [123.194744, 13.487529], [123.195283, 13.487529], [123.195283, 13.488068], [123.195822, 13.488068], [123.195822, 13.489146], [123.197978, 13.489146], [123.197978, 13.488068], [123.199056, 13.488068], [123.199056, 13.489146], [123.199595, 13.489146], [123.199595, 13.489685], [123.198517, 13.489685], [123.198517, 13.490224], [123.197439, 13.490224], [123.197439, 13.490763], [123.195822, 13.490763], [123.195822, 13.491302], [123.194744, 13.491302], [123.194744, 13.49238], [123.195283, 13.49238], [123.195283, 13.493458], [123.194744, 13.493458], [123.194744, 13.494536], [123.195822, 13.494536], [123.195822, 13.493997], [123.196361, 13.493997], [123.196361, 13.493458], [123.1969, 13.493458], [123.1969, 13.492919], [123.197439, 13.492919], [123.197439, 13.49238], [123.197978, 13.49238], [123.197978, 13.491841], [123.199056, 13.491841], [123.199056, 13.492919], [123.198517, 13.492919], [123.198517, 13.493458], [123.197439, 13.493458], [123.197439, 13.493997], [123.1969, 13.493997], [123.1969, 13.494536], [123.196361, 13.494536], [123.196361, 13.495075], [123.195822, 13.495075], [123.195822, 13.495614], [123.195283, 13.495614], [123.195283, 13.495075], [123.193666, 13.495075], [123.193666, 13.495614], [123.193127, 13.495614], [123.193127, 13.493458], [123.192588, 13.493458], [123.192588, 13.492919], [123.19151, 13.492919], [123.19151, 13.493458], [123.190432, 13.493458], [123.190432, 13.493997], [123.189893, 13.493997], [123.189893, 13.495075], [123.190432, 13.495075], [123.190432, 13.495614], [123.19151, 13.495614], [123.19151, 13.496692], [123.189893, 13.496692], [123.189893, 13.496153], [123.189354, 13.496153], [123.189354, 13.496692], [123.187737, 13.496692], [123.187737, 13.495614], [123.188276, 13.495614], [123.188276, 13.496153], [123.188815, 13.496153], [123.188815, 13.49238], [123.189354, 13.49238], [123.189354, 13.489146], [123.189893, 13.489146], [123.189893, 13.488068], [123.190432, 13.488068], [123.190432, 13.48699], [123.19151, 13.48699], [123.19151, 13.488607], [123.190971, 13.488607]], [[123.372072, 13.532805], [123.372072, 13.532266], [123.371533, 13.532266], [123.371533, 13.531727], [123.372072, 13.531727], [123.372072, 13.531188], [123.372611, 13.531188], [123.372611, 13.530649], [123.37315, 13.530649], [123.37315, 13.53011], [123.373689, 13.53011], [123.373689, 13.530649], [123.374767, 13.530649], [123.374767, 13.531188], [123.375306, 13.531188], [123.375306, 13.531727], [123.375845, 13.531727], [123.375845, 13.532266], [123.376384, 13.532266], [123.376384, 13.532805], [123.376923, 13.532805], [123.376923, 13.534421], [123.376384, 13.534421], [123.376384, 13.53496], [123.375845, 13.53496], [123.375845, 13.535499], [123.37315, 13.535499], [123.37315, 13.536038], [123.371533, 13.536038], [123.371533, 13.53496], [123.370994, 13.53496], [123.370994, 13.533883], [123.37315, 13.533883], [123.37315, 13.533344], [123.372611, 13.533344], [123.372611, 13.532805], [123.372072, 13.532805]]], [[[122.894527, 13.713366], [122.895066, 13.713366], [122.895066, 13.712288], [122.894527, 13.712288], [122.894527, 13.711749], [122.893988, 13.711749], [122.893988, 13.710671], [122.893449, 13.710671], [122.893449, 13.710132], [122.89291, 13.710132], [122.89291, 13.710671], [122.892371, 13.710671], [122.892371, 13.71121], [122.891832, 13.71121], [122.891832, 13.711749], [122.891293, 13.711749], [122.891293, 13.712827], [122.890754, 13.712827], [122.890754, 13.714983], [122.891293, 13.714983], [122.891293, 13.716061], [122.890754, 13.716061], [122.890754, 13.7166], [122.890215, 13.7166], [122.890215, 13.717139], [122.889137, 13.717139], [122.889137, 13.717678], [122.888598, 13.717678], [122.888598, 13.717139], [122.888059, 13.717139], [122.888059, 13.717678], [122.88752, 13.717678], [122.88752, 13.718217], [122.886981, 13.718217], [122.886981, 13.719295], [122.886442, 13.719295], [122.886442, 13.720912], [122.88752, 13.720912], [122.88752, 13.720373], [122.889137, 13.720373], [122.889137, 13.720912], [122.889676, 13.720912], [122.889676, 13.721451], [122.890215, 13.721451], [122.890215, 13.72199], [122.890754, 13.72199], [122.890754, 13.722529], [122.891293, 13.722529], [122.891293, 13.723068], [122.891832, 13.723068], [122.891832, 13.723607], [122.892371, 13.723607], [122.892371, 13.724146], [122.89291, 13.724146], [122.89291, 13.724685], [122.893449, 13.724685], [122.893449, 13.725224], [122.893988, 13.725224], [122.893988, 13.726841], [122.893449, 13.726841], [122.893449, 13.728458], [122.894527, 13.728458], [122.894527, 13.727919], [122.895066, 13.727919], [122.895066, 13.72738], [122.895605, 13.72738], [122.895605, 13.727919], [122.896144, 13.727919], [122.896144, 13.728997], [122.896683, 13.728997], [122.896683, 13.729536], [122.897222, 13.729536], [122.897222, 13.728997], [122.897761, 13.728997], [122.897761, 13.729536], [122.8983, 13.729536], [122.8983, 13.727919], [122.897222, 13.727919], [122.897222, 13.72738], [122.896144, 13.72738], [122.896144, 13.726302], [122.895605, 13.726302], [122.895605, 13.725763], [122.895066, 13.725763], [122.895066, 13.724685], [122.894527, 13.724685], [122.894527, 13.723607], [122.895066, 13.723607], [122.895066, 13.72199], [122.894527, 13.72199], [122.894527, 13.720912], [122.895066, 13.720912], [122.895066, 13.720373], [122.895605, 13.720373], [122.895605, 13.719834], [122.896144, 13.719834], [122.896144, 13.719295], [122.895605, 13.719295], [122.895605, 13.718756], [122.895066, 13.718756], [122.895066, 13.718217], [122.894527, 13.718217], [122.894527, 13.716061], [122.893988, 13.716061], [122.893988, 13.713905], [122.894527, 13.713905], [122.894527, 13.713366]]], [[[122.869734, 13.734386], [122.869734, 13.734925], [122.870273, 13.734925], [122.870273, 13.735464], [122.870812, 13.735464], [122.870812, 13.73762], [122.87189, 13.73762], [122.87189, 13.735464], [122.872429, 13.735464], [122.872429, 13.734925], [122.87189, 13.734925], [122.87189, 13.734386], [122.871351, 13.734386], [122.871351, 13.733847], [122.870812, 13.733847], [122.870812, 13.730614], [122.870273, 13.730614], [122.870273, 13.730075], [122.869734, 13.730075], [122.869734, 13.729536], [122.870273, 13.729536], [122.870273, 13.72931], [122.868621, 13.729733], [122.863403, 13.734386], [122.863805, 13.734386], [122.863805, 13.734925], [122.867578, 13.734925], [122.867578, 13.734386], [122.869734, 13.734386]]], [[[122.871351, 13.817391], [122.871351, 13.818469], [122.872429, 13.818469], [122.872429, 13.816852], [122.872968, 13.816852], [122.872968, 13.816313], [122.872429, 13.816313], [122.872429, 13.815235], [122.87189, 13.815235], [122.87189, 13.814157], [122.870273, 13.814157], [122.870273, 13.814696], [122.870812, 13.814696], [122.870812, 13.815774], [122.870273, 13.815774], [122.870273, 13.816313], [122.868656, 13.816313], [122.868656, 13.818469], [122.867578, 13.818469], [122.867578, 13.81793], [122.867039, 13.81793], [122.867039, 13.816852], [122.865422, 13.816852], [122.865422, 13.817391], [122.864344, 13.817391], [122.864344, 13.81793], [122.864883, 13.81793], [122.864883, 13.818469], [122.8665, 13.818469], [122.8665, 13.819008], [122.867039, 13.819008], [122.867039, 13.820086], [122.8665, 13.820086], [122.8665, 13.820625], [122.865961, 13.820625], [122.865961, 13.821164], [122.865422, 13.821164], [122.865422, 13.822242], [122.864344, 13.822242], [122.864344, 13.824398], [122.864883, 13.824398], [122.864883, 13.824937], [122.865422, 13.824937], [122.865422, 13.82332], [122.865961, 13.82332], [122.865961, 13.822781], [122.8665, 13.822781], [122.8665, 13.822242], [122.867578, 13.822242], [122.867578, 13.821703], [122.869195, 13.821703], [122.869195, 13.820625], [122.868656, 13.820625], [122.868656, 13.819008], [122.869195, 13.819008], [122.869195, 13.818469], [122.869734, 13.818469], [122.869734, 13.81793], [122.870273, 13.81793], [122.870273, 13.817391], [122.871351, 13.817391]]], [[[122.916087, 13.877219], [122.916087, 13.875602], [122.916626, 13.875602], [122.916626, 13.872907], [122.916087, 13.872907], [122.916087, 13.871829], [122.915009, 13.871829], [122.915009, 13.872907], [122.91447, 13.872907], [122.91447, 13.872368], [122.913931, 13.872368], [122.913931, 13.872907], [122.913392, 13.872907], [122.913392, 13.873985], [122.91447, 13.873985], [122.91447, 13.873446], [122.915548, 13.873446], [122.915548, 13.873985], [122.915009, 13.873985], [122.915009, 13.875602], [122.91447, 13.875602], [122.91447, 13.876141], [122.913931, 13.876141], [122.913931, 13.87668], [122.911236, 13.87668], [122.911236, 13.877219], [122.910158, 13.877219], [122.910158, 13.877758], [122.909619, 13.877758], [122.909619, 13.878836], [122.90908, 13.878836], [122.90908, 13.879375], [122.907463, 13.879375], [122.907463, 13.878836], [122.906924, 13.878836], [122.906924, 13.879375], [122.906385, 13.879375], [122.906385, 13.88207], [122.905846, 13.88207], [122.905846, 13.882608], [122.905307, 13.882608], [122.905307, 13.884225], [122.905846, 13.884225], [122.905846, 13.885303], [122.905307, 13.885303], [122.905307, 13.886381], [122.905846, 13.886381], [122.905846, 13.88692], [122.906385, 13.88692], [122.906385, 13.888537], [122.905846, 13.888537], [122.905846, 13.889076], [122.904768, 13.889076], [122.904768, 13.888537], [122.904229, 13.888537], [122.904229, 13.887459], [122.90369, 13.887459], [122.90369, 13.88692], [122.903151, 13.88692], [122.903151, 13.887459], [122.901534, 13.887459], [122.901534, 13.88692], [122.900456, 13.88692], [122.900456, 13.887459], [122.900995, 13.887459], [122.900995, 13.888537], [122.901534, 13.888537], [122.901534, 13.889076], [122.902612, 13.889076], [122.902612, 13.888537], [122.90369, 13.888537], [122.90369, 13.889076], [122.904229, 13.889076], [122.904229, 13.889615], [122.904768, 13.889615], [122.904768, 13.890154], [122.905307, 13.890154], [122.905307, 13.890693], [122.905846, 13.890693], [122.905846, 13.891232], [122.905307, 13.891232], [122.905307, 13.891771], [122.904768, 13.891771], [122.904768, 13.89231], [122.902073, 13.89231], [122.902073, 13.892849], [122.900995, 13.892849], [122.900995, 13.89231], [122.899917, 13.89231], [122.899917, 13.894466], [122.899378, 13.894466], [122.899378, 13.895005], [122.8983, 13.895005], [122.8983, 13.895544], [122.897761, 13.895544], [122.897761, 13.896622], [122.897222, 13.896622], [122.897222, 13.8977], [122.897761, 13.8977], [122.897761, 13.898239], [122.898839, 13.898239], [122.898839, 13.8977], [122.899378, 13.8977], [122.899378, 13.896622], [122.899917, 13.896622], [122.899917, 13.895544], [122.900456, 13.895544], [122.900456, 13.895005], [122.902612, 13.895005], [122.902612, 13.894466], [122.905307, 13.894466], [122.905307, 13.893927], [122.905846, 13.893927], [122.905846, 13.893388], [122.906385, 13.893388], [122.906385, 13.89231], [122.906924, 13.89231], [122.906924, 13.891771], [122.907463, 13.891771], [122.907463, 13.891232], [122.908002, 13.891232], [122.908002, 13.890154], [122.907463, 13.890154], [122.907463, 13.889615], [122.906924, 13.889615], [122.906924, 13.888537], [122.907463, 13.888537], [122.907463, 13.887459], [122.908002, 13.887459], [122.908002, 13.885303], [122.908541, 13.885303], [122.908541, 13.882608], [122.90908, 13.882608], [122.90908, 13.88207], [122.909619, 13.88207], [122.909619, 13.881531], [122.910158, 13.881531], [122.910158, 13.880992], [122.910697, 13.880992], [122.910697, 13.881531], [122.911236, 13.881531], [122.911236, 13.883686], [122.910697, 13.883686], [122.910697, 13.885303], [122.911236, 13.885303], [122.911236, 13.884764], [122.911775, 13.884764], [122.911775, 13.884225], [122.912314, 13.884225], [122.912314, 13.883686], [122.912853, 13.883686], [122.912853, 13.881531], [122.912314, 13.881531], [122.912314, 13.880992], [122.911775, 13.880992], [122.911775, 13.879375], [122.912853, 13.879375], [122.912853, 13.878836], [122.913931, 13.878836], [122.913931, 13.878297], [122.915548, 13.878297], [122.915548, 13.877219], [122.916087, 13.877219]]], [[[122.906924, 13.971003], [122.906924, 13.970464], [122.907463, 13.970464], [122.907463, 13.969925], [122.908002, 13.969925], [122.908002, 13.969386], [122.910158, 13.969386], [122.910158, 13.968847], [122.912853, 13.968847], [122.912853, 13.969386], [122.913931, 13.969386], [122.913931, 13.968847], [122.915548, 13.968847], [122.915548, 13.969925], [122.915009, 13.969925], [122.915009, 13.970464], [122.91447, 13.970464], [122.91447, 13.971003], [122.913931, 13.971003], [122.913931, 13.972081], [122.913392, 13.972081], [122.913392, 13.973698], [122.913931, 13.973698], [122.913931, 13.973159], [122.91447, 13.973159], [122.91447, 13.974776], [122.913392, 13.974776], [122.913392, 13.975315], [122.912853, 13.975315], [122.912853, 13.975854], [122.913392, 13.975854], [122.913392, 13.976393], [122.91447, 13.976393], [122.91447, 13.975854], [122.915009, 13.975854], [122.915009, 13.975315], [122.915548, 13.975315], [122.915548, 13.974776], [122.916626, 13.974776], [122.916626, 13.975315], [122.917704, 13.975315], [122.917704, 13.974237], [122.919321, 13.974237], [122.919321, 13.974776], [122.920399, 13.974776], [122.920399, 13.973698], [122.921477, 13.973698], [122.921477, 13.973159], [122.923094, 13.973159], [122.923094, 13.97262], [122.924172, 13.97262], [122.924172, 13.974776], [122.923633, 13.974776], [122.923633, 13.975854], [122.923094, 13.975854], [122.923094, 13.976393], [122.923633, 13.976393], [122.923633, 13.976932], [122.924711, 13.976932], [122.924711, 13.977471], [122.926328, 13.977471], [122.926328, 13.975854], [122.925789, 13.975854], [122.925789, 13.975315], [122.926328, 13.975315], [122.926328, 13.974776], [122.926867, 13.974776], [122.926867, 13.975315], [122.927406, 13.975315], [122.927406, 13.975854], [122.927945, 13.975854], [122.927945, 13.975315], [122.929023, 13.975315], [122.929023, 13.974776], [122.929562, 13.974776], [122.929562, 13.974237], [122.931718, 13.974237], [122.931718, 13.973159], [122.932257, 13.973159], [122.932257, 13.97262], [122.932795, 13.97262], [122.932795, 13.972081], [122.933334, 13.972081], [122.933334, 13.971542], [122.936568, 13.971542], [122.936568, 13.973159], [122.937107, 13.973159], [122.937107, 13.973698], [122.937646, 13.973698], [122.937646, 13.973159], [122.938185, 13.973159], [122.938185, 13.97262], [122.938724, 13.97262], [122.938724, 13.971003], [122.938185, 13.971003], [122.938185, 13.970464], [122.937646, 13.970464], [122.937646, 13.969925], [122.936568, 13.969925], [122.936568, 13.969386], [122.936029, 13.969386], [122.936029, 13.968308], [122.934951, 13.968308], [122.934951, 13.969386], [122.934412, 13.969386], [122.934412, 13.969925], [122.933873, 13.969925], [122.933873, 13.969386], [122.93064, 13.969386], [122.93064, 13.969925], [122.930101, 13.969925], [122.930101, 13.970464], [122.929023, 13.970464], [122.929023, 13.968847], [122.927406, 13.968847], [122.927406, 13.968308], [122.926867, 13.968308], [122.926867, 13.966691], [122.927406, 13.966691], [122.927406, 13.965613], [122.927945, 13.965613], [122.927945, 13.965074], [122.928484, 13.965074], [122.928484, 13.964535], [122.929023, 13.964535], [122.929023, 13.963996], [122.929562, 13.963996], [122.929562, 13.963457], [122.930101, 13.963457], [122.930101, 13.962918], [122.932257, 13.962918], [122.932257, 13.962379], [122.933334, 13.962379], [122.933334, 13.962918], [122.934412, 13.962918], [122.934412, 13.963457], [122.934951, 13.963457], [122.934951, 13.963996], [122.93549, 13.963996], [122.93549, 13.964535], [122.936029, 13.964535], [122.936029, 13.965074], [122.936568, 13.965074], [122.936568, 13.965613], [122.937107, 13.965613], [122.937107, 13.966152], [122.939802, 13.966152], [122.939802, 13.965074], [122.939263, 13.965074], [122.939263, 13.963996], [122.941958, 13.963996], [122.941958, 13.963457], [122.943036, 13.963457], [122.943036, 13.96184], [122.945192, 13.96184], [122.945192, 13.961301], [122.945731, 13.961301], [122.945731, 13.960762], [122.94627, 13.960762], [122.94627, 13.959684], [122.938724, 13.959684], [122.938724, 13.959145], [122.939263, 13.959145], [122.939263, 13.958606], [122.938724, 13.958606], [122.938724, 13.958067], [122.937646, 13.958067], [122.937646, 13.957528], [122.938185, 13.957528], [122.938185, 13.956989], [122.938724, 13.956989], [122.938724, 13.95645], [122.940341, 13.95645], [122.940341, 13.956989], [122.94088, 13.956989], [122.94088, 13.957528], [122.941958, 13.957528], [122.941958, 13.956989], [122.943036, 13.956989], [122.943036, 13.95645], [122.943575, 13.95645], [122.943575, 13.955911], [122.943036, 13.955911], [122.943036, 13.955372], [122.942497, 13.955372], [122.942497, 13.954833], [122.94088, 13.954833], [122.94088, 13.953755], [122.940341, 13.953755], [122.940341, 13.952677], [122.938724, 13.952677], [122.938724, 13.952138], [122.938185, 13.952138], [122.938185, 13.951599], [122.936568, 13.951599], [122.936568, 13.950521], [122.937107, 13.950521], [122.937107, 13.949982], [122.937646, 13.949982], [122.937646, 13.949443], [122.938185, 13.949443], [122.938185, 13.948365], [122.939263, 13.948365], [122.939263, 13.947826], [122.94088, 13.947826], [122.94088, 13.947287], [122.941419, 13.947287], [122.941419, 13.946748], [122.94088, 13.946748], [122.94088, 13.946209], [122.939263, 13.946209], [122.939263, 13.946748], [122.93549, 13.946748], [122.93549, 13.946209], [122.934951, 13.946209], [122.934951, 13.94567], [122.93549, 13.94567], [122.93549, 13.944592], [122.934951, 13.944592], [122.934951, 13.944053], [122.934412, 13.944053], [122.934412, 13.943514], [122.934951, 13.943514], [122.934951, 13.942975], [122.93549, 13.942975], [122.93549, 13.943514], [122.936029, 13.943514], [122.936029, 13.944053], [122.937107, 13.944053], [122.937107, 13.942436], [122.938185, 13.942436], [122.938185, 13.941897], [122.94088, 13.941897], [122.94088, 13.941358], [122.941419, 13.941358], [122.941419, 13.94028], [122.941958, 13.94028], [122.941958, 13.939741], [122.943036, 13.939741], [122.943036, 13.938663], [122.94088, 13.938663], [122.94088, 13.939202], [122.940341, 13.939202], [122.940341, 13.939741], [122.938185, 13.939741], [122.938185, 13.939202], [122.937646, 13.939202], [122.937646, 13.937046], [122.936568, 13.937046], [122.936568, 13.936507], [122.934412, 13.936507], [122.934412, 13.935968], [122.933873, 13.935968], [122.933873, 13.935429], [122.934412, 13.935429], [122.934412, 13.93489], [122.93549, 13.93489], [122.93549, 13.934351], [122.936029, 13.934351], [122.936029, 13.933812], [122.93549, 13.933812], [122.93549, 13.932734], [122.936029, 13.932734], [122.936029, 13.932195], [122.937646, 13.932195], [122.937646, 13.931657], [122.937107, 13.931657], [122.937107, 13.931118], [122.936029, 13.931118], [122.936029, 13.930579], [122.934951, 13.930579], [122.934951, 13.929501], [122.936568, 13.929501], [122.936568, 13.928962], [122.937107, 13.928962], [122.937107, 13.928423], [122.938185, 13.928423], [122.938185, 13.927884], [122.938724, 13.927884], [122.938724, 13.927345], [122.938185, 13.927345], [122.938185, 13.926267], [122.938724, 13.926267], [122.938724, 13.926806], [122.939263, 13.926806], [122.939263, 13.926267], [122.940341, 13.926267], [122.940341, 13.925728], [122.939802, 13.925728], [122.939802, 13.92465], [122.939263, 13.92465], [122.939263, 13.924111], [122.938724, 13.924111], [122.938724, 13.923572], [122.937646, 13.923572], [122.937646, 13.924111], [122.937107, 13.924111], [122.937107, 13.923572], [122.936568, 13.923572], [122.936568, 13.923033], [122.937646, 13.923033], [122.937646, 13.922494], [122.939263, 13.922494], [122.939263, 13.923033], [122.94088, 13.923033], [122.94088, 13.919799], [122.939802, 13.919799], [122.939802, 13.920338], [122.937646, 13.920338], [122.937646, 13.919799], [122.937107, 13.919799], [122.937107, 13.91926], [122.936568, 13.91926], [122.936568, 13.919799], [122.93549, 13.919799], [122.93549, 13.920338], [122.934951, 13.920338], [122.934951, 13.919799], [122.934412, 13.919799], [122.934412, 13.91926], [122.933873, 13.91926], [122.933873, 13.916565], [122.934412, 13.916565], [122.934412, 13.916026], [122.934951, 13.916026], [122.934951, 13.915487], [122.93549, 13.915487], [122.93549, 13.914409], [122.939263, 13.914409], [122.939263, 13.91387], [122.939802, 13.91387], [122.939802, 13.913331], [122.939263, 13.913331], [122.939263, 13.912792], [122.936029, 13.912792], [122.936029, 13.912253], [122.933873, 13.912253], [122.933873, 13.911175], [122.934412, 13.911175], [122.934412, 13.910636], [122.934951, 13.910636], [122.934951, 13.910097], [122.934412, 13.910097], [122.934412, 13.909558], [122.933334, 13.909558], [122.933334, 13.909019], [122.932795, 13.909019], [122.932795, 13.907402], [122.932257, 13.907402], [122.932257, 13.906863], [122.93064, 13.906863], [122.93064, 13.906324], [122.930101, 13.906324], [122.930101, 13.905785], [122.929562, 13.905785], [122.929562, 13.905246], [122.928484, 13.905246], [122.928484, 13.904707], [122.927945, 13.904707], [122.927945, 13.903629], [122.929562, 13.903629], [122.929562, 13.902551], [122.928484, 13.902551], [122.928484, 13.902012], [122.927945, 13.902012], [122.927945, 13.901473], [122.927406, 13.901473], [122.927406, 13.900934], [122.927945, 13.900934], [122.927945, 13.900395], [122.930101, 13.900395], [122.930101, 13.899856], [122.93064, 13.899856], [122.93064, 13.899317], [122.930101, 13.899317], [122.930101, 13.898778], [122.927945, 13.898778], [122.927945, 13.898239], [122.924711, 13.898239], [122.924711, 13.8977], [122.924172, 13.8977], [122.924172, 13.895544], [122.923633, 13.895544], [122.923633, 13.895005], [122.923094, 13.895005], [122.923094, 13.893388], [122.923633, 13.893388], [122.923633, 13.89231], [122.924711, 13.89231], [122.924711, 13.892849], [122.92525, 13.892849], [122.92525, 13.893388], [122.925789, 13.893388], [122.925789, 13.893927], [122.928484, 13.893927], [122.928484, 13.894466], [122.929562, 13.894466], [122.929562, 13.895005], [122.93064, 13.895005], [122.93064, 13.895544], [122.931179, 13.895544], [122.931179, 13.896083], [122.932257, 13.896083], [122.932257, 13.895005], [122.932795, 13.895005], [122.932795, 13.894466], [122.934951, 13.894466], [122.934951, 13.893927], [122.93549, 13.893927], [122.93549, 13.894466], [122.936029, 13.894466], [122.936029, 13.895544], [122.93549, 13.895544], [122.93549, 13.897161], [122.936029, 13.897161], [122.936029, 13.900395], [122.936568, 13.900395], [122.936568, 13.900934], [122.937646, 13.900934], [122.937646, 13.899317], [122.938185, 13.899317], [122.938185, 13.898778], [122.938724, 13.898778], [122.938724, 13.898239], [122.940341, 13.898239], [122.940341, 13.898778], [122.941958, 13.898778], [122.941958, 13.898239], [122.942497, 13.898239], [122.942497, 13.8977], [122.941958, 13.8977], [122.941958, 13.897161], [122.940341, 13.897161], [122.940341, 13.896622], [122.939802, 13.896622], [122.939802, 13.895544], [122.939263, 13.895544], [122.939263, 13.894466], [122.938724, 13.894466], [122.938724, 13.893388], [122.938185, 13.893388], [122.938185, 13.892849], [122.937646, 13.892849], [122.937646, 13.89231], [122.937107, 13.89231], [122.937107, 13.890693], [122.937646, 13.890693], [122.937646, 13.891232], [122.938724, 13.891232], [122.938724, 13.891771], [122.939263, 13.891771], [122.939263, 13.89231], [122.939802, 13.89231], [122.939802, 13.891771], [122.940341, 13.891771], [122.940341, 13.890693], [122.939802, 13.890693], [122.939802, 13.890154], [122.939263, 13.890154], [122.939263, 13.889615], [122.938185, 13.889615], [122.938185, 13.887998], [122.938724, 13.887998], [122.938724, 13.887459], [122.941419, 13.887459], [122.941419, 13.887998], [122.943036, 13.887998], [122.943036, 13.886381], [122.942497, 13.886381], [122.942497, 13.884764], [122.943036, 13.884764], [122.943036, 13.883686], [122.942497, 13.883686], [122.942497, 13.883147], [122.941958, 13.883147], [122.941958, 13.882608], [122.941419, 13.882608], [122.941419, 13.88207], [122.94088, 13.88207], [122.94088, 13.881531], [122.939802, 13.881531], [122.939802, 13.880453], [122.939263, 13.880453], [122.939263, 13.879914], [122.938724, 13.879914], [122.938724, 13.879375], [122.937107, 13.879375], [122.937107, 13.877758], [122.936029, 13.877758], [122.936029, 13.877219], [122.93549, 13.877219], [122.93549, 13.87668], [122.936029, 13.87668], [122.936029, 13.876141], [122.93549, 13.876141], [122.93549, 13.874524], [122.934951, 13.874524], [122.934951, 13.873985], [122.934412, 13.873985], [122.934412, 13.872368], [122.934951, 13.872368], [122.934951, 13.87129], [122.934412, 13.87129], [122.934412, 13.870751], [122.931179, 13.870751], [122.931179, 13.870212], [122.93064, 13.870212], [122.93064, 13.869673], [122.927945, 13.869673], [122.927945, 13.869134], [122.927406, 13.869134], [122.927406, 13.868595], [122.926867, 13.868595], [122.926867, 13.866978], [122.926328, 13.866978], [122.926328, 13.866439], [122.925789, 13.866439], [122.925789, 13.866978], [122.92525, 13.866978], [122.92525, 13.867517], [122.924711, 13.867517], [122.924711, 13.868056], [122.924172, 13.868056], [122.924172, 13.867517], [122.923094, 13.867517], [122.923094, 13.868056], [122.922016, 13.868056], [122.922016, 13.868595], [122.920399, 13.868595], [122.920399, 13.869134], [122.91986, 13.869134], [122.91986, 13.87129], [122.921477, 13.87129], [122.921477, 13.872368], [122.922016, 13.872368], [122.922016, 13.872907], [122.91986, 13.872907], [122.91986, 13.873446], [122.919321, 13.873446], [122.919321, 13.874524], [122.920399, 13.874524], [122.920399, 13.878836], [122.921477, 13.878836], [122.921477, 13.878297], [122.922016, 13.878297], [122.922016, 13.877758], [122.922555, 13.877758], [122.922555, 13.878297], [122.923094, 13.878297], [122.923094, 13.878836], [122.922555, 13.878836], [122.922555, 13.879375], [122.922016, 13.879375], [122.922016, 13.879914], [122.921477, 13.879914], [122.921477, 13.881531], [122.922555, 13.881531], [122.922555, 13.882608], [122.923094, 13.882608], [122.923094, 13.883686], [122.923633, 13.883686], [122.923633, 13.884225], [122.924172, 13.884225], [122.924172, 13.884764], [122.92525, 13.884764], [122.92525, 13.884225], [122.926328, 13.884225], [122.926328, 13.884764], [122.926867, 13.884764], [122.926867, 13.885842], [122.927406, 13.885842], [122.927406, 13.88692], [122.929023, 13.88692], [122.929023, 13.885842], [122.929562, 13.885842], [122.929562, 13.886381], [122.930101, 13.886381], [122.930101, 13.88692], [122.931179, 13.88692], [122.931179, 13.887459], [122.931718, 13.887459], [122.931718, 13.888537], [122.931179, 13.888537], [122.931179, 13.889076], [122.931718, 13.889076], [122.931718, 13.889615], [122.931179, 13.889615], [122.931179, 13.890154], [122.924711, 13.890154], [122.924711, 13.890693], [122.923633, 13.890693], [122.923633, 13.890154], [122.922555, 13.890154], [122.922555, 13.891771], [122.920938, 13.891771], [122.920938, 13.89231], [122.918782, 13.89231], [122.918782, 13.891771], [122.919321, 13.891771], [122.919321, 13.891232], [122.920399, 13.891232], [122.920399, 13.890154], [122.916626, 13.890154], [122.916626, 13.889615], [122.916087, 13.889615], [122.916087, 13.889076], [122.91447, 13.889076], [122.91447, 13.889615], [122.913392, 13.889615], [122.913392, 13.889076], [122.912853, 13.889076], [122.912853, 13.890154], [122.913392, 13.890154], [122.913392, 13.890693], [122.913931, 13.890693], [122.913931, 13.890154], [122.91447, 13.890154], [122.91447, 13.890693], [122.915009, 13.890693], [122.915009, 13.891232], [122.915548, 13.891232], [122.915548, 13.895005], [122.916087, 13.895005], [122.916087, 13.895544], [122.916626, 13.895544], [122.916626, 13.896622], [122.915548, 13.896622], [122.915548, 13.896083], [122.91447, 13.896083], [122.91447, 13.896622], [122.913931, 13.896622], [122.913931, 13.897161], [122.912314, 13.897161], [122.912314, 13.8977], [122.911775, 13.8977], [122.911775, 13.898239], [122.911236, 13.898239], [122.911236, 13.898778], [122.911775, 13.898778], [122.911775, 13.900395], [122.911236, 13.900395], [122.911236, 13.901473], [122.909619, 13.901473], [122.909619, 13.902012], [122.908002, 13.902012], [122.908002, 13.901473], [122.906924, 13.901473], [122.906924, 13.902012], [122.906385, 13.902012], [122.906385, 13.901473], [122.905307, 13.901473], [122.905307, 13.902012], [122.904768, 13.902012], [122.904768, 13.902551], [122.904229, 13.902551], [122.904229, 13.90309], [122.90369, 13.90309], [122.90369, 13.903629], [122.903151, 13.903629], [122.903151, 13.904168], [122.904768, 13.904168], [122.904768, 13.903629], [122.905307, 13.903629], [122.905307, 13.90309], [122.905846, 13.90309], [122.905846, 13.903629], [122.906924, 13.903629], [122.906924, 13.904168], [122.907463, 13.904168], [122.907463, 13.903629], [122.908002, 13.903629], [122.908002, 13.904168], [122.908541, 13.904168], [122.908541, 13.904707], [122.90908, 13.904707], [122.90908, 13.907402], [122.908541, 13.907402], [122.908541, 13.907941], [122.908002, 13.907941], [122.908002, 13.909019], [122.909619, 13.909019], [122.909619, 13.90848], [122.910158, 13.90848], [122.910158, 13.907941], [122.910697, 13.907941], [122.910697, 13.906324], [122.911236, 13.906324], [122.911236, 13.905785], [122.911775, 13.905785], [122.911775, 13.905246], [122.912853, 13.905246], [122.912853, 13.905785], [122.913392, 13.905785], [122.913392, 13.906324], [122.912853, 13.906324], [122.912853, 13.906863], [122.913392, 13.906863], [122.913392, 13.907402], [122.91447, 13.907402], [122.91447, 13.90848], [122.913931, 13.90848], [122.913931, 13.910636], [122.912853, 13.910636], [122.912853, 13.912253], [122.913392, 13.912253], [122.913392, 13.912792], [122.912853, 13.912792], [122.912853, 13.913331], [122.910158, 13.913331], [122.910158, 13.91387], [122.90908, 13.91387], [122.90908, 13.914409], [122.908541, 13.914409], [122.908541, 13.914948], [122.908002, 13.914948], [122.908002, 13.916026], [122.909619, 13.916026], [122.909619, 13.915487], [122.910158, 13.915487], [122.910158, 13.914948], [122.911236, 13.914948], [122.911236, 13.915487], [122.911775, 13.915487], [122.911775, 13.918182], [122.911236, 13.918182], [122.911236, 13.918721], [122.910697, 13.918721], [122.910697, 13.91926], [122.90908, 13.91926], [122.90908, 13.919799], [122.908541, 13.919799], [122.908541, 13.920877], [122.909619, 13.920877], [122.909619, 13.921955], [122.908002, 13.921955], [122.908002, 13.922494], [122.906385, 13.922494], [122.906385, 13.923033], [122.905307, 13.923033], [122.905307, 13.923572], [122.904768, 13.923572], [122.904768, 13.924111], [122.906385, 13.924111], [122.906385, 13.92465], [122.909619, 13.92465], [122.909619, 13.924111], [122.911236, 13.924111], [122.911236, 13.923572], [122.91447, 13.923572], [122.91447, 13.92465], [122.912314, 13.92465], [122.912314, 13.925189], [122.911775, 13.925189], [122.911775, 13.925728], [122.912314, 13.925728], [122.912314, 13.926267], [122.911775, 13.926267], [122.911775, 13.926806], [122.911236, 13.926806], [122.911236, 13.927884], [122.911775, 13.927884], [122.911775, 13.928962], [122.910697, 13.928962], [122.910697, 13.93004], [122.911236, 13.93004], [122.911236, 13.930579], [122.912853, 13.930579], [122.912853, 13.931118], [122.912314, 13.931118], [122.912314, 13.931657], [122.910158, 13.931657], [122.910158, 13.932195], [122.90908, 13.932195], [122.90908, 13.932734], [122.908541, 13.932734], [122.908541, 13.933273], [122.908002, 13.933273], [122.908002, 13.933812], [122.908541, 13.933812], [122.908541, 13.936507], [122.908002, 13.936507], [122.908002, 13.937046], [122.907463, 13.937046], [122.907463, 13.937585], [122.905846, 13.937585], [122.905846, 13.937046], [122.905307, 13.937046], [122.905307, 13.93489], [122.904768, 13.93489], [122.904768, 13.934351], [122.904229, 13.934351], [122.904229, 13.933812], [122.90369, 13.933812], [122.90369, 13.933273], [122.903151, 13.933273], [122.903151, 13.93489], [122.90369, 13.93489], [122.90369, 13.935429], [122.904229, 13.935429], [122.904229, 13.936507], [122.904768, 13.936507], [122.904768, 13.937585], [122.904229, 13.937585], [122.904229, 13.938124], [122.903151, 13.938124], [122.903151, 13.937585], [122.902073, 13.937585], [122.902073, 13.938124], [122.900995, 13.938124], [122.900995, 13.935968], [122.900456, 13.935968], [122.900456, 13.933812], [122.900995, 13.933812], [122.900995, 13.932195], [122.899917, 13.932195], [122.899917, 13.932734], [122.898839, 13.932734], [122.898839, 13.933273], [122.897761, 13.933273], [122.897761, 13.933812], [122.896683, 13.933812], [122.896683, 13.933273], [122.896144, 13.933273], [122.896144, 13.932195], [122.894527, 13.932195], [122.894527, 13.932734], [122.895066, 13.932734], [122.895066, 13.933273], [122.895605, 13.933273], [122.895605, 13.934351], [122.896144, 13.934351], [122.896144, 13.93489], [122.896683, 13.93489], [122.896683, 13.935429], [122.897222, 13.935429], [122.897222, 13.937585], [122.897761, 13.937585], [122.897761, 13.939202], [122.896144, 13.939202], [122.896144, 13.938663], [122.895066, 13.938663], [122.895066, 13.939202], [122.894527, 13.939202], [122.894527, 13.939741], [122.895066, 13.939741], [122.895066, 13.940819], [122.897222, 13.940819], [122.897222, 13.941358], [122.8983, 13.941358], [122.8983, 13.942436], [122.897761, 13.942436], [122.897761, 13.942975], [122.892371, 13.942975], [122.892371, 13.943514], [122.891832, 13.943514], [122.891832, 13.94567], [122.892371, 13.94567], [122.892371, 13.946209], [122.89291, 13.946209], [122.89291, 13.94567], [122.893449, 13.94567], [122.893449, 13.945131], [122.897222, 13.945131], [122.897222, 13.94567], [122.898839, 13.94567], [122.898839, 13.946209], [122.899378, 13.946209], [122.899378, 13.947287], [122.898839, 13.947287], [122.898839, 13.947826], [122.899917, 13.947826], [122.899917, 13.947287], [122.900456, 13.947287], [122.900456, 13.946748], [122.900995, 13.946748], [122.900995, 13.946209], [122.902073, 13.946209], [122.902073, 13.94567], [122.903151, 13.94567], [122.903151, 13.947826], [122.902612, 13.947826], [122.902612, 13.948365], [122.902073, 13.948365], [122.902073, 13.950521], [122.901534, 13.950521], [122.901534, 13.952677], [122.902612, 13.952677], [122.902612, 13.951599], [122.903151, 13.951599], [122.903151, 13.95106], [122.90369, 13.95106], [122.90369, 13.950521], [122.904229, 13.950521], [122.904229, 13.949982], [122.904768, 13.949982], [122.904768, 13.949443], [122.905307, 13.949443], [122.905307, 13.948904], [122.906924, 13.948904], [122.906924, 13.948365], [122.907463, 13.948365], [122.907463, 13.947826], [122.908002, 13.947826], [122.908002, 13.946748], [122.908541, 13.946748], [122.908541, 13.946209], [122.909619, 13.946209], [122.909619, 13.947287], [122.90908, 13.947287], [122.90908, 13.948365], [122.908541, 13.948365], [122.908541, 13.949443], [122.910158, 13.949443], [122.910158, 13.950521], [122.90908, 13.950521], [122.90908, 13.95106], [122.908541, 13.95106], [122.908541, 13.951599], [122.908002, 13.951599], [122.908002, 13.952138], [122.909619, 13.952138], [122.909619, 13.952677], [122.910158, 13.952677], [122.910158, 13.953755], [122.910697, 13.953755], [122.910697, 13.954294], [122.911236, 13.954294], [122.911236, 13.953755], [122.912314, 13.953755], [122.912314, 13.953216], [122.912853, 13.953216], [122.912853, 13.953755], [122.915009, 13.953755], [122.915009, 13.954294], [122.912853, 13.954294], [122.912853, 13.954833], [122.912314, 13.954833], [122.912314, 13.955372], [122.910158, 13.955372], [122.910158, 13.955911], [122.908002, 13.955911], [122.908002, 13.95645], [122.906924, 13.95645], [122.906924, 13.956989], [122.906385, 13.956989], [122.906385, 13.958067], [122.908541, 13.958067], [122.908541, 13.959684], [122.90908, 13.959684], [122.90908, 13.960762], [122.908541, 13.960762], [122.908541, 13.961301], [122.908002, 13.961301], [122.908002, 13.96184], [122.907463, 13.96184], [122.907463, 13.962379], [122.906385, 13.962379], [122.906385, 13.963457], [122.905846, 13.963457], [122.905846, 13.963996], [122.907463, 13.963996], [122.907463, 13.963457], [122.908541, 13.963457], [122.908541, 13.962918], [122.90908, 13.962918], [122.90908, 13.962379], [122.909619, 13.962379], [122.909619, 13.96184], [122.910158, 13.96184], [122.910158, 13.961301], [122.910697, 13.961301], [122.910697, 13.960762], [122.912314, 13.960762], [122.912314, 13.960223], [122.912853, 13.960223], [122.912853, 13.96184], [122.912314, 13.96184], [122.912314, 13.962379], [122.911775, 13.962379], [122.911775, 13.966152], [122.910158, 13.966152], [122.910158, 13.966691], [122.909619, 13.966691], [122.909619, 13.96723], [122.90908, 13.96723], [122.90908, 13.967769], [122.907463, 13.967769], [122.907463, 13.968308], [122.906924, 13.968308], [122.906924, 13.969925], [122.906385, 13.969925], [122.906385, 13.971003], [122.906924, 13.971003]]], [[[123.418964, 13.181923], [123.420042, 13.181923], [123.420042, 13.182462], [123.420581, 13.182462], [123.420581, 13.183001], [123.418964, 13.183001], [123.418964, 13.182462], [123.417347, 13.182462], [123.417347, 13.183001], [123.416269, 13.183001], [123.416269, 13.18354], [123.415191, 13.18354], [123.415191, 13.183001], [123.414652, 13.183001], [123.414652, 13.182462], [123.414113, 13.182462], [123.414113, 13.181923], [123.413035, 13.181923], [123.413035, 13.179767], [123.412496, 13.179767], [123.412496, 13.17815], [123.411957, 13.17815], [123.411957, 13.174916], [123.410879, 13.174916], [123.410879, 13.174377], [123.41034, 13.174377], [123.41034, 13.173299], [123.409801, 13.173299], [123.409801, 13.172221], [123.408723, 13.172221], [123.408723, 13.173299], [123.409262, 13.173299], [123.409262, 13.174916], [123.409801, 13.174916], [123.409801, 13.177611], [123.41034, 13.177611], [123.41034, 13.178689], [123.409262, 13.178689], [123.409262, 13.17815], [123.406567, 13.17815], [123.406567, 13.177072], [123.406028, 13.177072], [123.406028, 13.175994], [123.405489, 13.175994], [123.405489, 13.174916], [123.40495, 13.174916], [123.40495, 13.173838], [123.404411, 13.173838], [123.404411, 13.173299], [123.403872, 13.173299], [123.403872, 13.17276], [123.403333, 13.17276], [123.403333, 13.172221], [123.402794, 13.172221], [123.402794, 13.170604], [123.402255, 13.170604], [123.402255, 13.169526], [123.400638, 13.169526], [123.400638, 13.168987], [123.400099, 13.168987], [123.400099, 13.167909], [123.39956, 13.167909], [123.39956, 13.16737], [123.398482, 13.16737], [123.398482, 13.166831], [123.397943, 13.166831], [123.397943, 13.16737], [123.397404, 13.16737], [123.397404, 13.168448], [123.397943, 13.168448], [123.397943, 13.170065], [123.398482, 13.170065], [123.398482, 13.171143], [123.397943, 13.171143], [123.397943, 13.172221], [123.400099, 13.172221], [123.400099, 13.17276], [123.400638, 13.17276], [123.400638, 13.173299], [123.401177, 13.173299], [123.401177, 13.173838], [123.401716, 13.173838], [123.401716, 13.174916], [123.401177, 13.174916], [123.401177, 13.175994], [123.401716, 13.175994], [123.401716, 13.177072], [123.401177, 13.177072], [123.401177, 13.178689], [123.401716, 13.178689], [123.401716, 13.179228], [123.402255, 13.179228], [123.402255, 13.179767], [123.402794, 13.179767], [123.402794, 13.180306], [123.403333, 13.180306], [123.403333, 13.180845], [123.403872, 13.180845], [123.403872, 13.181384], [123.404411, 13.181384], [123.404411, 13.181923], [123.403872, 13.181923], [123.403872, 13.182462], [123.403333, 13.182462], [123.403333, 13.181923], [123.402794, 13.181923], [123.402794, 13.181384], [123.399021, 13.181384], [123.399021, 13.181923], [123.400099, 13.181923], [123.400099, 13.18354], [123.39956, 13.18354], [123.39956, 13.184079], [123.396865, 13.184079], [123.396865, 13.18354], [123.395787, 13.18354], [123.395787, 13.184618], [123.396326, 13.184618], [123.396326, 13.186773], [123.395248, 13.186773], [123.395248, 13.187312], [123.39417, 13.187312], [123.39417, 13.187851], [123.393631, 13.187851], [123.393631, 13.18839], [123.393092, 13.18839], [123.393092, 13.189468], [123.392553, 13.189468], [123.392553, 13.190007], [123.390936, 13.190007], [123.390936, 13.189468], [123.390397, 13.189468], [123.390397, 13.18839], [123.389858, 13.18839], [123.389858, 13.187851], [123.388241, 13.187851], [123.388241, 13.18839], [123.387163, 13.18839], [123.387163, 13.188929], [123.386624, 13.188929], [123.386624, 13.18839], [123.386085, 13.18839], [123.386085, 13.187851], [123.385007, 13.187851], [123.385007, 13.18839], [123.384468, 13.18839], [123.384468, 13.188929], [123.385007, 13.188929], [123.385007, 13.189468], [123.385546, 13.189468], [123.385546, 13.190007], [123.386624, 13.190007], [123.386624, 13.193241], [123.387163, 13.193241], [123.387163, 13.19378], [123.387702, 13.19378], [123.387702, 13.194319], [123.390936, 13.194319], [123.390936, 13.19378], [123.392014, 13.19378], [123.392014, 13.194319], [123.392553, 13.194319], [123.392553, 13.194858], [123.393092, 13.194858], [123.393092, 13.195397], [123.393631, 13.195397], [123.393631, 13.195936], [123.39417, 13.195936], [123.39417, 13.196475], [123.395248, 13.196475], [123.395248, 13.195936], [123.395787, 13.195936], [123.395787, 13.19378], [123.396326, 13.19378], [123.396326, 13.193241], [123.397404, 13.193241], [123.397404, 13.192702], [123.397943, 13.192702], [123.397943, 13.192163], [123.398482, 13.192163], [123.398482, 13.191624], [123.399021, 13.191624], [123.399021, 13.191085], [123.400638, 13.191085], [123.400638, 13.189468], [123.401177, 13.189468], [123.401177, 13.188929], [123.402255, 13.188929], [123.402255, 13.187851], [123.402794, 13.187851], [123.402794, 13.187312], [123.403333, 13.187312], [123.403333, 13.187851], [123.403872, 13.187851], [123.403872, 13.18839], [123.40495, 13.18839], [123.40495, 13.187851], [123.406028, 13.187851], [123.406028, 13.18839], [123.406567, 13.18839], [123.406567, 13.188929], [123.407106, 13.188929], [123.407106, 13.18839], [123.407645, 13.18839], [123.407645, 13.190546], [123.408184, 13.190546], [123.408184, 13.191085], [123.408723, 13.191085], [123.408723, 13.192163], [123.408184, 13.192163], [123.408184, 13.192702], [123.407645, 13.192702], [123.407645, 13.194319], [123.408184, 13.194319], [123.408184, 13.195936], [123.407645, 13.195936], [123.407645, 13.197014], [123.407106, 13.197014], [123.407106, 13.198092], [123.407645, 13.198092], [123.407645, 13.197553], [123.408723, 13.197553], [123.408723, 13.196475], [123.409262, 13.196475], [123.409262, 13.195397], [123.409801, 13.195397], [123.409801, 13.193241], [123.41034, 13.193241], [123.41034, 13.192702], [123.410879, 13.192702], [123.410879, 13.191624], [123.411957, 13.191624], [123.411957, 13.192163], [123.412496, 13.192163], [123.412496, 13.192702], [123.413035, 13.192702], [123.413035, 13.195397], [123.412496, 13.195397], [123.412496, 13.198092], [123.413035, 13.198092], [123.413035, 13.19917], [123.413574, 13.19917], [123.413574, 13.198631], [123.414113, 13.198631], [123.414113, 13.196475], [123.414652, 13.196475], [123.414652, 13.195397], [123.415191, 13.195397], [123.415191, 13.19378], [123.416269, 13.19378], [123.416269, 13.194858], [123.416808, 13.194858], [123.416808, 13.195397], [123.417886, 13.195397], [123.417886, 13.193241], [123.417347, 13.193241], [123.417347, 13.192702], [123.416808, 13.192702], [123.416808, 13.191085], [123.417886, 13.191085], [123.417886, 13.191624], [123.418425, 13.191624], [123.418425, 13.192163], [123.419503, 13.192163], [123.419503, 13.191624], [123.420042, 13.191624], [123.420042, 13.190546], [123.420581, 13.190546], [123.420581, 13.190007], [123.422198, 13.190007], [123.422198, 13.190546], [123.423276, 13.190546], [123.423276, 13.191085], [123.423815, 13.191085], [123.423815, 13.190546], [123.424354, 13.190546], [123.424354, 13.190007], [123.425432, 13.190007], [123.425432, 13.191085], [123.427049, 13.191085], [123.427049, 13.191624], [123.429205, 13.191624], [123.429205, 13.191085], [123.429744, 13.191085], [123.429744, 13.190007], [123.430282, 13.190007], [123.430282, 13.188929], [123.430821, 13.188929], [123.430821, 13.18839], [123.431899, 13.18839], [123.431899, 13.188929], [123.432977, 13.188929], [123.432977, 13.189468], [123.434055, 13.189468], [123.434055, 13.188929], [123.435672, 13.188929], [123.435672, 13.18839], [123.43675, 13.18839], [123.43675, 13.186234], [123.437289, 13.186234], [123.437289, 13.185695], [123.437828, 13.185695], [123.437828, 13.186234], [123.438906, 13.186234], [123.438906, 13.186773], [123.439445, 13.186773], [123.439445, 13.18839], [123.438906, 13.18839], [123.438906, 13.188929], [123.438367, 13.188929], [123.438367, 13.190007], [123.437828, 13.190007], [123.437828, 13.190546], [123.43675, 13.190546], [123.43675, 13.191085], [123.436211, 13.191085], [123.436211, 13.192702], [123.435672, 13.192702], [123.435672, 13.193241], [123.434594, 13.193241], [123.434594, 13.192702], [123.434055, 13.192702], [123.434055, 13.191624], [123.432977, 13.191624], [123.432977, 13.192702], [123.432438, 13.192702], [123.432438, 13.193241], [123.43136, 13.193241], [123.43136, 13.19378], [123.430821, 13.19378], [123.430821, 13.194319], [123.43136, 13.194319], [123.43136, 13.195397], [123.430821, 13.195397], [123.430821, 13.195936], [123.428666, 13.195936], [123.428666, 13.195397], [123.428127, 13.195397], [123.428127, 13.19378], [123.42651, 13.19378], [123.42651, 13.194319], [123.425432, 13.194319], [123.425432, 13.19378], [123.423276, 13.19378], [123.423276, 13.194319], [123.422737, 13.194319], [123.422737, 13.195397], [123.423276, 13.195397], [123.423276, 13.195936], [123.423815, 13.195936], [123.423815, 13.196475], [123.427588, 13.196475], [123.427588, 13.197014], [123.428127, 13.197014], [123.428127, 13.198092], [123.428666, 13.198092], [123.428666, 13.198631], [123.429744, 13.198631], [123.429744, 13.198092], [123.430821, 13.198092], [123.430821, 13.198631], [123.43136, 13.198631], [123.43136, 13.19917], [123.430821, 13.19917], [123.430821, 13.199709], [123.428666, 13.199709], [123.428666, 13.200248], [123.428127, 13.200248], [123.428127, 13.199709], [123.427588, 13.199709], [123.427588, 13.19917], [123.427049, 13.19917], [123.427049, 13.198631], [123.42651, 13.198631], [123.42651, 13.198092], [123.425971, 13.198092], [123.425971, 13.198631], [123.424893, 13.198631], [123.424893, 13.19917], [123.424354, 13.19917], [123.424354, 13.198631], [123.421659, 13.198631], [123.421659, 13.19917], [123.42112, 13.19917], [123.42112, 13.200248], [123.417886, 13.200248], [123.417886, 13.200787], [123.418425, 13.200787], [123.418425, 13.201326], [123.419503, 13.201326], [123.419503, 13.201865], [123.42112, 13.201865], [123.42112, 13.202404], [123.423276, 13.202404], [123.423276, 13.201865], [123.424354, 13.201865], [123.424354, 13.202404], [123.427588, 13.202404], [123.427588, 13.203482], [123.424354, 13.203482], [123.424354, 13.204021], [123.423815, 13.204021], [123.423815, 13.20456], [123.424354, 13.20456], [123.424354, 13.205099], [123.423815, 13.205099], [123.423815, 13.205638], [123.423276, 13.205638], [123.423276, 13.206177], [123.422737, 13.206177], [123.422737, 13.206716], [123.422198, 13.206716], [123.422198, 13.207255], [123.420581, 13.207255], [123.420581, 13.206716], [123.415191, 13.206716], [123.415191, 13.207255], [123.411957, 13.207255], [123.411957, 13.208333], [123.413035, 13.208333], [123.413035, 13.208872], [123.414652, 13.208872], [123.414652, 13.208333], [123.417886, 13.208333], [123.417886, 13.209411], [123.418425, 13.209411], [123.418425, 13.20995], [123.420581, 13.20995], [123.420581, 13.210489], [123.42112, 13.210489], [123.42112, 13.211028], [123.421659, 13.211028], [123.421659, 13.213723], [123.42112, 13.213723], [123.42112, 13.214801], [123.421659, 13.214801], [123.421659, 13.21534], [123.422198, 13.21534], [123.422198, 13.216957], [123.423276, 13.216957], [123.423276, 13.215879], [123.423815, 13.215879], [123.423815, 13.214262], [123.423276, 13.214262], [123.423276, 13.212106], [123.423815, 13.212106], [123.423815, 13.211028], [123.424354, 13.211028], [123.424354, 13.210489], [123.424893, 13.210489], [123.424893, 13.20995], [123.427049, 13.20995], [123.427049, 13.209411], [123.428666, 13.209411], [123.428666, 13.208872], [123.429205, 13.208872], [123.429205, 13.208333], [123.430821, 13.208333], [123.430821, 13.208872], [123.43136, 13.208872], [123.43136, 13.206716], [123.432438, 13.206716], [123.432438, 13.206177], [123.432977, 13.206177], [123.432977, 13.205638], [123.432438, 13.205638], [123.432438, 13.205099], [123.431899, 13.205099], [123.431899, 13.20456], [123.43136, 13.20456], [123.43136, 13.204021], [123.432438, 13.204021], [123.432438, 13.20456], [123.432977, 13.20456], [123.432977, 13.205099], [123.435672, 13.205099], [123.435672, 13.205638], [123.43675, 13.205638], [123.43675, 13.205099], [123.437289, 13.205099], [123.437289, 13.204021], [123.438367, 13.204021], [123.438367, 13.203482], [123.438906, 13.203482], [123.438906, 13.201865], [123.440523, 13.201865], [123.440523, 13.202404], [123.44214, 13.202404], [123.44214, 13.201865], [123.443218, 13.201865], [123.443218, 13.201326], [123.444835, 13.201326], [123.444835, 13.200787], [123.446452, 13.200787], [123.446452, 13.200248], [123.44753, 13.200248], [123.44753, 13.199709], [123.448069, 13.199709], [123.448069, 13.19917], [123.449147, 13.19917], [123.449147, 13.198631], [123.451303, 13.198631], [123.451303, 13.197553], [123.449686, 13.197553], [123.449686, 13.196475], [123.451842, 13.196475], [123.451842, 13.195936], [123.453998, 13.195936], [123.453998, 13.196475], [123.454537, 13.196475], [123.454537, 13.197014], [123.456693, 13.197014], [123.456693, 13.196475], [123.456154, 13.196475], [123.456154, 13.195936], [123.456693, 13.195936], [123.456693, 13.194319], [123.457232, 13.194319], [123.457232, 13.19378], [123.457771, 13.19378], [123.457771, 13.193241], [123.457232, 13.193241], [123.457232, 13.192702], [123.456693, 13.192702], [123.456693, 13.191624], [123.457232, 13.191624], [123.457232, 13.191085], [123.45831, 13.191085], [123.45831, 13.191624], [123.461005, 13.191624], [123.461005, 13.191085], [123.461544, 13.191085], [123.461544, 13.190546], [123.461005, 13.190546], [123.461005, 13.188929], [123.462083, 13.188929], [123.462083, 13.18839], [123.463161, 13.18839], [123.463161, 13.187851], [123.4637, 13.187851], [123.4637, 13.187312], [123.464239, 13.187312], [123.464239, 13.186773], [123.466395, 13.186773], [123.466395, 13.186234], [123.468012, 13.186234], [123.468012, 13.185157], [123.467473, 13.185157], [123.467473, 13.184618], [123.466934, 13.184618], [123.466934, 13.184079], [123.467473, 13.184079], [123.467473, 13.18354], [123.468012, 13.18354], [123.468012, 13.183001], [123.473402, 13.183001], [123.473402, 13.181923], [123.471246, 13.181923], [123.471246, 13.181384], [123.470707, 13.181384], [123.470707, 13.180845], [123.470168, 13.180845], [123.470168, 13.180306], [123.468551, 13.180306], [123.468551, 13.179767], [123.468012, 13.179767], [123.468012, 13.178689], [123.468551, 13.178689], [123.468551, 13.17815], [123.470168, 13.17815], [123.470168, 13.177611], [123.470707, 13.177611], [123.470707, 13.177072], [123.473402, 13.177072], [123.473402, 13.177611], [123.47448, 13.177611], [123.47448, 13.177072], [123.475558, 13.177072], [123.475558, 13.175994], [123.475019, 13.175994], [123.475019, 13.175455], [123.473941, 13.175455], [123.473941, 13.174916], [123.472863, 13.174916], [123.472863, 13.174377], [123.470168, 13.174377], [123.470168, 13.173838], [123.469629, 13.173838], [123.469629, 13.173299], [123.471785, 13.173299], [123.471785, 13.17276], [123.472324, 13.17276], [123.472324, 13.172221], [123.472863, 13.172221], [123.472863, 13.17276], [123.473941, 13.17276], [123.473941, 13.173299], [123.475558, 13.173299], [123.475558, 13.171682], [123.476097, 13.171682], [123.476097, 13.172221], [123.477175, 13.172221], [123.477175, 13.17276], [123.478253, 13.17276], [123.478253, 13.173299], [123.478792, 13.173299], [123.478792, 13.173838], [123.47987, 13.173838], [123.47987, 13.171143], [123.480408, 13.171143], [123.480408, 13.170065], [123.47987, 13.170065], [123.47987, 13.169526], [123.479331, 13.169526], [123.479331, 13.167909], [123.480408, 13.167909], [123.480408, 13.16737], [123.480947, 13.16737], [123.480947, 13.166831], [123.482025, 13.166831], [123.482025, 13.166292], [123.482564, 13.166292], [123.482564, 13.166831], [123.484181, 13.166831], [123.484181, 13.166292], [123.48472, 13.166292], [123.48472, 13.165214], [123.484181, 13.165214], [123.484181, 13.164675], [123.483642, 13.164675], [123.483642, 13.164136], [123.482564, 13.164136], [123.482564, 13.164675], [123.482025, 13.164675], [123.482025, 13.165214], [123.480947, 13.165214], [123.480947, 13.165753], [123.478792, 13.165753], [123.478792, 13.166292], [123.477714, 13.166292], [123.477714, 13.166831], [123.477175, 13.166831], [123.477175, 13.16737], [123.475558, 13.16737], [123.475558, 13.166831], [123.475019, 13.166831], [123.475019, 13.166292], [123.47448, 13.166292], [123.47448, 13.165214], [123.473402, 13.165214], [123.473402, 13.165753], [123.472863, 13.165753], [123.472863, 13.166292], [123.472324, 13.166292], [123.472324, 13.166831], [123.471785, 13.166831], [123.471785, 13.16737], [123.471246, 13.16737], [123.471246, 13.166292], [123.471785, 13.166292], [123.471785, 13.165753], [123.472324, 13.165753], [123.472324, 13.164136], [123.471785, 13.164136], [123.471785, 13.163058], [123.472324, 13.163058], [123.472324, 13.16198], [123.472863, 13.16198], [123.472863, 13.161441], [123.476097, 13.161441], [123.476097, 13.160363], [123.476636, 13.160363], [123.476636, 13.159824], [123.477175, 13.159824], [123.477175, 13.158746], [123.476097, 13.158746], [123.476097, 13.159285], [123.475558, 13.159285], [123.475558, 13.159824], [123.47448, 13.159824], [123.47448, 13.159285], [123.473941, 13.159285], [123.473941, 13.157668], [123.473402, 13.157668], [123.473402, 13.15659], [123.472863, 13.15659], [123.472863, 13.156051], [123.472324, 13.156051], [123.472324, 13.155512], [123.471246, 13.155512], [123.471246, 13.157668], [123.470707, 13.157668], [123.470707, 13.160363], [123.470168, 13.160363], [123.470168, 13.160902], [123.469629, 13.160902], [123.469629, 13.160363], [123.468551, 13.160363], [123.468551, 13.159824], [123.468012, 13.159824], [123.468012, 13.159285], [123.466934, 13.159285], [123.466934, 13.160902], [123.467473, 13.160902], [123.467473, 13.161441], [123.468012, 13.161441], [123.468012, 13.16198], [123.468551, 13.16198], [123.468551, 13.164136], [123.468012, 13.164136], [123.468012, 13.165753], [123.468551, 13.165753], [123.468551, 13.166831], [123.46909, 13.166831], [123.46909, 13.168987], [123.468012, 13.168987], [123.468012, 13.169526], [123.467473, 13.169526], [123.467473, 13.168987], [123.465856, 13.168987], [123.465856, 13.169526], [123.465317, 13.169526], [123.465317, 13.170065], [123.464778, 13.170065], [123.464778, 13.169526], [123.4637, 13.169526], [123.4637, 13.168987], [123.463161, 13.168987], [123.463161, 13.167909], [123.4637, 13.167909], [123.4637, 13.16737], [123.464239, 13.16737], [123.464239, 13.166831], [123.463161, 13.166831], [123.463161, 13.164675], [123.462622, 13.164675], [123.462622, 13.165214], [123.462083, 13.165214], [123.462083, 13.166831], [123.460466, 13.166831], [123.460466, 13.165753], [123.459927, 13.165753], [123.459927, 13.165214], [123.459388, 13.165214], [123.459388, 13.164675], [123.458849, 13.164675], [123.458849, 13.164136], [123.459388, 13.164136], [123.459388, 13.16198], [123.460466, 13.16198], [123.460466, 13.161441], [123.461005, 13.161441], [123.461005, 13.16198], [123.461544, 13.16198], [123.461544, 13.161441], [123.462622, 13.161441], [123.462622, 13.160902], [123.463161, 13.160902], [123.463161, 13.157129], [123.462622, 13.157129], [123.462622, 13.156051], [123.463161, 13.156051], [123.463161, 13.154434], [123.462622, 13.154434], [123.462622, 13.153895], [123.462083, 13.153895], [123.462083, 13.152817], [123.462622, 13.152817], [123.462622, 13.152278], [123.463161, 13.152278], [123.463161, 13.152817], [123.4637, 13.152817], [123.4637, 13.152278], [123.464778, 13.152278], [123.464778, 13.150661], [123.4637, 13.150661], [123.4637, 13.1512], [123.461544, 13.1512], [123.461544, 13.150661], [123.461005, 13.150661], [123.461005, 13.150122], [123.460466, 13.150122], [123.460466, 13.148505], [123.461544, 13.148505], [123.461544, 13.147427], [123.461005, 13.147427], [123.461005, 13.145271], [123.460466, 13.145271], [123.460466, 13.144193], [123.459927, 13.144193], [123.459927, 13.143654], [123.459388, 13.143654], [123.459388, 13.141498], [123.45831, 13.141498], [123.45831, 13.144193], [123.458849, 13.144193], [123.458849, 13.144732], [123.459388, 13.144732], [123.459388, 13.146888], [123.458849, 13.146888], [123.458849, 13.147966], [123.45831, 13.147966], [123.45831, 13.148505], [123.457771, 13.148505], [123.457771, 13.149583], [123.456693, 13.149583], [123.456693, 13.149044], [123.456154, 13.149044], [123.456154, 13.148505], [123.455615, 13.148505], [123.455615, 13.149044], [123.453998, 13.149044], [123.453998, 13.148505], [123.453459, 13.148505], [123.453459, 13.146888], [123.451303, 13.146888], [123.451303, 13.146349], [123.450764, 13.146349], [123.450764, 13.145271], [123.451303, 13.145271], [123.451303, 13.143115], [123.451842, 13.143115], [123.451842, 13.142037], [123.451303, 13.142037], [123.451303, 13.141498], [123.450225, 13.141498], [123.450225, 13.142037], [123.449686, 13.142037], [123.449686, 13.144732], [123.449147, 13.144732], [123.449147, 13.145271], [123.446452, 13.145271], [123.446452, 13.144732], [123.445374, 13.144732], [123.445374, 13.144193], [123.444835, 13.144193], [123.444835, 13.143654], [123.444296, 13.143654], [123.444296, 13.143115], [123.443757, 13.143115], [123.443757, 13.143654], [123.441601, 13.143654], [123.441601, 13.144193], [123.441062, 13.144193], [123.441062, 13.144732], [123.439984, 13.144732], [123.439984, 13.144193], [123.438906, 13.144193], [123.438906, 13.145271], [123.439445, 13.145271], [123.439445, 13.14581], [123.441062, 13.14581], [123.441062, 13.146349], [123.44214, 13.146349], [123.44214, 13.14581], [123.443218, 13.14581], [123.443218, 13.146349], [123.443757, 13.146349], [123.443757, 13.146888], [123.444296, 13.146888], [123.444296, 13.147427], [123.444835, 13.147427], [123.444835, 13.146888], [123.445374, 13.146888], [123.445374, 13.147427], [123.446452, 13.147427], [123.446452, 13.147966], [123.446991, 13.147966], [123.446991, 13.148505], [123.44753, 13.148505], [123.44753, 13.149044], [123.448069, 13.149044], [123.448069, 13.150661], [123.44753, 13.150661], [123.44753, 13.151739], [123.449686, 13.151739], [123.449686, 13.152817], [123.449147, 13.152817], [123.449147, 13.153895], [123.450225, 13.153895], [123.450225, 13.153356], [123.450764, 13.153356], [123.450764, 13.153895], [123.451303, 13.153895], [123.451303, 13.154434], [123.451842, 13.154434], [123.451842, 13.154973], [123.453459, 13.154973], [123.453459, 13.155512], [123.453998, 13.155512], [123.453998, 13.156051], [123.454537, 13.156051], [123.454537, 13.15659], [123.455076, 13.15659], [123.455076, 13.157129], [123.455615, 13.157129], [123.455615, 13.157668], [123.456693, 13.157668], [123.456693, 13.158746], [123.456154, 13.158746], [123.456154, 13.159824], [123.455076, 13.159824], [123.455076, 13.160902], [123.454537, 13.160902], [123.454537, 13.161441], [123.455076, 13.161441], [123.455076, 13.163058], [123.454537, 13.163058], [123.454537, 13.163597], [123.45292, 13.163597], [123.45292, 13.163058], [123.452381, 13.163058], [123.452381, 13.162519], [123.451842, 13.162519], [123.451842, 13.16198], [123.451303, 13.16198], [123.451303, 13.159285], [123.450225, 13.159285], [123.450225, 13.159824], [123.449686, 13.159824], [123.449686, 13.160363], [123.449147, 13.160363], [123.449147, 13.159824], [123.448608, 13.159824], [123.448608, 13.159285], [123.448069, 13.159285], [123.448069, 13.158746], [123.44753, 13.158746], [123.44753, 13.158207], [123.446991, 13.158207], [123.446991, 13.157668], [123.446452, 13.157668], [123.446452, 13.157129], [123.445913, 13.157129], [123.445913, 13.15659], [123.445374, 13.15659], [123.445374, 13.156051], [123.444296, 13.156051], [123.444296, 13.155512], [123.441062, 13.155512], [123.441062, 13.156051], [123.441601, 13.156051], [123.441601, 13.15659], [123.442679, 13.15659], [123.442679, 13.157129], [123.443218, 13.157129], [123.443218, 13.157668], [123.443757, 13.157668], [123.443757, 13.158207], [123.444296, 13.158207], [123.444296, 13.158746], [123.444835, 13.158746], [123.444835, 13.159285], [123.445913, 13.159285], [123.445913, 13.160363], [123.446452, 13.160363], [123.446452, 13.160902], [123.446991, 13.160902], [123.446991, 13.161441], [123.44753, 13.161441], [123.44753, 13.16198], [123.448069, 13.16198], [123.448069, 13.162519], [123.448608, 13.162519], [123.448608, 13.163058], [123.449147, 13.163058], [123.449147, 13.163597], [123.449686, 13.163597], [123.449686, 13.166292], [123.448069, 13.166292], [123.448069, 13.165753], [123.446991, 13.165753], [123.446991, 13.165214], [123.445913, 13.165214], [123.445913, 13.166831], [123.445374, 13.166831], [123.445374, 13.16737], [123.444296, 13.16737], [123.444296, 13.166831], [123.443757, 13.166831], [123.443757, 13.166292], [123.443218, 13.166292], [123.443218, 13.165753], [123.44214, 13.165753], [123.44214, 13.16737], [123.442679, 13.16737], [123.442679, 13.167909], [123.443218, 13.167909], [123.443218, 13.168987], [123.443757, 13.168987], [123.443757, 13.169526], [123.444296, 13.169526], [123.444296, 13.170065], [123.444835, 13.170065], [123.444835, 13.170604], [123.441601, 13.170604], [123.441601, 13.171143], [123.441062, 13.171143], [123.441062, 13.168987], [123.440523, 13.168987], [123.440523, 13.168448], [123.439445, 13.168448], [123.439445, 13.167909], [123.438906, 13.167909], [123.438906, 13.165753], [123.438367, 13.165753], [123.438367, 13.163597], [123.437828, 13.163597], [123.437828, 13.161441], [123.43675, 13.161441], [123.43675, 13.160902], [123.435133, 13.160902], [123.435133, 13.162519], [123.435672, 13.162519], [123.435672, 13.163058], [123.436211, 13.163058], [123.436211, 13.165214], [123.435672, 13.165214], [123.435672, 13.165753], [123.435133, 13.165753], [123.435133, 13.166292], [123.432438, 13.166292], [123.432438, 13.165753], [123.431899, 13.165753], [123.431899, 13.166292], [123.43136, 13.166292], [123.43136, 13.166831], [123.431899, 13.166831], [123.431899, 13.16737], [123.432438, 13.16737], [123.432438, 13.167909], [123.432977, 13.167909], [123.432977, 13.168448], [123.433516, 13.168448], [123.433516, 13.170065], [123.432977, 13.170065], [123.432977, 13.169526], [123.431899, 13.169526], [123.431899, 13.168987], [123.430282, 13.168987], [123.430282, 13.169526], [123.429744, 13.169526], [123.429744, 13.168987], [123.429205, 13.168987], [123.429205, 13.168448], [123.428666, 13.168448], [123.428666, 13.166831], [123.428127, 13.166831], [123.428127, 13.166292], [123.427588, 13.166292], [123.427588, 13.163058], [123.428127, 13.163058], [123.428127, 13.161441], [123.427049, 13.161441], [123.427049, 13.162519], [123.42651, 13.162519], [123.42651, 13.164136], [123.425971, 13.164136], [123.425971, 13.164675], [123.424354, 13.164675], [123.424354, 13.164136], [123.423815, 13.164136], [123.423815, 13.16198], [123.423276, 13.16198], [123.423276, 13.161441], [123.422198, 13.161441], [123.422198, 13.160902], [123.421659, 13.160902], [123.421659, 13.160363], [123.42112, 13.160363], [123.42112, 13.159824], [123.420581, 13.159824], [123.420581, 13.156051], [123.419503, 13.156051], [123.419503, 13.157668], [123.418425, 13.157668], [123.418425, 13.158207], [123.417886, 13.158207], [123.417886, 13.158746], [123.416808, 13.158746], [123.416808, 13.160363], [123.417347, 13.160363], [123.417347, 13.161441], [123.416269, 13.161441], [123.416269, 13.160902], [123.41573, 13.160902], [123.41573, 13.160363], [123.415191, 13.160363], [123.415191, 13.159824], [123.414652, 13.159824], [123.414652, 13.159285], [123.414113, 13.159285], [123.414113, 13.158746], [123.413574, 13.158746], [123.413574, 13.157668], [123.413035, 13.157668], [123.413035, 13.157129], [123.412496, 13.157129], [123.412496, 13.157668], [123.411418, 13.157668], [123.411418, 13.159824], [123.411957, 13.159824], [123.411957, 13.161441], [123.412496, 13.161441], [123.412496, 13.162519], [123.413035, 13.162519], [123.413035, 13.164136], [123.413574, 13.164136], [123.413574, 13.164675], [123.414652, 13.164675], [123.414652, 13.165214], [123.415191, 13.165214], [123.415191, 13.165753], [123.416808, 13.165753], [123.416808, 13.165214], [123.417347, 13.165214], [123.417347, 13.165753], [123.417886, 13.165753], [123.417886, 13.166292], [123.418425, 13.166292], [123.418425, 13.166831], [123.418964, 13.166831], [123.418964, 13.16737], [123.419503, 13.16737], [123.419503, 13.167909], [123.420042, 13.167909], [123.420042, 13.168448], [123.420581, 13.168448], [123.420581, 13.168987], [123.42112, 13.168987], [123.42112, 13.170604], [123.421659, 13.170604], [123.421659, 13.171143], [123.422198, 13.171143], [123.422198, 13.171682], [123.422737, 13.171682], [123.422737, 13.172221], [123.424893, 13.172221], [123.424893, 13.17276], [123.425432, 13.17276], [123.425432, 13.173299], [123.425971, 13.173299], [123.425971, 13.173838], [123.42651, 13.173838], [123.42651, 13.174377], [123.427049, 13.174377], [123.427049, 13.175455], [123.427588, 13.175455], [123.427588, 13.175994], [123.428127, 13.175994], [123.428127, 13.177072], [123.427588, 13.177072], [123.427588, 13.177611], [123.42651, 13.177611], [123.42651, 13.178689], [123.425971, 13.178689], [123.425971, 13.179767], [123.424893, 13.179767], [123.424893, 13.180306], [123.425432, 13.180306], [123.425432, 13.181384], [123.424354, 13.181384], [123.424354, 13.17815], [123.423815, 13.17815], [123.423815, 13.177072], [123.423276, 13.177072], [123.423276, 13.175455], [123.421659, 13.175455], [123.421659, 13.175994], [123.420581, 13.175994], [123.420581, 13.175455], [123.420042, 13.175455], [123.420042, 13.174916], [123.418425, 13.174916], [123.418425, 13.175994], [123.418964, 13.175994], [123.418964, 13.177072], [123.419503, 13.177072], [123.419503, 13.177611], [123.42112, 13.177611], [123.42112, 13.17815], [123.422737, 13.17815], [123.422737, 13.179228], [123.421659, 13.179228], [123.421659, 13.179767], [123.42112, 13.179767], [123.42112, 13.180306], [123.418964, 13.180306], [123.418964, 13.179767], [123.418425, 13.179767], [123.418425, 13.181384], [123.418964, 13.181384], [123.418964, 13.181923]]], [[[123.462083, 13.207255], [123.458849, 13.207255], [123.458849, 13.206177], [123.45831, 13.206177], [123.45831, 13.205638], [123.457232, 13.205638], [123.457232, 13.205099], [123.456693, 13.205099], [123.456693, 13.201326], [123.455615, 13.201326], [123.455615, 13.202404], [123.455076, 13.202404], [123.455076, 13.20456], [123.454537, 13.20456], [123.454537, 13.205099], [123.453998, 13.205099], [123.453998, 13.205638], [123.453459, 13.205638], [123.453459, 13.206177], [123.452381, 13.206177], [123.452381, 13.206716], [123.444835, 13.206716], [123.444835, 13.206177], [123.444296, 13.206177], [123.444296, 13.205638], [123.443757, 13.205638], [123.443757, 13.205099], [123.442679, 13.205099], [123.442679, 13.205638], [123.441062, 13.205638], [123.441062, 13.206716], [123.440523, 13.206716], [123.440523, 13.207255], [123.439984, 13.207255], [123.439984, 13.208333], [123.440523, 13.208333], [123.440523, 13.208872], [123.441062, 13.208872], [123.441062, 13.20995], [123.440523, 13.20995], [123.440523, 13.210489], [123.439445, 13.210489], [123.439445, 13.211567], [123.438906, 13.211567], [123.438906, 13.212645], [123.438367, 13.212645], [123.438367, 13.213184], [123.437828, 13.213184], [123.437828, 13.213723], [123.437289, 13.213723], [123.437289, 13.214262], [123.435672, 13.214262], [123.435672, 13.214801], [123.435133, 13.214801], [123.435133, 13.21534], [123.434594, 13.21534], [123.434594, 13.215879], [123.435133, 13.215879], [123.435133, 13.216418], [123.435672, 13.216418], [123.435672, 13.215879], [123.436211, 13.215879], [123.436211, 13.21534], [123.43675, 13.21534], [123.43675, 13.214801], [123.438906, 13.214801], [123.438906, 13.214262], [123.439445, 13.214262], [123.439445, 13.213723], [123.439984, 13.213723], [123.439984, 13.213184], [123.440523, 13.213184], [123.440523, 13.212106], [123.441062, 13.212106], [123.441062, 13.211567], [123.442679, 13.211567], [123.442679, 13.211028], [123.443218, 13.211028], [123.443218, 13.207794], [123.443757, 13.207794], [123.443757, 13.207255], [123.444835, 13.207255], [123.444835, 13.207794], [123.445913, 13.207794], [123.445913, 13.208333], [123.449686, 13.208333], [123.449686, 13.208872], [123.450225, 13.208872], [123.450225, 13.20995], [123.449686, 13.20995], [123.449686, 13.210489], [123.449147, 13.210489], [123.449147, 13.211028], [123.448608, 13.211028], [123.448608, 13.211567], [123.448069, 13.211567], [123.448069, 13.213184], [123.448608, 13.213184], [123.448608, 13.214262], [123.448069, 13.214262], [123.448069, 13.214801], [123.446991, 13.214801], [123.446991, 13.21534], [123.446452, 13.21534], [123.446452, 13.216418], [123.445913, 13.216418], [123.445913, 13.217496], [123.445374, 13.217496], [123.445374, 13.218035], [123.444835, 13.218035], [123.444835, 13.219113], [123.444296, 13.219113], [123.444296, 13.220191], [123.443757, 13.220191], [123.443757, 13.221808], [123.443218, 13.221808], [123.443218, 13.222886], [123.444296, 13.222886], [123.444296, 13.221808], [123.444835, 13.221808], [123.444835, 13.22073], [123.446452, 13.22073], [123.446452, 13.221269], [123.448069, 13.221269], [123.448069, 13.221808], [123.448608, 13.221808], [123.448608, 13.222347], [123.450225, 13.222347], [123.450225, 13.221269], [123.450764, 13.221269], [123.450764, 13.22073], [123.451303, 13.22073], [123.451303, 13.220191], [123.451842, 13.220191], [123.451842, 13.218035], [123.452381, 13.218035], [123.452381, 13.217496], [123.45292, 13.217496], [123.45292, 13.216957], [123.453998, 13.216957], [123.453998, 13.216418], [123.455076, 13.216418], [123.455076, 13.215879], [123.456154, 13.215879], [123.456154, 13.21534], [123.456693, 13.21534], [123.456693, 13.214801], [123.457232, 13.214801], [123.457232, 13.214262], [123.457771, 13.214262], [123.457771, 13.213723], [123.458849, 13.213723], [123.458849, 13.213184], [123.459388, 13.213184], [123.459388, 13.213723], [123.461005, 13.213723], [123.461005, 13.211028], [123.463161, 13.211028], [123.463161, 13.210489], [123.4637, 13.210489], [123.4637, 13.20995], [123.463161, 13.20995], [123.463161, 13.208872], [123.4637, 13.208872], [123.4637, 13.207255], [123.464239, 13.207255], [123.464239, 13.206177], [123.463161, 13.206177], [123.463161, 13.206716], [123.462083, 13.206716], [123.462083, 13.207255]]], [[[123.361831, 13.216957], [123.361292, 13.216957], [123.361292, 13.215879], [123.360753, 13.215879], [123.360753, 13.214801], [123.360214, 13.214801], [123.360214, 13.211028], [123.360753, 13.211028], [123.360753, 13.20995], [123.359675, 13.20995], [123.359675, 13.211567], [123.359136, 13.211567], [123.359136, 13.214262], [123.359675, 13.214262], [123.359675, 13.21534], [123.359136, 13.21534], [123.359136, 13.217496], [123.358597, 13.217496], [123.358597, 13.218574], [123.359136, 13.218574], [123.359136, 13.219113], [123.359675, 13.219113], [123.359675, 13.219652], [123.360214, 13.219652], [123.360214, 13.221808], [123.359675, 13.221808], [123.359675, 13.222347], [123.360753, 13.222347], [123.360753, 13.222886], [123.363448, 13.222886], [123.363448, 13.223425], [123.363987, 13.223425], [123.363987, 13.223964], [123.364526, 13.223964], [123.364526, 13.224503], [123.365065, 13.224503], [123.365065, 13.225042], [123.365604, 13.225042], [123.365604, 13.225581], [123.366143, 13.225581], [123.366143, 13.22073], [123.366682, 13.22073], [123.366682, 13.219652], [123.367221, 13.219652], [123.367221, 13.216957], [123.366143, 13.216957], [123.366143, 13.218574], [123.365604, 13.218574], [123.365604, 13.219113], [123.365065, 13.219113], [123.365065, 13.219652], [123.364526, 13.219652], [123.364526, 13.220191], [123.36237, 13.220191], [123.36237, 13.217496], [123.361831, 13.217496], [123.361831, 13.216957]]], [[[123.345661, 13.282175], [123.345122, 13.282175], [123.345122, 13.282714], [123.344583, 13.282714], [123.344583, 13.282175], [123.343505, 13.282175], [123.343505, 13.281636], [123.344044, 13.281636], [123.344044, 13.280558], [123.342427, 13.280558], [123.342427, 13.282175], [123.342966, 13.282175], [123.342966, 13.282714], [123.341888, 13.282714], [123.341888, 13.283792], [123.341349, 13.283792], [123.341349, 13.28487], [123.34081, 13.28487], [123.34081, 13.285947], [123.341349, 13.285947], [123.341349, 13.287564], [123.341888, 13.287564], [123.341888, 13.288103], [123.342427, 13.288103], [123.342427, 13.287564], [123.342966, 13.287564], [123.342966, 13.287025], [123.344044, 13.287025], [123.344044, 13.287564], [123.344583, 13.287564], [123.344583, 13.288103], [123.345122, 13.288103], [123.345122, 13.289181], [123.345661, 13.289181], [123.345661, 13.28972], [123.3462, 13.28972], [123.3462, 13.288103], [123.345661, 13.288103], [123.345661, 13.287025], [123.3462, 13.287025], [123.3462, 13.285947], [123.346739, 13.285947], [123.346739, 13.285408], [123.345661, 13.285408], [123.345661, 13.28487], [123.345122, 13.28487], [123.345122, 13.283792], [123.3462, 13.283792], [123.3462, 13.283253], [123.346739, 13.283253], [123.346739, 13.282714], [123.347278, 13.282714], [123.347278, 13.282175], [123.346739, 13.282175], [123.346739, 13.281636], [123.345661, 13.281636], [123.345661, 13.282175]]], [[[123.485259, 13.32745], [123.486876, 13.32745], [123.486876, 13.326911], [123.487415, 13.326911], [123.487415, 13.32745], [123.487954, 13.32745], [123.487954, 13.329067], [123.486876, 13.329067], [123.486876, 13.329606], [123.486337, 13.329606], [123.486337, 13.330684], [123.485798, 13.330684], [123.485798, 13.331223], [123.486337, 13.331223], [123.486337, 13.332301], [123.486876, 13.332301], [123.486876, 13.334457], [123.49011, 13.334457], [123.49011, 13.333918], [123.490649, 13.333918], [123.490649, 13.333379], [123.491188, 13.333379], [123.491188, 13.33284], [123.491727, 13.33284], [123.491727, 13.332301], [123.492266, 13.332301], [123.492266, 13.331223], [123.491727, 13.331223], [123.491727, 13.330684], [123.491188, 13.330684], [123.491188, 13.329606], [123.491727, 13.329606], [123.491727, 13.32745], [123.491188, 13.32745], [123.491188, 13.326911], [123.491727, 13.326911], [123.491727, 13.325833], [123.492266, 13.325833], [123.492266, 13.323677], [123.488493, 13.323677], [123.488493, 13.323138], [123.487954, 13.323138], [123.487954, 13.322599], [123.487415, 13.322599], [123.487415, 13.323138], [123.486876, 13.323138], [123.486876, 13.323677], [123.486337, 13.323677], [123.486337, 13.324216], [123.48472, 13.324216], [123.48472, 13.326911], [123.485259, 13.326911], [123.485259, 13.32745]]], [[[123.363448, 13.520947], [123.363987, 13.520947], [123.363987, 13.518791], [123.365065, 13.518791], [123.365065, 13.518252], [123.365604, 13.518252], [123.365604, 13.517713], [123.365065, 13.517713], [123.365065, 13.517174], [123.365604, 13.517174], [123.365604, 13.516635], [123.366143, 13.516635], [123.366143, 13.517174], [123.367221, 13.517174], [123.367221, 13.516096], [123.365604, 13.516096], [123.365604, 13.515557], [123.363448, 13.515557], [123.363448, 13.515018], [123.36237, 13.515018], [123.36237, 13.515557], [123.361292, 13.515557], [123.361292, 13.516096], [123.359675, 13.516096], [123.359675, 13.515018], [123.358058, 13.515018], [123.358058, 13.515557], [123.357519, 13.515557], [123.357519, 13.516635], [123.358058, 13.516635], [123.358058, 13.517174], [123.357519, 13.517174], [123.357519, 13.518791], [123.360214, 13.518791], [123.360214, 13.51933], [123.360753, 13.51933], [123.360753, 13.520947], [123.361292, 13.520947], [123.361292, 13.521486], [123.363448, 13.521486], [123.363448, 13.520947]]]]}}]}