{"type": "FeatureCollection", "features": [{"type": "Feature", "properties": {"area_id": "cagayan-river-basin", "name": "Cagayan River Basin", "study_type": "river_basin", "zone": null, "area_ha": 2761541.0, "version": 1}, "geometry": {"type": "MultiPolygon", "coordinates": [[[[122.126743, 17.341315], [122.129168, 17.341667], [122.129525, 17.344124], [122.13995, 17.354518], [122.148258, 17.353814], [122.15174, 17.350353], [122.170834, 17.350001], [122.171186, 17.326742], [122.174647, 17.32326], [122.17536, 17.318377], [122.180907, 17.312852], [122.183333, 17.3125], [122.183962, 17.310351], [122.191038, 17.302146], [122.192296, 17.297852], [122.195203, 17.293816], [122.196465, 17.289518], [122.199368, 17.285482], [122.20063, 17.268685], [122.203537, 17.264649], [122.205111, 17.259281], [122.213129, 17.256926], [122.211871, 17.243687], [122.203537, 17.23402], [122.204942, 17.221588], [122.218814, 17.220201], [122.227019, 17.213129], [122.229168, 17.2125], [122.231589, 17.212852], [122.235076, 17.216313], [122.244093, 17.217022], [122.247575, 17.220482], [122.254166, 17.220834], [122.279168, 17.220834], [122.27952, 17.214244], [122.283319, 17.210418], [122.278811, 17.205878], [122.27952, 17.197576], [122.283685, 17.19338], [122.282981, 17.189241], [122.27952, 17.185759], [122.279168, 17.1625], [122.266665, 17.1625], [122.263097, 17.161586], [122.2625, 17.141667], [122.262852, 17.130908], [122.266651, 17.127082], [122.262852, 17.123256], [122.2625, 17.108331], [122.265817, 17.107484], [122.267235, 17.101955], [122.270268, 17.098044], [122.2714, 17.089456], [122.274432, 17.085545], [122.27557, 17.076957], [122.2787, 17.072917], [122.27557, 17.068877], [122.274999, 17.058331], [122.278316, 17.057484], [122.279168, 17.054166], [122.281625, 17.05381], [122.287145, 17.048258], [122.287502, 17.041668], [122.287145, 17.035077], [122.283685, 17.03159], [122.282981, 17.022574], [122.27952, 17.019091], [122.278811, 17.014244], [122.274646, 17.010048], [122.275355, 17.00591], [122.27915, 17.002084], [122.275017, 16.997915], [122.27915, 16.99375], [122.275355, 16.989924], [122.274646, 16.980908], [122.271186, 16.977425], [122.270477, 16.964213], [122.264926, 16.958688], [122.255909, 16.957979], [122.248257, 16.950354], [122.237502, 16.950002], [122.237854, 16.930908], [122.250353, 16.918382], [122.249649, 16.910075], [122.245479, 16.905879], [122.246189, 16.901741], [122.249649, 16.898258], [122.250353, 16.889242], [122.253814, 16.88576], [122.254518, 16.880908], [122.257978, 16.877426], [122.258335, 16.875], [122.258335, 16.862501], [122.260756, 16.862149], [122.264243, 16.858688], [122.274999, 16.858332], [122.274646, 16.85591], [122.271186, 16.852423], [122.270482, 16.847576], [122.267021, 16.844089], [122.266312, 16.839242], [122.258687, 16.83159], [122.257978, 16.818409], [122.253814, 16.814213], [122.254518, 16.80591], [122.262486, 16.797915], [122.258687, 16.794089], [122.257978, 16.789242], [122.246189, 16.777426], [122.245479, 16.768409], [122.242019, 16.764922], [122.241667, 16.754167], [122.242019, 16.739242], [122.245479, 16.73576], [122.245832, 16.708332], [122.245832, 16.704167], [122.245265, 16.701955], [122.242135, 16.697915], [122.246403, 16.692413], [122.245265, 16.685292], [122.242233, 16.681377], [122.240815, 16.675852], [122.234011, 16.674104], [122.217236, 16.656379], [122.215769, 16.650662], [122.208335, 16.649998], [122.207978, 16.647577], [122.200353, 16.639925], [122.200001, 16.637499], [122.196746, 16.636732], [122.195306, 16.632393], [122.19947, 16.627248], [122.200001, 16.625], [122.200001, 16.604167], [122.200353, 16.589243], [122.204518, 16.585047], [122.203814, 16.56841], [122.200014, 16.564584], [122.203814, 16.560758], [122.204166, 16.558332], [122.204166, 16.554167], [122.201954, 16.553601], [122.196536, 16.54908], [122.195266, 16.539457], [122.188069, 16.531377], [122.186932, 16.522789], [122.175565, 16.510544], [122.174112, 16.504877], [122.164458, 16.503601], [122.156378, 16.4964], [122.151954, 16.495267], [122.148044, 16.492235], [122.143625, 16.491098], [122.13971, 16.488066], [122.134185, 16.486648], [122.132767, 16.481123], [122.129735, 16.477212], [122.129168, 16.475001], [122.122578, 16.474648], [122.119091, 16.471188], [122.116665, 16.470831], [122.1125, 16.470831], [122.112852, 16.46841], [122.117022, 16.464214], [122.116313, 16.447577], [122.112852, 16.44409], [122.112148, 16.439243], [122.108688, 16.435756], [122.107979, 16.430909], [122.100354, 16.423257], [122.099645, 16.41841], [122.087855, 16.406589], [122.087141, 16.401711], [122.08159, 16.396186], [122.079168, 16.395834], [122.076957, 16.3964], [122.072052, 16.400204], [122.066353, 16.398924], [122.070268, 16.393876], [122.071401, 16.39092], [122.066273, 16.384302], [122.059183, 16.382483], [122.057484, 16.375852], [122.051955, 16.374434], [122.0468, 16.370439], [122.04498, 16.363349], [122.039456, 16.361931], [122.035545, 16.358899], [122.030016, 16.357481], [122.028598, 16.351956], [122.025566, 16.348045], [122.024099, 16.342329], [122.009232, 16.341005], [122.007765, 16.335288], [122.004733, 16.331377], [122.0036, 16.322789], [122.000568, 16.318879], [121.999431, 16.314455], [121.996399, 16.310544], [121.995832, 16.299999], [121.992519, 16.299151], [121.991667, 16.295834], [121.98835, 16.294982], [121.987498, 16.291665], [121.986651, 16.288351], [121.979873, 16.286612], [121.97846, 16.275888], [121.972788, 16.274435], [121.968877, 16.271402], [121.963147, 16.269931], [121.950568, 16.256375], [121.949293, 16.246721], [121.943621, 16.245268], [121.93971, 16.242235], [121.935291, 16.241098], [121.929913, 16.236934], [121.922788, 16.238066], [121.910543, 16.249432], [121.905018, 16.25085], [121.904166, 16.254168], [121.900002, 16.254168], [121.887498, 16.254168], [121.886932, 16.251956], [121.8839, 16.248046], [121.882625, 16.238387], [121.875396, 16.236532], [121.871401, 16.231378], [121.870264, 16.226954], [121.866099, 16.221581], [121.867232, 16.206121], [121.870264, 16.202211], [121.870835, 16.195834], [121.874603, 16.194866], [121.878696, 16.189582], [121.875566, 16.185542], [121.874148, 16.180018], [121.868623, 16.1786], [121.864712, 16.175567], [121.860289, 16.174435], [121.856378, 16.171403], [121.851955, 16.170266], [121.848044, 16.167233], [121.843621, 16.166101], [121.83971, 16.163069], [121.830088, 16.161798], [121.825566, 16.156375], [121.823836, 16.149633], [121.814713, 16.157767], [121.812501, 16.158333], [121.810289, 16.157767], [121.806378, 16.154735], [121.80064, 16.153263], [121.799431, 16.135288], [121.796399, 16.131378], [121.795833, 16.129166], [121.795833, 16.125001], [121.776743, 16.125353], [121.773256, 16.128814], [121.768409, 16.129518], [121.760757, 16.137148], [121.751741, 16.137852], [121.73576, 16.153811], [121.733334, 16.154168], [121.732692, 16.152032], [121.721477, 16.139636], [121.720189, 16.131199], [121.717308, 16.127133], [121.71589, 16.11322], [121.704167, 16.112498], [121.704733, 16.089458], [121.707864, 16.085418], [121.704733, 16.081378], [121.703601, 16.076954], [121.700568, 16.073044], [121.699298, 16.063421], [121.693875, 16.058899], [121.675905, 16.057696], [121.674032, 16.050396], [121.668878, 16.046401], [121.656125, 16.045268], [121.648045, 16.038067], [121.643621, 16.036934], [121.635546, 16.029733], [121.622788, 16.0286], [121.618748, 16.02547], [121.613246, 16.029733], [121.609143, 16.028158], [121.607485, 16.021684], [121.601955, 16.020266], [121.598045, 16.017234], [121.593621, 16.016101], [121.589711, 16.013069], [121.585287, 16.011932], [121.575937, 16.003598], [121.563451, 16.004833], [121.558903, 16.010291], [121.558332, 16.012498], [121.558332, 16.016667], [121.555911, 16.016315], [121.552424, 16.012855], [121.544121, 16.012146], [121.539925, 16.016315], [121.537499, 16.016667], [121.536647, 16.01335], [121.533334, 16.012498], [121.533334, 16.008333], [121.537388, 16.007174], [121.541107, 16.002082], [121.536884, 15.996303], [121.538119, 15.989507], [121.542284, 15.983804], [121.541049, 15.968674], [121.529785, 15.956327], [121.528242, 15.950927], [121.522838, 15.949384], [121.51466, 15.942285], [121.502005, 15.94105], [121.497991, 15.938116], [121.488155, 15.936684], [121.487499, 15.916668], [121.485363, 15.916025], [121.481301, 15.913145], [121.471848, 15.9117], [121.470189, 15.906198], [121.46206, 15.896704], [121.451447, 15.895193], [121.449356, 15.902135], [121.446475, 15.906198], [121.44487, 15.911535], [121.439533, 15.913145], [121.43547, 15.916025], [121.41758, 15.91731], [121.416666, 15.908334], [121.391669, 15.908334], [121.390817, 15.905016], [121.383914, 15.903246], [121.375567, 15.893877], [121.374434, 15.889458], [121.367233, 15.881378], [121.366666, 15.879166], [121.364241, 15.878814], [121.360758, 15.875354], [121.351742, 15.874645], [121.348259, 15.871185], [121.343408, 15.87048], [121.339582, 15.866681], [121.335756, 15.87048], [121.316667, 15.870833], [121.314531, 15.871475], [121.302134, 15.882689], [121.296578, 15.884361], [121.295062, 15.899228], [121.281199, 15.900642], [121.277137, 15.903522], [121.271799, 15.905132], [121.269868, 15.911535], [121.264531, 15.913145], [121.254966, 15.921336], [121.253423, 15.93647], [121.247867, 15.938143], [121.2438, 15.941023], [121.241664, 15.941665], [121.241664, 15.945835], [121.242021, 15.95659], [121.245481, 15.960077], [121.245834, 15.962498], [121.244982, 15.965816], [121.241664, 15.966667], [121.241664, 15.970832], [121.240768, 15.974337], [121.226958, 15.975568], [121.218879, 15.982765], [121.21029, 15.983902], [121.20221, 15.991099], [121.193622, 15.992236], [121.188133, 15.996811], [121.186862, 16.015762], [121.183335, 16.016667], [121.182978, 16.023258], [121.175353, 16.03091], [121.174649, 16.035048], [121.178814, 16.039244], [121.179518, 16.044091], [121.182978, 16.047573], [121.183335, 16.054168], [121.182978, 16.064924], [121.173289, 16.07464], [121.16841, 16.075354], [121.154525, 16.089213], [121.154168, 16.091665], [121.130909, 16.092022], [121.127422, 16.095482], [121.125001, 16.095834], [121.118625, 16.096401], [121.114709, 16.099433], [121.108926, 16.100918], [121.108333, 16.125001], [121.107981, 16.127423], [121.10452, 16.13091], [121.104168, 16.133335], [121.101742, 16.132979], [121.09826, 16.129518], [121.085788, 16.128814], [121.081592, 16.132979], [121.073289, 16.133688], [121.069093, 16.129518], [121.060077, 16.128814], [121.05659, 16.125354], [121.052451, 16.124644], [121.04826, 16.128814], [121.043408, 16.129518], [121.039926, 16.132979], [121.035788, 16.133688], [121.031592, 16.129518], [121.012498, 16.129166], [121.005907, 16.129518], [120.994091, 16.141313], [120.991665, 16.141665], [120.989244, 16.141313], [120.983688, 16.135788], [120.982979, 16.12674], [120.979518, 16.123258], [120.978814, 16.118411], [120.973293, 16.112859], [120.96912, 16.112146], [120.964924, 16.116315], [120.960077, 16.117019], [120.952425, 16.124645], [120.947573, 16.125353], [120.939926, 16.132979], [120.922576, 16.133688], [120.919093, 16.137148], [120.914955, 16.137852], [120.910759, 16.133688], [120.905908, 16.132979], [120.900356, 16.127458], [120.899999, 16.125001], [120.897573, 16.125354], [120.894091, 16.128814], [120.889244, 16.129518], [120.885757, 16.132979], [120.883331, 16.133335], [120.880018, 16.134183], [120.879166, 16.1375], [120.878814, 16.14826], [120.875354, 16.151742], [120.875002, 16.158333], [120.871684, 16.159185], [120.870832, 16.162498], [120.870832, 16.191665], [120.871684, 16.194982], [120.878315, 16.196686], [120.879733, 16.202211], [120.882765, 16.206121], [120.883902, 16.217412], [120.879733, 16.222789], [120.8786, 16.231378], [120.875461, 16.235431], [120.891099, 16.251956], [120.892236, 16.264709], [120.895268, 16.268624], [120.896401, 16.273043], [120.899433, 16.276954], [120.900566, 16.281377], [120.903598, 16.285288], [120.904735, 16.289712], [120.907865, 16.293751], [120.904735, 16.297791], [120.903598, 16.342414], [120.907767, 16.347791], [120.9089, 16.350939], [120.900566, 16.36029], [120.899433, 16.373043], [120.892236, 16.381123], [120.890956, 16.390781], [120.885289, 16.392235], [120.881378, 16.395267], [120.879166, 16.395834], [120.879519, 16.402424], [120.882979, 16.405907], [120.883688, 16.410045], [120.879519, 16.414241], [120.878814, 16.422548], [120.895482, 16.439243], [120.895834, 16.445834], [120.895482, 16.448259], [120.892022, 16.451742], [120.891665, 16.454168], [120.891665, 16.458332], [120.891665, 16.462502], [120.891099, 16.477212], [120.888067, 16.481123], [120.886934, 16.511284], [120.893877, 16.513068], [120.899032, 16.517063], [120.900566, 16.523043], [120.903598, 16.526958], [120.904735, 16.548045], [120.907767, 16.551956], [120.9089, 16.563438], [120.900566, 16.572789], [120.899999, 16.579165], [120.899999, 16.583334], [120.908333, 16.583334], [120.907718, 16.622994], [120.904784, 16.627007], [120.90337, 16.636705], [120.893672, 16.638119], [120.889659, 16.641049], [120.884143, 16.642627], [120.882716, 16.650471], [120.886881, 16.656174], [120.8875, 16.691668], [120.883331, 16.691668], [120.882979, 16.706593], [120.879519, 16.710075], [120.879166, 16.712501], [120.871662, 16.713215], [120.87023, 16.721375], [120.874395, 16.726993], [120.875907, 16.732424], [120.881338, 16.733936], [120.889494, 16.741062], [120.898006, 16.74227], [120.903509, 16.74672], [120.904771, 16.773007], [120.907727, 16.776993], [120.90894, 16.783874], [120.904771, 16.789492], [120.903562, 16.802174], [120.900606, 16.80616], [120.899999, 16.825], [120.899099, 16.828505], [120.891665, 16.829165], [120.875777, 16.829865], [120.874257, 16.844803], [120.867631, 16.846796], [120.865704, 16.853204], [120.862498, 16.854167], [120.861651, 16.857484], [120.858333, 16.858332], [120.858333, 16.862501], [120.85894, 16.868842], [120.862686, 16.873889], [120.869927, 16.875909], [120.871439, 16.881341], [120.874395, 16.885327], [120.875603, 16.893839], [120.87856, 16.897826], [120.879773, 16.906338], [120.886894, 16.914494], [120.888107, 16.918842], [120.892111, 16.924242], [120.890872, 16.932616], [120.876995, 16.93394], [120.871608, 16.938292], [120.87023, 16.948004], [120.85894, 16.960329], [120.857727, 16.98134], [120.853981, 16.986393], [120.846472, 16.988484], [120.845835, 17.008331], [120.846686, 17.011649], [120.853317, 17.013352], [120.854735, 17.018877], [120.85873, 17.024032], [120.865816, 17.025851], [120.867234, 17.031376], [120.870266, 17.035291], [120.870832, 17.037498], [120.87048, 17.039924], [120.86702, 17.043411], [120.866667, 17.058331], [120.873044, 17.058902], [120.876955, 17.061934], [120.882484, 17.063352], [120.883902, 17.068877], [120.886934, 17.072788], [120.888067, 17.092412], [120.883902, 17.09779], [120.882765, 17.104915], [120.886934, 17.110289], [120.888067, 17.117414], [120.883902, 17.122788], [120.882765, 17.131376], [120.879733, 17.135291], [120.8786, 17.150746], [120.882765, 17.156124], [120.883902, 17.164712], [120.886934, 17.168623], [120.8875, 17.179168], [120.889712, 17.179735], [120.901957, 17.191101], [120.907696, 17.192572], [120.9089, 17.210543], [120.911932, 17.214458], [120.912498, 17.220834], [120.912855, 17.252422], [120.916315, 17.25591], [120.91702, 17.264926], [120.924645, 17.272578], [120.925001, 17.287498], [120.927423, 17.287855], [120.932979, 17.293379], [120.933336, 17.304166], [120.936876, 17.305076], [120.9375, 17.316665], [120.941023, 17.31757], [120.953598, 17.331121], [120.954735, 17.335545], [120.970266, 17.351954], [120.971403, 17.360542], [120.974431, 17.364457], [120.975849, 17.369982], [120.981378, 17.3714], [120.989458, 17.378597], [120.999999, 17.379168], [121.004168, 17.379168], [121.004168, 17.391667], [121.004168, 17.395832], [121.003812, 17.402427], [121.000351, 17.405909], [120.999647, 17.41909], [120.996186, 17.422577], [120.995834, 17.424999], [120.995834, 17.429168], [121.002425, 17.42952], [121.007976, 17.435045], [121.008685, 17.439923], [121.012146, 17.44341], [121.012855, 17.447548], [121.008685, 17.451744], [121.007981, 17.460047], [121.012146, 17.464243], [121.012855, 17.468381], [120.996186, 17.485076], [120.995834, 17.491667], [120.996806, 17.495065], [121.006327, 17.496451], [121.01034, 17.499381], [121.018825, 17.500616], [121.022839, 17.50355], [121.027159, 17.504785], [121.039507, 17.516049], [121.047992, 17.517284], [121.052006, 17.520214], [121.061767, 17.521636], [121.063118, 17.535495], [121.066047, 17.539508], [121.067595, 17.544908], [121.072995, 17.546451], [121.077084, 17.549439], [121.081173, 17.546451], [121.104168, 17.545831], [121.10452, 17.548257], [121.112484, 17.556248], [121.108346, 17.560417], [121.112145, 17.564243], [121.112854, 17.573286], [121.118411, 17.578815], [121.120832, 17.579168], [121.120216, 17.58966], [121.112203, 17.598895], [121.106175, 17.600616], [121.102162, 17.60355], [121.092418, 17.604968], [121.091049, 17.617404], [121.099383, 17.627005], [121.099999, 17.629167], [121.099647, 17.635758], [121.092022, 17.64341], [121.091665, 17.662499], [121.09826, 17.662852], [121.118411, 17.68298], [121.120832, 17.683332], [121.121188, 17.694092], [121.124649, 17.697575], [121.125001, 17.720833], [121.125001, 17.724998], [121.121541, 17.725885], [121.120265, 17.735544], [121.117233, 17.739454], [121.116101, 17.756377], [121.113068, 17.760287], [121.111931, 17.768876], [121.108899, 17.772791], [121.107767, 17.77721], [121.103597, 17.782587], [121.105417, 17.787323], [121.11029, 17.7911], [121.112502, 17.791666], [121.116667, 17.791666], [121.117528, 17.788656], [121.121304, 17.786881], [121.128006, 17.791782], [121.129786, 17.797994], [121.132715, 17.802007], [121.13395, 17.806328], [121.136885, 17.810341], [121.138115, 17.822996], [121.145214, 17.831174], [121.146449, 17.835495], [121.150115, 17.840507], [121.156326, 17.842286], [121.164504, 17.84938], [121.167135, 17.85062], [121.172838, 17.846451], [121.184071, 17.845215], [121.193671, 17.853549], [121.197992, 17.854785], [121.202086, 17.857772], [121.206175, 17.854785], [121.210495, 17.853549], [121.214509, 17.85062], [121.217282, 17.84938], [121.224296, 17.85499], [121.225616, 17.872996], [121.232715, 17.881174], [121.23395, 17.889659], [121.236884, 17.893672], [121.23812, 17.896303], [121.23395, 17.902006], [121.232715, 17.915669], [121.245098, 17.917471], [121.245834, 17.925002], [121.262502, 17.925002], [121.265815, 17.92415], [121.267233, 17.918621], [121.274434, 17.910546], [121.276138, 17.903902], [121.281123, 17.907768], [121.30221, 17.9089], [121.318624, 17.924431], [121.320831, 17.925002], [121.321402, 17.927209], [121.324434, 17.931124], [121.325852, 17.936649], [121.331377, 17.938067], [121.339457, 17.945264], [121.344982, 17.946682], [121.3464, 17.952212], [121.349432, 17.956122], [121.350886, 17.96179], [121.361614, 17.963208], [121.363068, 17.968875], [121.367063, 17.974034], [121.373043, 17.975568], [121.386764, 17.988402], [121.388066, 17.99658], [121.383901, 18.001957], [121.382764, 18.009359], [121.403601, 18.031124], [121.404168, 18.033331], [121.416666, 18.033331], [121.419092, 18.033688], [121.426744, 18.041313], [121.433335, 18.041666], [121.433901, 18.048042], [121.441098, 18.056122], [121.442235, 18.060545], [121.445267, 18.064456], [121.4464, 18.073044], [121.463433, 18.090965], [121.474113, 18.092374], [121.475901, 18.09934], [121.489711, 18.100566], [121.493622, 18.103598], [121.498045, 18.104735], [121.5032, 18.10873], [121.504167, 18.112498], [121.508332, 18.112498], [121.514923, 18.112855], [121.522575, 18.12048], [121.527426, 18.121185], [121.530909, 18.124645], [121.537499, 18.125002], [121.538141, 18.127133], [121.541022, 18.1312], [121.543113, 18.138143], [121.547969, 18.136858], [121.553846, 18.132689], [121.556303, 18.133978], [121.560365, 18.136858], [121.568802, 18.138143], [121.572864, 18.141023], [121.586728, 18.142437], [121.588141, 18.1563], [121.595191, 18.164532], [121.597095, 18.170855], [121.602031, 18.174355], [121.604167, 18.175002], [121.603547, 18.189659], [121.600618, 18.193672], [121.599382, 18.196642], [121.611881, 18.21034], [121.613295, 18.220038], [121.624309, 18.221644], [121.625615, 18.242405], [121.617286, 18.252006], [121.616051, 18.258801], [121.620273, 18.264585], [121.617286, 18.268674], [121.616051, 18.27716], [121.613117, 18.281173], [121.612501, 18.2875], [121.613068, 18.289712], [121.621415, 18.299081], [121.628318, 18.300851], [121.629736, 18.306376], [121.641097, 18.318625], [121.641668, 18.325001], [121.641668, 18.329166], [121.648259, 18.329518], [121.655911, 18.337148], [121.662501, 18.3375], [121.662853, 18.335074], [121.666314, 18.331592], [121.667018, 18.32674], [121.670478, 18.323258], [121.670835, 18.316667], [121.671187, 18.310077], [121.674648, 18.30659], [121.675352, 18.301743], [121.678813, 18.298256], [121.679521, 18.293409], [121.687147, 18.285757], [121.687856, 18.28091], [121.691311, 18.277423], [121.69202, 18.268411], [121.696185, 18.264215], [121.695481, 18.251743], [121.69202, 18.248256], [121.691311, 18.243409], [121.687856, 18.239926], [121.687147, 18.226741], [121.683686, 18.223258], [121.682982, 18.218411], [121.678813, 18.214215], [121.679521, 18.210077], [121.682982, 18.20659], [121.683334, 18.199999], [121.710508, 18.199393], [121.714494, 18.196436], [121.724215, 18.195059], [121.725446, 18.186742], [121.720229, 18.179706], [121.721437, 18.176995], [121.724393, 18.173008], [121.725606, 18.168661], [121.728563, 18.164674], [121.729771, 18.160327], [121.732727, 18.15634], [121.73394, 18.151993], [121.741061, 18.143841], [121.74227, 18.139494], [121.746439, 18.133875], [121.745226, 18.126995], [121.742199, 18.122906], [121.75356, 18.110505], [121.754167, 18.108334], [121.766666, 18.108334], [121.787499, 18.108334], [121.791668, 18.108334], [121.792881, 18.103598], [121.798044, 18.104735], [121.801955, 18.107767], [121.807484, 18.109185], [121.809549, 18.117234], [121.823042, 18.116101], [121.82842, 18.111932], [121.831376, 18.113069], [121.839456, 18.120266], [121.853266, 18.121492], [121.855076, 18.128542], [121.866665, 18.129167], [121.882419, 18.129773], [121.884248, 18.136903], [121.904166, 18.137501], [121.906378, 18.136934], [121.910289, 18.133902], [121.923042, 18.132765], [121.92842, 18.1286], [121.935545, 18.129733], [121.939456, 18.132765], [121.943879, 18.133902], [121.949253, 18.138067], [121.960543, 18.136934], [121.964458, 18.133902], [121.969983, 18.132484], [121.971802, 18.125394], [121.977082, 18.121301], [121.981122, 18.124431], [121.993879, 18.125568], [121.99779, 18.1286], [122.002209, 18.129733], [122.018623, 18.145264], [122.020834, 18.145835], [122.033333, 18.145835], [122.033686, 18.139244], [122.041315, 18.131592], [122.041667, 18.129167], [122.041667, 18.120832], [122.046501, 18.119303], [122.045061, 18.087246], [122.039585, 18.091019], [122.035442, 18.08817], [122.033333, 18.087501], [122.0339, 18.081124], [122.036932, 18.077209], [122.038069, 18.060291], [122.045373, 18.052091], [122.0414, 18.046972], [122.045832, 18.045835], [122.048044, 18.045264], [122.051955, 18.042232], [122.061582, 18.040961], [122.066201, 18.035423], [122.063067, 18.031378], [122.061649, 18.025849], [122.056124, 18.024431], [122.043879, 18.013069], [122.036932, 18.011286], [122.038069, 17.989458], [122.050568, 17.975987], [122.049431, 17.968621], [122.046398, 17.96471], [122.045266, 17.960291], [122.0339, 17.948042], [122.033333, 17.937501], [122.033333, 17.933332], [122.0339, 17.926955], [122.036932, 17.923045], [122.038163, 17.909235], [122.045435, 17.907366], [122.049431, 17.902212], [122.050617, 17.880175], [122.060289, 17.871399], [122.0625, 17.870833], [122.062148, 17.851744], [122.058688, 17.848257], [122.057979, 17.83924], [122.050354, 17.831593], [122.049645, 17.814242], [122.046184, 17.81076], [122.04548, 17.801744], [122.037855, 17.794092], [122.037146, 17.78924], [122.033686, 17.785758], [122.033333, 17.779167], [122.033989, 17.771805], [122.043625, 17.763065], [122.04915, 17.761647], [122.050568, 17.756123], [122.0536, 17.752212], [122.055134, 17.746228], [122.060289, 17.742232], [122.065818, 17.740814], [122.066665, 17.737501], [122.066313, 17.726742], [122.062853, 17.723259], [122.062144, 17.710047], [122.052423, 17.700353], [122.045832, 17.7], [122.045832, 17.687501], [122.046452, 17.685339], [122.049382, 17.681326], [122.050617, 17.677005], [122.053604, 17.672916], [122.049382, 17.667137], [122.050679, 17.642478], [122.06217, 17.640806], [122.06605, 17.635495], [122.067285, 17.614506], [122.070215, 17.610493], [122.071494, 17.580171], [122.07924, 17.577955], [122.075619, 17.572992], [122.074999, 17.566669], [122.074357, 17.534149], [122.064507, 17.532717], [122.056329, 17.525618], [122.050296, 17.523893], [122.042283, 17.514662], [122.041667, 17.508335], [122.042251, 17.476038], [122.051955, 17.467235], [122.057626, 17.465777], [122.058902, 17.456123], [122.066099, 17.448043], [122.067236, 17.443624], [122.070268, 17.439709], [122.071401, 17.43529], [122.075565, 17.429913], [122.074433, 17.422791], [122.071401, 17.418876], [122.070834, 17.408335], [122.077452, 17.407978], [122.087855, 17.397548], [122.087146, 17.39341], [122.082981, 17.389214], [122.083686, 17.380907], [122.087146, 17.377424], [122.087855, 17.372577], [122.091315, 17.36909], [122.092024, 17.360047], [122.110074, 17.342019], [122.116665, 17.341667], [122.116665, 17.337502], [122.12326, 17.337854], [122.126743, 17.341315]]]]}}, {"type": "Feature", "properties": {"area_id": "cagayan-river-basin__up", "name": "Cagayan River Basin (upstream)", "study_type": "river_basin", "zone": "up", "area_ha": 2101112.0, "version": 1}, "geometry": {"type": "MultiPolygon", "coordinates": [[[[122.129168, 17.341667], [122.129525, 17.344124], [122.13995, 17.354518], [122.148258, 17.353814], [122.15174, 17.350353], [122.170834, 17.350001], [122.171186, 17.326742], [122.174647, 17.32326], [122.17536, 17.318377], [122.180907, 17.312852], [122.183333, 17.3125], [122.183962, 17.310351], [122.191038, 17.302146], [122.192296, 17.297852], [122.195203, 17.293816], [122.196465, 17.289518], [122.199368, 17.285482], [122.20063, 17.268685], [122.203537, 17.264649], [122.205111, 17.259281], [122.213129, 17.256926], [122.211871, 17.243687], [122.203537, 17.23402], [122.204942, 17.221588], [122.218814, 17.220201], [122.227019, 17.213129], [122.229168, 17.2125], [122.231589, 17.212852], [122.235076, 17.216313], [122.244093, 17.217022], [122.247575, 17.220482], [122.254166, 17.220834], [122.279168, 17.220834], [122.27952, 17.214244], [122.283319, 17.210418], [122.278811, 17.205878], [122.27952, 17.197576], [122.283685, 17.19338], [122.282981, 17.189241], [122.27952, 17.185759], [122.279168, 17.1625], [122.266665, 17.1625], [122.263097, 17.161586], [122.2625, 17.141667], [122.262852, 17.130908], [122.266651, 17.127082], [122.262852, 17.123256], [122.2625, 17.108331], [122.265817, 17.107484], [122.267235, 17.101955], [122.270268, 17.098044], [122.2714, 17.089456], [122.274432, 17.085545], [122.27557, 17.076957], [122.2787, 17.072917], [122.27557, 17.068877], [122.274999, 17.058331], [122.278316, 17.057484], [122.279168, 17.054166], [122.281625, 17.05381], [122.287145, 17.048258], [122.287502, 17.041668], [122.287145, 17.035077], [122.283685, 17.03159], [122.282981, 17.022574], [122.27952, 17.019091], [122.278811, 17.014244], [122.274646, 17.010048], [122.275355, 17.00591], [122.27915, 17.002084], [122.275017, 16.997915], [122.27915, 16.99375], [122.275355, 16.989924], [122.274646, 16.980908], [122.271186, 16.977425], [122.270477, 16.964213], [122.264926, 16.958688], [122.255909, 16.957979], [122.248257, 16.950354], [122.237502, 16.950002], [122.237854, 16.930908], [122.250353, 16.918382], [122.249649, 16.910075], [122.245479, 16.905879], [122.246189, 16.901741], [122.249649, 16.898258], [122.250353, 16.889242], [122.253814, 16.88576], [122.254518, 16.880908], [122.257978, 16.877426], [122.258335, 16.875], [122.258335, 16.862501], [122.260756, 16.862149], [122.264243, 16.858688], [122.274999, 16.858332], [122.274646, 16.85591], [122.271186, 16.852423], [122.270482, 16.847576], [122.267021, 16.844089], [122.266312, 16.839242], [122.258687, 16.83159], [122.257978, 16.818409], [122.253814, 16.814213], [122.254518, 16.80591], [122.262486, 16.797915], [122.258687, 16.794089], [122.257978, 16.789242], [122.246189, 16.777426], [122.245479, 16.768409], [122.242019, 16.764922], [122.241667, 16.754167], [122.242019, 16.739242], [122.245479, 16.73576], [122.245832, 16.708332], [122.245832, 16.704167], [122.245265, 16.701955], [122.242135, 16.697915], [122.246403, 16.692413], [122.245265, 16.685292], [122.242233, 16.681377], [122.240815, 16.675852], [122.234011, 16.674104], [122.217236, 16.656379], [122.215769, 16.650662], [122.208335, 16.649998], [122.207978, 16.647577], [122.200353, 16.639925], [122.200001, 16.637499], [122.196746, 16.636732], [122.195306, 16.632393], [122.19947, 16.627248], [122.200001, 16.625], [122.200001, 16.604167], [122.200353, 16.589243], [122.204518, 16.585047], [122.203814, 16.56841], [122.200014, 16.564584], [122.203814, 16.560758], [122.204166, 16.558332], [122.204166, 16.554167], [122.201954, 16.553601], [122.196536, 16.54908], [122.195266, 16.539457], [122.188069, 16.531377], [122.186932, 16.522789], [122.175565, 16.510544], [122.174112, 16.504877], [122.164458, 16.503601], [122.156378, 16.4964], [122.151954, 16.495267], [122.148044, 16.492235], [122.143625, 16.491098], [122.13971, 16.488066], [122.134185, 16.486648], [122.132767, 16.481123], [122.129735, 16.477212], [122.129168, 16.475001], [122.122578, 16.474648], [122.119091, 16.471188], [122.116665, 16.470831], [122.1125, 16.470831], [122.112852, 16.46841], [122.117022, 16.464214], [122.116313, 16.447577], [122.112852, 16.44409], [122.112148, 16.439243], [122.108688, 16.435756], [122.107979, 16.430909], [122.100354, 16.423257], [122.099645, 16.41841], [122.087855, 16.406589], [122.087141, 16.401711], [122.08159, 16.396186], [122.079168, 16.395834], [122.076957, 16.3964], [122.072052, 16.400204], [122.066353, 16.398924], [122.070268, 16.393876], [122.071401, 16.39092], [122.066273, 16.384302], [122.059183, 16.382483], [122.057484, 16.375852], [122.051955, 16.374434], [122.0468, 16.370439], [122.04498, 16.363349], [122.039456, 16.361931], [122.035545, 16.358899], [122.030016, 16.357481], [122.028598, 16.351956], [122.025566, 16.348045], [122.024099, 16.342329], [122.009232, 16.341005], [122.007765, 16.335288], [122.004733, 16.331377], [122.0036, 16.322789], [122.000568, 16.318879], [121.999431, 16.314455], [121.996399, 16.310544], [121.995832, 16.299999], [121.992519, 16.299151], [121.991667, 16.295834], [121.98835, 16.294982], [121.987498, 16.291665], [121.986651, 16.288351], [121.979873, 16.286612], [121.97846, 16.275888], [121.972788, 16.274435], [121.968877, 16.271402], [121.963147, 16.269931], [121.950568, 16.256375], [121.949293, 16.246721], [121.943621, 16.245268], [121.93971, 16.242235], [121.935291, 16.241098], [121.929913, 16.236934], [121.922788, 16.238066], [121.910543, 16.249432], [121.905018, 16.25085], [121.904166, 16.254168], [121.900002, 16.254168], [121.887498, 16.254168], [121.886932, 16.251956], [121.8839, 16.248046], [121.882625, 16.238387], [121.875396, 16.236532], [121.871401, 16.231378], [121.870264, 16.226954], [121.866099, 16.221581], [121.867232, 16.206121], [121.870264, 16.202211], [121.870835, 16.195834], [121.874603, 16.194866], [121.878696, 16.189582], [121.875566, 16.185542], [121.874148, 16.180018], [121.868623, 16.1786], [121.864712, 16.175567], [121.860289, 16.174435], [121.856378, 16.171403], [121.851955, 16.170266], [121.848044, 16.167233], [121.843621, 16.166101], [121.83971, 16.163069], [121.830088, 16.161798], [121.825566, 16.156375], [121.823836, 16.149633], [121.814713, 16.157767], [121.812501, 16.158333], [121.810289, 16.157767], [121.806378, 16.154735], [121.80064, 16.153263], [121.799431, 16.135288], [121.796399, 16.131378], [121.795833, 16.129166], [121.795833, 16.125001], [121.776743, 16.125353], [121.773256, 16.128814], [121.768409, 16.129518], [121.760757, 16.137148], [121.751741, 16.137852], [121.73576, 16.153811], [121.733334, 16.154168], [121.732692, 16.152032], [121.721477, 16.139636], [121.720189, 16.131199], [121.717308, 16.127133], [121.71589, 16.11322], [121.704167, 16.112498], [121.704733, 16.089458], [121.707864, 16.085418], [121.704733, 16.081378], [121.703601, 16.076954], [121.700568, 16.073044], [121.699298, 16.063421], [121.693875, 16.058899], [121.675905, 16.057696], [121.674032, 16.050396], [121.668878, 16.046401], [121.656125, 16.045268], [121.648045, 16.038067], [121.643621, 16.036934], [121.635546, 16.029733], [121.622788, 16.0286], [121.618748, 16.02547], [121.613246, 16.029733], [121.609143, 16.028158], [121.607485, 16.021684], [121.601955, 16.020266], [121.598045, 16.017234], [121.593621, 16.016101], [121.589711, 16.013069], [121.585287, 16.011932], [121.575937, 16.003598], [121.563451, 16.004833], [121.558903, 16.010291], [121.558332, 16.012498], [121.558332, 16.016667], [121.555911, 16.016315], [121.552424, 16.012855], [121.544121, 16.012146], [121.539925, 16.016315], [121.537499, 16.016667], [121.536647, 16.01335], [121.533334, 16.012498], [121.533334, 16.008333], [121.537388, 16.007174], [121.541107, 16.002082], [121.536884, 15.996303], [121.538119, 15.989507], [121.542284, 15.983804], [121.541049, 15.968674], [121.529785, 15.956327], [121.528242, 15.950927], [121.522838, 15.949384], [121.51466, 15.942285], [121.502005, 15.94105], [121.497991, 15.938116], [121.488155, 15.936684], [121.487499, 15.916668], [121.485363, 15.916025], [121.481301, 15.913145], [121.471848, 15.9117], [121.470189, 15.906198], [121.46206, 15.896704], [121.451447, 15.895193], [121.449356, 15.902135], [121.446475, 15.906198], [121.44487, 15.911535], [121.439533, 15.913145], [121.43547, 15.916025], [121.41758, 15.91731], [121.416666, 15.908334], [121.391669, 15.908334], [121.390817, 15.905016], [121.383914, 15.903246], [121.375567, 15.893877], [121.374434, 15.889458], [121.367233, 15.881378], [121.366666, 15.879166], [121.364241, 15.878814], [121.360758, 15.875354], [121.351742, 15.874645], [121.348259, 15.871185], [121.343408, 15.87048], [121.339582, 15.866681], [121.335756, 15.87048], [121.316667, 15.870833], [121.314531, 15.871475], [121.302134, 15.882689], [121.296578, 15.884361], [121.295062, 15.899228], [121.281199, 15.900642], [121.277137, 15.903522], [121.271799, 15.905132], [121.269868, 15.911535], [121.264531, 15.913145], [121.254966, 15.921336], [121.253423, 15.93647], [121.247867, 15.938143], [121.2438, 15.941023], [121.241664, 15.941665], [121.241664, 15.945835], [121.242021, 15.95659], [121.245481, 15.960077], [121.245834, 15.962498], [121.244982, 15.965816], [121.241664, 15.966667], [121.241664, 15.970832], [121.240768, 15.974337], [121.226958, 15.975568], [121.218879, 15.982765], [121.21029, 15.983902], [121.20221, 15.991099], [121.193622, 15.992236], [121.188133, 15.996811], [121.186862, 16.015762], [121.183335, 16.016667], [121.182978, 16.023258], [121.175353, 16.03091], [121.174649, 16.035048], [121.178814, 16.039244], [121.179518, 16.044091], [121.182978, 16.047573], [121.183335, 16.054168], [121.182978, 16.064924], [121.173289, 16.07464], [121.16841, 16.075354], [121.154525, 16.089213], [121.154168, 16.091665], [121.130909, 16.092022], [121.127422, 16.095482], [121.125001, 16.095834], [121.118625, 16.096401], [121.114709, 16.099433], [121.108926, 16.100918], [121.108333, 16.125001], [121.107981, 16.127423], [121.10452, 16.13091], [121.104168, 16.133335], [121.101742, 16.132979], [121.09826, 16.129518], [121.085788, 16.128814], [121.081592, 16.132979], [121.073289, 16.133688], [121.069093, 16.129518], [121.060077, 16.128814], [121.05659, 16.125354], [121.052451, 16.124644], [121.04826, 16.128814], [121.043408, 16.129518], [121.039926, 16.132979], [121.035788, 16.133688], [121.031592, 16.129518], [121.012498, 16.129166], [121.005907, 16.129518], [120.994091, 16.141313], [120.991665, 16.141665], [120.989244, 16.141313], [120.983688, 16.135788], [120.982979, 16.12674], [120.979518, 16.123258], [120.978814, 16.118411], [120.973293, 16.112859], [120.96912, 16.112146], [120.964924, 16.116315], [120.960077, 16.117019], [120.952425, 16.124645], [120.947573, 16.125353], [120.939926, 16.132979], [120.922576, 16.133688], [120.919093, 16.137148], [120.914955, 16.137852], [120.910759, 16.133688], [120.905908, 16.132979], [120.900356, 16.127458], [120.899999, 16.125001], [120.897573, 16.125354], [120.894091, 16.128814], [120.889244, 16.129518], [120.885757, 16.132979], [120.883331, 16.133335], [120.880018, 16.134183], [120.879166, 16.1375], [120.878814, 16.14826], [120.875354, 16.151742], [120.875002, 16.158333], [120.871684, 16.159185], [120.870832, 16.162498], [120.870832, 16.191665], [120.871684, 16.194982], [120.878315, 16.196686], [120.879733, 16.202211], [120.882765, 16.206121], [120.883902, 16.217412], [120.879733, 16.222789], [120.8786, 16.231378], [120.875461, 16.235431], [120.891099, 16.251956], [120.892236, 16.264709], [120.895268, 16.268624], [120.896401, 16.273043], [120.899433, 16.276954], [120.900566, 16.281377], [120.903598, 16.285288], [120.904735, 16.289712], [120.907865, 16.293751], [120.904735, 16.297791], [120.903598, 16.342414], [120.907767, 16.347791], [120.9089, 16.350939], [120.900566, 16.36029], [120.899433, 16.373043], [120.892236, 16.381123], [120.890956, 16.390781], [120.885289, 16.392235], [120.881378, 16.395267], [120.879166, 16.395834], [120.879519, 16.402424], [120.882979, 16.405907], [120.883688, 16.410045], [120.879519, 16.414241], [120.878814, 16.422548], [120.895482, 16.439243], [120.895834, 16.445834], [120.895482, 16.448259], [120.892022, 16.451742], [120.891665, 16.454168], [120.891665, 16.458332], [120.891665, 16.462502], [120.891099, 16.477212], [120.888067, 16.481123], [120.886934, 16.511284], [120.893877, 16.513068], [120.899032, 16.517063], [120.900566, 16.523043], [120.903598, 16.526958], [120.904735, 16.548045], [120.907767, 16.551956], [120.9089, 16.563438], [120.900566, 16.572789], [120.899999, 16.579165], [120.899999, 16.583334], [120.908333, 16.583334], [120.907718, 16.622994], [120.904784, 16.627007], [120.90337, 16.636705], [120.893672, 16.638119], [120.889659, 16.641049], [120.884143, 16.642627], [120.882716, 16.650471], [120.886881, 16.656174], [120.8875, 16.691668], [120.883331, 16.691668], [120.882979, 16.706593], [120.879519, 16.710075], [120.879166, 16.712501], [120.871662, 16.713215], [120.87023, 16.721375], [120.874395, 16.726993], [120.875907, 16.732424], [120.881338, 16.733936], [120.889494, 16.741062], [120.898006, 16.74227], [120.903509, 16.74672], [120.904771, 16.773007], [120.907727, 16.776993], [120.90894, 16.783874], [120.904771, 16.789492], [120.903562, 16.802174], [120.900606, 16.80616], [120.899999, 16.825], [120.899099, 16.828505], [120.891665, 16.829165], [120.875777, 16.829865], [120.874257, 16.844803], [120.867631, 16.846796], [120.865704, 16.853204], [120.862498, 16.854167], [120.861651, 16.857484], [120.858333, 16.858332], [120.858333, 16.862501], [120.85894, 16.868842], [120.862686, 16.873889], [120.869927, 16.875909], [120.871439, 16.881341], [120.874395, 16.885327], [120.875603, 16.893839], [120.87856, 16.897826], [120.879773, 16.906338], [120.886894, 16.914494], [120.888107, 16.918842], [120.892111, 16.924242], [120.890872, 16.932616], [120.876995, 16.93394], [120.871608, 16.938292], [120.87023, 16.948004], [120.85894, 16.960329], [120.857727, 16.98134], [120.853981, 16.986393], [120.846472, 16.988484], [120.845835, 17.008331], [120.846686, 17.011649], [120.853317, 17.013352], [120.854735, 17.018877], [120.85873, 17.024032], [120.865816, 17.025851], [120.867234, 17.031376], [120.870266, 17.035291], [120.870832, 17.037498], [120.87048, 17.039924], [120.86702, 17.043411], [120.866667, 17.058331], [120.873044, 17.058902], [120.876955, 17.061934], [120.882484, 17.063352], [120.883902, 17.068877], [120.886934, 17.072788], [120.888067, 17.092412], [120.883902, 17.09779], [120.882765, 17.104915], [120.886934, 17.110289], [120.888067, 17.117414], [120.883902, 17.122788], [120.882765, 17.131376], [120.879733, 17.135291], [120.8786, 17.150746], [120.882765, 17.156124], [120.883902, 17.164712], [120.886934, 17.168623], [120.8875, 17.179168], [120.889712, 17.179735], [120.901957, 17.191101], [120.907696, 17.192572], [120.9089, 17.210543], [120.911932, 17.214458], [120.912498, 17.220834], [120.912855, 17.252422], [120.916315, 17.25591], [120.91702, 17.264926], [120.924645, 17.272578], [120.925001, 17.287498], [120.927423, 17.287855], [120.932979, 17.293379], [120.933336, 17.304166], [120.936876, 17.305076], [120.9375, 17.316665], [120.941023, 17.31757], [120.953598, 17.331121], [120.954735, 17.335545], [120.970266, 17.351954], [120.971403, 17.360542], [120.974431, 17.364457], [120.975849, 17.369982], [120.981378, 17.3714], [120.989458, 17.378597], [120.999999, 17.379168], [121.004168, 17.379168], [121.004168, 17.391667], [121.004168, 17.395832], [121.003812, 17.402427], [121.000351, 17.405909], [120.999647, 17.41909], [120.996186, 17.422577], [120.995834, 17.424999], [120.995834, 17.429168], [121.002425, 17.42952], [121.007976, 17.435045], [121.008685, 17.439923], [121.012146, 17.44341], [121.012855, 17.447548], [121.008685, 17.451744], [121.007981, 17.460047], [121.012146, 17.464243], [121.012855, 17.468381], [120.996186, 17.485076], [120.995834, 17.491667], [120.996806, 17.495065], [121.006327, 17.496451], [121.01034, 17.499381], [121.018825, 17.500616], [121.022839, 17.50355], [121.027159, 17.504785], [121.039507, 17.516049], [121.047992, 17.517284], [121.052006, 17.520214], [121.061767, 17.521636], [121.063118, 17.535495], [121.066047, 17.539508], [121.067595, 17.544908], [121.072995, 17.546451], [121.077084, 17.549439], [121.081173, 17.546451], [121.104168, 17.545831], [121.10452, 17.548257], [121.112484, 17.556248], [121.108346, 17.560417], [121.112145, 17.564243], [121.112854, 17.573286], [121.118411, 17.578815], [121.120832, 17.579168], [121.120216, 17.58966], [121.112203, 17.598895], [121.106175, 17.600616], [121.102162, 17.60355], [121.092418, 17.604968], [121.091049, 17.617404], [121.099383, 17.627005], [121.099999, 17.629167], [121.099647, 17.635758], [121.092022, 17.64341], [121.091665, 17.662499], [121.09826, 17.662852], [121.118411, 17.68298], [121.120832, 17.683332], [121.121188, 17.694092], [121.124649, 17.697575], [121.125001, 17.720833], [121.125001, 17.724998], [121.121541, 17.725885], [121.120265, 17.735544], [121.117233, 17.739454], [121.116101, 17.756377], [121.113068, 17.760287], [121.111931, 17.768876], [121.108899, 17.772791], [121.107767, 17.77721], [121.103597, 17.782587], [121.105417, 17.787323], [121.11029, 17.7911], [121.112502, 17.791666], [121.116667, 17.791666], [121.117528, 17.788656], [121.121304, 17.786881], [121.128006, 17.791782], [121.129786, 17.797994], [121.132715, 17.802007], [121.13395, 17.806328], [121.136885, 17.810341], [121.138115, 17.822996], [121.145214, 17.831174], [121.146449, 17.835495], [121.150115, 17.840507], [121.156326, 17.842286], [121.164504, 17.84938], [121.167135, 17.85062], [121.172838, 17.846451], [121.184071, 17.845215], [121.193671, 17.853549], [121.197992, 17.854785], [121.202086, 17.857772], [121.206175, 17.854785], [121.210495, 17.853549], [121.214509, 17.85062], [121.217282, 17.84938], [121.224296, 17.85499], [121.225616, 17.872996], [121.232715, 17.881174], [121.23395, 17.889659], [121.236884, 17.893672], [121.23812, 17.896303], [121.23395, 17.902006], [121.232715, 17.915669], [121.245098, 17.917471], [121.245834, 17.925002], [121.262502, 17.925002], [121.265815, 17.92415], [121.267233, 17.918621], [121.274434, 17.910546], [121.276138, 17.903902], [121.281123, 17.907768], [121.30221, 17.9089], [121.318624, 17.924431], [121.320831, 17.925002], [121.321402, 17.927209], [121.324434, 17.931124], [121.325852, 17.936649], [121.331377, 17.938067], [121.339457, 17.945264], [121.344982, 17.946682], [121.3464, 17.952212], [121.349432, 17.956122], [121.350886, 17.96179], [121.361614, 17.963208], [121.363068, 17.968875], [121.367063, 17.974034], [121.373043, 17.975568], [121.386764, 17.988402], [121.388066, 17.99658], [121.383901, 18.001957], [121.382764, 18.009359], [121.403601, 18.031124], [121.404168, 18.033331], [121.416666, 18.033331], [121.419092, 18.033688], [121.426744, 18.041313], [121.433335, 18.041666], [121.433901, 18.048042], [121.441098, 18.056122], [121.442235, 18.060545], [121.445267, 18.064456], [121.4464, 18.073044], [121.457097, 18.084299], [121.457852, 18.084299], [121.457852, 18.082951], [121.460547, 18.082951], [121.460547, 18.081604], [121.461894, 18.081604], [121.461894, 18.080256], [121.460547, 18.080256], [121.460547, 18.078909], [121.459199, 18.078909], [121.459199, 18.076214], [121.456504, 18.076214], [121.456504, 18.074866], [121.455157, 18.074866], [121.455157, 18.070824], [121.456504, 18.070824], [121.456504, 18.072171], [121.457852, 18.072171], [121.457852, 18.073519], [121.459199, 18.073519], [121.459199, 18.074866], [121.460547, 18.074866], [121.460547, 18.076214], [121.461894, 18.076214], [121.461894, 18.077561], [121.463242, 18.077561], [121.463242, 18.076214], [121.465936, 18.076214], [121.465936, 18.074866], [121.467284, 18.074866], [121.467284, 18.072171], [121.468631, 18.072171], [121.468631, 18.070824], [121.469979, 18.070824], [121.469979, 18.072171], [121.474021, 18.072171], [121.474021, 18.070824], [121.475369, 18.070824], [121.475369, 18.069476], [121.478064, 18.069476], [121.478064, 18.068129], [121.480759, 18.068129], [121.480759, 18.066781], [121.490191, 18.066781], [121.490191, 18.068129], [121.491538, 18.068129], [121.491538, 18.066781], [121.492886, 18.066781], [121.492886, 18.065434], [121.494233, 18.065434], [121.494233, 18.062739], [121.495581, 18.062739], [121.495581, 18.060044], [121.498276, 18.060044], [121.498276, 18.057349], [121.492886, 18.057349], [121.492886, 18.056002], [121.491538, 18.056002], [121.491538, 18.051959], [121.487496, 18.051959], [121.487496, 18.053307], [121.486149, 18.053307], [121.486149, 18.051959], [121.484801, 18.051959], [121.484801, 18.050612], [121.483454, 18.050612], [121.483454, 18.051959], [121.482106, 18.051959], [121.482106, 18.049264], [121.479411, 18.049264], [121.479411, 18.046569], [121.474021, 18.046569], [121.474021, 18.045222], [121.472674, 18.045222], [121.472674, 18.043874], [121.475369, 18.043874], [121.475369, 18.045222], [121.478064, 18.045222], [121.478064, 18.043874], [121.479411, 18.043874], [121.479411, 18.042527], [121.483454, 18.042527], [121.483454, 18.043874], [121.484801, 18.043874], [121.484801, 18.045222], [121.486149, 18.045222], [121.486149, 18.046569], [121.487496, 18.046569], [121.487496, 18.047917], [121.488844, 18.047917], [121.488844, 18.049264], [121.490191, 18.049264], [121.490191, 18.050612], [121.492886, 18.050612], [121.492886, 18.049264], [121.494233, 18.049264], [121.494233, 18.050612], [121.495581, 18.050612], [121.495581, 18.051959], [121.499623, 18.051959], [121.499623, 18.053307], [121.500971, 18.053307], [121.500971, 18.051959], [121.502318, 18.051959], [121.502318, 18.050612], [121.503666, 18.050612], [121.503666, 18.046569], [121.499623, 18.046569], [121.499623, 18.045222], [121.498276, 18.045222], [121.498276, 18.043874], [121.496928, 18.043874], [121.496928, 18.045222], [121.495581, 18.045222], [121.495581, 18.043874], [121.492886, 18.043874], [121.492886, 18.041179], [121.491538, 18.041179], [121.491538, 18.039832], [121.490191, 18.039832], [121.490191, 18.038484], [121.487496, 18.038484], [121.487496, 18.037137], [121.486149, 18.037137], [121.486149, 18.03579], [121.484801, 18.03579], [121.484801, 18.031747], [121.479411, 18.031747], [121.479411, 18.0304], [121.475369, 18.0304], [121.475369, 18.03579], [121.476716, 18.03579], [121.476716, 18.038484], [121.479411, 18.038484], [121.479411, 18.041179], [121.478064, 18.041179], [121.478064, 18.039832], [121.475369, 18.039832], [121.475369, 18.038484], [121.472674, 18.038484], [121.472674, 18.037137], [121.469979, 18.037137], [121.469979, 18.034442], [121.468631, 18.034442], [121.468631, 18.033095], [121.467284, 18.033095], [121.467284, 18.031747], [121.465936, 18.031747], [121.465936, 18.034442], [121.464589, 18.034442], [121.464589, 18.037137], [121.465936, 18.037137], [121.465936, 18.038484], [121.468631, 18.038484], [121.468631, 18.039832], [121.469979, 18.039832], [121.469979, 18.041179], [121.467284, 18.041179], [121.467284, 18.045222], [121.465936, 18.045222], [121.465936, 18.043874], [121.464589, 18.043874], [121.464589, 18.045222], [121.463242, 18.045222], [121.463242, 18.043874], [121.461894, 18.043874], [121.461894, 18.042527], [121.464589, 18.042527], [121.464589, 18.041179], [121.463242, 18.041179], [121.463242, 18.039832], [121.461894, 18.039832], [121.461894, 18.038484], [121.457852, 18.038484], [121.457852, 18.037137], [121.455157, 18.037137], [121.455157, 18.03579], [121.456504, 18.03579], [121.456504, 18.034442], [121.455157, 18.034442], [121.455157, 18.033095], [121.460547, 18.033095], [121.460547, 18.031747], [121.459199, 18.031747], [121.459199, 18.029052], [121.457852, 18.029052], [121.457852, 18.0304], [121.456504, 18.0304], [121.456504, 18.029052], [121.453809, 18.029052], [121.453809, 18.027705], [121.456504, 18.027705], [121.456504, 18.026357], [121.460547, 18.026357], [121.460547, 18.02501], [121.459199, 18.02501], [121.459199, 18.020967], [121.460547, 18.020967], [121.460547, 18.015577], [121.461894, 18.015577], [121.461894, 18.016925], [121.463242, 18.016925], [121.463242, 18.01423], [121.461894, 18.01423], [121.461894, 18.012883], [121.459199, 18.012883], [121.459199, 18.011535], [121.457852, 18.011535], [121.457852, 18.012883], [121.456504, 18.012883], [121.456504, 18.01423], [121.451114, 18.01423], [121.451114, 18.012883], [121.452462, 18.012883], [121.452462, 18.011535], [121.453809, 18.011535], [121.453809, 18.004798], [121.455157, 18.004798], [121.455157, 18.00345], [121.456504, 18.00345], [121.456504, 18.002103], [121.457852, 18.002103], [121.457852, 17.996713], [121.456504, 17.996713], [121.456504, 17.99806], [121.455157, 17.99806], [121.455157, 17.995365], [121.456504, 17.995365], [121.456504, 17.994018], [121.459199, 17.994018], [121.459199, 17.995365], [121.460547, 17.995365], [121.460547, 17.996713], [121.461894, 17.996713], [121.461894, 17.995365], [121.463242, 17.995365], [121.463242, 17.994018], [121.461894, 17.994018], [121.461894, 17.989975], [121.463242, 17.989975], [121.463242, 17.987281], [121.461894, 17.987281], [121.461894, 17.988628], [121.460547, 17.988628], [121.460547, 17.99267], [121.459199, 17.99267], [121.459199, 17.989975], [121.457852, 17.989975], [121.457852, 17.988628], [121.453809, 17.988628], [121.453809, 17.987281], [121.452462, 17.987281], [121.452462, 17.985933], [121.451114, 17.985933], [121.451114, 17.987281], [121.449767, 17.987281], [121.449767, 17.988628], [121.448419, 17.988628], [121.448419, 17.987281], [121.447072, 17.987281], [121.447072, 17.980543], [121.448419, 17.980543], [121.448419, 17.979196], [121.445724, 17.979196], [121.445724, 17.980543], [121.444377, 17.980543], [121.444377, 17.977848], [121.445724, 17.977848], [121.445724, 17.975153], [121.444377, 17.975153], [121.444377, 17.971111], [121.443029, 17.971111], [121.443029, 17.968416], [121.440334, 17.968416], [121.440334, 17.957636], [121.438987, 17.957636], [121.438987, 17.954941], [121.43764, 17.954941], [121.43764, 17.952246], [121.436292, 17.952246], [121.436292, 17.950899], [121.434945, 17.950899], [121.434945, 17.948204], [121.433597, 17.948204], [121.433597, 17.945509], [121.43225, 17.945509], [121.43225, 17.944161], [121.430902, 17.944161], [121.430902, 17.942814], [121.428207, 17.942814], [121.428207, 17.940119], [121.429555, 17.940119], [121.429555, 17.937424], [121.428207, 17.937424], [121.428207, 17.934729], [121.42686, 17.934729], [121.42686, 17.933382], [121.425512, 17.933382], [121.425512, 17.932034], [121.422817, 17.932034], [121.422817, 17.930687], [121.42147, 17.930687], [121.42147, 17.929339], [121.420122, 17.929339], [121.420122, 17.927992], [121.418775, 17.927992], [121.418775, 17.926644], [121.417427, 17.926644], [121.417427, 17.925297], [121.41608, 17.925297], [121.41608, 17.923949], [121.413385, 17.923949], [121.413385, 17.922602], [121.412038, 17.922602], [121.412038, 17.921254], [121.41069, 17.921254], [121.41069, 17.922602], [121.409343, 17.922602], [121.409343, 17.918559], [121.41069, 17.918559], [121.41069, 17.919907], [121.412038, 17.919907], [121.412038, 17.918559], [121.414732, 17.918559], [121.414732, 17.919907], [121.41608, 17.919907], [121.41608, 17.921254], [121.420122, 17.921254], [121.420122, 17.922602], [121.42147, 17.922602], [121.42147, 17.923949], [121.422817, 17.923949], [121.422817, 17.922602], [121.424165, 17.922602], [121.424165, 17.923949], [121.425512, 17.923949], [121.425512, 17.926644], [121.42686, 17.926644], [121.42686, 17.927992], [121.428207, 17.927992], [121.428207, 17.929339], [121.429555, 17.929339], [121.429555, 17.930687], [121.430902, 17.930687], [121.430902, 17.932034], [121.43225, 17.932034], [121.43225, 17.933382], [121.43764, 17.933382], [121.43764, 17.937424], [121.436292, 17.937424], [121.436292, 17.941466], [121.43764, 17.941466], [121.43764, 17.938771], [121.440334, 17.938771], [121.440334, 17.933382], [121.441682, 17.933382], [121.441682, 17.937424], [121.443029, 17.937424], [121.443029, 17.938771], [121.447072, 17.938771], [121.447072, 17.941466], [121.445724, 17.941466], [121.445724, 17.940119], [121.444377, 17.940119], [121.444377, 17.941466], [121.441682, 17.941466], [121.441682, 17.940119], [121.440334, 17.940119], [121.440334, 17.942814], [121.438987, 17.942814], [121.438987, 17.946856], [121.440334, 17.946856], [121.440334, 17.949551], [121.441682, 17.949551], [121.441682, 17.952246], [121.444377, 17.952246], [121.444377, 17.950899], [121.445724, 17.950899], [121.445724, 17.949551], [121.447072, 17.949551], [121.447072, 17.952246], [121.445724, 17.952246], [121.445724, 17.953594], [121.444377, 17.953594], [121.444377, 17.956289], [121.447072, 17.956289], [121.447072, 17.954941], [121.448419, 17.954941], [121.448419, 17.953594], [121.449767, 17.953594], [121.449767, 17.958984], [121.448419, 17.958984], [121.448419, 17.961679], [121.449767, 17.961679], [121.449767, 17.963026], [121.452462, 17.963026], [121.452462, 17.964373], [121.453809, 17.964373], [121.453809, 17.967068], [121.452462, 17.967068], [121.452462, 17.971111], [121.453809, 17.971111], [121.453809, 17.975153], [121.456504, 17.975153], [121.456504, 17.976501], [121.459199, 17.976501], [121.459199, 17.975153], [121.463242, 17.975153], [121.463242, 17.969763], [121.464589, 17.969763], [121.464589, 17.968416], [121.463242, 17.968416], [121.463242, 17.965721], [121.464589, 17.965721], [121.464589, 17.964373], [121.465936, 17.964373], [121.465936, 17.965721], [121.467284, 17.965721], [121.467284, 17.967068], [121.471326, 17.967068], [121.471326, 17.969763], [121.472674, 17.969763], [121.472674, 17.972458], [121.474021, 17.972458], [121.474021, 17.973806], [121.472674, 17.973806], [121.472674, 17.975153], [121.468631, 17.975153], [121.468631, 17.976501], [121.469979, 17.976501], [121.469979, 17.977848], [121.471326, 17.977848], [121.471326, 17.979196], [121.469979, 17.979196], [121.469979, 17.980543], [121.472674, 17.980543], [121.472674, 17.979196], [121.475369, 17.979196], [121.475369, 17.977848], [121.476716, 17.977848], [121.476716, 17.976501], [121.478064, 17.976501], [121.478064, 17.977848], [121.479411, 17.977848], [121.479411, 17.979196], [121.476716, 17.979196], [121.476716, 17.981891], [121.479411, 17.981891], [121.479411, 17.983238], [121.480759, 17.983238], [121.480759, 17.984586], [121.482106, 17.984586], [121.482106, 17.985933], [121.479411, 17.985933], [121.479411, 17.987281], [121.482106, 17.987281], [121.482106, 17.988628], [121.484801, 17.988628], [121.484801, 17.989975], [121.486149, 17.989975], [121.486149, 17.988628], [121.487496, 17.988628], [121.487496, 17.99267], [121.488844, 17.99267], [121.488844, 17.994018], [121.490191, 17.994018], [121.490191, 17.995365], [121.488844, 17.995365], [121.488844, 17.996713], [121.491538, 17.996713], [121.491538, 17.99806], [121.490191, 17.99806], [121.490191, 18.002103], [121.491538, 18.002103], [121.491538, 18.000755], [121.495581, 18.000755], [121.495581, 18.00345], [121.494233, 18.00345], [121.494233, 18.007493], [121.492886, 18.007493], [121.492886, 18.00884], [121.494233, 18.00884], [121.494233, 18.010188], [121.495581, 18.010188], [121.495581, 18.006145], [121.498276, 18.006145], [121.498276, 18.010188], [121.499623, 18.010188], [121.499623, 18.012883], [121.502318, 18.012883], [121.502318, 18.011535], [121.503666, 18.011535], [121.503666, 18.012883], [121.505013, 18.012883], [121.505013, 18.01423], [121.506361, 18.01423], [121.506361, 18.016925], [121.507708, 18.016925], [121.507708, 18.015577], [121.509056, 18.015577], [121.509056, 18.016925], [121.510403, 18.016925], [121.510403, 18.01962], [121.514445, 18.01962], [121.514445, 18.022315], [121.511751, 18.022315], [121.511751, 18.023662], [121.513098, 18.023662], [121.513098, 18.026357], [121.515793, 18.026357], [121.515793, 18.02501], [121.51714, 18.02501], [121.51714, 18.026357], [121.518488, 18.026357], [121.518488, 18.02501], [121.521183, 18.02501], [121.521183, 18.023662], [121.52253, 18.023662], [121.52253, 18.027705], [121.523878, 18.027705], [121.523878, 18.029052], [121.525225, 18.029052], [121.525225, 18.026357], [121.526573, 18.026357], [121.526573, 18.027705], [121.52792, 18.027705], [121.52792, 18.02501], [121.529268, 18.02501], [121.529268, 18.026357], [121.530615, 18.026357], [121.530615, 18.027705], [121.529268, 18.027705], [121.529268, 18.031747], [121.534658, 18.031747], [121.534658, 18.029052], [121.536005, 18.029052], [121.536005, 18.027705], [121.534658, 18.027705], [121.534658, 18.026357], [121.536005, 18.026357], [121.536005, 18.02501], [121.537353, 18.02501], [121.537353, 18.026357], [121.5387, 18.026357], [121.5387, 18.031747], [121.54409, 18.031747], [121.54409, 18.0304], [121.541395, 18.0304], [121.541395, 18.029052], [121.542742, 18.029052], [121.542742, 18.026357], [121.54409, 18.026357], [121.54409, 18.027705], [121.546785, 18.027705], [121.546785, 18.029052], [121.54948, 18.029052], [121.54948, 18.027705], [121.552175, 18.027705], [121.552175, 18.026357], [121.55487, 18.026357], [121.55487, 18.029052], [121.558912, 18.029052], [121.558912, 18.0304], [121.561607, 18.0304], [121.561607, 18.029052], [121.562955, 18.029052], [121.562955, 18.031747], [121.564302, 18.031747], [121.564302, 18.029052], [121.566997, 18.029052], [121.566997, 18.027705], [121.568344, 18.027705], [121.568344, 18.026357], [121.569692, 18.026357], [121.569692, 18.02501], [121.566997, 18.02501], [121.566997, 18.023662], [121.564302, 18.023662], [121.564302, 18.01962], [121.562955, 18.01962], [121.562955, 18.020967], [121.561607, 18.020967], [121.561607, 18.01962], [121.558912, 18.01962], [121.558912, 18.012883], [121.557565, 18.012883], [121.557565, 18.011535], [121.553522, 18.011535], [121.553522, 18.012883], [121.552175, 18.012883], [121.552175, 18.015577], [121.54948, 18.015577], [121.54948, 18.011535], [121.548132, 18.011535], [121.548132, 18.010188], [121.546785, 18.010188], [121.546785, 18.006145], [121.545437, 18.006145], [121.545437, 18.00884], [121.54409, 18.00884], [121.54409, 18.011535], [121.542742, 18.011535], [121.542742, 18.00884], [121.5387, 18.00884], [121.5387, 18.007493], [121.540047, 18.007493], [121.540047, 18.006145], [121.541395, 18.006145], [121.541395, 18.004798], [121.536005, 18.004798], [121.536005, 18.002103], [121.537353, 18.002103], [121.537353, 18.000755], [121.5387, 18.000755], [121.5387, 17.999408], [121.537353, 17.999408], [121.537353, 17.99806], [121.536005, 17.99806], [121.536005, 17.999408], [121.534658, 17.999408], [121.534658, 17.99806], [121.53331, 17.99806], [121.53331, 17.995365], [121.536005, 17.995365], [121.536005, 17.994018], [121.5387, 17.994018], [121.5387, 17.99267], [121.536005, 17.99267], [121.536005, 17.988628], [121.537353, 17.988628], [121.537353, 17.987281], [121.541395, 17.987281], [121.541395, 17.988628], [121.542742, 17.988628], [121.542742, 17.984586], [121.54409, 17.984586], [121.54409, 17.983238], [121.542742, 17.983238], [121.542742, 17.981891], [121.537353, 17.981891], [121.537353, 17.980543], [121.536005, 17.980543], [121.536005, 17.977848], [121.534658, 17.977848], [121.534658, 17.976501], [121.53331, 17.976501], [121.53331, 17.977848], [121.531963, 17.977848], [121.531963, 17.979196], [121.530615, 17.979196], [121.530615, 17.977848], [121.529268, 17.977848], [121.529268, 17.973806], [121.530615, 17.973806], [121.530615, 17.972458], [121.529268, 17.972458], [121.529268, 17.971111], [121.530615, 17.971111], [121.530615, 17.969763], [121.52792, 17.969763], [121.52792, 17.971111], [121.526573, 17.971111], [121.526573, 17.969763], [121.525225, 17.969763], [121.525225, 17.968416], [121.523878, 17.968416], [121.523878, 17.965721], [121.525225, 17.965721], [121.525225, 17.964373], [121.52253, 17.964373], [121.52253, 17.960331], [121.521183, 17.960331], [121.521183, 17.963026], [121.519835, 17.963026], [121.519835, 17.958984], [121.52253, 17.958984], [121.52253, 17.956289], [121.526573, 17.956289], [121.526573, 17.957636], [121.525225, 17.957636], [121.525225, 17.958984], [121.526573, 17.958984], [121.526573, 17.960331], [121.52792, 17.960331], [121.52792, 17.956289], [121.529268, 17.956289], [121.529268, 17.954941], [121.52792, 17.954941], [121.52792, 17.953594], [121.526573, 17.953594], [121.526573, 17.952246], [121.525225, 17.952246], [121.525225, 17.950899], [121.52253, 17.950899], [121.52253, 17.949551], [121.521183, 17.949551], [121.521183, 17.948204], [121.518488, 17.948204], [121.518488, 17.945509], [121.51714, 17.945509], [121.51714, 17.944161], [121.514445, 17.944161], [121.514445, 17.942814], [121.51714, 17.942814], [121.51714, 17.941466], [121.515793, 17.941466], [121.515793, 17.940119], [121.514445, 17.940119], [121.514445, 17.938771], [121.51714, 17.938771], [121.51714, 17.940119], [121.518488, 17.940119], [121.518488, 17.941466], [121.521183, 17.941466], [121.521183, 17.940119], [121.52253, 17.940119], [121.52253, 17.937424], [121.523878, 17.937424], [121.523878, 17.936077], [121.521183, 17.936077], [121.521183, 17.934729], [121.52253, 17.934729], [121.52253, 17.933382], [121.523878, 17.933382], [121.523878, 17.930687], [121.518488, 17.930687], [121.518488, 17.929339], [121.52253, 17.929339], [121.52253, 17.926644], [121.523878, 17.926644], [121.523878, 17.927992], [121.526573, 17.927992], [121.526573, 17.926644], [121.529268, 17.926644], [121.529268, 17.927992], [121.530615, 17.927992], [121.530615, 17.929339], [121.52792, 17.929339], [121.52792, 17.932034], [121.529268, 17.932034], [121.529268, 17.933382], [121.525225, 17.933382], [121.525225, 17.937424], [121.526573, 17.937424], [121.526573, 17.938771], [121.52792, 17.938771], [121.52792, 17.937424], [121.529268, 17.937424], [121.529268, 17.934729], [121.530615, 17.934729], [121.530615, 17.936077], [121.531963, 17.936077], [121.531963, 17.934729], [121.53331, 17.934729], [121.53331, 17.933382], [121.534658, 17.933382], [121.534658, 17.936077], [121.536005, 17.936077], [121.536005, 17.937424], [121.534658, 17.937424], [121.534658, 17.940119], [121.536005, 17.940119], [121.536005, 17.941466], [121.537353, 17.941466], [121.537353, 17.942814], [121.5387, 17.942814], [121.5387, 17.944161], [121.542742, 17.944161], [121.542742, 17.945509], [121.541395, 17.945509], [121.541395, 17.946856], [121.542742, 17.946856], [121.542742, 17.949551], [121.54409, 17.949551], [121.54409, 17.952246], [121.545437, 17.952246], [121.545437, 17.953594], [121.546785, 17.953594], [121.546785, 17.954941], [121.548132, 17.954941], [121.548132, 17.956289], [121.54948, 17.956289], [121.54948, 17.958984], [121.550827, 17.958984], [121.550827, 17.961679], [121.552175, 17.961679], [121.552175, 17.963026], [121.553522, 17.963026], [121.553522, 17.965721], [121.55487, 17.965721], [121.55487, 17.967068], [121.556217, 17.967068], [121.556217, 17.964373], [121.55487, 17.964373], [121.55487, 17.963026], [121.561607, 17.963026], [121.561607, 17.964373], [121.562955, 17.964373], [121.562955, 17.965721], [121.565649, 17.965721], [121.565649, 17.967068], [121.568344, 17.967068], [121.568344, 17.964373], [121.566997, 17.964373], [121.566997, 17.963026], [121.573734, 17.963026], [121.573734, 17.964373], [121.572387, 17.964373], [121.572387, 17.965721], [121.571039, 17.965721], [121.571039, 17.967068], [121.569692, 17.967068], [121.569692, 17.969763], [121.568344, 17.969763], [121.568344, 17.971111], [121.566997, 17.971111], [121.566997, 17.969763], [121.564302, 17.969763], [121.564302, 17.968416], [121.558912, 17.968416], [121.558912, 17.969763], [121.561607, 17.969763], [121.561607, 17.971111], [121.558912, 17.971111], [121.558912, 17.975153], [121.56026, 17.975153], [121.56026, 17.972458], [121.565649, 17.972458], [121.565649, 17.973806], [121.566997, 17.973806], [121.566997, 17.975153], [121.573734, 17.975153], [121.573734, 17.977848], [121.575082, 17.977848], [121.575082, 17.979196], [121.576429, 17.979196], [121.576429, 17.977848], [121.577777, 17.977848], [121.577777, 17.976501], [121.576429, 17.976501], [121.576429, 17.975153], [121.579124, 17.975153], [121.579124, 17.971111], [121.580472, 17.971111], [121.580472, 17.972458], [121.581819, 17.972458], [121.581819, 17.973806], [121.583167, 17.973806], [121.583167, 17.975153], [121.584514, 17.975153], [121.584514, 17.973806], [121.587209, 17.973806], [121.587209, 17.971111], [121.589904, 17.971111], [121.589904, 17.969763], [121.591251, 17.969763], [121.591251, 17.968416], [121.592599, 17.968416], [121.592599, 17.967068], [121.587209, 17.967068], [121.587209, 17.965721], [121.585862, 17.965721], [121.585862, 17.963026], [121.587209, 17.963026], [121.587209, 17.964373], [121.588557, 17.964373], [121.588557, 17.965721], [121.589904, 17.965721], [121.589904, 17.963026], [121.591251, 17.963026], [121.591251, 17.964373], [121.592599, 17.964373], [121.592599, 17.961679], [121.589904, 17.961679], [121.589904, 17.960331], [121.591251, 17.960331], [121.591251, 17.958984], [121.592599, 17.958984], [121.592599, 17.956289], [121.591251, 17.956289], [121.591251, 17.957636], [121.589904, 17.957636], [121.589904, 17.956289], [121.588557, 17.956289], [121.588557, 17.954941], [121.587209, 17.954941], [121.587209, 17.953594], [121.585862, 17.953594], [121.585862, 17.946856], [121.587209, 17.946856], [121.587209, 17.945509], [121.588557, 17.945509], [121.588557, 17.942814], [121.585862, 17.942814], [121.585862, 17.940119], [121.580472, 17.940119], [121.580472, 17.933382], [121.579124, 17.933382], [121.579124, 17.930687], [121.575082, 17.930687], [121.575082, 17.934729], [121.573734, 17.934729], [121.573734, 17.932034], [121.572387, 17.932034], [121.572387, 17.930687], [121.571039, 17.930687], [121.571039, 17.929339], [121.573734, 17.929339], [121.573734, 17.926644], [121.569692, 17.926644], [121.569692, 17.923949], [121.565649, 17.923949], [121.565649, 17.922602], [121.566997, 17.922602], [121.566997, 17.918559], [121.568344, 17.918559], [121.568344, 17.917212], [121.566997, 17.917212], [121.566997, 17.915864], [121.565649, 17.915864], [121.565649, 17.917212], [121.562955, 17.917212], [121.562955, 17.915864], [121.564302, 17.915864], [121.564302, 17.914517], [121.565649, 17.914517], [121.565649, 17.91317], [121.566997, 17.91317], [121.566997, 17.911822], [121.56026, 17.911822], [121.56026, 17.910475], [121.557565, 17.910475], [121.557565, 17.911822], [121.553522, 17.911822], [121.553522, 17.910475], [121.55487, 17.910475], [121.55487, 17.909127], [121.556217, 17.909127], [121.556217, 17.905085], [121.55487, 17.905085], [121.55487, 17.903737], [121.553522, 17.903737], [121.553522, 17.90239], [121.55487, 17.90239], [121.55487, 17.901042], [121.556217, 17.901042], [121.556217, 17.899695], [121.553522, 17.899695], [121.553522, 17.898347], [121.552175, 17.898347], [121.552175, 17.897], [121.550827, 17.897], [121.550827, 17.89161], [121.548132, 17.89161], [121.548132, 17.890262], [121.546785, 17.890262], [121.546785, 17.888915], [121.54409, 17.888915], [121.54409, 17.88622], [121.542742, 17.88622], [121.542742, 17.88083], [121.546785, 17.88083], [121.546785, 17.882178], [121.548132, 17.882178], [121.548132, 17.879483], [121.546785, 17.879483], [121.546785, 17.878135], [121.545437, 17.878135], [121.545437, 17.87544], [121.542742, 17.87544], [121.542742, 17.878135], [121.540047, 17.878135], [121.540047, 17.876788], [121.537353, 17.876788], [121.537353, 17.87544], [121.534658, 17.87544], [121.534658, 17.874093], [121.53331, 17.874093], [121.53331, 17.872745], [121.531963, 17.872745], [121.531963, 17.871398], [121.530615, 17.871398], [121.530615, 17.87005], [121.53331, 17.87005], [121.53331, 17.868703], [121.534658, 17.868703], [121.534658, 17.867355], [121.536005, 17.867355], [121.536005, 17.866008], [121.534658, 17.866008], [121.534658, 17.86466], [121.531963, 17.86466], [121.531963, 17.863313], [121.530615, 17.863313], [121.530615, 17.861966], [121.529268, 17.861966], [121.529268, 17.859271], [121.52792, 17.859271], [121.52792, 17.857923], [121.526573, 17.857923], [121.526573, 17.859271], [121.523878, 17.859271], [121.523878, 17.860618], [121.521183, 17.860618], [121.521183, 17.861966], [121.519835, 17.861966], [121.519835, 17.857923], [121.518488, 17.857923], [121.518488, 17.855228], [121.51714, 17.855228], [121.51714, 17.856576], [121.515793, 17.856576], [121.515793, 17.855228], [121.510403, 17.855228], [121.510403, 17.856576], [121.511751, 17.856576], [121.511751, 17.860618], [121.515793, 17.860618], [121.515793, 17.861966], [121.51714, 17.861966], [121.51714, 17.866008], [121.514445, 17.866008], [121.514445, 17.86466], [121.513098, 17.86466], [121.513098, 17.867355], [121.511751, 17.867355], [121.511751, 17.87005], [121.513098, 17.87005], [121.513098, 17.871398], [121.514445, 17.871398], [121.514445, 17.872745], [121.515793, 17.872745], [121.515793, 17.874093], [121.510403, 17.874093], [121.510403, 17.87544], [121.514445, 17.87544], [121.514445, 17.88622], [121.515793, 17.88622], [121.515793, 17.884873], [121.51714, 17.884873], [121.51714, 17.892957], [121.518488, 17.892957], [121.518488, 17.894305], [121.515793, 17.894305], [121.515793, 17.895652], [121.51714, 17.895652], [121.51714, 17.897], [121.514445, 17.897], [121.514445, 17.899695], [121.515793, 17.899695], [121.515793, 17.903737], [121.51714, 17.903737], [121.51714, 17.905085], [121.519835, 17.905085], [121.519835, 17.906432], [121.521183, 17.906432], [121.521183, 17.910475], [121.519835, 17.910475], [121.519835, 17.911822], [121.518488, 17.911822], [121.518488, 17.91317], [121.519835, 17.91317], [121.519835, 17.915864], [121.52253, 17.915864], [121.52253, 17.917212], [121.521183, 17.917212], [121.521183, 17.921254], [121.52253, 17.921254], [121.52253, 17.925297], [121.521183, 17.925297], [121.521183, 17.923949], [121.519835, 17.923949], [121.519835, 17.922602], [121.518488, 17.922602], [121.518488, 17.923949], [121.51714, 17.923949], [121.51714, 17.919907], [121.518488, 17.919907], [121.518488, 17.918559], [121.51714, 17.918559], [121.51714, 17.917212], [121.514445, 17.917212], [121.514445, 17.915864], [121.51714, 17.915864], [121.51714, 17.911822], [121.515793, 17.911822], [121.515793, 17.909127], [121.511751, 17.909127], [121.511751, 17.911822], [121.510403, 17.911822], [121.510403, 17.906432], [121.513098, 17.906432], [121.513098, 17.90778], [121.514445, 17.90778], [121.514445, 17.906432], [121.515793, 17.906432], [121.515793, 17.905085], [121.514445, 17.905085], [121.514445, 17.901042], [121.513098, 17.901042], [121.513098, 17.898347], [121.511751, 17.898347], [121.511751, 17.894305], [121.510403, 17.894305], [121.510403, 17.892957], [121.509056, 17.892957], [121.509056, 17.89161], [121.507708, 17.89161], [121.507708, 17.890262], [121.506361, 17.890262], [121.506361, 17.887568], [121.505013, 17.887568], [121.505013, 17.88622], [121.502318, 17.88622], [121.502318, 17.88083], [121.499623, 17.88083], [121.499623, 17.879483], [121.500971, 17.879483], [121.500971, 17.876788], [121.499623, 17.876788], [121.499623, 17.878135], [121.498276, 17.878135], [121.498276, 17.879483], [121.494233, 17.879483], [121.494233, 17.88083], [121.492886, 17.88083], [121.492886, 17.876788], [121.491538, 17.876788], [121.491538, 17.87544], [121.495581, 17.87544], [121.495581, 17.874093], [121.494233, 17.874093], [121.494233, 17.871398], [121.492886, 17.871398], [121.492886, 17.87005], [121.491538, 17.87005], [121.491538, 17.871398], [121.490191, 17.871398], [121.490191, 17.868703], [121.488844, 17.868703], [121.488844, 17.867355], [121.487496, 17.867355], [121.487496, 17.86466], [121.486149, 17.86466], [121.486149, 17.863313], [121.484801, 17.863313], [121.484801, 17.860618], [121.482106, 17.860618], [121.482106, 17.857923], [121.479411, 17.857923], [121.479411, 17.863313], [121.478064, 17.863313], [121.478064, 17.861966], [121.476716, 17.861966], [121.476716, 17.863313], [121.474021, 17.863313], [121.474021, 17.861966], [121.472674, 17.861966], [121.472674, 17.860618], [121.471326, 17.860618], [121.471326, 17.861966], [121.469979, 17.861966], [121.469979, 17.863313], [121.468631, 17.863313], [121.468631, 17.857923], [121.469979, 17.857923], [121.469979, 17.853881], [121.468631, 17.853881], [121.468631, 17.852533], [121.467284, 17.852533], [121.467284, 17.851186], [121.465936, 17.851186], [121.465936, 17.849838], [121.469979, 17.849838], [121.469979, 17.851186], [121.471326, 17.851186], [121.471326, 17.852533], [121.472674, 17.852533], [121.472674, 17.853881], [121.474021, 17.853881], [121.474021, 17.855228], [121.476716, 17.855228], [121.476716, 17.853881], [121.479411, 17.853881], [121.479411, 17.849838], [121.478064, 17.849838], [121.478064, 17.852533], [121.475369, 17.852533], [121.475369, 17.849838], [121.474021, 17.849838], [121.474021, 17.848491], [121.468631, 17.848491], [121.468631, 17.847143], [121.469979, 17.847143], [121.469979, 17.845796], [121.471326, 17.845796], [121.471326, 17.844448], [121.474021, 17.844448], [121.474021, 17.843101], [121.472674, 17.843101], [121.472674, 17.841753], [121.471326, 17.841753], [121.471326, 17.840406], [121.468631, 17.840406], [121.468631, 17.839059], [121.465936, 17.839059], [121.465936, 17.837711], [121.464589, 17.837711], [121.464589, 17.836364], [121.460547, 17.836364], [121.460547, 17.835016], [121.461894, 17.835016], [121.461894, 17.833669], [121.460547, 17.833669], [121.460547, 17.832321], [121.456504, 17.832321], [121.456504, 17.836364], [121.455157, 17.836364], [121.455157, 17.832321], [121.453809, 17.832321], [121.453809, 17.833669], [121.452462, 17.833669], [121.452462, 17.835016], [121.447072, 17.835016], [121.447072, 17.833669], [121.448419, 17.833669], [121.448419, 17.832321], [121.447072, 17.832321], [121.447072, 17.829626], [121.444377, 17.829626], [121.444377, 17.828279], [121.443029, 17.828279], [121.443029, 17.829626], [121.441682, 17.829626], [121.441682, 17.835016], [121.443029, 17.835016], [121.443029, 17.836364], [121.440334, 17.836364], [121.440334, 17.840406], [121.438987, 17.840406], [121.438987, 17.837711], [121.43764, 17.837711], [121.43764, 17.835016], [121.434945, 17.835016], [121.434945, 17.833669], [121.436292, 17.833669], [121.436292, 17.832321], [121.438987, 17.832321], [121.438987, 17.830974], [121.440334, 17.830974], [121.440334, 17.828279], [121.438987, 17.828279], [121.438987, 17.829626], [121.43764, 17.829626], [121.43764, 17.826931], [121.434945, 17.826931], [121.434945, 17.825584], [121.433597, 17.825584], [121.433597, 17.822889], [121.43225, 17.822889], [121.43225, 17.826931], [121.430902, 17.826931], [121.430902, 17.825584], [121.429555, 17.825584], [121.429555, 17.826931], [121.428207, 17.826931], [121.428207, 17.825584], [121.42686, 17.825584], [121.42686, 17.822889], [121.429555, 17.822889], [121.429555, 17.821541], [121.430902, 17.821541], [121.430902, 17.820194], [121.42686, 17.820194], [121.42686, 17.818846], [121.424165, 17.818846], [121.424165, 17.822889], [121.425512, 17.822889], [121.425512, 17.825584], [121.424165, 17.825584], [121.424165, 17.826931], [121.42147, 17.826931], [121.42147, 17.825584], [121.418775, 17.825584], [121.418775, 17.822889], [121.417427, 17.822889], [121.417427, 17.821541], [121.414732, 17.821541], [121.414732, 17.824236], [121.413385, 17.824236], [121.413385, 17.822889], [121.412038, 17.822889], [121.412038, 17.821541], [121.41069, 17.821541], [121.41069, 17.822889], [121.409343, 17.822889], [121.409343, 17.820194], [121.407995, 17.820194], [121.407995, 17.817499], [121.409343, 17.817499], [121.409343, 17.816151], [121.407995, 17.816151], [121.407995, 17.814804], [121.4053, 17.814804], [121.4053, 17.816151], [121.401258, 17.816151], [121.401258, 17.814804], [121.398563, 17.814804], [121.398563, 17.813457], [121.402605, 17.813457], [121.402605, 17.810762], [121.407995, 17.810762], [121.407995, 17.813457], [121.409343, 17.813457], [121.409343, 17.812109], [121.413385, 17.812109], [121.413385, 17.810762], [121.41069, 17.810762], [121.41069, 17.808067], [121.406648, 17.808067], [121.406648, 17.806719], [121.409343, 17.806719], [121.409343, 17.805372], [121.41069, 17.805372], [121.41069, 17.806719], [121.412038, 17.806719], [121.412038, 17.805372], [121.413385, 17.805372], [121.413385, 17.806719], [121.414732, 17.806719], [121.414732, 17.808067], [121.41608, 17.808067], [121.41608, 17.806719], [121.417427, 17.806719], [121.417427, 17.802677], [121.414732, 17.802677], [121.414732, 17.799982], [121.41608, 17.799982], [121.41608, 17.798634], [121.412038, 17.798634], [121.412038, 17.799982], [121.41069, 17.799982], [121.41069, 17.801329], [121.409343, 17.801329], [121.409343, 17.798634], [121.41069, 17.798634], [121.41069, 17.797287], [121.413385, 17.797287], [121.413385, 17.793244], [121.412038, 17.793244], [121.412038, 17.791897], [121.413385, 17.791897], [121.413385, 17.790549], [121.414732, 17.790549], [121.414732, 17.789202], [121.413385, 17.789202], [121.413385, 17.786507], [121.412038, 17.786507], [121.412038, 17.78516], [121.41608, 17.78516], [121.41608, 17.789202], [121.417427, 17.789202], [121.417427, 17.790549], [121.41608, 17.790549], [121.41608, 17.791897], [121.417427, 17.791897], [121.417427, 17.793244], [121.418775, 17.793244], [121.418775, 17.795939], [121.417427, 17.795939], [121.417427, 17.801329], [121.418775, 17.801329], [121.418775, 17.804024], [121.420122, 17.804024], [121.420122, 17.799982], [121.422817, 17.799982], [121.422817, 17.798634], [121.424165, 17.798634], [121.424165, 17.795939], [121.422817, 17.795939], [121.422817, 17.794592], [121.425512, 17.794592], [121.425512, 17.793244], [121.422817, 17.793244], [121.422817, 17.791897], [121.424165, 17.791897], [121.424165, 17.790549], [121.42686, 17.790549], [121.42686, 17.789202], [121.428207, 17.789202], [121.428207, 17.786507], [121.42686, 17.786507], [121.42686, 17.78516], [121.429555, 17.78516], [121.429555, 17.783812], [121.430902, 17.783812], [121.430902, 17.781117], [121.43225, 17.781117], [121.43225, 17.77977], [121.433597, 17.77977], [121.433597, 17.782465], [121.43764, 17.782465], [121.43764, 17.778422], [121.436292, 17.778422], [121.436292, 17.777075], [121.433597, 17.777075], [121.433597, 17.778422], [121.429555, 17.778422], [121.429555, 17.777075], [121.430902, 17.777075], [121.430902, 17.775727], [121.43225, 17.775727], [121.43225, 17.77438], [121.433597, 17.77438], [121.433597, 17.773032], [121.434945, 17.773032], [121.434945, 17.770337], [121.433597, 17.770337], [121.433597, 17.76899], [121.430902, 17.76899], [121.430902, 17.767642], [121.43225, 17.767642], [121.43225, 17.766295], [121.434945, 17.766295], [121.434945, 17.764947], [121.433597, 17.764947], [121.433597, 17.7636], [121.430902, 17.7636], [121.430902, 17.762253], [121.43225, 17.762253], [121.43225, 17.760905], [121.434945, 17.760905], [121.434945, 17.756863], [121.429555, 17.756863], [121.429555, 17.755515], [121.43225, 17.755515], [121.43225, 17.754168], [121.434945, 17.754168], [121.434945, 17.751473], [121.430902, 17.751473], [121.430902, 17.750125], [121.434945, 17.750125], [121.434945, 17.748778], [121.436292, 17.748778], [121.436292, 17.74743], [121.43225, 17.74743], [121.43225, 17.746083], [121.430902, 17.746083], [121.430902, 17.74743], [121.428207, 17.74743], [121.428207, 17.743388], [121.425512, 17.743388], [121.425512, 17.74204], [121.42686, 17.74204], [121.42686, 17.740693], [121.428207, 17.740693], [121.428207, 17.735303], [121.424165, 17.735303], [121.424165, 17.733956], [121.420122, 17.733956], [121.420122, 17.731261], [121.41608, 17.731261], [121.41608, 17.729913], [121.422817, 17.729913], [121.422817, 17.731261], [121.424165, 17.731261], [121.424165, 17.729913], [121.42686, 17.729913], [121.42686, 17.728566], [121.425512, 17.728566], [121.425512, 17.724523], [121.424165, 17.724523], [121.424165, 17.723176], [121.420122, 17.723176], [121.420122, 17.721828], [121.424165, 17.721828], [121.424165, 17.720481], [121.422817, 17.720481], [121.422817, 17.719133], [121.424165, 17.719133], [121.424165, 17.717786], [121.425512, 17.717786], [121.425512, 17.716438], [121.42686, 17.716438], [121.42686, 17.715091], [121.428207, 17.715091], [121.428207, 17.712396], [121.42686, 17.712396], [121.42686, 17.711049], [121.424165, 17.711049], [121.424165, 17.708354], [121.422817, 17.708354], [121.422817, 17.707006], [121.42147, 17.707006], [121.42147, 17.705659], [121.422817, 17.705659], [121.422817, 17.702964], [121.42147, 17.702964], [121.42147, 17.698921], [121.422817, 17.698921], [121.422817, 17.700269], [121.424165, 17.700269], [121.424165, 17.698921], [121.425512, 17.698921], [121.425512, 17.697574], [121.42686, 17.697574], [121.42686, 17.696226], [121.424165, 17.696226], [121.424165, 17.694879], [121.429555, 17.694879], [121.429555, 17.693531], [121.428207, 17.693531], [121.428207, 17.690836], [121.425512, 17.690836], [121.425512, 17.689489], [121.428207, 17.689489], [121.428207, 17.688142], [121.42686, 17.688142], [121.42686, 17.686794], [121.424165, 17.686794], [121.424165, 17.685447], [121.42686, 17.685447], [121.42686, 17.684099], [121.428207, 17.684099], [121.428207, 17.685447], [121.429555, 17.685447], [121.429555, 17.686794], [121.433597, 17.686794], [121.433597, 17.688142], [121.434945, 17.688142], [121.434945, 17.686794], [121.436292, 17.686794], [121.436292, 17.685447], [121.434945, 17.685447], [121.434945, 17.684099], [121.43225, 17.684099], [121.43225, 17.682752], [121.430902, 17.682752], [121.430902, 17.681404], [121.429555, 17.681404], [121.429555, 17.676014], [121.430902, 17.676014], [121.430902, 17.674667], [121.429555, 17.674667], [121.429555, 17.671972], [121.428207, 17.671972], [121.428207, 17.669277], [121.42686, 17.669277], [121.42686, 17.666582], [121.425512, 17.666582], [121.425512, 17.665234], [121.424165, 17.665234], [121.424165, 17.66254], [121.425512, 17.66254], [121.425512, 17.659845], [121.424165, 17.659845], [121.424165, 17.658497], [121.42147, 17.658497], [121.42147, 17.66254], [121.418775, 17.66254], [121.418775, 17.658497], [121.417427, 17.658497], [121.417427, 17.655802], [121.41608, 17.655802], [121.41608, 17.65176], [121.413385, 17.65176], [121.413385, 17.653107], [121.412038, 17.653107], [121.412038, 17.654455], [121.41069, 17.654455], [121.41069, 17.655802], [121.409343, 17.655802], [121.409343, 17.65715], [121.407995, 17.65715], [121.407995, 17.658497], [121.401258, 17.658497], [121.401258, 17.655802], [121.39991, 17.655802], [121.39991, 17.654455], [121.401258, 17.654455], [121.401258, 17.653107], [121.39991, 17.653107], [121.39991, 17.650412], [121.398563, 17.650412], [121.398563, 17.645022], [121.39991, 17.645022], [121.39991, 17.64637], [121.401258, 17.64637], [121.401258, 17.645022], [121.402605, 17.645022], [121.402605, 17.643675], [121.406648, 17.643675], [121.406648, 17.642327], [121.407995, 17.642327], [121.407995, 17.64098], [121.409343, 17.64098], [121.409343, 17.636938], [121.41069, 17.636938], [121.41069, 17.634243], [121.409343, 17.634243], [121.409343, 17.632895], [121.412038, 17.632895], [121.412038, 17.628853], [121.409343, 17.628853], [121.409343, 17.627505], [121.41069, 17.627505], [121.41069, 17.626158], [121.409343, 17.626158], [121.409343, 17.62481], [121.407995, 17.62481], [121.407995, 17.623463], [121.406648, 17.623463], [121.406648, 17.61942], [121.4053, 17.61942], [121.4053, 17.616725], [121.39991, 17.616725], [121.39991, 17.615378], [121.401258, 17.615378], [121.401258, 17.614031], [121.409343, 17.614031], [121.409343, 17.611336], [121.41069, 17.611336], [121.41069, 17.609988], [121.412038, 17.609988], [121.412038, 17.611336], [121.413385, 17.611336], [121.413385, 17.614031], [121.41608, 17.614031], [121.41608, 17.604598], [121.417427, 17.604598], [121.417427, 17.603251], [121.41608, 17.603251], [121.41608, 17.599208], [121.417427, 17.599208], [121.417427, 17.600556], [121.418775, 17.600556], [121.418775, 17.601903], [121.420122, 17.601903], [121.420122, 17.603251], [121.42147, 17.603251], [121.42147, 17.604598], [121.422817, 17.604598], [121.422817, 17.609988], [121.42147, 17.609988], [121.42147, 17.612683], [121.424165, 17.612683], [121.424165, 17.614031], [121.425512, 17.614031], [121.425512, 17.618073], [121.428207, 17.618073], [121.428207, 17.616725], [121.430902, 17.616725], [121.430902, 17.615378], [121.429555, 17.615378], [121.429555, 17.614031], [121.434945, 17.614031], [121.434945, 17.611336], [121.433597, 17.611336], [121.433597, 17.609988], [121.434945, 17.609988], [121.434945, 17.597861], [121.433597, 17.597861], [121.433597, 17.593818], [121.43225, 17.593818], [121.43225, 17.588429], [121.430902, 17.588429], [121.430902, 17.581691], [121.43225, 17.581691], [121.43225, 17.580344], [121.433597, 17.580344], [121.433597, 17.578996], [121.434945, 17.578996], [121.434945, 17.568216], [121.433597, 17.568216], [121.433597, 17.565521], [121.434945, 17.565521], [121.434945, 17.562827], [121.436292, 17.562827], [121.436292, 17.561479], [121.438987, 17.561479], [121.438987, 17.558784], [121.440334, 17.558784], [121.440334, 17.557437], [121.441682, 17.557437], [121.441682, 17.556089], [121.444377, 17.556089], [121.444377, 17.554742], [121.441682, 17.554742], [121.441682, 17.553394], [121.444377, 17.553394], [121.444377, 17.552047], [121.445724, 17.552047], [121.445724, 17.550699], [121.449767, 17.550699], [121.449767, 17.548004], [121.452462, 17.548004], [121.452462, 17.549352], [121.451114, 17.549352], [121.451114, 17.550699], [121.452462, 17.550699], [121.452462, 17.552047], [121.456504, 17.552047], [121.456504, 17.554742], [121.455157, 17.554742], [121.455157, 17.556089], [121.457852, 17.556089], [121.457852, 17.554742], [121.459199, 17.554742], [121.459199, 17.557437], [121.461894, 17.557437], [121.461894, 17.556089], [121.463242, 17.556089], [121.463242, 17.554742], [121.461894, 17.554742], [121.461894, 17.552047], [121.464589, 17.552047], [121.464589, 17.550699], [121.465936, 17.550699], [121.465936, 17.546657], [121.467284, 17.546657], [121.467284, 17.548004], [121.468631, 17.548004], [121.468631, 17.550699], [121.472674, 17.550699], [121.472674, 17.554742], [121.471326, 17.554742], [121.471326, 17.557437], [121.472674, 17.557437], [121.472674, 17.560132], [121.471326, 17.560132], [121.471326, 17.562827], [121.468631, 17.562827], [121.468631, 17.564174], [121.467284, 17.564174], [121.467284, 17.565521], [121.465936, 17.565521], [121.465936, 17.568216], [121.464589, 17.568216], [121.464589, 17.570911], [121.463242, 17.570911], [121.463242, 17.573606], [121.461894, 17.573606], [121.461894, 17.576301], [121.459199, 17.576301], [121.459199, 17.580344], [121.457852, 17.580344], [121.457852, 17.581691], [121.459199, 17.581691], [121.459199, 17.583039], [121.457852, 17.583039], [121.457852, 17.584386], [121.456504, 17.584386], [121.456504, 17.588429], [121.455157, 17.588429], [121.455157, 17.589776], [121.453809, 17.589776], [121.453809, 17.595166], [121.452462, 17.595166], [121.452462, 17.596513], [121.451114, 17.596513], [121.451114, 17.599208], [121.449767, 17.599208], [121.449767, 17.600556], [121.448419, 17.600556], [121.448419, 17.603251], [121.447072, 17.603251], [121.447072, 17.604598], [121.444377, 17.604598], [121.444377, 17.605946], [121.443029, 17.605946], [121.443029, 17.611336], [121.444377, 17.611336], [121.444377, 17.612683], [121.443029, 17.612683], [121.443029, 17.614031], [121.441682, 17.614031], [121.441682, 17.615378], [121.440334, 17.615378], [121.440334, 17.618073], [121.438987, 17.618073], [121.438987, 17.620768], [121.440334, 17.620768], [121.440334, 17.622115], [121.434945, 17.622115], [121.434945, 17.623463], [121.433597, 17.623463], [121.433597, 17.62481], [121.43225, 17.62481], [121.43225, 17.623463], [121.430902, 17.623463], [121.430902, 17.622115], [121.428207, 17.622115], [121.428207, 17.623463], [121.425512, 17.623463], [121.425512, 17.62481], [121.422817, 17.62481], [121.422817, 17.626158], [121.42147, 17.626158], [121.42147, 17.627505], [121.424165, 17.627505], [121.424165, 17.628853], [121.42147, 17.628853], [121.42147, 17.631548], [121.418775, 17.631548], [121.418775, 17.632895], [121.417427, 17.632895], [121.417427, 17.634243], [121.41608, 17.634243], [121.41608, 17.645022], [121.418775, 17.645022], [121.418775, 17.647717], [121.420122, 17.647717], [121.420122, 17.649065], [121.425512, 17.649065], [121.425512, 17.650412], [121.42686, 17.650412], [121.42686, 17.65176], [121.429555, 17.65176], [121.429555, 17.658497], [121.430902, 17.658497], [121.430902, 17.66254], [121.43225, 17.66254], [121.43225, 17.669277], [121.433597, 17.669277], [121.433597, 17.674667], [121.434945, 17.674667], [121.434945, 17.676014], [121.43764, 17.676014], [121.43764, 17.673319], [121.436292, 17.673319], [121.436292, 17.670624], [121.434945, 17.670624], [121.434945, 17.669277], [121.436292, 17.669277], [121.436292, 17.666582], [121.433597, 17.666582], [121.433597, 17.665234], [121.434945, 17.665234], [121.434945, 17.659845], [121.43764, 17.659845], [121.43764, 17.655802], [121.438987, 17.655802], [121.438987, 17.65715], [121.440334, 17.65715], [121.440334, 17.654455], [121.441682, 17.654455], [121.441682, 17.653107], [121.445724, 17.653107], [121.445724, 17.65176], [121.447072, 17.65176], [121.447072, 17.650412], [121.445724, 17.650412], [121.445724, 17.649065], [121.447072, 17.649065], [121.447072, 17.64637], [121.445724, 17.64637], [121.445724, 17.645022], [121.449767, 17.645022], [121.449767, 17.642327], [121.448419, 17.642327], [121.448419, 17.64098], [121.449767, 17.64098], [121.449767, 17.639633], [121.448419, 17.639633], [121.448419, 17.638285], [121.449767, 17.638285], [121.449767, 17.63559], [121.451114, 17.63559], [121.451114, 17.634243], [121.452462, 17.634243], [121.452462, 17.632895], [121.453809, 17.632895], [121.453809, 17.634243], [121.455157, 17.634243], [121.455157, 17.63559], [121.456504, 17.63559], [121.456504, 17.632895], [121.457852, 17.632895], [121.457852, 17.6302], [121.461894, 17.6302], [121.461894, 17.626158], [121.463242, 17.626158], [121.463242, 17.62481], [121.465936, 17.62481], [121.465936, 17.623463], [121.467284, 17.623463], [121.467284, 17.622115], [121.471326, 17.622115], [121.471326, 17.620768], [121.472674, 17.620768], [121.472674, 17.622115], [121.474021, 17.622115], [121.474021, 17.616725], [121.475369, 17.616725], [121.475369, 17.620768], [121.476716, 17.620768], [121.476716, 17.623463], [121.482106, 17.623463], [121.482106, 17.622115], [121.480759, 17.622115], [121.480759, 17.620768], [121.479411, 17.620768], [121.479411, 17.618073], [121.480759, 17.618073], [121.480759, 17.615378], [121.482106, 17.615378], [121.482106, 17.614031], [121.484801, 17.614031], [121.484801, 17.612683], [121.486149, 17.612683], [121.486149, 17.614031], [121.490191, 17.614031], [121.490191, 17.612683], [121.491538, 17.612683], [121.491538, 17.611336], [121.482106, 17.611336], [121.482106, 17.609988], [121.484801, 17.609988], [121.484801, 17.608641], [121.488844, 17.608641], [121.488844, 17.607293], [121.486149, 17.607293], [121.486149, 17.605946], [121.483454, 17.605946], [121.483454, 17.604598], [121.484801, 17.604598], [121.484801, 17.603251], [121.486149, 17.603251], [121.486149, 17.604598], [121.490191, 17.604598], [121.490191, 17.605946], [121.491538, 17.605946], [121.491538, 17.603251], [121.488844, 17.603251], [121.488844, 17.601903], [121.491538, 17.601903], [121.491538, 17.597861], [121.488844, 17.597861], [121.488844, 17.596513], [121.490191, 17.596513], [121.490191, 17.595166], [121.492886, 17.595166], [121.492886, 17.592471], [121.491538, 17.592471], [121.491538, 17.591123], [121.495581, 17.591123], [121.495581, 17.588429], [121.498276, 17.588429], [121.498276, 17.584386], [121.499623, 17.584386], [121.499623, 17.581691], [121.500971, 17.581691], [121.500971, 17.584386], [121.502318, 17.584386], [121.502318, 17.585734], [121.503666, 17.585734], [121.503666, 17.581691], [121.507708, 17.581691], [121.507708, 17.577649], [121.510403, 17.577649], [121.510403, 17.576301], [121.511751, 17.576301], [121.511751, 17.574954], [121.513098, 17.574954], [121.513098, 17.576301], [121.515793, 17.576301], [121.515793, 17.573606], [121.514445, 17.573606], [121.514445, 17.572259], [121.510403, 17.572259], [121.510403, 17.570911], [121.513098, 17.570911], [121.513098, 17.569564], [121.515793, 17.569564], [121.515793, 17.565521], [121.513098, 17.565521], [121.513098, 17.562827], [121.52253, 17.562827], [121.52253, 17.566869], [121.523878, 17.566869], [121.523878, 17.568216], [121.525225, 17.568216], [121.525225, 17.569564], [121.52253, 17.569564], [121.52253, 17.573606], [121.525225, 17.573606], [121.525225, 17.574954], [121.526573, 17.574954], [121.526573, 17.576301], [121.52792, 17.576301], [121.52792, 17.573606], [121.526573, 17.573606], [121.526573, 17.572259], [121.529268, 17.572259], [121.529268, 17.573606], [121.530615, 17.573606], [121.530615, 17.576301], [121.531963, 17.576301], [121.531963, 17.578996], [121.53331, 17.578996], [121.53331, 17.583039], [121.534658, 17.583039], [121.534658, 17.585734], [121.536005, 17.585734], [121.536005, 17.578996], [121.537353, 17.578996], [121.537353, 17.580344], [121.540047, 17.580344], [121.540047, 17.578996], [121.5387, 17.578996], [121.5387, 17.576301], [121.541395, 17.576301], [121.541395, 17.577649], [121.545437, 17.577649], [121.545437, 17.581691], [121.548132, 17.581691], [121.548132, 17.577649], [121.546785, 17.577649], [121.546785, 17.576301], [121.548132, 17.576301], [121.548132, 17.574954], [121.54948, 17.574954], [121.54948, 17.576301], [121.55487, 17.576301], [121.55487, 17.584386], [121.553522, 17.584386], [121.553522, 17.585734], [121.55487, 17.585734], [121.55487, 17.587081], [121.553522, 17.587081], [121.553522, 17.588429], [121.55487, 17.588429], [121.55487, 17.591123], [121.556217, 17.591123], [121.556217, 17.592471], [121.55487, 17.592471], [121.55487, 17.601903], [121.553522, 17.601903], [121.553522, 17.603251], [121.556217, 17.603251], [121.556217, 17.601903], [121.558912, 17.601903], [121.558912, 17.600556], [121.56026, 17.600556], [121.56026, 17.599208], [121.558912, 17.599208], [121.558912, 17.597861], [121.56026, 17.597861], [121.56026, 17.596513], [121.558912, 17.596513], [121.558912, 17.595166], [121.56026, 17.595166], [121.56026, 17.589776], [121.557565, 17.589776], [121.557565, 17.583039], [121.556217, 17.583039], [121.556217, 17.581691], [121.557565, 17.581691], [121.557565, 17.577649], [121.556217, 17.577649], [121.556217, 17.574954], [121.55487, 17.574954], [121.55487, 17.573606], [121.556217, 17.573606], [121.556217, 17.572259], [121.55487, 17.572259], [121.55487, 17.568216], [121.553522, 17.568216], [121.553522, 17.564174], [121.55487, 17.564174], [121.55487, 17.562827], [121.553522, 17.562827], [121.553522, 17.561479], [121.55487, 17.561479], [121.55487, 17.560132], [121.552175, 17.560132], [121.552175, 17.561479], [121.550827, 17.561479], [121.550827, 17.560132], [121.548132, 17.560132], [121.548132, 17.557437], [121.545437, 17.557437], [121.545437, 17.556089], [121.54409, 17.556089], [121.54409, 17.553394], [121.545437, 17.553394], [121.545437, 17.552047], [121.550827, 17.552047], [121.550827, 17.550699], [121.548132, 17.550699], [121.548132, 17.546657], [121.550827, 17.546657], [121.550827, 17.543962], [121.552175, 17.543962], [121.552175, 17.541267], [121.55487, 17.541267], [121.55487, 17.542614], [121.556217, 17.542614], [121.556217, 17.545309], [121.56026, 17.545309], [121.56026, 17.546657], [121.558912, 17.546657], [121.558912, 17.548004], [121.561607, 17.548004], [121.561607, 17.545309], [121.562955, 17.545309], [121.562955, 17.546657], [121.564302, 17.546657], [121.564302, 17.543962], [121.562955, 17.543962], [121.562955, 17.542614], [121.564302, 17.542614], [121.564302, 17.53992], [121.562955, 17.53992], [121.562955, 17.538572], [121.561607, 17.538572], [121.561607, 17.53992], [121.558912, 17.53992], [121.558912, 17.537225], [121.561607, 17.537225], [121.561607, 17.53453], [121.56026, 17.53453], [121.56026, 17.531835], [121.561607, 17.531835], [121.561607, 17.530487], [121.558912, 17.530487], [121.558912, 17.527792], [121.55487, 17.527792], [121.55487, 17.526445], [121.561607, 17.526445], [121.561607, 17.521055], [121.562955, 17.521055], [121.562955, 17.522402], [121.565649, 17.522402], [121.565649, 17.525097], [121.566997, 17.525097], [121.566997, 17.526445], [121.568344, 17.526445], [121.568344, 17.527792], [121.571039, 17.527792], [121.571039, 17.526445], [121.569692, 17.526445], [121.569692, 17.525097], [121.571039, 17.525097], [121.571039, 17.52375], [121.566997, 17.52375], [121.566997, 17.521055], [121.565649, 17.521055], [121.565649, 17.51836], [121.566997, 17.51836], [121.566997, 17.514318], [121.565649, 17.514318], [121.565649, 17.51297], [121.566997, 17.51297], [121.566997, 17.511623], [121.568344, 17.511623], [121.568344, 17.508928], [121.571039, 17.508928], [121.571039, 17.50758], [121.572387, 17.50758], [121.572387, 17.506233], [121.573734, 17.506233], [121.573734, 17.503538], [121.572387, 17.503538], [121.572387, 17.50219], [121.573734, 17.50219], [121.573734, 17.500843], [121.575082, 17.500843], [121.575082, 17.499495], [121.576429, 17.499495], [121.576429, 17.498148], [121.577777, 17.498148], [121.577777, 17.4968], [121.579124, 17.4968], [121.579124, 17.494105], [121.581819, 17.494105], [121.581819, 17.495453], [121.583167, 17.495453], [121.583167, 17.488716], [121.581819, 17.488716], [121.581819, 17.487368], [121.584514, 17.487368], [121.584514, 17.488716], [121.585862, 17.488716], [121.585862, 17.492758], [121.587209, 17.492758], [121.587209, 17.49141], [121.588557, 17.49141], [121.588557, 17.492758], [121.589904, 17.492758], [121.589904, 17.494105], [121.591251, 17.494105], [121.591251, 17.487368], [121.589904, 17.487368], [121.589904, 17.486021], [121.592599, 17.486021], [121.592599, 17.481978], [121.591251, 17.481978], [121.591251, 17.480631], [121.592599, 17.480631], [121.592599, 17.477936], [121.593946, 17.477936], [121.593946, 17.475241], [121.592599, 17.475241], [121.592599, 17.473893], [121.596641, 17.473893], [121.596641, 17.475241], [121.599336, 17.475241], [121.599336, 17.473893], [121.600684, 17.473893], [121.600684, 17.472546], [121.599336, 17.472546], [121.599336, 17.471198], [121.597989, 17.471198], [121.597989, 17.469851], [121.602031, 17.469851], [121.602031, 17.468503], [121.603379, 17.468503], [121.603379, 17.467156], [121.602031, 17.467156], [121.602031, 17.461766], [121.604726, 17.461766], [121.604726, 17.463114], [121.606074, 17.463114], [121.606074, 17.464461], [121.607421, 17.464461], [121.607421, 17.465809], [121.610116, 17.465809], [121.610116, 17.467156], [121.611464, 17.467156], [121.611464, 17.465809], [121.612811, 17.465809], [121.612811, 17.463114], [121.611464, 17.463114], [121.611464, 17.461766], [121.615506, 17.461766], [121.615506, 17.463114], [121.616853, 17.463114], [121.616853, 17.464461], [121.615506, 17.464461], [121.615506, 17.465809], [121.616853, 17.465809], [121.616853, 17.467156], [121.618201, 17.467156], [121.618201, 17.460419], [121.616853, 17.460419], [121.616853, 17.459071], [121.619548, 17.459071], [121.619548, 17.457724], [121.620896, 17.457724], [121.620896, 17.460419], [121.622243, 17.460419], [121.622243, 17.461766], [121.623591, 17.461766], [121.623591, 17.465809], [121.624938, 17.465809], [121.624938, 17.469851], [121.626286, 17.469851], [121.626286, 17.467156], [121.627633, 17.467156], [121.627633, 17.468503], [121.628981, 17.468503], [121.628981, 17.471198], [121.630328, 17.471198], [121.630328, 17.469851], [121.631676, 17.469851], [121.631676, 17.472546], [121.634371, 17.472546], [121.634371, 17.473893], [121.637066, 17.473893], [121.637066, 17.475241], [121.638413, 17.475241], [121.638413, 17.476588], [121.641108, 17.476588], [121.641108, 17.475241], [121.63976, 17.475241], [121.63976, 17.473893], [121.641108, 17.473893], [121.641108, 17.472546], [121.638413, 17.472546], [121.638413, 17.471198], [121.637066, 17.471198], [121.637066, 17.469851], [121.634371, 17.469851], [121.634371, 17.468503], [121.633023, 17.468503], [121.633023, 17.464461], [121.631676, 17.464461], [121.631676, 17.456376], [121.633023, 17.456376], [121.633023, 17.460419], [121.634371, 17.460419], [121.634371, 17.461766], [121.637066, 17.461766], [121.637066, 17.467156], [121.638413, 17.467156], [121.638413, 17.468503], [121.641108, 17.468503], [121.641108, 17.469851], [121.642455, 17.469851], [121.642455, 17.468503], [121.643803, 17.468503], [121.643803, 17.473893], [121.646498, 17.473893], [121.646498, 17.476588], [121.64515, 17.476588], [121.64515, 17.480631], [121.646498, 17.480631], [121.646498, 17.481978], [121.64515, 17.481978], [121.64515, 17.486021], [121.646498, 17.486021], [121.646498, 17.484673], [121.649193, 17.484673], [121.649193, 17.486021], [121.647845, 17.486021], [121.647845, 17.487368], [121.649193, 17.487368], [121.649193, 17.494105], [121.647845, 17.494105], [121.647845, 17.495453], [121.649193, 17.495453], [121.649193, 17.498148], [121.647845, 17.498148], [121.647845, 17.4968], [121.646498, 17.4968], [121.646498, 17.499495], [121.647845, 17.499495], [121.647845, 17.500843], [121.649193, 17.500843], [121.649193, 17.50219], [121.65054, 17.50219], [121.65054, 17.500843], [121.651888, 17.500843], [121.651888, 17.50219], [121.653235, 17.50219], [121.653235, 17.503538], [121.65054, 17.503538], [121.65054, 17.504885], [121.647845, 17.504885], [121.647845, 17.506233], [121.649193, 17.506233], [121.649193, 17.510275], [121.647845, 17.510275], [121.647845, 17.511623], [121.649193, 17.511623], [121.649193, 17.514318], [121.65054, 17.514318], [121.65054, 17.51297], [121.651888, 17.51297], [121.651888, 17.515665], [121.649193, 17.515665], [121.649193, 17.517012], [121.647845, 17.517012], [121.647845, 17.52375], [121.649193, 17.52375], [121.649193, 17.525097], [121.646498, 17.525097], [121.646498, 17.526445], [121.647845, 17.526445], [121.647845, 17.530487], [121.649193, 17.530487], [121.649193, 17.527792], [121.651888, 17.527792], [121.651888, 17.526445], [121.653235, 17.526445], [121.653235, 17.530487], [121.654583, 17.530487], [121.654583, 17.531835], [121.651888, 17.531835], [121.651888, 17.533182], [121.65054, 17.533182], [121.65054, 17.53453], [121.649193, 17.53453], [121.649193, 17.537225], [121.646498, 17.537225], [121.646498, 17.535877], [121.64515, 17.535877], [121.64515, 17.537225], [121.643803, 17.537225], [121.643803, 17.538572], [121.647845, 17.538572], [121.647845, 17.542614], [121.649193, 17.542614], [121.649193, 17.545309], [121.651888, 17.545309], [121.651888, 17.543962], [121.653235, 17.543962], [121.653235, 17.546657], [121.65054, 17.546657], [121.65054, 17.548004], [121.649193, 17.548004], [121.649193, 17.550699], [121.651888, 17.550699], [121.651888, 17.553394], [121.65054, 17.553394], [121.65054, 17.554742], [121.649193, 17.554742], [121.649193, 17.556089], [121.651888, 17.556089], [121.651888, 17.554742], [121.653235, 17.554742], [121.653235, 17.550699], [121.654583, 17.550699], [121.654583, 17.553394], [121.65593, 17.553394], [121.65593, 17.558784], [121.653235, 17.558784], [121.653235, 17.562827], [121.649193, 17.562827], [121.649193, 17.566869], [121.651888, 17.566869], [121.651888, 17.565521], [121.653235, 17.565521], [121.653235, 17.566869], [121.654583, 17.566869], [121.654583, 17.564174], [121.65593, 17.564174], [121.65593, 17.568216], [121.654583, 17.568216], [121.654583, 17.569564], [121.653235, 17.569564], [121.653235, 17.572259], [121.654583, 17.572259], [121.654583, 17.573606], [121.653235, 17.573606], [121.653235, 17.574954], [121.65593, 17.574954], [121.65593, 17.573606], [121.658625, 17.573606], [121.658625, 17.572259], [121.659973, 17.572259], [121.659973, 17.574954], [121.657278, 17.574954], [121.657278, 17.576301], [121.653235, 17.576301], [121.653235, 17.578996], [121.651888, 17.578996], [121.651888, 17.585734], [121.653235, 17.585734], [121.653235, 17.584386], [121.654583, 17.584386], [121.654583, 17.583039], [121.65593, 17.583039], [121.65593, 17.587081], [121.658625, 17.587081], [121.658625, 17.588429], [121.654583, 17.588429], [121.654583, 17.589776], [121.651888, 17.589776], [121.651888, 17.591123], [121.653235, 17.591123], [121.653235, 17.592471], [121.651888, 17.592471], [121.651888, 17.596513], [121.653235, 17.596513], [121.653235, 17.595166], [121.654583, 17.595166], [121.654583, 17.596513], [121.65593, 17.596513], [121.65593, 17.597861], [121.653235, 17.597861], [121.653235, 17.599208], [121.651888, 17.599208], [121.651888, 17.601903], [121.653235, 17.601903], [121.653235, 17.607293], [121.654583, 17.607293], [121.654583, 17.605946], [121.657278, 17.605946], [121.657278, 17.604598], [121.658625, 17.604598], [121.658625, 17.603251], [121.659973, 17.603251], [121.659973, 17.605946], [121.658625, 17.605946], [121.658625, 17.609988], [121.657278, 17.609988], [121.657278, 17.611336], [121.659973, 17.611336], [121.659973, 17.612683], [121.662668, 17.612683], [121.662668, 17.611336], [121.664015, 17.611336], [121.664015, 17.609988], [121.665362, 17.609988], [121.665362, 17.608641], [121.668057, 17.608641], [121.668057, 17.609988], [121.66671, 17.609988], [121.66671, 17.611336], [121.665362, 17.611336], [121.665362, 17.614031], [121.662668, 17.614031], [121.662668, 17.618073], [121.665362, 17.618073], [121.665362, 17.616725], [121.668057, 17.616725], [121.668057, 17.618073], [121.66671, 17.618073], [121.66671, 17.622115], [121.665362, 17.622115], [121.665362, 17.62481], [121.66671, 17.62481], [121.66671, 17.626158], [121.665362, 17.626158], [121.665362, 17.628853], [121.664015, 17.628853], [121.664015, 17.6302], [121.662668, 17.6302], [121.662668, 17.631548], [121.659973, 17.631548], [121.659973, 17.6302], [121.658625, 17.6302], [121.658625, 17.627505], [121.659973, 17.627505], [121.659973, 17.626158], [121.664015, 17.626158], [121.664015, 17.62481], [121.662668, 17.62481], [121.662668, 17.622115], [121.66132, 17.622115], [121.66132, 17.620768], [121.658625, 17.620768], [121.658625, 17.61942], [121.657278, 17.61942], [121.657278, 17.618073], [121.65593, 17.618073], [121.65593, 17.615378], [121.653235, 17.615378], [121.653235, 17.618073], [121.651888, 17.618073], [121.651888, 17.61942], [121.653235, 17.61942], [121.653235, 17.620768], [121.657278, 17.620768], [121.657278, 17.622115], [121.65593, 17.622115], [121.65593, 17.62481], [121.657278, 17.62481], [121.657278, 17.627505], [121.65593, 17.627505], [121.65593, 17.638285], [121.657278, 17.638285], [121.657278, 17.64098], [121.65593, 17.64098], [121.65593, 17.64637], [121.654583, 17.64637], [121.654583, 17.65176], [121.659973, 17.65176], [121.659973, 17.650412], [121.66132, 17.650412], [121.66132, 17.649065], [121.659973, 17.649065], [121.659973, 17.647717], [121.66132, 17.647717], [121.66132, 17.645022], [121.659973, 17.645022], [121.659973, 17.643675], [121.658625, 17.643675], [121.658625, 17.642327], [121.662668, 17.642327], [121.662668, 17.643675], [121.665362, 17.643675], [121.665362, 17.645022], [121.66671, 17.645022], [121.66671, 17.64098], [121.669405, 17.64098], [121.669405, 17.636938], [121.668057, 17.636938], [121.668057, 17.634243], [121.66671, 17.634243], [121.66671, 17.632895], [121.665362, 17.632895], [121.665362, 17.631548], [121.669405, 17.631548], [121.669405, 17.6302], [121.670752, 17.6302], [121.670752, 17.626158], [121.6721, 17.626158], [121.6721, 17.62481], [121.673447, 17.62481], [121.673447, 17.623463], [121.6721, 17.623463], [121.6721, 17.622115], [121.673447, 17.622115], [121.673447, 17.620768], [121.674795, 17.620768], [121.674795, 17.622115], [121.67749, 17.622115], [121.67749, 17.623463], [121.678837, 17.623463], [121.678837, 17.61942], [121.67749, 17.61942], [121.67749, 17.615378], [121.676142, 17.615378], [121.676142, 17.614031], [121.674795, 17.614031], [121.674795, 17.608641], [121.673447, 17.608641], [121.673447, 17.603251], [121.674795, 17.603251], [121.674795, 17.601903], [121.67749, 17.601903], [121.67749, 17.600556], [121.674795, 17.600556], [121.674795, 17.599208], [121.6721, 17.599208], [121.6721, 17.596513], [121.670752, 17.596513], [121.670752, 17.592471], [121.669405, 17.592471], [121.669405, 17.588429], [121.670752, 17.588429], [121.670752, 17.587081], [121.6721, 17.587081], [121.6721, 17.585734], [121.670752, 17.585734], [121.670752, 17.584386], [121.669405, 17.584386], [121.669405, 17.583039], [121.6721, 17.583039], [121.6721, 17.580344], [121.673447, 17.580344], [121.673447, 17.578996], [121.674795, 17.578996], [121.674795, 17.577649], [121.673447, 17.577649], [121.673447, 17.576301], [121.6721, 17.576301], [121.6721, 17.572259], [121.674795, 17.572259], [121.674795, 17.568216], [121.673447, 17.568216], [121.673447, 17.566869], [121.6721, 17.566869], [121.6721, 17.565521], [121.673447, 17.565521], [121.673447, 17.564174], [121.674795, 17.564174], [121.674795, 17.561479], [121.673447, 17.561479], [121.673447, 17.560132], [121.6721, 17.560132], [121.6721, 17.561479], [121.669405, 17.561479], [121.669405, 17.557437], [121.668057, 17.557437], [121.668057, 17.556089], [121.66671, 17.556089], [121.66671, 17.554742], [121.668057, 17.554742], [121.668057, 17.553394], [121.66671, 17.553394], [121.66671, 17.548004], [121.668057, 17.548004], [121.668057, 17.546657], [121.66671, 17.546657], [121.66671, 17.543962], [121.668057, 17.543962], [121.668057, 17.53992], [121.669405, 17.53992], [121.669405, 17.542614], [121.670752, 17.542614], [121.670752, 17.541267], [121.6721, 17.541267], [121.6721, 17.538572], [121.673447, 17.538572], [121.673447, 17.53453], [121.674795, 17.53453], [121.674795, 17.537225], [121.67749, 17.537225], [121.67749, 17.535877], [121.676142, 17.535877], [121.676142, 17.531835], [121.674795, 17.531835], [121.674795, 17.52914], [121.673447, 17.52914], [121.673447, 17.526445], [121.6721, 17.526445], [121.6721, 17.52375], [121.670752, 17.52375], [121.670752, 17.522402], [121.674795, 17.522402], [121.674795, 17.519707], [121.673447, 17.519707], [121.673447, 17.51836], [121.674795, 17.51836], [121.674795, 17.514318], [121.673447, 17.514318], [121.673447, 17.51297], [121.669405, 17.51297], [121.669405, 17.511623], [121.674795, 17.511623], [121.674795, 17.508928], [121.673447, 17.508928], [121.673447, 17.50758], [121.6721, 17.50758], [121.6721, 17.506233], [121.67749, 17.506233], [121.67749, 17.503538], [121.674795, 17.503538], [121.674795, 17.50219], [121.676142, 17.50219], [121.676142, 17.500843], [121.67749, 17.500843], [121.67749, 17.4968], [121.674795, 17.4968], [121.674795, 17.495453], [121.673447, 17.495453], [121.673447, 17.494105], [121.676142, 17.494105], [121.676142, 17.49141], [121.674795, 17.49141], [121.674795, 17.483326], [121.673447, 17.483326], [121.673447, 17.480631], [121.6721, 17.480631], [121.6721, 17.475241], [121.670752, 17.475241], [121.670752, 17.471198], [121.669405, 17.471198], [121.669405, 17.460419], [121.670752, 17.460419], [121.670752, 17.455029], [121.664015, 17.455029], [121.664015, 17.453681], [121.662668, 17.453681], [121.662668, 17.450986], [121.664015, 17.450986], [121.664015, 17.452334], [121.66671, 17.452334], [121.66671, 17.453681], [121.670752, 17.453681], [121.670752, 17.449639], [121.669405, 17.449639], [121.669405, 17.442901], [121.668057, 17.442901], [121.668057, 17.444249], [121.66671, 17.444249], [121.66671, 17.445596], [121.665362, 17.445596], [121.665362, 17.444249], [121.664015, 17.444249], [121.664015, 17.446944], [121.665362, 17.446944], [121.665362, 17.449639], [121.664015, 17.449639], [121.664015, 17.448291], [121.66132, 17.448291], [121.66132, 17.445596], [121.659973, 17.445596], [121.659973, 17.444249], [121.66132, 17.444249], [121.66132, 17.442901], [121.657278, 17.442901], [121.657278, 17.444249], [121.65593, 17.444249], [121.65593, 17.442901], [121.65054, 17.442901], [121.65054, 17.444249], [121.646498, 17.444249], [121.646498, 17.442901], [121.64515, 17.442901], [121.64515, 17.441554], [121.643803, 17.441554], [121.643803, 17.442901], [121.642455, 17.442901], [121.642455, 17.438859], [121.637066, 17.438859], [121.637066, 17.436164], [121.635718, 17.436164], [121.635718, 17.433469], [121.634371, 17.433469], [121.634371, 17.432122], [121.633023, 17.432122], [121.633023, 17.430774], [121.630328, 17.430774], [121.630328, 17.432122], [121.628981, 17.432122], [121.628981, 17.433469], [121.622243, 17.433469], [121.622243, 17.432122], [121.619548, 17.432122], [121.619548, 17.433469], [121.618201, 17.433469], [121.618201, 17.430774], [121.622243, 17.430774], [121.622243, 17.426732], [121.623591, 17.426732], [121.623591, 17.428079], [121.624938, 17.428079], [121.624938, 17.429427], [121.627633, 17.429427], [121.627633, 17.428079], [121.626286, 17.428079], [121.626286, 17.426732], [121.624938, 17.426732], [121.624938, 17.422689], [121.626286, 17.422689], [121.626286, 17.419994], [121.622243, 17.419994], [121.622243, 17.417299], [121.619548, 17.417299], [121.619548, 17.415952], [121.618201, 17.415952], [121.618201, 17.413257], [121.616853, 17.413257], [121.616853, 17.409215], [121.619548, 17.409215], [121.619548, 17.40652], [121.622243, 17.40652], [121.622243, 17.407867], [121.620896, 17.407867], [121.620896, 17.410562], [121.619548, 17.410562], [121.619548, 17.41191], [121.627633, 17.41191], [121.627633, 17.417299], [121.630328, 17.417299], [121.630328, 17.421342], [121.628981, 17.421342], [121.628981, 17.424037], [121.635718, 17.424037], [121.635718, 17.421342], [121.638413, 17.421342], [121.638413, 17.422689], [121.63976, 17.422689], [121.63976, 17.424037], [121.638413, 17.424037], [121.638413, 17.425384], [121.63976, 17.425384], [121.63976, 17.428079], [121.642455, 17.428079], [121.642455, 17.429427], [121.643803, 17.429427], [121.643803, 17.430774], [121.646498, 17.430774], [121.646498, 17.432122], [121.64515, 17.432122], [121.64515, 17.433469], [121.646498, 17.433469], [121.646498, 17.434817], [121.647845, 17.434817], [121.647845, 17.432122], [121.649193, 17.432122], [121.649193, 17.436164], [121.651888, 17.436164], [121.651888, 17.430774], [121.653235, 17.430774], [121.653235, 17.432122], [121.654583, 17.432122], [121.654583, 17.433469], [121.657278, 17.433469], [121.657278, 17.429427], [121.65593, 17.429427], [121.65593, 17.419994], [121.654583, 17.419994], [121.654583, 17.418647], [121.653235, 17.418647], [121.653235, 17.417299], [121.65593, 17.417299], [121.65593, 17.409215], [121.658625, 17.409215], [121.658625, 17.407867], [121.659973, 17.407867], [121.659973, 17.40652], [121.66132, 17.40652], [121.66132, 17.405172], [121.662668, 17.405172], [121.662668, 17.397087], [121.664015, 17.397087], [121.664015, 17.39574], [121.66671, 17.39574], [121.66671, 17.389003], [121.668057, 17.389003], [121.668057, 17.387655], [121.669405, 17.387655], [121.669405, 17.386308], [121.668057, 17.386308], [121.668057, 17.38496], [121.670752, 17.38496], [121.670752, 17.382265], [121.6721, 17.382265], [121.6721, 17.380918], [121.673447, 17.380918], [121.673447, 17.378223], [121.674795, 17.378223], [121.674795, 17.375528], [121.676142, 17.375528], [121.676142, 17.370138], [121.674795, 17.370138], [121.674795, 17.36879], [121.6721, 17.36879], [121.6721, 17.367443], [121.678837, 17.367443], [121.678837, 17.366096], [121.67749, 17.366096], [121.67749, 17.364748], [121.673447, 17.364748], [121.673447, 17.363401], [121.674795, 17.363401], [121.674795, 17.360706], [121.681532, 17.360706], [121.681532, 17.358011], [121.680185, 17.358011], [121.680185, 17.356663], [121.676142, 17.356663], [121.676142, 17.358011], [121.674795, 17.358011], [121.674795, 17.356663], [121.673447, 17.356663], [121.673447, 17.355316], [121.674795, 17.355316], [121.674795, 17.349926], [121.678837, 17.349926], [121.678837, 17.353968], [121.68288, 17.353968], [121.68288, 17.351273], [121.681532, 17.351273], [121.681532, 17.348578], [121.67749, 17.348578], [121.67749, 17.347231], [121.678837, 17.347231], [121.678837, 17.344536], [121.67749, 17.344536], [121.67749, 17.341841], [121.680185, 17.341841], [121.680185, 17.339146], [121.678837, 17.339146], [121.678837, 17.337799], [121.674795, 17.337799], [121.674795, 17.336451], [121.680185, 17.336451], [121.680185, 17.333756], [121.681532, 17.333756], [121.681532, 17.335104], [121.68288, 17.335104], [121.68288, 17.333756], [121.686922, 17.333756], [121.686922, 17.332409], [121.688269, 17.332409], [121.688269, 17.331061], [121.685575, 17.331061], [121.685575, 17.329714], [121.684227, 17.329714], [121.684227, 17.328366], [121.685575, 17.328366], [121.685575, 17.327019], [121.684227, 17.327019], [121.684227, 17.325671], [121.686922, 17.325671], [121.686922, 17.324324], [121.688269, 17.324324], [121.688269, 17.327019], [121.689617, 17.327019], [121.689617, 17.325671], [121.690964, 17.325671], [121.690964, 17.324324], [121.692312, 17.324324], [121.692312, 17.322976], [121.681532, 17.322976], [121.681532, 17.321629], [121.68288, 17.321629], [121.68288, 17.320281], [121.684227, 17.320281], [121.684227, 17.318934], [121.688269, 17.318934], [121.688269, 17.316239], [121.690964, 17.316239], [121.690964, 17.314892], [121.689617, 17.314892], [121.689617, 17.313544], [121.693659, 17.313544], [121.693659, 17.312197], [121.695007, 17.312197], [121.695007, 17.310849], [121.689617, 17.310849], [121.689617, 17.309502], [121.688269, 17.309502], [121.688269, 17.310849], [121.686922, 17.310849], [121.686922, 17.306807], [121.689617, 17.306807], [121.689617, 17.308154], [121.690964, 17.308154], [121.690964, 17.309502], [121.695007, 17.309502], [121.695007, 17.308154], [121.697702, 17.308154], [121.697702, 17.309502], [121.699049, 17.309502], [121.699049, 17.308154], [121.700397, 17.308154], [121.700397, 17.305459], [121.693659, 17.305459], [121.693659, 17.302764], [121.692312, 17.302764], [121.692312, 17.304112], [121.690964, 17.304112], [121.690964, 17.302764], [121.688269, 17.302764], [121.688269, 17.301417], [121.692312, 17.301417], [121.692312, 17.300069], [121.696354, 17.300069], [121.696354, 17.301417], [121.697702, 17.301417], [121.697702, 17.302764], [121.700397, 17.302764], [121.700397, 17.304112], [121.701744, 17.304112], [121.701744, 17.305459], [121.703092, 17.305459], [121.703092, 17.306807], [121.704439, 17.306807], [121.704439, 17.304112], [121.705787, 17.304112], [121.705787, 17.301417], [121.701744, 17.301417], [121.701744, 17.300069], [121.700397, 17.300069], [121.700397, 17.298722], [121.701744, 17.298722], [121.701744, 17.297374], [121.708482, 17.297374], [121.708482, 17.294679], [121.707134, 17.294679], [121.707134, 17.296027], [121.704439, 17.296027], [121.704439, 17.294679], [121.705787, 17.294679], [121.705787, 17.293332], [121.704439, 17.293332], [121.704439, 17.291984], [121.699049, 17.291984], [121.699049, 17.293332], [121.697702, 17.293332], [121.697702, 17.290637], [121.696354, 17.290637], [121.696354, 17.28929], [121.695007, 17.28929], [121.695007, 17.287942], [121.696354, 17.287942], [121.696354, 17.286595], [121.697702, 17.286595], [121.697702, 17.2839], [121.699049, 17.2839], [121.699049, 17.285247], [121.701744, 17.285247], [121.701744, 17.287942], [121.704439, 17.287942], [121.704439, 17.286595], [121.708482, 17.286595], [121.708482, 17.285247], [121.709829, 17.285247], [121.709829, 17.282552], [121.708482, 17.282552], [121.708482, 17.27851], [121.709829, 17.27851], [121.709829, 17.277162], [121.711177, 17.277162], [121.711177, 17.275815], [121.709829, 17.275815], [121.709829, 17.27312], [121.711177, 17.27312], [121.711177, 17.271772], [121.708482, 17.271772], [121.708482, 17.269077], [121.707134, 17.269077], [121.707134, 17.265035], [121.708482, 17.265035], [121.708482, 17.266383], [121.711177, 17.266383], [121.711177, 17.265035], [121.716566, 17.265035], [121.716566, 17.263688], [121.715219, 17.263688], [121.715219, 17.26234], [121.716566, 17.26234], [121.716566, 17.260993], [121.712524, 17.260993], [121.712524, 17.259645], [121.708482, 17.259645], [121.708482, 17.258298], [121.707134, 17.258298], [121.707134, 17.25695], [121.705787, 17.25695], [121.705787, 17.254255], [121.707134, 17.254255], [121.707134, 17.255603], [121.711177, 17.255603], [121.711177, 17.254255], [121.712524, 17.254255], [121.712524, 17.252908], [121.711177, 17.252908], [121.711177, 17.25156], [121.713871, 17.25156], [121.713871, 17.252908], [121.716566, 17.252908], [121.716566, 17.25156], [121.717914, 17.25156], [121.717914, 17.250213], [121.716566, 17.250213], [121.716566, 17.248865], [121.719261, 17.248865], [121.719261, 17.24617], [121.715219, 17.24617], [121.715219, 17.244823], [121.720609, 17.244823], [121.720609, 17.242128], [121.719261, 17.242128], [121.719261, 17.240781], [121.720609, 17.240781], [121.720609, 17.239433], [121.721956, 17.239433], [121.721956, 17.238086], [121.719261, 17.238086], [121.719261, 17.235391], [121.721956, 17.235391], [121.721956, 17.234043], [121.720609, 17.234043], [121.720609, 17.232696], [121.717914, 17.232696], [121.717914, 17.234043], [121.713871, 17.234043], [121.713871, 17.232696], [121.716566, 17.232696], [121.716566, 17.231348], [121.720609, 17.231348], [121.720609, 17.228653], [121.721956, 17.228653], [121.721956, 17.230001], [121.724651, 17.230001], [121.724651, 17.228653], [121.723304, 17.228653], [121.723304, 17.227306], [121.721956, 17.227306], [121.721956, 17.225958], [121.720609, 17.225958], [121.720609, 17.221916], [121.721956, 17.221916], [121.721956, 17.224611], [121.724651, 17.224611], [121.724651, 17.225958], [121.725999, 17.225958], [121.725999, 17.220568], [121.728694, 17.220568], [121.728694, 17.221916], [121.730041, 17.221916], [121.730041, 17.219221], [121.727346, 17.219221], [121.727346, 17.217873], [121.724651, 17.217873], [121.724651, 17.216526], [121.721956, 17.216526], [121.721956, 17.215179], [121.723304, 17.215179], [121.723304, 17.212484], [121.721956, 17.212484], [121.721956, 17.209789], [121.723304, 17.209789], [121.723304, 17.208441], [121.713871, 17.208441], [121.713871, 17.205746], [121.715219, 17.205746], [121.715219, 17.207094], [121.719261, 17.207094], [121.719261, 17.201704], [121.712524, 17.201704], [121.712524, 17.200356], [121.715219, 17.200356], [121.715219, 17.197661], [121.716566, 17.197661], [121.716566, 17.196314], [121.712524, 17.196314], [121.712524, 17.194966], [121.715219, 17.194966], [121.715219, 17.193619], [121.713871, 17.193619], [121.713871, 17.189577], [121.712524, 17.189577], [121.712524, 17.188229], [121.716566, 17.188229], [121.716566, 17.186882], [121.712524, 17.186882], [121.712524, 17.184187], [121.711177, 17.184187], [121.711177, 17.182839], [121.708482, 17.182839], [121.708482, 17.184187], [121.707134, 17.184187], [121.707134, 17.182839], [121.705787, 17.182839], [121.705787, 17.181492], [121.704439, 17.181492], [121.704439, 17.182839], [121.699049, 17.182839], [121.699049, 17.181492], [121.700397, 17.181492], [121.700397, 17.177449], [121.699049, 17.177449], [121.699049, 17.180144], [121.697702, 17.180144], [121.697702, 17.177449], [121.696354, 17.177449], [121.696354, 17.178797], [121.695007, 17.178797], [121.695007, 17.181492], [121.692312, 17.181492], [121.692312, 17.177449], [121.690964, 17.177449], [121.690964, 17.178797], [121.689617, 17.178797], [121.689617, 17.182839], [121.684227, 17.182839], [121.684227, 17.184187], [121.686922, 17.184187], [121.686922, 17.185534], [121.685575, 17.185534], [121.685575, 17.186882], [121.686922, 17.186882], [121.686922, 17.189577], [121.681532, 17.189577], [121.681532, 17.192271], [121.68288, 17.192271], [121.68288, 17.193619], [121.684227, 17.193619], [121.684227, 17.194966], [121.681532, 17.194966], [121.681532, 17.196314], [121.680185, 17.196314], [121.680185, 17.197661], [121.681532, 17.197661], [121.681532, 17.199009], [121.680185, 17.199009], [121.680185, 17.200356], [121.67749, 17.200356], [121.67749, 17.196314], [121.676142, 17.196314], [121.676142, 17.200356], [121.674795, 17.200356], [121.674795, 17.203051], [121.67749, 17.203051], [121.67749, 17.204399], [121.676142, 17.204399], [121.676142, 17.207094], [121.674795, 17.207094], [121.674795, 17.208441], [121.681532, 17.208441], [121.681532, 17.211136], [121.680185, 17.211136], [121.680185, 17.212484], [121.681532, 17.212484], [121.681532, 17.213831], [121.67749, 17.213831], [121.67749, 17.215179], [121.676142, 17.215179], [121.676142, 17.219221], [121.674795, 17.219221], [121.674795, 17.216526], [121.673447, 17.216526], [121.673447, 17.217873], [121.6721, 17.217873], [121.6721, 17.220568], [121.673447, 17.220568], [121.673447, 17.221916], [121.676142, 17.221916], [121.676142, 17.224611], [121.674795, 17.224611], [121.674795, 17.223263], [121.6721, 17.223263], [121.6721, 17.221916], [121.669405, 17.221916], [121.669405, 17.224611], [121.668057, 17.224611], [121.668057, 17.223263], [121.66671, 17.223263], [121.66671, 17.225958], [121.669405, 17.225958], [121.669405, 17.227306], [121.670752, 17.227306], [121.670752, 17.230001], [121.6721, 17.230001], [121.6721, 17.232696], [121.670752, 17.232696], [121.670752, 17.231348], [121.669405, 17.231348], [121.669405, 17.232696], [121.668057, 17.232696], [121.668057, 17.231348], [121.664015, 17.231348], [121.664015, 17.232696], [121.665362, 17.232696], [121.665362, 17.234043], [121.662668, 17.234043], [121.662668, 17.236738], [121.664015, 17.236738], [121.664015, 17.238086], [121.66671, 17.238086], [121.66671, 17.240781], [121.665362, 17.240781], [121.665362, 17.242128], [121.66671, 17.242128], [121.66671, 17.243475], [121.662668, 17.243475], [121.662668, 17.244823], [121.66132, 17.244823], [121.66132, 17.24617], [121.658625, 17.24617], [121.658625, 17.247518], [121.66132, 17.247518], [121.66132, 17.25156], [121.662668, 17.25156], [121.662668, 17.250213], [121.664015, 17.250213], [121.664015, 17.25156], [121.665362, 17.25156], [121.665362, 17.252908], [121.659973, 17.252908], [121.659973, 17.25156], [121.657278, 17.25156], [121.657278, 17.252908], [121.658625, 17.252908], [121.658625, 17.255603], [121.659973, 17.255603], [121.659973, 17.258298], [121.66132, 17.258298], [121.66132, 17.259645], [121.658625, 17.259645], [121.658625, 17.258298], [121.653235, 17.258298], [121.653235, 17.255603], [121.65054, 17.255603], [121.65054, 17.258298], [121.651888, 17.258298], [121.651888, 17.259645], [121.649193, 17.259645], [121.649193, 17.260993], [121.651888, 17.260993], [121.651888, 17.263688], [121.653235, 17.263688], [121.653235, 17.265035], [121.651888, 17.265035], [121.651888, 17.26773], [121.65054, 17.26773], [121.65054, 17.266383], [121.649193, 17.266383], [121.649193, 17.265035], [121.646498, 17.265035], [121.646498, 17.26773], [121.64515, 17.26773], [121.64515, 17.270425], [121.643803, 17.270425], [121.643803, 17.26773], [121.641108, 17.26773], [121.641108, 17.270425], [121.63976, 17.270425], [121.63976, 17.271772], [121.638413, 17.271772], [121.638413, 17.274467], [121.637066, 17.274467], [121.637066, 17.275815], [121.638413, 17.275815], [121.638413, 17.277162], [121.63976, 17.277162], [121.63976, 17.27851], [121.642455, 17.27851], [121.642455, 17.279857], [121.641108, 17.279857], [121.641108, 17.282552], [121.63976, 17.282552], [121.63976, 17.285247], [121.641108, 17.285247], [121.641108, 17.286595], [121.638413, 17.286595], [121.638413, 17.287942], [121.637066, 17.287942], [121.637066, 17.286595], [121.635718, 17.286595], [121.635718, 17.28929], [121.634371, 17.28929], [121.634371, 17.291984], [121.633023, 17.291984], [121.633023, 17.293332], [121.631676, 17.293332], [121.631676, 17.294679], [121.633023, 17.294679], [121.633023, 17.297374], [121.628981, 17.297374], [121.628981, 17.296027], [121.630328, 17.296027], [121.630328, 17.293332], [121.628981, 17.293332], [121.628981, 17.291984], [121.627633, 17.291984], [121.627633, 17.294679], [121.626286, 17.294679], [121.626286, 17.296027], [121.624938, 17.296027], [121.624938, 17.298722], [121.626286, 17.298722], [121.626286, 17.300069], [121.624938, 17.300069], [121.624938, 17.304112], [121.622243, 17.304112], [121.622243, 17.310849], [121.619548, 17.310849], [121.619548, 17.312197], [121.618201, 17.312197], [121.618201, 17.313544], [121.616853, 17.313544], [121.616853, 17.312197], [121.615506, 17.312197], [121.615506, 17.309502], [121.616853, 17.309502], [121.616853, 17.306807], [121.618201, 17.306807], [121.618201, 17.305459], [121.619548, 17.305459], [121.619548, 17.304112], [121.618201, 17.304112], [121.618201, 17.302764], [121.616853, 17.302764], [121.616853, 17.304112], [121.615506, 17.304112], [121.615506, 17.302764], [121.614158, 17.302764], [121.614158, 17.304112], [121.611464, 17.304112], [121.611464, 17.301417], [121.612811, 17.301417], [121.612811, 17.300069], [121.615506, 17.300069], [121.615506, 17.298722], [121.614158, 17.298722], [121.614158, 17.297374], [121.616853, 17.297374], [121.616853, 17.294679], [121.619548, 17.294679], [121.619548, 17.293332], [121.618201, 17.293332], [121.618201, 17.291984], [121.623591, 17.291984], [121.623591, 17.290637], [121.619548, 17.290637], [121.619548, 17.287942], [121.618201, 17.287942], [121.618201, 17.2839], [121.616853, 17.2839], [121.616853, 17.285247], [121.614158, 17.285247], [121.614158, 17.287942], [121.615506, 17.287942], [121.615506, 17.28929], [121.614158, 17.28929], [121.614158, 17.290637], [121.611464, 17.290637], [121.611464, 17.293332], [121.610116, 17.293332], [121.610116, 17.290637], [121.608769, 17.290637], [121.608769, 17.291984], [121.606074, 17.291984], [121.606074, 17.287942], [121.603379, 17.287942], [121.603379, 17.290637], [121.602031, 17.290637], [121.602031, 17.291984], [121.600684, 17.291984], [121.600684, 17.297374], [121.602031, 17.297374], [121.602031, 17.298722], [121.600684, 17.298722], [121.600684, 17.301417], [121.599336, 17.301417], [121.599336, 17.300069], [121.597989, 17.300069], [121.597989, 17.301417], [121.596641, 17.301417], [121.596641, 17.304112], [121.593946, 17.304112], [121.593946, 17.302764], [121.592599, 17.302764], [121.592599, 17.309502], [121.591251, 17.309502], [121.591251, 17.314892], [121.589904, 17.314892], [121.589904, 17.309502], [121.588557, 17.309502], [121.588557, 17.310849], [121.587209, 17.310849], [121.587209, 17.305459], [121.588557, 17.305459], [121.588557, 17.304112], [121.589904, 17.304112], [121.589904, 17.301417], [121.587209, 17.301417], [121.587209, 17.302764], [121.585862, 17.302764], [121.585862, 17.304112], [121.584514, 17.304112], [121.584514, 17.300069], [121.585862, 17.300069], [121.585862, 17.298722], [121.579124, 17.298722], [121.579124, 17.296027], [121.577777, 17.296027], [121.577777, 17.294679], [121.573734, 17.294679], [121.573734, 17.293332], [121.572387, 17.293332], [121.572387, 17.291984], [121.573734, 17.291984], [121.573734, 17.290637], [121.571039, 17.290637], [121.571039, 17.291984], [121.569692, 17.291984], [121.569692, 17.293332], [121.568344, 17.293332], [121.568344, 17.294679], [121.564302, 17.294679], [121.564302, 17.300069], [121.565649, 17.300069], [121.565649, 17.302764], [121.564302, 17.302764], [121.564302, 17.301417], [121.561607, 17.301417], [121.561607, 17.297374], [121.562955, 17.297374], [121.562955, 17.294679], [121.561607, 17.294679], [121.561607, 17.293332], [121.562955, 17.293332], [121.562955, 17.290637], [121.561607, 17.290637], [121.561607, 17.28929], [121.566997, 17.28929], [121.566997, 17.287942], [121.565649, 17.287942], [121.565649, 17.27851], [121.566997, 17.27851], [121.566997, 17.26773], [121.565649, 17.26773], [121.565649, 17.269077], [121.564302, 17.269077], [121.564302, 17.266383], [121.562955, 17.266383], [121.562955, 17.26773], [121.561607, 17.26773], [121.561607, 17.270425], [121.558912, 17.270425], [121.558912, 17.271772], [121.556217, 17.271772], [121.556217, 17.27312], [121.558912, 17.27312], [121.558912, 17.274467], [121.56026, 17.274467], [121.56026, 17.277162], [121.558912, 17.277162], [121.558912, 17.27851], [121.557565, 17.27851], [121.557565, 17.281205], [121.556217, 17.281205], [121.556217, 17.282552], [121.55487, 17.282552], [121.55487, 17.281205], [121.552175, 17.281205], [121.552175, 17.285247], [121.55487, 17.285247], [121.55487, 17.28929], [121.557565, 17.28929], [121.557565, 17.290637], [121.553522, 17.290637], [121.553522, 17.294679], [121.550827, 17.294679], [121.550827, 17.290637], [121.552175, 17.290637], [121.552175, 17.287942], [121.553522, 17.287942], [121.553522, 17.286595], [121.550827, 17.286595], [121.550827, 17.285247], [121.54948, 17.285247], [121.54948, 17.282552], [121.548132, 17.282552], [121.548132, 17.27851], [121.54948, 17.27851], [121.54948, 17.277162], [121.550827, 17.277162], [121.550827, 17.274467], [121.548132, 17.274467], [121.548132, 17.271772], [121.546785, 17.271772], [121.546785, 17.27312], [121.545437, 17.27312], [121.545437, 17.275815], [121.542742, 17.275815], [121.542742, 17.285247], [121.540047, 17.285247], [121.540047, 17.279857], [121.541395, 17.279857], [121.541395, 17.27851], [121.537353, 17.27851], [121.537353, 17.275815], [121.540047, 17.275815], [121.540047, 17.271772], [121.534658, 17.271772], [121.534658, 17.270425], [121.53331, 17.270425], [121.53331, 17.269077], [121.536005, 17.269077], [121.536005, 17.270425], [121.537353, 17.270425], [121.537353, 17.269077], [121.5387, 17.269077], [121.5387, 17.270425], [121.54409, 17.270425], [121.54409, 17.269077], [121.542742, 17.269077], [121.542742, 17.26773], [121.54409, 17.26773], [121.54409, 17.265035], [121.545437, 17.265035], [121.545437, 17.263688], [121.546785, 17.263688], [121.546785, 17.26234], [121.54948, 17.26234], [121.54948, 17.266383], [121.550827, 17.266383], [121.550827, 17.265035], [121.552175, 17.265035], [121.552175, 17.263688], [121.550827, 17.263688], [121.550827, 17.260993], [121.552175, 17.260993], [121.552175, 17.258298], [121.553522, 17.258298], [121.553522, 17.255603], [121.552175, 17.255603], [121.552175, 17.25156], [121.54948, 17.25156], [121.54948, 17.247518], [121.552175, 17.247518], [121.552175, 17.248865], [121.553522, 17.248865], [121.553522, 17.24617], [121.552175, 17.24617], [121.552175, 17.243475], [121.553522, 17.243475], [121.553522, 17.244823], [121.55487, 17.244823], [121.55487, 17.240781], [121.550827, 17.240781], [121.550827, 17.242128], [121.54948, 17.242128], [121.54948, 17.24617], [121.548132, 17.24617], [121.548132, 17.242128], [121.546785, 17.242128], [121.546785, 17.240781], [121.548132, 17.240781], [121.548132, 17.238086], [121.546785, 17.238086], [121.546785, 17.236738], [121.548132, 17.236738], [121.548132, 17.234043], [121.545437, 17.234043], [121.545437, 17.232696], [121.54409, 17.232696], [121.54409, 17.234043], [121.542742, 17.234043], [121.542742, 17.231348], [121.550827, 17.231348], [121.550827, 17.230001], [121.552175, 17.230001], [121.552175, 17.227306], [121.553522, 17.227306], [121.553522, 17.228653], [121.55487, 17.228653], [121.55487, 17.223263], [121.552175, 17.223263], [121.552175, 17.224611], [121.550827, 17.224611], [121.550827, 17.219221], [121.552175, 17.219221], [121.552175, 17.220568], [121.55487, 17.220568], [121.55487, 17.217873], [121.552175, 17.217873], [121.552175, 17.216526], [121.553522, 17.216526], [121.553522, 17.215179], [121.550827, 17.215179], [121.550827, 17.213831], [121.552175, 17.213831], [121.552175, 17.212484], [121.550827, 17.212484], [121.550827, 17.209789], [121.552175, 17.209789], [121.552175, 17.208441], [121.550827, 17.208441], [121.550827, 17.207094], [121.54948, 17.207094], [121.54948, 17.203051], [121.550827, 17.203051], [121.550827, 17.200356], [121.54948, 17.200356], [121.54948, 17.199009], [121.54409, 17.199009], [121.54409, 17.197661], [121.545437, 17.197661], [121.545437, 17.196314], [121.548132, 17.196314], [121.548132, 17.194966], [121.54948, 17.194966], [121.54948, 17.189577], [121.553522, 17.189577], [121.553522, 17.188229], [121.552175, 17.188229], [121.552175, 17.186882], [121.550827, 17.186882], [121.550827, 17.185534], [121.552175, 17.185534], [121.552175, 17.184187], [121.557565, 17.184187], [121.557565, 17.186882], [121.56026, 17.186882], [121.56026, 17.185534], [121.558912, 17.185534], [121.558912, 17.182839], [121.556217, 17.182839], [121.556217, 17.181492], [121.55487, 17.181492], [121.55487, 17.177449], [121.552175, 17.177449], [121.552175, 17.176102], [121.553522, 17.176102], [121.553522, 17.174754], [121.556217, 17.174754], [121.556217, 17.173407], [121.557565, 17.173407], [121.557565, 17.170712], [121.556217, 17.170712], [121.556217, 17.169364], [121.558912, 17.169364], [121.558912, 17.165322], [121.55487, 17.165322], [121.55487, 17.163975], [121.557565, 17.163975], [121.557565, 17.162627], [121.561607, 17.162627], [121.561607, 17.163975], [121.562955, 17.163975], [121.562955, 17.159932], [121.561607, 17.159932], [121.561607, 17.158585], [121.565649, 17.158585], [121.565649, 17.15589], [121.564302, 17.15589], [121.564302, 17.151847], [121.561607, 17.151847], [121.561607, 17.147805], [121.562955, 17.147805], [121.562955, 17.14511], [121.558912, 17.14511], [121.558912, 17.143762], [121.56026, 17.143762], [121.56026, 17.142415], [121.561607, 17.142415], [121.561607, 17.141068], [121.558912, 17.141068], [121.558912, 17.13972], [121.557565, 17.13972], [121.557565, 17.138373], [121.55487, 17.138373], [121.55487, 17.137025], [121.556217, 17.137025], [121.556217, 17.135678], [121.558912, 17.135678], [121.558912, 17.13433], [121.557565, 17.13433], [121.557565, 17.132983], [121.556217, 17.132983], [121.556217, 17.130288], [121.552175, 17.130288], [121.552175, 17.12894], [121.553522, 17.12894], [121.553522, 17.127593], [121.550827, 17.127593], [121.550827, 17.126245], [121.556217, 17.126245], [121.556217, 17.127593], [121.558912, 17.127593], [121.558912, 17.12894], [121.562955, 17.12894], [121.562955, 17.124898], [121.564302, 17.124898], [121.564302, 17.11816], [121.565649, 17.11816], [121.565649, 17.115466], [121.564302, 17.115466], [121.564302, 17.114118], [121.565649, 17.114118], [121.565649, 17.112771], [121.566997, 17.112771], [121.566997, 17.110076], [121.565649, 17.110076], [121.565649, 17.108728], [121.566997, 17.108728], [121.566997, 17.104686], [121.568344, 17.104686], [121.568344, 17.103338], [121.565649, 17.103338], [121.565649, 17.099296], [121.566997, 17.099296], [121.566997, 17.093906], [121.564302, 17.093906], [121.564302, 17.091211], [121.565649, 17.091211], [121.565649, 17.089864], [121.566997, 17.089864], [121.566997, 17.088516], [121.568344, 17.088516], [121.568344, 17.085821], [121.566997, 17.085821], [121.566997, 17.084474], [121.568344, 17.084474], [121.568344, 17.081779], [121.564302, 17.081779], [121.564302, 17.080431], [121.565649, 17.080431], [121.565649, 17.079084], [121.566997, 17.079084], [121.566997, 17.077736], [121.569692, 17.077736], [121.569692, 17.075041], [121.571039, 17.075041], [121.571039, 17.073694], [121.569692, 17.073694], [121.569692, 17.072346], [121.566997, 17.072346], [121.566997, 17.068304], [121.565649, 17.068304], [121.565649, 17.069651], [121.564302, 17.069651], [121.564302, 17.066957], [121.569692, 17.066957], [121.569692, 17.068304], [121.571039, 17.068304], [121.571039, 17.069651], [121.576429, 17.069651], [121.576429, 17.062914], [121.575082, 17.062914], [121.575082, 17.061567], [121.573734, 17.061567], [121.573734, 17.058872], [121.572387, 17.058872], [121.572387, 17.056177], [121.573734, 17.056177], [121.573734, 17.054829], [121.576429, 17.054829], [121.576429, 17.052134], [121.573734, 17.052134], [121.573734, 17.048092], [121.572387, 17.048092], [121.572387, 17.046744], [121.573734, 17.046744], [121.573734, 17.040007], [121.575082, 17.040007], [121.575082, 17.037312], [121.573734, 17.037312], [121.573734, 17.034617], [121.575082, 17.034617], [121.575082, 17.030575], [121.576429, 17.030575], [121.576429, 17.029227], [121.575082, 17.029227], [121.575082, 17.02788], [121.572387, 17.02788], [121.572387, 17.030575], [121.571039, 17.030575], [121.571039, 17.029227], [121.569692, 17.029227], [121.569692, 17.026532], [121.571039, 17.026532], [121.571039, 17.025185], [121.573734, 17.025185], [121.573734, 17.023837], [121.572387, 17.023837], [121.572387, 17.021142], [121.573734, 17.021142], [121.573734, 17.019795], [121.572387, 17.019795], [121.572387, 17.018447], [121.573734, 17.018447], [121.573734, 17.0171], [121.571039, 17.0171], [121.571039, 17.015753], [121.576429, 17.015753], [121.576429, 17.014405], [121.579124, 17.014405], [121.579124, 17.013058], [121.577777, 17.013058], [121.577777, 17.009015], [121.576429, 17.009015], [121.576429, 17.00632], [121.575082, 17.00632], [121.575082, 17.004973], [121.576429, 17.004973], [121.576429, 17.003625], [121.577777, 17.003625], [121.577777, 17.002278], [121.575082, 17.002278], [121.575082, 16.99554], [121.576429, 16.99554], [121.576429, 16.992846], [121.572387, 16.992846], [121.572387, 16.991498], [121.573734, 16.991498], [121.573734, 16.988803], [121.571039, 16.988803], [121.571039, 16.987456], [121.569692, 16.987456], [121.569692, 16.984761], [121.568344, 16.984761], [121.568344, 16.983413], [121.569692, 16.983413], [121.569692, 16.982066], [121.568344, 16.982066], [121.568344, 16.976676], [121.569692, 16.976676], [121.569692, 16.973981], [121.566997, 16.973981], [121.566997, 16.971286], [121.565649, 16.971286], [121.565649, 16.961854], [121.564302, 16.961854], [121.564302, 16.960506], [121.562955, 16.960506], [121.562955, 16.955116], [121.56026, 16.955116], [121.56026, 16.953769], [121.558912, 16.953769], [121.558912, 16.952421], [121.557565, 16.952421], [121.557565, 16.953769], [121.556217, 16.953769], [121.556217, 16.955116], [121.550827, 16.955116], [121.550827, 16.953769], [121.548132, 16.953769], [121.548132, 16.952421], [121.545437, 16.952421], [121.545437, 16.951074], [121.54409, 16.951074], [121.54409, 16.949726], [121.546785, 16.949726], [121.546785, 16.948379], [121.542742, 16.948379], [121.542742, 16.947031], [121.54409, 16.947031], [121.54409, 16.945684], [121.540047, 16.945684], [121.540047, 16.944336], [121.5387, 16.944336], [121.5387, 16.942989], [121.53331, 16.942989], [121.53331, 16.944336], [121.530615, 16.944336], [121.530615, 16.945684], [121.52792, 16.945684], [121.52792, 16.944336], [121.526573, 16.944336], [121.526573, 16.948379], [121.525225, 16.948379], [121.525225, 16.947031], [121.52253, 16.947031], [121.52253, 16.945684], [121.523878, 16.945684], [121.523878, 16.942989], [121.521183, 16.942989], [121.521183, 16.941642], [121.51714, 16.941642], [121.51714, 16.944336], [121.515793, 16.944336], [121.515793, 16.942989], [121.514445, 16.942989], [121.514445, 16.945684], [121.515793, 16.945684], [121.515793, 16.948379], [121.51714, 16.948379], [121.51714, 16.951074], [121.515793, 16.951074], [121.515793, 16.952421], [121.51714, 16.952421], [121.51714, 16.955116], [121.514445, 16.955116], [121.514445, 16.953769], [121.513098, 16.953769], [121.513098, 16.952421], [121.510403, 16.952421], [121.510403, 16.951074], [121.509056, 16.951074], [121.509056, 16.948379], [121.506361, 16.948379], [121.506361, 16.951074], [121.503666, 16.951074], [121.503666, 16.955116], [121.502318, 16.955116], [121.502318, 16.953769], [121.500971, 16.953769], [121.500971, 16.952421], [121.499623, 16.952421], [121.499623, 16.948379], [121.503666, 16.948379], [121.503666, 16.947031], [121.505013, 16.947031], [121.505013, 16.944336], [121.507708, 16.944336], [121.507708, 16.945684], [121.510403, 16.945684], [121.510403, 16.948379], [121.513098, 16.948379], [121.513098, 16.947031], [121.511751, 16.947031], [121.511751, 16.944336], [121.510403, 16.944336], [121.510403, 16.942989], [121.507708, 16.942989], [121.507708, 16.941642], [121.505013, 16.941642], [121.505013, 16.940294], [121.506361, 16.940294], [121.506361, 16.936252], [121.503666, 16.936252], [121.503666, 16.933557], [121.506361, 16.933557], [121.506361, 16.934904], [121.507708, 16.934904], [121.507708, 16.936252], [121.509056, 16.936252], [121.509056, 16.938947], [121.510403, 16.938947], [121.510403, 16.940294], [121.513098, 16.940294], [121.513098, 16.938947], [121.514445, 16.938947], [121.514445, 16.940294], [121.515793, 16.940294], [121.515793, 16.938947], [121.51714, 16.938947], [121.51714, 16.937599], [121.523878, 16.937599], [121.523878, 16.934904], [121.519835, 16.934904], [121.519835, 16.932209], [121.518488, 16.932209], [121.518488, 16.929514], [121.519835, 16.929514], [121.519835, 16.930862], [121.52253, 16.930862], [121.52253, 16.932209], [121.523878, 16.932209], [121.523878, 16.933557], [121.526573, 16.933557], [121.526573, 16.934904], [121.529268, 16.934904], [121.529268, 16.928167], [121.52792, 16.928167], [121.52792, 16.926819], [121.529268, 16.926819], [121.529268, 16.924124], [121.530615, 16.924124], [121.530615, 16.925472], [121.531963, 16.925472], [121.531963, 16.928167], [121.53331, 16.928167], [121.53331, 16.929514], [121.531963, 16.929514], [121.531963, 16.933557], [121.53331, 16.933557], [121.53331, 16.934904], [121.534658, 16.934904], [121.534658, 16.936252], [121.536005, 16.936252], [121.536005, 16.938947], [121.540047, 16.938947], [121.540047, 16.940294], [121.541395, 16.940294], [121.541395, 16.941642], [121.542742, 16.941642], [121.542742, 16.938947], [121.541395, 16.938947], [121.541395, 16.936252], [121.545437, 16.936252], [121.545437, 16.937599], [121.546785, 16.937599], [121.546785, 16.940294], [121.548132, 16.940294], [121.548132, 16.942989], [121.550827, 16.942989], [121.550827, 16.944336], [121.54948, 16.944336], [121.54948, 16.947031], [121.552175, 16.947031], [121.552175, 16.949726], [121.55487, 16.949726], [121.55487, 16.948379], [121.556217, 16.948379], [121.556217, 16.944336], [121.557565, 16.944336], [121.557565, 16.945684], [121.558912, 16.945684], [121.558912, 16.944336], [121.56026, 16.944336], [121.56026, 16.942989], [121.558912, 16.942989], [121.558912, 16.937599], [121.557565, 16.937599], [121.557565, 16.936252], [121.55487, 16.936252], [121.55487, 16.934904], [121.556217, 16.934904], [121.556217, 16.933557], [121.55487, 16.933557], [121.55487, 16.928167], [121.553522, 16.928167], [121.553522, 16.926819], [121.55487, 16.926819], [121.55487, 16.925472], [121.553522, 16.925472], [121.553522, 16.922777], [121.552175, 16.922777], [121.552175, 16.920082], [121.550827, 16.920082], [121.550827, 16.917387], [121.54948, 16.917387], [121.54948, 16.91604], [121.548132, 16.91604], [121.548132, 16.911997], [121.546785, 16.911997], [121.546785, 16.91065], [121.545437, 16.91065], [121.545437, 16.906607], [121.546785, 16.906607], [121.546785, 16.90526], [121.545437, 16.90526], [121.545437, 16.903912], [121.54409, 16.903912], [121.54409, 16.901217], [121.542742, 16.901217], [121.542742, 16.897175], [121.541395, 16.897175], [121.541395, 16.89448], [121.540047, 16.89448], [121.540047, 16.893133], [121.5387, 16.893133], [121.5387, 16.890438], [121.537353, 16.890438], [121.537353, 16.88909], [121.5387, 16.88909], [121.5387, 16.887743], [121.537353, 16.887743], [121.537353, 16.886395], [121.536005, 16.886395], [121.536005, 16.885048], [121.537353, 16.885048], [121.537353, 16.882353], [121.536005, 16.882353], [121.536005, 16.879658], [121.534658, 16.879658], [121.534658, 16.87831], [121.536005, 16.87831], [121.536005, 16.876963], [121.534658, 16.876963], [121.534658, 16.875615], [121.536005, 16.875615], [121.536005, 16.871573], [121.534658, 16.871573], [121.534658, 16.868878], [121.53331, 16.868878], [121.53331, 16.866183], [121.531963, 16.866183], [121.531963, 16.864836], [121.530615, 16.864836], [121.530615, 16.860793], [121.529268, 16.860793], [121.529268, 16.858098], [121.52792, 16.858098], [121.52792, 16.856751], [121.525225, 16.856751], [121.525225, 16.852708], [121.523878, 16.852708], [121.523878, 16.847318], [121.521183, 16.847318], [121.521183, 16.845971], [121.518488, 16.845971], [121.518488, 16.844623], [121.51714, 16.844623], [121.51714, 16.840581], [121.511751, 16.840581], [121.511751, 16.839234], [121.510403, 16.839234], [121.510403, 16.837886], [121.509056, 16.837886], [121.509056, 16.836539], [121.507708, 16.836539], [121.507708, 16.835191], [121.503666, 16.835191], [121.503666, 16.833844], [121.509056, 16.833844], [121.509056, 16.835191], [121.514445, 16.835191], [121.514445, 16.836539], [121.518488, 16.836539], [121.518488, 16.835191], [121.519835, 16.835191], [121.519835, 16.836539], [121.521183, 16.836539], [121.521183, 16.835191], [121.52253, 16.835191], [121.52253, 16.836539], [121.523878, 16.836539], [121.523878, 16.839234], [121.525225, 16.839234], [121.525225, 16.835191], [121.523878, 16.835191], [121.523878, 16.833844], [121.526573, 16.833844], [121.526573, 16.831149], [121.525225, 16.831149], [121.525225, 16.832496], [121.52253, 16.832496], [121.52253, 16.829801], [121.523878, 16.829801], [121.523878, 16.828454], [121.525225, 16.828454], [121.525225, 16.825759], [121.526573, 16.825759], [121.526573, 16.823064], [121.529268, 16.823064], [121.529268, 16.821716], [121.531963, 16.821716], [121.531963, 16.823064], [121.53331, 16.823064], [121.53331, 16.824411], [121.536005, 16.824411], [121.536005, 16.827106], [121.5387, 16.827106], [121.5387, 16.828454], [121.548132, 16.828454], [121.548132, 16.827106], [121.54948, 16.827106], [121.54948, 16.825759], [121.550827, 16.825759], [121.550827, 16.824411], [121.54948, 16.824411], [121.54948, 16.823064], [121.550827, 16.823064], [121.550827, 16.820369], [121.545437, 16.820369], [121.545437, 16.819021], [121.54409, 16.819021], [121.54409, 16.817674], [121.542742, 16.817674], [121.542742, 16.816327], [121.540047, 16.816327], [121.540047, 16.820369], [121.5387, 16.820369], [121.5387, 16.816327], [121.534658, 16.816327], [121.534658, 16.814979], [121.536005, 16.814979], [121.536005, 16.810937], [121.537353, 16.810937], [121.537353, 16.812284], [121.5387, 16.812284], [121.5387, 16.814979], [121.540047, 16.814979], [121.540047, 16.809589], [121.54409, 16.809589], [121.54409, 16.808242], [121.545437, 16.808242], [121.545437, 16.805547], [121.546785, 16.805547], [121.546785, 16.804199], [121.548132, 16.804199], [121.548132, 16.798809], [121.545437, 16.798809], [121.545437, 16.797462], [121.54409, 16.797462], [121.54409, 16.796114], [121.545437, 16.796114], [121.545437, 16.792072], [121.546785, 16.792072], [121.546785, 16.790725], [121.54409, 16.790725], [121.54409, 16.789377], [121.542742, 16.789377], [121.542742, 16.786682], [121.54409, 16.786682], [121.54409, 16.785335], [121.540047, 16.785335], [121.540047, 16.783987], [121.54409, 16.783987], [121.54409, 16.781292], [121.542742, 16.781292], [121.542742, 16.775902], [121.541395, 16.775902], [121.541395, 16.774555], [121.542742, 16.774555], [121.542742, 16.773207], [121.540047, 16.773207], [121.540047, 16.77186], [121.5387, 16.77186], [121.5387, 16.770512], [121.537353, 16.770512], [121.537353, 16.769165], [121.53331, 16.769165], [121.53331, 16.767818], [121.534658, 16.767818], [121.534658, 16.765123], [121.53331, 16.765123], [121.53331, 16.76647], [121.531963, 16.76647], [121.531963, 16.769165], [121.530615, 16.769165], [121.530615, 16.765123], [121.529268, 16.765123], [121.529268, 16.762428], [121.530615, 16.762428], [121.530615, 16.76108], [121.529268, 16.76108], [121.529268, 16.759733], [121.52792, 16.759733], [121.52792, 16.758385], [121.525225, 16.758385], [121.525225, 16.75569], [121.526573, 16.75569], [121.526573, 16.754343], [121.525225, 16.754343], [121.525225, 16.752995], [121.52253, 16.752995], [121.52253, 16.746258], [121.519835, 16.746258], [121.519835, 16.743563], [121.518488, 16.743563], [121.518488, 16.742216], [121.51714, 16.742216], [121.51714, 16.74491], [121.518488, 16.74491], [121.518488, 16.746258], [121.51714, 16.746258], [121.51714, 16.748953], [121.518488, 16.748953], [121.518488, 16.7503], [121.519835, 16.7503], [121.519835, 16.752995], [121.518488, 16.752995], [121.518488, 16.751648], [121.515793, 16.751648], [121.515793, 16.747605], [121.511751, 16.747605], [121.511751, 16.7503], [121.510403, 16.7503], [121.510403, 16.751648], [121.513098, 16.751648], [121.513098, 16.752995], [121.511751, 16.752995], [121.511751, 16.754343], [121.513098, 16.754343], [121.513098, 16.757038], [121.510403, 16.757038], [121.510403, 16.758385], [121.505013, 16.758385], [121.505013, 16.757038], [121.506361, 16.757038], [121.506361, 16.75569], [121.507708, 16.75569], [121.507708, 16.752995], [121.506361, 16.752995], [121.506361, 16.751648], [121.505013, 16.751648], [121.505013, 16.7503], [121.503666, 16.7503], [121.503666, 16.751648], [121.502318, 16.751648], [121.502318, 16.747605], [121.503666, 16.747605], [121.503666, 16.742216], [121.502318, 16.742216], [121.502318, 16.743563], [121.499623, 16.743563], [121.499623, 16.738173], [121.498276, 16.738173], [121.498276, 16.739521], [121.496928, 16.739521], [121.496928, 16.740868], [121.492886, 16.740868], [121.492886, 16.742216], [121.491538, 16.742216], [121.491538, 16.743563], [121.492886, 16.743563], [121.492886, 16.746258], [121.490191, 16.746258], [121.490191, 16.748953], [121.491538, 16.748953], [121.491538, 16.7503], [121.487496, 16.7503], [121.487496, 16.747605], [121.486149, 16.747605], [121.486149, 16.746258], [121.487496, 16.746258], [121.487496, 16.743563], [121.486149, 16.743563], [121.486149, 16.74491], [121.484801, 16.74491], [121.484801, 16.746258], [121.483454, 16.746258], [121.483454, 16.743563], [121.484801, 16.743563], [121.484801, 16.740868], [121.487496, 16.740868], [121.487496, 16.739521], [121.490191, 16.739521], [121.490191, 16.738173], [121.488844, 16.738173], [121.488844, 16.734131], [121.483454, 16.734131], [121.483454, 16.732783], [121.484801, 16.732783], [121.484801, 16.731436], [121.480759, 16.731436], [121.480759, 16.728741], [121.482106, 16.728741], [121.482106, 16.727393], [121.483454, 16.727393], [121.483454, 16.726046], [121.482106, 16.726046], [121.482106, 16.724698], [121.480759, 16.724698], [121.480759, 16.727393], [121.479411, 16.727393], [121.479411, 16.724698], [121.478064, 16.724698], [121.478064, 16.723351], [121.476716, 16.723351], [121.476716, 16.722003], [121.479411, 16.722003], [121.479411, 16.720656], [121.480759, 16.720656], [121.480759, 16.722003], [121.484801, 16.722003], [121.484801, 16.720656], [121.487496, 16.720656], [121.487496, 16.719309], [121.486149, 16.719309], [121.486149, 16.716614], [121.484801, 16.716614], [121.484801, 16.717961], [121.483454, 16.717961], [121.483454, 16.715266], [121.480759, 16.715266], [121.480759, 16.713919], [121.479411, 16.713919], [121.479411, 16.712571], [121.472674, 16.712571], [121.472674, 16.711224], [121.474021, 16.711224], [121.474021, 16.708529], [121.472674, 16.708529], [121.472674, 16.707181], [121.474021, 16.707181], [121.474021, 16.705834], [121.472674, 16.705834], [121.472674, 16.704486], [121.475369, 16.704486], [121.475369, 16.703139], [121.472674, 16.703139], [121.472674, 16.697749], [121.474021, 16.697749], [121.474021, 16.695054], [121.472674, 16.695054], [121.472674, 16.691012], [121.474021, 16.691012], [121.474021, 16.689664], [121.476716, 16.689664], [121.476716, 16.691012], [121.478064, 16.691012], [121.478064, 16.689664], [121.479411, 16.689664], [121.479411, 16.688317], [121.480759, 16.688317], [121.480759, 16.685622], [121.479411, 16.685622], [121.479411, 16.684274], [121.482106, 16.684274], [121.482106, 16.682927], [121.483454, 16.682927], [121.483454, 16.681579], [121.482106, 16.681579], [121.482106, 16.680232], [121.480759, 16.680232], [121.480759, 16.678884], [121.479411, 16.678884], [121.479411, 16.670799], [121.478064, 16.670799], [121.478064, 16.669452], [121.479411, 16.669452], [121.479411, 16.668105], [121.478064, 16.668105], [121.478064, 16.664062], [121.479411, 16.664062], [121.479411, 16.662715], [121.478064, 16.662715], [121.478064, 16.661367], [121.479411, 16.661367], [121.479411, 16.66002], [121.478064, 16.66002], [121.478064, 16.658672], [121.480759, 16.658672], [121.480759, 16.661367], [121.483454, 16.661367], [121.483454, 16.655977], [121.484801, 16.655977], [121.484801, 16.657325], [121.488844, 16.657325], [121.488844, 16.65463], [121.490191, 16.65463], [121.490191, 16.651935], [121.488844, 16.651935], [121.488844, 16.650587], [121.486149, 16.650587], [121.486149, 16.64924], [121.487496, 16.64924], [121.487496, 16.647892], [121.488844, 16.647892], [121.488844, 16.64924], [121.490191, 16.64924], [121.490191, 16.647892], [121.491538, 16.647892], [121.491538, 16.645197], [121.494233, 16.645197], [121.494233, 16.641155], [121.495581, 16.641155], [121.495581, 16.639808], [121.496928, 16.639808], [121.496928, 16.641155], [121.499623, 16.641155], [121.499623, 16.642503], [121.500971, 16.642503], [121.500971, 16.641155], [121.502318, 16.641155], [121.502318, 16.639808], [121.503666, 16.639808], [121.503666, 16.63846], [121.506361, 16.63846], [121.506361, 16.639808], [121.509056, 16.639808], [121.509056, 16.641155], [121.510403, 16.641155], [121.510403, 16.642503], [121.511751, 16.642503], [121.511751, 16.641155], [121.513098, 16.641155], [121.513098, 16.63846], [121.510403, 16.63846], [121.510403, 16.637113], [121.513098, 16.637113], [121.513098, 16.635765], [121.511751, 16.635765], [121.511751, 16.634418], [121.509056, 16.634418], [121.509056, 16.63307], [121.511751, 16.63307], [121.511751, 16.631723], [121.513098, 16.631723], [121.513098, 16.630375], [121.514445, 16.630375], [121.514445, 16.631723], [121.51714, 16.631723], [121.51714, 16.626333], [121.518488, 16.626333], [121.518488, 16.623638], [121.519835, 16.623638], [121.519835, 16.616901], [121.521183, 16.616901], [121.521183, 16.618248], [121.52253, 16.618248], [121.52253, 16.62229], [121.523878, 16.62229], [121.523878, 16.624985], [121.526573, 16.624985], [121.526573, 16.62229], [121.529268, 16.62229], [121.529268, 16.623638], [121.530615, 16.623638], [121.530615, 16.626333], [121.529268, 16.626333], [121.529268, 16.629028], [121.530615, 16.629028], [121.530615, 16.630375], [121.531963, 16.630375], [121.531963, 16.631723], [121.530615, 16.631723], [121.530615, 16.63307], [121.529268, 16.63307], [121.529268, 16.63846], [121.530615, 16.63846], [121.530615, 16.639808], [121.531963, 16.639808], [121.531963, 16.637113], [121.534658, 16.637113], [121.534658, 16.63846], [121.536005, 16.63846], [121.536005, 16.642503], [121.5387, 16.642503], [121.5387, 16.645197], [121.537353, 16.645197], [121.537353, 16.647892], [121.534658, 16.647892], [121.534658, 16.64924], [121.5387, 16.64924], [121.5387, 16.650587], [121.541395, 16.650587], [121.541395, 16.651935], [121.540047, 16.651935], [121.540047, 16.655977], [121.541395, 16.655977], [121.541395, 16.65463], [121.542742, 16.65463], [121.542742, 16.653282], [121.545437, 16.653282], [121.545437, 16.65463], [121.546785, 16.65463], [121.546785, 16.655977], [121.550827, 16.655977], [121.550827, 16.653282], [121.552175, 16.653282], [121.552175, 16.650587], [121.553522, 16.650587], [121.553522, 16.64924], [121.55487, 16.64924], [121.55487, 16.645197], [121.556217, 16.645197], [121.556217, 16.641155], [121.55487, 16.641155], [121.55487, 16.639808], [121.557565, 16.639808], [121.557565, 16.641155], [121.558912, 16.641155], [121.558912, 16.642503], [121.56026, 16.642503], [121.56026, 16.641155], [121.561607, 16.641155], [121.561607, 16.63846], [121.56026, 16.63846], [121.56026, 16.635765], [121.561607, 16.635765], [121.561607, 16.634418], [121.562955, 16.634418], [121.562955, 16.63307], [121.561607, 16.63307], [121.561607, 16.631723], [121.556217, 16.631723], [121.556217, 16.63307], [121.55487, 16.63307], [121.55487, 16.631723], [121.553522, 16.631723], [121.553522, 16.623638], [121.552175, 16.623638], [121.552175, 16.619596], [121.550827, 16.619596], [121.550827, 16.618248], [121.54948, 16.618248], [121.54948, 16.615553], [121.548132, 16.615553], [121.548132, 16.611511], [121.546785, 16.611511], [121.546785, 16.607468], [121.54409, 16.607468], [121.54409, 16.600731], [121.541395, 16.600731], [121.541395, 16.599383], [121.540047, 16.599383], [121.540047, 16.598036], [121.5387, 16.598036], [121.5387, 16.595341], [121.537353, 16.595341], [121.537353, 16.593994], [121.540047, 16.593994], [121.540047, 16.595341], [121.541395, 16.595341], [121.541395, 16.598036], [121.542742, 16.598036], [121.542742, 16.599383], [121.54409, 16.599383], [121.54409, 16.598036], [121.545437, 16.598036], [121.545437, 16.600731], [121.548132, 16.600731], [121.548132, 16.602078], [121.54948, 16.602078], [121.54948, 16.603426], [121.548132, 16.603426], [121.548132, 16.606121], [121.552175, 16.606121], [121.552175, 16.604773], [121.553522, 16.604773], [121.553522, 16.602078], [121.55487, 16.602078], [121.55487, 16.600731], [121.556217, 16.600731], [121.556217, 16.599383], [121.55487, 16.599383], [121.55487, 16.598036], [121.556217, 16.598036], [121.556217, 16.592646], [121.557565, 16.592646], [121.557565, 16.589951], [121.561607, 16.589951], [121.561607, 16.588604], [121.558912, 16.588604], [121.558912, 16.587256], [121.561607, 16.587256], [121.561607, 16.585909], [121.564302, 16.585909], [121.564302, 16.584561], [121.566997, 16.584561], [121.566997, 16.585909], [121.565649, 16.585909], [121.565649, 16.587256], [121.564302, 16.587256], [121.564302, 16.589951], [121.566997, 16.589951], [121.566997, 16.593994], [121.568344, 16.593994], [121.568344, 16.598036], [121.566997, 16.598036], [121.566997, 16.602078], [121.568344, 16.602078], [121.568344, 16.603426], [121.571039, 16.603426], [121.571039, 16.604773], [121.569692, 16.604773], [121.569692, 16.607468], [121.576429, 16.607468], [121.576429, 16.604773], [121.575082, 16.604773], [121.575082, 16.606121], [121.573734, 16.606121], [121.573734, 16.595341], [121.576429, 16.595341], [121.576429, 16.598036], [121.577777, 16.598036], [121.577777, 16.600731], [121.580472, 16.600731], [121.580472, 16.599383], [121.583167, 16.599383], [121.583167, 16.600731], [121.585862, 16.600731], [121.585862, 16.595341], [121.587209, 16.595341], [121.587209, 16.593994], [121.584514, 16.593994], [121.584514, 16.595341], [121.580472, 16.595341], [121.580472, 16.591299], [121.583167, 16.591299], [121.583167, 16.589951], [121.579124, 16.589951], [121.579124, 16.591299], [121.576429, 16.591299], [121.576429, 16.592646], [121.575082, 16.592646], [121.575082, 16.593994], [121.573734, 16.593994], [121.573734, 16.592646], [121.572387, 16.592646], [121.572387, 16.587256], [121.575082, 16.587256], [121.575082, 16.585909], [121.576429, 16.585909], [121.576429, 16.584561], [121.575082, 16.584561], [121.575082, 16.583214], [121.573734, 16.583214], [121.573734, 16.579171], [121.575082, 16.579171], [121.575082, 16.577824], [121.573734, 16.577824], [121.573734, 16.576476], [121.577777, 16.576476], [121.577777, 16.577824], [121.579124, 16.577824], [121.579124, 16.580519], [121.580472, 16.580519], [121.580472, 16.577824], [121.581819, 16.577824], [121.581819, 16.579171], [121.584514, 16.579171], [121.584514, 16.580519], [121.585862, 16.580519], [121.585862, 16.583214], [121.588557, 16.583214], [121.588557, 16.581866], [121.587209, 16.581866], [121.587209, 16.580519], [121.588557, 16.580519], [121.588557, 16.577824], [121.585862, 16.577824], [121.585862, 16.575129], [121.580472, 16.575129], [121.580472, 16.572434], [121.581819, 16.572434], [121.581819, 16.571086], [121.579124, 16.571086], [121.579124, 16.568392], [121.576429, 16.568392], [121.576429, 16.569739], [121.575082, 16.569739], [121.575082, 16.572434], [121.573734, 16.572434], [121.573734, 16.573781], [121.572387, 16.573781], [121.572387, 16.569739], [121.571039, 16.569739], [121.571039, 16.571086], [121.569692, 16.571086], [121.569692, 16.568392], [121.568344, 16.568392], [121.568344, 16.575129], [121.564302, 16.575129], [121.564302, 16.571086], [121.562955, 16.571086], [121.562955, 16.569739], [121.564302, 16.569739], [121.564302, 16.565697], [121.565649, 16.565697], [121.565649, 16.564349], [121.562955, 16.564349], [121.562955, 16.563002], [121.565649, 16.563002], [121.565649, 16.561654], [121.564302, 16.561654], [121.564302, 16.560307], [121.566997, 16.560307], [121.566997, 16.564349], [121.568344, 16.564349], [121.568344, 16.563002], [121.569692, 16.563002], [121.569692, 16.561654], [121.568344, 16.561654], [121.568344, 16.558959], [121.566997, 16.558959], [121.566997, 16.556264], [121.565649, 16.556264], [121.565649, 16.553569], [121.564302, 16.553569], [121.564302, 16.552222], [121.562955, 16.552222], [121.562955, 16.553569], [121.56026, 16.553569], [121.56026, 16.549527], [121.558912, 16.549527], [121.558912, 16.548179], [121.557565, 16.548179], [121.557565, 16.546832], [121.556217, 16.546832], [121.556217, 16.545484], [121.55487, 16.545484], [121.55487, 16.544137], [121.552175, 16.544137], [121.552175, 16.541442], [121.553522, 16.541442], [121.553522, 16.538747], [121.55487, 16.538747], [121.55487, 16.5374], [121.557565, 16.5374], [121.557565, 16.541442], [121.561607, 16.541442], [121.561607, 16.545484], [121.562955, 16.545484], [121.562955, 16.546832], [121.561607, 16.546832], [121.561607, 16.548179], [121.564302, 16.548179], [121.564302, 16.545484], [121.565649, 16.545484], [121.565649, 16.544137], [121.566997, 16.544137], [121.566997, 16.541442], [121.565649, 16.541442], [121.565649, 16.540095], [121.568344, 16.540095], [121.568344, 16.5374], [121.566997, 16.5374], [121.566997, 16.534705], [121.564302, 16.534705], [121.564302, 16.536052], [121.562955, 16.536052], [121.562955, 16.534705], [121.561607, 16.534705], [121.561607, 16.533357], [121.56026, 16.533357], [121.56026, 16.53201], [121.561607, 16.53201], [121.561607, 16.530662], [121.562955, 16.530662], [121.562955, 16.53201], [121.564302, 16.53201], [121.564302, 16.533357], [121.566997, 16.533357], [121.566997, 16.530662], [121.569692, 16.530662], [121.569692, 16.527967], [121.566997, 16.527967], [121.566997, 16.525272], [121.565649, 16.525272], [121.565649, 16.523925], [121.566997, 16.523925], [121.566997, 16.522577], [121.569692, 16.522577], [121.569692, 16.519883], [121.571039, 16.519883], [121.571039, 16.518535], [121.573734, 16.518535], [121.573734, 16.522577], [121.575082, 16.522577], [121.575082, 16.52123], [121.579124, 16.52123], [121.579124, 16.522577], [121.580472, 16.522577], [121.580472, 16.523925], [121.573734, 16.523925], [121.573734, 16.52662], [121.575082, 16.52662], [121.575082, 16.529315], [121.573734, 16.529315], [121.573734, 16.536052], [121.575082, 16.536052], [121.575082, 16.534705], [121.576429, 16.534705], [121.576429, 16.536052], [121.577777, 16.536052], [121.577777, 16.538747], [121.576429, 16.538747], [121.576429, 16.5374], [121.573734, 16.5374], [121.573734, 16.540095], [121.579124, 16.540095], [121.579124, 16.541442], [121.580472, 16.541442], [121.580472, 16.544137], [121.581819, 16.544137], [121.581819, 16.54279], [121.583167, 16.54279], [121.583167, 16.544137], [121.584514, 16.544137], [121.584514, 16.54279], [121.585862, 16.54279], [121.585862, 16.538747], [121.583167, 16.538747], [121.583167, 16.5374], [121.587209, 16.5374], [121.587209, 16.538747], [121.588557, 16.538747], [121.588557, 16.540095], [121.589904, 16.540095], [121.589904, 16.5374], [121.591251, 16.5374], [121.591251, 16.538747], [121.592599, 16.538747], [121.592599, 16.54279], [121.593946, 16.54279], [121.593946, 16.541442], [121.599336, 16.541442], [121.599336, 16.54279], [121.597989, 16.54279], [121.597989, 16.544137], [121.600684, 16.544137], [121.600684, 16.54279], [121.602031, 16.54279], [121.602031, 16.544137], [121.607421, 16.544137], [121.607421, 16.545484], [121.606074, 16.545484], [121.606074, 16.546832], [121.604726, 16.546832], [121.604726, 16.548179], [121.603379, 16.548179], [121.603379, 16.549527], [121.599336, 16.549527], [121.599336, 16.552222], [121.600684, 16.552222], [121.600684, 16.550874], [121.603379, 16.550874], [121.603379, 16.553569], [121.604726, 16.553569], [121.604726, 16.550874], [121.606074, 16.550874], [121.606074, 16.557612], [121.607421, 16.557612], [121.607421, 16.556264], [121.608769, 16.556264], [121.608769, 16.553569], [121.607421, 16.553569], [121.607421, 16.550874], [121.608769, 16.550874], [121.608769, 16.548179], [121.607421, 16.548179], [121.607421, 16.546832], [121.608769, 16.546832], [121.608769, 16.545484], [121.610116, 16.545484], [121.610116, 16.544137], [121.608769, 16.544137], [121.608769, 16.54279], [121.610116, 16.54279], [121.610116, 16.540095], [121.611464, 16.540095], [121.611464, 16.54279], [121.612811, 16.54279], [121.612811, 16.544137], [121.611464, 16.544137], [121.611464, 16.546832], [121.610116, 16.546832], [121.610116, 16.548179], [121.611464, 16.548179], [121.611464, 16.552222], [121.612811, 16.552222], [121.612811, 16.550874], [121.615506, 16.550874], [121.615506, 16.552222], [121.614158, 16.552222], [121.614158, 16.553569], [121.612811, 16.553569], [121.612811, 16.554917], [121.616853, 16.554917], [121.616853, 16.556264], [121.612811, 16.556264], [121.612811, 16.557612], [121.614158, 16.557612], [121.614158, 16.558959], [121.611464, 16.558959], [121.611464, 16.560307], [121.612811, 16.560307], [121.612811, 16.561654], [121.611464, 16.561654], [121.611464, 16.564349], [121.612811, 16.564349], [121.612811, 16.565697], [121.614158, 16.565697], [121.614158, 16.561654], [121.615506, 16.561654], [121.615506, 16.558959], [121.616853, 16.558959], [121.616853, 16.557612], [121.618201, 16.557612], [121.618201, 16.556264], [121.619548, 16.556264], [121.619548, 16.558959], [121.618201, 16.558959], [121.618201, 16.565697], [121.620896, 16.565697], [121.620896, 16.567044], [121.619548, 16.567044], [121.619548, 16.569739], [121.616853, 16.569739], [121.616853, 16.571086], [121.618201, 16.571086], [121.618201, 16.572434], [121.620896, 16.572434], [121.620896, 16.573781], [121.622243, 16.573781], [121.622243, 16.575129], [121.618201, 16.575129], [121.618201, 16.576476], [121.619548, 16.576476], [121.619548, 16.579171], [121.618201, 16.579171], [121.618201, 16.580519], [121.615506, 16.580519], [121.615506, 16.579171], [121.612811, 16.579171], [121.612811, 16.580519], [121.610116, 16.580519], [121.610116, 16.581866], [121.615506, 16.581866], [121.615506, 16.583214], [121.618201, 16.583214], [121.618201, 16.584561], [121.620896, 16.584561], [121.620896, 16.581866], [121.624938, 16.581866], [121.624938, 16.577824], [121.626286, 16.577824], [121.626286, 16.581866], [121.627633, 16.581866], [121.627633, 16.580519], [121.630328, 16.580519], [121.630328, 16.577824], [121.631676, 16.577824], [121.631676, 16.580519], [121.633023, 16.580519], [121.633023, 16.581866], [121.630328, 16.581866], [121.630328, 16.584561], [121.628981, 16.584561], [121.628981, 16.583214], [121.627633, 16.583214], [121.627633, 16.584561], [121.626286, 16.584561], [121.626286, 16.585909], [121.628981, 16.585909], [121.628981, 16.587256], [121.626286, 16.587256], [121.626286, 16.588604], [121.624938, 16.588604], [121.624938, 16.589951], [121.627633, 16.589951], [121.627633, 16.588604], [121.628981, 16.588604], [121.628981, 16.589951], [121.630328, 16.589951], [121.630328, 16.591299], [121.627633, 16.591299], [121.627633, 16.592646], [121.631676, 16.592646], [121.631676, 16.591299], [121.633023, 16.591299], [121.633023, 16.592646], [121.634371, 16.592646], [121.634371, 16.593994], [121.635718, 16.593994], [121.635718, 16.598036], [121.637066, 16.598036], [121.637066, 16.599383], [121.63976, 16.599383], [121.63976, 16.600731], [121.637066, 16.600731], [121.637066, 16.602078], [121.635718, 16.602078], [121.635718, 16.600731], [121.630328, 16.600731], [121.630328, 16.604773], [121.633023, 16.604773], [121.633023, 16.606121], [121.634371, 16.606121], [121.634371, 16.607468], [121.628981, 16.607468], [121.628981, 16.608816], [121.626286, 16.608816], [121.626286, 16.611511], [121.627633, 16.611511], [121.627633, 16.612858], [121.630328, 16.612858], [121.630328, 16.611511], [121.631676, 16.611511], [121.631676, 16.612858], [121.633023, 16.612858], [121.633023, 16.608816], [121.635718, 16.608816], [121.635718, 16.611511], [121.634371, 16.611511], [121.634371, 16.614206], [121.633023, 16.614206], [121.633023, 16.615553], [121.634371, 16.615553], [121.634371, 16.619596], [121.63976, 16.619596], [121.63976, 16.618248], [121.637066, 16.618248], [121.637066, 16.614206], [121.638413, 16.614206], [121.638413, 16.616901], [121.642455, 16.616901], [121.642455, 16.615553], [121.643803, 16.615553], [121.643803, 16.618248], [121.649193, 16.618248], [121.649193, 16.616901], [121.65054, 16.616901], [121.65054, 16.610163], [121.651888, 16.610163], [121.651888, 16.614206], [121.653235, 16.614206], [121.653235, 16.615553], [121.65593, 16.615553], [121.65593, 16.611511], [121.654583, 16.611511], [121.654583, 16.603426], [121.65593, 16.603426], [121.65593, 16.600731], [121.654583, 16.600731], [121.654583, 16.596688], [121.653235, 16.596688], [121.653235, 16.593994], [121.65593, 16.593994], [121.65593, 16.592646], [121.654583, 16.592646], [121.654583, 16.591299], [121.653235, 16.591299], [121.653235, 16.588604], [121.65593, 16.588604], [121.65593, 16.587256], [121.657278, 16.587256], [121.657278, 16.585909], [121.65593, 16.585909], [121.65593, 16.583214], [121.653235, 16.583214], [121.653235, 16.584561], [121.651888, 16.584561], [121.651888, 16.583214], [121.65054, 16.583214], [121.65054, 16.581866], [121.654583, 16.581866], [121.654583, 16.580519], [121.65593, 16.580519], [121.65593, 16.581866], [121.66132, 16.581866], [121.66132, 16.583214], [121.658625, 16.583214], [121.658625, 16.584561], [121.66132, 16.584561], [121.66132, 16.585909], [121.659973, 16.585909], [121.659973, 16.587256], [121.66132, 16.587256], [121.66132, 16.588604], [121.659973, 16.588604], [121.659973, 16.591299], [121.66132, 16.591299], [121.66132, 16.592646], [121.659973, 16.592646], [121.659973, 16.593994], [121.662668, 16.593994], [121.662668, 16.596688], [121.66132, 16.596688], [121.66132, 16.599383], [121.662668, 16.599383], [121.662668, 16.598036], [121.664015, 16.598036], [121.664015, 16.595341], [121.665362, 16.595341], [121.665362, 16.593994], [121.668057, 16.593994], [121.668057, 16.591299], [121.66671, 16.591299], [121.66671, 16.585909], [121.668057, 16.585909], [121.668057, 16.584561], [121.66671, 16.584561], [121.66671, 16.583214], [121.665362, 16.583214], [121.665362, 16.581866], [121.662668, 16.581866], [121.662668, 16.575129], [121.66132, 16.575129], [121.66132, 16.572434], [121.664015, 16.572434], [121.664015, 16.571086], [121.662668, 16.571086], [121.662668, 16.565697], [121.664015, 16.565697], [121.664015, 16.564349], [121.665362, 16.564349], [121.665362, 16.561654], [121.664015, 16.561654], [121.664015, 16.563002], [121.662668, 16.563002], [121.662668, 16.557612], [121.66132, 16.557612], [121.66132, 16.560307], [121.659973, 16.560307], [121.659973, 16.558959], [121.657278, 16.558959], [121.657278, 16.560307], [121.65593, 16.560307], [121.65593, 16.556264], [121.657278, 16.556264], [121.657278, 16.554917], [121.653235, 16.554917], [121.653235, 16.553569], [121.651888, 16.553569], [121.651888, 16.552222], [121.653235, 16.552222], [121.653235, 16.550874], [121.65054, 16.550874], [121.65054, 16.548179], [121.653235, 16.548179], [121.653235, 16.546832], [121.649193, 16.546832], [121.649193, 16.550874], [121.647845, 16.550874], [121.647845, 16.549527], [121.646498, 16.549527], [121.646498, 16.548179], [121.64515, 16.548179], [121.64515, 16.549527], [121.642455, 16.549527], [121.642455, 16.548179], [121.643803, 16.548179], [121.643803, 16.546832], [121.642455, 16.546832], [121.642455, 16.545484], [121.63976, 16.545484], [121.63976, 16.544137], [121.643803, 16.544137], [121.643803, 16.54279], [121.64515, 16.54279], [121.64515, 16.544137], [121.649193, 16.544137], [121.649193, 16.54279], [121.651888, 16.54279], [121.651888, 16.541442], [121.65593, 16.541442], [121.65593, 16.544137], [121.657278, 16.544137], [121.657278, 16.545484], [121.65593, 16.545484], [121.65593, 16.546832], [121.657278, 16.546832], [121.657278, 16.548179], [121.659973, 16.548179], [121.659973, 16.546832], [121.662668, 16.546832], [121.662668, 16.544137], [121.659973, 16.544137], [121.659973, 16.54279], [121.658625, 16.54279], [121.658625, 16.5374], [121.659973, 16.5374], [121.659973, 16.536052], [121.66132, 16.536052], [121.66132, 16.534705], [121.662668, 16.534705], [121.662668, 16.530662], [121.66132, 16.530662], [121.66132, 16.527967], [121.658625, 16.527967], [121.658625, 16.52662], [121.657278, 16.52662], [121.657278, 16.523925], [121.653235, 16.523925], [121.653235, 16.522577], [121.65054, 16.522577], [121.65054, 16.517188], [121.651888, 16.517188], [121.651888, 16.519883], [121.653235, 16.519883], [121.653235, 16.52123], [121.657278, 16.52123], [121.657278, 16.522577], [121.658625, 16.522577], [121.658625, 16.523925], [121.659973, 16.523925], [121.659973, 16.52123], [121.66132, 16.52123], [121.66132, 16.522577], [121.662668, 16.522577], [121.662668, 16.523925], [121.664015, 16.523925], [121.664015, 16.525272], [121.66671, 16.525272], [121.66671, 16.523925], [121.665362, 16.523925], [121.665362, 16.518535], [121.664015, 16.518535], [121.664015, 16.517188], [121.662668, 16.517188], [121.662668, 16.514493], [121.664015, 16.514493], [121.664015, 16.513145], [121.668057, 16.513145], [121.668057, 16.511798], [121.662668, 16.511798], [121.662668, 16.51045], [121.664015, 16.51045], [121.664015, 16.509103], [121.665362, 16.509103], [121.665362, 16.507755], [121.66671, 16.507755], [121.66671, 16.509103], [121.669405, 16.509103], [121.669405, 16.511798], [121.670752, 16.511798], [121.670752, 16.513145], [121.6721, 16.513145], [121.6721, 16.50506], [121.670752, 16.50506], [121.670752, 16.49967], [121.669405, 16.49967], [121.669405, 16.496975], [121.668057, 16.496975], [121.668057, 16.494281], [121.665362, 16.494281], [121.665362, 16.492933], [121.657278, 16.492933], [121.657278, 16.487543], [121.659973, 16.487543], [121.659973, 16.490238], [121.66132, 16.490238], [121.66132, 16.491586], [121.662668, 16.491586], [121.662668, 16.486196], [121.654583, 16.486196], [121.654583, 16.484848], [121.65593, 16.484848], [121.65593, 16.483501], [121.651888, 16.483501], [121.651888, 16.482153], [121.653235, 16.482153], [121.653235, 16.480806], [121.657278, 16.480806], [121.657278, 16.478111], [121.659973, 16.478111], [121.659973, 16.475416], [121.657278, 16.475416], [121.657278, 16.474068], [121.658625, 16.474068], [121.658625, 16.470026], [121.657278, 16.470026], [121.657278, 16.468679], [121.651888, 16.468679], [121.651888, 16.467331], [121.659973, 16.467331], [121.659973, 16.468679], [121.662668, 16.468679], [121.662668, 16.471373], [121.66132, 16.471373], [121.66132, 16.474068], [121.662668, 16.474068], [121.662668, 16.476763], [121.66132, 16.476763], [121.66132, 16.478111], [121.662668, 16.478111], [121.662668, 16.483501], [121.664015, 16.483501], [121.664015, 16.484848], [121.665362, 16.484848], [121.665362, 16.486196], [121.668057, 16.486196], [121.668057, 16.487543], [121.669405, 16.487543], [121.669405, 16.488891], [121.668057, 16.488891], [121.668057, 16.491586], [121.669405, 16.491586], [121.669405, 16.492933], [121.670752, 16.492933], [121.670752, 16.494281], [121.673447, 16.494281], [121.673447, 16.495628], [121.674795, 16.495628], [121.674795, 16.49967], [121.676142, 16.49967], [121.676142, 16.501018], [121.678837, 16.501018], [121.678837, 16.49967], [121.681532, 16.49967], [121.681532, 16.503713], [121.680185, 16.503713], [121.680185, 16.50506], [121.681532, 16.50506], [121.681532, 16.506408], [121.684227, 16.506408], [121.684227, 16.50506], [121.685575, 16.50506], [121.685575, 16.507755], [121.688269, 16.507755], [121.688269, 16.509103], [121.684227, 16.509103], [121.684227, 16.51045], [121.68288, 16.51045], [121.68288, 16.509103], [121.680185, 16.509103], [121.680185, 16.51045], [121.681532, 16.51045], [121.681532, 16.511798], [121.68288, 16.511798], [121.68288, 16.513145], [121.684227, 16.513145], [121.684227, 16.514493], [121.681532, 16.514493], [121.681532, 16.518535], [121.684227, 16.518535], [121.684227, 16.52123], [121.681532, 16.52123], [121.681532, 16.522577], [121.68288, 16.522577], [121.68288, 16.523925], [121.681532, 16.523925], [121.681532, 16.52662], [121.674795, 16.52662], [121.674795, 16.529315], [121.676142, 16.529315], [121.676142, 16.530662], [121.67749, 16.530662], [121.67749, 16.533357], [121.678837, 16.533357], [121.678837, 16.534705], [121.680185, 16.534705], [121.680185, 16.53201], [121.681532, 16.53201], [121.681532, 16.533357], [121.684227, 16.533357], [121.684227, 16.53201], [121.685575, 16.53201], [121.685575, 16.530662], [121.686922, 16.530662], [121.686922, 16.533357], [121.685575, 16.533357], [121.685575, 16.5374], [121.686922, 16.5374], [121.686922, 16.540095], [121.688269, 16.540095], [121.688269, 16.541442], [121.690964, 16.541442], [121.690964, 16.538747], [121.689617, 16.538747], [121.689617, 16.536052], [121.695007, 16.536052], [121.695007, 16.534705], [121.696354, 16.534705], [121.696354, 16.5374], [121.697702, 16.5374], [121.697702, 16.538747], [121.696354, 16.538747], [121.696354, 16.540095], [121.701744, 16.540095], [121.701744, 16.538747], [121.705787, 16.538747], [121.705787, 16.540095], [121.707134, 16.540095], [121.707134, 16.54279], [121.709829, 16.54279], [121.709829, 16.544137], [121.712524, 16.544137], [121.712524, 16.54279], [121.713871, 16.54279], [121.713871, 16.545484], [121.712524, 16.545484], [121.712524, 16.549527], [121.713871, 16.549527], [121.713871, 16.550874], [121.715219, 16.550874], [121.715219, 16.552222], [121.716566, 16.552222], [121.716566, 16.553569], [121.717914, 16.553569], [121.717914, 16.554917], [121.719261, 16.554917], [121.719261, 16.556264], [121.721956, 16.556264], [121.721956, 16.554917], [121.720609, 16.554917], [121.720609, 16.552222], [121.719261, 16.552222], [121.719261, 16.540095], [121.720609, 16.540095], [121.720609, 16.5374], [121.719261, 16.5374], [121.719261, 16.534705], [121.717914, 16.534705], [121.717914, 16.533357], [121.716566, 16.533357], [121.716566, 16.53201], [121.715219, 16.53201], [121.715219, 16.530662], [121.712524, 16.530662], [121.712524, 16.52662], [121.713871, 16.52662], [121.713871, 16.525272], [121.717914, 16.525272], [121.717914, 16.523925], [121.720609, 16.523925], [121.720609, 16.525272], [121.723304, 16.525272], [121.723304, 16.52662], [121.725999, 16.52662], [121.725999, 16.527967], [121.727346, 16.527967], [121.727346, 16.52662], [121.730041, 16.52662], [121.730041, 16.527967], [121.731389, 16.527967], [121.731389, 16.52662], [121.732736, 16.52662], [121.732736, 16.527967], [121.735431, 16.527967], [121.735431, 16.529315], [121.738126, 16.529315], [121.738126, 16.52662], [121.740821, 16.52662], [121.740821, 16.525272], [121.743516, 16.525272], [121.743516, 16.52662], [121.742168, 16.52662], [121.742168, 16.527967], [121.740821, 16.527967], [121.740821, 16.529315], [121.739473, 16.529315], [121.739473, 16.53201], [121.740821, 16.53201], [121.740821, 16.530662], [121.746211, 16.530662], [121.746211, 16.529315], [121.747558, 16.529315], [121.747558, 16.527967], [121.750253, 16.527967], [121.750253, 16.52662], [121.751601, 16.52662], [121.751601, 16.523925], [121.752948, 16.523925], [121.752948, 16.518535], [121.751601, 16.518535], [121.751601, 16.513145], [121.752948, 16.513145], [121.752948, 16.51045], [121.754296, 16.51045], [121.754296, 16.50506], [121.755643, 16.50506], [121.755643, 16.49967], [121.754296, 16.49967], [121.754296, 16.498323], [121.752948, 16.498323], [121.752948, 16.495628], [121.754296, 16.495628], [121.754296, 16.496975], [121.756991, 16.496975], [121.756991, 16.495628], [121.759686, 16.495628], [121.759686, 16.494281], [121.761033, 16.494281], [121.761033, 16.496975], [121.762381, 16.496975], [121.762381, 16.49967], [121.763728, 16.49967], [121.763728, 16.507755], [121.762381, 16.507755], [121.762381, 16.511798], [121.765075, 16.511798], [121.765075, 16.513145], [121.763728, 16.513145], [121.763728, 16.51584], [121.762381, 16.51584], [121.762381, 16.517188], [121.761033, 16.517188], [121.761033, 16.518535], [121.758338, 16.518535], [121.758338, 16.514493], [121.759686, 16.514493], [121.759686, 16.507755], [121.761033, 16.507755], [121.761033, 16.50506], [121.762381, 16.50506], [121.762381, 16.501018], [121.761033, 16.501018], [121.761033, 16.498323], [121.756991, 16.498323], [121.756991, 16.51045], [121.755643, 16.51045], [121.755643, 16.511798], [121.754296, 16.511798], [121.754296, 16.518535], [121.755643, 16.518535], [121.755643, 16.52123], [121.756991, 16.52123], [121.756991, 16.523925], [121.755643, 16.523925], [121.755643, 16.52662], [121.754296, 16.52662], [121.754296, 16.527967], [121.752948, 16.527967], [121.752948, 16.53201], [121.751601, 16.53201], [121.751601, 16.538747], [121.750253, 16.538747], [121.750253, 16.540095], [121.739473, 16.540095], [121.739473, 16.538747], [121.732736, 16.538747], [121.732736, 16.5374], [121.731389, 16.5374], [121.731389, 16.538747], [121.725999, 16.538747], [121.725999, 16.541442], [121.724651, 16.541442], [121.724651, 16.54279], [121.725999, 16.54279], [121.725999, 16.546832], [121.727346, 16.546832], [121.727346, 16.548179], [121.728694, 16.548179], [121.728694, 16.549527], [121.730041, 16.549527], [121.730041, 16.552222], [121.731389, 16.552222], [121.731389, 16.554917], [121.730041, 16.554917], [121.730041, 16.556264], [121.732736, 16.556264], [121.732736, 16.558959], [121.735431, 16.558959], [121.735431, 16.557612], [121.734084, 16.557612], [121.734084, 16.556264], [121.736779, 16.556264], [121.736779, 16.554917], [121.738126, 16.554917], [121.738126, 16.556264], [121.739473, 16.556264], [121.739473, 16.554917], [121.742168, 16.554917], [121.742168, 16.556264], [121.743516, 16.556264], [121.743516, 16.554917], [121.744863, 16.554917], [121.744863, 16.556264], [121.746211, 16.556264], [121.746211, 16.557612], [121.747558, 16.557612], [121.747558, 16.558959], [121.751601, 16.558959], [121.751601, 16.560307], [121.750253, 16.560307], [121.750253, 16.561654], [121.748906, 16.561654], [121.748906, 16.564349], [121.747558, 16.564349], [121.747558, 16.563002], [121.744863, 16.563002], [121.744863, 16.561654], [121.742168, 16.561654], [121.742168, 16.560307], [121.740821, 16.560307], [121.740821, 16.558959], [121.739473, 16.558959], [121.739473, 16.561654], [121.738126, 16.561654], [121.738126, 16.569739], [121.736779, 16.569739], [121.736779, 16.571086], [121.735431, 16.571086], [121.735431, 16.572434], [121.734084, 16.572434], [121.734084, 16.573781], [121.732736, 16.573781], [121.732736, 16.575129], [121.725999, 16.575129], [121.725999, 16.572434], [121.723304, 16.572434], [121.723304, 16.571086], [121.721956, 16.571086], [121.721956, 16.569739], [121.720609, 16.569739], [121.720609, 16.568392], [121.716566, 16.568392], [121.716566, 16.571086], [121.713871, 16.571086], [121.713871, 16.569739], [121.711177, 16.569739], [121.711177, 16.568392], [121.707134, 16.568392], [121.707134, 16.569739], [121.705787, 16.569739], [121.705787, 16.568392], [121.703092, 16.568392], [121.703092, 16.567044], [121.700397, 16.567044], [121.700397, 16.564349], [121.697702, 16.564349], [121.697702, 16.563002], [121.693659, 16.563002], [121.693659, 16.561654], [121.692312, 16.561654], [121.692312, 16.563002], [121.690964, 16.563002], [121.690964, 16.565697], [121.692312, 16.565697], [121.692312, 16.567044], [121.693659, 16.567044], [121.693659, 16.568392], [121.690964, 16.568392], [121.690964, 16.569739], [121.692312, 16.569739], [121.692312, 16.573781], [121.689617, 16.573781], [121.689617, 16.575129], [121.690964, 16.575129], [121.690964, 16.576476], [121.689617, 16.576476], [121.689617, 16.580519], [121.690964, 16.580519], [121.690964, 16.581866], [121.693659, 16.581866], [121.693659, 16.583214], [121.696354, 16.583214], [121.696354, 16.580519], [121.699049, 16.580519], [121.699049, 16.583214], [121.700397, 16.583214], [121.700397, 16.581866], [121.704439, 16.581866], [121.704439, 16.584561], [121.703092, 16.584561], [121.703092, 16.583214], [121.701744, 16.583214], [121.701744, 16.584561], [121.700397, 16.584561], [121.700397, 16.588604], [121.703092, 16.588604], [121.703092, 16.587256], [121.705787, 16.587256], [121.705787, 16.588604], [121.707134, 16.588604], [121.707134, 16.589951], [121.701744, 16.589951], [121.701744, 16.591299], [121.708482, 16.591299], [121.708482, 16.589951], [121.709829, 16.589951], [121.709829, 16.591299], [121.712524, 16.591299], [121.712524, 16.592646], [121.708482, 16.592646], [121.708482, 16.593994], [121.707134, 16.593994], [121.707134, 16.596688], [121.709829, 16.596688], [121.709829, 16.598036], [121.713871, 16.598036], [121.713871, 16.600731], [121.711177, 16.600731], [121.711177, 16.603426], [121.712524, 16.603426], [121.712524, 16.604773], [121.715219, 16.604773], [121.715219, 16.603426], [121.719261, 16.603426], [121.719261, 16.602078], [121.720609, 16.602078], [121.720609, 16.606121], [121.717914, 16.606121], [121.717914, 16.604773], [121.716566, 16.604773], [121.716566, 16.606121], [121.715219, 16.606121], [121.715219, 16.607468], [121.711177, 16.607468], [121.711177, 16.604773], [121.708482, 16.604773], [121.708482, 16.603426], [121.707134, 16.603426], [121.707134, 16.600731], [121.705787, 16.600731], [121.705787, 16.603426], [121.704439, 16.603426], [121.704439, 16.599383], [121.703092, 16.599383], [121.703092, 16.600731], [121.701744, 16.600731], [121.701744, 16.598036], [121.700397, 16.598036], [121.700397, 16.599383], [121.697702, 16.599383], [121.697702, 16.596688], [121.696354, 16.596688], [121.696354, 16.600731], [121.699049, 16.600731], [121.699049, 16.602078], [121.700397, 16.602078], [121.700397, 16.604773], [121.703092, 16.604773], [121.703092, 16.606121], [121.701744, 16.606121], [121.701744, 16.607468], [121.704439, 16.607468], [121.704439, 16.608816], [121.707134, 16.608816], [121.707134, 16.611511], [121.705787, 16.611511], [121.705787, 16.612858], [121.703092, 16.612858], [121.703092, 16.614206], [121.700397, 16.614206], [121.700397, 16.616901], [121.699049, 16.616901], [121.699049, 16.618248], [121.696354, 16.618248], [121.696354, 16.620943], [121.695007, 16.620943], [121.695007, 16.62229], [121.697702, 16.62229], [121.697702, 16.620943], [121.699049, 16.620943], [121.699049, 16.619596], [121.700397, 16.619596], [121.700397, 16.620943], [121.703092, 16.620943], [121.703092, 16.619596], [121.705787, 16.619596], [121.705787, 16.62229], [121.707134, 16.62229], [121.707134, 16.619596], [121.708482, 16.619596], [121.708482, 16.623638], [121.707134, 16.623638], [121.707134, 16.624985], [121.708482, 16.624985], [121.708482, 16.626333], [121.705787, 16.626333], [121.705787, 16.624985], [121.704439, 16.624985], [121.704439, 16.623638], [121.703092, 16.623638], [121.703092, 16.626333], [121.701744, 16.626333], [121.701744, 16.624985], [121.700397, 16.624985], [121.700397, 16.62768], [121.701744, 16.62768], [121.701744, 16.629028], [121.699049, 16.629028], [121.699049, 16.630375], [121.700397, 16.630375], [121.700397, 16.63307], [121.697702, 16.63307], [121.697702, 16.634418], [121.699049, 16.634418], [121.699049, 16.635765], [121.700397, 16.635765], [121.700397, 16.634418], [121.701744, 16.634418], [121.701744, 16.631723], [121.707134, 16.631723], [121.707134, 16.63307], [121.704439, 16.63307], [121.704439, 16.637113], [121.708482, 16.637113], [121.708482, 16.641155], [121.707134, 16.641155], [121.707134, 16.642503], [121.711177, 16.642503], [121.711177, 16.639808], [121.713871, 16.639808], [121.713871, 16.641155], [121.715219, 16.641155], [121.715219, 16.64385], [121.712524, 16.64385], [121.712524, 16.65463], [121.715219, 16.65463], [121.715219, 16.64924], [121.717914, 16.64924], [121.717914, 16.650587], [121.719261, 16.650587], [121.719261, 16.651935], [121.717914, 16.651935], [121.717914, 16.65463], [121.719261, 16.65463], [121.719261, 16.653282], [121.720609, 16.653282], [121.720609, 16.657325], [121.721956, 16.657325], [121.721956, 16.655977], [121.723304, 16.655977], [121.723304, 16.65463], [121.727346, 16.65463], [121.727346, 16.653282], [121.728694, 16.653282], [121.728694, 16.651935], [121.725999, 16.651935], [121.725999, 16.653282], [121.724651, 16.653282], [121.724651, 16.651935], [121.721956, 16.651935], [121.721956, 16.650587], [121.720609, 16.650587], [121.720609, 16.64924], [121.725999, 16.64924], [121.725999, 16.647892], [121.724651, 16.647892], [121.724651, 16.646545], [121.720609, 16.646545], [121.720609, 16.64385], [121.717914, 16.64385], [121.717914, 16.642503], [121.720609, 16.642503], [121.720609, 16.641155], [121.721956, 16.641155], [121.721956, 16.642503], [121.725999, 16.642503], [121.725999, 16.63846], [121.717914, 16.63846], [121.717914, 16.637113], [121.721956, 16.637113], [121.721956, 16.635765], [121.720609, 16.635765], [121.720609, 16.63307], [121.721956, 16.63307], [121.721956, 16.634418], [121.723304, 16.634418], [121.723304, 16.635765], [121.724651, 16.635765], [121.724651, 16.634418], [121.725999, 16.634418], [121.725999, 16.635765], [121.727346, 16.635765], [121.727346, 16.634418], [121.728694, 16.634418], [121.728694, 16.63307], [121.730041, 16.63307], [121.730041, 16.631723], [121.725999, 16.631723], [121.725999, 16.630375], [121.723304, 16.630375], [121.723304, 16.629028], [121.725999, 16.629028], [121.725999, 16.62768], [121.727346, 16.62768], [121.727346, 16.624985], [121.728694, 16.624985], [121.728694, 16.623638], [121.730041, 16.623638], [121.730041, 16.620943], [121.731389, 16.620943], [121.731389, 16.624985], [121.730041, 16.624985], [121.730041, 16.626333], [121.728694, 16.626333], [121.728694, 16.629028], [121.730041, 16.629028], [121.730041, 16.630375], [121.732736, 16.630375], [121.732736, 16.631723], [121.734084, 16.631723], [121.734084, 16.630375], [121.735431, 16.630375], [121.735431, 16.631723], [121.736779, 16.631723], [121.736779, 16.630375], [121.738126, 16.630375], [121.738126, 16.63307], [121.736779, 16.63307], [121.736779, 16.634418], [121.739473, 16.634418], [121.739473, 16.635765], [121.736779, 16.635765], [121.736779, 16.637113], [121.735431, 16.637113], [121.735431, 16.635765], [121.734084, 16.635765], [121.734084, 16.634418], [121.732736, 16.634418], [121.732736, 16.63846], [121.734084, 16.63846], [121.734084, 16.641155], [121.735431, 16.641155], [121.735431, 16.642503], [121.736779, 16.642503], [121.736779, 16.641155], [121.738126, 16.641155], [121.738126, 16.639808], [121.740821, 16.639808], [121.740821, 16.641155], [121.742168, 16.641155], [121.742168, 16.63846], [121.744863, 16.63846], [121.744863, 16.642503], [121.743516, 16.642503], [121.743516, 16.64385], [121.744863, 16.64385], [121.744863, 16.645197], [121.743516, 16.645197], [121.743516, 16.64924], [121.744863, 16.64924], [121.744863, 16.647892], [121.747558, 16.647892], [121.747558, 16.64924], [121.750253, 16.64924], [121.750253, 16.651935], [121.748906, 16.651935], [121.748906, 16.653282], [121.747558, 16.653282], [121.747558, 16.65463], [121.748906, 16.65463], [121.748906, 16.655977], [121.747558, 16.655977], [121.747558, 16.658672], [121.748906, 16.658672], [121.748906, 16.657325], [121.751601, 16.657325], [121.751601, 16.658672], [121.752948, 16.658672], [121.752948, 16.661367], [121.751601, 16.661367], [121.751601, 16.662715], [121.750253, 16.662715], [121.750253, 16.664062], [121.748906, 16.664062], [121.748906, 16.66541], [121.751601, 16.66541], [121.751601, 16.668105], [121.752948, 16.668105], [121.752948, 16.669452], [121.751601, 16.669452], [121.751601, 16.670799], [121.752948, 16.670799], [121.752948, 16.673494], [121.755643, 16.673494], [121.755643, 16.676189], [121.756991, 16.676189], [121.756991, 16.680232], [121.758338, 16.680232], [121.758338, 16.678884], [121.759686, 16.678884], [121.759686, 16.680232], [121.76777, 16.680232], [121.76777, 16.677537], [121.766423, 16.677537], [121.766423, 16.678884], [121.763728, 16.678884], [121.763728, 16.677537], [121.762381, 16.677537], [121.762381, 16.676189], [121.759686, 16.676189], [121.759686, 16.674842], [121.756991, 16.674842], [121.756991, 16.673494], [121.758338, 16.673494], [121.758338, 16.672147], [121.755643, 16.672147], [121.755643, 16.670799], [121.756991, 16.670799], [121.756991, 16.669452], [121.758338, 16.669452], [121.758338, 16.670799], [121.763728, 16.670799], [121.763728, 16.668105], [121.765075, 16.668105], [121.765075, 16.666757], [121.762381, 16.666757], [121.762381, 16.664062], [121.761033, 16.664062], [121.761033, 16.666757], [121.758338, 16.666757], [121.758338, 16.664062], [121.759686, 16.664062], [121.759686, 16.662715], [121.762381, 16.662715], [121.762381, 16.661367], [121.766423, 16.661367], [121.766423, 16.658672], [121.765075, 16.658672], [121.765075, 16.66002], [121.763728, 16.66002], [121.763728, 16.658672], [121.761033, 16.658672], [121.761033, 16.661367], [121.759686, 16.661367], [121.759686, 16.657325], [121.758338, 16.657325], [121.758338, 16.658672], [121.756991, 16.658672], [121.756991, 16.655977], [121.755643, 16.655977], [121.755643, 16.65463], [121.756991, 16.65463], [121.756991, 16.653282], [121.752948, 16.653282], [121.752948, 16.65463], [121.751601, 16.65463], [121.751601, 16.651935], [121.752948, 16.651935], [121.752948, 16.650587], [121.751601, 16.650587], [121.751601, 16.646545], [121.752948, 16.646545], [121.752948, 16.64924], [121.754296, 16.64924], [121.754296, 16.647892], [121.755643, 16.647892], [121.755643, 16.64924], [121.756991, 16.64924], [121.756991, 16.650587], [121.759686, 16.650587], [121.759686, 16.64924], [121.761033, 16.64924], [121.761033, 16.647892], [121.762381, 16.647892], [121.762381, 16.650587], [121.763728, 16.650587], [121.763728, 16.646545], [121.766423, 16.646545], [121.766423, 16.647892], [121.76777, 16.647892], [121.76777, 16.645197], [121.765075, 16.645197], [121.765075, 16.642503], [121.766423, 16.642503], [121.766423, 16.63846], [121.769118, 16.63846], [121.769118, 16.637113], [121.76777, 16.637113], [121.76777, 16.63307], [121.766423, 16.63307], [121.766423, 16.631723], [121.765075, 16.631723], [121.765075, 16.63307], [121.762381, 16.63307], [121.762381, 16.635765], [121.761033, 16.635765], [121.761033, 16.637113], [121.756991, 16.637113], [121.756991, 16.635765], [121.758338, 16.635765], [121.758338, 16.634418], [121.761033, 16.634418], [121.761033, 16.63307], [121.758338, 16.63307], [121.758338, 16.631723], [121.761033, 16.631723], [121.761033, 16.630375], [121.756991, 16.630375], [121.756991, 16.629028], [121.761033, 16.629028], [121.761033, 16.62768], [121.759686, 16.62768], [121.759686, 16.626333], [121.761033, 16.626333], [121.761033, 16.623638], [121.759686, 16.623638], [121.759686, 16.620943], [121.761033, 16.620943], [121.761033, 16.619596], [121.759686, 16.619596], [121.759686, 16.618248], [121.762381, 16.618248], [121.762381, 16.614206], [121.763728, 16.614206], [121.763728, 16.623638], [121.766423, 16.623638], [121.766423, 16.62229], [121.76777, 16.62229], [121.76777, 16.623638], [121.770465, 16.623638], [121.770465, 16.624985], [121.766423, 16.624985], [121.766423, 16.626333], [121.765075, 16.626333], [121.765075, 16.624985], [121.763728, 16.624985], [121.763728, 16.630375], [121.765075, 16.630375], [121.765075, 16.629028], [121.76777, 16.629028], [121.76777, 16.630375], [121.770465, 16.630375], [121.770465, 16.631723], [121.771813, 16.631723], [121.771813, 16.629028], [121.77316, 16.629028], [121.77316, 16.63307], [121.771813, 16.63307], [121.771813, 16.634418], [121.775855, 16.634418], [121.775855, 16.631723], [121.779898, 16.631723], [121.779898, 16.630375], [121.781245, 16.630375], [121.781245, 16.629028], [121.77855, 16.629028], [121.77855, 16.62768], [121.779898, 16.62768], [121.779898, 16.624985], [121.782593, 16.624985], [121.782593, 16.626333], [121.781245, 16.626333], [121.781245, 16.62768], [121.78394, 16.62768], [121.78394, 16.626333], [121.785288, 16.626333], [121.785288, 16.624985], [121.787982, 16.624985], [121.787982, 16.629028], [121.786635, 16.629028], [121.786635, 16.631723], [121.78933, 16.631723], [121.78933, 16.63307], [121.790677, 16.63307], [121.790677, 16.634418], [121.785288, 16.634418], [121.785288, 16.63307], [121.78394, 16.63307], [121.78394, 16.634418], [121.782593, 16.634418], [121.782593, 16.63307], [121.779898, 16.63307], [121.779898, 16.634418], [121.77855, 16.634418], [121.77855, 16.635765], [121.782593, 16.635765], [121.782593, 16.637113], [121.781245, 16.637113], [121.781245, 16.63846], [121.779898, 16.63846], [121.779898, 16.641155], [121.77855, 16.641155], [121.77855, 16.63846], [121.777203, 16.63846], [121.777203, 16.637113], [121.775855, 16.637113], [121.775855, 16.63846], [121.77316, 16.63846], [121.77316, 16.639808], [121.775855, 16.639808], [121.775855, 16.641155], [121.771813, 16.641155], [121.771813, 16.642503], [121.77316, 16.642503], [121.77316, 16.64385], [121.775855, 16.64385], [121.775855, 16.645197], [121.770465, 16.645197], [121.770465, 16.646545], [121.771813, 16.646545], [121.771813, 16.647892], [121.774508, 16.647892], [121.774508, 16.646545], [121.77855, 16.646545], [121.77855, 16.647892], [121.775855, 16.647892], [121.775855, 16.650587], [121.774508, 16.650587], [121.774508, 16.64924], [121.77316, 16.64924], [121.77316, 16.650587], [121.771813, 16.650587], [121.771813, 16.651935], [121.770465, 16.651935], [121.770465, 16.65463], [121.771813, 16.65463], [121.771813, 16.653282], [121.77316, 16.653282], [121.77316, 16.651935], [121.775855, 16.651935], [121.775855, 16.653282], [121.774508, 16.653282], [121.774508, 16.655977], [121.775855, 16.655977], [121.775855, 16.65463], [121.77855, 16.65463], [121.77855, 16.655977], [121.777203, 16.655977], [121.777203, 16.657325], [121.77855, 16.657325], [121.77855, 16.658672], [121.779898, 16.658672], [121.779898, 16.657325], [121.782593, 16.657325], [121.782593, 16.655977], [121.78394, 16.655977], [121.78394, 16.657325], [121.786635, 16.657325], [121.786635, 16.655977], [121.787982, 16.655977], [121.787982, 16.657325], [121.78933, 16.657325], [121.78933, 16.661367], [121.787982, 16.661367], [121.787982, 16.664062], [121.790677, 16.664062], [121.790677, 16.669452], [121.792025, 16.669452], [121.792025, 16.668105], [121.793372, 16.668105], [121.793372, 16.666757], [121.792025, 16.666757], [121.792025, 16.662715], [121.79472, 16.662715], [121.79472, 16.661367], [121.793372, 16.661367], [121.793372, 16.66002], [121.792025, 16.66002], [121.792025, 16.657325], [121.793372, 16.657325], [121.793372, 16.658672], [121.79472, 16.658672], [121.79472, 16.66002], [121.796067, 16.66002], [121.796067, 16.661367], [121.797415, 16.661367], [121.797415, 16.66002], [121.798762, 16.66002], [121.798762, 16.657325], [121.796067, 16.657325], [121.796067, 16.653282], [121.797415, 16.653282], [121.797415, 16.655977], [121.798762, 16.655977], [121.798762, 16.65463], [121.801457, 16.65463], [121.801457, 16.655977], [121.80011, 16.655977], [121.80011, 16.657325], [121.801457, 16.657325], [121.801457, 16.66002], [121.802805, 16.66002], [121.802805, 16.661367], [121.804152, 16.661367], [121.804152, 16.66002], [121.8055, 16.66002], [121.8055, 16.658672], [121.804152, 16.658672], [121.804152, 16.655977], [121.806847, 16.655977], [121.806847, 16.653282], [121.808195, 16.653282], [121.808195, 16.655977], [121.809542, 16.655977], [121.809542, 16.65463], [121.81089, 16.65463], [121.81089, 16.653282], [121.812237, 16.653282], [121.812237, 16.650587], [121.813584, 16.650587], [121.813584, 16.65463], [121.812237, 16.65463], [121.812237, 16.655977], [121.81089, 16.655977], [121.81089, 16.657325], [121.806847, 16.657325], [121.806847, 16.66002], [121.809542, 16.66002], [121.809542, 16.661367], [121.8055, 16.661367], [121.8055, 16.664062], [121.798762, 16.664062], [121.798762, 16.666757], [121.80011, 16.666757], [121.80011, 16.66541], [121.801457, 16.66541], [121.801457, 16.666757], [121.804152, 16.666757], [121.804152, 16.668105], [121.8055, 16.668105], [121.8055, 16.666757], [121.808195, 16.666757], [121.808195, 16.668105], [121.81089, 16.668105], [121.81089, 16.669452], [121.808195, 16.669452], [121.808195, 16.670799], [121.8055, 16.670799], [121.8055, 16.669452], [121.804152, 16.669452], [121.804152, 16.670799], [121.802805, 16.670799], [121.802805, 16.673494], [121.801457, 16.673494], [121.801457, 16.672147], [121.797415, 16.672147], [121.797415, 16.670799], [121.796067, 16.670799], [121.796067, 16.673494], [121.798762, 16.673494], [121.798762, 16.674842], [121.797415, 16.674842], [121.797415, 16.676189], [121.796067, 16.676189], [121.796067, 16.677537], [121.792025, 16.677537], [121.792025, 16.678884], [121.79472, 16.678884], [121.79472, 16.680232], [121.78933, 16.680232], [121.78933, 16.684274], [121.792025, 16.684274], [121.792025, 16.685622], [121.793372, 16.685622], [121.793372, 16.686969], [121.790677, 16.686969], [121.790677, 16.685622], [121.78933, 16.685622], [121.78933, 16.686969], [121.787982, 16.686969], [121.787982, 16.688317], [121.786635, 16.688317], [121.786635, 16.689664], [121.787982, 16.689664], [121.787982, 16.692359], [121.786635, 16.692359], [121.786635, 16.693707], [121.78933, 16.693707], [121.78933, 16.695054], [121.792025, 16.695054], [121.792025, 16.697749], [121.78933, 16.697749], [121.78933, 16.699096], [121.787982, 16.699096], [121.787982, 16.700444], [121.78933, 16.700444], [121.78933, 16.701791], [121.790677, 16.701791], [121.790677, 16.699096], [121.793372, 16.699096], [121.793372, 16.697749], [121.79472, 16.697749], [121.79472, 16.696401], [121.793372, 16.696401], [121.793372, 16.695054], [121.79472, 16.695054], [121.79472, 16.691012], [121.796067, 16.691012], [121.796067, 16.689664], [121.79472, 16.689664], [121.79472, 16.686969], [121.796067, 16.686969], [121.796067, 16.682927], [121.797415, 16.682927], [121.797415, 16.680232], [121.798762, 16.680232], [121.798762, 16.677537], [121.80011, 16.677537], [121.80011, 16.678884], [121.802805, 16.678884], [121.802805, 16.680232], [121.801457, 16.680232], [121.801457, 16.681579], [121.80011, 16.681579], [121.80011, 16.682927], [121.798762, 16.682927], [121.798762, 16.684274], [121.797415, 16.684274], [121.797415, 16.685622], [121.804152, 16.685622], [121.804152, 16.686969], [121.80011, 16.686969], [121.80011, 16.688317], [121.798762, 16.688317], [121.798762, 16.689664], [121.801457, 16.689664], [121.801457, 16.691012], [121.802805, 16.691012], [121.802805, 16.692359], [121.801457, 16.692359], [121.801457, 16.695054], [121.8055, 16.695054], [121.8055, 16.692359], [121.806847, 16.692359], [121.806847, 16.689664], [121.808195, 16.689664], [121.808195, 16.691012], [121.809542, 16.691012], [121.809542, 16.692359], [121.81089, 16.692359], [121.81089, 16.691012], [121.812237, 16.691012], [121.812237, 16.689664], [121.813584, 16.689664], [121.813584, 16.692359], [121.812237, 16.692359], [121.812237, 16.693707], [121.81089, 16.693707], [121.81089, 16.696401], [121.812237, 16.696401], [121.812237, 16.695054], [121.814932, 16.695054], [121.814932, 16.696401], [121.813584, 16.696401], [121.813584, 16.699096], [121.814932, 16.699096], [121.814932, 16.697749], [121.816279, 16.697749], [121.816279, 16.700444], [121.817627, 16.700444], [121.817627, 16.701791], [121.814932, 16.701791], [121.814932, 16.700444], [121.81089, 16.700444], [121.81089, 16.701791], [121.812237, 16.701791], [121.812237, 16.703139], [121.813584, 16.703139], [121.813584, 16.704486], [121.809542, 16.704486], [121.809542, 16.701791], [121.806847, 16.701791], [121.806847, 16.703139], [121.808195, 16.703139], [121.808195, 16.708529], [121.809542, 16.708529], [121.809542, 16.707181], [121.813584, 16.707181], [121.813584, 16.708529], [121.81089, 16.708529], [121.81089, 16.712571], [121.812237, 16.712571], [121.812237, 16.713919], [121.809542, 16.713919], [121.809542, 16.712571], [121.808195, 16.712571], [121.808195, 16.709876], [121.8055, 16.709876], [121.8055, 16.711224], [121.806847, 16.711224], [121.806847, 16.715266], [121.8055, 16.715266], [121.8055, 16.712571], [121.804152, 16.712571], [121.804152, 16.715266], [121.802805, 16.715266], [121.802805, 16.713919], [121.801457, 16.713919], [121.801457, 16.715266], [121.80011, 16.715266], [121.80011, 16.719309], [121.801457, 16.719309], [121.801457, 16.720656], [121.808195, 16.720656], [121.808195, 16.723351], [121.8055, 16.723351], [121.8055, 16.724698], [121.806847, 16.724698], [121.806847, 16.727393], [121.808195, 16.727393], [121.808195, 16.728741], [121.81089, 16.728741], [121.81089, 16.726046], [121.812237, 16.726046], [121.812237, 16.724698], [121.81089, 16.724698], [121.81089, 16.723351], [121.813584, 16.723351], [121.813584, 16.722003], [121.812237, 16.722003], [121.812237, 16.720656], [121.814932, 16.720656], [121.814932, 16.722003], [121.816279, 16.722003], [121.816279, 16.724698], [121.814932, 16.724698], [121.814932, 16.726046], [121.818974, 16.726046], [121.818974, 16.723351], [121.820322, 16.723351], [121.820322, 16.720656], [121.821669, 16.720656], [121.821669, 16.726046], [121.820322, 16.726046], [121.820322, 16.727393], [121.818974, 16.727393], [121.818974, 16.730088], [121.820322, 16.730088], [121.820322, 16.731436], [121.821669, 16.731436], [121.821669, 16.732783], [121.823017, 16.732783], [121.823017, 16.731436], [121.824364, 16.731436], [121.824364, 16.734131], [121.825712, 16.734131], [121.825712, 16.736826], [121.827059, 16.736826], [121.827059, 16.735478], [121.829754, 16.735478], [121.829754, 16.734131], [121.827059, 16.734131], [121.827059, 16.732783], [121.831102, 16.732783], [121.831102, 16.731436], [121.829754, 16.731436], [121.829754, 16.730088], [121.828407, 16.730088], [121.828407, 16.731436], [121.827059, 16.731436], [121.827059, 16.728741], [121.829754, 16.728741], [121.829754, 16.727393], [121.828407, 16.727393], [121.828407, 16.726046], [121.827059, 16.726046], [121.827059, 16.724698], [121.825712, 16.724698], [121.825712, 16.723351], [121.827059, 16.723351], [121.827059, 16.722003], [121.828407, 16.722003], [121.828407, 16.723351], [121.829754, 16.723351], [121.829754, 16.724698], [121.831102, 16.724698], [121.831102, 16.722003], [121.829754, 16.722003], [121.829754, 16.720656], [121.825712, 16.720656], [121.825712, 16.719309], [121.827059, 16.719309], [121.827059, 16.716614], [121.825712, 16.716614], [121.825712, 16.717961], [121.824364, 16.717961], [121.824364, 16.719309], [121.823017, 16.719309], [121.823017, 16.716614], [121.824364, 16.716614], [121.824364, 16.713919], [121.823017, 16.713919], [121.823017, 16.715266], [121.821669, 16.715266], [121.821669, 16.716614], [121.820322, 16.716614], [121.820322, 16.712571], [121.817627, 16.712571], [121.817627, 16.709876], [121.820322, 16.709876], [121.820322, 16.708529], [121.823017, 16.708529], [121.823017, 16.707181], [121.824364, 16.707181], [121.824364, 16.705834], [121.828407, 16.705834], [121.828407, 16.704486], [121.825712, 16.704486], [121.825712, 16.703139], [121.824364, 16.703139], [121.824364, 16.704486], [121.823017, 16.704486], [121.823017, 16.705834], [121.821669, 16.705834], [121.821669, 16.703139], [121.820322, 16.703139], [121.820322, 16.699096], [121.818974, 16.699096], [121.818974, 16.697749], [121.820322, 16.697749], [121.820322, 16.696401], [121.818974, 16.696401], [121.818974, 16.691012], [121.816279, 16.691012], [121.816279, 16.689664], [121.814932, 16.689664], [121.814932, 16.685622], [121.813584, 16.685622], [121.813584, 16.684274], [121.812237, 16.684274], [121.812237, 16.681579], [121.813584, 16.681579], [121.813584, 16.682927], [121.814932, 16.682927], [121.814932, 16.681579], [121.816279, 16.681579], [121.816279, 16.678884], [121.814932, 16.678884], [121.814932, 16.677537], [121.813584, 16.677537], [121.813584, 16.676189], [121.816279, 16.676189], [121.816279, 16.677537], [121.817627, 16.677537], [121.817627, 16.680232], [121.818974, 16.680232], [121.818974, 16.678884], [121.820322, 16.678884], [121.820322, 16.680232], [121.821669, 16.680232], [121.821669, 16.678884], [121.823017, 16.678884], [121.823017, 16.677537], [121.821669, 16.677537], [121.821669, 16.676189], [121.818974, 16.676189], [121.818974, 16.674842], [121.820322, 16.674842], [121.820322, 16.670799], [121.823017, 16.670799], [121.823017, 16.676189], [121.825712, 16.676189], [121.825712, 16.673494], [121.827059, 16.673494], [121.827059, 16.670799], [121.828407, 16.670799], [121.828407, 16.666757], [121.829754, 16.666757], [121.829754, 16.664062], [121.831102, 16.664062], [121.831102, 16.66541], [121.832449, 16.66541], [121.832449, 16.666757], [121.833797, 16.666757], [121.833797, 16.668105], [121.832449, 16.668105], [121.832449, 16.669452], [121.829754, 16.669452], [121.829754, 16.670799], [121.831102, 16.670799], [121.831102, 16.672147], [121.833797, 16.672147], [121.833797, 16.670799], [121.836492, 16.670799], [121.836492, 16.669452], [121.837839, 16.669452], [121.837839, 16.666757], [121.839186, 16.666757], [121.839186, 16.66541], [121.840534, 16.66541], [121.840534, 16.664062], [121.844576, 16.664062], [121.844576, 16.66541], [121.841881, 16.66541], [121.841881, 16.666757], [121.840534, 16.666757], [121.840534, 16.669452], [121.839186, 16.669452], [121.839186, 16.670799], [121.837839, 16.670799], [121.837839, 16.672147], [121.836492, 16.672147], [121.836492, 16.673494], [121.835144, 16.673494], [121.835144, 16.674842], [121.833797, 16.674842], [121.833797, 16.676189], [121.827059, 16.676189], [121.827059, 16.677537], [121.828407, 16.677537], [121.828407, 16.678884], [121.827059, 16.678884], [121.827059, 16.680232], [121.825712, 16.680232], [121.825712, 16.681579], [121.827059, 16.681579], [121.827059, 16.682927], [121.824364, 16.682927], [121.824364, 16.684274], [121.823017, 16.684274], [121.823017, 16.682927], [121.820322, 16.682927], [121.820322, 16.684274], [121.821669, 16.684274], [121.821669, 16.685622], [121.823017, 16.685622], [121.823017, 16.686969], [121.824364, 16.686969], [121.824364, 16.688317], [121.827059, 16.688317], [121.827059, 16.689664], [121.828407, 16.689664], [121.828407, 16.691012], [121.827059, 16.691012], [121.827059, 16.692359], [121.829754, 16.692359], [121.829754, 16.693707], [121.828407, 16.693707], [121.828407, 16.695054], [121.837839, 16.695054], [121.837839, 16.693707], [121.833797, 16.693707], [121.833797, 16.691012], [121.832449, 16.691012], [121.832449, 16.689664], [121.831102, 16.689664], [121.831102, 16.688317], [121.833797, 16.688317], [121.833797, 16.686969], [121.832449, 16.686969], [121.832449, 16.685622], [121.833797, 16.685622], [121.833797, 16.684274], [121.835144, 16.684274], [121.835144, 16.686969], [121.836492, 16.686969], [121.836492, 16.680232], [121.839186, 16.680232], [121.839186, 16.681579], [121.837839, 16.681579], [121.837839, 16.682927], [121.839186, 16.682927], [121.839186, 16.685622], [121.837839, 16.685622], [121.837839, 16.688317], [121.839186, 16.688317], [121.839186, 16.686969], [121.840534, 16.686969], [121.840534, 16.680232], [121.844576, 16.680232], [121.844576, 16.681579], [121.841881, 16.681579], [121.841881, 16.682927], [121.845924, 16.682927], [121.845924, 16.677537], [121.844576, 16.677537], [121.844576, 16.676189], [121.845924, 16.676189], [121.845924, 16.673494], [121.847271, 16.673494], [121.847271, 16.674842], [121.848619, 16.674842], [121.848619, 16.672147], [121.849966, 16.672147], [121.849966, 16.670799], [121.852661, 16.670799], [121.852661, 16.673494], [121.854009, 16.673494], [121.854009, 16.674842], [121.851314, 16.674842], [121.851314, 16.676189], [121.849966, 16.676189], [121.849966, 16.677537], [121.855356, 16.677537], [121.855356, 16.676189], [121.856704, 16.676189], [121.856704, 16.678884], [121.854009, 16.678884], [121.854009, 16.681579], [121.852661, 16.681579], [121.852661, 16.682927], [121.849966, 16.682927], [121.849966, 16.684274], [121.848619, 16.684274], [121.848619, 16.685622], [121.847271, 16.685622], [121.847271, 16.684274], [121.845924, 16.684274], [121.845924, 16.688317], [121.844576, 16.688317], [121.844576, 16.685622], [121.843229, 16.685622], [121.843229, 16.689664], [121.841881, 16.689664], [121.841881, 16.691012], [121.845924, 16.691012], [121.845924, 16.689664], [121.848619, 16.689664], [121.848619, 16.686969], [121.849966, 16.686969], [121.849966, 16.688317], [121.851314, 16.688317], [121.851314, 16.689664], [121.854009, 16.689664], [121.854009, 16.688317], [121.855356, 16.688317], [121.855356, 16.689664], [121.856704, 16.689664], [121.856704, 16.692359], [121.855356, 16.692359], [121.855356, 16.691012], [121.848619, 16.691012], [121.848619, 16.692359], [121.847271, 16.692359], [121.847271, 16.693707], [121.851314, 16.693707], [121.851314, 16.696401], [121.848619, 16.696401], [121.848619, 16.697749], [121.847271, 16.697749], [121.847271, 16.696401], [121.845924, 16.696401], [121.845924, 16.700444], [121.847271, 16.700444], [121.847271, 16.699096], [121.848619, 16.699096], [121.848619, 16.700444], [121.849966, 16.700444], [121.849966, 16.699096], [121.852661, 16.699096], [121.852661, 16.697749], [121.854009, 16.697749], [121.854009, 16.699096], [121.855356, 16.699096], [121.855356, 16.701791], [121.854009, 16.701791], [121.854009, 16.703139], [121.852661, 16.703139], [121.852661, 16.705834], [121.849966, 16.705834], [121.849966, 16.707181], [121.851314, 16.707181], [121.851314, 16.708529], [121.849966, 16.708529], [121.849966, 16.709876], [121.851314, 16.709876], [121.851314, 16.713919], [121.854009, 16.713919], [121.854009, 16.715266], [121.855356, 16.715266], [121.855356, 16.720656], [121.856704, 16.720656], [121.856704, 16.722003], [121.858051, 16.722003], [121.858051, 16.719309], [121.859399, 16.719309], [121.859399, 16.716614], [121.858051, 16.716614], [121.858051, 16.717961], [121.856704, 16.717961], [121.856704, 16.713919], [121.858051, 16.713919], [121.858051, 16.715266], [121.859399, 16.715266], [121.859399, 16.712571], [121.858051, 16.712571], [121.858051, 16.709876], [121.859399, 16.709876], [121.859399, 16.711224], [121.860746, 16.711224], [121.860746, 16.713919], [121.862094, 16.713919], [121.862094, 16.712571], [121.863441, 16.712571], [121.863441, 16.711224], [121.862094, 16.711224], [121.862094, 16.709876], [121.860746, 16.709876], [121.860746, 16.708529], [121.859399, 16.708529], [121.859399, 16.707181], [121.855356, 16.707181], [121.855356, 16.705834], [121.856704, 16.705834], [121.856704, 16.703139], [121.858051, 16.703139], [121.858051, 16.701791], [121.859399, 16.701791], [121.859399, 16.704486], [121.860746, 16.704486], [121.860746, 16.707181], [121.863441, 16.707181], [121.863441, 16.705834], [121.864788, 16.705834], [121.864788, 16.704486], [121.863441, 16.704486], [121.863441, 16.703139], [121.864788, 16.703139], [121.864788, 16.700444], [121.862094, 16.700444], [121.862094, 16.697749], [121.860746, 16.697749], [121.860746, 16.696401], [121.863441, 16.696401], [121.863441, 16.697749], [121.864788, 16.697749], [121.864788, 16.699096], [121.867483, 16.699096], [121.867483, 16.697749], [121.868831, 16.697749], [121.868831, 16.701791], [121.870178, 16.701791], [121.870178, 16.700444], [121.871526, 16.700444], [121.871526, 16.696401], [121.870178, 16.696401], [121.870178, 16.695054], [121.867483, 16.695054], [121.867483, 16.693707], [121.866136, 16.693707], [121.866136, 16.692359], [121.868831, 16.692359], [121.868831, 16.691012], [121.867483, 16.691012], [121.867483, 16.689664], [121.866136, 16.689664], [121.866136, 16.688317], [121.864788, 16.688317], [121.864788, 16.685622], [121.866136, 16.685622], [121.866136, 16.686969], [121.870178, 16.686969], [121.870178, 16.689664], [121.871526, 16.689664], [121.871526, 16.688317], [121.872873, 16.688317], [121.872873, 16.681579], [121.874221, 16.681579], [121.874221, 16.680232], [121.875568, 16.680232], [121.875568, 16.684274], [121.874221, 16.684274], [121.874221, 16.685622], [121.875568, 16.685622], [121.875568, 16.688317], [121.876916, 16.688317], [121.876916, 16.686969], [121.878263, 16.686969], [121.878263, 16.688317], [121.879611, 16.688317], [121.879611, 16.689664], [121.876916, 16.689664], [121.876916, 16.691012], [121.875568, 16.691012], [121.875568, 16.693707], [121.874221, 16.693707], [121.874221, 16.695054], [121.872873, 16.695054], [121.872873, 16.696401], [121.874221, 16.696401], [121.874221, 16.697749], [121.875568, 16.697749], [121.875568, 16.696401], [121.876916, 16.696401], [121.876916, 16.695054], [121.879611, 16.695054], [121.879611, 16.693707], [121.882306, 16.693707], [121.882306, 16.691012], [121.883653, 16.691012], [121.883653, 16.693707], [121.886348, 16.693707], [121.886348, 16.695054], [121.882306, 16.695054], [121.882306, 16.696401], [121.880958, 16.696401], [121.880958, 16.697749], [121.878263, 16.697749], [121.878263, 16.700444], [121.879611, 16.700444], [121.879611, 16.699096], [121.882306, 16.699096], [121.882306, 16.697749], [121.883653, 16.697749], [121.883653, 16.700444], [121.882306, 16.700444], [121.882306, 16.701791], [121.875568, 16.701791], [121.875568, 16.703139], [121.879611, 16.703139], [121.879611, 16.704486], [121.878263, 16.704486], [121.878263, 16.705834], [121.876916, 16.705834], [121.876916, 16.707181], [121.875568, 16.707181], [121.875568, 16.704486], [121.874221, 16.704486], [121.874221, 16.705834], [121.872873, 16.705834], [121.872873, 16.708529], [121.875568, 16.708529], [121.875568, 16.709876], [121.874221, 16.709876], [121.874221, 16.711224], [121.872873, 16.711224], [121.872873, 16.709876], [121.870178, 16.709876], [121.870178, 16.711224], [121.871526, 16.711224], [121.871526, 16.712571], [121.870178, 16.712571], [121.870178, 16.713919], [121.875568, 16.713919], [121.875568, 16.711224], [121.876916, 16.711224], [121.876916, 16.712571], [121.878263, 16.712571], [121.878263, 16.709876], [121.879611, 16.709876], [121.879611, 16.712571], [121.880958, 16.712571], [121.880958, 16.711224], [121.885001, 16.711224], [121.885001, 16.709876], [121.883653, 16.709876], [121.883653, 16.707181], [121.885001, 16.707181], [121.885001, 16.704486], [121.886348, 16.704486], [121.886348, 16.707181], [121.887695, 16.707181], [121.887695, 16.705834], [121.889043, 16.705834], [121.889043, 16.703139], [121.89039, 16.703139], [121.89039, 16.699096], [121.893085, 16.699096], [121.893085, 16.700444], [121.891738, 16.700444], [121.891738, 16.701791], [121.89578, 16.701791], [121.89578, 16.700444], [121.897128, 16.700444], [121.897128, 16.696401], [121.899823, 16.696401], [121.899823, 16.692359], [121.903865, 16.692359], [121.903865, 16.693707], [121.902518, 16.693707], [121.902518, 16.695054], [121.90656, 16.695054], [121.90656, 16.697749], [121.905213, 16.697749], [121.905213, 16.696401], [121.90117, 16.696401], [121.90117, 16.697749], [121.899823, 16.697749], [121.899823, 16.703139], [121.897128, 16.703139], [121.897128, 16.707181], [121.894433, 16.707181], [121.894433, 16.708529], [121.893085, 16.708529], [121.893085, 16.709876], [121.899823, 16.709876], [121.899823, 16.708529], [121.902518, 16.708529], [121.902518, 16.711224], [121.905213, 16.711224], [121.905213, 16.712571], [121.90656, 16.712571], [121.90656, 16.711224], [121.907908, 16.711224], [121.907908, 16.713919], [121.910603, 16.713919], [121.910603, 16.715266], [121.909255, 16.715266], [121.909255, 16.720656], [121.907908, 16.720656], [121.907908, 16.715266], [121.90656, 16.715266], [121.90656, 16.713919], [121.903865, 16.713919], [121.903865, 16.715266], [121.899823, 16.715266], [121.899823, 16.713919], [121.89039, 16.713919], [121.89039, 16.712571], [121.889043, 16.712571], [121.889043, 16.713919], [121.886348, 16.713919], [121.886348, 16.715266], [121.89039, 16.715266], [121.89039, 16.716614], [121.891738, 16.716614], [121.891738, 16.717961], [121.893085, 16.717961], [121.893085, 16.716614], [121.897128, 16.716614], [121.897128, 16.717961], [121.89578, 16.717961], [121.89578, 16.719309], [121.894433, 16.719309], [121.894433, 16.720656], [121.889043, 16.720656], [121.889043, 16.719309], [121.887695, 16.719309], [121.887695, 16.720656], [121.886348, 16.720656], [121.886348, 16.717961], [121.885001, 16.717961], [121.885001, 16.719309], [121.882306, 16.719309], [121.882306, 16.720656], [121.885001, 16.720656], [121.885001, 16.723351], [121.883653, 16.723351], [121.883653, 16.722003], [121.882306, 16.722003], [121.882306, 16.723351], [121.880958, 16.723351], [121.880958, 16.722003], [121.876916, 16.722003], [121.876916, 16.720656], [121.874221, 16.720656], [121.874221, 16.722003], [121.875568, 16.722003], [121.875568, 16.724698], [121.874221, 16.724698], [121.874221, 16.726046], [121.875568, 16.726046], [121.875568, 16.727393], [121.871526, 16.727393], [121.871526, 16.730088], [121.874221, 16.730088], [121.874221, 16.731436], [121.875568, 16.731436], [121.875568, 16.728741], [121.876916, 16.728741], [121.876916, 16.730088], [121.878263, 16.730088], [121.878263, 16.728741], [121.880958, 16.728741], [121.880958, 16.727393], [121.883653, 16.727393], [121.883653, 16.728741], [121.882306, 16.728741], [121.882306, 16.730088], [121.880958, 16.730088], [121.880958, 16.732783], [121.883653, 16.732783], [121.883653, 16.735478], [121.885001, 16.735478], [121.885001, 16.736826], [121.886348, 16.736826], [121.886348, 16.738173], [121.887695, 16.738173], [121.887695, 16.734131], [121.889043, 16.734131], [121.889043, 16.731436], [121.89039, 16.731436], [121.89039, 16.736826], [121.891738, 16.736826], [121.891738, 16.738173], [121.89039, 16.738173], [121.89039, 16.739521], [121.883653, 16.739521], [121.883653, 16.736826], [121.879611, 16.736826], [121.879611, 16.735478], [121.878263, 16.735478], [121.878263, 16.738173], [121.875568, 16.738173], [121.875568, 16.739521], [121.871526, 16.739521], [121.871526, 16.742216], [121.874221, 16.742216], [121.874221, 16.740868], [121.878263, 16.740868], [121.878263, 16.742216], [121.879611, 16.742216], [121.879611, 16.743563], [121.878263, 16.743563], [121.878263, 16.746258], [121.883653, 16.746258], [121.883653, 16.747605], [121.886348, 16.747605], [121.886348, 16.743563], [121.887695, 16.743563], [121.887695, 16.746258], [121.889043, 16.746258], [121.889043, 16.747605], [121.89039, 16.747605], [121.89039, 16.746258], [121.891738, 16.746258], [121.891738, 16.74491], [121.89578, 16.74491], [121.89578, 16.746258], [121.893085, 16.746258], [121.893085, 16.747605], [121.89578, 16.747605], [121.89578, 16.7503], [121.893085, 16.7503], [121.893085, 16.748953], [121.891738, 16.748953], [121.891738, 16.7503], [121.89039, 16.7503], [121.89039, 16.751648], [121.894433, 16.751648], [121.894433, 16.752995], [121.889043, 16.752995], [121.889043, 16.751648], [121.886348, 16.751648], [121.886348, 16.752995], [121.885001, 16.752995], [121.885001, 16.754343], [121.886348, 16.754343], [121.886348, 16.75569], [121.885001, 16.75569], [121.885001, 16.757038], [121.883653, 16.757038], [121.883653, 16.752995], [121.882306, 16.752995], [121.882306, 16.751648], [121.879611, 16.751648], [121.879611, 16.752995], [121.878263, 16.752995], [121.878263, 16.75569], [121.880958, 16.75569], [121.880958, 16.757038], [121.878263, 16.757038], [121.878263, 16.758385], [121.875568, 16.758385], [121.875568, 16.76108], [121.876916, 16.76108], [121.876916, 16.762428], [121.880958, 16.762428], [121.880958, 16.763775], [121.885001, 16.763775], [121.885001, 16.765123], [121.879611, 16.765123], [121.879611, 16.763775], [121.878263, 16.763775], [121.878263, 16.765123], [121.876916, 16.765123], [121.876916, 16.763775], [121.874221, 16.763775], [121.874221, 16.765123], [121.868831, 16.765123], [121.868831, 16.763775], [121.867483, 16.763775], [121.867483, 16.76647], [121.866136, 16.76647], [121.866136, 16.770512], [121.867483, 16.770512], [121.867483, 16.769165], [121.868831, 16.769165], [121.868831, 16.767818], [121.870178, 16.767818], [121.870178, 16.76647], [121.871526, 16.76647], [121.871526, 16.769165], [121.872873, 16.769165], [121.872873, 16.767818], [121.878263, 16.767818], [121.878263, 16.76647], [121.883653, 16.76647], [121.883653, 16.769165], [121.882306, 16.769165], [121.882306, 16.77186], [121.878263, 16.77186], [121.878263, 16.775902], [121.876916, 16.775902], [121.876916, 16.77725], [121.872873, 16.77725], [121.872873, 16.778597], [121.875568, 16.778597], [121.875568, 16.779945], [121.876916, 16.779945], [121.876916, 16.778597], [121.878263, 16.778597], [121.878263, 16.77725], [121.879611, 16.77725], [121.879611, 16.774555], [121.880958, 16.774555], [121.880958, 16.775902], [121.885001, 16.775902], [121.885001, 16.77725], [121.887695, 16.77725], [121.887695, 16.774555], [121.889043, 16.774555], [121.889043, 16.773207], [121.887695, 16.773207], [121.887695, 16.770512], [121.889043, 16.770512], [121.889043, 16.769165], [121.887695, 16.769165], [121.887695, 16.767818], [121.889043, 16.767818], [121.889043, 16.76647], [121.89039, 16.76647], [121.89039, 16.763775], [121.891738, 16.763775], [121.891738, 16.765123], [121.893085, 16.765123], [121.893085, 16.767818], [121.89578, 16.767818], [121.89578, 16.76647], [121.894433, 16.76647], [121.894433, 16.765123], [121.897128, 16.765123], [121.897128, 16.763775], [121.894433, 16.763775], [121.894433, 16.762428], [121.897128, 16.762428], [121.897128, 16.759733], [121.898475, 16.759733], [121.898475, 16.763775], [121.902518, 16.763775], [121.902518, 16.765123], [121.903865, 16.765123], [121.903865, 16.76108], [121.905213, 16.76108], [121.905213, 16.76647], [121.903865, 16.76647], [121.903865, 16.769165], [121.905213, 16.769165], [121.905213, 16.767818], [121.90656, 16.767818], [121.90656, 16.765123], [121.907908, 16.765123], [121.907908, 16.763775], [121.90656, 16.763775], [121.90656, 16.759733], [121.905213, 16.759733], [121.905213, 16.758385], [121.90656, 16.758385], [121.90656, 16.75569], [121.905213, 16.75569], [121.905213, 16.752995], [121.907908, 16.752995], [121.907908, 16.751648], [121.909255, 16.751648], [121.909255, 16.7503], [121.90656, 16.7503], [121.90656, 16.748953], [121.907908, 16.748953], [121.907908, 16.746258], [121.91195, 16.746258], [121.91195, 16.743563], [121.909255, 16.743563], [121.909255, 16.742216], [121.91195, 16.742216], [121.91195, 16.740868], [121.913297, 16.740868], [121.913297, 16.742216], [121.915992, 16.742216], [121.915992, 16.735478], [121.91734, 16.735478], [121.91734, 16.738173], [121.918687, 16.738173], [121.918687, 16.736826], [121.920035, 16.736826], [121.920035, 16.734131], [121.921382, 16.734131], [121.921382, 16.735478], [121.92273, 16.735478], [121.92273, 16.739521], [121.918687, 16.739521], [121.918687, 16.740868], [121.920035, 16.740868], [121.920035, 16.742216], [121.92273, 16.742216], [121.92273, 16.740868], [121.924077, 16.740868], [121.924077, 16.742216], [121.925425, 16.742216], [121.925425, 16.743563], [121.918687, 16.743563], [121.918687, 16.742216], [121.91734, 16.742216], [121.91734, 16.743563], [121.915992, 16.743563], [121.915992, 16.746258], [121.914645, 16.746258], [121.914645, 16.748953], [121.913297, 16.748953], [121.913297, 16.7503], [121.914645, 16.7503], [121.914645, 16.751648], [121.913297, 16.751648], [121.913297, 16.752995], [121.914645, 16.752995], [121.914645, 16.754343], [121.913297, 16.754343], [121.913297, 16.75569], [121.910603, 16.75569], [121.910603, 16.758385], [121.91195, 16.758385], [121.91195, 16.76108], [121.91734, 16.76108], [121.91734, 16.762428], [121.915992, 16.762428], [121.915992, 16.765123], [121.913297, 16.765123], [121.913297, 16.76647], [121.910603, 16.76647], [121.910603, 16.765123], [121.909255, 16.765123], [121.909255, 16.767818], [121.910603, 16.767818], [121.910603, 16.769165], [121.914645, 16.769165], [121.914645, 16.767818], [121.915992, 16.767818], [121.915992, 16.769165], [121.918687, 16.769165], [121.918687, 16.770512], [121.915992, 16.770512], [121.915992, 16.77186], [121.914645, 16.77186], [121.914645, 16.774555], [121.91195, 16.774555], [121.91195, 16.77186], [121.909255, 16.77186], [121.909255, 16.773207], [121.90656, 16.773207], [121.90656, 16.774555], [121.907908, 16.774555], [121.907908, 16.775902], [121.909255, 16.775902], [121.909255, 16.778597], [121.907908, 16.778597], [121.907908, 16.77725], [121.905213, 16.77725], [121.905213, 16.775902], [121.903865, 16.775902], [121.903865, 16.77725], [121.902518, 16.77725], [121.902518, 16.778597], [121.90117, 16.778597], [121.90117, 16.779945], [121.899823, 16.779945], [121.899823, 16.78264], [121.90117, 16.78264], [121.90117, 16.781292], [121.903865, 16.781292], [121.903865, 16.779945], [121.905213, 16.779945], [121.905213, 16.781292], [121.909255, 16.781292], [121.909255, 16.78264], [121.910603, 16.78264], [121.910603, 16.783987], [121.909255, 16.783987], [121.909255, 16.786682], [121.907908, 16.786682], [121.907908, 16.78803], [121.90656, 16.78803], [121.90656, 16.789377], [121.909255, 16.789377], [121.909255, 16.790725], [121.907908, 16.790725], [121.907908, 16.79342], [121.90656, 16.79342], [121.90656, 16.794767], [121.909255, 16.794767], [121.909255, 16.79342], [121.910603, 16.79342], [121.910603, 16.794767], [121.91195, 16.794767], [121.91195, 16.796114], [121.913297, 16.796114], [121.913297, 16.794767], [121.914645, 16.794767], [121.914645, 16.792072], [121.913297, 16.792072], [121.913297, 16.790725], [121.915992, 16.790725], [121.915992, 16.789377], [121.91734, 16.789377], [121.91734, 16.792072], [121.915992, 16.792072], [121.915992, 16.794767], [121.918687, 16.794767], [121.918687, 16.796114], [121.91734, 16.796114], [121.91734, 16.797462], [121.920035, 16.797462], [121.920035, 16.794767], [121.92273, 16.794767], [121.92273, 16.79342], [121.920035, 16.79342], [121.920035, 16.792072], [121.92273, 16.792072], [121.92273, 16.78803], [121.921382, 16.78803], [121.921382, 16.786682], [121.925425, 16.786682], [121.925425, 16.783987], [121.926772, 16.783987], [121.926772, 16.785335], [121.92812, 16.785335], [121.92812, 16.783987], [121.929467, 16.783987], [121.929467, 16.78264], [121.92812, 16.78264], [121.92812, 16.779945], [121.925425, 16.779945], [121.925425, 16.781292], [121.924077, 16.781292], [121.924077, 16.778597], [121.926772, 16.778597], [121.926772, 16.77725], [121.925425, 16.77725], [121.925425, 16.775902], [121.92812, 16.775902], [121.92812, 16.774555], [121.926772, 16.774555], [121.926772, 16.773207], [121.92812, 16.773207], [121.92812, 16.770512], [121.926772, 16.770512], [121.926772, 16.767818], [121.92812, 16.767818], [121.92812, 16.765123], [121.926772, 16.765123], [121.926772, 16.762428], [121.924077, 16.762428], [121.924077, 16.76108], [121.92812, 16.76108], [121.92812, 16.763775], [121.929467, 16.763775], [121.929467, 16.762428], [121.930815, 16.762428], [121.930815, 16.759733], [121.932162, 16.759733], [121.932162, 16.758385], [121.934857, 16.758385], [121.934857, 16.759733], [121.93351, 16.759733], [121.93351, 16.76108], [121.932162, 16.76108], [121.932162, 16.765123], [121.930815, 16.765123], [121.930815, 16.76647], [121.932162, 16.76647], [121.932162, 16.767818], [121.929467, 16.767818], [121.929467, 16.769165], [121.932162, 16.769165], [121.932162, 16.770512], [121.930815, 16.770512], [121.930815, 16.77186], [121.932162, 16.77186], [121.932162, 16.773207], [121.930815, 16.773207], [121.930815, 16.778597], [121.932162, 16.778597], [121.932162, 16.779945], [121.93351, 16.779945], [121.93351, 16.77725], [121.934857, 16.77725], [121.934857, 16.775902], [121.93351, 16.775902], [121.93351, 16.774555], [121.934857, 16.774555], [121.934857, 16.77186], [121.936205, 16.77186], [121.936205, 16.773207], [121.938899, 16.773207], [121.938899, 16.769165], [121.940247, 16.769165], [121.940247, 16.76647], [121.941594, 16.76647], [121.941594, 16.77186], [121.946984, 16.77186], [121.946984, 16.775902], [121.948332, 16.775902], [121.948332, 16.778597], [121.953722, 16.778597], [121.953722, 16.779945], [121.951027, 16.779945], [121.951027, 16.781292], [121.948332, 16.781292], [121.948332, 16.779945], [121.946984, 16.779945], [121.946984, 16.77725], [121.945637, 16.77725], [121.945637, 16.774555], [121.942942, 16.774555], [121.942942, 16.775902], [121.940247, 16.775902], [121.940247, 16.77725], [121.937552, 16.77725], [121.937552, 16.778597], [121.940247, 16.778597], [121.940247, 16.779945], [121.938899, 16.779945], [121.938899, 16.781292], [121.941594, 16.781292], [121.941594, 16.78264], [121.942942, 16.78264], [121.942942, 16.783987], [121.940247, 16.783987], [121.940247, 16.78264], [121.937552, 16.78264], [121.937552, 16.781292], [121.936205, 16.781292], [121.936205, 16.779945], [121.934857, 16.779945], [121.934857, 16.783987], [121.93351, 16.783987], [121.93351, 16.786682], [121.938899, 16.786682], [121.938899, 16.78803], [121.93351, 16.78803], [121.93351, 16.789377], [121.937552, 16.789377], [121.937552, 16.790725], [121.932162, 16.790725], [121.932162, 16.79342], [121.930815, 16.79342], [121.930815, 16.794767], [121.93351, 16.794767], [121.93351, 16.796114], [121.932162, 16.796114], [121.932162, 16.797462], [121.926772, 16.797462], [121.926772, 16.798809], [121.930815, 16.798809], [121.930815, 16.800157], [121.92812, 16.800157], [121.92812, 16.804199], [121.926772, 16.804199], [121.926772, 16.805547], [121.925425, 16.805547], [121.925425, 16.806894], [121.92812, 16.806894], [121.92812, 16.810937], [121.929467, 16.810937], [121.929467, 16.804199], [121.930815, 16.804199], [121.930815, 16.802852], [121.932162, 16.802852], [121.932162, 16.801504], [121.93351, 16.801504], [121.93351, 16.798809], [121.934857, 16.798809], [121.934857, 16.796114], [121.936205, 16.796114], [121.936205, 16.797462], [121.938899, 16.797462], [121.938899, 16.798809], [121.936205, 16.798809], [121.936205, 16.800157], [121.934857, 16.800157], [121.934857, 16.802852], [121.936205, 16.802852], [121.936205, 16.804199], [121.934857, 16.804199], [121.934857, 16.805547], [121.93351, 16.805547], [121.93351, 16.808242], [121.934857, 16.808242], [121.934857, 16.809589], [121.938899, 16.809589], [121.938899, 16.810937], [121.936205, 16.810937], [121.936205, 16.813632], [121.938899, 16.813632], [121.938899, 16.814979], [121.937552, 16.814979], [121.937552, 16.816327], [121.936205, 16.816327], [121.936205, 16.817674], [121.937552, 16.817674], [121.937552, 16.819021], [121.936205, 16.819021], [121.936205, 16.820369], [121.940247, 16.820369], [121.940247, 16.821716], [121.938899, 16.821716], [121.938899, 16.823064], [121.937552, 16.823064], [121.937552, 16.821716], [121.936205, 16.821716], [121.936205, 16.823064], [121.934857, 16.823064], [121.934857, 16.824411], [121.937552, 16.824411], [121.937552, 16.825759], [121.938899, 16.825759], [121.938899, 16.827106], [121.937552, 16.827106], [121.937552, 16.828454], [121.934857, 16.828454], [121.934857, 16.832496], [121.93351, 16.832496], [121.93351, 16.829801], [121.932162, 16.829801], [121.932162, 16.832496], [121.929467, 16.832496], [121.929467, 16.833844], [121.92812, 16.833844], [121.92812, 16.832496], [121.926772, 16.832496], [121.926772, 16.835191], [121.92273, 16.835191], [121.92273, 16.837886], [121.924077, 16.837886], [121.924077, 16.843276], [121.926772, 16.843276], [121.926772, 16.841929], [121.925425, 16.841929], [121.925425, 16.839234], [121.926772, 16.839234], [121.926772, 16.836539], [121.92812, 16.836539], [121.92812, 16.837886], [121.929467, 16.837886], [121.929467, 16.840581], [121.932162, 16.840581], [121.932162, 16.837886], [121.930815, 16.837886], [121.930815, 16.836539], [121.932162, 16.836539], [121.932162, 16.835191], [121.93351, 16.835191], [121.93351, 16.836539], [121.934857, 16.836539], [121.934857, 16.839234], [121.936205, 16.839234], [121.936205, 16.837886], [121.937552, 16.837886], [121.937552, 16.839234], [121.938899, 16.839234], [121.938899, 16.840581], [121.934857, 16.840581], [121.934857, 16.852708], [121.936205, 16.852708], [121.936205, 16.851361], [121.938899, 16.851361], [121.938899, 16.848666], [121.937552, 16.848666], [121.937552, 16.847318], [121.938899, 16.847318], [121.938899, 16.845971], [121.936205, 16.845971], [121.936205, 16.844623], [121.937552, 16.844623], [121.937552, 16.843276], [121.936205, 16.843276], [121.936205, 16.841929], [121.938899, 16.841929], [121.938899, 16.843276], [121.940247, 16.843276], [121.940247, 16.840581], [121.941594, 16.840581], [121.941594, 16.844623], [121.945637, 16.844623], [121.945637, 16.841929], [121.946984, 16.841929], [121.946984, 16.840581], [121.944289, 16.840581], [121.944289, 16.839234], [121.941594, 16.839234], [121.941594, 16.837886], [121.940247, 16.837886], [121.940247, 16.836539], [121.941594, 16.836539], [121.941594, 16.835191], [121.937552, 16.835191], [121.937552, 16.833844], [121.938899, 16.833844], [121.938899, 16.832496], [121.937552, 16.832496], [121.937552, 16.831149], [121.941594, 16.831149], [121.941594, 16.832496], [121.944289, 16.832496], [121.944289, 16.835191], [121.949679, 16.835191], [121.949679, 16.833844], [121.945637, 16.833844], [121.945637, 16.832496], [121.946984, 16.832496], [121.946984, 16.828454], [121.944289, 16.828454], [121.944289, 16.827106], [121.945637, 16.827106], [121.945637, 16.824411], [121.944289, 16.824411], [121.944289, 16.823064], [121.941594, 16.823064], [121.941594, 16.819021], [121.944289, 16.819021], [121.944289, 16.820369], [121.946984, 16.820369], [121.946984, 16.819021], [121.948332, 16.819021], [121.948332, 16.817674], [121.949679, 16.817674], [121.949679, 16.821716], [121.952374, 16.821716], [121.952374, 16.823064], [121.953722, 16.823064], [121.953722, 16.824411], [121.952374, 16.824411], [121.952374, 16.825759], [121.949679, 16.825759], [121.949679, 16.827106], [121.951027, 16.827106], [121.951027, 16.828454], [121.952374, 16.828454], [121.952374, 16.827106], [121.953722, 16.827106], [121.953722, 16.825759], [121.955069, 16.825759], [121.955069, 16.827106], [121.957764, 16.827106], [121.957764, 16.829801], [121.960459, 16.829801], [121.960459, 16.825759], [121.957764, 16.825759], [121.957764, 16.823064], [121.955069, 16.823064], [121.955069, 16.821716], [121.953722, 16.821716], [121.953722, 16.819021], [121.952374, 16.819021], [121.952374, 16.814979], [121.955069, 16.814979], [121.955069, 16.817674], [121.956417, 16.817674], [121.956417, 16.819021], [121.957764, 16.819021], [121.957764, 16.817674], [121.959112, 16.817674], [121.959112, 16.820369], [121.957764, 16.820369], [121.957764, 16.821716], [121.960459, 16.821716], [121.960459, 16.820369], [121.964501, 16.820369], [121.964501, 16.819021], [121.963154, 16.819021], [121.963154, 16.817674], [121.964501, 16.817674], [121.964501, 16.814979], [121.963154, 16.814979], [121.963154, 16.813632], [121.960459, 16.813632], [121.960459, 16.814979], [121.957764, 16.814979], [121.957764, 16.812284], [121.960459, 16.812284], [121.960459, 16.810937], [121.961807, 16.810937], [121.961807, 16.809589], [121.963154, 16.809589], [121.963154, 16.810937], [121.967196, 16.810937], [121.967196, 16.809589], [121.971239, 16.809589], [121.971239, 16.808242], [121.972586, 16.808242], [121.972586, 16.810937], [121.968544, 16.810937], [121.968544, 16.812284], [121.971239, 16.812284], [121.971239, 16.813632], [121.967196, 16.813632], [121.967196, 16.816327], [121.969891, 16.816327], [121.969891, 16.819021], [121.971239, 16.819021], [121.971239, 16.821716], [121.972586, 16.821716], [121.972586, 16.823064], [121.971239, 16.823064], [121.971239, 16.824411], [121.969891, 16.824411], [121.969891, 16.825759], [121.972586, 16.825759], [121.972586, 16.828454], [121.967196, 16.828454], [121.967196, 16.827106], [121.964501, 16.827106], [121.964501, 16.828454], [121.965849, 16.828454], [121.965849, 16.829801], [121.964501, 16.829801], [121.964501, 16.831149], [121.968544, 16.831149], [121.968544, 16.829801], [121.969891, 16.829801], [121.969891, 16.831149], [121.972586, 16.831149], [121.972586, 16.832496], [121.976629, 16.832496], [121.976629, 16.833844], [121.972586, 16.833844], [121.972586, 16.835191], [121.971239, 16.835191], [121.971239, 16.832496], [121.969891, 16.832496], [121.969891, 16.833844], [121.968544, 16.833844], [121.968544, 16.835191], [121.969891, 16.835191], [121.969891, 16.836539], [121.968544, 16.836539], [121.968544, 16.837886], [121.967196, 16.837886], [121.967196, 16.836539], [121.965849, 16.836539], [121.965849, 16.835191], [121.961807, 16.835191], [121.961807, 16.836539], [121.963154, 16.836539], [121.963154, 16.837886], [121.961807, 16.837886], [121.961807, 16.839234], [121.964501, 16.839234], [121.964501, 16.840581], [121.963154, 16.840581], [121.963154, 16.841929], [121.960459, 16.841929], [121.960459, 16.840581], [121.953722, 16.840581], [121.953722, 16.841929], [121.957764, 16.841929], [121.957764, 16.843276], [121.955069, 16.843276], [121.955069, 16.845971], [121.957764, 16.845971], [121.957764, 16.848666], [121.956417, 16.848666], [121.956417, 16.847318], [121.955069, 16.847318], [121.955069, 16.848666], [121.953722, 16.848666], [121.953722, 16.850013], [121.956417, 16.850013], [121.956417, 16.852708], [121.959112, 16.852708], [121.959112, 16.850013], [121.960459, 16.850013], [121.960459, 16.847318], [121.961807, 16.847318], [121.961807, 16.844623], [121.963154, 16.844623], [121.963154, 16.847318], [121.967196, 16.847318], [121.967196, 16.850013], [121.963154, 16.850013], [121.963154, 16.852708], [121.961807, 16.852708], [121.961807, 16.854056], [121.965849, 16.854056], [121.965849, 16.852708], [121.967196, 16.852708], [121.967196, 16.851361], [121.968544, 16.851361], [121.968544, 16.854056], [121.967196, 16.854056], [121.967196, 16.856751], [121.965849, 16.856751], [121.965849, 16.855403], [121.964501, 16.855403], [121.964501, 16.856751], [121.963154, 16.856751], [121.963154, 16.859446], [121.964501, 16.859446], [121.964501, 16.858098], [121.965849, 16.858098], [121.965849, 16.859446], [121.967196, 16.859446], [121.967196, 16.860793], [121.965849, 16.860793], [121.965849, 16.862141], [121.968544, 16.862141], [121.968544, 16.860793], [121.972586, 16.860793], [121.972586, 16.859446], [121.969891, 16.859446], [121.969891, 16.858098], [121.972586, 16.858098], [121.972586, 16.855403], [121.971239, 16.855403], [121.971239, 16.852708], [121.972586, 16.852708], [121.972586, 16.854056], [121.973934, 16.854056], [121.973934, 16.855403], [121.975281, 16.855403], [121.975281, 16.856751], [121.976629, 16.856751], [121.976629, 16.860793], [121.975281, 16.860793], [121.975281, 16.862141], [121.977976, 16.862141], [121.977976, 16.855403], [121.979324, 16.855403], [121.979324, 16.859446], [121.980671, 16.859446], [121.980671, 16.858098], [121.983366, 16.858098], [121.983366, 16.859446], [121.984714, 16.859446], [121.984714, 16.858098], [121.986061, 16.858098], [121.986061, 16.854056], [121.983366, 16.854056], [121.983366, 16.855403], [121.982019, 16.855403], [121.982019, 16.854056], [121.979324, 16.854056], [121.979324, 16.848666], [121.976629, 16.848666], [121.976629, 16.845971], [121.979324, 16.845971], [121.979324, 16.847318], [121.980671, 16.847318], [121.980671, 16.851361], [121.982019, 16.851361], [121.982019, 16.852708], [121.983366, 16.852708], [121.983366, 16.850013], [121.984714, 16.850013], [121.984714, 16.848666], [121.983366, 16.848666], [121.983366, 16.847318], [121.988756, 16.847318], [121.988756, 16.844623], [121.987408, 16.844623], [121.987408, 16.843276], [121.986061, 16.843276], [121.986061, 16.841929], [121.988756, 16.841929], [121.988756, 16.843276], [121.990103, 16.843276], [121.990103, 16.840581], [121.986061, 16.840581], [121.986061, 16.836539], [121.984714, 16.836539], [121.984714, 16.835191], [121.987408, 16.835191], [121.987408, 16.836539], [121.988756, 16.836539], [121.988756, 16.833844], [121.986061, 16.833844], [121.986061, 16.828454], [121.984714, 16.828454], [121.984714, 16.825759], [121.986061, 16.825759], [121.986061, 16.827106], [121.987408, 16.827106], [121.987408, 16.828454], [121.988756, 16.828454], [121.988756, 16.829801], [121.990103, 16.829801], [121.990103, 16.828454], [121.994146, 16.828454], [121.994146, 16.829801], [121.996841, 16.829801], [121.996841, 16.831149], [121.991451, 16.831149], [121.991451, 16.840581], [121.994146, 16.840581], [121.994146, 16.841929], [121.992798, 16.841929], [121.992798, 16.843276], [121.994146, 16.843276], [121.994146, 16.844623], [121.992798, 16.844623], [121.992798, 16.845971], [121.991451, 16.845971], [121.991451, 16.847318], [121.992798, 16.847318], [121.992798, 16.848666], [121.994146, 16.848666], [121.994146, 16.850013], [121.990103, 16.850013], [121.990103, 16.851361], [121.991451, 16.851361], [121.991451, 16.852708], [121.992798, 16.852708], [121.992798, 16.854056], [121.990103, 16.854056], [121.990103, 16.855403], [121.991451, 16.855403], [121.991451, 16.856751], [121.990103, 16.856751], [121.990103, 16.858098], [121.988756, 16.858098], [121.988756, 16.859446], [121.990103, 16.859446], [121.990103, 16.860793], [121.991451, 16.860793], [121.991451, 16.859446], [121.992798, 16.859446], [121.992798, 16.858098], [121.994146, 16.858098], [121.994146, 16.855403], [121.995493, 16.855403], [121.995493, 16.856751], [121.996841, 16.856751], [121.996841, 16.852708], [121.999536, 16.852708], [121.999536, 16.854056], [121.998188, 16.854056], [121.998188, 16.856751], [122.000883, 16.856751], [122.000883, 16.858098], [121.998188, 16.858098], [121.998188, 16.859446], [121.999536, 16.859446], [121.999536, 16.860793], [121.996841, 16.860793], [121.996841, 16.862141], [121.998188, 16.862141], [121.998188, 16.863488], [121.995493, 16.863488], [121.995493, 16.864836], [121.996841, 16.864836], [121.996841, 16.867531], [121.998188, 16.867531], [121.998188, 16.868878], [121.995493, 16.868878], [121.995493, 16.866183], [121.994146, 16.866183], [121.994146, 16.864836], [121.992798, 16.864836], [121.992798, 16.862141], [121.991451, 16.862141], [121.991451, 16.868878], [121.990103, 16.868878], [121.990103, 16.866183], [121.988756, 16.866183], [121.988756, 16.864836], [121.986061, 16.864836], [121.986061, 16.870225], [121.987408, 16.870225], [121.987408, 16.871573], [121.984714, 16.871573], [121.984714, 16.87292], [121.982019, 16.87292], [121.982019, 16.874268], [121.980671, 16.874268], [121.980671, 16.87292], [121.977976, 16.87292], [121.977976, 16.875615], [121.976629, 16.875615], [121.976629, 16.874268], [121.975281, 16.874268], [121.975281, 16.87292], [121.972586, 16.87292], [121.972586, 16.874268], [121.971239, 16.874268], [121.971239, 16.875615], [121.969891, 16.875615], [121.969891, 16.876963], [121.972586, 16.876963], [121.972586, 16.879658], [121.969891, 16.879658], [121.969891, 16.881005], [121.968544, 16.881005], [121.968544, 16.882353], [121.964501, 16.882353], [121.964501, 16.8837], [121.967196, 16.8837], [121.967196, 16.885048], [121.964501, 16.885048], [121.964501, 16.890438], [121.968544, 16.890438], [121.968544, 16.891785], [121.969891, 16.891785], [121.969891, 16.886395], [121.971239, 16.886395], [121.971239, 16.8837], [121.975281, 16.8837], [121.975281, 16.885048], [121.976629, 16.885048], [121.976629, 16.886395], [121.979324, 16.886395], [121.979324, 16.885048], [121.977976, 16.885048], [121.977976, 16.882353], [121.979324, 16.882353], [121.979324, 16.881005], [121.976629, 16.881005], [121.976629, 16.879658], [121.979324, 16.879658], [121.979324, 16.875615], [121.980671, 16.875615], [121.980671, 16.876963], [121.982019, 16.876963], [121.982019, 16.875615], [121.983366, 16.875615], [121.983366, 16.874268], [121.986061, 16.874268], [121.986061, 16.875615], [121.984714, 16.875615], [121.984714, 16.876963], [121.986061, 16.876963], [121.986061, 16.882353], [121.991451, 16.882353], [121.991451, 16.8837], [121.987408, 16.8837], [121.987408, 16.885048], [121.986061, 16.885048], [121.986061, 16.8837], [121.984714, 16.8837], [121.984714, 16.879658], [121.980671, 16.879658], [121.980671, 16.881005], [121.982019, 16.881005], [121.982019, 16.882353], [121.980671, 16.882353], [121.980671, 16.8837], [121.983366, 16.8837], [121.983366, 16.885048], [121.984714, 16.885048], [121.984714, 16.886395], [121.986061, 16.886395], [121.986061, 16.887743], [121.984714, 16.887743], [121.984714, 16.88909], [121.983366, 16.88909], [121.983366, 16.887743], [121.980671, 16.887743], [121.980671, 16.88909], [121.982019, 16.88909], [121.982019, 16.890438], [121.979324, 16.890438], [121.979324, 16.891785], [121.980671, 16.891785], [121.980671, 16.893133], [121.979324, 16.893133], [121.979324, 16.89448], [121.982019, 16.89448], [121.982019, 16.893133], [121.988756, 16.893133], [121.988756, 16.891785], [121.991451, 16.891785], [121.991451, 16.89448], [121.988756, 16.89448], [121.988756, 16.895827], [121.990103, 16.895827], [121.990103, 16.898522], [121.988756, 16.898522], [121.988756, 16.897175], [121.986061, 16.897175], [121.986061, 16.895827], [121.983366, 16.895827], [121.983366, 16.897175], [121.984714, 16.897175], [121.984714, 16.898522], [121.980671, 16.898522], [121.980671, 16.89987], [121.982019, 16.89987], [121.982019, 16.901217], [121.983366, 16.901217], [121.983366, 16.89987], [121.986061, 16.89987], [121.986061, 16.901217], [121.984714, 16.901217], [121.984714, 16.902565], [121.986061, 16.902565], [121.986061, 16.903912], [121.983366, 16.903912], [121.983366, 16.906607], [121.984714, 16.906607], [121.984714, 16.90526], [121.986061, 16.90526], [121.986061, 16.909302], [121.988756, 16.909302], [121.988756, 16.906607], [121.990103, 16.906607], [121.990103, 16.907955], [121.991451, 16.907955], [121.991451, 16.90526], [121.992798, 16.90526], [121.992798, 16.901217], [121.994146, 16.901217], [121.994146, 16.89987], [121.995493, 16.89987], [121.995493, 16.902565], [121.994146, 16.902565], [121.994146, 16.90526], [121.995493, 16.90526], [121.995493, 16.903912], [121.998188, 16.903912], [121.998188, 16.90526], [121.996841, 16.90526], [121.996841, 16.906607], [121.994146, 16.906607], [121.994146, 16.91065], [121.996841, 16.91065], [121.996841, 16.909302], [121.998188, 16.909302], [121.998188, 16.907955], [122.002231, 16.907955], [122.002231, 16.909302], [121.999536, 16.909302], [121.999536, 16.91065], [121.998188, 16.91065], [121.998188, 16.911997], [121.995493, 16.911997], [121.995493, 16.914692], [121.998188, 16.914692], [121.998188, 16.91604], [121.999536, 16.91604], [121.999536, 16.918734], [121.998188, 16.918734], [121.998188, 16.920082], [121.996841, 16.920082], [121.996841, 16.91604], [121.995493, 16.91604], [121.995493, 16.917387], [121.994146, 16.917387], [121.994146, 16.918734], [121.992798, 16.918734], [121.992798, 16.920082], [121.994146, 16.920082], [121.994146, 16.921429], [121.992798, 16.921429], [121.992798, 16.922777], [121.995493, 16.922777], [121.995493, 16.925472], [121.991451, 16.925472], [121.991451, 16.928167], [121.992798, 16.928167], [121.992798, 16.926819], [121.996841, 16.926819], [121.996841, 16.928167], [121.998188, 16.928167], [121.998188, 16.933557], [121.996841, 16.933557], [121.996841, 16.934904], [121.995493, 16.934904], [121.995493, 16.936252], [121.996841, 16.936252], [121.996841, 16.938947], [121.995493, 16.938947], [121.995493, 16.940294], [121.994146, 16.940294], [121.994146, 16.941642], [121.995493, 16.941642], [121.995493, 16.944336], [121.994146, 16.944336], [121.994146, 16.942989], [121.991451, 16.942989], [121.991451, 16.944336], [121.992798, 16.944336], [121.992798, 16.945684], [121.994146, 16.945684], [121.994146, 16.948379], [121.995493, 16.948379], [121.995493, 16.947031], [121.996841, 16.947031], [121.996841, 16.948379], [122.000883, 16.948379], [122.000883, 16.949726], [121.999536, 16.949726], [121.999536, 16.952421], [121.998188, 16.952421], [121.998188, 16.953769], [121.996841, 16.953769], [121.996841, 16.956464], [121.995493, 16.956464], [121.995493, 16.953769], [121.992798, 16.953769], [121.992798, 16.956464], [121.990103, 16.956464], [121.990103, 16.959159], [121.991451, 16.959159], [121.991451, 16.960506], [121.992798, 16.960506], [121.992798, 16.959159], [121.995493, 16.959159], [121.995493, 16.960506], [121.994146, 16.960506], [121.994146, 16.961854], [121.995493, 16.961854], [121.995493, 16.964549], [121.996841, 16.964549], [121.996841, 16.965896], [121.998188, 16.965896], [121.998188, 16.963201], [121.996841, 16.963201], [121.996841, 16.961854], [121.998188, 16.961854], [121.998188, 16.956464], [121.999536, 16.956464], [121.999536, 16.955116], [122.000883, 16.955116], [122.000883, 16.951074], [122.002231, 16.951074], [122.002231, 16.948379], [122.003578, 16.948379], [122.003578, 16.945684], [122.002231, 16.945684], [122.002231, 16.944336], [122.000883, 16.944336], [122.000883, 16.942989], [122.003578, 16.942989], [122.003578, 16.944336], [122.004926, 16.944336], [122.004926, 16.940294], [122.002231, 16.940294], [122.002231, 16.938947], [122.003578, 16.938947], [122.003578, 16.936252], [122.004926, 16.936252], [122.004926, 16.930862], [122.006273, 16.930862], [122.006273, 16.932209], [122.007621, 16.932209], [122.007621, 16.933557], [122.008968, 16.933557], [122.008968, 16.930862], [122.010316, 16.930862], [122.010316, 16.933557], [122.011663, 16.933557], [122.011663, 16.930862], [122.01301, 16.930862], [122.01301, 16.932209], [122.014358, 16.932209], [122.014358, 16.929514], [122.017053, 16.929514], [122.017053, 16.936252], [122.019748, 16.936252], [122.019748, 16.934904], [122.021095, 16.934904], [122.021095, 16.933557], [122.019748, 16.933557], [122.019748, 16.932209], [122.02379, 16.932209], [122.02379, 16.929514], [122.022443, 16.929514], [122.022443, 16.930862], [122.0184, 16.930862], [122.0184, 16.928167], [122.017053, 16.928167], [122.017053, 16.926819], [122.015705, 16.926819], [122.015705, 16.928167], [122.014358, 16.928167], [122.014358, 16.925472], [122.01301, 16.925472], [122.01301, 16.926819], [122.011663, 16.926819], [122.011663, 16.928167], [122.010316, 16.928167], [122.010316, 16.929514], [122.003578, 16.929514], [122.003578, 16.930862], [122.002231, 16.930862], [122.002231, 16.929514], [122.000883, 16.929514], [122.000883, 16.928167], [122.007621, 16.928167], [122.007621, 16.926819], [122.004926, 16.926819], [122.004926, 16.925472], [122.002231, 16.925472], [122.002231, 16.926819], [122.000883, 16.926819], [122.000883, 16.924124], [122.003578, 16.924124], [122.003578, 16.922777], [122.002231, 16.922777], [122.002231, 16.921429], [122.004926, 16.921429], [122.004926, 16.920082], [122.000883, 16.920082], [122.000883, 16.918734], [122.002231, 16.918734], [122.002231, 16.917387], [122.004926, 16.917387], [122.004926, 16.91604], [122.002231, 16.91604], [122.002231, 16.914692], [122.003578, 16.914692], [122.003578, 16.913345], [122.004926, 16.913345], [122.004926, 16.909302], [122.006273, 16.909302], [122.006273, 16.90526], [122.004926, 16.90526], [122.004926, 16.903912], [122.010316, 16.903912], [122.010316, 16.902565], [122.011663, 16.902565], [122.011663, 16.89987], [122.01301, 16.89987], [122.01301, 16.898522], [122.010316, 16.898522], [122.010316, 16.897175], [122.011663, 16.897175], [122.011663, 16.895827], [122.01301, 16.895827], [122.01301, 16.89448], [122.014358, 16.89448], [122.014358, 16.893133], [122.010316, 16.893133], [122.010316, 16.89448], [122.008968, 16.89448], [122.008968, 16.891785], [122.014358, 16.891785], [122.014358, 16.890438], [122.015705, 16.890438], [122.015705, 16.891785], [122.017053, 16.891785], [122.017053, 16.890438], [122.0184, 16.890438], [122.0184, 16.885048], [122.019748, 16.885048], [122.019748, 16.882353], [122.021095, 16.882353], [122.021095, 16.881005], [122.022443, 16.881005], [122.022443, 16.87831], [122.021095, 16.87831], [122.021095, 16.875615], [122.022443, 16.875615], [122.022443, 16.87292], [122.021095, 16.87292], [122.021095, 16.870225], [122.0184, 16.870225], [122.0184, 16.868878], [122.017053, 16.868878], [122.017053, 16.867531], [122.014358, 16.867531], [122.014358, 16.864836], [122.01301, 16.864836], [122.01301, 16.863488], [122.011663, 16.863488], [122.011663, 16.862141], [122.01301, 16.862141], [122.01301, 16.859446], [122.011663, 16.859446], [122.011663, 16.858098], [122.014358, 16.858098], [122.014358, 16.856751], [122.017053, 16.856751], [122.017053, 16.855403], [122.0184, 16.855403], [122.0184, 16.852708], [122.017053, 16.852708], [122.017053, 16.851361], [122.015705, 16.851361], [122.015705, 16.848666], [122.014358, 16.848666], [122.014358, 16.847318], [122.017053, 16.847318], [122.017053, 16.850013], [122.0184, 16.850013], [122.0184, 16.851361], [122.019748, 16.851361], [122.019748, 16.852708], [122.021095, 16.852708], [122.021095, 16.854056], [122.026485, 16.854056], [122.026485, 16.848666], [122.027833, 16.848666], [122.027833, 16.850013], [122.030528, 16.850013], [122.030528, 16.848666], [122.031875, 16.848666], [122.031875, 16.850013], [122.03457, 16.850013], [122.03457, 16.851361], [122.037265, 16.851361], [122.037265, 16.852708], [122.03996, 16.852708], [122.03996, 16.854056], [122.048045, 16.854056], [122.048045, 16.851361], [122.049392, 16.851361], [122.049392, 16.843276], [122.05074, 16.843276], [122.05074, 16.840581], [122.054782, 16.840581], [122.054782, 16.841929], [122.053435, 16.841929], [122.053435, 16.843276], [122.052087, 16.843276], [122.052087, 16.845971], [122.05074, 16.845971], [122.05074, 16.852708], [122.052087, 16.852708], [122.052087, 16.854056], [122.05074, 16.854056], [122.05074, 16.856751], [122.049392, 16.856751], [122.049392, 16.859446], [122.046697, 16.859446], [122.046697, 16.860793], [122.04535, 16.860793], [122.04535, 16.862141], [122.042655, 16.862141], [122.042655, 16.863488], [122.041307, 16.863488], [122.041307, 16.862141], [122.038612, 16.862141], [122.038612, 16.860793], [122.035918, 16.860793], [122.035918, 16.859446], [122.033223, 16.859446], [122.033223, 16.860793], [122.030528, 16.860793], [122.030528, 16.863488], [122.027833, 16.863488], [122.027833, 16.864836], [122.026485, 16.864836], [122.026485, 16.867531], [122.02918, 16.867531], [122.02918, 16.870225], [122.027833, 16.870225], [122.027833, 16.87292], [122.02918, 16.87292], [122.02918, 16.874268], [122.030528, 16.874268], [122.030528, 16.881005], [122.03457, 16.881005], [122.03457, 16.879658], [122.035918, 16.879658], [122.035918, 16.882353], [122.03457, 16.882353], [122.03457, 16.8837], [122.037265, 16.8837], [122.037265, 16.885048], [122.038612, 16.885048], [122.038612, 16.886395], [122.042655, 16.886395], [122.042655, 16.88909], [122.041307, 16.88909], [122.041307, 16.887743], [122.035918, 16.887743], [122.035918, 16.885048], [122.03457, 16.885048], [122.03457, 16.886395], [122.031875, 16.886395], [122.031875, 16.887743], [122.030528, 16.887743], [122.030528, 16.885048], [122.02918, 16.885048], [122.02918, 16.890438], [122.027833, 16.890438], [122.027833, 16.89448], [122.02918, 16.89448], [122.02918, 16.895827], [122.026485, 16.895827], [122.026485, 16.89987], [122.025138, 16.89987], [122.025138, 16.901217], [122.02379, 16.901217], [122.02379, 16.902565], [122.026485, 16.902565], [122.026485, 16.903912], [122.033223, 16.903912], [122.033223, 16.90526], [122.03457, 16.90526], [122.03457, 16.903912], [122.037265, 16.903912], [122.037265, 16.90526], [122.035918, 16.90526], [122.035918, 16.907955], [122.03457, 16.907955], [122.03457, 16.91065], [122.035918, 16.91065], [122.035918, 16.913345], [122.033223, 16.913345], [122.033223, 16.914692], [122.031875, 16.914692], [122.031875, 16.917387], [122.033223, 16.917387], [122.033223, 16.918734], [122.031875, 16.918734], [122.031875, 16.921429], [122.033223, 16.921429], [122.033223, 16.922777], [122.03457, 16.922777], [122.03457, 16.921429], [122.035918, 16.921429], [122.035918, 16.924124], [122.03457, 16.924124], [122.03457, 16.926819], [122.037265, 16.926819], [122.037265, 16.924124], [122.046697, 16.924124], [122.046697, 16.925472], [122.048045, 16.925472], [122.048045, 16.924124], [122.052087, 16.924124], [122.052087, 16.925472], [122.05074, 16.925472], [122.05074, 16.926819], [122.048045, 16.926819], [122.048045, 16.928167], [122.046697, 16.928167], [122.046697, 16.929514], [122.04535, 16.929514], [122.04535, 16.926819], [122.041307, 16.926819], [122.041307, 16.929514], [122.038612, 16.929514], [122.038612, 16.930862], [122.03996, 16.930862], [122.03996, 16.932209], [122.037265, 16.932209], [122.037265, 16.934904], [122.038612, 16.934904], [122.038612, 16.933557], [122.042655, 16.933557], [122.042655, 16.934904], [122.044002, 16.934904], [122.044002, 16.936252], [122.04535, 16.936252], [122.04535, 16.938947], [122.042655, 16.938947], [122.042655, 16.936252], [122.03457, 16.936252], [122.03457, 16.938947], [122.037265, 16.938947], [122.037265, 16.937599], [122.03996, 16.937599], [122.03996, 16.940294], [122.038612, 16.940294], [122.038612, 16.942989], [122.035918, 16.942989], [122.035918, 16.945684], [122.037265, 16.945684], [122.037265, 16.947031], [122.035918, 16.947031], [122.035918, 16.948379], [122.033223, 16.948379], [122.033223, 16.949726], [122.031875, 16.949726], [122.031875, 16.944336], [122.02918, 16.944336], [122.02918, 16.945684], [122.030528, 16.945684], [122.030528, 16.948379], [122.02918, 16.948379], [122.02918, 16.949726], [122.026485, 16.949726], [122.026485, 16.951074], [122.025138, 16.951074], [122.025138, 16.952421], [122.02379, 16.952421], [122.02379, 16.955116], [122.026485, 16.955116], [122.026485, 16.953769], [122.027833, 16.953769], [122.027833, 16.955116], [122.030528, 16.955116], [122.030528, 16.956464], [122.027833, 16.956464], [122.027833, 16.960506], [122.026485, 16.960506], [122.026485, 16.961854], [122.02379, 16.961854], [122.02379, 16.960506], [122.022443, 16.960506], [122.022443, 16.959159], [122.021095, 16.959159], [122.021095, 16.960506], [122.017053, 16.960506], [122.017053, 16.961854], [122.019748, 16.961854], [122.019748, 16.963201], [122.021095, 16.963201], [122.021095, 16.964549], [122.019748, 16.964549], [122.019748, 16.967244], [122.022443, 16.967244], [122.022443, 16.965896], [122.02379, 16.965896], [122.02379, 16.968591], [122.027833, 16.968591], [122.027833, 16.967244], [122.02918, 16.967244], [122.02918, 16.963201], [122.033223, 16.963201], [122.033223, 16.964549], [122.031875, 16.964549], [122.031875, 16.965896], [122.030528, 16.965896], [122.030528, 16.969938], [122.02918, 16.969938], [122.02918, 16.971286], [122.026485, 16.971286], [122.026485, 16.972633], [122.025138, 16.972633], [122.025138, 16.975328], [122.02379, 16.975328], [122.02379, 16.978023], [122.022443, 16.978023], [122.022443, 16.979371], [122.02379, 16.979371], [122.02379, 16.987456], [122.022443, 16.987456], [122.022443, 16.990151], [122.02379, 16.990151], [122.02379, 16.991498], [122.025138, 16.991498], [122.025138, 16.992846], [122.035918, 16.992846], [122.035918, 16.994193], [122.037265, 16.994193], [122.037265, 16.992846], [122.041307, 16.992846], [122.041307, 16.990151], [122.042655, 16.990151], [122.042655, 16.986108], [122.03996, 16.986108], [122.03996, 16.984761], [122.038612, 16.984761], [122.038612, 16.983413], [122.037265, 16.983413], [122.037265, 16.980718], [122.035918, 16.980718], [122.035918, 16.979371], [122.03457, 16.979371], [122.03457, 16.978023], [122.031875, 16.978023], [122.031875, 16.973981], [122.033223, 16.973981], [122.033223, 16.972633], [122.03457, 16.972633], [122.03457, 16.971286], [122.035918, 16.971286], [122.035918, 16.968591], [122.03996, 16.968591], [122.03996, 16.967244], [122.04535, 16.967244], [122.04535, 16.965896], [122.046697, 16.965896], [122.046697, 16.963201], [122.048045, 16.963201], [122.048045, 16.961854], [122.049392, 16.961854], [122.049392, 16.964549], [122.052087, 16.964549], [122.052087, 16.963201], [122.057477, 16.963201], [122.057477, 16.961854], [122.058825, 16.961854], [122.058825, 16.959159], [122.061519, 16.959159], [122.061519, 16.960506], [122.062867, 16.960506], [122.062867, 16.957811], [122.064214, 16.957811], [122.064214, 16.956464], [122.065562, 16.956464], [122.065562, 16.955116], [122.066909, 16.955116], [122.066909, 16.957811], [122.065562, 16.957811], [122.065562, 16.960506], [122.064214, 16.960506], [122.064214, 16.963201], [122.065562, 16.963201], [122.065562, 16.961854], [122.066909, 16.961854], [122.066909, 16.960506], [122.068257, 16.960506], [122.068257, 16.956464], [122.069604, 16.956464], [122.069604, 16.952421], [122.068257, 16.952421], [122.068257, 16.948379], [122.065562, 16.948379], [122.065562, 16.945684], [122.062867, 16.945684], [122.062867, 16.944336], [122.061519, 16.944336], [122.061519, 16.938947], [122.062867, 16.938947], [122.062867, 16.937599], [122.064214, 16.937599], [122.064214, 16.936252], [122.065562, 16.936252], [122.065562, 16.934904], [122.066909, 16.934904], [122.066909, 16.933557], [122.068257, 16.933557], [122.068257, 16.928167], [122.069604, 16.928167], [122.069604, 16.925472], [122.073647, 16.925472], [122.073647, 16.924124], [122.080384, 16.924124], [122.080384, 16.921429], [122.083079, 16.921429], [122.083079, 16.920082], [122.085774, 16.920082], [122.085774, 16.917387], [122.087121, 16.917387], [122.087121, 16.914692], [122.089816, 16.914692], [122.089816, 16.911997], [122.084427, 16.911997], [122.084427, 16.913345], [122.083079, 16.913345], [122.083079, 16.914692], [122.080384, 16.914692], [122.080384, 16.913345], [122.079037, 16.913345], [122.079037, 16.911997], [122.083079, 16.911997], [122.083079, 16.91065], [122.084427, 16.91065], [122.084427, 16.909302], [122.087121, 16.909302], [122.087121, 16.907955], [122.088469, 16.907955], [122.088469, 16.909302], [122.089816, 16.909302], [122.089816, 16.91065], [122.092511, 16.91065], [122.092511, 16.911997], [122.093859, 16.911997], [122.093859, 16.91604], [122.092511, 16.91604], [122.092511, 16.917387], [122.091164, 16.917387], [122.091164, 16.918734], [122.089816, 16.918734], [122.089816, 16.920082], [122.088469, 16.920082], [122.088469, 16.921429], [122.087121, 16.921429], [122.087121, 16.922777], [122.085774, 16.922777], [122.085774, 16.924124], [122.083079, 16.924124], [122.083079, 16.929514], [122.081732, 16.929514], [122.081732, 16.928167], [122.080384, 16.928167], [122.080384, 16.926819], [122.077689, 16.926819], [122.077689, 16.928167], [122.073647, 16.928167], [122.073647, 16.929514], [122.072299, 16.929514], [122.072299, 16.930862], [122.073647, 16.930862], [122.073647, 16.932209], [122.070952, 16.932209], [122.070952, 16.936252], [122.068257, 16.936252], [122.068257, 16.942989], [122.069604, 16.942989], [122.069604, 16.944336], [122.070952, 16.944336], [122.070952, 16.945684], [122.072299, 16.945684], [122.072299, 16.947031], [122.073647, 16.947031], [122.073647, 16.948379], [122.077689, 16.948379], [122.077689, 16.955116], [122.079037, 16.955116], [122.079037, 16.956464], [122.080384, 16.956464], [122.080384, 16.957811], [122.079037, 16.957811], [122.079037, 16.961854], [122.080384, 16.961854], [122.080384, 16.963201], [122.083079, 16.963201], [122.083079, 16.964549], [122.084427, 16.964549], [122.084427, 16.965896], [122.085774, 16.965896], [122.085774, 16.964549], [122.087121, 16.964549], [122.087121, 16.963201], [122.089816, 16.963201], [122.089816, 16.965896], [122.091164, 16.965896], [122.091164, 16.960506], [122.092511, 16.960506], [122.092511, 16.956464], [122.093859, 16.956464], [122.093859, 16.955116], [122.097901, 16.955116], [122.097901, 16.956464], [122.099249, 16.956464], [122.099249, 16.959159], [122.096554, 16.959159], [122.096554, 16.960506], [122.095206, 16.960506], [122.095206, 16.961854], [122.093859, 16.961854], [122.093859, 16.965896], [122.092511, 16.965896], [122.092511, 16.967244], [122.091164, 16.967244], [122.091164, 16.968591], [122.089816, 16.968591], [122.089816, 16.969938], [122.088469, 16.969938], [122.088469, 16.971286], [122.087121, 16.971286], [122.087121, 16.969938], [122.085774, 16.969938], [122.085774, 16.968591], [122.084427, 16.968591], [122.084427, 16.967244], [122.073647, 16.967244], [122.073647, 16.968591], [122.072299, 16.968591], [122.072299, 16.969938], [122.069604, 16.969938], [122.069604, 16.971286], [122.068257, 16.971286], [122.068257, 16.972633], [122.066909, 16.972633], [122.066909, 16.973981], [122.064214, 16.973981], [122.064214, 16.969938], [122.060172, 16.969938], [122.060172, 16.971286], [122.058825, 16.971286], [122.058825, 16.973981], [122.061519, 16.973981], [122.061519, 16.975328], [122.062867, 16.975328], [122.062867, 16.976676], [122.064214, 16.976676], [122.064214, 16.980718], [122.066909, 16.980718], [122.066909, 16.979371], [122.068257, 16.979371], [122.068257, 16.976676], [122.069604, 16.976676], [122.069604, 16.975328], [122.070952, 16.975328], [122.070952, 16.976676], [122.072299, 16.976676], [122.072299, 16.975328], [122.074994, 16.975328], [122.074994, 16.976676], [122.076342, 16.976676], [122.076342, 16.978023], [122.073647, 16.978023], [122.073647, 16.979371], [122.072299, 16.979371], [122.072299, 16.978023], [122.069604, 16.978023], [122.069604, 16.980718], [122.068257, 16.980718], [122.068257, 16.982066], [122.065562, 16.982066], [122.065562, 16.986108], [122.064214, 16.986108], [122.064214, 16.983413], [122.062867, 16.983413], [122.062867, 16.984761], [122.061519, 16.984761], [122.061519, 16.983413], [122.060172, 16.983413], [122.060172, 16.980718], [122.058825, 16.980718], [122.058825, 16.986108], [122.054782, 16.986108], [122.054782, 16.987456], [122.049392, 16.987456], [122.049392, 16.991498], [122.048045, 16.991498], [122.048045, 16.992846], [122.04535, 16.992846], [122.04535, 16.99554], [122.044002, 16.99554], [122.044002, 16.996888], [122.03996, 16.996888], [122.03996, 16.998235], [122.037265, 16.998235], [122.037265, 16.999583], [122.03457, 16.999583], [122.03457, 17.00093], [122.030528, 17.00093], [122.030528, 16.999583], [122.02379, 16.999583], [122.02379, 17.00093], [122.022443, 17.00093], [122.022443, 16.999583], [122.021095, 16.999583], [122.021095, 17.002278], [122.022443, 17.002278], [122.022443, 17.003625], [122.019748, 17.003625], [122.019748, 17.00093], [122.017053, 17.00093], [122.017053, 16.999583], [122.014358, 16.999583], [122.014358, 16.998235], [122.01301, 16.998235], [122.01301, 16.99554], [122.011663, 16.99554], [122.011663, 16.996888], [122.008968, 16.996888], [122.008968, 16.998235], [122.004926, 16.998235], [122.004926, 16.999583], [121.999536, 16.999583], [121.999536, 17.002278], [122.000883, 17.002278], [122.000883, 17.003625], [122.003578, 17.003625], [122.003578, 17.007668], [122.004926, 17.007668], [122.004926, 17.009015], [122.006273, 17.009015], [122.006273, 17.010363], [122.002231, 17.010363], [122.002231, 17.00632], [121.999536, 17.00632], [121.999536, 17.003625], [121.998188, 17.003625], [121.998188, 17.00093], [121.996841, 17.00093], [121.996841, 17.002278], [121.994146, 17.002278], [121.994146, 17.00093], [121.992798, 17.00093], [121.992798, 17.002278], [121.988756, 17.002278], [121.988756, 17.00093], [121.979324, 17.00093], [121.979324, 17.002278], [121.980671, 17.002278], [121.980671, 17.003625], [121.979324, 17.003625], [121.979324, 17.00632], [121.984714, 17.00632], [121.984714, 17.007668], [121.982019, 17.007668], [121.982019, 17.009015], [121.983366, 17.009015], [121.983366, 17.01171], [121.982019, 17.01171], [121.982019, 17.013058], [121.983366, 17.013058], [121.983366, 17.014405], [121.984714, 17.014405], [121.984714, 17.015753], [121.986061, 17.015753], [121.986061, 17.014405], [121.988756, 17.014405], [121.988756, 17.013058], [121.987408, 17.013058], [121.987408, 17.010363], [121.986061, 17.010363], [121.986061, 17.007668], [121.987408, 17.007668], [121.987408, 17.00632], [121.988756, 17.00632], [121.988756, 17.004973], [121.990103, 17.004973], [121.990103, 17.003625], [121.991451, 17.003625], [121.991451, 17.01171], [121.992798, 17.01171], [121.992798, 17.009015], [121.994146, 17.009015], [121.994146, 17.01171], [121.995493, 17.01171], [121.995493, 17.013058], [121.996841, 17.013058], [121.996841, 17.014405], [121.998188, 17.014405], [121.998188, 17.015753], [122.002231, 17.015753], [122.002231, 17.0171], [121.999536, 17.0171], [121.999536, 17.018447], [121.998188, 17.018447], [121.998188, 17.019795], [122.000883, 17.019795], [122.000883, 17.018447], [122.007621, 17.018447], [122.007621, 17.019795], [122.008968, 17.019795], [122.008968, 17.018447], [122.011663, 17.018447], [122.011663, 17.0171], [122.01301, 17.0171], [122.01301, 17.018447], [122.02379, 17.018447], [122.02379, 17.021142], [122.022443, 17.021142], [122.022443, 17.023837], [122.02379, 17.023837], [122.02379, 17.025185], [122.019748, 17.025185], [122.019748, 17.02249], [122.021095, 17.02249], [122.021095, 17.021142], [122.01301, 17.021142], [122.01301, 17.023837], [122.011663, 17.023837], [122.011663, 17.02249], [122.010316, 17.02249], [122.010316, 17.025185], [122.008968, 17.025185], [122.008968, 17.02788], [122.007621, 17.02788], [122.007621, 17.026532], [122.004926, 17.026532], [122.004926, 17.023837], [122.003578, 17.023837], [122.003578, 17.025185], [121.996841, 17.025185], [121.996841, 17.026532], [121.995493, 17.026532], [121.995493, 17.02788], [121.994146, 17.02788], [121.994146, 17.026532], [121.992798, 17.026532], [121.992798, 17.029227], [121.996841, 17.029227], [121.996841, 17.02788], [121.998188, 17.02788], [121.998188, 17.030575], [121.999536, 17.030575], [121.999536, 17.031922], [121.991451, 17.031922], [121.991451, 17.035965], [121.992798, 17.035965], [121.992798, 17.034617], [121.994146, 17.034617], [121.994146, 17.037312], [121.996841, 17.037312], [121.996841, 17.03866], [121.998188, 17.03866], [121.998188, 17.040007], [121.996841, 17.040007], [121.996841, 17.044049], [122.000883, 17.044049], [122.000883, 17.040007], [121.999536, 17.040007], [121.999536, 17.03866], [122.000883, 17.03866], [122.000883, 17.035965], [122.002231, 17.035965], [122.002231, 17.037312], [122.003578, 17.037312], [122.003578, 17.03327], [122.004926, 17.03327], [122.004926, 17.02788], [122.006273, 17.02788], [122.006273, 17.029227], [122.007621, 17.029227], [122.007621, 17.030575], [122.008968, 17.030575], [122.008968, 17.031922], [122.010316, 17.031922], [122.010316, 17.03327], [122.011663, 17.03327], [122.011663, 17.034617], [122.0184, 17.034617], [122.0184, 17.035965], [122.019748, 17.035965], [122.019748, 17.034617], [122.021095, 17.034617], [122.021095, 17.035965], [122.02379, 17.035965], [122.02379, 17.037312], [122.0184, 17.037312], [122.0184, 17.03866], [122.021095, 17.03866], [122.021095, 17.041355], [122.022443, 17.041355], [122.022443, 17.042702], [122.02379, 17.042702], [122.02379, 17.044049], [122.021095, 17.044049], [122.021095, 17.042702], [122.019748, 17.042702], [122.019748, 17.041355], [122.017053, 17.041355], [122.017053, 17.037312], [122.01301, 17.037312], [122.01301, 17.03866], [122.011663, 17.03866], [122.011663, 17.037312], [122.010316, 17.037312], [122.010316, 17.035965], [122.006273, 17.035965], [122.006273, 17.037312], [122.004926, 17.037312], [122.004926, 17.03866], [122.006273, 17.03866], [122.006273, 17.042702], [122.007621, 17.042702], [122.007621, 17.048092], [122.008968, 17.048092], [122.008968, 17.049439], [122.010316, 17.049439], [122.010316, 17.048092], [122.01301, 17.048092], [122.01301, 17.049439], [122.011663, 17.049439], [122.011663, 17.052134], [122.017053, 17.052134], [122.017053, 17.053482], [122.021095, 17.053482], [122.021095, 17.052134], [122.022443, 17.052134], [122.022443, 17.049439], [122.02918, 17.049439], [122.02918, 17.046744], [122.030528, 17.046744], [122.030528, 17.048092], [122.031875, 17.048092], [122.031875, 17.046744], [122.035918, 17.046744], [122.035918, 17.048092], [122.03457, 17.048092], [122.03457, 17.050787], [122.030528, 17.050787], [122.030528, 17.053482], [122.02918, 17.053482], [122.02918, 17.056177], [122.027833, 17.056177], [122.027833, 17.054829], [122.026485, 17.054829], [122.026485, 17.056177], [122.022443, 17.056177], [122.022443, 17.057524], [122.021095, 17.057524], [122.021095, 17.058872], [122.0184, 17.058872], [122.0184, 17.061567], [122.017053, 17.061567], [122.017053, 17.062914], [122.011663, 17.062914], [122.011663, 17.060219], [122.010316, 17.060219], [122.010316, 17.056177], [122.007621, 17.056177], [122.007621, 17.061567], [122.004926, 17.061567], [122.004926, 17.057524], [122.003578, 17.057524], [122.003578, 17.058872], [122.000883, 17.058872], [122.000883, 17.060219], [121.999536, 17.060219], [121.999536, 17.058872], [121.998188, 17.058872], [121.998188, 17.056177], [121.996841, 17.056177], [121.996841, 17.053482], [121.998188, 17.053482], [121.998188, 17.050787], [121.996841, 17.050787], [121.996841, 17.049439], [121.994146, 17.049439], [121.994146, 17.050787], [121.992798, 17.050787], [121.992798, 17.049439], [121.991451, 17.049439], [121.991451, 17.054829], [121.990103, 17.054829], [121.990103, 17.056177], [121.992798, 17.056177], [121.992798, 17.057524], [121.995493, 17.057524], [121.995493, 17.062914], [121.996841, 17.062914], [121.996841, 17.064262], [121.998188, 17.064262], [121.998188, 17.065609], [121.999536, 17.065609], [121.999536, 17.062914], [122.003578, 17.062914], [122.003578, 17.064262], [122.007621, 17.064262], [122.007621, 17.062914], [122.010316, 17.062914], [122.010316, 17.065609], [122.01301, 17.065609], [122.01301, 17.066957], [122.014358, 17.066957], [122.014358, 17.069651], [122.01301, 17.069651], [122.01301, 17.070999], [122.014358, 17.070999], [122.014358, 17.072346], [122.017053, 17.072346], [122.017053, 17.070999], [122.0184, 17.070999], [122.0184, 17.073694], [122.017053, 17.073694], [122.017053, 17.075041], [122.019748, 17.075041], [122.019748, 17.076389], [122.021095, 17.076389], [122.021095, 17.079084], [122.019748, 17.079084], [122.019748, 17.080431], [122.0184, 17.080431], [122.0184, 17.081779], [122.021095, 17.081779], [122.021095, 17.083126], [122.0184, 17.083126], [122.0184, 17.088516], [122.017053, 17.088516], [122.017053, 17.099296], [122.0184, 17.099296], [122.0184, 17.103338], [122.017053, 17.103338], [122.017053, 17.101991], [122.015705, 17.101991], [122.015705, 17.103338], [122.014358, 17.103338], [122.014358, 17.106033], [122.01301, 17.106033], [122.01301, 17.107381], [122.010316, 17.107381], [122.010316, 17.111423], [122.011663, 17.111423], [122.011663, 17.114118], [122.01301, 17.114118], [122.01301, 17.116813], [122.011663, 17.116813], [122.011663, 17.119508], [122.014358, 17.119508], [122.014358, 17.11816], [122.017053, 17.11816], [122.017053, 17.119508], [122.022443, 17.119508], [122.022443, 17.120855], [122.010316, 17.120855], [122.010316, 17.12355], [122.008968, 17.12355], [122.008968, 17.124898], [122.010316, 17.124898], [122.010316, 17.126245], [122.006273, 17.126245], [122.006273, 17.127593], [122.002231, 17.127593], [122.002231, 17.126245], [121.998188, 17.126245], [121.998188, 17.127593], [121.995493, 17.127593], [121.995493, 17.12894], [121.992798, 17.12894], [121.992798, 17.130288], [121.991451, 17.130288], [121.991451, 17.131635], [121.990103, 17.131635], [121.990103, 17.132983], [121.987408, 17.132983], [121.987408, 17.13433], [121.986061, 17.13433], [121.986061, 17.137025], [121.988756, 17.137025], [121.988756, 17.135678], [121.992798, 17.135678], [121.992798, 17.137025], [121.995493, 17.137025], [121.995493, 17.142415], [121.992798, 17.142415], [121.992798, 17.14511], [121.991451, 17.14511], [121.991451, 17.141068], [121.992798, 17.141068], [121.992798, 17.13972], [121.991451, 17.13972], [121.991451, 17.138373], [121.990103, 17.138373], [121.990103, 17.13972], [121.988756, 17.13972], [121.988756, 17.141068], [121.983366, 17.141068], [121.983366, 17.13972], [121.980671, 17.13972], [121.980671, 17.138373], [121.977976, 17.138373], [121.977976, 17.13972], [121.976629, 17.13972], [121.976629, 17.142415], [121.972586, 17.142415], [121.972586, 17.143762], [121.969891, 17.143762], [121.969891, 17.14511], [121.968544, 17.14511], [121.968544, 17.146457], [121.971239, 17.146457], [121.971239, 17.14511], [121.972586, 17.14511], [121.972586, 17.146457], [121.975281, 17.146457], [121.975281, 17.147805], [121.973934, 17.147805], [121.973934, 17.149152], [121.972586, 17.149152], [121.972586, 17.1505], [121.973934, 17.1505], [121.973934, 17.151847], [121.972586, 17.151847], [121.972586, 17.154542], [121.968544, 17.154542], [121.968544, 17.157237], [121.967196, 17.157237], [121.967196, 17.158585], [121.965849, 17.158585], [121.965849, 17.159932], [121.964501, 17.159932], [121.964501, 17.162627], [121.963154, 17.162627], [121.963154, 17.163975], [121.960459, 17.163975], [121.960459, 17.169364], [121.964501, 17.169364], [121.964501, 17.168017], [121.965849, 17.168017], [121.965849, 17.169364], [121.967196, 17.169364], [121.967196, 17.172059], [121.968544, 17.172059], [121.968544, 17.173407], [121.969891, 17.173407], [121.969891, 17.176102], [121.968544, 17.176102], [121.968544, 17.174754], [121.967196, 17.174754], [121.967196, 17.177449], [121.964501, 17.177449], [121.964501, 17.180144], [121.965849, 17.180144], [121.965849, 17.182839], [121.967196, 17.182839], [121.967196, 17.188229], [121.968544, 17.188229], [121.968544, 17.189577], [121.971239, 17.189577], [121.971239, 17.190924], [121.969891, 17.190924], [121.969891, 17.192271], [121.968544, 17.192271], [121.968544, 17.193619], [121.964501, 17.193619], [121.964501, 17.192271], [121.963154, 17.192271], [121.963154, 17.190924], [121.960459, 17.190924], [121.960459, 17.193619], [121.957764, 17.193619], [121.957764, 17.194966], [121.956417, 17.194966], [121.956417, 17.196314], [121.959112, 17.196314], [121.959112, 17.194966], [121.960459, 17.194966], [121.960459, 17.196314], [121.964501, 17.196314], [121.964501, 17.197661], [121.965849, 17.197661], [121.965849, 17.199009], [121.967196, 17.199009], [121.967196, 17.201704], [121.965849, 17.201704], [121.965849, 17.207094], [121.964501, 17.207094], [121.964501, 17.204399], [121.963154, 17.204399], [121.963154, 17.203051], [121.960459, 17.203051], [121.960459, 17.201704], [121.957764, 17.201704], [121.957764, 17.203051], [121.959112, 17.203051], [121.959112, 17.207094], [121.957764, 17.207094], [121.957764, 17.209789], [121.955069, 17.209789], [121.955069, 17.208441], [121.953722, 17.208441], [121.953722, 17.211136], [121.952374, 17.211136], [121.952374, 17.212484], [121.951027, 17.212484], [121.951027, 17.208441], [121.949679, 17.208441], [121.949679, 17.203051], [121.948332, 17.203051], [121.948332, 17.201704], [121.946984, 17.201704], [121.946984, 17.213831], [121.945637, 17.213831], [121.945637, 17.209789], [121.944289, 17.209789], [121.944289, 17.208441], [121.942942, 17.208441], [121.942942, 17.204399], [121.941594, 17.204399], [121.941594, 17.201704], [121.940247, 17.201704], [121.940247, 17.203051], [121.936205, 17.203051], [121.936205, 17.201704], [121.934857, 17.201704], [121.934857, 17.204399], [121.937552, 17.204399], [121.937552, 17.205746], [121.938899, 17.205746], [121.938899, 17.208441], [121.937552, 17.208441], [121.937552, 17.209789], [121.936205, 17.209789], [121.936205, 17.208441], [121.934857, 17.208441], [121.934857, 17.209789], [121.932162, 17.209789], [121.932162, 17.212484], [121.936205, 17.212484], [121.936205, 17.213831], [121.934857, 17.213831], [121.934857, 17.215179], [121.93351, 17.215179], [121.93351, 17.213831], [121.92812, 17.213831], [121.92812, 17.217873], [121.929467, 17.217873], [121.929467, 17.219221], [121.926772, 17.219221], [121.926772, 17.215179], [121.924077, 17.215179], [121.924077, 17.213831], [121.92273, 17.213831], [121.92273, 17.212484], [121.926772, 17.212484], [121.926772, 17.211136], [121.92812, 17.211136], [121.92812, 17.208441], [121.926772, 17.208441], [121.926772, 17.207094], [121.92273, 17.207094], [121.92273, 17.211136], [121.920035, 17.211136], [121.920035, 17.212484], [121.918687, 17.212484], [121.918687, 17.213831], [121.920035, 17.213831], [121.920035, 17.215179], [121.921382, 17.215179], [121.921382, 17.216526], [121.92273, 17.216526], [121.92273, 17.220568], [121.925425, 17.220568], [121.925425, 17.221916], [121.924077, 17.221916], [121.924077, 17.223263], [121.926772, 17.223263], [121.926772, 17.224611], [121.92812, 17.224611], [121.92812, 17.223263], [121.930815, 17.223263], [121.930815, 17.221916], [121.934857, 17.221916], [121.934857, 17.225958], [121.936205, 17.225958], [121.936205, 17.228653], [121.940247, 17.228653], [121.940247, 17.230001], [121.941594, 17.230001], [121.941594, 17.231348], [121.942942, 17.231348], [121.942942, 17.234043], [121.953722, 17.234043], [121.953722, 17.232696], [121.956417, 17.232696], [121.956417, 17.235391], [121.953722, 17.235391], [121.953722, 17.238086], [121.952374, 17.238086], [121.952374, 17.239433], [121.951027, 17.239433], [121.951027, 17.243475], [121.949679, 17.243475], [121.949679, 17.24617], [121.952374, 17.24617], [121.952374, 17.247518], [121.953722, 17.247518], [121.953722, 17.25156], [121.948332, 17.25156], [121.948332, 17.250213], [121.945637, 17.250213], [121.945637, 17.25156], [121.944289, 17.25156], [121.944289, 17.255603], [121.946984, 17.255603], [121.946984, 17.259645], [121.941594, 17.259645], [121.941594, 17.255603], [121.940247, 17.255603], [121.940247, 17.254255], [121.938899, 17.254255], [121.938899, 17.258298], [121.937552, 17.258298], [121.937552, 17.25695], [121.936205, 17.25695], [121.936205, 17.254255], [121.937552, 17.254255], [121.937552, 17.252908], [121.936205, 17.252908], [121.936205, 17.25156], [121.934857, 17.25156], [121.934857, 17.252908], [121.93351, 17.252908], [121.93351, 17.254255], [121.932162, 17.254255], [121.932162, 17.255603], [121.930815, 17.255603], [121.930815, 17.254255], [121.929467, 17.254255], [121.929467, 17.25695], [121.92812, 17.25695], [121.92812, 17.254255], [121.926772, 17.254255], [121.926772, 17.25695], [121.925425, 17.25695], [121.925425, 17.258298], [121.926772, 17.258298], [121.926772, 17.259645], [121.92812, 17.259645], [121.92812, 17.26234], [121.929467, 17.26234], [121.929467, 17.265035], [121.932162, 17.265035], [121.932162, 17.271772], [121.93351, 17.271772], [121.93351, 17.277162], [121.932162, 17.277162], [121.932162, 17.282552], [121.929467, 17.282552], [121.929467, 17.285247], [121.925425, 17.285247], [121.925425, 17.286595], [121.92812, 17.286595], [121.92812, 17.287942], [121.924077, 17.287942], [121.924077, 17.28929], [121.921382, 17.28929], [121.921382, 17.290637], [121.920035, 17.290637], [121.920035, 17.28929], [121.918687, 17.28929], [121.918687, 17.290637], [121.907908, 17.290637], [121.907908, 17.28929], [121.903865, 17.28929], [121.903865, 17.287942], [121.902518, 17.287942], [121.902518, 17.286595], [121.90117, 17.286595], [121.90117, 17.285247], [121.89578, 17.285247], [121.89578, 17.286595], [121.894433, 17.286595], [121.894433, 17.287942], [121.893085, 17.287942], [121.893085, 17.290637], [121.891738, 17.290637], [121.891738, 17.291984], [121.89039, 17.291984], [121.89039, 17.294679], [121.887695, 17.294679], [121.887695, 17.293332], [121.886348, 17.293332], [121.886348, 17.294679], [121.883653, 17.294679], [121.883653, 17.298722], [121.880958, 17.298722], [121.880958, 17.297374], [121.875568, 17.297374], [121.875568, 17.298722], [121.872873, 17.298722], [121.872873, 17.300069], [121.871526, 17.300069], [121.871526, 17.298722], [121.870178, 17.298722], [121.870178, 17.301417], [121.867483, 17.301417], [121.867483, 17.302764], [121.866136, 17.302764], [121.866136, 17.304112], [121.868831, 17.304112], [121.868831, 17.306807], [121.870178, 17.306807], [121.870178, 17.305459], [121.871526, 17.305459], [121.871526, 17.302764], [121.872873, 17.302764], [121.872873, 17.304112], [121.875568, 17.304112], [121.875568, 17.302764], [121.874221, 17.302764], [121.874221, 17.301417], [121.876916, 17.301417], [121.876916, 17.298722], [121.878263, 17.298722], [121.878263, 17.305459], [121.879611, 17.305459], [121.879611, 17.306807], [121.878263, 17.306807], [121.878263, 17.308154], [121.875568, 17.308154], [121.875568, 17.309502], [121.878263, 17.309502], [121.878263, 17.310849], [121.879611, 17.310849], [121.879611, 17.309502], [121.880958, 17.309502], [121.880958, 17.313544], [121.879611, 17.313544], [121.879611, 17.312197], [121.878263, 17.312197], [121.878263, 17.316239], [121.875568, 17.316239], [121.875568, 17.317586], [121.874221, 17.317586], [121.874221, 17.318934], [121.872873, 17.318934], [121.872873, 17.316239], [121.868831, 17.316239], [121.868831, 17.317586], [121.866136, 17.317586], [121.866136, 17.318934], [121.864788, 17.318934], [121.864788, 17.317586], [121.863441, 17.317586], [121.863441, 17.318934], [121.862094, 17.318934], [121.862094, 17.320281], [121.863441, 17.320281], [121.863441, 17.321629], [121.864788, 17.321629], [121.864788, 17.320281], [121.866136, 17.320281], [121.866136, 17.322976], [121.864788, 17.322976], [121.864788, 17.324324], [121.863441, 17.324324], [121.863441, 17.322976], [121.852661, 17.322976], [121.852661, 17.320281], [121.851314, 17.320281], [121.851314, 17.318934], [121.849966, 17.318934], [121.849966, 17.317586], [121.851314, 17.317586], [121.851314, 17.316239], [121.844576, 17.316239], [121.844576, 17.317586], [121.843229, 17.317586], [121.843229, 17.320281], [121.845924, 17.320281], [121.845924, 17.318934], [121.847271, 17.318934], [121.847271, 17.320281], [121.849966, 17.320281], [121.849966, 17.327019], [121.852661, 17.327019], [121.852661, 17.328366], [121.847271, 17.328366], [121.847271, 17.327019], [121.845924, 17.327019], [121.845924, 17.325671], [121.843229, 17.325671], [121.843229, 17.329714], [121.844576, 17.329714], [121.844576, 17.331061], [121.845924, 17.331061], [121.845924, 17.332409], [121.840534, 17.332409], [121.840534, 17.333756], [121.841881, 17.333756], [121.841881, 17.335104], [121.845924, 17.335104], [121.845924, 17.337799], [121.844576, 17.337799], [121.844576, 17.339146], [121.843229, 17.339146], [121.843229, 17.341841], [121.845924, 17.341841], [121.845924, 17.340494], [121.848619, 17.340494], [121.848619, 17.339146], [121.851314, 17.339146], [121.851314, 17.340494], [121.849966, 17.340494], [121.849966, 17.341841], [121.854009, 17.341841], [121.854009, 17.340494], [121.855356, 17.340494], [121.855356, 17.337799], [121.859399, 17.337799], [121.859399, 17.335104], [121.860746, 17.335104], [121.860746, 17.341841], [121.862094, 17.341841], [121.862094, 17.340494], [121.863441, 17.340494], [121.863441, 17.341841], [121.864788, 17.341841], [121.864788, 17.337799], [121.866136, 17.337799], [121.866136, 17.335104], [121.867483, 17.335104], [121.867483, 17.328366], [121.868831, 17.328366], [121.868831, 17.327019], [121.870178, 17.327019], [121.870178, 17.329714], [121.871526, 17.329714], [121.871526, 17.328366], [121.872873, 17.328366], [121.872873, 17.325671], [121.874221, 17.325671], [121.874221, 17.322976], [121.878263, 17.322976], [121.878263, 17.324324], [121.876916, 17.324324], [121.876916, 17.325671], [121.875568, 17.325671], [121.875568, 17.328366], [121.874221, 17.328366], [121.874221, 17.329714], [121.876916, 17.329714], [121.876916, 17.331061], [121.878263, 17.331061], [121.878263, 17.329714], [121.879611, 17.329714], [121.879611, 17.328366], [121.882306, 17.328366], [121.882306, 17.322976], [121.880958, 17.322976], [121.880958, 17.321629], [121.882306, 17.321629], [121.882306, 17.320281], [121.883653, 17.320281], [121.883653, 17.318934], [121.882306, 17.318934], [121.882306, 17.314892], [121.883653, 17.314892], [121.883653, 17.316239], [121.885001, 17.316239], [121.885001, 17.314892], [121.886348, 17.314892], [121.886348, 17.313544], [121.887695, 17.313544], [121.887695, 17.312197], [121.889043, 17.312197], [121.889043, 17.309502], [121.89039, 17.309502], [121.89039, 17.308154], [121.891738, 17.308154], [121.891738, 17.306807], [121.89039, 17.306807], [121.89039, 17.302764], [121.891738, 17.302764], [121.891738, 17.304112], [121.893085, 17.304112], [121.893085, 17.302764], [121.89578, 17.302764], [121.89578, 17.304112], [121.898475, 17.304112], [121.898475, 17.302764], [121.90117, 17.302764], [121.90117, 17.301417], [121.902518, 17.301417], [121.902518, 17.302764], [121.903865, 17.302764], [121.903865, 17.301417], [121.905213, 17.301417], [121.905213, 17.302764], [121.907908, 17.302764], [121.907908, 17.304112], [121.910603, 17.304112], [121.910603, 17.305459], [121.91195, 17.305459], [121.91195, 17.306807], [121.915992, 17.306807], [121.915992, 17.308154], [121.920035, 17.308154], [121.920035, 17.309502], [121.921382, 17.309502], [121.921382, 17.316239], [121.920035, 17.316239], [121.920035, 17.318934], [121.918687, 17.318934], [121.918687, 17.317586], [121.91734, 17.317586], [121.91734, 17.316239], [121.914645, 17.316239], [121.914645, 17.317586], [121.91195, 17.317586], [121.91195, 17.318934], [121.910603, 17.318934], [121.910603, 17.317586], [121.909255, 17.317586], [121.909255, 17.316239], [121.907908, 17.316239], [121.907908, 17.317586], [121.903865, 17.317586], [121.903865, 17.318934], [121.905213, 17.318934], [121.905213, 17.320281], [121.903865, 17.320281], [121.903865, 17.321629], [121.902518, 17.321629], [121.902518, 17.322976], [121.905213, 17.322976], [121.905213, 17.325671], [121.90656, 17.325671], [121.90656, 17.327019], [121.909255, 17.327019], [121.909255, 17.324324], [121.910603, 17.324324], [121.910603, 17.328366], [121.907908, 17.328366], [121.907908, 17.329714], [121.90656, 17.329714], [121.90656, 17.331061], [121.907908, 17.331061], [121.907908, 17.335104], [121.90656, 17.335104], [121.90656, 17.333756], [121.903865, 17.333756], [121.903865, 17.331061], [121.902518, 17.331061], [121.902518, 17.328366], [121.899823, 17.328366], [121.899823, 17.329714], [121.90117, 17.329714], [121.90117, 17.335104], [121.903865, 17.335104], [121.903865, 17.339146], [121.898475, 17.339146], [121.898475, 17.340494], [121.899823, 17.340494], [121.899823, 17.341841], [121.903865, 17.341841], [121.903865, 17.343188], [121.902518, 17.343188], [121.902518, 17.344536], [121.90117, 17.344536], [121.90117, 17.343188], [121.899823, 17.343188], [121.899823, 17.344536], [121.898475, 17.344536], [121.898475, 17.343188], [121.897128, 17.343188], [121.897128, 17.345883], [121.898475, 17.345883], [121.898475, 17.347231], [121.899823, 17.347231], [121.899823, 17.352621], [121.90117, 17.352621], [121.90117, 17.353968], [121.898475, 17.353968], [121.898475, 17.358011], [121.899823, 17.358011], [121.899823, 17.362053], [121.897128, 17.362053], [121.897128, 17.358011], [121.89578, 17.358011], [121.89578, 17.356663], [121.894433, 17.356663], [121.894433, 17.355316], [121.893085, 17.355316], [121.893085, 17.352621], [121.891738, 17.352621], [121.891738, 17.353968], [121.89039, 17.353968], [121.89039, 17.355316], [121.889043, 17.355316], [121.889043, 17.353968], [121.886348, 17.353968], [121.886348, 17.356663], [121.883653, 17.356663], [121.883653, 17.353968], [121.878263, 17.353968], [121.878263, 17.355316], [121.880958, 17.355316], [121.880958, 17.356663], [121.882306, 17.356663], [121.882306, 17.359358], [121.883653, 17.359358], [121.883653, 17.358011], [121.885001, 17.358011], [121.885001, 17.359358], [121.887695, 17.359358], [121.887695, 17.358011], [121.889043, 17.358011], [121.889043, 17.359358], [121.89039, 17.359358], [121.89039, 17.360706], [121.893085, 17.360706], [121.893085, 17.363401], [121.89578, 17.363401], [121.89578, 17.366096], [121.897128, 17.366096], [121.897128, 17.36879], [121.899823, 17.36879], [121.899823, 17.370138], [121.898475, 17.370138], [121.898475, 17.372833], [121.899823, 17.372833], [121.899823, 17.37418], [121.902518, 17.37418], [121.902518, 17.378223], [121.90656, 17.378223], [121.90656, 17.376875], [121.907908, 17.376875], [121.907908, 17.378223], [121.909255, 17.378223], [121.909255, 17.37957], [121.903865, 17.37957], [121.903865, 17.380918], [121.90117, 17.380918], [121.90117, 17.37957], [121.898475, 17.37957], [121.898475, 17.382265], [121.90117, 17.382265], [121.90117, 17.383613], [121.899823, 17.383613], [121.899823, 17.38496], [121.90117, 17.38496], [121.90117, 17.386308], [121.898475, 17.386308], [121.898475, 17.387655], [121.899823, 17.387655], [121.899823, 17.389003], [121.898475, 17.389003], [121.898475, 17.391697], [121.897128, 17.391697], [121.897128, 17.39574], [121.898475, 17.39574], [121.898475, 17.398435], [121.899823, 17.398435], [121.899823, 17.399782], [121.902518, 17.399782], [121.902518, 17.40113], [121.903865, 17.40113], [121.903865, 17.402477], [121.902518, 17.402477], [121.902518, 17.403825], [121.90117, 17.403825], [121.90117, 17.402477], [121.899823, 17.402477], [121.899823, 17.403825], [121.897128, 17.403825], [121.897128, 17.402477], [121.894433, 17.402477], [121.894433, 17.403825], [121.89039, 17.403825], [121.89039, 17.402477], [121.887695, 17.402477], [121.887695, 17.40113], [121.886348, 17.40113], [121.886348, 17.398435], [121.883653, 17.398435], [121.883653, 17.399782], [121.878263, 17.399782], [121.878263, 17.398435], [121.875568, 17.398435], [121.875568, 17.399782], [121.876916, 17.399782], [121.876916, 17.402477], [121.875568, 17.402477], [121.875568, 17.403825], [121.878263, 17.403825], [121.878263, 17.405172], [121.883653, 17.405172], [121.883653, 17.410562], [121.887695, 17.410562], [121.887695, 17.41191], [121.889043, 17.41191], [121.889043, 17.410562], [121.89039, 17.410562], [121.89039, 17.409215], [121.891738, 17.409215], [121.891738, 17.407867], [121.897128, 17.407867], [121.897128, 17.409215], [121.898475, 17.409215], [121.898475, 17.410562], [121.894433, 17.410562], [121.894433, 17.414605], [121.89578, 17.414605], [121.89578, 17.415952], [121.894433, 17.415952], [121.894433, 17.417299], [121.893085, 17.417299], [121.893085, 17.415952], [121.89039, 17.415952], [121.89039, 17.418647], [121.893085, 17.418647], [121.893085, 17.421342], [121.891738, 17.421342], [121.891738, 17.426732], [121.89039, 17.426732], [121.89039, 17.428079], [121.889043, 17.428079], [121.889043, 17.429427], [121.89039, 17.429427], [121.89039, 17.432122], [121.891738, 17.432122], [121.891738, 17.433469], [121.89578, 17.433469], [121.89578, 17.434817], [121.897128, 17.434817], [121.897128, 17.436164], [121.898475, 17.436164], [121.898475, 17.437512], [121.899823, 17.437512], [121.899823, 17.440207], [121.897128, 17.440207], [121.897128, 17.441554], [121.90117, 17.441554], [121.90117, 17.444249], [121.899823, 17.444249], [121.899823, 17.442901], [121.891738, 17.442901], [121.891738, 17.441554], [121.89039, 17.441554], [121.89039, 17.440207], [121.889043, 17.440207], [121.889043, 17.438859], [121.886348, 17.438859], [121.886348, 17.436164], [121.883653, 17.436164], [121.883653, 17.434817], [121.880958, 17.434817], [121.880958, 17.432122], [121.879611, 17.432122], [121.879611, 17.429427], [121.878263, 17.429427], [121.878263, 17.432122], [121.876916, 17.432122], [121.876916, 17.436164], [121.875568, 17.436164], [121.875568, 17.434817], [121.871526, 17.434817], [121.871526, 17.433469], [121.868831, 17.433469], [121.868831, 17.432122], [121.867483, 17.432122], [121.867483, 17.433469], [121.866136, 17.433469], [121.866136, 17.436164], [121.864788, 17.436164], [121.864788, 17.437512], [121.866136, 17.437512], [121.866136, 17.438859], [121.868831, 17.438859], [121.868831, 17.440207], [121.870178, 17.440207], [121.870178, 17.441554], [121.871526, 17.441554], [121.871526, 17.440207], [121.872873, 17.440207], [121.872873, 17.442901], [121.870178, 17.442901], [121.870178, 17.448291], [121.867483, 17.448291], [121.867483, 17.446944], [121.866136, 17.446944], [121.866136, 17.444249], [121.862094, 17.444249], [121.862094, 17.442901], [121.855356, 17.442901], [121.855356, 17.445596], [121.856704, 17.445596], [121.856704, 17.446944], [121.858051, 17.446944], [121.858051, 17.450986], [121.859399, 17.450986], [121.859399, 17.452334], [121.848619, 17.452334], [121.848619, 17.453681], [121.847271, 17.453681], [121.847271, 17.455029], [121.852661, 17.455029], [121.852661, 17.456376], [121.858051, 17.456376], [121.858051, 17.457724], [121.860746, 17.457724], [121.860746, 17.459071], [121.862094, 17.459071], [121.862094, 17.460419], [121.864788, 17.460419], [121.864788, 17.457724], [121.866136, 17.457724], [121.866136, 17.461766], [121.870178, 17.461766], [121.870178, 17.463114], [121.871526, 17.463114], [121.871526, 17.464461], [121.866136, 17.464461], [121.866136, 17.463114], [121.864788, 17.463114], [121.864788, 17.468503], [121.870178, 17.468503], [121.870178, 17.469851], [121.874221, 17.469851], [121.874221, 17.471198], [121.872873, 17.471198], [121.872873, 17.473893], [121.874221, 17.473893], [121.874221, 17.475241], [121.882306, 17.475241], [121.882306, 17.476588], [121.883653, 17.476588], [121.883653, 17.479283], [121.882306, 17.479283], [121.882306, 17.477936], [121.878263, 17.477936], [121.878263, 17.479283], [121.875568, 17.479283], [121.875568, 17.480631], [121.878263, 17.480631], [121.878263, 17.481978], [121.883653, 17.481978], [121.883653, 17.483326], [121.885001, 17.483326], [121.885001, 17.484673], [121.886348, 17.484673], [121.886348, 17.486021], [121.889043, 17.486021], [121.889043, 17.487368], [121.89039, 17.487368], [121.89039, 17.488716], [121.89578, 17.488716], [121.89578, 17.487368], [121.899823, 17.487368], [121.899823, 17.486021], [121.90117, 17.486021], [121.90117, 17.484673], [121.905213, 17.484673], [121.905213, 17.486021], [121.90656, 17.486021], [121.90656, 17.487368], [121.905213, 17.487368], [121.905213, 17.488716], [121.903865, 17.488716], [121.903865, 17.490063], [121.902518, 17.490063], [121.902518, 17.49141], [121.90117, 17.49141], [121.90117, 17.492758], [121.899823, 17.492758], [121.899823, 17.494105], [121.891738, 17.494105], [121.891738, 17.495453], [121.89039, 17.495453], [121.89039, 17.494105], [121.886348, 17.494105], [121.886348, 17.495453], [121.885001, 17.495453], [121.885001, 17.4968], [121.883653, 17.4968], [121.883653, 17.495453], [121.880958, 17.495453], [121.880958, 17.494105], [121.878263, 17.494105], [121.878263, 17.492758], [121.876916, 17.492758], [121.876916, 17.49141], [121.870178, 17.49141], [121.870178, 17.492758], [121.866136, 17.492758], [121.866136, 17.494105], [121.864788, 17.494105], [121.864788, 17.492758], [121.863441, 17.492758], [121.863441, 17.494105], [121.862094, 17.494105], [121.862094, 17.499495], [121.864788, 17.499495], [121.864788, 17.498148], [121.867483, 17.498148], [121.867483, 17.500843], [121.864788, 17.500843], [121.864788, 17.50219], [121.871526, 17.50219], [121.871526, 17.500843], [121.872873, 17.500843], [121.872873, 17.50219], [121.874221, 17.50219], [121.874221, 17.503538], [121.875568, 17.503538], [121.875568, 17.504885], [121.878263, 17.504885], [121.878263, 17.503538], [121.879611, 17.503538], [121.879611, 17.50219], [121.883653, 17.50219], [121.883653, 17.511623], [121.882306, 17.511623], [121.882306, 17.510275], [121.880958, 17.510275], [121.880958, 17.508928], [121.879611, 17.508928], [121.879611, 17.506233], [121.872873, 17.506233], [121.872873, 17.504885], [121.871526, 17.504885], [121.871526, 17.506233], [121.870178, 17.506233], [121.870178, 17.510275], [121.868831, 17.510275], [121.868831, 17.511623], [121.867483, 17.511623], [121.867483, 17.51297], [121.864788, 17.51297], [121.864788, 17.517012], [121.863441, 17.517012], [121.863441, 17.51836], [121.862094, 17.51836], [121.862094, 17.521055], [121.863441, 17.521055], [121.863441, 17.52375], [121.860746, 17.52375], [121.860746, 17.522402], [121.859399, 17.522402], [121.859399, 17.51836], [121.855356, 17.51836], [121.855356, 17.517012], [121.852661, 17.517012], [121.852661, 17.519707], [121.851314, 17.519707], [121.851314, 17.51836], [121.847271, 17.51836], [121.847271, 17.517012], [121.848619, 17.517012], [121.848619, 17.515665], [121.847271, 17.515665], [121.847271, 17.514318], [121.845924, 17.514318], [121.845924, 17.515665], [121.844576, 17.515665], [121.844576, 17.514318], [121.843229, 17.514318], [121.843229, 17.51297], [121.840534, 17.51297], [121.840534, 17.511623], [121.836492, 17.511623], [121.836492, 17.510275], [121.835144, 17.510275], [121.835144, 17.511623], [121.833797, 17.511623], [121.833797, 17.50758], [121.832449, 17.50758], [121.832449, 17.506233], [121.829754, 17.506233], [121.829754, 17.503538], [121.828407, 17.503538], [121.828407, 17.50219], [121.827059, 17.50219], [121.827059, 17.499495], [121.831102, 17.499495], [121.831102, 17.495453], [121.828407, 17.495453], [121.828407, 17.494105], [121.827059, 17.494105], [121.827059, 17.492758], [121.825712, 17.492758], [121.825712, 17.49141], [121.827059, 17.49141], [121.827059, 17.488716], [121.829754, 17.488716], [121.829754, 17.476588], [121.828407, 17.476588], [121.828407, 17.475241], [121.825712, 17.475241], [121.825712, 17.473893], [121.827059, 17.473893], [121.827059, 17.460419], [121.825712, 17.460419], [121.825712, 17.457724], [121.827059, 17.457724], [121.827059, 17.456376], [121.825712, 17.456376], [121.825712, 17.455029], [121.824364, 17.455029], [121.824364, 17.453681], [121.823017, 17.453681], [121.823017, 17.457724], [121.824364, 17.457724], [121.824364, 17.459071], [121.823017, 17.459071], [121.823017, 17.460419], [121.821669, 17.460419], [121.821669, 17.457724], [121.820322, 17.457724], [121.820322, 17.459071], [121.818974, 17.459071], [121.818974, 17.460419], [121.820322, 17.460419], [121.820322, 17.463114], [121.823017, 17.463114], [121.823017, 17.469851], [121.820322, 17.469851], [121.820322, 17.479283], [121.818974, 17.479283], [121.818974, 17.480631], [121.817627, 17.480631], [121.817627, 17.483326], [121.814932, 17.483326], [121.814932, 17.484673], [121.813584, 17.484673], [121.813584, 17.486021], [121.814932, 17.486021], [121.814932, 17.487368], [121.813584, 17.487368], [121.813584, 17.490063], [121.812237, 17.490063], [121.812237, 17.49141], [121.813584, 17.49141], [121.813584, 17.492758], [121.812237, 17.492758], [121.812237, 17.498148], [121.813584, 17.498148], [121.813584, 17.50219], [121.812237, 17.50219], [121.812237, 17.504885], [121.813584, 17.504885], [121.813584, 17.506233], [121.814932, 17.506233], [121.814932, 17.508928], [121.816279, 17.508928], [121.816279, 17.50758], [121.817627, 17.50758], [121.817627, 17.500843], [121.818974, 17.500843], [121.818974, 17.503538], [121.820322, 17.503538], [121.820322, 17.504885], [121.821669, 17.504885], [121.821669, 17.50219], [121.823017, 17.50219], [121.823017, 17.503538], [121.824364, 17.503538], [121.824364, 17.504885], [121.825712, 17.504885], [121.825712, 17.506233], [121.820322, 17.506233], [121.820322, 17.50758], [121.821669, 17.50758], [121.821669, 17.508928], [121.825712, 17.508928], [121.825712, 17.511623], [121.827059, 17.511623], [121.827059, 17.51297], [121.825712, 17.51297], [121.825712, 17.514318], [121.824364, 17.514318], [121.824364, 17.51297], [121.823017, 17.51297], [121.823017, 17.511623], [121.821669, 17.511623], [121.821669, 17.514318], [121.817627, 17.514318], [121.817627, 17.51836], [121.816279, 17.51836], [121.816279, 17.517012], [121.814932, 17.517012], [121.814932, 17.515665], [121.813584, 17.515665], [121.813584, 17.514318], [121.812237, 17.514318], [121.812237, 17.51297], [121.81089, 17.51297], [121.81089, 17.514318], [121.809542, 17.514318], [121.809542, 17.515665], [121.81089, 17.515665], [121.81089, 17.51836], [121.813584, 17.51836], [121.813584, 17.519707], [121.81089, 17.519707], [121.81089, 17.521055], [121.812237, 17.521055], [121.812237, 17.525097], [121.808195, 17.525097], [121.808195, 17.527792], [121.812237, 17.527792], [121.812237, 17.52914], [121.81089, 17.52914], [121.81089, 17.531835], [121.809542, 17.531835], [121.809542, 17.533182], [121.806847, 17.533182], [121.806847, 17.53453], [121.808195, 17.53453], [121.808195, 17.538572], [121.809542, 17.538572], [121.809542, 17.537225], [121.81089, 17.537225], [121.81089, 17.535877], [121.812237, 17.535877], [121.812237, 17.53453], [121.813584, 17.53453], [121.813584, 17.537225], [121.814932, 17.537225], [121.814932, 17.538572], [121.816279, 17.538572], [121.816279, 17.53992], [121.818974, 17.53992], [121.818974, 17.541267], [121.820322, 17.541267], [121.820322, 17.543962], [121.818974, 17.543962], [121.818974, 17.542614], [121.816279, 17.542614], [121.816279, 17.541267], [121.814932, 17.541267], [121.814932, 17.543962], [121.808195, 17.543962], [121.808195, 17.546657], [121.806847, 17.546657], [121.806847, 17.549352], [121.8055, 17.549352], [121.8055, 17.550699], [121.804152, 17.550699], [121.804152, 17.552047], [121.802805, 17.552047], [121.802805, 17.553394], [121.801457, 17.553394], [121.801457, 17.554742], [121.797415, 17.554742], [121.797415, 17.556089], [121.79472, 17.556089], [121.79472, 17.557437], [121.796067, 17.557437], [121.796067, 17.562827], [121.797415, 17.562827], [121.797415, 17.564174], [121.796067, 17.564174], [121.796067, 17.568216], [121.79472, 17.568216], [121.79472, 17.569564], [121.790677, 17.569564], [121.790677, 17.570911], [121.78933, 17.570911], [121.78933, 17.572259], [121.792025, 17.572259], [121.792025, 17.576301], [121.78933, 17.576301], [121.78933, 17.577649], [121.792025, 17.577649], [121.792025, 17.580344], [121.790677, 17.580344], [121.790677, 17.581691], [121.793372, 17.581691], [121.793372, 17.583039], [121.797415, 17.583039], [121.797415, 17.584386], [121.79472, 17.584386], [121.79472, 17.587081], [121.796067, 17.587081], [121.796067, 17.588429], [121.79472, 17.588429], [121.79472, 17.589776], [121.797415, 17.589776], [121.797415, 17.591123], [121.796067, 17.591123], [121.796067, 17.592471], [121.793372, 17.592471], [121.793372, 17.593818], [121.796067, 17.593818], [121.796067, 17.595166], [121.797415, 17.595166], [121.797415, 17.596513], [121.796067, 17.596513], [121.796067, 17.597861], [121.797415, 17.597861], [121.797415, 17.599208], [121.796067, 17.599208], [121.796067, 17.600556], [121.797415, 17.600556], [121.797415, 17.603251], [121.80011, 17.603251], [121.80011, 17.601903], [121.802805, 17.601903], [121.802805, 17.600556], [121.804152, 17.600556], [121.804152, 17.596513], [121.801457, 17.596513], [121.801457, 17.595166], [121.804152, 17.595166], [121.804152, 17.593818], [121.8055, 17.593818], [121.8055, 17.592471], [121.806847, 17.592471], [121.806847, 17.591123], [121.808195, 17.591123], [121.808195, 17.588429], [121.806847, 17.588429], [121.806847, 17.587081], [121.808195, 17.587081], [121.808195, 17.584386], [121.809542, 17.584386], [121.809542, 17.583039], [121.808195, 17.583039], [121.808195, 17.581691], [121.806847, 17.581691], [121.806847, 17.580344], [121.8055, 17.580344], [121.8055, 17.578996], [121.806847, 17.578996], [121.806847, 17.576301], [121.808195, 17.576301], [121.808195, 17.574954], [121.809542, 17.574954], [121.809542, 17.573606], [121.81089, 17.573606], [121.81089, 17.572259], [121.809542, 17.572259], [121.809542, 17.570911], [121.808195, 17.570911], [121.808195, 17.568216], [121.806847, 17.568216], [121.806847, 17.569564], [121.802805, 17.569564], [121.802805, 17.568216], [121.801457, 17.568216], [121.801457, 17.565521], [121.8055, 17.565521], [121.8055, 17.564174], [121.806847, 17.564174], [121.806847, 17.565521], [121.808195, 17.565521], [121.808195, 17.561479], [121.8055, 17.561479], [121.8055, 17.560132], [121.80011, 17.560132], [121.80011, 17.558784], [121.802805, 17.558784], [121.802805, 17.557437], [121.806847, 17.557437], [121.806847, 17.558784], [121.809542, 17.558784], [121.809542, 17.557437], [121.81089, 17.557437], [121.81089, 17.556089], [121.812237, 17.556089], [121.812237, 17.553394], [121.814932, 17.553394], [121.814932, 17.552047], [121.816279, 17.552047], [121.816279, 17.550699], [121.817627, 17.550699], [121.817627, 17.553394], [121.820322, 17.553394], [121.820322, 17.549352], [121.823017, 17.549352], [121.823017, 17.545309], [121.824364, 17.545309], [121.824364, 17.543962], [121.825712, 17.543962], [121.825712, 17.542614], [121.824364, 17.542614], [121.824364, 17.538572], [121.825712, 17.538572], [121.825712, 17.53992], [121.827059, 17.53992], [121.827059, 17.542614], [121.829754, 17.542614], [121.829754, 17.541267], [121.831102, 17.541267], [121.831102, 17.537225], [121.832449, 17.537225], [121.832449, 17.535877], [121.833797, 17.535877], [121.833797, 17.537225], [121.835144, 17.537225], [121.835144, 17.533182], [121.832449, 17.533182], [121.832449, 17.531835], [121.831102, 17.531835], [121.831102, 17.530487], [121.829754, 17.530487], [121.829754, 17.52914], [121.833797, 17.52914], [121.833797, 17.530487], [121.836492, 17.530487], [121.836492, 17.526445], [121.835144, 17.526445], [121.835144, 17.52375], [121.833797, 17.52375], [121.833797, 17.519707], [121.836492, 17.519707], [121.836492, 17.522402], [121.837839, 17.522402], [121.837839, 17.52375], [121.839186, 17.52375], [121.839186, 17.525097], [121.843229, 17.525097], [121.843229, 17.527792], [121.844576, 17.527792], [121.844576, 17.52914], [121.845924, 17.52914], [121.845924, 17.530487], [121.843229, 17.530487], [121.843229, 17.531835], [121.856704, 17.531835], [121.856704, 17.533182], [121.858051, 17.533182], [121.858051, 17.53453], [121.859399, 17.53453], [121.859399, 17.535877], [121.855356, 17.535877], [121.855356, 17.537225], [121.854009, 17.537225], [121.854009, 17.538572], [121.851314, 17.538572], [121.851314, 17.53992], [121.849966, 17.53992], [121.849966, 17.542614], [121.848619, 17.542614], [121.848619, 17.549352], [121.849966, 17.549352], [121.849966, 17.550699], [121.845924, 17.550699], [121.845924, 17.560132], [121.847271, 17.560132], [121.847271, 17.561479], [121.848619, 17.561479], [121.848619, 17.562827], [121.847271, 17.562827], [121.847271, 17.564174], [121.845924, 17.564174], [121.845924, 17.562827], [121.844576, 17.562827], [121.844576, 17.564174], [121.843229, 17.564174], [121.843229, 17.565521], [121.841881, 17.565521], [121.841881, 17.566869], [121.840534, 17.566869], [121.840534, 17.570911], [121.837839, 17.570911], [121.837839, 17.572259], [121.836492, 17.572259], [121.836492, 17.576301], [121.835144, 17.576301], [121.835144, 17.577649], [121.833797, 17.577649], [121.833797, 17.587081], [121.831102, 17.587081], [121.831102, 17.588429], [121.828407, 17.588429], [121.828407, 17.589776], [121.827059, 17.589776], [121.827059, 17.591123], [121.828407, 17.591123], [121.828407, 17.593818], [121.827059, 17.593818], [121.827059, 17.596513], [121.825712, 17.596513], [121.825712, 17.603251], [121.828407, 17.603251], [121.828407, 17.604598], [121.825712, 17.604598], [121.825712, 17.607293], [121.824364, 17.607293], [121.824364, 17.608641], [121.823017, 17.608641], [121.823017, 17.611336], [121.821669, 17.611336], [121.821669, 17.614031], [121.824364, 17.614031], [121.824364, 17.615378], [121.823017, 17.615378], [121.823017, 17.616725], [121.824364, 17.616725], [121.824364, 17.618073], [121.821669, 17.618073], [121.821669, 17.620768], [121.823017, 17.620768], [121.823017, 17.62481], [121.821669, 17.62481], [121.821669, 17.626158], [121.820322, 17.626158], [121.820322, 17.632895], [121.821669, 17.632895], [121.821669, 17.63559], [121.820322, 17.63559], [121.820322, 17.647717], [121.818974, 17.647717], [121.818974, 17.65176], [121.820322, 17.65176], [121.820322, 17.658497], [121.818974, 17.658497], [121.818974, 17.66254], [121.816279, 17.66254], [121.816279, 17.665234], [121.814932, 17.665234], [121.814932, 17.670624], [121.816279, 17.670624], [121.816279, 17.673319], [121.817627, 17.673319], [121.817627, 17.674667], [121.816279, 17.674667], [121.816279, 17.682752], [121.817627, 17.682752], [121.817627, 17.686794], [121.818974, 17.686794], [121.818974, 17.688142], [121.820322, 17.688142], [121.820322, 17.693531], [121.818974, 17.693531], [121.818974, 17.702964], [121.820322, 17.702964], [121.820322, 17.704311], [121.817627, 17.704311], [121.817627, 17.705659], [121.816279, 17.705659], [121.816279, 17.707006], [121.814932, 17.707006], [121.814932, 17.719133], [121.813584, 17.719133], [121.813584, 17.721828], [121.808195, 17.721828], [121.808195, 17.723176], [121.804152, 17.723176], [121.804152, 17.721828], [121.802805, 17.721828], [121.802805, 17.723176], [121.801457, 17.723176], [121.801457, 17.721828], [121.80011, 17.721828], [121.80011, 17.719133], [121.798762, 17.719133], [121.798762, 17.716438], [121.797415, 17.716438], [121.797415, 17.715091], [121.796067, 17.715091], [121.796067, 17.711049], [121.79472, 17.711049], [121.79472, 17.709701], [121.793372, 17.709701], [121.793372, 17.704311], [121.792025, 17.704311], [121.792025, 17.698921], [121.790677, 17.698921], [121.790677, 17.686794], [121.78933, 17.686794], [121.78933, 17.671972], [121.787982, 17.671972], [121.787982, 17.666582], [121.78933, 17.666582], [121.78933, 17.665234], [121.786635, 17.665234], [121.786635, 17.666582], [121.78394, 17.666582], [121.78394, 17.669277], [121.782593, 17.669277], [121.782593, 17.670624], [121.785288, 17.670624], [121.785288, 17.667929], [121.786635, 17.667929], [121.786635, 17.671972], [121.782593, 17.671972], [121.782593, 17.674667], [121.78394, 17.674667], [121.78394, 17.676014], [121.786635, 17.676014], [121.786635, 17.678709], [121.785288, 17.678709], [121.785288, 17.680057], [121.78394, 17.680057], [121.78394, 17.677362], [121.782593, 17.677362], [121.782593, 17.676014], [121.781245, 17.676014], [121.781245, 17.677362], [121.779898, 17.677362], [121.779898, 17.678709], [121.781245, 17.678709], [121.781245, 17.681404], [121.779898, 17.681404], [121.779898, 17.682752], [121.781245, 17.682752], [121.781245, 17.685447], [121.782593, 17.685447], [121.782593, 17.686794], [121.781245, 17.686794], [121.781245, 17.689489], [121.779898, 17.689489], [121.779898, 17.690836], [121.781245, 17.690836], [121.781245, 17.692184], [121.77855, 17.692184], [121.77855, 17.693531], [121.781245, 17.693531], [121.781245, 17.694879], [121.782593, 17.694879], [121.782593, 17.696226], [121.781245, 17.696226], [121.781245, 17.701616], [121.782593, 17.701616], [121.782593, 17.705659], [121.78394, 17.705659], [121.78394, 17.707006], [121.785288, 17.707006], [121.785288, 17.708354], [121.782593, 17.708354], [121.782593, 17.711049], [121.781245, 17.711049], [121.781245, 17.713744], [121.779898, 17.713744], [121.779898, 17.715091], [121.781245, 17.715091], [121.781245, 17.717786], [121.782593, 17.717786], [121.782593, 17.719133], [121.781245, 17.719133], [121.781245, 17.721828], [121.779898, 17.721828], [121.779898, 17.724523], [121.782593, 17.724523], [121.782593, 17.725871], [121.78394, 17.725871], [121.78394, 17.728566], [121.782593, 17.728566], [121.782593, 17.732608], [121.779898, 17.732608], [121.779898, 17.735303], [121.777203, 17.735303], [121.777203, 17.736651], [121.781245, 17.736651], [121.781245, 17.735303], [121.782593, 17.735303], [121.782593, 17.740693], [121.77855, 17.740693], [121.77855, 17.74204], [121.775855, 17.74204], [121.775855, 17.743388], [121.77855, 17.743388], [121.77855, 17.744735], [121.777203, 17.744735], [121.777203, 17.748778], [121.77855, 17.748778], [121.77855, 17.75282], [121.782593, 17.75282], [121.782593, 17.751473], [121.78394, 17.751473], [121.78394, 17.75282], [121.785288, 17.75282], [121.785288, 17.754168], [121.78933, 17.754168], [121.78933, 17.755515], [121.790677, 17.755515], [121.790677, 17.75282], [121.792025, 17.75282], [121.792025, 17.756863], [121.790677, 17.756863], [121.790677, 17.759558], [121.787982, 17.759558], [121.787982, 17.75821], [121.78394, 17.75821], [121.78394, 17.759558], [121.782593, 17.759558], [121.782593, 17.762253], [121.779898, 17.762253], [121.779898, 17.7636], [121.781245, 17.7636], [121.781245, 17.766295], [121.775855, 17.766295], [121.775855, 17.770337], [121.774508, 17.770337], [121.774508, 17.771685], [121.771813, 17.771685], [121.771813, 17.773032], [121.770465, 17.773032], [121.770465, 17.778422], [121.771813, 17.778422], [121.771813, 17.781117], [121.774508, 17.781117], [121.774508, 17.78516], [121.777203, 17.78516], [121.777203, 17.787855], [121.77855, 17.787855], [121.77855, 17.78516], [121.779898, 17.78516], [121.779898, 17.783812], [121.77855, 17.783812], [121.77855, 17.77977], [121.777203, 17.77977], [121.777203, 17.778422], [121.779898, 17.778422], [121.779898, 17.777075], [121.781245, 17.777075], [121.781245, 17.778422], [121.785288, 17.778422], [121.785288, 17.77977], [121.78394, 17.77977], [121.78394, 17.781117], [121.782593, 17.781117], [121.782593, 17.783812], [121.78394, 17.783812], [121.78394, 17.78516], [121.785288, 17.78516], [121.785288, 17.786507], [121.786635, 17.786507], [121.786635, 17.787855], [121.782593, 17.787855], [121.782593, 17.789202], [121.78394, 17.789202], [121.78394, 17.793244], [121.785288, 17.793244], [121.785288, 17.791897], [121.787982, 17.791897], [121.787982, 17.793244], [121.786635, 17.793244], [121.786635, 17.795939], [121.78933, 17.795939], [121.78933, 17.797287], [121.787982, 17.797287], [121.787982, 17.798634], [121.786635, 17.798634], [121.786635, 17.799982], [121.78933, 17.799982], [121.78933, 17.806719], [121.790677, 17.806719], [121.790677, 17.808067], [121.78933, 17.808067], [121.78933, 17.813457], [121.787982, 17.813457], [121.787982, 17.814804], [121.786635, 17.814804], [121.786635, 17.816151], [121.785288, 17.816151], [121.785288, 17.817499], [121.786635, 17.817499], [121.786635, 17.818846], [121.785288, 17.818846], [121.785288, 17.820194], [121.786635, 17.820194], [121.786635, 17.824236], [121.787982, 17.824236], [121.787982, 17.826931], [121.78933, 17.826931], [121.78933, 17.828279], [121.786635, 17.828279], [121.786635, 17.829626], [121.78394, 17.829626], [121.78394, 17.832321], [121.786635, 17.832321], [121.786635, 17.835016], [121.78933, 17.835016], [121.78933, 17.830974], [121.792025, 17.830974], [121.792025, 17.833669], [121.790677, 17.833669], [121.790677, 17.835016], [121.793372, 17.835016], [121.793372, 17.829626], [121.79472, 17.829626], [121.79472, 17.837711], [121.793372, 17.837711], [121.793372, 17.839059], [121.792025, 17.839059], [121.792025, 17.841753], [121.790677, 17.841753], [121.790677, 17.844448], [121.792025, 17.844448], [121.792025, 17.843101], [121.793372, 17.843101], [121.793372, 17.841753], [121.79472, 17.841753], [121.79472, 17.844448], [121.796067, 17.844448], [121.796067, 17.845796], [121.797415, 17.845796], [121.797415, 17.847143], [121.80011, 17.847143], [121.80011, 17.848491], [121.796067, 17.848491], [121.796067, 17.847143], [121.79472, 17.847143], [121.79472, 17.845796], [121.792025, 17.845796], [121.792025, 17.848491], [121.78933, 17.848491], [121.78933, 17.851186], [121.792025, 17.851186], [121.792025, 17.853881], [121.793372, 17.853881], [121.793372, 17.856576], [121.796067, 17.856576], [121.796067, 17.860618], [121.793372, 17.860618], [121.793372, 17.863313], [121.792025, 17.863313], [121.792025, 17.86466], [121.790677, 17.86466], [121.790677, 17.866008], [121.792025, 17.866008], [121.792025, 17.868703], [121.790677, 17.868703], [121.790677, 17.871398], [121.792025, 17.871398], [121.792025, 17.87005], [121.793372, 17.87005], [121.793372, 17.868703], [121.79472, 17.868703], [121.79472, 17.87005], [121.796067, 17.87005], [121.796067, 17.878135], [121.79472, 17.878135], [121.79472, 17.879483], [121.798762, 17.879483], [121.798762, 17.878135], [121.80011, 17.878135], [121.80011, 17.88083], [121.801457, 17.88083], [121.801457, 17.88622], [121.798762, 17.88622], [121.798762, 17.887568], [121.80011, 17.887568], [121.80011, 17.89161], [121.801457, 17.89161], [121.801457, 17.898347], [121.802805, 17.898347], [121.802805, 17.895652], [121.808195, 17.895652], [121.808195, 17.899695], [121.812237, 17.899695], [121.812237, 17.898347], [121.813584, 17.898347], [121.813584, 17.901042], [121.812237, 17.901042], [121.812237, 17.903737], [121.813584, 17.903737], [121.813584, 17.906432], [121.814932, 17.906432], [121.814932, 17.910475], [121.809542, 17.910475], [121.809542, 17.909127], [121.808195, 17.909127], [121.808195, 17.906432], [121.806847, 17.906432], [121.806847, 17.910475], [121.8055, 17.910475], [121.8055, 17.909127], [121.804152, 17.909127], [121.804152, 17.90778], [121.802805, 17.90778], [121.802805, 17.905085], [121.801457, 17.905085], [121.801457, 17.909127], [121.802805, 17.909127], [121.802805, 17.910475], [121.804152, 17.910475], [121.804152, 17.911822], [121.802805, 17.911822], [121.802805, 17.91317], [121.801457, 17.91317], [121.801457, 17.915864], [121.804152, 17.915864], [121.804152, 17.918559], [121.80011, 17.918559], [121.80011, 17.915864], [121.798762, 17.915864], [121.798762, 17.917212], [121.796067, 17.917212], [121.796067, 17.923949], [121.80011, 17.923949], [121.80011, 17.925297], [121.798762, 17.925297], [121.798762, 17.927992], [121.80011, 17.927992], [121.80011, 17.926644], [121.804152, 17.926644], [121.804152, 17.925297], [121.8055, 17.925297], [121.8055, 17.926644], [121.806847, 17.926644], [121.806847, 17.925297], [121.808195, 17.925297], [121.808195, 17.934729], [121.806847, 17.934729], [121.806847, 17.933382], [121.8055, 17.933382], [121.8055, 17.930687], [121.806847, 17.930687], [121.806847, 17.929339], [121.802805, 17.929339], [121.802805, 17.930687], [121.801457, 17.930687], [121.801457, 17.933382], [121.80011, 17.933382], [121.80011, 17.934729], [121.801457, 17.934729], [121.801457, 17.937424], [121.804152, 17.937424], [121.804152, 17.938771], [121.801457, 17.938771], [121.801457, 17.941466], [121.802805, 17.941466], [121.802805, 17.944161], [121.801457, 17.944161], [121.801457, 17.942814], [121.80011, 17.942814], [121.80011, 17.940119], [121.798762, 17.940119], [121.798762, 17.938771], [121.797415, 17.938771], [121.797415, 17.936077], [121.796067, 17.936077], [121.796067, 17.941466], [121.797415, 17.941466], [121.797415, 17.942814], [121.796067, 17.942814], [121.796067, 17.946856], [121.80011, 17.946856], [121.80011, 17.948204], [121.798762, 17.948204], [121.798762, 17.949551], [121.801457, 17.949551], [121.801457, 17.954941], [121.798762, 17.954941], [121.798762, 17.956289], [121.80011, 17.956289], [121.80011, 17.957636], [121.801457, 17.957636], [121.801457, 17.960331], [121.80011, 17.960331], [121.80011, 17.961679], [121.801457, 17.961679], [121.801457, 17.964373], [121.798762, 17.964373], [121.798762, 17.963026], [121.797415, 17.963026], [121.797415, 17.964373], [121.796067, 17.964373], [121.796067, 17.965721], [121.80011, 17.965721], [121.80011, 17.967068], [121.802805, 17.967068], [121.802805, 17.965721], [121.804152, 17.965721], [121.804152, 17.964373], [121.8055, 17.964373], [121.8055, 17.963026], [121.812237, 17.963026], [121.812237, 17.964373], [121.813584, 17.964373], [121.813584, 17.967068], [121.812237, 17.967068], [121.812237, 17.968416], [121.813584, 17.968416], [121.813584, 17.969763], [121.814932, 17.969763], [121.814932, 17.971111], [121.816279, 17.971111], [121.816279, 17.972458], [121.812237, 17.972458], [121.812237, 17.973806], [121.81089, 17.973806], [121.81089, 17.975153], [121.812237, 17.975153], [121.812237, 17.977848], [121.81089, 17.977848], [121.81089, 17.979196], [121.808195, 17.979196], [121.808195, 17.980543], [121.809542, 17.980543], [121.809542, 17.981891], [121.812237, 17.981891], [121.812237, 17.983238], [121.809542, 17.983238], [121.809542, 17.985933], [121.81089, 17.985933], [121.81089, 17.984586], [121.812237, 17.984586], [121.812237, 17.985933], [121.816279, 17.985933], [121.816279, 17.987281], [121.818974, 17.987281], [121.818974, 17.988628], [121.816279, 17.988628], [121.816279, 17.989975], [121.814932, 17.989975], [121.814932, 17.988628], [121.812237, 17.988628], [121.812237, 17.987281], [121.81089, 17.987281], [121.81089, 17.989975], [121.812237, 17.989975], [121.812237, 17.994018], [121.809542, 17.994018], [121.809542, 17.99267], [121.808195, 17.99267], [121.808195, 17.991323], [121.8055, 17.991323], [121.8055, 17.995365], [121.804152, 17.995365], [121.804152, 17.996713], [121.801457, 17.996713], [121.801457, 17.99806], [121.809542, 17.99806], [121.809542, 18.000755], [121.812237, 18.000755], [121.812237, 17.999408], [121.813584, 17.999408], [121.813584, 18.002103], [121.808195, 18.002103], [121.808195, 18.00345], [121.809542, 18.00345], [121.809542, 18.004798], [121.81089, 18.004798], [121.81089, 18.00345], [121.812237, 18.00345], [121.812237, 18.004798], [121.813584, 18.004798], [121.813584, 18.006145], [121.812237, 18.006145], [121.812237, 18.007493], [121.81089, 18.007493], [121.81089, 18.006145], [121.808195, 18.006145], [121.808195, 18.010188], [121.809542, 18.010188], [121.809542, 18.011535], [121.81089, 18.011535], [121.81089, 18.010188], [121.812237, 18.010188], [121.812237, 18.00884], [121.813584, 18.00884], [121.813584, 18.012883], [121.809542, 18.012883], [121.809542, 18.01423], [121.81089, 18.01423], [121.81089, 18.015577], [121.814932, 18.015577], [121.814932, 18.018272], [121.813584, 18.018272], [121.813584, 18.016925], [121.809542, 18.016925], [121.809542, 18.01962], [121.808195, 18.01962], [121.808195, 18.011535], [121.806847, 18.011535], [121.806847, 18.010188], [121.8055, 18.010188], [121.8055, 18.011535], [121.804152, 18.011535], [121.804152, 18.012883], [121.8055, 18.012883], [121.8055, 18.015577], [121.806847, 18.015577], [121.806847, 18.016925], [121.8055, 18.016925], [121.8055, 18.01962], [121.804152, 18.01962], [121.804152, 18.015577], [121.802805, 18.015577], [121.802805, 18.010188], [121.80011, 18.010188], [121.80011, 18.011535], [121.798762, 18.011535], [121.798762, 18.012883], [121.796067, 18.012883], [121.796067, 18.006145], [121.804152, 18.006145], [121.804152, 18.004798], [121.8055, 18.004798], [121.8055, 18.00345], [121.804152, 18.00345], [121.804152, 18.002103], [121.801457, 18.002103], [121.801457, 18.004798], [121.80011, 18.004798], [121.80011, 18.00345], [121.798762, 18.00345], [121.798762, 18.004798], [121.797415, 18.004798], [121.797415, 18.00345], [121.796067, 18.00345], [121.796067, 18.000755], [121.79472, 18.000755], [121.79472, 18.002103], [121.792025, 18.002103], [121.792025, 18.00345], [121.78933, 18.00345], [121.78933, 18.004798], [121.787982, 18.004798], [121.787982, 18.00345], [121.786635, 18.00345], [121.786635, 18.00884], [121.787982, 18.00884], [121.787982, 18.011535], [121.785288, 18.011535], [121.785288, 18.007493], [121.782593, 18.007493], [121.782593, 18.002103], [121.781245, 18.002103], [121.781245, 18.00345], [121.779898, 18.00345], [121.779898, 18.006145], [121.77855, 18.006145], [121.77855, 18.004798], [121.777203, 18.004798], [121.777203, 18.002103], [121.77855, 18.002103], [121.77855, 18.000755], [121.774508, 18.000755], [121.774508, 18.002103], [121.771813, 18.002103], [121.771813, 18.000755], [121.770465, 18.000755], [121.770465, 17.996713], [121.769118, 17.996713], [121.769118, 17.995365], [121.766423, 17.995365], [121.766423, 17.996713], [121.76777, 17.996713], [121.76777, 17.99806], [121.766423, 17.99806], [121.766423, 17.999408], [121.765075, 17.999408], [121.765075, 17.99806], [121.761033, 17.99806], [121.761033, 17.996713], [121.758338, 17.996713], [121.758338, 17.991323], [121.756991, 17.991323], [121.756991, 17.994018], [121.752948, 17.994018], [121.752948, 17.988628], [121.751601, 17.988628], [121.751601, 17.994018], [121.750253, 17.994018], [121.750253, 17.99267], [121.748906, 17.99267], [121.748906, 17.994018], [121.747558, 17.994018], [121.747558, 17.99267], [121.746211, 17.99267], [121.746211, 17.989975], [121.747558, 17.989975], [121.747558, 17.988628], [121.744863, 17.988628], [121.744863, 17.991323], [121.743516, 17.991323], [121.743516, 17.989975], [121.742168, 17.989975], [121.742168, 17.988628], [121.740821, 17.988628], [121.740821, 17.987281], [121.738126, 17.987281], [121.738126, 17.983238], [121.736779, 17.983238], [121.736779, 17.984586], [121.735431, 17.984586], [121.735431, 17.985933], [121.732736, 17.985933], [121.732736, 17.984586], [121.734084, 17.984586], [121.734084, 17.983238], [121.732736, 17.983238], [121.732736, 17.981891], [121.730041, 17.981891], [121.730041, 17.980543], [121.728694, 17.980543], [121.728694, 17.979196], [121.730041, 17.979196], [121.730041, 17.977848], [121.731389, 17.977848], [121.731389, 17.976501], [121.730041, 17.976501], [121.730041, 17.975153], [121.728694, 17.975153], [121.728694, 17.976501], [121.727346, 17.976501], [121.727346, 17.977848], [121.725999, 17.977848], [121.725999, 17.973806], [121.723304, 17.973806], [121.723304, 17.972458], [121.719261, 17.972458], [121.719261, 17.971111], [121.717914, 17.971111], [121.717914, 17.968416], [121.715219, 17.968416], [121.715219, 17.965721], [121.712524, 17.965721], [121.712524, 17.964373], [121.715219, 17.964373], [121.715219, 17.963026], [121.711177, 17.963026], [121.711177, 17.961679], [121.707134, 17.961679], [121.707134, 17.958984], [121.705787, 17.958984], [121.705787, 17.960331], [121.703092, 17.960331], [121.703092, 17.958984], [121.704439, 17.958984], [121.704439, 17.957636], [121.705787, 17.957636], [121.705787, 17.956289], [121.709829, 17.956289], [121.709829, 17.954941], [121.707134, 17.954941], [121.707134, 17.950899], [121.705787, 17.950899], [121.705787, 17.952246], [121.704439, 17.952246], [121.704439, 17.950899], [121.703092, 17.950899], [121.703092, 17.949551], [121.701744, 17.949551], [121.701744, 17.948204], [121.700397, 17.948204], [121.700397, 17.949551], [121.699049, 17.949551], [121.699049, 17.945509], [121.696354, 17.945509], [121.696354, 17.944161], [121.695007, 17.944161], [121.695007, 17.942814], [121.693659, 17.942814], [121.693659, 17.940119], [121.690964, 17.940119], [121.690964, 17.941466], [121.689617, 17.941466], [121.689617, 17.942814], [121.688269, 17.942814], [121.688269, 17.940119], [121.686922, 17.940119], [121.686922, 17.938771], [121.688269, 17.938771], [121.688269, 17.937424], [121.685575, 17.937424], [121.685575, 17.936077], [121.68288, 17.936077], [121.68288, 17.937424], [121.681532, 17.937424], [121.681532, 17.936077], [121.67749, 17.936077], [121.67749, 17.933382], [121.678837, 17.933382], [121.678837, 17.930687], [121.674795, 17.930687], [121.674795, 17.927992], [121.673447, 17.927992], [121.673447, 17.923949], [121.669405, 17.923949], [121.669405, 17.922602], [121.668057, 17.922602], [121.668057, 17.921254], [121.665362, 17.921254], [121.665362, 17.923949], [121.659973, 17.923949], [121.659973, 17.919907], [121.65593, 17.919907], [121.65593, 17.918559], [121.654583, 17.918559], [121.654583, 17.919907], [121.653235, 17.919907], [121.653235, 17.921254], [121.651888, 17.921254], [121.651888, 17.922602], [121.654583, 17.922602], [121.654583, 17.923949], [121.65593, 17.923949], [121.65593, 17.927992], [121.658625, 17.927992], [121.658625, 17.929339], [121.659973, 17.929339], [121.659973, 17.926644], [121.662668, 17.926644], [121.662668, 17.930687], [121.669405, 17.930687], [121.669405, 17.932034], [121.66671, 17.932034], [121.66671, 17.933382], [121.664015, 17.933382], [121.664015, 17.932034], [121.662668, 17.932034], [121.662668, 17.934729], [121.664015, 17.934729], [121.664015, 17.936077], [121.665362, 17.936077], [121.665362, 17.937424], [121.668057, 17.937424], [121.668057, 17.938771], [121.669405, 17.938771], [121.669405, 17.941466], [121.6721, 17.941466], [121.6721, 17.938771], [121.673447, 17.938771], [121.673447, 17.942814], [121.674795, 17.942814], [121.674795, 17.944161], [121.6721, 17.944161], [121.6721, 17.945509], [121.670752, 17.945509], [121.670752, 17.946856], [121.6721, 17.946856], [121.6721, 17.949551], [121.67749, 17.949551], [121.67749, 17.953594], [121.678837, 17.953594], [121.678837, 17.952246], [121.680185, 17.952246], [121.680185, 17.958984], [121.681532, 17.958984], [121.681532, 17.960331], [121.68288, 17.960331], [121.68288, 17.961679], [121.681532, 17.961679], [121.681532, 17.963026], [121.684227, 17.963026], [121.684227, 17.964373], [121.68288, 17.964373], [121.68288, 17.967068], [121.685575, 17.967068], [121.685575, 17.972458], [121.686922, 17.972458], [121.686922, 17.973806], [121.688269, 17.973806], [121.688269, 17.976501], [121.689617, 17.976501], [121.689617, 17.979196], [121.692312, 17.979196], [121.692312, 17.977848], [121.693659, 17.977848], [121.693659, 17.979196], [121.695007, 17.979196], [121.695007, 17.981891], [121.697702, 17.981891], [121.697702, 17.983238], [121.699049, 17.983238], [121.699049, 17.984586], [121.697702, 17.984586], [121.697702, 17.987281], [121.695007, 17.987281], [121.695007, 17.991323], [121.692312, 17.991323], [121.692312, 17.989975], [121.688269, 17.989975], [121.688269, 17.991323], [121.689617, 17.991323], [121.689617, 17.99267], [121.692312, 17.99267], [121.692312, 17.994018], [121.690964, 17.994018], [121.690964, 17.995365], [121.695007, 17.995365], [121.695007, 17.994018], [121.696354, 17.994018], [121.696354, 17.995365], [121.700397, 17.995365], [121.700397, 17.994018], [121.701744, 17.994018], [121.701744, 17.996713], [121.704439, 17.996713], [121.704439, 17.994018], [121.705787, 17.994018], [121.705787, 17.996713], [121.707134, 17.996713], [121.707134, 17.999408], [121.705787, 17.999408], [121.705787, 18.000755], [121.709829, 18.000755], [121.709829, 18.002103], [121.712524, 18.002103], [121.712524, 18.00345], [121.707134, 18.00345], [121.707134, 18.006145], [121.708482, 18.006145], [121.708482, 18.004798], [121.711177, 18.004798], [121.711177, 18.006145], [121.713871, 18.006145], [121.713871, 18.004798], [121.715219, 18.004798], [121.715219, 18.00345], [121.716566, 18.00345], [121.716566, 18.006145], [121.723304, 18.006145], [121.723304, 18.011535], [121.724651, 18.011535], [121.724651, 18.010188], [121.725999, 18.010188], [121.725999, 18.00884], [121.731389, 18.00884], [121.731389, 18.011535], [121.732736, 18.011535], [121.732736, 18.010188], [121.734084, 18.010188], [121.734084, 18.011535], [121.735431, 18.011535], [121.735431, 18.00884], [121.736779, 18.00884], [121.736779, 18.010188], [121.738126, 18.010188], [121.738126, 18.011535], [121.739473, 18.011535], [121.739473, 18.012883], [121.744863, 18.012883], [121.744863, 18.01423], [121.746211, 18.01423], [121.746211, 18.012883], [121.748906, 18.012883], [121.748906, 18.016925], [121.747558, 18.016925], [121.747558, 18.018272], [121.746211, 18.018272], [121.746211, 18.01962], [121.748906, 18.01962], [121.748906, 18.018272], [121.750253, 18.018272], [121.750253, 18.015577], [121.751601, 18.015577], [121.751601, 18.018272], [121.752948, 18.018272], [121.752948, 18.016925], [121.755643, 18.016925], [121.755643, 18.018272], [121.759686, 18.018272], [121.759686, 18.01962], [121.762381, 18.01962], [121.762381, 18.020967], [121.761033, 18.020967], [121.761033, 18.023662], [121.759686, 18.023662], [121.759686, 18.02501], [121.762381, 18.02501], [121.762381, 18.026357], [121.766423, 18.026357], [121.766423, 18.02501], [121.76777, 18.02501], [121.76777, 18.022315], [121.769118, 18.022315], [121.769118, 18.026357], [121.771813, 18.026357], [121.771813, 18.0304], [121.774508, 18.0304], [121.774508, 18.027705], [121.775855, 18.027705], [121.775855, 18.029052], [121.777203, 18.029052], [121.777203, 18.034442], [121.779898, 18.034442], [121.779898, 18.03579], [121.782593, 18.03579], [121.782593, 18.038484], [121.787982, 18.038484], [121.787982, 18.037137], [121.78933, 18.037137], [121.78933, 18.041179], [121.792025, 18.041179], [121.792025, 18.042527], [121.793372, 18.042527], [121.793372, 18.041179], [121.796067, 18.041179], [121.796067, 18.038484], [121.798762, 18.038484], [121.798762, 18.037137], [121.797415, 18.037137], [121.797415, 18.03579], [121.796067, 18.03579], [121.796067, 18.031747], [121.790677, 18.031747], [121.790677, 18.033095], [121.78933, 18.033095], [121.78933, 18.029052], [121.790677, 18.029052], [121.790677, 18.027705], [121.793372, 18.027705], [121.793372, 18.029052], [121.796067, 18.029052], [121.796067, 18.0304], [121.797415, 18.0304], [121.797415, 18.031747], [121.801457, 18.031747], [121.801457, 18.033095], [121.804152, 18.033095], [121.804152, 18.029052], [121.801457, 18.029052], [121.801457, 18.027705], [121.804152, 18.027705], [121.804152, 18.026357], [121.8055, 18.026357], [121.8055, 18.029052], [121.806847, 18.029052], [121.806847, 18.026357], [121.809542, 18.026357], [121.809542, 18.027705], [121.81089, 18.027705], [121.81089, 18.026357], [121.813584, 18.026357], [121.813584, 18.02501], [121.814932, 18.02501], [121.814932, 18.027705], [121.816279, 18.027705], [121.816279, 18.029052], [121.817627, 18.029052], [121.817627, 18.026357], [121.818974, 18.026357], [121.818974, 18.027705], [121.820322, 18.027705], [121.820322, 18.026357], [121.823017, 18.026357], [121.823017, 18.02501], [121.824364, 18.02501], [121.824364, 18.027705], [121.823017, 18.027705], [121.823017, 18.029052], [121.825712, 18.029052], [121.825712, 18.027705], [121.827059, 18.027705], [121.827059, 18.029052], [121.828407, 18.029052], [121.828407, 18.0304], [121.832449, 18.0304], [121.832449, 18.031747], [121.833797, 18.031747], [121.833797, 18.026357], [121.841881, 18.026357], [121.841881, 18.022315], [121.845924, 18.022315], [121.845924, 18.023662], [121.847271, 18.023662], [121.847271, 18.022315], [121.848619, 18.022315], [121.848619, 18.020967], [121.847271, 18.020967], [121.847271, 18.01962], [121.848619, 18.01962], [121.848619, 18.018272], [121.847271, 18.018272], [121.847271, 18.016925], [121.845924, 18.016925], [121.845924, 18.01962], [121.844576, 18.01962], [121.844576, 18.020967], [121.843229, 18.020967], [121.843229, 18.018272], [121.844576, 18.018272], [121.844576, 18.015577], [121.841881, 18.015577], [121.841881, 18.016925], [121.837839, 18.016925], [121.837839, 18.015577], [121.839186, 18.015577], [121.839186, 18.01423], [121.840534, 18.01423], [121.840534, 18.012883], [121.839186, 18.012883], [121.839186, 18.010188], [121.837839, 18.010188], [121.837839, 18.012883], [121.833797, 18.012883], [121.833797, 18.010188], [121.835144, 18.010188], [121.835144, 18.00884], [121.836492, 18.00884], [121.836492, 18.007493], [121.833797, 18.007493], [121.833797, 18.00884], [121.832449, 18.00884], [121.832449, 18.007493], [121.831102, 18.007493], [121.831102, 18.006145], [121.832449, 18.006145], [121.832449, 18.00345], [121.831102, 18.00345], [121.831102, 18.004798], [121.828407, 18.004798], [121.828407, 18.002103], [121.831102, 18.002103], [121.831102, 17.999408], [121.832449, 17.999408], [121.832449, 18.000755], [121.833797, 18.000755], [121.833797, 17.996713], [121.835144, 17.996713], [121.835144, 17.994018], [121.832449, 17.994018], [121.832449, 17.99267], [121.831102, 17.99267], [121.831102, 17.991323], [121.827059, 17.991323], [121.827059, 17.99267], [121.828407, 17.99267], [121.828407, 17.995365], [121.827059, 17.995365], [121.827059, 18.004798], [121.825712, 18.004798], [121.825712, 18.007493], [121.824364, 18.007493], [121.824364, 18.00884], [121.825712, 18.00884], [121.825712, 18.010188], [121.828407, 18.010188], [121.828407, 18.011535], [121.827059, 18.011535], [121.827059, 18.016925], [121.825712, 18.016925], [121.825712, 18.01423], [121.824364, 18.01423], [121.824364, 18.012883], [121.823017, 18.012883], [121.823017, 18.011535], [121.821669, 18.011535], [121.821669, 18.010188], [121.820322, 18.010188], [121.820322, 18.00884], [121.818974, 18.00884], [121.818974, 18.007493], [121.820322, 18.007493], [121.820322, 18.004798], [121.821669, 18.004798], [121.821669, 18.002103], [121.820322, 18.002103], [121.820322, 18.000755], [121.818974, 18.000755], [121.818974, 17.996713], [121.817627, 17.996713], [121.817627, 17.99806], [121.814932, 17.99806], [121.814932, 17.994018], [121.817627, 17.994018], [121.817627, 17.995365], [121.820322, 17.995365], [121.820322, 17.994018], [121.821669, 17.994018], [121.821669, 17.99267], [121.818974, 17.99267], [121.818974, 17.991323], [121.823017, 17.991323], [121.823017, 17.987281], [121.821669, 17.987281], [121.821669, 17.985933], [121.820322, 17.985933], [121.820322, 17.984586], [121.818974, 17.984586], [121.818974, 17.983238], [121.816279, 17.983238], [121.816279, 17.981891], [121.814932, 17.981891], [121.814932, 17.980543], [121.816279, 17.980543], [121.816279, 17.979196], [121.820322, 17.979196], [121.820322, 17.977848], [121.821669, 17.977848], [121.821669, 17.976501], [121.824364, 17.976501], [121.824364, 17.977848], [121.823017, 17.977848], [121.823017, 17.979196], [121.821669, 17.979196], [121.821669, 17.980543], [121.820322, 17.980543], [121.820322, 17.983238], [121.824364, 17.983238], [121.824364, 17.984586], [121.827059, 17.984586], [121.827059, 17.981891], [121.831102, 17.981891], [121.831102, 17.979196], [121.833797, 17.979196], [121.833797, 17.981891], [121.837839, 17.981891], [121.837839, 17.980543], [121.836492, 17.980543], [121.836492, 17.977848], [121.837839, 17.977848], [121.837839, 17.976501], [121.839186, 17.976501], [121.839186, 17.975153], [121.840534, 17.975153], [121.840534, 17.973806], [121.841881, 17.973806], [121.841881, 17.972458], [121.843229, 17.972458], [121.843229, 17.971111], [121.844576, 17.971111], [121.844576, 17.969763], [121.845924, 17.969763], [121.845924, 17.968416], [121.848619, 17.968416], [121.848619, 17.963026], [121.845924, 17.963026], [121.845924, 17.964373], [121.843229, 17.964373], [121.843229, 17.965721], [121.841881, 17.965721], [121.841881, 17.967068], [121.840534, 17.967068], [121.840534, 17.963026], [121.841881, 17.963026], [121.841881, 17.960331], [121.837839, 17.960331], [121.837839, 17.958984], [121.836492, 17.958984], [121.836492, 17.957636], [121.841881, 17.957636], [121.841881, 17.956289], [121.843229, 17.956289], [121.843229, 17.953594], [121.841881, 17.953594], [121.841881, 17.952246], [121.844576, 17.952246], [121.844576, 17.950899], [121.845924, 17.950899], [121.845924, 17.945509], [121.844576, 17.945509], [121.844576, 17.944161], [121.848619, 17.944161], [121.848619, 17.942814], [121.849966, 17.942814], [121.849966, 17.941466], [121.851314, 17.941466], [121.851314, 17.940119], [121.852661, 17.940119], [121.852661, 17.945509], [121.854009, 17.945509], [121.854009, 17.946856], [121.852661, 17.946856], [121.852661, 17.953594], [121.854009, 17.953594], [121.854009, 17.952246], [121.855356, 17.952246], [121.855356, 17.950899], [121.854009, 17.950899], [121.854009, 17.949551], [121.855356, 17.949551], [121.855356, 17.948204], [121.856704, 17.948204], [121.856704, 17.945509], [121.858051, 17.945509], [121.858051, 17.946856], [121.859399, 17.946856], [121.859399, 17.948204], [121.860746, 17.948204], [121.860746, 17.946856], [121.862094, 17.946856], [121.862094, 17.945509], [121.863441, 17.945509], [121.863441, 17.944161], [121.864788, 17.944161], [121.864788, 17.940119], [121.863441, 17.940119], [121.863441, 17.938771], [121.862094, 17.938771], [121.862094, 17.937424], [121.863441, 17.937424], [121.863441, 17.936077], [121.862094, 17.936077], [121.862094, 17.934729], [121.863441, 17.934729], [121.863441, 17.932034], [121.864788, 17.932034], [121.864788, 17.925297], [121.863441, 17.925297], [121.863441, 17.923949], [121.864788, 17.923949], [121.864788, 17.918559], [121.863441, 17.918559], [121.863441, 17.917212], [121.862094, 17.917212], [121.862094, 17.915864], [121.859399, 17.915864], [121.859399, 17.914517], [121.858051, 17.914517], [121.858051, 17.915864], [121.855356, 17.915864], [121.855356, 17.91317], [121.852661, 17.91317], [121.852661, 17.914517], [121.849966, 17.914517], [121.849966, 17.91317], [121.845924, 17.91317], [121.845924, 17.917212], [121.844576, 17.917212], [121.844576, 17.918559], [121.847271, 17.918559], [121.847271, 17.919907], [121.843229, 17.919907], [121.843229, 17.918559], [121.841881, 17.918559], [121.841881, 17.919907], [121.840534, 17.919907], [121.840534, 17.923949], [121.839186, 17.923949], [121.839186, 17.918559], [121.840534, 17.918559], [121.840534, 17.911822], [121.835144, 17.911822], [121.835144, 17.910475], [121.831102, 17.910475], [121.831102, 17.911822], [121.825712, 17.911822], [121.825712, 17.91317], [121.823017, 17.91317], [121.823017, 17.914517], [121.821669, 17.914517], [121.821669, 17.915864], [121.825712, 17.915864], [121.825712, 17.917212], [121.821669, 17.917212], [121.821669, 17.918559], [121.820322, 17.918559], [121.820322, 17.915864], [121.816279, 17.915864], [121.816279, 17.917212], [121.814932, 17.917212], [121.814932, 17.915864], [121.812237, 17.915864], [121.812237, 17.914517], [121.809542, 17.914517], [121.809542, 17.91317], [121.808195, 17.91317], [121.808195, 17.911822], [121.81089, 17.911822], [121.81089, 17.91317], [121.812237, 17.91317], [121.812237, 17.911822], [121.823017, 17.911822], [121.823017, 17.910475], [121.829754, 17.910475], [121.829754, 17.909127], [121.831102, 17.909127], [121.831102, 17.906432], [121.832449, 17.906432], [121.832449, 17.905085], [121.835144, 17.905085], [121.835144, 17.90239], [121.836492, 17.90239], [121.836492, 17.901042], [121.837839, 17.901042], [121.837839, 17.90239], [121.840534, 17.90239], [121.840534, 17.909127], [121.845924, 17.909127], [121.845924, 17.90778], [121.847271, 17.90778], [121.847271, 17.906432], [121.848619, 17.906432], [121.848619, 17.903737], [121.849966, 17.903737], [121.849966, 17.90239], [121.851314, 17.90239], [121.851314, 17.901042], [121.849966, 17.901042], [121.849966, 17.899695], [121.847271, 17.899695], [121.847271, 17.898347], [121.845924, 17.898347], [121.845924, 17.89161], [121.844576, 17.89161], [121.844576, 17.890262], [121.843229, 17.890262], [121.843229, 17.89161], [121.840534, 17.89161], [121.840534, 17.890262], [121.841881, 17.890262], [121.841881, 17.884873], [121.840534, 17.884873], [121.840534, 17.883525], [121.839186, 17.883525], [121.839186, 17.882178], [121.840534, 17.882178], [121.840534, 17.88083], [121.841881, 17.88083], [121.841881, 17.883525], [121.843229, 17.883525], [121.843229, 17.882178], [121.845924, 17.882178], [121.845924, 17.88622], [121.847271, 17.88622], [121.847271, 17.883525], [121.848619, 17.883525], [121.848619, 17.882178], [121.847271, 17.882178], [121.847271, 17.879483], [121.845924, 17.879483], [121.845924, 17.876788], [121.844576, 17.876788], [121.844576, 17.87544], [121.845924, 17.87544], [121.845924, 17.874093], [121.847271, 17.874093], [121.847271, 17.872745], [121.845924, 17.872745], [121.845924, 17.867355], [121.847271, 17.867355], [121.847271, 17.866008], [121.845924, 17.866008], [121.845924, 17.863313], [121.844576, 17.863313], [121.844576, 17.860618], [121.840534, 17.860618], [121.840534, 17.857923], [121.839186, 17.857923], [121.839186, 17.859271], [121.837839, 17.859271], [121.837839, 17.857923], [121.836492, 17.857923], [121.836492, 17.855228], [121.833797, 17.855228], [121.833797, 17.853881], [121.835144, 17.853881], [121.835144, 17.852533], [121.833797, 17.852533], [121.833797, 17.845796], [121.832449, 17.845796], [121.832449, 17.843101], [121.831102, 17.843101], [121.831102, 17.841753], [121.829754, 17.841753], [121.829754, 17.840406], [121.827059, 17.840406], [121.827059, 17.839059], [121.828407, 17.839059], [121.828407, 17.836364], [121.829754, 17.836364], [121.829754, 17.835016], [121.831102, 17.835016], [121.831102, 17.837711], [121.832449, 17.837711], [121.832449, 17.836364], [121.833797, 17.836364], [121.833797, 17.843101], [121.836492, 17.843101], [121.836492, 17.844448], [121.837839, 17.844448], [121.837839, 17.845796], [121.835144, 17.845796], [121.835144, 17.848491], [121.840534, 17.848491], [121.840534, 17.849838], [121.841881, 17.849838], [121.841881, 17.851186], [121.843229, 17.851186], [121.843229, 17.849838], [121.844576, 17.849838], [121.844576, 17.851186], [121.845924, 17.851186], [121.845924, 17.847143], [121.844576, 17.847143], [121.844576, 17.844448], [121.845924, 17.844448], [121.845924, 17.839059], [121.844576, 17.839059], [121.844576, 17.837711], [121.847271, 17.837711], [121.847271, 17.829626], [121.845924, 17.829626], [121.845924, 17.828279], [121.844576, 17.828279], [121.844576, 17.825584], [121.845924, 17.825584], [121.845924, 17.822889], [121.841881, 17.822889], [121.841881, 17.821541], [121.840534, 17.821541], [121.840534, 17.820194], [121.843229, 17.820194], [121.843229, 17.817499], [121.841881, 17.817499], [121.841881, 17.816151], [121.844576, 17.816151], [121.844576, 17.814804], [121.841881, 17.814804], [121.841881, 17.813457], [121.839186, 17.813457], [121.839186, 17.810762], [121.836492, 17.810762], [121.836492, 17.809414], [121.833797, 17.809414], [121.833797, 17.806719], [121.835144, 17.806719], [121.835144, 17.804024], [121.833797, 17.804024], [121.833797, 17.802677], [121.832449, 17.802677], [121.832449, 17.801329], [121.833797, 17.801329], [121.833797, 17.797287], [121.835144, 17.797287], [121.835144, 17.793244], [121.837839, 17.793244], [121.837839, 17.791897], [121.841881, 17.791897], [121.841881, 17.793244], [121.844576, 17.793244], [121.844576, 17.794592], [121.845924, 17.794592], [121.845924, 17.795939], [121.847271, 17.795939], [121.847271, 17.797287], [121.849966, 17.797287], [121.849966, 17.798634], [121.851314, 17.798634], [121.851314, 17.799982], [121.852661, 17.799982], [121.852661, 17.801329], [121.855356, 17.801329], [121.855356, 17.802677], [121.860746, 17.802677], [121.860746, 17.801329], [121.866136, 17.801329], [121.866136, 17.799982], [121.868831, 17.799982], [121.868831, 17.798634], [121.870178, 17.798634], [121.870178, 17.801329], [121.874221, 17.801329], [121.874221, 17.799982], [121.875568, 17.799982], [121.875568, 17.801329], [121.876916, 17.801329], [121.876916, 17.804024], [121.878263, 17.804024], [121.878263, 17.805372], [121.880958, 17.805372], [121.880958, 17.806719], [121.882306, 17.806719], [121.882306, 17.808067], [121.880958, 17.808067], [121.880958, 17.809414], [121.883653, 17.809414], [121.883653, 17.810762], [121.887695, 17.810762], [121.887695, 17.812109], [121.889043, 17.812109], [121.889043, 17.810762], [121.891738, 17.810762], [121.891738, 17.808067], [121.893085, 17.808067], [121.893085, 17.809414], [121.894433, 17.809414], [121.894433, 17.810762], [121.89578, 17.810762], [121.89578, 17.812109], [121.894433, 17.812109], [121.894433, 17.813457], [121.893085, 17.813457], [121.893085, 17.816151], [121.89039, 17.816151], [121.89039, 17.817499], [121.891738, 17.817499], [121.891738, 17.818846], [121.894433, 17.818846], [121.894433, 17.820194], [121.89578, 17.820194], [121.89578, 17.821541], [121.893085, 17.821541], [121.893085, 17.822889], [121.903865, 17.822889], [121.903865, 17.829626], [121.910603, 17.829626], [121.910603, 17.830974], [121.909255, 17.830974], [121.909255, 17.833669], [121.913297, 17.833669], [121.913297, 17.835016], [121.914645, 17.835016], [121.914645, 17.832321], [121.915992, 17.832321], [121.915992, 17.829626], [121.91734, 17.829626], [121.91734, 17.826931], [121.915992, 17.826931], [121.915992, 17.824236], [121.918687, 17.824236], [121.918687, 17.825584], [121.920035, 17.825584], [121.920035, 17.826931], [121.921382, 17.826931], [121.921382, 17.825584], [121.92273, 17.825584], [121.92273, 17.829626], [121.924077, 17.829626], [121.924077, 17.830974], [121.926772, 17.830974], [121.926772, 17.832321], [121.92812, 17.832321], [121.92812, 17.830974], [121.929467, 17.830974], [121.929467, 17.824236], [121.930815, 17.824236], [121.930815, 17.822889], [121.932162, 17.822889], [121.932162, 17.825584], [121.930815, 17.825584], [121.930815, 17.829626], [121.936205, 17.829626], [121.936205, 17.830974], [121.938899, 17.830974], [121.938899, 17.832321], [121.934857, 17.832321], [121.934857, 17.836364], [121.93351, 17.836364], [121.93351, 17.839059], [121.932162, 17.839059], [121.932162, 17.840406], [121.930815, 17.840406], [121.930815, 17.841753], [121.932162, 17.841753], [121.932162, 17.843101], [121.93351, 17.843101], [121.93351, 17.844448], [121.934857, 17.844448], [121.934857, 17.848491], [121.940247, 17.848491], [121.940247, 17.849838], [121.941594, 17.849838], [121.941594, 17.853881], [121.944289, 17.853881], [121.944289, 17.855228], [121.940247, 17.855228], [121.940247, 17.853881], [121.936205, 17.853881], [121.936205, 17.855228], [121.934857, 17.855228], [121.934857, 17.853881], [121.93351, 17.853881], [121.93351, 17.852533], [121.932162, 17.852533], [121.932162, 17.851186], [121.929467, 17.851186], [121.929467, 17.849838], [121.92812, 17.849838], [121.92812, 17.853881], [121.926772, 17.853881], [121.926772, 17.852533], [121.925425, 17.852533], [121.925425, 17.853881], [121.92273, 17.853881], [121.92273, 17.856576], [121.921382, 17.856576], [121.921382, 17.857923], [121.92273, 17.857923], [121.92273, 17.859271], [121.921382, 17.859271], [121.921382, 17.860618], [121.920035, 17.860618], [121.920035, 17.861966], [121.921382, 17.861966], [121.921382, 17.863313], [121.92273, 17.863313], [121.92273, 17.86466], [121.924077, 17.86466], [121.924077, 17.867355], [121.925425, 17.867355], [121.925425, 17.868703], [121.926772, 17.868703], [121.926772, 17.87005], [121.92812, 17.87005], [121.92812, 17.871398], [121.929467, 17.871398], [121.929467, 17.87005], [121.930815, 17.87005], [121.930815, 17.871398], [121.932162, 17.871398], [121.932162, 17.872745], [121.93351, 17.872745], [121.93351, 17.871398], [121.934857, 17.871398], [121.934857, 17.874093], [121.936205, 17.874093], [121.936205, 17.871398], [121.937552, 17.871398], [121.937552, 17.868703], [121.936205, 17.868703], [121.936205, 17.867355], [121.938899, 17.867355], [121.938899, 17.868703], [121.940247, 17.868703], [121.940247, 17.866008], [121.941594, 17.866008], [121.941594, 17.86466], [121.942942, 17.86466], [121.942942, 17.861966], [121.944289, 17.861966], [121.944289, 17.860618], [121.949679, 17.860618], [121.949679, 17.856576], [121.948332, 17.856576], [121.948332, 17.855228], [121.951027, 17.855228], [121.951027, 17.856576], [121.952374, 17.856576], [121.952374, 17.855228], [121.955069, 17.855228], [121.955069, 17.853881], [121.956417, 17.853881], [121.956417, 17.852533], [121.959112, 17.852533], [121.959112, 17.851186], [121.960459, 17.851186], [121.960459, 17.848491], [121.961807, 17.848491], [121.961807, 17.849838], [121.963154, 17.849838], [121.963154, 17.848491], [121.965849, 17.848491], [121.965849, 17.849838], [121.967196, 17.849838], [121.967196, 17.848491], [121.968544, 17.848491], [121.968544, 17.847143], [121.969891, 17.847143], [121.969891, 17.845796], [121.971239, 17.845796], [121.971239, 17.843101], [121.973934, 17.843101], [121.973934, 17.844448], [121.975281, 17.844448], [121.975281, 17.845796], [121.977976, 17.845796], [121.977976, 17.847143], [121.980671, 17.847143], [121.980671, 17.848491], [121.983366, 17.848491], [121.983366, 17.849838], [121.988756, 17.849838], [121.988756, 17.848491], [121.992798, 17.848491], [121.992798, 17.851186], [121.991451, 17.851186], [121.991451, 17.853881], [121.992798, 17.853881], [121.992798, 17.855228], [121.979324, 17.855228], [121.979324, 17.853881], [121.977976, 17.853881], [121.977976, 17.855228], [121.972586, 17.855228], [121.972586, 17.853881], [121.971239, 17.853881], [121.971239, 17.855228], [121.968544, 17.855228], [121.968544, 17.857923], [121.967196, 17.857923], [121.967196, 17.860618], [121.965849, 17.860618], [121.965849, 17.859271], [121.964501, 17.859271], [121.964501, 17.860618], [121.963154, 17.860618], [121.963154, 17.866008], [121.964501, 17.866008], [121.964501, 17.867355], [121.965849, 17.867355], [121.965849, 17.868703], [121.967196, 17.868703], [121.967196, 17.871398], [121.965849, 17.871398], [121.965849, 17.872745], [121.967196, 17.872745], [121.967196, 17.874093], [121.961807, 17.874093], [121.961807, 17.872745], [121.960459, 17.872745], [121.960459, 17.871398], [121.957764, 17.871398], [121.957764, 17.874093], [121.948332, 17.874093], [121.948332, 17.87544], [121.945637, 17.87544], [121.945637, 17.876788], [121.942942, 17.876788], [121.942942, 17.87544], [121.944289, 17.87544], [121.944289, 17.874093], [121.941594, 17.874093], [121.941594, 17.883525], [121.940247, 17.883525], [121.940247, 17.884873], [121.941594, 17.884873], [121.941594, 17.88622], [121.936205, 17.88622], [121.936205, 17.884873], [121.934857, 17.884873], [121.934857, 17.892957], [121.937552, 17.892957], [121.937552, 17.89161], [121.936205, 17.89161], [121.936205, 17.890262], [121.938899, 17.890262], [121.938899, 17.89161], [121.942942, 17.89161], [121.942942, 17.894305], [121.945637, 17.894305], [121.945637, 17.892957], [121.951027, 17.892957], [121.951027, 17.890262], [121.953722, 17.890262], [121.953722, 17.89161], [121.955069, 17.89161], [121.955069, 17.890262], [121.956417, 17.890262], [121.956417, 17.887568], [121.957764, 17.887568], [121.957764, 17.88622], [121.959112, 17.88622], [121.959112, 17.887568], [121.960459, 17.887568], [121.960459, 17.888915], [121.963154, 17.888915], [121.963154, 17.884873], [121.965849, 17.884873], [121.965849, 17.883525], [121.967196, 17.883525], [121.967196, 17.884873], [121.968544, 17.884873], [121.968544, 17.883525], [121.969891, 17.883525], [121.969891, 17.882178], [121.971239, 17.882178], [121.971239, 17.879483], [121.972586, 17.879483], [121.972586, 17.88083], [121.973934, 17.88083], [121.973934, 17.882178], [121.976629, 17.882178], [121.976629, 17.88083], [121.979324, 17.88083], [121.979324, 17.879483], [121.992798, 17.879483], [121.992798, 17.88083], [121.991451, 17.88083], [121.991451, 17.882178], [121.990103, 17.882178], [121.990103, 17.884873], [121.988756, 17.884873], [121.988756, 17.883525], [121.987408, 17.883525], [121.987408, 17.88083], [121.986061, 17.88083], [121.986061, 17.884873], [121.984714, 17.884873], [121.984714, 17.88622], [121.986061, 17.88622], [121.986061, 17.887568], [121.987408, 17.887568], [121.987408, 17.888915], [121.990103, 17.888915], [121.990103, 17.890262], [121.991451, 17.890262], [121.991451, 17.892957], [121.984714, 17.892957], [121.984714, 17.890262], [121.980671, 17.890262], [121.980671, 17.89161], [121.979324, 17.89161], [121.979324, 17.892957], [121.976629, 17.892957], [121.976629, 17.895652], [121.975281, 17.895652], [121.975281, 17.894305], [121.973934, 17.894305], [121.973934, 17.895652], [121.968544, 17.895652], [121.968544, 17.898347], [121.964501, 17.898347], [121.964501, 17.899695], [121.951027, 17.899695], [121.951027, 17.901042], [121.949679, 17.901042], [121.949679, 17.899695], [121.941594, 17.899695], [121.941594, 17.901042], [121.944289, 17.901042], [121.944289, 17.90239], [121.942942, 17.90239], [121.942942, 17.903737], [121.941594, 17.903737], [121.941594, 17.905085], [121.942942, 17.905085], [121.942942, 17.906432], [121.944289, 17.906432], [121.944289, 17.90778], [121.941594, 17.90778], [121.941594, 17.906432], [121.940247, 17.906432], [121.940247, 17.905085], [121.934857, 17.905085], [121.934857, 17.914517], [121.936205, 17.914517], [121.936205, 17.917212], [121.934857, 17.917212], [121.934857, 17.918559], [121.936205, 17.918559], [121.936205, 17.921254], [121.937552, 17.921254], [121.937552, 17.923949], [121.938899, 17.923949], [121.938899, 17.929339], [121.940247, 17.929339], [121.940247, 17.930687], [121.946984, 17.930687], [121.946984, 17.936077], [121.945637, 17.936077], [121.945637, 17.942814], [121.946984, 17.942814], [121.946984, 17.948204], [121.945637, 17.948204], [121.945637, 17.952246], [121.946984, 17.952246], [121.946984, 17.953594], [121.948332, 17.953594], [121.948332, 17.952246], [121.952374, 17.952246], [121.952374, 17.956289], [121.955069, 17.956289], [121.955069, 17.954941], [121.956417, 17.954941], [121.956417, 17.957636], [121.953722, 17.957636], [121.953722, 17.963026], [121.961807, 17.963026], [121.961807, 17.964373], [121.963154, 17.964373], [121.963154, 17.965721], [121.967196, 17.965721], [121.967196, 17.967068], [121.969891, 17.967068], [121.969891, 17.968416], [121.968544, 17.968416], [121.968544, 17.969763], [121.965849, 17.969763], [121.965849, 17.968416], [121.953722, 17.968416], [121.953722, 17.969763], [121.951027, 17.969763], [121.951027, 17.968416], [121.946984, 17.968416], [121.946984, 17.971111], [121.945637, 17.971111], [121.945637, 17.972458], [121.946984, 17.972458], [121.946984, 17.973806], [121.953722, 17.973806], [121.953722, 17.975153], [121.949679, 17.975153], [121.949679, 17.979196], [121.952374, 17.979196], [121.952374, 17.980543], [121.949679, 17.980543], [121.949679, 17.981891], [121.948332, 17.981891], [121.948332, 17.987281], [121.960459, 17.987281], [121.960459, 17.99267], [121.959112, 17.99267], [121.959112, 17.994018], [121.957764, 17.994018], [121.957764, 17.995365], [121.959112, 17.995365], [121.959112, 17.996713], [121.957764, 17.996713], [121.957764, 17.999408], [121.956417, 17.999408], [121.956417, 18.000755], [121.955069, 18.000755], [121.955069, 18.00345], [121.956417, 18.00345], [121.956417, 18.004798], [121.960459, 18.004798], [121.960459, 18.006145], [121.955069, 18.006145], [121.955069, 18.004798], [121.952374, 18.004798], [121.952374, 18.00345], [121.951027, 18.00345], [121.951027, 18.002103], [121.949679, 18.002103], [121.949679, 18.000755], [121.952374, 18.000755], [121.952374, 17.999408], [121.953722, 17.999408], [121.953722, 17.994018], [121.952374, 17.994018], [121.952374, 17.995365], [121.949679, 17.995365], [121.949679, 17.99267], [121.948332, 17.99267], [121.948332, 17.994018], [121.946984, 17.994018], [121.946984, 17.991323], [121.945637, 17.991323], [121.945637, 17.989975], [121.944289, 17.989975], [121.944289, 17.99267], [121.942942, 17.99267], [121.942942, 17.994018], [121.941594, 17.994018], [121.941594, 18.007493], [121.940247, 18.007493], [121.940247, 18.010188], [121.938899, 18.010188], [121.938899, 18.011535], [121.937552, 18.011535], [121.937552, 18.012883], [121.940247, 18.012883], [121.940247, 18.01423], [121.941594, 18.01423], [121.941594, 18.016925], [121.944289, 18.016925], [121.944289, 18.018272], [121.942942, 18.018272], [121.942942, 18.01962], [121.946984, 18.01962], [121.946984, 18.02501], [121.951027, 18.02501], [121.951027, 18.027705], [121.952374, 18.027705], [121.952374, 18.029052], [121.953722, 18.029052], [121.953722, 18.031747], [121.951027, 18.031747], [121.951027, 18.0304], [121.949679, 18.0304], [121.949679, 18.029052], [121.946984, 18.029052], [121.946984, 18.027705], [121.944289, 18.027705], [121.944289, 18.023662], [121.941594, 18.023662], [121.941594, 18.022315], [121.940247, 18.022315], [121.940247, 18.026357], [121.938899, 18.026357], [121.938899, 18.027705], [121.937552, 18.027705], [121.937552, 18.029052], [121.936205, 18.029052], [121.936205, 18.0304], [121.934857, 18.0304], [121.934857, 18.031747], [121.932162, 18.031747], [121.932162, 18.0304], [121.92812, 18.0304], [121.92812, 18.033095], [121.925425, 18.033095], [121.925425, 18.031747], [121.92273, 18.031747], [121.92273, 18.02501], [121.921382, 18.02501], [121.921382, 18.026357], [121.918687, 18.026357], [121.918687, 18.022315], [121.91734, 18.022315], [121.91734, 18.01962], [121.914645, 18.01962], [121.914645, 18.018272], [121.915992, 18.018272], [121.915992, 18.016925], [121.913297, 18.016925], [121.913297, 18.012883], [121.909255, 18.012883], [121.909255, 18.00884], [121.907908, 18.00884], [121.907908, 18.007493], [121.90656, 18.007493], [121.90656, 18.006145], [121.907908, 18.006145], [121.907908, 18.004798], [121.903865, 18.004798], [121.903865, 18.002103], [121.902518, 18.002103], [121.902518, 17.999408], [121.899823, 17.999408], [121.899823, 18.000755], [121.90117, 18.000755], [121.90117, 18.00345], [121.898475, 18.00345], [121.898475, 18.000755], [121.897128, 18.000755], [121.897128, 18.004798], [121.894433, 18.004798], [121.894433, 18.006145], [121.893085, 18.006145], [121.893085, 17.999408], [121.891738, 17.999408], [121.891738, 18.002103], [121.89039, 18.002103], [121.89039, 18.000755], [121.889043, 18.000755], [121.889043, 18.002103], [121.887695, 18.002103], [121.887695, 18.000755], [121.886348, 18.000755], [121.886348, 17.999408], [121.887695, 17.999408], [121.887695, 17.99806], [121.886348, 17.99806], [121.886348, 17.995365], [121.889043, 17.995365], [121.889043, 17.994018], [121.885001, 17.994018], [121.885001, 17.99267], [121.883653, 17.99267], [121.883653, 17.995365], [121.879611, 17.995365], [121.879611, 17.994018], [121.878263, 17.994018], [121.878263, 17.996713], [121.876916, 17.996713], [121.876916, 17.999408], [121.878263, 17.999408], [121.878263, 18.000755], [121.880958, 18.000755], [121.880958, 17.99806], [121.882306, 17.99806], [121.882306, 17.999408], [121.883653, 17.999408], [121.883653, 18.000755], [121.882306, 18.000755], [121.882306, 18.002103], [121.883653, 18.002103], [121.883653, 18.004798], [121.887695, 18.004798], [121.887695, 18.006145], [121.885001, 18.006145], [121.885001, 18.007493], [121.883653, 18.007493], [121.883653, 18.006145], [121.882306, 18.006145], [121.882306, 18.00884], [121.879611, 18.00884], [121.879611, 18.011535], [121.882306, 18.011535], [121.882306, 18.010188], [121.883653, 18.010188], [121.883653, 18.012883], [121.879611, 18.012883], [121.879611, 18.01423], [121.878263, 18.01423], [121.878263, 18.00884], [121.876916, 18.00884], [121.876916, 18.012883], [121.875568, 18.012883], [121.875568, 18.011535], [121.872873, 18.011535], [121.872873, 18.012883], [121.871526, 18.012883], [121.871526, 18.01423], [121.876916, 18.01423], [121.876916, 18.015577], [121.874221, 18.015577], [121.874221, 18.018272], [121.872873, 18.018272], [121.872873, 18.015577], [121.870178, 18.015577], [121.870178, 18.012883], [121.867483, 18.012883], [121.867483, 18.011535], [121.862094, 18.011535], [121.862094, 18.012883], [121.858051, 18.012883], [121.858051, 18.01423], [121.856704, 18.01423], [121.856704, 18.015577], [121.859399, 18.015577], [121.859399, 18.01423], [121.860746, 18.01423], [121.860746, 18.015577], [121.862094, 18.015577], [121.862094, 18.01423], [121.863441, 18.01423], [121.863441, 18.012883], [121.864788, 18.012883], [121.864788, 18.022315], [121.866136, 18.022315], [121.866136, 18.023662], [121.871526, 18.023662], [121.871526, 18.02501], [121.864788, 18.02501], [121.864788, 18.023662], [121.863441, 18.023662], [121.863441, 18.02501], [121.862094, 18.02501], [121.862094, 18.026357], [121.854009, 18.026357], [121.854009, 18.027705], [121.852661, 18.027705], [121.852661, 18.029052], [121.855356, 18.029052], [121.855356, 18.0304], [121.860746, 18.0304], [121.860746, 18.031747], [121.858051, 18.031747], [121.858051, 18.033095], [121.856704, 18.033095], [121.856704, 18.034442], [121.855356, 18.034442], [121.855356, 18.03579], [121.856704, 18.03579], [121.856704, 18.037137], [121.858051, 18.037137], [121.858051, 18.038484], [121.854009, 18.038484], [121.854009, 18.037137], [121.848619, 18.037137], [121.848619, 18.038484], [121.849966, 18.038484], [121.849966, 18.039832], [121.851314, 18.039832], [121.851314, 18.041179], [121.852661, 18.041179], [121.852661, 18.042527], [121.854009, 18.042527], [121.854009, 18.043874], [121.851314, 18.043874], [121.851314, 18.042527], [121.847271, 18.042527], [121.847271, 18.041179], [121.844576, 18.041179], [121.844576, 18.042527], [121.845924, 18.042527], [121.845924, 18.045222], [121.847271, 18.045222], [121.847271, 18.046569], [121.851314, 18.046569], [121.851314, 18.049264], [121.858051, 18.049264], [121.858051, 18.047917], [121.855356, 18.047917], [121.855356, 18.046569], [121.856704, 18.046569], [121.856704, 18.045222], [121.862094, 18.045222], [121.862094, 18.046569], [121.863441, 18.046569], [121.863441, 18.045222], [121.864788, 18.045222], [121.864788, 18.042527], [121.862094, 18.042527], [121.862094, 18.041179], [121.864788, 18.041179], [121.864788, 18.038484], [121.866136, 18.038484], [121.866136, 18.039832], [121.867483, 18.039832], [121.867483, 18.038484], [121.868831, 18.038484], [121.868831, 18.039832], [121.870178, 18.039832], [121.870178, 18.038484], [121.871526, 18.038484], [121.871526, 18.039832], [121.872873, 18.039832], [121.872873, 18.041179], [121.878263, 18.041179], [121.878263, 18.045222], [121.880958, 18.045222], [121.880958, 18.043874], [121.882306, 18.043874], [121.882306, 18.042527], [121.883653, 18.042527], [121.883653, 18.041179], [121.882306, 18.041179], [121.882306, 18.039832], [121.880958, 18.039832], [121.880958, 18.038484], [121.885001, 18.038484], [121.885001, 18.037137], [121.886348, 18.037137], [121.886348, 18.03579], [121.885001, 18.03579], [121.885001, 18.034442], [121.886348, 18.034442], [121.886348, 18.033095], [121.885001, 18.033095], [121.885001, 18.031747], [121.89039, 18.031747], [121.89039, 18.027705], [121.893085, 18.027705], [121.893085, 18.026357], [121.894433, 18.026357], [121.894433, 18.022315], [121.893085, 18.022315], [121.893085, 18.020967], [121.891738, 18.020967], [121.891738, 18.016925], [121.893085, 18.016925], [121.893085, 18.01423], [121.894433, 18.01423], [121.894433, 18.012883], [121.897128, 18.012883], [121.897128, 18.01423], [121.89578, 18.01423], [121.89578, 18.016925], [121.894433, 18.016925], [121.894433, 18.018272], [121.89578, 18.018272], [121.89578, 18.01962], [121.894433, 18.01962], [121.894433, 18.020967], [121.89578, 18.020967], [121.89578, 18.022315], [121.898475, 18.022315], [121.898475, 18.023662], [121.897128, 18.023662], [121.897128, 18.026357], [121.89578, 18.026357], [121.89578, 18.027705], [121.894433, 18.027705], [121.894433, 18.029052], [121.893085, 18.029052], [121.893085, 18.031747], [121.894433, 18.031747], [121.894433, 18.033095], [121.893085, 18.033095], [121.893085, 18.034442], [121.89039, 18.034442], [121.89039, 18.03579], [121.889043, 18.03579], [121.889043, 18.038484], [121.887695, 18.038484], [121.887695, 18.039832], [121.889043, 18.039832], [121.889043, 18.042527], [121.891738, 18.042527], [121.891738, 18.045222], [121.89039, 18.045222], [121.89039, 18.046569], [121.891738, 18.046569], [121.891738, 18.047917], [121.893085, 18.047917], [121.893085, 18.050612], [121.89578, 18.050612], [121.89578, 18.046569], [121.897128, 18.046569], [121.897128, 18.049264], [121.898475, 18.049264], [121.898475, 18.047917], [121.899823, 18.047917], [121.899823, 18.046569], [121.90117, 18.046569], [121.90117, 18.042527], [121.902518, 18.042527], [121.902518, 18.041179], [121.90117, 18.041179], [121.90117, 18.038484], [121.899823, 18.038484], [121.899823, 18.037137], [121.90117, 18.037137], [121.90117, 18.03579], [121.902518, 18.03579], [121.902518, 18.034442], [121.903865, 18.034442], [121.903865, 18.033095], [121.907908, 18.033095], [121.907908, 18.031747], [121.909255, 18.031747], [121.909255, 18.034442], [121.90656, 18.034442], [121.90656, 18.03579], [121.903865, 18.03579], [121.903865, 18.041179], [121.905213, 18.041179], [121.905213, 18.043874], [121.90656, 18.043874], [121.90656, 18.042527], [121.910603, 18.042527], [121.910603, 18.043874], [121.909255, 18.043874], [121.909255, 18.046569], [121.910603, 18.046569], [121.910603, 18.047917], [121.91195, 18.047917], [121.91195, 18.045222], [121.913297, 18.045222], [121.913297, 18.049264], [121.914645, 18.049264], [121.914645, 18.050612], [121.915992, 18.050612], [121.915992, 18.051959], [121.914645, 18.051959], [121.914645, 18.053307], [121.913297, 18.053307], [121.913297, 18.054654], [121.914645, 18.054654], [121.914645, 18.056002], [121.915992, 18.056002], [121.915992, 18.057349], [121.914645, 18.057349], [121.914645, 18.061392], [121.913297, 18.061392], [121.913297, 18.064086], [121.910603, 18.064086], [121.910603, 18.065434], [121.913297, 18.065434], [121.913297, 18.066781], [121.914645, 18.066781], [121.914645, 18.068129], [121.915992, 18.068129], [121.915992, 18.069476], [121.91734, 18.069476], [121.91734, 18.072171], [121.920035, 18.072171], [121.920035, 18.070824], [121.921382, 18.070824], [121.921382, 18.069476], [121.925425, 18.069476], [121.925425, 18.068129], [121.926772, 18.068129], [121.926772, 18.066781], [121.92812, 18.066781], [121.92812, 18.064086], [121.932162, 18.064086], [121.932162, 18.069476], [121.936205, 18.069476], [121.936205, 18.066781], [121.937552, 18.066781], [121.937552, 18.064086], [121.938899, 18.064086], [121.938899, 18.062739], [121.941594, 18.062739], [121.941594, 18.061392], [121.945637, 18.061392], [121.945637, 18.064086], [121.941594, 18.064086], [121.941594, 18.065434], [121.944289, 18.065434], [121.944289, 18.066781], [121.945637, 18.066781], [121.945637, 18.068129], [121.946984, 18.068129], [121.946984, 18.073519], [121.948332, 18.073519], [121.948332, 18.077561], [121.946984, 18.077561], [121.946984, 18.080256], [121.941594, 18.080256], [121.941594, 18.078909], [121.940247, 18.078909], [121.940247, 18.077561], [121.938899, 18.077561], [121.938899, 18.076214], [121.937552, 18.076214], [121.937552, 18.074866], [121.932162, 18.074866], [121.932162, 18.076214], [121.930815, 18.076214], [121.930815, 18.074866], [121.929467, 18.074866], [121.929467, 18.073519], [121.92812, 18.073519], [121.92812, 18.081604], [121.925425, 18.081604], [121.925425, 18.082951], [121.92273, 18.082951], [121.92273, 18.081604], [121.921382, 18.081604], [121.921382, 18.082951], [121.91734, 18.082951], [121.91734, 18.084299], [121.915992, 18.084299], [121.915992, 18.081604], [121.91734, 18.081604], [121.91734, 18.080256], [121.915992, 18.080256], [121.915992, 18.076214], [121.914645, 18.076214], [121.914645, 18.077561], [121.913297, 18.077561], [121.913297, 18.074866], [121.910603, 18.074866], [121.910603, 18.072171], [121.91195, 18.072171], [121.91195, 18.070824], [121.913297, 18.070824], [121.913297, 18.069476], [121.91195, 18.069476], [121.91195, 18.068129], [121.909255, 18.068129], [121.909255, 18.069476], [121.902518, 18.069476], [121.902518, 18.073519], [121.903865, 18.073519], [121.903865, 18.074866], [121.90117, 18.074866], [121.90117, 18.076214], [121.898475, 18.076214], [121.898475, 18.077561], [121.899823, 18.077561], [121.899823, 18.078909], [121.897128, 18.078909], [121.897128, 18.082951], [121.89039, 18.082951], [121.89039, 18.084299], [121.889043, 18.084299], [121.889043, 18.086994], [121.891738, 18.086994], [121.891738, 18.089688], [121.893085, 18.089688], [121.893085, 18.091036], [121.89578, 18.091036], [121.89578, 18.092383], [121.897128, 18.092383], [121.897128, 18.095078], [121.893085, 18.095078], [121.893085, 18.093731], [121.89039, 18.093731], [121.89039, 18.096426], [121.889043, 18.096426], [121.889043, 18.099121], [121.887695, 18.099121], [121.887695, 18.100468], [121.886348, 18.100468], [121.886348, 18.095078], [121.887695, 18.095078], [121.887695, 18.092383], [121.885001, 18.092383], [121.885001, 18.091036], [121.883653, 18.091036], [121.883653, 18.089688], [121.880958, 18.089688], [121.880958, 18.092383], [121.878263, 18.092383], [121.878263, 18.089688], [121.875568, 18.089688], [121.875568, 18.091036], [121.872873, 18.091036], [121.872873, 18.089688], [121.874221, 18.089688], [121.874221, 18.088341], [121.876916, 18.088341], [121.876916, 18.086994], [121.878263, 18.086994], [121.878263, 18.085646], [121.876916, 18.085646], [121.876916, 18.082951], [121.875568, 18.082951], [121.875568, 18.081604], [121.874221, 18.081604], [121.874221, 18.078909], [121.872873, 18.078909], [121.872873, 18.077561], [121.871526, 18.077561], [121.871526, 18.076214], [121.872873, 18.076214], [121.872873, 18.074866], [121.874221, 18.074866], [121.874221, 18.072171], [121.872873, 18.072171], [121.872873, 18.070824], [121.871526, 18.070824], [121.871526, 18.069476], [121.868831, 18.069476], [121.868831, 18.068129], [121.867483, 18.068129], [121.867483, 18.066781], [121.864788, 18.066781], [121.864788, 18.064086], [121.862094, 18.064086], [121.862094, 18.062739], [121.859399, 18.062739], [121.859399, 18.061392], [121.858051, 18.061392], [121.858051, 18.060044], [121.856704, 18.060044], [121.856704, 18.061392], [121.855356, 18.061392], [121.855356, 18.062739], [121.854009, 18.062739], [121.854009, 18.064086], [121.852661, 18.064086], [121.852661, 18.065434], [121.854009, 18.065434], [121.854009, 18.068129], [121.852661, 18.068129], [121.852661, 18.069476], [121.854009, 18.069476], [121.854009, 18.072171], [121.855356, 18.072171], [121.855356, 18.073519], [121.856704, 18.073519], [121.856704, 18.078909], [121.855356, 18.078909], [121.855356, 18.080256], [121.854009, 18.080256], [121.854009, 18.082951], [121.858051, 18.082951], [121.858051, 18.084299], [121.856704, 18.084299], [121.856704, 18.088341], [121.858051, 18.088341], [121.858051, 18.089688], [121.852661, 18.089688], [121.852661, 18.084299], [121.851314, 18.084299], [121.851314, 18.082951], [121.845924, 18.082951], [121.845924, 18.081604], [121.849966, 18.081604], [121.849966, 18.080256], [121.852661, 18.080256], [121.852661, 18.078909], [121.851314, 18.078909], [121.851314, 18.074866], [121.849966, 18.074866], [121.849966, 18.073519], [121.848619, 18.073519], [121.848619, 18.074866], [121.844576, 18.074866], [121.844576, 18.076214], [121.843229, 18.076214], [121.843229, 18.074866], [121.841881, 18.074866], [121.841881, 18.072171], [121.840534, 18.072171], [121.840534, 18.070824], [121.839186, 18.070824], [121.839186, 18.072171], [121.837839, 18.072171], [121.837839, 18.073519], [121.839186, 18.073519], [121.839186, 18.076214], [121.840534, 18.076214], [121.840534, 18.077561], [121.839186, 18.077561], [121.839186, 18.078909], [121.836492, 18.078909], [121.836492, 18.077561], [121.835144, 18.077561], [121.835144, 18.076214], [121.832449, 18.076214], [121.832449, 18.074866], [121.825712, 18.074866], [121.825712, 18.076214], [121.823017, 18.076214], [121.823017, 18.074866], [121.821669, 18.074866], [121.821669, 18.070824], [121.817627, 18.070824], [121.817627, 18.069476], [121.816279, 18.069476], [121.816279, 18.070824], [121.814932, 18.070824], [121.814932, 18.073519], [121.813584, 18.073519], [121.813584, 18.074866], [121.812237, 18.074866], [121.812237, 18.069476], [121.81089, 18.069476], [121.81089, 18.070824], [121.809542, 18.070824], [121.809542, 18.068129], [121.808195, 18.068129], [121.808195, 18.070824], [121.8055, 18.070824], [121.8055, 18.069476], [121.804152, 18.069476], [121.804152, 18.070824], [121.801457, 18.070824], [121.801457, 18.072171], [121.80011, 18.072171], [121.80011, 18.070824], [121.797415, 18.070824], [121.797415, 18.069476], [121.79472, 18.069476], [121.79472, 18.070824], [121.796067, 18.070824], [121.796067, 18.073519], [121.793372, 18.073519], [121.793372, 18.070824], [121.792025, 18.070824], [121.792025, 18.081604], [121.793372, 18.081604], [121.793372, 18.084299], [121.792025, 18.084299], [121.792025, 18.086994], [121.790677, 18.086994], [121.790677, 18.077561], [121.78933, 18.077561], [121.78933, 18.074866], [121.787982, 18.074866], [121.787982, 18.080256], [121.785288, 18.080256], [121.785288, 18.081604], [121.78394, 18.081604], [121.78394, 18.082951], [121.782593, 18.082951], [121.782593, 18.089688], [121.779898, 18.089688], [121.779898, 18.091036], [121.77855, 18.091036], [121.77855, 18.092383], [121.775855, 18.092383], [121.775855, 18.091036], [121.777203, 18.091036], [121.777203, 18.089688], [121.77855, 18.089688], [121.77855, 18.088341], [121.779898, 18.088341], [121.779898, 18.086994], [121.77855, 18.086994], [121.77855, 18.085646], [121.777203, 18.085646], [121.777203, 18.082951], [121.779898, 18.082951], [121.779898, 18.081604], [121.782593, 18.081604], [121.782593, 18.080256], [121.78394, 18.080256], [121.78394, 18.078909], [121.785288, 18.078909], [121.785288, 18.076214], [121.78394, 18.076214], [121.78394, 18.074866], [121.782593, 18.074866], [121.782593, 18.072171], [121.781245, 18.072171], [121.781245, 18.073519], [121.779898, 18.073519], [121.779898, 18.076214], [121.775855, 18.076214], [121.775855, 18.074866], [121.774508, 18.074866], [121.774508, 18.073519], [121.77316, 18.073519], [121.77316, 18.074866], [121.770465, 18.074866], [121.770465, 18.073519], [121.769118, 18.073519], [121.769118, 18.074866], [121.762381, 18.074866], [121.762381, 18.076214], [121.763728, 18.076214], [121.763728, 18.080256], [121.761033, 18.080256], [121.761033, 18.077561], [121.759686, 18.077561], [121.759686, 18.076214], [121.761033, 18.076214], [121.761033, 18.073519], [121.759686, 18.073519], [121.759686, 18.074866], [121.756991, 18.074866], [121.756991, 18.076214], [121.755643, 18.076214], [121.755643, 18.077561], [121.756991, 18.077561], [121.756991, 18.080256], [121.755643, 18.080256], [121.755643, 18.082951], [121.756991, 18.082951], [121.756991, 18.084299], [121.754296, 18.084299], [121.754296, 18.086994], [121.752948, 18.086994], [121.752948, 18.088341], [121.754296, 18.088341], [121.754296, 18.089688], [121.755643, 18.089688], [121.755643, 18.091036], [121.751601, 18.091036], [121.751601, 18.093731], [121.748906, 18.093731], [121.748906, 18.092383], [121.747558, 18.092383], [121.747558, 18.091036], [121.748906, 18.091036], [121.748906, 18.089688], [121.750253, 18.089688], [121.750253, 18.088341], [121.747558, 18.088341], [121.747558, 18.086994], [121.751601, 18.086994], [121.751601, 18.081604], [121.752948, 18.081604], [121.752948, 18.077561], [121.751601, 18.077561], [121.751601, 18.074866], [121.752948, 18.074866], [121.752948, 18.073519], [121.751601, 18.073519], [121.751601, 18.072171], [121.750253, 18.072171], [121.750253, 18.073519], [121.748906, 18.073519], [121.748906, 18.076214], [121.750253, 18.076214], [121.750253, 18.078909], [121.747558, 18.078909], [121.747558, 18.080256], [121.744863, 18.080256], [121.744863, 18.077561], [121.747558, 18.077561], [121.747558, 18.076214], [121.744863, 18.076214], [121.744863, 18.074866], [121.743516, 18.074866], [121.743516, 18.076214], [121.736779, 18.076214], [121.736779, 18.078909], [121.735431, 18.078909], [121.735431, 18.080256], [121.734084, 18.080256], [121.734084, 18.081604], [121.730041, 18.081604], [121.730041, 18.073519], [121.731389, 18.073519], [121.731389, 18.070824], [121.730041, 18.070824], [121.730041, 18.069476], [121.728694, 18.069476], [121.728694, 18.070824], [121.727346, 18.070824], [121.727346, 18.073519], [121.725999, 18.073519], [121.725999, 18.076214], [121.724651, 18.076214], [121.724651, 18.077561], [121.721956, 18.077561], [121.721956, 18.078909], [121.724651, 18.078909], [121.724651, 18.081604], [121.725999, 18.081604], [121.725999, 18.082951], [121.723304, 18.082951], [121.723304, 18.081604], [121.720609, 18.081604], [121.720609, 18.080256], [121.719261, 18.080256], [121.719261, 18.081604], [121.717914, 18.081604], [121.717914, 18.082951], [121.713871, 18.082951], [121.713871, 18.084299], [121.715219, 18.084299], [121.715219, 18.085646], [121.716566, 18.085646], [121.716566, 18.088341], [121.717914, 18.088341], [121.717914, 18.093731], [121.719261, 18.093731], [121.719261, 18.095078], [121.717914, 18.095078], [121.717914, 18.096426], [121.716566, 18.096426], [121.716566, 18.097773], [121.715219, 18.097773], [121.715219, 18.099121], [121.717914, 18.099121], [121.717914, 18.100468], [121.716566, 18.100468], [121.716566, 18.101816], [121.713871, 18.101816], [121.713871, 18.103163], [121.715219, 18.103163], [121.715219, 18.105858], [121.716566, 18.105858], [121.716566, 18.107206], [121.719261, 18.107206], [121.719261, 18.108553], [121.721956, 18.108553], [121.721956, 18.109901], [121.723304, 18.109901], [121.723304, 18.111248], [121.721956, 18.111248], [121.721956, 18.112596], [121.723304, 18.112596], [121.723304, 18.11529], [121.724651, 18.11529], [121.724651, 18.116638], [121.725999, 18.116638], [121.725999, 18.117985], [121.728694, 18.117985], [121.728694, 18.12068], [121.730041, 18.12068], [121.730041, 18.122028], [121.731389, 18.122028], [121.731389, 18.12068], [121.732736, 18.12068], [121.732736, 18.132808], [121.734084, 18.132808], [121.734084, 18.13146], [121.735431, 18.13146], [121.735431, 18.132808], [121.738126, 18.132808], [121.738126, 18.128765], [121.739473, 18.128765], [121.739473, 18.132808], [121.740821, 18.132808], [121.740821, 18.134155], [121.739473, 18.134155], [121.739473, 18.135503], [121.738126, 18.135503], [121.738126, 18.139545], [121.740821, 18.139545], [121.740821, 18.140892], [121.741881, 18.140892], [121.74227, 18.139494], [121.746439, 18.133875], [121.745226, 18.126995], [121.742199, 18.122906], [121.75356, 18.110505], [121.754167, 18.108334], [121.766666, 18.108334], [121.787499, 18.108334], [121.791668, 18.108334], [121.792881, 18.103598], [121.798044, 18.104735], [121.801955, 18.107767], [121.807484, 18.109185], [121.809549, 18.117234], [121.823042, 18.116101], [121.82842, 18.111932], [121.831376, 18.113069], [121.839456, 18.120266], [121.853266, 18.121492], [121.855076, 18.128542], [121.866665, 18.129167], [121.882419, 18.129773], [121.884248, 18.136903], [121.904166, 18.137501], [121.906378, 18.136934], [121.910289, 18.133902], [121.923042, 18.132765], [121.92842, 18.1286], [121.935545, 18.129733], [121.939456, 18.132765], [121.943879, 18.133902], [121.949253, 18.138067], [121.960543, 18.136934], [121.964458, 18.133902], [121.969983, 18.132484], [121.971802, 18.125394], [121.977082, 18.121301], [121.981122, 18.124431], [121.993879, 18.125568], [121.99779, 18.1286], [122.002209, 18.129733], [122.018623, 18.145264], [122.020834, 18.145835], [122.033333, 18.145835], [122.033686, 18.139244], [122.041315, 18.131592], [122.041667, 18.129167], [122.041667, 18.120832], [122.046501, 18.119303], [122.045061, 18.087246], [122.039585, 18.091019], [122.035442, 18.08817], [122.033333, 18.087501], [122.0339, 18.081124], [122.036932, 18.077209], [122.038069, 18.060291], [122.045373, 18.052091], [122.0414, 18.046972], [122.045832, 18.045835], [122.048044, 18.045264], [122.051955, 18.042232], [122.061582, 18.040961], [122.066201, 18.035423], [122.063067, 18.031378], [122.061649, 18.025849], [122.056124, 18.024431], [122.043879, 18.013069], [122.036932, 18.011286], [122.038069, 17.989458], [122.050568, 17.975987], [122.049431, 17.968621], [122.046398, 17.96471], [122.045266, 17.960291], [122.0339, 17.948042], [122.033333, 17.937501], [122.033333, 17.933332], [122.0339, 17.926955], [122.036932, 17.923045], [122.038163, 17.909235], [122.045435, 17.907366], [122.049431, 17.902212], [122.050617, 17.880175], [122.060289, 17.871399], [122.0625, 17.870833], [122.062148, 17.851744], [122.058688, 17.848257], [122.057979, 17.83924], [122.050354, 17.831593], [122.049645, 17.814242], [122.046184, 17.81076], [122.04548, 17.801744], [122.037855, 17.794092], [122.037146, 17.78924], [122.033686, 17.785758], [122.033333, 17.779167], [122.033989, 17.771805], [122.043625, 17.763065], [122.04915, 17.761647], [122.050568, 17.756123], [122.0536, 17.752212], [122.055134, 17.746228], [122.060289, 17.742232], [122.065818, 17.740814], [122.066665, 17.737501], [122.066313, 17.726742], [122.062853, 17.723259], [122.062144, 17.710047], [122.052423, 17.700353], [122.045832, 17.7], [122.045832, 17.687501], [122.046452, 17.685339], [122.049382, 17.681326], [122.050617, 17.677005], [122.053604, 17.672916], [122.049382, 17.667137], [122.050679, 17.642478], [122.06217, 17.640806], [122.06605, 17.635495], [122.067285, 17.614506], [122.070215, 17.610493], [122.071494, 17.580171], [122.07924, 17.577955], [122.075619, 17.572992], [122.074999, 17.566669], [122.074357, 17.534149], [122.064507, 17.532717], [122.056329, 17.525618], [122.050296, 17.523893], [122.042283, 17.514662], [122.041667, 17.508335], [122.042251, 17.476038], [122.051955, 17.467235], [122.057626, 17.465777], [122.058902, 17.456123], [122.066099, 17.448043], [122.067236, 17.443624], [122.070268, 17.439709], [122.071401, 17.43529], [122.075565, 17.429913], [122.074433, 17.422791], [122.071401, 17.418876], [122.070834, 17.408335], [122.077452, 17.407978], [122.087855, 17.397548], [122.087146, 17.39341], [122.082981, 17.389214], [122.083686, 17.380907], [122.087146, 17.377424], [122.087855, 17.372577], [122.091315, 17.36909], [122.092024, 17.360047], [122.110074, 17.342019], [122.116665, 17.341667], [122.116665, 17.337502], [122.12326, 17.337854], [122.126743, 17.341315], [122.129168, 17.341667]], [[121.453809, 17.958984], [121.455157, 17.958984], [121.455157, 17.957636], [121.457852, 17.957636], [121.457852, 17.956289], [121.460547, 17.956289], [121.460547, 17.957636], [121.459199, 17.957636], [121.459199, 17.960331], [121.456504, 17.960331], [121.456504, 17.961679], [121.455157, 17.961679], [121.455157, 17.963026], [121.459199, 17.963026], [121.459199, 17.964373], [121.453809, 17.964373], [121.453809, 17.958984]], [[121.566997, 17.302764], [121.566997, 17.305459], [121.564302, 17.305459], [121.564302, 17.308154], [121.562955, 17.308154], [121.562955, 17.309502], [121.565649, 17.309502], [121.565649, 17.312197], [121.566997, 17.312197], [121.566997, 17.318934], [121.564302, 17.318934], [121.564302, 17.317586], [121.562955, 17.317586], [121.562955, 17.316239], [121.561607, 17.316239], [121.561607, 17.312197], [121.556217, 17.312197], [121.556217, 17.310849], [121.56026, 17.310849], [121.56026, 17.308154], [121.557565, 17.308154], [121.557565, 17.306807], [121.558912, 17.306807], [121.558912, 17.305459], [121.561607, 17.305459], [121.561607, 17.304112], [121.565649, 17.304112], [121.565649, 17.302764], [121.566997, 17.302764]], [[121.658625, 16.529315], [121.657278, 16.529315], [121.657278, 16.530662], [121.654583, 16.530662], [121.654583, 16.534705], [121.653235, 16.534705], [121.653235, 16.53201], [121.651888, 16.53201], [121.651888, 16.527967], [121.654583, 16.527967], [121.654583, 16.52662], [121.65593, 16.52662], [121.65593, 16.527967], [121.658625, 16.527967], [121.658625, 16.529315]], [[121.681532, 16.496975], [121.680185, 16.496975], [121.680185, 16.494281], [121.678837, 16.494281], [121.678837, 16.492933], [121.680185, 16.492933], [121.680185, 16.490238], [121.681532, 16.490238], [121.681532, 16.491586], [121.684227, 16.491586], [121.684227, 16.492933], [121.68288, 16.492933], [121.68288, 16.494281], [121.684227, 16.494281], [121.684227, 16.496975], [121.686922, 16.496975], [121.686922, 16.498323], [121.685575, 16.498323], [121.685575, 16.49967], [121.681532, 16.49967], [121.681532, 16.496975]], [[121.839186, 17.927992], [121.840534, 17.927992], [121.840534, 17.926644], [121.841881, 17.926644], [121.841881, 17.927992], [121.844576, 17.927992], [121.844576, 17.932034], [121.847271, 17.932034], [121.847271, 17.933382], [121.848619, 17.933382], [121.848619, 17.934729], [121.845924, 17.934729], [121.845924, 17.937424], [121.843229, 17.937424], [121.843229, 17.936077], [121.841881, 17.936077], [121.841881, 17.937424], [121.840534, 17.937424], [121.840534, 17.936077], [121.833797, 17.936077], [121.833797, 17.934729], [121.835144, 17.934729], [121.835144, 17.933382], [121.837839, 17.933382], [121.837839, 17.932034], [121.839186, 17.932034], [121.839186, 17.929339], [121.837839, 17.929339], [121.837839, 17.923949], [121.839186, 17.923949], [121.839186, 17.927992]], [[121.967196, 18.006145], [121.967196, 18.00884], [121.968544, 18.00884], [121.968544, 18.010188], [121.969891, 18.010188], [121.969891, 18.00884], [121.971239, 18.00884], [121.971239, 18.010188], [121.972586, 18.010188], [121.972586, 18.011535], [121.975281, 18.011535], [121.975281, 18.015577], [121.979324, 18.015577], [121.979324, 18.018272], [121.976629, 18.018272], [121.976629, 18.01962], [121.972586, 18.01962], [121.972586, 18.018272], [121.971239, 18.018272], [121.971239, 18.015577], [121.969891, 18.015577], [121.969891, 18.01423], [121.968544, 18.01423], [121.968544, 18.012883], [121.967196, 18.012883], [121.967196, 18.011535], [121.964501, 18.011535], [121.964501, 18.00884], [121.961807, 18.00884], [121.961807, 18.007493], [121.960459, 18.007493], [121.960459, 18.006145], [121.967196, 18.006145]], [[121.909255, 18.0304], [121.907908, 18.0304], [121.907908, 18.029052], [121.909255, 18.029052], [121.909255, 18.027705], [121.907908, 18.027705], [121.907908, 18.026357], [121.913297, 18.026357], [121.913297, 18.023662], [121.915992, 18.023662], [121.915992, 18.02501], [121.914645, 18.02501], [121.914645, 18.026357], [121.91734, 18.026357], [121.91734, 18.027705], [121.920035, 18.027705], [121.920035, 18.029052], [121.91734, 18.029052], [121.91734, 18.0304], [121.915992, 18.0304], [121.915992, 18.029052], [121.913297, 18.029052], [121.913297, 18.0304], [121.914645, 18.0304], [121.914645, 18.031747], [121.909255, 18.031747], [121.909255, 18.0304]], [[121.814932, 18.074866], [121.814932, 18.082951], [121.812237, 18.082951], [121.812237, 18.085646], [121.814932, 18.085646], [121.814932, 18.086994], [121.816279, 18.086994], [121.816279, 18.088341], [121.817627, 18.088341], [121.817627, 18.089688], [121.813584, 18.089688], [121.813584, 18.088341], [121.806847, 18.088341], [121.806847, 18.086994], [121.808195, 18.086994], [121.808195, 18.084299], [121.806847, 18.084299], [121.806847, 18.082951], [121.809542, 18.082951], [121.809542, 18.080256], [121.812237, 18.080256], [121.812237, 18.078909], [121.813584, 18.078909], [121.813584, 18.074866], [121.814932, 18.074866]], [[121.630328, 16.470026], [121.628981, 16.470026], [121.628981, 16.471373], [121.627633, 16.471373], [121.627633, 16.472721], [121.624938, 16.472721], [121.624938, 16.474068], [121.618201, 16.474068], [121.618201, 16.470026], [121.616853, 16.470026], [121.616853, 16.465984], [121.615506, 16.465984], [121.615506, 16.464636], [121.611464, 16.464636], [121.611464, 16.461941], [121.612811, 16.461941], [121.612811, 16.463289], [121.614158, 16.463289], [121.614158, 16.461941], [121.615506, 16.461941], [121.615506, 16.463289], [121.616853, 16.463289], [121.616853, 16.464636], [121.618201, 16.464636], [121.618201, 16.467331], [121.619548, 16.467331], [121.619548, 16.468679], [121.620896, 16.468679], [121.620896, 16.470026], [121.623591, 16.470026], [121.623591, 16.471373], [121.624938, 16.471373], [121.624938, 16.470026], [121.627633, 16.470026], [121.627633, 16.468679], [121.628981, 16.468679], [121.628981, 16.467331], [121.633023, 16.467331], [121.633023, 16.468679], [121.630328, 16.468679], [121.630328, 16.470026]], [[121.509056, 16.964549], [121.510403, 16.964549], [121.510403, 16.961854], [121.513098, 16.961854], [121.513098, 16.963201], [121.514445, 16.963201], [121.514445, 16.964549], [121.513098, 16.964549], [121.513098, 16.967244], [121.511751, 16.967244], [121.511751, 16.965896], [121.510403, 16.965896], [121.510403, 16.969938], [121.509056, 16.969938], [121.509056, 16.964549]], [[121.545437, 17.119508], [121.545437, 17.11816], [121.54409, 17.11816], [121.54409, 17.116813], [121.542742, 17.116813], [121.542742, 17.114118], [121.540047, 17.114118], [121.540047, 17.112771], [121.5387, 17.112771], [121.5387, 17.114118], [121.536005, 17.114118], [121.536005, 17.115466], [121.537353, 17.115466], [121.537353, 17.11816], [121.5387, 17.11816], [121.5387, 17.119508], [121.536005, 17.119508], [121.536005, 17.122203], [121.534658, 17.122203], [121.534658, 17.12355], [121.53331, 17.12355], [121.53331, 17.126245], [121.531963, 17.126245], [121.531963, 17.127593], [121.530615, 17.127593], [121.530615, 17.119508], [121.523878, 17.119508], [121.523878, 17.124898], [121.52253, 17.124898], [121.52253, 17.127593], [121.521183, 17.127593], [121.521183, 17.12894], [121.519835, 17.12894], [121.519835, 17.132983], [121.521183, 17.132983], [121.521183, 17.138373], [121.519835, 17.138373], [121.519835, 17.141068], [121.521183, 17.141068], [121.521183, 17.143762], [121.519835, 17.143762], [121.519835, 17.14511], [121.518488, 17.14511], [121.518488, 17.1505], [121.51714, 17.1505], [121.51714, 17.14511], [121.515793, 17.14511], [121.515793, 17.149152], [121.514445, 17.149152], [121.514445, 17.147805], [121.513098, 17.147805], [121.513098, 17.146457], [121.511751, 17.146457], [121.511751, 17.14511], [121.510403, 17.14511], [121.510403, 17.142415], [121.506361, 17.142415], [121.506361, 17.149152], [121.505013, 17.149152], [121.505013, 17.143762], [121.503666, 17.143762], [121.503666, 17.142415], [121.500971, 17.142415], [121.500971, 17.141068], [121.511751, 17.141068], [121.511751, 17.13972], [121.513098, 17.13972], [121.513098, 17.138373], [121.514445, 17.138373], [121.514445, 17.13433], [121.513098, 17.13433], [121.513098, 17.132983], [121.514445, 17.132983], [121.514445, 17.131635], [121.515793, 17.131635], [121.515793, 17.12894], [121.51714, 17.12894], [121.51714, 17.126245], [121.518488, 17.126245], [121.518488, 17.120855], [121.519835, 17.120855], [121.519835, 17.119508], [121.521183, 17.119508], [121.521183, 17.116813], [121.52253, 17.116813], [121.52253, 17.112771], [121.523878, 17.112771], [121.523878, 17.114118], [121.525225, 17.114118], [121.525225, 17.115466], [121.526573, 17.115466], [121.526573, 17.116813], [121.530615, 17.116813], [121.530615, 17.111423], [121.531963, 17.111423], [121.531963, 17.110076], [121.53331, 17.110076], [121.53331, 17.108728], [121.536005, 17.108728], [121.536005, 17.107381], [121.53331, 17.107381], [121.53331, 17.103338], [121.531963, 17.103338], [121.531963, 17.100643], [121.536005, 17.100643], [121.536005, 17.101991], [121.537353, 17.101991], [121.537353, 17.103338], [121.5387, 17.103338], [121.5387, 17.104686], [121.540047, 17.104686], [121.540047, 17.108728], [121.541395, 17.108728], [121.541395, 17.110076], [121.542742, 17.110076], [121.542742, 17.111423], [121.54409, 17.111423], [121.54409, 17.112771], [121.545437, 17.112771], [121.545437, 17.115466], [121.546785, 17.115466], [121.546785, 17.116813], [121.548132, 17.116813], [121.548132, 17.119508], [121.545437, 17.119508]], [[121.491538, 17.135678], [121.492886, 17.135678], [121.492886, 17.13433], [121.495581, 17.13433], [121.495581, 17.132983], [121.496928, 17.132983], [121.496928, 17.12894], [121.498276, 17.12894], [121.498276, 17.126245], [121.503666, 17.126245], [121.503666, 17.12894], [121.502318, 17.12894], [121.502318, 17.130288], [121.499623, 17.130288], [121.499623, 17.131635], [121.498276, 17.131635], [121.498276, 17.135678], [121.494233, 17.135678], [121.494233, 17.137025], [121.491538, 17.137025], [121.491538, 17.135678]], [[121.370266, 17.620768], [121.367571, 17.620768], [121.367571, 17.622115], [121.363529, 17.622115], [121.363529, 17.620768], [121.360834, 17.620768], [121.360834, 17.61942], [121.359486, 17.61942], [121.359486, 17.620768], [121.358139, 17.620768], [121.358139, 17.616725], [121.356791, 17.616725], [121.356791, 17.612683], [121.355444, 17.612683], [121.355444, 17.614031], [121.354096, 17.614031], [121.354096, 17.609988], [121.355444, 17.609988], [121.355444, 17.611336], [121.356791, 17.611336], [121.356791, 17.609988], [121.358139, 17.609988], [121.358139, 17.612683], [121.360834, 17.612683], [121.360834, 17.614031], [121.362181, 17.614031], [121.362181, 17.616725], [121.363529, 17.616725], [121.363529, 17.618073], [121.364876, 17.618073], [121.364876, 17.61942], [121.370266, 17.61942], [121.370266, 17.620768]], [[121.395868, 17.623463], [121.39452, 17.623463], [121.39452, 17.62481], [121.393173, 17.62481], [121.393173, 17.628853], [121.391825, 17.628853], [121.391825, 17.639633], [121.390478, 17.639633], [121.390478, 17.642327], [121.389131, 17.642327], [121.389131, 17.643675], [121.387783, 17.643675], [121.387783, 17.645022], [121.385088, 17.645022], [121.385088, 17.649065], [121.383741, 17.649065], [121.383741, 17.650412], [121.379698, 17.650412], [121.379698, 17.65176], [121.378351, 17.65176], [121.378351, 17.655802], [121.377003, 17.655802], [121.377003, 17.649065], [121.378351, 17.649065], [121.378351, 17.647717], [121.382393, 17.647717], [121.382393, 17.645022], [121.381046, 17.645022], [121.381046, 17.643675], [121.382393, 17.643675], [121.382393, 17.64098], [121.383741, 17.64098], [121.383741, 17.638285], [121.385088, 17.638285], [121.385088, 17.634243], [121.383741, 17.634243], [121.383741, 17.632895], [121.386436, 17.632895], [121.386436, 17.631548], [121.390478, 17.631548], [121.390478, 17.6302], [121.389131, 17.6302], [121.389131, 17.628853], [121.390478, 17.628853], [121.390478, 17.627505], [121.387783, 17.627505], [121.387783, 17.626158], [121.382393, 17.626158], [121.382393, 17.62481], [121.381046, 17.62481], [121.381046, 17.623463], [121.378351, 17.623463], [121.378351, 17.622115], [121.377003, 17.622115], [121.377003, 17.620768], [121.374308, 17.620768], [121.374308, 17.61942], [121.372961, 17.61942], [121.372961, 17.618073], [121.371613, 17.618073], [121.371613, 17.615378], [121.372961, 17.615378], [121.372961, 17.609988], [121.374308, 17.609988], [121.374308, 17.608641], [121.375656, 17.608641], [121.375656, 17.607293], [121.377003, 17.607293], [121.377003, 17.605946], [121.375656, 17.605946], [121.375656, 17.603251], [121.377003, 17.603251], [121.377003, 17.597861], [121.375656, 17.597861], [121.375656, 17.595166], [121.372961, 17.595166], [121.372961, 17.593818], [121.374308, 17.593818], [121.374308, 17.591123], [121.375656, 17.591123], [121.375656, 17.592471], [121.377003, 17.592471], [121.377003, 17.591123], [121.378351, 17.591123], [121.378351, 17.595166], [121.379698, 17.595166], [121.379698, 17.601903], [121.381046, 17.601903], [121.381046, 17.607293], [121.382393, 17.607293], [121.382393, 17.611336], [121.383741, 17.611336], [121.383741, 17.615378], [121.385088, 17.615378], [121.385088, 17.616725], [121.387783, 17.616725], [121.387783, 17.618073], [121.389131, 17.618073], [121.389131, 17.61942], [121.390478, 17.61942], [121.390478, 17.620768], [121.391825, 17.620768], [121.391825, 17.622115], [121.395868, 17.622115], [121.395868, 17.623463]], [[121.386436, 17.828279], [121.389131, 17.828279], [121.389131, 17.826931], [121.387783, 17.826931], [121.387783, 17.825584], [121.382393, 17.825584], [121.382393, 17.824236], [121.379698, 17.824236], [121.379698, 17.822889], [121.386436, 17.822889], [121.386436, 17.824236], [121.390478, 17.824236], [121.390478, 17.829626], [121.386436, 17.829626], [121.386436, 17.828279]], [[121.401258, 17.829626], [121.401258, 17.830974], [121.403953, 17.830974], [121.403953, 17.829626], [121.406648, 17.829626], [121.406648, 17.833669], [121.407995, 17.833669], [121.407995, 17.835016], [121.409343, 17.835016], [121.409343, 17.836364], [121.41069, 17.836364], [121.41069, 17.840406], [121.409343, 17.840406], [121.409343, 17.837711], [121.407995, 17.837711], [121.407995, 17.836364], [121.406648, 17.836364], [121.406648, 17.835016], [121.402605, 17.835016], [121.402605, 17.837711], [121.401258, 17.837711], [121.401258, 17.836364], [121.398563, 17.836364], [121.398563, 17.840406], [121.397215, 17.840406], [121.397215, 17.841753], [121.395868, 17.841753], [121.395868, 17.840406], [121.39452, 17.840406], [121.39452, 17.843101], [121.393173, 17.843101], [121.393173, 17.848491], [121.391825, 17.848491], [121.391825, 17.849838], [121.390478, 17.849838], [121.390478, 17.851186], [121.386436, 17.851186], [121.386436, 17.852533], [121.385088, 17.852533], [121.385088, 17.853881], [121.383741, 17.853881], [121.383741, 17.855228], [121.381046, 17.855228], [121.381046, 17.856576], [121.379698, 17.856576], [121.379698, 17.859271], [121.378351, 17.859271], [121.378351, 17.860618], [121.379698, 17.860618], [121.379698, 17.861966], [121.381046, 17.861966], [121.381046, 17.863313], [121.382393, 17.863313], [121.382393, 17.866008], [121.378351, 17.866008], [121.378351, 17.86466], [121.377003, 17.86466], [121.377003, 17.863313], [121.375656, 17.863313], [121.375656, 17.866008], [121.377003, 17.866008], [121.377003, 17.867355], [121.372961, 17.867355], [121.372961, 17.87005], [121.375656, 17.87005], [121.375656, 17.872745], [121.374308, 17.872745], [121.374308, 17.874093], [121.377003, 17.874093], [121.377003, 17.876788], [121.379698, 17.876788], [121.379698, 17.878135], [121.378351, 17.878135], [121.378351, 17.879483], [121.377003, 17.879483], [121.377003, 17.878135], [121.375656, 17.878135], [121.375656, 17.876788], [121.372961, 17.876788], [121.372961, 17.87544], [121.370266, 17.87544], [121.370266, 17.874093], [121.368918, 17.874093], [121.368918, 17.878135], [121.366223, 17.878135], [121.366223, 17.871398], [121.362181, 17.871398], [121.362181, 17.872745], [121.360834, 17.872745], [121.360834, 17.87005], [121.362181, 17.87005], [121.362181, 17.868703], [121.364876, 17.868703], [121.364876, 17.867355], [121.366223, 17.867355], [121.366223, 17.866008], [121.367571, 17.866008], [121.367571, 17.86466], [121.366223, 17.86466], [121.366223, 17.863313], [121.364876, 17.863313], [121.364876, 17.852533], [121.362181, 17.852533], [121.362181, 17.853881], [121.360834, 17.853881], [121.360834, 17.855228], [121.363529, 17.855228], [121.363529, 17.856576], [121.362181, 17.856576], [121.362181, 17.859271], [121.363529, 17.859271], [121.363529, 17.863313], [121.362181, 17.863313], [121.362181, 17.860618], [121.359486, 17.860618], [121.359486, 17.861966], [121.358139, 17.861966], [121.358139, 17.859271], [121.355444, 17.859271], [121.355444, 17.857923], [121.354096, 17.857923], [121.354096, 17.856576], [121.352749, 17.856576], [121.352749, 17.855228], [121.351401, 17.855228], [121.351401, 17.857923], [121.348706, 17.857923], [121.348706, 17.860618], [121.347359, 17.860618], [121.347359, 17.859271], [121.340621, 17.859271], [121.340621, 17.861966], [121.339274, 17.861966], [121.339274, 17.860618], [121.336579, 17.860618], [121.336579, 17.863313], [121.335232, 17.863313], [121.335232, 17.86466], [121.332537, 17.86466], [121.332537, 17.863313], [121.333884, 17.863313], [121.333884, 17.856576], [121.332537, 17.856576], [121.332537, 17.855228], [121.327147, 17.855228], [121.327147, 17.851186], [121.325799, 17.851186], [121.325799, 17.849838], [121.323104, 17.849838], [121.323104, 17.848491], [121.327147, 17.848491], [121.327147, 17.845796], [121.323104, 17.845796], [121.323104, 17.844448], [121.320409, 17.844448], [121.320409, 17.843101], [121.319062, 17.843101], [121.319062, 17.836364], [121.321757, 17.836364], [121.321757, 17.833669], [121.323104, 17.833669], [121.323104, 17.829626], [121.324452, 17.829626], [121.324452, 17.826931], [121.321757, 17.826931], [121.321757, 17.828279], [121.319062, 17.828279], [121.319062, 17.830974], [121.317714, 17.830974], [121.317714, 17.829626], [121.316367, 17.829626], [121.316367, 17.828279], [121.315019, 17.828279], [121.315019, 17.826931], [121.313672, 17.826931], [121.313672, 17.821541], [121.315019, 17.821541], [121.315019, 17.820194], [121.317714, 17.820194], [121.317714, 17.818846], [121.316367, 17.818846], [121.316367, 17.817499], [121.319062, 17.817499], [121.319062, 17.816151], [121.305587, 17.816151], [121.305587, 17.813457], [121.30424, 17.813457], [121.30424, 17.812109], [121.301545, 17.812109], [121.301545, 17.810762], [121.300197, 17.810762], [121.300197, 17.812109], [121.294807, 17.812109], [121.294807, 17.810762], [121.29346, 17.810762], [121.29346, 17.809414], [121.294807, 17.809414], [121.294807, 17.808067], [121.290765, 17.808067], [121.290765, 17.810762], [121.289418, 17.810762], [121.289418, 17.812109], [121.286723, 17.812109], [121.286723, 17.816151], [121.285375, 17.816151], [121.285375, 17.814804], [121.28268, 17.814804], [121.28268, 17.816151], [121.278638, 17.816151], [121.278638, 17.817499], [121.27729, 17.817499], [121.27729, 17.818846], [121.275943, 17.818846], [121.275943, 17.820194], [121.273248, 17.820194], [121.273248, 17.822889], [121.270553, 17.822889], [121.270553, 17.824236], [121.269205, 17.824236], [121.269205, 17.825584], [121.267858, 17.825584], [121.267858, 17.828279], [121.26651, 17.828279], [121.26651, 17.829626], [121.263816, 17.829626], [121.263816, 17.830974], [121.261121, 17.830974], [121.261121, 17.829626], [121.262468, 17.829626], [121.262468, 17.828279], [121.261121, 17.828279], [121.261121, 17.826931], [121.259773, 17.826931], [121.259773, 17.824236], [121.258426, 17.824236], [121.258426, 17.822889], [121.261121, 17.822889], [121.261121, 17.821541], [121.262468, 17.821541], [121.262468, 17.818846], [121.263816, 17.818846], [121.263816, 17.810762], [121.265163, 17.810762], [121.265163, 17.809414], [121.26651, 17.809414], [121.26651, 17.808067], [121.267858, 17.808067], [121.267858, 17.805372], [121.269205, 17.805372], [121.269205, 17.804024], [121.2719, 17.804024], [121.2719, 17.802677], [121.274595, 17.802677], [121.274595, 17.799982], [121.275943, 17.799982], [121.275943, 17.798634], [121.278638, 17.798634], [121.278638, 17.795939], [121.279985, 17.795939], [121.279985, 17.797287], [121.284028, 17.797287], [121.284028, 17.794592], [121.285375, 17.794592], [121.285375, 17.795939], [121.289418, 17.795939], [121.289418, 17.801329], [121.290765, 17.801329], [121.290765, 17.802677], [121.292112, 17.802677], [121.292112, 17.801329], [121.29346, 17.801329], [121.29346, 17.804024], [121.294807, 17.804024], [121.294807, 17.806719], [121.301545, 17.806719], [121.301545, 17.808067], [121.30424, 17.808067], [121.30424, 17.804024], [121.305587, 17.804024], [121.305587, 17.805372], [121.308282, 17.805372], [121.308282, 17.804024], [121.312325, 17.804024], [121.312325, 17.802677], [121.313672, 17.802677], [121.313672, 17.801329], [121.308282, 17.801329], [121.308282, 17.799982], [121.30424, 17.799982], [121.30424, 17.797287], [121.306935, 17.797287], [121.306935, 17.791897], [121.316367, 17.791897], [121.316367, 17.790549], [121.313672, 17.790549], [121.313672, 17.78516], [121.315019, 17.78516], [121.315019, 17.783812], [121.319062, 17.783812], [121.319062, 17.782465], [121.317714, 17.782465], [121.317714, 17.781117], [121.316367, 17.781117], [121.316367, 17.77977], [121.317714, 17.77977], [121.317714, 17.778422], [121.320409, 17.778422], [121.320409, 17.77977], [121.323104, 17.77977], [121.323104, 17.781117], [121.324452, 17.781117], [121.324452, 17.782465], [121.323104, 17.782465], [121.323104, 17.783812], [121.321757, 17.783812], [121.321757, 17.78516], [121.320409, 17.78516], [121.320409, 17.786507], [121.319062, 17.786507], [121.319062, 17.787855], [121.317714, 17.787855], [121.317714, 17.791897], [121.320409, 17.791897], [121.320409, 17.795939], [121.325799, 17.795939], [121.325799, 17.794592], [121.327147, 17.794592], [121.327147, 17.795939], [121.328494, 17.795939], [121.328494, 17.797287], [121.327147, 17.797287], [121.327147, 17.801329], [121.325799, 17.801329], [121.325799, 17.804024], [121.324452, 17.804024], [121.324452, 17.806719], [121.325799, 17.806719], [121.325799, 17.808067], [121.324452, 17.808067], [121.324452, 17.809414], [121.323104, 17.809414], [121.323104, 17.810762], [121.320409, 17.810762], [121.320409, 17.809414], [121.317714, 17.809414], [121.317714, 17.812109], [121.316367, 17.812109], [121.316367, 17.813457], [121.317714, 17.813457], [121.317714, 17.814804], [121.319062, 17.814804], [121.319062, 17.813457], [121.321757, 17.813457], [121.321757, 17.814804], [121.320409, 17.814804], [121.320409, 17.818846], [121.319062, 17.818846], [121.319062, 17.822889], [121.320409, 17.822889], [121.320409, 17.825584], [121.321757, 17.825584], [121.321757, 17.824236], [121.323104, 17.824236], [121.323104, 17.825584], [121.324452, 17.825584], [121.324452, 17.824236], [121.329842, 17.824236], [121.329842, 17.822889], [121.332537, 17.822889], [121.332537, 17.825584], [121.335232, 17.825584], [121.335232, 17.824236], [121.336579, 17.824236], [121.336579, 17.822889], [121.337927, 17.822889], [121.337927, 17.824236], [121.339274, 17.824236], [121.339274, 17.825584], [121.341969, 17.825584], [121.341969, 17.824236], [121.344664, 17.824236], [121.344664, 17.818846], [121.341969, 17.818846], [121.341969, 17.817499], [121.346011, 17.817499], [121.346011, 17.818846], [121.348706, 17.818846], [121.348706, 17.820194], [121.351401, 17.820194], [121.351401, 17.816151], [121.352749, 17.816151], [121.352749, 17.820194], [121.354096, 17.820194], [121.354096, 17.824236], [121.352749, 17.824236], [121.352749, 17.825584], [121.354096, 17.825584], [121.354096, 17.826931], [121.351401, 17.826931], [121.351401, 17.829626], [121.350054, 17.829626], [121.350054, 17.830974], [121.348706, 17.830974], [121.348706, 17.832321], [121.352749, 17.832321], [121.352749, 17.833669], [121.358139, 17.833669], [121.358139, 17.832321], [121.359486, 17.832321], [121.359486, 17.830974], [121.360834, 17.830974], [121.360834, 17.832321], [121.364876, 17.832321], [121.364876, 17.836364], [121.366223, 17.836364], [121.366223, 17.837711], [121.367571, 17.837711], [121.367571, 17.839059], [121.368918, 17.839059], [121.368918, 17.840406], [121.371613, 17.840406], [121.371613, 17.841753], [121.370266, 17.841753], [121.370266, 17.844448], [121.371613, 17.844448], [121.371613, 17.845796], [121.375656, 17.845796], [121.375656, 17.844448], [121.377003, 17.844448], [121.377003, 17.841753], [121.375656, 17.841753], [121.375656, 17.840406], [121.377003, 17.840406], [121.377003, 17.839059], [121.378351, 17.839059], [121.378351, 17.837711], [121.381046, 17.837711], [121.381046, 17.836364], [121.382393, 17.836364], [121.382393, 17.835016], [121.378351, 17.835016], [121.378351, 17.836364], [121.377003, 17.836364], [121.377003, 17.829626], [121.378351, 17.829626], [121.378351, 17.832321], [121.379698, 17.832321], [121.379698, 17.833669], [121.382393, 17.833669], [121.382393, 17.832321], [121.385088, 17.832321], [121.385088, 17.833669], [121.386436, 17.833669], [121.386436, 17.835016], [121.390478, 17.835016], [121.390478, 17.833669], [121.391825, 17.833669], [121.391825, 17.832321], [121.390478, 17.832321], [121.390478, 17.829626], [121.401258, 17.829626]], [[121.317714, 17.837711], [121.316367, 17.837711], [121.316367, 17.839059], [121.315019, 17.839059], [121.315019, 17.837711], [121.313672, 17.837711], [121.313672, 17.840406], [121.312325, 17.840406], [121.312325, 17.841753], [121.310977, 17.841753], [121.310977, 17.840406], [121.30963, 17.840406], [121.30963, 17.839059], [121.306935, 17.839059], [121.306935, 17.836364], [121.308282, 17.836364], [121.308282, 17.837711], [121.310977, 17.837711], [121.310977, 17.836364], [121.312325, 17.836364], [121.312325, 17.835016], [121.315019, 17.835016], [121.315019, 17.833669], [121.316367, 17.833669], [121.316367, 17.830974], [121.317714, 17.830974], [121.317714, 17.837711]], [[122.066909, 16.831149], [122.066909, 16.832496], [122.068257, 16.832496], [122.068257, 16.833844], [122.066909, 16.833844], [122.066909, 16.835191], [122.068257, 16.835191], [122.068257, 16.837886], [122.066909, 16.837886], [122.066909, 16.836539], [122.065562, 16.836539], [122.065562, 16.833844], [122.061519, 16.833844], [122.061519, 16.832496], [122.062867, 16.832496], [122.062867, 16.831149], [122.066909, 16.831149]], [[122.088469, 16.99554], [122.085774, 16.99554], [122.085774, 16.996888], [122.083079, 16.996888], [122.083079, 16.992846], [122.087121, 16.992846], [122.087121, 16.994193], [122.089816, 16.994193], [122.089816, 16.99554], [122.093859, 16.99554], [122.093859, 16.996888], [122.088469, 16.996888], [122.088469, 16.99554]], [[122.099249, 16.996888], [122.099249, 16.998235], [122.101944, 16.998235], [122.101944, 16.99554], [122.103291, 16.99554], [122.103291, 16.994193], [122.104639, 16.994193], [122.104639, 16.999583], [122.097901, 16.999583], [122.097901, 16.998235], [122.093859, 16.998235], [122.093859, 16.996888], [122.099249, 16.996888]], [[121.831102, 17.697574], [121.829754, 17.697574], [121.829754, 17.696226], [121.827059, 17.696226], [121.827059, 17.693531], [121.828407, 17.693531], [121.828407, 17.692184], [121.829754, 17.692184], [121.829754, 17.693531], [121.831102, 17.693531], [121.831102, 17.696226], [121.833797, 17.696226], [121.833797, 17.697574], [121.835144, 17.697574], [121.835144, 17.698921], [121.831102, 17.698921], [121.831102, 17.697574]], [[121.836492, 17.698921], [121.836492, 17.697574], [121.837839, 17.697574], [121.837839, 17.696226], [121.840534, 17.696226], [121.840534, 17.694879], [121.841881, 17.694879], [121.841881, 17.693531], [121.843229, 17.693531], [121.843229, 17.694879], [121.844576, 17.694879], [121.844576, 17.693531], [121.845924, 17.693531], [121.845924, 17.692184], [121.849966, 17.692184], [121.849966, 17.689489], [121.852661, 17.689489], [121.852661, 17.688142], [121.854009, 17.688142], [121.854009, 17.681404], [121.855356, 17.681404], [121.855356, 17.678709], [121.858051, 17.678709], [121.858051, 17.677362], [121.859399, 17.677362], [121.859399, 17.674667], [121.862094, 17.674667], [121.862094, 17.673319], [121.863441, 17.673319], [121.863441, 17.671972], [121.868831, 17.671972], [121.868831, 17.673319], [121.864788, 17.673319], [121.864788, 17.674667], [121.863441, 17.674667], [121.863441, 17.676014], [121.862094, 17.676014], [121.862094, 17.680057], [121.863441, 17.680057], [121.863441, 17.681404], [121.862094, 17.681404], [121.862094, 17.688142], [121.860746, 17.688142], [121.860746, 17.689489], [121.862094, 17.689489], [121.862094, 17.693531], [121.863441, 17.693531], [121.863441, 17.694879], [121.860746, 17.694879], [121.860746, 17.696226], [121.863441, 17.696226], [121.863441, 17.697574], [121.864788, 17.697574], [121.864788, 17.705659], [121.863441, 17.705659], [121.863441, 17.707006], [121.864788, 17.707006], [121.864788, 17.709701], [121.866136, 17.709701], [121.866136, 17.711049], [121.867483, 17.711049], [121.867483, 17.715091], [121.868831, 17.715091], [121.868831, 17.716438], [121.870178, 17.716438], [121.870178, 17.717786], [121.872873, 17.717786], [121.872873, 17.719133], [121.875568, 17.719133], [121.875568, 17.720481], [121.879611, 17.720481], [121.879611, 17.719133], [121.882306, 17.719133], [121.882306, 17.717786], [121.883653, 17.717786], [121.883653, 17.715091], [121.885001, 17.715091], [121.885001, 17.712396], [121.886348, 17.712396], [121.886348, 17.711049], [121.887695, 17.711049], [121.887695, 17.697574], [121.889043, 17.697574], [121.889043, 17.694879], [121.89039, 17.694879], [121.89039, 17.690836], [121.891738, 17.690836], [121.891738, 17.689489], [121.897128, 17.689489], [121.897128, 17.690836], [121.898475, 17.690836], [121.898475, 17.696226], [121.897128, 17.696226], [121.897128, 17.702964], [121.89578, 17.702964], [121.89578, 17.711049], [121.897128, 17.711049], [121.897128, 17.712396], [121.899823, 17.712396], [121.899823, 17.715091], [121.898475, 17.715091], [121.898475, 17.716438], [121.899823, 17.716438], [121.899823, 17.717786], [121.90117, 17.717786], [121.90117, 17.720481], [121.902518, 17.720481], [121.902518, 17.724523], [121.90117, 17.724523], [121.90117, 17.725871], [121.903865, 17.725871], [121.903865, 17.728566], [121.899823, 17.728566], [121.899823, 17.727218], [121.898475, 17.727218], [121.898475, 17.721828], [121.894433, 17.721828], [121.894433, 17.723176], [121.891738, 17.723176], [121.891738, 17.724523], [121.89039, 17.724523], [121.89039, 17.725871], [121.889043, 17.725871], [121.889043, 17.727218], [121.886348, 17.727218], [121.886348, 17.728566], [121.885001, 17.728566], [121.885001, 17.727218], [121.882306, 17.727218], [121.882306, 17.725871], [121.880958, 17.725871], [121.880958, 17.727218], [121.876916, 17.727218], [121.876916, 17.725871], [121.871526, 17.725871], [121.871526, 17.727218], [121.868831, 17.727218], [121.868831, 17.725871], [121.867483, 17.725871], [121.867483, 17.724523], [121.864788, 17.724523], [121.864788, 17.721828], [121.859399, 17.721828], [121.859399, 17.719133], [121.856704, 17.719133], [121.856704, 17.717786], [121.855356, 17.717786], [121.855356, 17.715091], [121.852661, 17.715091], [121.852661, 17.711049], [121.848619, 17.711049], [121.848619, 17.709701], [121.847271, 17.709701], [121.847271, 17.708354], [121.848619, 17.708354], [121.848619, 17.707006], [121.847271, 17.707006], [121.847271, 17.705659], [121.845924, 17.705659], [121.845924, 17.704311], [121.844576, 17.704311], [121.844576, 17.702964], [121.841881, 17.702964], [121.841881, 17.701616], [121.840534, 17.701616], [121.840534, 17.702964], [121.837839, 17.702964], [121.837839, 17.700269], [121.835144, 17.700269], [121.835144, 17.698921], [121.836492, 17.698921]], [[121.934857, 17.810762], [121.936205, 17.810762], [121.936205, 17.809414], [121.937552, 17.809414], [121.937552, 17.805372], [121.938899, 17.805372], [121.938899, 17.804024], [121.940247, 17.804024], [121.940247, 17.801329], [121.941594, 17.801329], [121.941594, 17.799982], [121.944289, 17.799982], [121.944289, 17.798634], [121.945637, 17.798634], [121.945637, 17.797287], [121.946984, 17.797287], [121.946984, 17.793244], [121.948332, 17.793244], [121.948332, 17.786507], [121.946984, 17.786507], [121.946984, 17.782465], [121.945637, 17.782465], [121.945637, 17.77977], [121.946984, 17.77977], [121.946984, 17.777075], [121.948332, 17.777075], [121.948332, 17.775727], [121.949679, 17.775727], [121.949679, 17.778422], [121.948332, 17.778422], [121.948332, 17.77977], [121.949679, 17.77977], [121.949679, 17.781117], [121.951027, 17.781117], [121.951027, 17.783812], [121.952374, 17.783812], [121.952374, 17.78516], [121.953722, 17.78516], [121.953722, 17.794592], [121.952374, 17.794592], [121.952374, 17.799982], [121.951027, 17.799982], [121.951027, 17.801329], [121.949679, 17.801329], [121.949679, 17.804024], [121.946984, 17.804024], [121.946984, 17.806719], [121.945637, 17.806719], [121.945637, 17.812109], [121.941594, 17.812109], [121.941594, 17.810762], [121.940247, 17.810762], [121.940247, 17.812109], [121.938899, 17.812109], [121.938899, 17.813457], [121.937552, 17.813457], [121.937552, 17.814804], [121.936205, 17.814804], [121.936205, 17.816151], [121.934857, 17.816151], [121.934857, 17.810762]], [[121.848619, 17.926644], [121.852661, 17.926644], [121.852661, 17.923949], [121.855356, 17.923949], [121.855356, 17.925297], [121.858051, 17.925297], [121.858051, 17.926644], [121.856704, 17.926644], [121.856704, 17.927992], [121.852661, 17.927992], [121.852661, 17.930687], [121.851314, 17.930687], [121.851314, 17.927992], [121.848619, 17.927992], [121.848619, 17.926644]], [[121.874221, 18.034442], [121.874221, 18.03579], [121.872873, 18.03579], [121.872873, 18.037137], [121.871526, 18.037137], [121.871526, 18.0304], [121.874221, 18.0304], [121.874221, 18.027705], [121.878263, 18.027705], [121.878263, 18.0304], [121.879611, 18.0304], [121.879611, 18.031747], [121.876916, 18.031747], [121.876916, 18.033095], [121.875568, 18.033095], [121.875568, 18.034442], [121.874221, 18.034442]], [[121.925425, 18.043874], [121.926772, 18.043874], [121.926772, 18.042527], [121.92812, 18.042527], [121.92812, 18.038484], [121.930815, 18.038484], [121.930815, 18.041179], [121.932162, 18.041179], [121.932162, 18.039832], [121.934857, 18.039832], [121.934857, 18.042527], [121.936205, 18.042527], [121.936205, 18.043874], [121.930815, 18.043874], [121.930815, 18.045222], [121.925425, 18.045222], [121.925425, 18.043874]], [[121.859399, 18.069476], [121.863441, 18.069476], [121.863441, 18.068129], [121.864788, 18.068129], [121.864788, 18.074866], [121.866136, 18.074866], [121.866136, 18.077561], [121.864788, 18.077561], [121.864788, 18.076214], [121.862094, 18.076214], [121.862094, 18.074866], [121.859399, 18.074866], [121.859399, 18.069476]]], [[[121.623591, 18.247343], [121.622243, 18.247343], [121.622243, 18.24869], [121.620896, 18.24869], [121.620896, 18.250038], [121.619548, 18.250038], [121.619548, 18.251385], [121.623591, 18.251385], [121.623591, 18.250038], [121.624938, 18.250038], [121.624938, 18.24869], [121.626286, 18.24869], [121.626286, 18.247343], [121.628981, 18.247343], [121.628981, 18.245995], [121.630328, 18.245995], [121.630328, 18.244648], [121.635718, 18.244648], [121.635718, 18.2433], [121.637066, 18.2433], [121.637066, 18.240605], [121.635718, 18.240605], [121.635718, 18.241953], [121.634371, 18.241953], [121.634371, 18.240605], [121.630328, 18.240605], [121.630328, 18.241953], [121.628981, 18.241953], [121.628981, 18.2433], [121.626286, 18.2433], [121.626286, 18.244648], [121.623669, 18.244648], [121.623591, 18.244738], [121.623591, 18.247343]]], [[[121.854009, 18.061392], [121.854009, 18.060044], [121.855356, 18.060044], [121.855356, 18.058697], [121.854009, 18.058697], [121.854009, 18.057349], [121.848619, 18.057349], [121.848619, 18.060044], [121.847271, 18.060044], [121.847271, 18.061392], [121.845924, 18.061392], [121.845924, 18.058697], [121.847271, 18.058697], [121.847271, 18.056002], [121.840534, 18.056002], [121.840534, 18.057349], [121.839186, 18.057349], [121.839186, 18.058697], [121.840534, 18.058697], [121.840534, 18.061392], [121.841881, 18.061392], [121.841881, 18.062739], [121.840534, 18.062739], [121.840534, 18.065434], [121.841881, 18.065434], [121.841881, 18.066781], [121.843229, 18.066781], [121.843229, 18.068129], [121.844576, 18.068129], [121.844576, 18.069476], [121.845924, 18.069476], [121.845924, 18.068129], [121.847271, 18.068129], [121.847271, 18.066781], [121.848619, 18.066781], [121.848619, 18.065434], [121.847271, 18.065434], [121.847271, 18.064086], [121.852661, 18.064086], [121.852661, 18.061392], [121.854009, 18.061392]]], [[[121.790677, 17.66254], [121.792025, 17.66254], [121.792025, 17.649065], [121.793372, 17.649065], [121.793372, 17.64098], [121.792025, 17.64098], [121.792025, 17.638285], [121.790677, 17.638285], [121.790677, 17.631548], [121.78933, 17.631548], [121.78933, 17.639633], [121.790677, 17.639633], [121.790677, 17.64098], [121.787982, 17.64098], [121.787982, 17.642327], [121.78933, 17.642327], [121.78933, 17.643675], [121.785288, 17.643675], [121.785288, 17.642327], [121.78394, 17.642327], [121.78394, 17.645022], [121.785288, 17.645022], [121.785288, 17.64637], [121.787982, 17.64637], [121.787982, 17.647717], [121.78394, 17.647717], [121.78394, 17.649065], [121.785288, 17.649065], [121.785288, 17.65176], [121.78394, 17.65176], [121.78394, 17.653107], [121.782593, 17.653107], [121.782593, 17.654455], [121.78394, 17.654455], [121.78394, 17.658497], [121.785288, 17.658497], [121.785288, 17.65715], [121.786635, 17.65715], [121.786635, 17.655802], [121.787982, 17.655802], [121.787982, 17.659845], [121.786635, 17.659845], [121.786635, 17.661192], [121.787982, 17.661192], [121.787982, 17.663887], [121.78933, 17.663887], [121.78933, 17.665234], [121.790677, 17.665234], [121.790677, 17.66254]]], [[[121.967196, 17.141068], [121.967196, 17.13972], [121.964501, 17.13972], [121.964501, 17.141068], [121.961807, 17.141068], [121.961807, 17.142415], [121.964501, 17.142415], [121.964501, 17.143762], [121.965849, 17.143762], [121.965849, 17.14511], [121.968544, 17.14511], [121.968544, 17.141068], [121.967196, 17.141068]]], [[[121.980671, 16.914692], [121.982019, 16.914692], [121.982019, 16.91604], [121.986061, 16.91604], [121.986061, 16.914692], [121.983366, 16.914692], [121.983366, 16.911997], [121.984714, 16.911997], [121.984714, 16.913345], [121.986061, 16.913345], [121.986061, 16.909302], [121.983366, 16.909302], [121.983366, 16.91065], [121.979324, 16.91065], [121.979324, 16.913345], [121.980671, 16.913345], [121.980671, 16.914692]]], [[[121.977976, 16.91065], [121.976629, 16.91065], [121.976629, 16.911997], [121.975281, 16.911997], [121.975281, 16.913345], [121.973934, 16.913345], [121.973934, 16.914692], [121.971239, 16.914692], [121.971239, 16.917387], [121.972586, 16.917387], [121.972586, 16.91604], [121.973934, 16.91604], [121.973934, 16.917387], [121.979324, 16.917387], [121.979324, 16.91604], [121.977976, 16.91604], [121.977976, 16.914692], [121.979324, 16.914692], [121.979324, 16.913345], [121.977976, 16.913345], [121.977976, 16.91065]]], [[[121.965849, 16.875615], [121.960459, 16.875615], [121.960459, 16.87831], [121.961807, 16.87831], [121.961807, 16.879658], [121.964501, 16.879658], [121.964501, 16.87831], [121.969891, 16.87831], [121.969891, 16.876963], [121.965849, 16.876963], [121.965849, 16.875615]]], [[[121.665362, 16.52662], [121.665362, 16.527967], [121.66671, 16.527967], [121.66671, 16.529315], [121.668057, 16.529315], [121.668057, 16.53201], [121.669405, 16.53201], [121.669405, 16.533357], [121.673447, 16.533357], [121.673447, 16.53201], [121.6721, 16.53201], [121.6721, 16.530662], [121.669405, 16.530662], [121.669405, 16.52662], [121.668057, 16.52662], [121.668057, 16.525272], [121.66671, 16.525272], [121.66671, 16.52662], [121.665362, 16.52662]]], [[[121.631676, 16.618248], [121.630328, 16.618248], [121.630328, 16.620943], [121.627633, 16.620943], [121.627633, 16.62229], [121.628981, 16.62229], [121.628981, 16.624985], [121.627633, 16.624985], [121.627633, 16.626333], [121.631676, 16.626333], [121.631676, 16.62768], [121.633023, 16.62768], [121.633023, 16.626333], [121.634371, 16.626333], [121.634371, 16.624985], [121.633023, 16.624985], [121.633023, 16.623638], [121.631676, 16.623638], [121.631676, 16.620943], [121.634371, 16.620943], [121.634371, 16.619596], [121.631676, 16.619596], [121.631676, 16.618248]]], [[[121.581819, 16.567044], [121.580472, 16.567044], [121.580472, 16.568392], [121.591251, 16.568392], [121.591251, 16.569739], [121.592599, 16.569739], [121.592599, 16.565697], [121.587209, 16.565697], [121.587209, 16.567044], [121.584514, 16.567044], [121.584514, 16.565697], [121.581819, 16.565697], [121.581819, 16.567044]]], [[[121.626286, 16.657325], [121.626286, 16.655977], [121.627633, 16.655977], [121.627633, 16.651935], [121.628981, 16.651935], [121.628981, 16.650587], [121.624938, 16.650587], [121.624938, 16.64924], [121.623591, 16.64924], [121.623591, 16.646545], [121.624938, 16.646545], [121.624938, 16.645197], [121.622243, 16.645197], [121.622243, 16.64385], [121.619548, 16.64385], [121.619548, 16.641155], [121.618201, 16.641155], [121.618201, 16.645197], [121.616853, 16.645197], [121.616853, 16.64385], [121.614158, 16.64385], [121.614158, 16.645197], [121.612811, 16.645197], [121.612811, 16.646545], [121.614158, 16.646545], [121.614158, 16.64924], [121.612811, 16.64924], [121.612811, 16.650587], [121.616853, 16.650587], [121.616853, 16.651935], [121.615506, 16.651935], [121.615506, 16.653282], [121.616853, 16.653282], [121.616853, 16.65463], [121.615506, 16.65463], [121.615506, 16.655977], [121.616853, 16.655977], [121.616853, 16.657325], [121.618201, 16.657325], [121.618201, 16.658672], [121.616853, 16.658672], [121.616853, 16.66002], [121.620896, 16.66002], [121.620896, 16.658672], [121.622243, 16.658672], [121.622243, 16.657325], [121.620896, 16.657325], [121.620896, 16.653282], [121.622243, 16.653282], [121.622243, 16.651935], [121.624938, 16.651935], [121.624938, 16.657325], [121.626286, 16.657325]]], [[[121.581819, 16.65463], [121.580472, 16.65463], [121.580472, 16.655977], [121.579124, 16.655977], [121.579124, 16.657325], [121.580472, 16.657325], [121.580472, 16.66002], [121.577777, 16.66002], [121.577777, 16.661367], [121.576429, 16.661367], [121.576429, 16.662715], [121.580472, 16.662715], [121.580472, 16.664062], [121.581819, 16.664062], [121.581819, 16.65463]]], [[[121.610116, 16.669452], [121.610116, 16.670799], [121.611464, 16.670799], [121.611464, 16.673494], [121.615506, 16.673494], [121.615506, 16.670799], [121.618201, 16.670799], [121.618201, 16.669452], [121.615506, 16.669452], [121.615506, 16.668105], [121.616853, 16.668105], [121.616853, 16.666757], [121.618201, 16.666757], [121.618201, 16.664062], [121.615506, 16.664062], [121.615506, 16.661367], [121.612811, 16.661367], [121.612811, 16.662715], [121.611464, 16.662715], [121.611464, 16.66002], [121.610116, 16.66002], [121.610116, 16.661367], [121.608769, 16.661367], [121.608769, 16.66002], [121.607421, 16.66002], [121.607421, 16.662715], [121.606074, 16.662715], [121.606074, 16.664062], [121.608769, 16.664062], [121.608769, 16.66541], [121.610116, 16.66541], [121.610116, 16.664062], [121.612811, 16.664062], [121.612811, 16.66541], [121.614158, 16.66541], [121.614158, 16.669452], [121.610116, 16.669452]]], [[[121.56026, 17.24617], [121.56026, 17.247518], [121.558912, 17.247518], [121.558912, 17.248865], [121.56026, 17.248865], [121.56026, 17.250213], [121.564302, 17.250213], [121.564302, 17.248865], [121.565649, 17.248865], [121.565649, 17.24617], [121.564302, 17.24617], [121.564302, 17.244823], [121.562955, 17.244823], [121.562955, 17.24617], [121.56026, 17.24617]]], [[[121.452462, 17.591123], [121.447072, 17.591123], [121.447072, 17.589776], [121.445724, 17.589776], [121.445724, 17.588429], [121.444377, 17.588429], [121.444377, 17.589776], [121.443029, 17.589776], [121.443029, 17.592471], [121.441682, 17.592471], [121.441682, 17.595166], [121.443029, 17.595166], [121.443029, 17.596513], [121.444377, 17.596513], [121.444377, 17.600556], [121.445724, 17.600556], [121.445724, 17.597861], [121.447072, 17.597861], [121.447072, 17.595166], [121.451114, 17.595166], [121.451114, 17.592471], [121.452462, 17.592471], [121.452462, 17.591123]]], [[[121.55487, 17.611336], [121.55487, 17.612683], [121.553522, 17.612683], [121.553522, 17.616725], [121.556217, 17.616725], [121.556217, 17.611336], [121.557565, 17.611336], [121.557565, 17.608641], [121.558912, 17.608641], [121.558912, 17.607293], [121.55487, 17.607293], [121.55487, 17.604598], [121.553522, 17.604598], [121.553522, 17.611336], [121.55487, 17.611336]]], [[[121.561607, 17.639633], [121.557565, 17.639633], [121.557565, 17.638285], [121.55487, 17.638285], [121.55487, 17.639633], [121.556217, 17.639633], [121.556217, 17.64098], [121.558912, 17.64098], [121.558912, 17.642327], [121.557565, 17.642327], [121.557565, 17.643675], [121.558912, 17.643675], [121.558912, 17.645022], [121.561607, 17.645022], [121.561607, 17.639633]]], [[[121.556217, 17.64637], [121.557565, 17.64637], [121.557565, 17.649065], [121.556217, 17.649065], [121.556217, 17.650412], [121.558912, 17.650412], [121.558912, 17.65176], [121.557565, 17.65176], [121.557565, 17.653107], [121.558912, 17.653107], [121.558912, 17.654455], [121.562955, 17.654455], [121.562955, 17.650412], [121.561607, 17.650412], [121.561607, 17.647717], [121.56026, 17.647717], [121.56026, 17.649065], [121.558912, 17.649065], [121.558912, 17.645022], [121.556217, 17.645022], [121.556217, 17.64637]]], [[[121.606074, 17.890262], [121.606074, 17.884873], [121.607421, 17.884873], [121.607421, 17.879483], [121.608769, 17.879483], [121.608769, 17.876788], [121.607421, 17.876788], [121.607421, 17.874093], [121.608769, 17.874093], [121.608769, 17.872745], [121.610116, 17.872745], [121.610116, 17.87005], [121.608769, 17.87005], [121.608769, 17.868703], [121.610116, 17.868703], [121.610116, 17.867355], [121.603379, 17.867355], [121.603379, 17.863313], [121.600684, 17.863313], [121.600684, 17.861966], [121.603379, 17.861966], [121.603379, 17.857923], [121.604726, 17.857923], [121.604726, 17.855228], [121.603379, 17.855228], [121.603379, 17.856576], [121.600684, 17.856576], [121.600684, 17.853881], [121.602031, 17.853881], [121.602031, 17.849838], [121.603379, 17.849838], [121.603379, 17.848491], [121.599336, 17.848491], [121.599336, 17.847143], [121.604726, 17.847143], [121.604726, 17.844448], [121.602031, 17.844448], [121.602031, 17.843101], [121.599336, 17.843101], [121.599336, 17.845796], [121.596641, 17.845796], [121.596641, 17.844448], [121.595294, 17.844448], [121.595294, 17.843101], [121.593946, 17.843101], [121.593946, 17.841753], [121.591251, 17.841753], [121.591251, 17.839059], [121.589904, 17.839059], [121.589904, 17.836364], [121.592599, 17.836364], [121.592599, 17.837711], [121.593946, 17.837711], [121.593946, 17.839059], [121.597989, 17.839059], [121.597989, 17.836364], [121.595294, 17.836364], [121.595294, 17.835016], [121.592599, 17.835016], [121.592599, 17.832321], [121.589904, 17.832321], [121.589904, 17.829626], [121.588557, 17.829626], [121.588557, 17.828279], [121.591251, 17.828279], [121.591251, 17.826931], [121.592599, 17.826931], [121.592599, 17.824236], [121.589904, 17.824236], [121.589904, 17.825584], [121.587209, 17.825584], [121.587209, 17.822889], [121.588557, 17.822889], [121.588557, 17.821541], [121.585862, 17.821541], [121.585862, 17.820194], [121.587209, 17.820194], [121.587209, 17.814804], [121.585862, 17.814804], [121.585862, 17.816151], [121.584514, 17.816151], [121.584514, 17.810762], [121.585862, 17.810762], [121.585862, 17.806719], [121.584514, 17.806719], [121.584514, 17.805372], [121.583167, 17.805372], [121.583167, 17.804024], [121.584514, 17.804024], [121.584514, 17.802677], [121.581819, 17.802677], [121.581819, 17.801329], [121.583167, 17.801329], [121.583167, 17.799982], [121.584514, 17.799982], [121.584514, 17.797287], [121.583167, 17.797287], [121.583167, 17.795939], [121.581819, 17.795939], [121.581819, 17.794592], [121.583167, 17.794592], [121.583167, 17.793244], [121.585862, 17.793244], [121.585862, 17.791897], [121.584514, 17.791897], [121.584514, 17.790549], [121.583167, 17.790549], [121.583167, 17.791897], [121.581819, 17.791897], [121.581819, 17.790549], [121.580472, 17.790549], [121.580472, 17.791897], [121.577777, 17.791897], [121.577777, 17.793244], [121.575082, 17.793244], [121.575082, 17.795939], [121.576429, 17.795939], [121.576429, 17.794592], [121.577777, 17.794592], [121.577777, 17.797287], [121.580472, 17.797287], [121.580472, 17.798634], [121.579124, 17.798634], [121.579124, 17.799982], [121.577777, 17.799982], [121.577777, 17.798634], [121.572387, 17.798634], [121.572387, 17.802677], [121.571039, 17.802677], [121.571039, 17.804024], [121.577777, 17.804024], [121.577777, 17.805372], [121.576429, 17.805372], [121.576429, 17.808067], [121.579124, 17.808067], [121.579124, 17.810762], [121.580472, 17.810762], [121.580472, 17.816151], [121.577777, 17.816151], [121.577777, 17.817499], [121.576429, 17.817499], [121.576429, 17.814804], [121.577777, 17.814804], [121.577777, 17.812109], [121.576429, 17.812109], [121.576429, 17.810762], [121.575082, 17.810762], [121.575082, 17.809414], [121.573734, 17.809414], [121.573734, 17.806719], [121.572387, 17.806719], [121.572387, 17.809414], [121.571039, 17.809414], [121.571039, 17.813457], [121.566997, 17.813457], [121.566997, 17.816151], [121.568344, 17.816151], [121.568344, 17.817499], [121.572387, 17.817499], [121.572387, 17.816151], [121.575082, 17.816151], [121.575082, 17.822889], [121.573734, 17.822889], [121.573734, 17.824236], [121.572387, 17.824236], [121.572387, 17.821541], [121.571039, 17.821541], [121.571039, 17.820194], [121.569692, 17.820194], [121.569692, 17.818846], [121.566997, 17.818846], [121.566997, 17.826931], [121.568344, 17.826931], [121.568344, 17.833669], [121.572387, 17.833669], [121.572387, 17.832321], [121.573734, 17.832321], [121.573734, 17.833669], [121.576429, 17.833669], [121.576429, 17.835016], [121.579124, 17.835016], [121.579124, 17.833669], [121.580472, 17.833669], [121.580472, 17.837711], [121.577777, 17.837711], [121.577777, 17.836364], [121.573734, 17.836364], [121.573734, 17.835016], [121.572387, 17.835016], [121.572387, 17.836364], [121.571039, 17.836364], [121.571039, 17.835016], [121.569692, 17.835016], [121.569692, 17.839059], [121.571039, 17.839059], [121.571039, 17.841753], [121.572387, 17.841753], [121.572387, 17.844448], [121.575082, 17.844448], [121.575082, 17.845796], [121.576429, 17.845796], [121.576429, 17.848491], [121.575082, 17.848491], [121.575082, 17.851186], [121.576429, 17.851186], [121.576429, 17.849838], [121.577777, 17.849838], [121.577777, 17.855228], [121.579124, 17.855228], [121.579124, 17.857923], [121.581819, 17.857923], [121.581819, 17.856576], [121.583167, 17.856576], [121.583167, 17.857923], [121.584514, 17.857923], [121.584514, 17.86466], [121.585862, 17.86466], [121.585862, 17.867355], [121.587209, 17.867355], [121.587209, 17.87005], [121.588557, 17.87005], [121.588557, 17.871398], [121.592599, 17.871398], [121.592599, 17.87005], [121.593946, 17.87005], [121.593946, 17.868703], [121.595294, 17.868703], [121.595294, 17.867355], [121.596641, 17.867355], [121.596641, 17.86466], [121.597989, 17.86466], [121.597989, 17.868703], [121.600684, 17.868703], [121.600684, 17.87005], [121.599336, 17.87005], [121.599336, 17.876788], [121.600684, 17.876788], [121.600684, 17.87544], [121.603379, 17.87544], [121.603379, 17.876788], [121.604726, 17.876788], [121.604726, 17.878135], [121.606074, 17.878135], [121.606074, 17.882178], [121.604726, 17.882178], [121.604726, 17.879483], [121.600684, 17.879483], [121.600684, 17.88083], [121.599336, 17.88083], [121.599336, 17.878135], [121.597989, 17.878135], [121.597989, 17.876788], [121.593946, 17.876788], [121.593946, 17.878135], [121.589904, 17.878135], [121.589904, 17.879483], [121.592599, 17.879483], [121.592599, 17.88083], [121.593946, 17.88083], [121.593946, 17.879483], [121.596641, 17.879483], [121.596641, 17.88083], [121.597989, 17.88083], [121.597989, 17.883525], [121.596641, 17.883525], [121.596641, 17.884873], [121.595294, 17.884873], [121.595294, 17.88622], [121.593946, 17.88622], [121.593946, 17.890262], [121.595294, 17.890262], [121.595294, 17.888915], [121.596641, 17.888915], [121.596641, 17.88622], [121.597989, 17.88622], [121.597989, 17.884873], [121.599336, 17.884873], [121.599336, 17.883525], [121.600684, 17.883525], [121.600684, 17.884873], [121.602031, 17.884873], [121.602031, 17.88622], [121.599336, 17.88622], [121.599336, 17.888915], [121.597989, 17.888915], [121.597989, 17.890262], [121.596641, 17.890262], [121.596641, 17.89161], [121.595294, 17.89161], [121.595294, 17.892957], [121.596641, 17.892957], [121.596641, 17.895652], [121.600684, 17.895652], [121.600684, 17.894305], [121.602031, 17.894305], [121.602031, 17.892957], [121.604726, 17.892957], [121.604726, 17.890262], [121.606074, 17.890262]], [[121.579124, 17.852533], [121.580472, 17.852533], [121.580472, 17.847143], [121.581819, 17.847143], [121.581819, 17.845796], [121.583167, 17.845796], [121.583167, 17.848491], [121.585862, 17.848491], [121.585862, 17.852533], [121.589904, 17.852533], [121.589904, 17.851186], [121.592599, 17.851186], [121.592599, 17.852533], [121.591251, 17.852533], [121.591251, 17.853881], [121.592599, 17.853881], [121.592599, 17.856576], [121.591251, 17.856576], [121.591251, 17.855228], [121.579124, 17.855228], [121.579124, 17.852533]]], [[[121.603379, 17.894305], [121.603379, 17.895652], [121.602031, 17.895652], [121.602031, 17.898347], [121.603379, 17.898347], [121.603379, 17.899695], [121.604726, 17.899695], [121.604726, 17.901042], [121.606074, 17.901042], [121.606074, 17.90239], [121.607421, 17.90239], [121.607421, 17.899695], [121.610116, 17.899695], [121.610116, 17.901042], [121.608769, 17.901042], [121.608769, 17.90239], [121.610116, 17.90239], [121.610116, 17.903737], [121.608769, 17.903737], [121.608769, 17.905085], [121.610116, 17.905085], [121.610116, 17.910475], [121.611464, 17.910475], [121.611464, 17.906432], [121.614158, 17.906432], [121.614158, 17.90778], [121.615506, 17.90778], [121.615506, 17.905085], [121.614158, 17.905085], [121.614158, 17.903737], [121.612811, 17.903737], [121.612811, 17.90239], [121.611464, 17.90239], [121.611464, 17.901042], [121.612811, 17.901042], [121.612811, 17.899695], [121.611464, 17.899695], [121.611464, 17.898347], [121.612811, 17.898347], [121.612811, 17.897], [121.614158, 17.897], [121.614158, 17.894305], [121.616853, 17.894305], [121.616853, 17.892957], [121.615506, 17.892957], [121.615506, 17.888915], [121.616853, 17.888915], [121.616853, 17.890262], [121.619548, 17.890262], [121.619548, 17.887568], [121.620896, 17.887568], [121.620896, 17.88622], [121.618201, 17.88622], [121.618201, 17.884873], [121.619548, 17.884873], [121.619548, 17.882178], [121.622243, 17.882178], [121.622243, 17.883525], [121.623591, 17.883525], [121.623591, 17.884873], [121.624938, 17.884873], [121.624938, 17.88622], [121.627633, 17.88622], [121.627633, 17.887568], [121.628981, 17.887568], [121.628981, 17.890262], [121.630328, 17.890262], [121.630328, 17.88622], [121.628981, 17.88622], [121.628981, 17.884873], [121.627633, 17.884873], [121.627633, 17.882178], [121.626286, 17.882178], [121.626286, 17.88083], [121.624938, 17.88083], [121.624938, 17.878135], [121.623591, 17.878135], [121.623591, 17.876788], [121.622243, 17.876788], [121.622243, 17.87544], [121.620896, 17.87544], [121.620896, 17.874093], [121.623591, 17.874093], [121.623591, 17.87005], [121.622243, 17.87005], [121.622243, 17.867355], [121.620896, 17.867355], [121.620896, 17.860618], [121.619548, 17.860618], [121.619548, 17.868703], [121.620896, 17.868703], [121.620896, 17.87005], [121.616853, 17.87005], [121.616853, 17.872745], [121.619548, 17.872745], [121.619548, 17.876788], [121.618201, 17.876788], [121.618201, 17.87544], [121.615506, 17.87544], [121.615506, 17.876788], [121.611464, 17.876788], [121.611464, 17.878135], [121.612811, 17.878135], [121.612811, 17.879483], [121.611464, 17.879483], [121.611464, 17.88083], [121.610116, 17.88083], [121.610116, 17.882178], [121.611464, 17.882178], [121.611464, 17.884873], [121.610116, 17.884873], [121.610116, 17.88622], [121.614158, 17.88622], [121.614158, 17.887568], [121.612811, 17.887568], [121.612811, 17.89161], [121.614158, 17.89161], [121.614158, 17.892957], [121.610116, 17.892957], [121.610116, 17.894305], [121.611464, 17.894305], [121.611464, 17.897], [121.610116, 17.897], [121.610116, 17.895652], [121.608769, 17.895652], [121.608769, 17.894305], [121.607421, 17.894305], [121.607421, 17.89161], [121.606074, 17.89161], [121.606074, 17.892957], [121.604726, 17.892957], [121.604726, 17.894305], [121.603379, 17.894305]]], [[[121.513098, 17.828279], [121.513098, 17.829626], [121.514445, 17.829626], [121.514445, 17.832321], [121.513098, 17.832321], [121.513098, 17.836364], [121.514445, 17.836364], [121.514445, 17.839059], [121.515793, 17.839059], [121.515793, 17.837711], [121.518488, 17.837711], [121.518488, 17.835016], [121.51714, 17.835016], [121.51714, 17.832321], [121.518488, 17.832321], [121.518488, 17.828279], [121.513098, 17.828279]]], [[[121.475369, 17.987281], [121.474021, 17.987281], [121.474021, 17.985933], [121.472674, 17.985933], [121.472674, 17.987281], [121.469979, 17.987281], [121.469979, 17.988628], [121.468631, 17.988628], [121.468631, 17.987281], [121.465936, 17.987281], [121.465936, 17.99267], [121.469979, 17.99267], [121.469979, 17.99806], [121.465936, 17.99806], [121.465936, 17.999408], [121.467284, 17.999408], [121.467284, 18.000755], [121.465936, 18.000755], [121.465936, 18.00884], [121.467284, 18.00884], [121.467284, 18.010188], [121.468631, 18.010188], [121.468631, 18.011535], [121.472674, 18.011535], [121.472674, 18.010188], [121.471326, 18.010188], [121.471326, 18.007493], [121.469979, 18.007493], [121.469979, 18.006145], [121.468631, 18.006145], [121.468631, 18.00345], [121.469979, 18.00345], [121.469979, 17.999408], [121.471326, 17.999408], [121.471326, 17.99806], [121.472674, 17.99806], [121.472674, 17.99267], [121.474021, 17.99267], [121.474021, 17.991323], [121.475369, 17.991323], [121.475369, 17.987281]]], [[[121.588557, 18.043874], [121.588557, 18.045222], [121.589904, 18.045222], [121.589904, 18.046569], [121.592599, 18.046569], [121.592599, 18.047917], [121.591251, 18.047917], [121.591251, 18.049264], [121.593946, 18.049264], [121.593946, 18.050612], [121.595294, 18.050612], [121.595294, 18.049264], [121.596641, 18.049264], [121.596641, 18.045222], [121.597989, 18.045222], [121.597989, 18.049264], [121.599336, 18.049264], [121.599336, 18.047917], [121.602031, 18.047917], [121.602031, 18.045222], [121.599336, 18.045222], [121.599336, 18.039832], [121.597989, 18.039832], [121.597989, 18.038484], [121.593946, 18.038484], [121.593946, 18.039832], [121.592599, 18.039832], [121.592599, 18.037137], [121.593946, 18.037137], [121.593946, 18.03579], [121.591251, 18.03579], [121.591251, 18.038484], [121.588557, 18.038484], [121.588557, 18.037137], [121.587209, 18.037137], [121.587209, 18.03579], [121.585862, 18.03579], [121.585862, 18.037137], [121.584514, 18.037137], [121.584514, 18.03579], [121.580472, 18.03579], [121.580472, 18.037137], [121.581819, 18.037137], [121.581819, 18.039832], [121.584514, 18.039832], [121.584514, 18.042527], [121.581819, 18.042527], [121.581819, 18.043874], [121.585862, 18.043874], [121.585862, 18.045222], [121.587209, 18.045222], [121.587209, 18.043874], [121.588557, 18.043874]]], [[[121.53331, 18.061392], [121.53331, 18.062739], [121.534658, 18.062739], [121.534658, 18.064086], [121.536005, 18.064086], [121.536005, 18.062739], [121.5387, 18.062739], [121.5387, 18.061392], [121.540047, 18.061392], [121.540047, 18.060044], [121.5387, 18.060044], [121.5387, 18.058697], [121.536005, 18.058697], [121.536005, 18.054654], [121.534658, 18.054654], [121.534658, 18.053307], [121.529268, 18.053307], [121.529268, 18.057349], [121.531963, 18.057349], [121.531963, 18.061392], [121.53331, 18.061392]]], [[[121.701744, 16.560307], [121.701744, 16.564349], [121.703092, 16.564349], [121.703092, 16.563002], [121.705787, 16.563002], [121.705787, 16.565697], [121.704439, 16.565697], [121.704439, 16.567044], [121.708482, 16.567044], [121.708482, 16.565697], [121.709829, 16.565697], [121.709829, 16.564349], [121.708482, 16.564349], [121.708482, 16.563002], [121.707134, 16.563002], [121.707134, 16.560307], [121.701744, 16.560307]]], [[[121.633023, 16.65463], [121.633023, 16.653282], [121.634371, 16.653282], [121.634371, 16.651935], [121.631676, 16.651935], [121.631676, 16.655977], [121.633023, 16.655977], [121.633023, 16.657325], [121.634371, 16.657325], [121.634371, 16.658672], [121.635718, 16.658672], [121.635718, 16.661367], [121.638413, 16.661367], [121.638413, 16.66002], [121.637066, 16.66002], [121.637066, 16.657325], [121.635718, 16.657325], [121.635718, 16.655977], [121.634371, 16.655977], [121.634371, 16.65463], [121.633023, 16.65463]]], [[[121.754296, 16.686969], [121.754296, 16.688317], [121.751601, 16.688317], [121.751601, 16.693707], [121.754296, 16.693707], [121.754296, 16.692359], [121.755643, 16.692359], [121.755643, 16.686969], [121.754296, 16.686969]]], [[[121.848619, 16.711224], [121.848619, 16.713919], [121.847271, 16.713919], [121.847271, 16.715266], [121.845924, 16.715266], [121.845924, 16.716614], [121.848619, 16.716614], [121.848619, 16.717961], [121.847271, 16.717961], [121.847271, 16.720656], [121.849966, 16.720656], [121.849966, 16.717961], [121.851314, 16.717961], [121.851314, 16.715266], [121.849966, 16.715266], [121.849966, 16.711224], [121.848619, 16.711224]]], [[[121.623591, 17.277162], [121.622243, 17.277162], [121.622243, 17.27851], [121.630328, 17.27851], [121.630328, 17.277162], [121.633023, 17.277162], [121.633023, 17.271772], [121.627633, 17.271772], [121.627633, 17.27312], [121.624938, 17.27312], [121.624938, 17.275815], [121.623591, 17.275815], [121.623591, 17.277162]]], [[[121.839186, 17.300069], [121.839186, 17.298722], [121.837839, 17.298722], [121.837839, 17.301417], [121.836492, 17.301417], [121.836492, 17.304112], [121.839186, 17.304112], [121.839186, 17.302764], [121.841881, 17.302764], [121.841881, 17.301417], [121.845924, 17.301417], [121.845924, 17.298722], [121.847271, 17.298722], [121.847271, 17.297374], [121.841881, 17.297374], [121.841881, 17.298722], [121.840534, 17.298722], [121.840534, 17.300069], [121.839186, 17.300069]]], [[[121.852661, 17.391697], [121.852661, 17.389003], [121.851314, 17.389003], [121.851314, 17.391697], [121.849966, 17.391697], [121.849966, 17.393045], [121.845924, 17.393045], [121.845924, 17.39574], [121.847271, 17.39574], [121.847271, 17.397087], [121.845924, 17.397087], [121.845924, 17.398435], [121.849966, 17.398435], [121.849966, 17.397087], [121.851314, 17.397087], [121.851314, 17.399782], [121.848619, 17.399782], [121.848619, 17.40113], [121.849966, 17.40113], [121.849966, 17.402477], [121.845924, 17.402477], [121.845924, 17.403825], [121.844576, 17.403825], [121.844576, 17.402477], [121.843229, 17.402477], [121.843229, 17.40113], [121.841881, 17.40113], [121.841881, 17.402477], [121.840534, 17.402477], [121.840534, 17.403825], [121.839186, 17.403825], [121.839186, 17.402477], [121.836492, 17.402477], [121.836492, 17.403825], [121.833797, 17.403825], [121.833797, 17.405172], [121.831102, 17.405172], [121.831102, 17.40652], [121.829754, 17.40652], [121.829754, 17.407867], [121.828407, 17.407867], [121.828407, 17.409215], [121.827059, 17.409215], [121.827059, 17.41191], [121.828407, 17.41191], [121.828407, 17.410562], [121.832449, 17.410562], [121.832449, 17.409215], [121.833797, 17.409215], [121.833797, 17.40652], [121.835144, 17.40652], [121.835144, 17.405172], [121.840534, 17.405172], [121.840534, 17.409215], [121.835144, 17.409215], [121.835144, 17.413257], [121.836492, 17.413257], [121.836492, 17.41191], [121.840534, 17.41191], [121.840534, 17.414605], [121.844576, 17.414605], [121.844576, 17.413257], [121.845924, 17.413257], [121.845924, 17.41191], [121.849966, 17.41191], [121.849966, 17.413257], [121.854009, 17.413257], [121.854009, 17.41191], [121.856704, 17.41191], [121.856704, 17.410562], [121.858051, 17.410562], [121.858051, 17.409215], [121.852661, 17.409215], [121.852661, 17.407867], [121.854009, 17.407867], [121.854009, 17.40652], [121.852661, 17.40652], [121.852661, 17.403825], [121.854009, 17.403825], [121.854009, 17.40113], [121.855356, 17.40113], [121.855356, 17.403825], [121.856704, 17.403825], [121.856704, 17.405172], [121.859399, 17.405172], [121.859399, 17.403825], [121.860746, 17.403825], [121.860746, 17.402477], [121.859399, 17.402477], [121.859399, 17.40113], [121.862094, 17.40113], [121.862094, 17.405172], [121.863441, 17.405172], [121.863441, 17.402477], [121.864788, 17.402477], [121.864788, 17.40113], [121.863441, 17.40113], [121.863441, 17.399782], [121.864788, 17.399782], [121.864788, 17.398435], [121.862094, 17.398435], [121.862094, 17.39574], [121.860746, 17.39574], [121.860746, 17.397087], [121.858051, 17.397087], [121.858051, 17.394392], [121.856704, 17.394392], [121.856704, 17.391697], [121.855356, 17.391697], [121.855356, 17.393045], [121.854009, 17.393045], [121.854009, 17.391697], [121.852661, 17.391697]]], [[[121.847271, 17.430774], [121.848619, 17.430774], [121.848619, 17.429427], [121.849966, 17.429427], [121.849966, 17.425384], [121.851314, 17.425384], [121.851314, 17.424037], [121.854009, 17.424037], [121.854009, 17.422689], [121.855356, 17.422689], [121.855356, 17.419994], [121.854009, 17.419994], [121.854009, 17.418647], [121.852661, 17.418647], [121.852661, 17.421342], [121.851314, 17.421342], [121.851314, 17.418647], [121.845924, 17.418647], [121.845924, 17.419994], [121.844576, 17.419994], [121.844576, 17.418647], [121.843229, 17.418647], [121.843229, 17.417299], [121.841881, 17.417299], [121.841881, 17.418647], [121.840534, 17.418647], [121.840534, 17.419994], [121.837839, 17.419994], [121.837839, 17.422689], [121.839186, 17.422689], [121.839186, 17.424037], [121.840534, 17.424037], [121.840534, 17.425384], [121.837839, 17.425384], [121.837839, 17.426732], [121.836492, 17.426732], [121.836492, 17.428079], [121.835144, 17.428079], [121.835144, 17.429427], [121.833797, 17.429427], [121.833797, 17.432122], [121.835144, 17.432122], [121.835144, 17.433469], [121.836492, 17.433469], [121.836492, 17.434817], [121.837839, 17.434817], [121.837839, 17.432122], [121.840534, 17.432122], [121.840534, 17.433469], [121.843229, 17.433469], [121.843229, 17.430774], [121.844576, 17.430774], [121.844576, 17.429427], [121.845924, 17.429427], [121.845924, 17.432122], [121.847271, 17.432122], [121.847271, 17.430774]]], [[[121.628981, 17.680057], [121.628981, 17.682752], [121.630328, 17.682752], [121.630328, 17.684099], [121.633023, 17.684099], [121.633023, 17.680057], [121.635718, 17.680057], [121.635718, 17.678709], [121.637066, 17.678709], [121.637066, 17.680057], [121.63976, 17.680057], [121.63976, 17.676014], [121.638413, 17.676014], [121.638413, 17.677362], [121.637066, 17.677362], [121.637066, 17.676014], [121.635718, 17.676014], [121.635718, 17.677362], [121.630328, 17.677362], [121.630328, 17.680057], [121.628981, 17.680057]]], [[[121.618201, 17.698921], [121.619548, 17.698921], [121.619548, 17.704311], [121.618201, 17.704311], [121.618201, 17.705659], [121.619548, 17.705659], [121.619548, 17.709701], [121.620896, 17.709701], [121.620896, 17.711049], [121.622243, 17.711049], [121.622243, 17.715091], [121.624938, 17.715091], [121.624938, 17.724523], [121.626286, 17.724523], [121.626286, 17.725871], [121.627633, 17.725871], [121.627633, 17.731261], [121.628981, 17.731261], [121.628981, 17.728566], [121.630328, 17.728566], [121.630328, 17.727218], [121.628981, 17.727218], [121.628981, 17.725871], [121.630328, 17.725871], [121.630328, 17.721828], [121.628981, 17.721828], [121.628981, 17.717786], [121.630328, 17.717786], [121.630328, 17.716438], [121.628981, 17.716438], [121.628981, 17.711049], [121.630328, 17.711049], [121.630328, 17.709701], [121.627633, 17.709701], [121.627633, 17.708354], [121.628981, 17.708354], [121.628981, 17.707006], [121.627633, 17.707006], [121.627633, 17.704311], [121.628981, 17.704311], [121.628981, 17.702964], [121.626286, 17.702964], [121.626286, 17.700269], [121.627633, 17.700269], [121.627633, 17.697574], [121.628981, 17.697574], [121.628981, 17.696226], [121.624938, 17.696226], [121.624938, 17.694879], [121.626286, 17.694879], [121.626286, 17.693531], [121.624938, 17.693531], [121.624938, 17.690836], [121.622243, 17.690836], [121.622243, 17.692184], [121.620896, 17.692184], [121.620896, 17.693531], [121.619548, 17.693531], [121.619548, 17.697574], [121.618201, 17.697574], [121.618201, 17.698921]]], [[[121.638413, 17.965721], [121.638413, 17.964373], [121.637066, 17.964373], [121.637066, 17.965721], [121.635718, 17.965721], [121.635718, 17.964373], [121.634371, 17.964373], [121.634371, 17.965721], [121.631676, 17.965721], [121.631676, 17.967068], [121.635718, 17.967068], [121.635718, 17.968416], [121.634371, 17.968416], [121.634371, 17.969763], [121.637066, 17.969763], [121.637066, 17.971111], [121.635718, 17.971111], [121.635718, 17.973806], [121.637066, 17.973806], [121.637066, 17.975153], [121.635718, 17.975153], [121.635718, 17.977848], [121.637066, 17.977848], [121.637066, 17.979196], [121.634371, 17.979196], [121.634371, 17.980543], [121.635718, 17.980543], [121.635718, 17.981891], [121.631676, 17.981891], [121.631676, 17.980543], [121.628981, 17.980543], [121.628981, 17.979196], [121.627633, 17.979196], [121.627633, 17.977848], [121.626286, 17.977848], [121.626286, 17.979196], [121.624938, 17.979196], [121.624938, 17.985933], [121.628981, 17.985933], [121.628981, 17.987281], [121.626286, 17.987281], [121.626286, 17.988628], [121.627633, 17.988628], [121.627633, 17.989975], [121.628981, 17.989975], [121.628981, 17.994018], [121.626286, 17.994018], [121.626286, 17.99267], [121.624938, 17.99267], [121.624938, 17.995365], [121.626286, 17.995365], [121.626286, 17.996713], [121.627633, 17.996713], [121.627633, 17.99806], [121.628981, 17.99806], [121.628981, 17.999408], [121.630328, 17.999408], [121.630328, 18.000755], [121.631676, 18.000755], [121.631676, 18.00345], [121.635718, 18.00345], [121.635718, 18.004798], [121.637066, 18.004798], [121.637066, 18.002103], [121.635718, 18.002103], [121.635718, 17.99806], [121.634371, 17.99806], [121.634371, 17.995365], [121.635718, 17.995365], [121.635718, 17.996713], [121.637066, 17.996713], [121.637066, 17.999408], [121.641108, 17.999408], [121.641108, 17.99806], [121.643803, 17.99806], [121.643803, 17.999408], [121.64515, 17.999408], [121.64515, 17.994018], [121.649193, 17.994018], [121.649193, 17.99806], [121.647845, 17.99806], [121.647845, 18.000755], [121.649193, 18.000755], [121.649193, 17.999408], [121.65054, 17.999408], [121.65054, 17.99806], [121.651888, 17.99806], [121.651888, 17.996713], [121.654583, 17.996713], [121.654583, 17.994018], [121.658625, 17.994018], [121.658625, 17.99267], [121.657278, 17.99267], [121.657278, 17.991323], [121.658625, 17.991323], [121.658625, 17.987281], [121.659973, 17.987281], [121.659973, 17.988628], [121.662668, 17.988628], [121.662668, 17.991323], [121.664015, 17.991323], [121.664015, 17.988628], [121.665362, 17.988628], [121.665362, 17.989975], [121.669405, 17.989975], [121.669405, 17.988628], [121.673447, 17.988628], [121.673447, 17.987281], [121.664015, 17.987281], [121.664015, 17.984586], [121.66671, 17.984586], [121.66671, 17.981891], [121.662668, 17.981891], [121.662668, 17.980543], [121.66132, 17.980543], [121.66132, 17.979196], [121.662668, 17.979196], [121.662668, 17.976501], [121.66132, 17.976501], [121.66132, 17.975153], [121.65593, 17.975153], [121.65593, 17.979196], [121.654583, 17.979196], [121.654583, 17.977848], [121.653235, 17.977848], [121.653235, 17.976501], [121.649193, 17.976501], [121.649193, 17.973806], [121.647845, 17.973806], [121.647845, 17.972458], [121.649193, 17.972458], [121.649193, 17.968416], [121.646498, 17.968416], [121.646498, 17.967068], [121.643803, 17.967068], [121.643803, 17.965721], [121.638413, 17.965721]]], [[[121.797415, 17.989975], [121.797415, 17.99267], [121.798762, 17.99267], [121.798762, 17.994018], [121.801457, 17.994018], [121.801457, 17.99267], [121.804152, 17.99267], [121.804152, 17.991323], [121.801457, 17.991323], [121.801457, 17.989975], [121.80011, 17.989975], [121.80011, 17.988628], [121.79472, 17.988628], [121.79472, 17.989975], [121.797415, 17.989975]]], [[[121.849966, 18.006145], [121.848619, 18.006145], [121.848619, 18.002103], [121.847271, 18.002103], [121.847271, 18.000755], [121.844576, 18.000755], [121.844576, 17.999408], [121.840534, 17.999408], [121.840534, 18.000755], [121.837839, 18.000755], [121.837839, 18.002103], [121.836492, 18.002103], [121.836492, 18.004798], [121.837839, 18.004798], [121.837839, 18.00345], [121.839186, 18.00345], [121.839186, 18.004798], [121.840534, 18.004798], [121.840534, 18.006145], [121.841881, 18.006145], [121.841881, 18.007493], [121.844576, 18.007493], [121.844576, 18.00884], [121.845924, 18.00884], [121.845924, 18.010188], [121.847271, 18.010188], [121.847271, 18.011535], [121.845924, 18.011535], [121.845924, 18.01423], [121.847271, 18.01423], [121.847271, 18.015577], [121.848619, 18.015577], [121.848619, 18.01423], [121.849966, 18.01423], [121.849966, 18.010188], [121.851314, 18.010188], [121.851314, 18.007493], [121.852661, 18.007493], [121.852661, 18.006145], [121.854009, 18.006145], [121.854009, 18.00345], [121.852661, 18.00345], [121.852661, 18.004798], [121.849966, 18.004798], [121.849966, 18.006145]]], [[[121.696354, 18.112596], [121.697702, 18.112596], [121.697702, 18.113943], [121.701744, 18.113943], [121.701744, 18.112596], [121.700397, 18.112596], [121.700397, 18.111248], [121.701744, 18.111248], [121.701744, 18.109901], [121.700397, 18.109901], [121.700397, 18.108553], [121.695007, 18.108553], [121.695007, 18.111248], [121.696354, 18.111248], [121.696354, 18.112596]]], [[[121.914645, 16.805547], [121.913297, 16.805547], [121.913297, 16.806894], [121.91195, 16.806894], [121.91195, 16.809589], [121.913297, 16.809589], [121.913297, 16.808242], [121.91734, 16.808242], [121.91734, 16.806894], [121.915992, 16.806894], [121.915992, 16.805547], [121.921382, 16.805547], [121.921382, 16.804199], [121.915992, 16.804199], [121.915992, 16.802852], [121.914645, 16.802852], [121.914645, 16.805547]]], [[[121.909255, 16.817674], [121.907908, 16.817674], [121.907908, 16.819021], [121.903865, 16.819021], [121.903865, 16.820369], [121.90656, 16.820369], [121.90656, 16.821716], [121.907908, 16.821716], [121.907908, 16.820369], [121.909255, 16.820369], [121.909255, 16.823064], [121.91195, 16.823064], [121.91195, 16.821716], [121.914645, 16.821716], [121.914645, 16.819021], [121.909255, 16.819021], [121.909255, 16.817674]]], [[[121.92273, 16.851361], [121.920035, 16.851361], [121.920035, 16.850013], [121.921382, 16.850013], [121.921382, 16.847318], [121.918687, 16.847318], [121.918687, 16.850013], [121.915992, 16.850013], [121.915992, 16.854056], [121.920035, 16.854056], [121.920035, 16.852708], [121.92273, 16.852708], [121.92273, 16.851361]]], [[[121.959112, 16.979371], [121.959112, 16.972633], [121.957764, 16.972633], [121.957764, 16.971286], [121.959112, 16.971286], [121.959112, 16.969938], [121.957764, 16.969938], [121.957764, 16.967244], [121.955069, 16.967244], [121.955069, 16.968591], [121.956417, 16.968591], [121.956417, 16.971286], [121.955069, 16.971286], [121.955069, 16.972633], [121.956417, 16.972633], [121.956417, 16.976676], [121.957764, 16.976676], [121.957764, 16.978023], [121.955069, 16.978023], [121.955069, 16.979371], [121.956417, 16.979371], [121.956417, 16.980718], [121.959112, 16.980718], [121.959112, 16.982066], [121.960459, 16.982066], [121.960459, 16.979371], [121.959112, 16.979371]]], [[[121.957764, 16.984761], [121.957764, 16.983413], [121.956417, 16.983413], [121.956417, 16.986108], [121.952374, 16.986108], [121.952374, 16.987456], [121.946984, 16.987456], [121.946984, 16.991498], [121.949679, 16.991498], [121.949679, 16.988803], [121.951027, 16.988803], [121.951027, 16.990151], [121.952374, 16.990151], [121.952374, 16.988803], [121.953722, 16.988803], [121.953722, 16.992846], [121.955069, 16.992846], [121.955069, 16.99554], [121.956417, 16.99554], [121.956417, 16.994193], [121.957764, 16.994193], [121.957764, 16.992846], [121.959112, 16.992846], [121.959112, 16.990151], [121.960459, 16.990151], [121.960459, 16.987456], [121.963154, 16.987456], [121.963154, 16.986108], [121.964501, 16.986108], [121.964501, 16.984761], [121.965849, 16.984761], [121.965849, 16.987456], [121.969891, 16.987456], [121.969891, 16.984761], [121.968544, 16.984761], [121.968544, 16.983413], [121.969891, 16.983413], [121.969891, 16.982066], [121.972586, 16.982066], [121.972586, 16.980718], [121.968544, 16.980718], [121.968544, 16.982066], [121.964501, 16.982066], [121.964501, 16.980718], [121.963154, 16.980718], [121.963154, 16.983413], [121.961807, 16.983413], [121.961807, 16.982066], [121.960459, 16.982066], [121.960459, 16.984761], [121.957764, 16.984761]]], [[[121.986061, 16.978023], [121.984714, 16.978023], [121.984714, 16.976676], [121.983366, 16.976676], [121.983366, 16.975328], [121.982019, 16.975328], [121.982019, 16.980718], [121.980671, 16.980718], [121.980671, 16.982066], [121.984714, 16.982066], [121.984714, 16.983413], [121.987408, 16.983413], [121.987408, 16.980718], [121.988756, 16.980718], [121.988756, 16.984761], [121.991451, 16.984761], [121.991451, 16.986108], [121.992798, 16.986108], [121.992798, 16.987456], [121.996841, 16.987456], [121.996841, 16.988803], [121.998188, 16.988803], [121.998188, 16.987456], [122.002231, 16.987456], [122.002231, 16.986108], [121.999536, 16.986108], [121.999536, 16.983413], [121.998188, 16.983413], [121.998188, 16.984761], [121.996841, 16.984761], [121.996841, 16.982066], [121.992798, 16.982066], [121.992798, 16.980718], [121.994146, 16.980718], [121.994146, 16.979371], [121.998188, 16.979371], [121.998188, 16.978023], [121.999536, 16.978023], [121.999536, 16.976676], [122.000883, 16.976676], [122.000883, 16.975328], [121.998188, 16.975328], [121.998188, 16.976676], [121.996841, 16.976676], [121.996841, 16.978023], [121.995493, 16.978023], [121.995493, 16.976676], [121.994146, 16.976676], [121.994146, 16.978023], [121.992798, 16.978023], [121.992798, 16.973981], [121.994146, 16.973981], [121.994146, 16.972633], [121.992798, 16.972633], [121.992798, 16.967244], [121.990103, 16.967244], [121.990103, 16.968591], [121.991451, 16.968591], [121.991451, 16.971286], [121.990103, 16.971286], [121.990103, 16.972633], [121.991451, 16.972633], [121.991451, 16.973981], [121.988756, 16.973981], [121.988756, 16.976676], [121.987408, 16.976676], [121.987408, 16.975328], [121.986061, 16.975328], [121.986061, 16.978023]]], [[[121.932162, 17.004973], [121.932162, 17.003625], [121.929467, 17.003625], [121.929467, 17.00632], [121.92812, 17.00632], [121.92812, 17.009015], [121.925425, 17.009015], [121.925425, 17.01171], [121.92273, 17.01171], [121.92273, 17.013058], [121.921382, 17.013058], [121.921382, 17.014405], [121.918687, 17.014405], [121.918687, 17.013058], [121.91734, 17.013058], [121.91734, 17.01171], [121.914645, 17.01171], [121.914645, 17.010363], [121.913297, 17.010363], [121.913297, 17.009015], [121.91195, 17.009015], [121.91195, 17.01171], [121.903865, 17.01171], [121.903865, 17.013058], [121.902518, 17.013058], [121.902518, 17.014405], [121.90117, 17.014405], [121.90117, 17.0171], [121.899823, 17.0171], [121.899823, 17.021142], [121.90117, 17.021142], [121.90117, 17.02249], [121.90656, 17.02249], [121.90656, 17.023837], [121.909255, 17.023837], [121.909255, 17.030575], [121.910603, 17.030575], [121.910603, 17.031922], [121.913297, 17.031922], [121.913297, 17.029227], [121.914645, 17.029227], [121.914645, 17.030575], [121.921382, 17.030575], [121.921382, 17.029227], [121.915992, 17.029227], [121.915992, 17.02788], [121.913297, 17.02788], [121.913297, 17.025185], [121.910603, 17.025185], [121.910603, 17.023837], [121.91195, 17.023837], [121.91195, 17.02249], [121.913297, 17.02249], [121.913297, 17.019795], [121.914645, 17.019795], [121.914645, 17.018447], [121.91195, 17.018447], [121.91195, 17.019795], [121.910603, 17.019795], [121.910603, 17.018447], [121.909255, 17.018447], [121.909255, 17.019795], [121.907908, 17.019795], [121.907908, 17.018447], [121.905213, 17.018447], [121.905213, 17.0171], [121.903865, 17.0171], [121.903865, 17.015753], [121.909255, 17.015753], [121.909255, 17.014405], [121.907908, 17.014405], [121.907908, 17.013058], [121.913297, 17.013058], [121.913297, 17.0171], [121.914645, 17.0171], [121.914645, 17.015753], [121.91734, 17.015753], [121.91734, 17.019795], [121.918687, 17.019795], [121.918687, 17.018447], [121.920035, 17.018447], [121.920035, 17.0171], [121.921382, 17.0171], [121.921382, 17.018447], [121.92273, 17.018447], [121.92273, 17.021142], [121.924077, 17.021142], [121.924077, 17.019795], [121.92812, 17.019795], [121.92812, 17.0171], [121.926772, 17.0171], [121.926772, 17.015753], [121.925425, 17.015753], [121.925425, 17.014405], [121.926772, 17.014405], [121.926772, 17.01171], [121.92812, 17.01171], [121.92812, 17.013058], [121.929467, 17.013058], [121.929467, 17.014405], [121.932162, 17.014405], [121.932162, 17.015753], [121.93351, 17.015753], [121.93351, 17.013058], [121.932162, 17.013058], [121.932162, 17.010363], [121.93351, 17.010363], [121.93351, 17.01171], [121.938899, 17.01171], [121.938899, 17.010363], [121.937552, 17.010363], [121.937552, 17.009015], [121.936205, 17.009015], [121.936205, 17.010363], [121.934857, 17.010363], [121.934857, 17.00632], [121.936205, 17.00632], [121.936205, 17.004973], [121.934857, 17.004973], [121.934857, 17.003625], [121.93351, 17.003625], [121.93351, 17.004973], [121.932162, 17.004973]]], [[[121.920035, 17.03866], [121.920035, 17.040007], [121.915992, 17.040007], [121.915992, 17.034617], [121.914645, 17.034617], [121.914645, 17.035965], [121.913297, 17.035965], [121.913297, 17.037312], [121.91195, 17.037312], [121.91195, 17.041355], [121.910603, 17.041355], [121.910603, 17.044049], [121.909255, 17.044049], [121.909255, 17.048092], [121.910603, 17.048092], [121.910603, 17.049439], [121.915992, 17.049439], [121.915992, 17.046744], [121.914645, 17.046744], [121.914645, 17.045397], [121.915992, 17.045397], [121.915992, 17.044049], [121.91195, 17.044049], [121.91195, 17.042702], [121.913297, 17.042702], [121.913297, 17.041355], [121.920035, 17.041355], [121.920035, 17.042702], [121.92273, 17.042702], [121.92273, 17.041355], [121.921382, 17.041355], [121.921382, 17.040007], [121.92273, 17.040007], [121.92273, 17.037312], [121.921382, 17.037312], [121.921382, 17.03866], [121.920035, 17.03866]]], [[[121.913297, 17.095253], [121.913297, 17.093906], [121.91195, 17.093906], [121.91195, 17.095253], [121.90656, 17.095253], [121.90656, 17.093906], [121.903865, 17.093906], [121.903865, 17.095253], [121.905213, 17.095253], [121.905213, 17.096601], [121.910603, 17.096601], [121.910603, 17.099296], [121.91195, 17.099296], [121.91195, 17.097948], [121.913297, 17.097948], [121.913297, 17.096601], [121.914645, 17.096601], [121.914645, 17.095253], [121.913297, 17.095253]]], [[[121.999536, 17.12355], [121.999536, 17.124898], [122.002231, 17.124898], [122.002231, 17.12355], [122.003578, 17.12355], [122.003578, 17.120855], [122.002231, 17.120855], [122.002231, 17.119508], [121.996841, 17.119508], [121.996841, 17.120855], [121.995493, 17.120855], [121.995493, 17.122203], [121.998188, 17.122203], [121.998188, 17.12355], [121.999536, 17.12355]]], [[[121.929467, 17.13972], [121.93351, 17.13972], [121.93351, 17.141068], [121.938899, 17.141068], [121.938899, 17.137025], [121.93351, 17.137025], [121.93351, 17.135678], [121.932162, 17.135678], [121.932162, 17.137025], [121.92812, 17.137025], [121.92812, 17.138373], [121.929467, 17.138373], [121.929467, 17.13972]]], [[[121.955069, 17.177449], [121.955069, 17.176102], [121.953722, 17.176102], [121.953722, 17.180144], [121.952374, 17.180144], [121.952374, 17.184187], [121.960459, 17.184187], [121.960459, 17.182839], [121.961807, 17.182839], [121.961807, 17.180144], [121.960459, 17.180144], [121.960459, 17.174754], [121.959112, 17.174754], [121.959112, 17.177449], [121.955069, 17.177449]]], [[[121.899823, 17.259645], [121.899823, 17.260993], [121.90117, 17.260993], [121.90117, 17.259645], [121.90656, 17.259645], [121.90656, 17.258298], [121.909255, 17.258298], [121.909255, 17.25695], [121.910603, 17.25695], [121.910603, 17.255603], [121.91195, 17.255603], [121.91195, 17.254255], [121.914645, 17.254255], [121.914645, 17.252908], [121.921382, 17.252908], [121.921382, 17.254255], [121.92273, 17.254255], [121.92273, 17.252908], [121.925425, 17.252908], [121.925425, 17.25156], [121.92273, 17.25156], [121.92273, 17.250213], [121.921382, 17.250213], [121.921382, 17.248865], [121.920035, 17.248865], [121.920035, 17.247518], [121.918687, 17.247518], [121.918687, 17.24617], [121.915992, 17.24617], [121.915992, 17.243475], [121.914645, 17.243475], [121.914645, 17.242128], [121.913297, 17.242128], [121.913297, 17.240781], [121.91195, 17.240781], [121.91195, 17.243475], [121.913297, 17.243475], [121.913297, 17.244823], [121.91195, 17.244823], [121.91195, 17.24617], [121.910603, 17.24617], [121.910603, 17.248865], [121.90656, 17.248865], [121.90656, 17.247518], [121.905213, 17.247518], [121.905213, 17.244823], [121.903865, 17.244823], [121.903865, 17.243475], [121.897128, 17.243475], [121.897128, 17.247518], [121.894433, 17.247518], [121.894433, 17.24617], [121.893085, 17.24617], [121.893085, 17.242128], [121.894433, 17.242128], [121.894433, 17.240781], [121.891738, 17.240781], [121.891738, 17.242128], [121.89039, 17.242128], [121.89039, 17.244823], [121.891738, 17.244823], [121.891738, 17.247518], [121.89039, 17.247518], [121.89039, 17.250213], [121.887695, 17.250213], [121.887695, 17.25156], [121.886348, 17.25156], [121.886348, 17.252908], [121.887695, 17.252908], [121.887695, 17.254255], [121.883653, 17.254255], [121.883653, 17.255603], [121.89039, 17.255603], [121.89039, 17.25695], [121.891738, 17.25695], [121.891738, 17.252908], [121.897128, 17.252908], [121.897128, 17.250213], [121.898475, 17.250213], [121.898475, 17.25156], [121.90117, 17.25156], [121.90117, 17.252908], [121.898475, 17.252908], [121.898475, 17.255603], [121.897128, 17.255603], [121.897128, 17.25695], [121.89578, 17.25695], [121.89578, 17.259645], [121.899823, 17.259645]]], [[[121.875568, 17.266383], [121.875568, 17.265035], [121.874221, 17.265035], [121.874221, 17.263688], [121.872873, 17.263688], [121.872873, 17.26234], [121.871526, 17.26234], [121.871526, 17.263688], [121.870178, 17.263688], [121.870178, 17.265035], [121.868831, 17.265035], [121.868831, 17.266383], [121.867483, 17.266383], [121.867483, 17.269077], [121.870178, 17.269077], [121.870178, 17.271772], [121.871526, 17.271772], [121.871526, 17.270425], [121.872873, 17.270425], [121.872873, 17.269077], [121.874221, 17.269077], [121.874221, 17.266383], [121.875568, 17.266383]]], [[[121.871526, 18.047917], [121.871526, 18.049264], [121.874221, 18.049264], [121.874221, 18.047917], [121.875568, 18.047917], [121.875568, 18.045222], [121.874221, 18.045222], [121.874221, 18.042527], [121.870178, 18.042527], [121.870178, 18.045222], [121.868831, 18.045222], [121.868831, 18.046569], [121.870178, 18.046569], [121.870178, 18.047917], [121.871526, 18.047917]]], [[[121.882306, 18.078909], [121.878263, 18.078909], [121.878263, 18.081604], [121.879611, 18.081604], [121.879611, 18.082951], [121.883653, 18.082951], [121.883653, 18.077561], [121.882306, 18.077561], [121.882306, 18.078909]]], [[[121.360834, 17.839059], [121.360834, 17.835016], [121.356791, 17.835016], [121.356791, 17.836364], [121.352749, 17.836364], [121.352749, 17.833669], [121.347359, 17.833669], [121.347359, 17.832321], [121.344664, 17.832321], [121.344664, 17.833669], [121.340621, 17.833669], [121.340621, 17.835016], [121.339274, 17.835016], [121.339274, 17.837711], [121.343316, 17.837711], [121.343316, 17.839059], [121.344664, 17.839059], [121.344664, 17.840406], [121.346011, 17.840406], [121.346011, 17.839059], [121.347359, 17.839059], [121.347359, 17.840406], [121.348706, 17.840406], [121.348706, 17.843101], [121.350054, 17.843101], [121.350054, 17.841753], [121.351401, 17.841753], [121.351401, 17.843101], [121.352749, 17.843101], [121.352749, 17.841753], [121.358139, 17.841753], [121.358139, 17.839059], [121.360834, 17.839059]]], [[[121.356791, 17.843101], [121.356791, 17.844448], [121.358139, 17.844448], [121.358139, 17.845796], [121.356791, 17.845796], [121.356791, 17.847143], [121.358139, 17.847143], [121.358139, 17.848491], [121.359486, 17.848491], [121.359486, 17.845796], [121.360834, 17.845796], [121.360834, 17.847143], [121.362181, 17.847143], [121.362181, 17.843101], [121.360834, 17.843101], [121.360834, 17.841753], [121.358139, 17.841753], [121.358139, 17.843101], [121.356791, 17.843101]]]]}}, {"type": "Feature", "properties": {"area_id": "cagayan-river-basin__down", "name": "Cagayan River Basin (downstream)", "study_type": "river_basin", "zone": "down", "area_ha": 660429.0, "version": 1}, "geometry": {"type": "MultiPolygon", "coordinates": [[[[121.633023, 16.467331], [121.628981, 16.467331], [121.628981, 16.468679], [121.627633, 16.468679], [121.627633, 16.470026], [121.624938, 16.470026], [121.624938, 16.471373], [121.623591, 16.471373], [121.623591, 16.470026], [121.620896, 16.470026], [121.620896, 16.468679], [121.619548, 16.468679], [121.619548, 16.467331], [121.618201, 16.467331], [121.618201, 16.464636], [121.616853, 16.464636], [121.616853, 16.463289], [121.615506, 16.463289], [121.615506, 16.461941], [121.614158, 16.461941], [121.614158, 16.463289], [121.612811, 16.463289], [121.612811, 16.461941], [121.611464, 16.461941], [121.611464, 16.464636], [121.615506, 16.464636], [121.615506, 16.465984], [121.616853, 16.465984], [121.616853, 16.470026], [121.618201, 16.470026], [121.618201, 16.474068], [121.624938, 16.474068], [121.624938, 16.472721], [121.627633, 16.472721], [121.627633, 16.471373], [121.628981, 16.471373], [121.628981, 16.470026], [121.630328, 16.470026], [121.630328, 16.468679], [121.633023, 16.468679], [121.633023, 16.467331]]], [[[121.684227, 16.492933], [121.684227, 16.491586], [121.681532, 16.491586], [121.681532, 16.490238], [121.680185, 16.490238], [121.680185, 16.492933], [121.678837, 16.492933], [121.678837, 16.494281], [121.680185, 16.494281], [121.680185, 16.496975], [121.681532, 16.496975], [121.681532, 16.49967], [121.685575, 16.49967], [121.685575, 16.498323], [121.686922, 16.498323], [121.686922, 16.496975], [121.684227, 16.496975], [121.684227, 16.494281], [121.68288, 16.494281], [121.68288, 16.492933], [121.684227, 16.492933]]], [[[121.654583, 16.534705], [121.654583, 16.530662], [121.657278, 16.530662], [121.657278, 16.529315], [121.658625, 16.529315], [121.658625, 16.527967], [121.65593, 16.527967], [121.65593, 16.52662], [121.654583, 16.52662], [121.654583, 16.527967], [121.651888, 16.527967], [121.651888, 16.53201], [121.653235, 16.53201], [121.653235, 16.534705], [121.654583, 16.534705]]], [[[121.510403, 16.965896], [121.511751, 16.965896], [121.511751, 16.967244], [121.513098, 16.967244], [121.513098, 16.964549], [121.514445, 16.964549], [121.514445, 16.963201], [121.513098, 16.963201], [121.513098, 16.961854], [121.510403, 16.961854], [121.510403, 16.964549], [121.509056, 16.964549], [121.509056, 16.969938], [121.510403, 16.969938], [121.510403, 16.965896]]], [[[121.546785, 17.116813], [121.546785, 17.115466], [121.545437, 17.115466], [121.545437, 17.112771], [121.54409, 17.112771], [121.54409, 17.111423], [121.542742, 17.111423], [121.542742, 17.110076], [121.541395, 17.110076], [121.541395, 17.108728], [121.540047, 17.108728], [121.540047, 17.104686], [121.5387, 17.104686], [121.5387, 17.103338], [121.537353, 17.103338], [121.537353, 17.101991], [121.536005, 17.101991], [121.536005, 17.100643], [121.531963, 17.100643], [121.531963, 17.103338], [121.53331, 17.103338], [121.53331, 17.107381], [121.536005, 17.107381], [121.536005, 17.108728], [121.53331, 17.108728], [121.53331, 17.110076], [121.531963, 17.110076], [121.531963, 17.111423], [121.530615, 17.111423], [121.530615, 17.116813], [121.526573, 17.116813], [121.526573, 17.115466], [121.525225, 17.115466], [121.525225, 17.114118], [121.523878, 17.114118], [121.523878, 17.112771], [121.52253, 17.112771], [121.52253, 17.116813], [121.521183, 17.116813], [121.521183, 17.119508], [121.519835, 17.119508], [121.519835, 17.120855], [121.518488, 17.120855], [121.518488, 17.126245], [121.51714, 17.126245], [121.51714, 17.12894], [121.515793, 17.12894], [121.515793, 17.131635], [121.514445, 17.131635], [121.514445, 17.132983], [121.513098, 17.132983], [121.513098, 17.13433], [121.514445, 17.13433], [121.514445, 17.138373], [121.513098, 17.138373], [121.513098, 17.13972], [121.511751, 17.13972], [121.511751, 17.141068], [121.500971, 17.141068], [121.500971, 17.142415], [121.503666, 17.142415], [121.503666, 17.143762], [121.505013, 17.143762], [121.505013, 17.149152], [121.506361, 17.149152], [121.506361, 17.142415], [121.510403, 17.142415], [121.510403, 17.14511], [121.511751, 17.14511], [121.511751, 17.146457], [121.513098, 17.146457], [121.513098, 17.147805], [121.514445, 17.147805], [121.514445, 17.149152], [121.515793, 17.149152], [121.515793, 17.14511], [121.51714, 17.14511], [121.51714, 17.1505], [121.518488, 17.1505], [121.518488, 17.14511], [121.519835, 17.14511], [121.519835, 17.143762], [121.521183, 17.143762], [121.521183, 17.141068], [121.519835, 17.141068], [121.519835, 17.138373], [121.521183, 17.138373], [121.521183, 17.132983], [121.519835, 17.132983], [121.519835, 17.12894], [121.521183, 17.12894], [121.521183, 17.127593], [121.52253, 17.127593], [121.52253, 17.124898], [121.523878, 17.124898], [121.523878, 17.119508], [121.530615, 17.119508], [121.530615, 17.127593], [121.531963, 17.127593], [121.531963, 17.126245], [121.53331, 17.126245], [121.53331, 17.12355], [121.534658, 17.12355], [121.534658, 17.122203], [121.536005, 17.122203], [121.536005, 17.119508], [121.5387, 17.119508], [121.5387, 17.11816], [121.537353, 17.11816], [121.537353, 17.115466], [121.536005, 17.115466], [121.536005, 17.114118], [121.5387, 17.114118], [121.5387, 17.112771], [121.540047, 17.112771], [121.540047, 17.114118], [121.542742, 17.114118], [121.542742, 17.116813], [121.54409, 17.116813], [121.54409, 17.11816], [121.545437, 17.11816], [121.545437, 17.119508], [121.548132, 17.119508], [121.548132, 17.116813], [121.546785, 17.116813]]], [[[121.494233, 17.135678], [121.498276, 17.135678], [121.498276, 17.131635], [121.499623, 17.131635], [121.499623, 17.130288], [121.502318, 17.130288], [121.502318, 17.12894], [121.503666, 17.12894], [121.503666, 17.126245], [121.498276, 17.126245], [121.498276, 17.12894], [121.496928, 17.12894], [121.496928, 17.132983], [121.495581, 17.132983], [121.495581, 17.13433], [121.492886, 17.13433], [121.492886, 17.135678], [121.491538, 17.135678], [121.491538, 17.137025], [121.494233, 17.137025], [121.494233, 17.135678]]], [[[121.56026, 17.310849], [121.556217, 17.310849], [121.556217, 17.312197], [121.561607, 17.312197], [121.561607, 17.316239], [121.562955, 17.316239], [121.562955, 17.317586], [121.564302, 17.317586], [121.564302, 17.318934], [121.566997, 17.318934], [121.566997, 17.312197], [121.565649, 17.312197], [121.565649, 17.309502], [121.562955, 17.309502], [121.562955, 17.308154], [121.564302, 17.308154], [121.564302, 17.305459], [121.566997, 17.305459], [121.566997, 17.302764], [121.565649, 17.302764], [121.565649, 17.304112], [121.561607, 17.304112], [121.561607, 17.305459], [121.558912, 17.305459], [121.558912, 17.306807], [121.557565, 17.306807], [121.557565, 17.308154], [121.56026, 17.308154], [121.56026, 17.310849]]], [[[121.504167, 18.112498], [121.508332, 18.112498], [121.514923, 18.112855], [121.522575, 18.12048], [121.527426, 18.121185], [121.530909, 18.124645], [121.537499, 18.125002], [121.538141, 18.127133], [121.541022, 18.1312], [121.543113, 18.138143], [121.547969, 18.136858], [121.553846, 18.132689], [121.556303, 18.133978], [121.560365, 18.136858], [121.568802, 18.138143], [121.572864, 18.141023], [121.586728, 18.142437], [121.588141, 18.1563], [121.595191, 18.164532], [121.597095, 18.170855], [121.602031, 18.174355], [121.604167, 18.175002], [121.603547, 18.189659], [121.600618, 18.193672], [121.599382, 18.196642], [121.611881, 18.21034], [121.613295, 18.220038], [121.624309, 18.221644], [121.625615, 18.242405], [121.623669, 18.244648], [121.626286, 18.244648], [121.626286, 18.2433], [121.628981, 18.2433], [121.628981, 18.241953], [121.630328, 18.241953], [121.630328, 18.240605], [121.634371, 18.240605], [121.634371, 18.241953], [121.635718, 18.241953], [121.635718, 18.240605], [121.637066, 18.240605], [121.637066, 18.2433], [121.635718, 18.2433], [121.635718, 18.244648], [121.630328, 18.244648], [121.630328, 18.245995], [121.628981, 18.245995], [121.628981, 18.247343], [121.626286, 18.247343], [121.626286, 18.24869], [121.624938, 18.24869], [121.624938, 18.250038], [121.623591, 18.250038], [121.623591, 18.251385], [121.619548, 18.251385], [121.619548, 18.250038], [121.620896, 18.250038], [121.620896, 18.24869], [121.622243, 18.24869], [121.622243, 18.247343], [121.623591, 18.247343], [121.623591, 18.244738], [121.617286, 18.252006], [121.616051, 18.258801], [121.620273, 18.264585], [121.617286, 18.268674], [121.616051, 18.27716], [121.613117, 18.281173], [121.612501, 18.2875], [121.613068, 18.289712], [121.621415, 18.299081], [121.628318, 18.300851], [121.629736, 18.306376], [121.641097, 18.318625], [121.641668, 18.325001], [121.641668, 18.329166], [121.648259, 18.329518], [121.655911, 18.337148], [121.662501, 18.3375], [121.662853, 18.335074], [121.666314, 18.331592], [121.667018, 18.32674], [121.670478, 18.323258], [121.670835, 18.316667], [121.671187, 18.310077], [121.674648, 18.30659], [121.675352, 18.301743], [121.678813, 18.298256], [121.679521, 18.293409], [121.687147, 18.285757], [121.687856, 18.28091], [121.691311, 18.277423], [121.69202, 18.268411], [121.696185, 18.264215], [121.695481, 18.251743], [121.69202, 18.248256], [121.691311, 18.243409], [121.687856, 18.239926], [121.687147, 18.226741], [121.683686, 18.223258], [121.682982, 18.218411], [121.678813, 18.214215], [121.679521, 18.210077], [121.682982, 18.20659], [121.683334, 18.199999], [121.710508, 18.199393], [121.714494, 18.196436], [121.724215, 18.195059], [121.725446, 18.186742], [121.720229, 18.179706], [121.721437, 18.176995], [121.724393, 18.173008], [121.725606, 18.168661], [121.728563, 18.164674], [121.729771, 18.160327], [121.732727, 18.15634], [121.73394, 18.151993], [121.741061, 18.143841], [121.741881, 18.140892], [121.740821, 18.140892], [121.740821, 18.139545], [121.738126, 18.139545], [121.738126, 18.135503], [121.739473, 18.135503], [121.739473, 18.134155], [121.740821, 18.134155], [121.740821, 18.132808], [121.739473, 18.132808], [121.739473, 18.128765], [121.738126, 18.128765], [121.738126, 18.132808], [121.735431, 18.132808], [121.735431, 18.13146], [121.734084, 18.13146], [121.734084, 18.132808], [121.732736, 18.132808], [121.732736, 18.12068], [121.731389, 18.12068], [121.731389, 18.122028], [121.730041, 18.122028], [121.730041, 18.12068], [121.728694, 18.12068], [121.728694, 18.117985], [121.725999, 18.117985], [121.725999, 18.116638], [121.724651, 18.116638], [121.724651, 18.11529], [121.723304, 18.11529], [121.723304, 18.112596], [121.721956, 18.112596], [121.721956, 18.111248], [121.723304, 18.111248], [121.723304, 18.109901], [121.721956, 18.109901], [121.721956, 18.108553], [121.719261, 18.108553], [121.719261, 18.107206], [121.716566, 18.107206], [121.716566, 18.105858], [121.715219, 18.105858], [121.715219, 18.103163], [121.713871, 18.103163], [121.713871, 18.101816], [121.716566, 18.101816], [121.716566, 18.100468], [121.717914, 18.100468], [121.717914, 18.099121], [121.715219, 18.099121], [121.715219, 18.097773], [121.716566, 18.097773], [121.716566, 18.096426], [121.717914, 18.096426], [121.717914, 18.095078], [121.719261, 18.095078], [121.719261, 18.093731], [121.717914, 18.093731], [121.717914, 18.088341], [121.716566, 18.088341], [121.716566, 18.085646], [121.715219, 18.085646], [121.715219, 18.084299], [121.713871, 18.084299], [121.713871, 18.082951], [121.717914, 18.082951], [121.717914, 18.081604], [121.719261, 18.081604], [121.719261, 18.080256], [121.720609, 18.080256], [121.720609, 18.081604], [121.723304, 18.081604], [121.723304, 18.082951], [121.725999, 18.082951], [121.725999, 18.081604], [121.724651, 18.081604], [121.724651, 18.078909], [121.721956, 18.078909], [121.721956, 18.077561], [121.724651, 18.077561], [121.724651, 18.076214], [121.725999, 18.076214], [121.725999, 18.073519], [121.727346, 18.073519], [121.727346, 18.070824], [121.728694, 18.070824], [121.728694, 18.069476], [121.730041, 18.069476], [121.730041, 18.070824], [121.731389, 18.070824], [121.731389, 18.073519], [121.730041, 18.073519], [121.730041, 18.081604], [121.734084, 18.081604], [121.734084, 18.080256], [121.735431, 18.080256], [121.735431, 18.078909], [121.736779, 18.078909], [121.736779, 18.076214], [121.743516, 18.076214], [121.743516, 18.074866], [121.744863, 18.074866], [121.744863, 18.076214], [121.747558, 18.076214], [121.747558, 18.077561], [121.744863, 18.077561], [121.744863, 18.080256], [121.747558, 18.080256], [121.747558, 18.078909], [121.750253, 18.078909], [121.750253, 18.076214], [121.748906, 18.076214], [121.748906, 18.073519], [121.750253, 18.073519], [121.750253, 18.072171], [121.751601, 18.072171], [121.751601, 18.073519], [121.752948, 18.073519], [121.752948, 18.074866], [121.751601, 18.074866], [121.751601, 18.077561], [121.752948, 18.077561], [121.752948, 18.081604], [121.751601, 18.081604], [121.751601, 18.086994], [121.747558, 18.086994], [121.747558, 18.088341], [121.750253, 18.088341], [121.750253, 18.089688], [121.748906, 18.089688], [121.748906, 18.091036], [121.747558, 18.091036], [121.747558, 18.092383], [121.748906, 18.092383], [121.748906, 18.093731], [121.751601, 18.093731], [121.751601, 18.091036], [121.755643, 18.091036], [121.755643, 18.089688], [121.754296, 18.089688], [121.754296, 18.088341], [121.752948, 18.088341], [121.752948, 18.086994], [121.754296, 18.086994], [121.754296, 18.084299], [121.756991, 18.084299], [121.756991, 18.082951], [121.755643, 18.082951], [121.755643, 18.080256], [121.756991, 18.080256], [121.756991, 18.077561], [121.755643, 18.077561], [121.755643, 18.076214], [121.756991, 18.076214], [121.756991, 18.074866], [121.759686, 18.074866], [121.759686, 18.073519], [121.761033, 18.073519], [121.761033, 18.076214], [121.759686, 18.076214], [121.759686, 18.077561], [121.761033, 18.077561], [121.761033, 18.080256], [121.763728, 18.080256], [121.763728, 18.076214], [121.762381, 18.076214], [121.762381, 18.074866], [121.769118, 18.074866], [121.769118, 18.073519], [121.770465, 18.073519], [121.770465, 18.074866], [121.77316, 18.074866], [121.77316, 18.073519], [121.774508, 18.073519], [121.774508, 18.074866], [121.775855, 18.074866], [121.775855, 18.076214], [121.779898, 18.076214], [121.779898, 18.073519], [121.781245, 18.073519], [121.781245, 18.072171], [121.782593, 18.072171], [121.782593, 18.074866], [121.78394, 18.074866], [121.78394, 18.076214], [121.785288, 18.076214], [121.785288, 18.078909], [121.78394, 18.078909], [121.78394, 18.080256], [121.782593, 18.080256], [121.782593, 18.081604], [121.779898, 18.081604], [121.779898, 18.082951], [121.777203, 18.082951], [121.777203, 18.085646], [121.77855, 18.085646], [121.77855, 18.086994], [121.779898, 18.086994], [121.779898, 18.088341], [121.77855, 18.088341], [121.77855, 18.089688], [121.777203, 18.089688], [121.777203, 18.091036], [121.775855, 18.091036], [121.775855, 18.092383], [121.77855, 18.092383], [121.77855, 18.091036], [121.779898, 18.091036], [121.779898, 18.089688], [121.782593, 18.089688], [121.782593, 18.082951], [121.78394, 18.082951], [121.78394, 18.081604], [121.785288, 18.081604], [121.785288, 18.080256], [121.787982, 18.080256], [121.787982, 18.074866], [121.78933, 18.074866], [121.78933, 18.077561], [121.790677, 18.077561], [121.790677, 18.086994], [121.792025, 18.086994], [121.792025, 18.084299], [121.793372, 18.084299], [121.793372, 18.081604], [121.792025, 18.081604], [121.792025, 18.070824], [121.793372, 18.070824], [121.793372, 18.073519], [121.796067, 18.073519], [121.796067, 18.070824], [121.79472, 18.070824], [121.79472, 18.069476], [121.797415, 18.069476], [121.797415, 18.070824], [121.80011, 18.070824], [121.80011, 18.072171], [121.801457, 18.072171], [121.801457, 18.070824], [121.804152, 18.070824], [121.804152, 18.069476], [121.8055, 18.069476], [121.8055, 18.070824], [121.808195, 18.070824], [121.808195, 18.068129], [121.809542, 18.068129], [121.809542, 18.070824], [121.81089, 18.070824], [121.81089, 18.069476], [121.812237, 18.069476], [121.812237, 18.074866], [121.813584, 18.074866], [121.813584, 18.073519], [121.814932, 18.073519], [121.814932, 18.070824], [121.816279, 18.070824], [121.816279, 18.069476], [121.817627, 18.069476], [121.817627, 18.070824], [121.821669, 18.070824], [121.821669, 18.074866], [121.823017, 18.074866], [121.823017, 18.076214], [121.825712, 18.076214], [121.825712, 18.074866], [121.832449, 18.074866], [121.832449, 18.076214], [121.835144, 18.076214], [121.835144, 18.077561], [121.836492, 18.077561], [121.836492, 18.078909], [121.839186, 18.078909], [121.839186, 18.077561], [121.840534, 18.077561], [121.840534, 18.076214], [121.839186, 18.076214], [121.839186, 18.073519], [121.837839, 18.073519], [121.837839, 18.072171], [121.839186, 18.072171], [121.839186, 18.070824], [121.840534, 18.070824], [121.840534, 18.072171], [121.841881, 18.072171], [121.841881, 18.074866], [121.843229, 18.074866], [121.843229, 18.076214], [121.844576, 18.076214], [121.844576, 18.074866], [121.848619, 18.074866], [121.848619, 18.073519], [121.849966, 18.073519], [121.849966, 18.074866], [121.851314, 18.074866], [121.851314, 18.078909], [121.852661, 18.078909], [121.852661, 18.080256], [121.849966, 18.080256], [121.849966, 18.081604], [121.845924, 18.081604], [121.845924, 18.082951], [121.851314, 18.082951], [121.851314, 18.084299], [121.852661, 18.084299], [121.852661, 18.089688], [121.858051, 18.089688], [121.858051, 18.088341], [121.856704, 18.088341], [121.856704, 18.084299], [121.858051, 18.084299], [121.858051, 18.082951], [121.854009, 18.082951], [121.854009, 18.080256], [121.855356, 18.080256], [121.855356, 18.078909], [121.856704, 18.078909], [121.856704, 18.073519], [121.855356, 18.073519], [121.855356, 18.072171], [121.854009, 18.072171], [121.854009, 18.069476], [121.852661, 18.069476], [121.852661, 18.068129], [121.854009, 18.068129], [121.854009, 18.065434], [121.852661, 18.065434], [121.852661, 18.064086], [121.854009, 18.064086], [121.854009, 18.062739], [121.855356, 18.062739], [121.855356, 18.061392], [121.856704, 18.061392], [121.856704, 18.060044], [121.858051, 18.060044], [121.858051, 18.061392], [121.859399, 18.061392], [121.859399, 18.062739], [121.862094, 18.062739], [121.862094, 18.064086], [121.864788, 18.064086], [121.864788, 18.066781], [121.867483, 18.066781], [121.867483, 18.068129], [121.868831, 18.068129], [121.868831, 18.069476], [121.871526, 18.069476], [121.871526, 18.070824], [121.872873, 18.070824], [121.872873, 18.072171], [121.874221, 18.072171], [121.874221, 18.074866], [121.872873, 18.074866], [121.872873, 18.076214], [121.871526, 18.076214], [121.871526, 18.077561], [121.872873, 18.077561], [121.872873, 18.078909], [121.874221, 18.078909], [121.874221, 18.081604], [121.875568, 18.081604], [121.875568, 18.082951], [121.876916, 18.082951], [121.876916, 18.085646], [121.878263, 18.085646], [121.878263, 18.086994], [121.876916, 18.086994], [121.876916, 18.088341], [121.874221, 18.088341], [121.874221, 18.089688], [121.872873, 18.089688], [121.872873, 18.091036], [121.875568, 18.091036], [121.875568, 18.089688], [121.878263, 18.089688], [121.878263, 18.092383], [121.880958, 18.092383], [121.880958, 18.089688], [121.883653, 18.089688], [121.883653, 18.091036], [121.885001, 18.091036], [121.885001, 18.092383], [121.887695, 18.092383], [121.887695, 18.095078], [121.886348, 18.095078], [121.886348, 18.100468], [121.887695, 18.100468], [121.887695, 18.099121], [121.889043, 18.099121], [121.889043, 18.096426], [121.89039, 18.096426], [121.89039, 18.093731], [121.893085, 18.093731], [121.893085, 18.095078], [121.897128, 18.095078], [121.897128, 18.092383], [121.89578, 18.092383], [121.89578, 18.091036], [121.893085, 18.091036], [121.893085, 18.089688], [121.891738, 18.089688], [121.891738, 18.086994], [121.889043, 18.086994], [121.889043, 18.084299], [121.89039, 18.084299], [121.89039, 18.082951], [121.897128, 18.082951], [121.897128, 18.078909], [121.899823, 18.078909], [121.899823, 18.077561], [121.898475, 18.077561], [121.898475, 18.076214], [121.90117, 18.076214], [121.90117, 18.074866], [121.903865, 18.074866], [121.903865, 18.073519], [121.902518, 18.073519], [121.902518, 18.069476], [121.909255, 18.069476], [121.909255, 18.068129], [121.91195, 18.068129], [121.91195, 18.069476], [121.913297, 18.069476], [121.913297, 18.070824], [121.91195, 18.070824], [121.91195, 18.072171], [121.910603, 18.072171], [121.910603, 18.074866], [121.913297, 18.074866], [121.913297, 18.077561], [121.914645, 18.077561], [121.914645, 18.076214], [121.915992, 18.076214], [121.915992, 18.080256], [121.91734, 18.080256], [121.91734, 18.081604], [121.915992, 18.081604], [121.915992, 18.084299], [121.91734, 18.084299], [121.91734, 18.082951], [121.921382, 18.082951], [121.921382, 18.081604], [121.92273, 18.081604], [121.92273, 18.082951], [121.925425, 18.082951], [121.925425, 18.081604], [121.92812, 18.081604], [121.92812, 18.073519], [121.929467, 18.073519], [121.929467, 18.074866], [121.930815, 18.074866], [121.930815, 18.076214], [121.932162, 18.076214], [121.932162, 18.074866], [121.937552, 18.074866], [121.937552, 18.076214], [121.938899, 18.076214], [121.938899, 18.077561], [121.940247, 18.077561], [121.940247, 18.078909], [121.941594, 18.078909], [121.941594, 18.080256], [121.946984, 18.080256], [121.946984, 18.077561], [121.948332, 18.077561], [121.948332, 18.073519], [121.946984, 18.073519], [121.946984, 18.068129], [121.945637, 18.068129], [121.945637, 18.066781], [121.944289, 18.066781], [121.944289, 18.065434], [121.941594, 18.065434], [121.941594, 18.064086], [121.945637, 18.064086], [121.945637, 18.061392], [121.941594, 18.061392], [121.941594, 18.062739], [121.938899, 18.062739], [121.938899, 18.064086], [121.937552, 18.064086], [121.937552, 18.066781], [121.936205, 18.066781], [121.936205, 18.069476], [121.932162, 18.069476], [121.932162, 18.064086], [121.92812, 18.064086], [121.92812, 18.066781], [121.926772, 18.066781], [121.926772, 18.068129], [121.925425, 18.068129], [121.925425, 18.069476], [121.921382, 18.069476], [121.921382, 18.070824], [121.920035, 18.070824], [121.920035, 18.072171], [121.91734, 18.072171], [121.91734, 18.069476], [121.915992, 18.069476], [121.915992, 18.068129], [121.914645, 18.068129], [121.914645, 18.066781], [121.913297, 18.066781], [121.913297, 18.065434], [121.910603, 18.065434], [121.910603, 18.064086], [121.913297, 18.064086], [121.913297, 18.061392], [121.914645, 18.061392], [121.914645, 18.057349], [121.915992, 18.057349], [121.915992, 18.056002], [121.914645, 18.056002], [121.914645, 18.054654], [121.913297, 18.054654], [121.913297, 18.053307], [121.914645, 18.053307], [121.914645, 18.051959], [121.915992, 18.051959], [121.915992, 18.050612], [121.914645, 18.050612], [121.914645, 18.049264], [121.913297, 18.049264], [121.913297, 18.045222], [121.91195, 18.045222], [121.91195, 18.047917], [121.910603, 18.047917], [121.910603, 18.046569], [121.909255, 18.046569], [121.909255, 18.043874], [121.910603, 18.043874], [121.910603, 18.042527], [121.90656, 18.042527], [121.90656, 18.043874], [121.905213, 18.043874], [121.905213, 18.041179], [121.903865, 18.041179], [121.903865, 18.03579], [121.90656, 18.03579], [121.90656, 18.034442], [121.909255, 18.034442], [121.909255, 18.031747], [121.907908, 18.031747], [121.907908, 18.033095], [121.903865, 18.033095], [121.903865, 18.034442], [121.902518, 18.034442], [121.902518, 18.03579], [121.90117, 18.03579], [121.90117, 18.037137], [121.899823, 18.037137], [121.899823, 18.038484], [121.90117, 18.038484], [121.90117, 18.041179], [121.902518, 18.041179], [121.902518, 18.042527], [121.90117, 18.042527], [121.90117, 18.046569], [121.899823, 18.046569], [121.899823, 18.047917], [121.898475, 18.047917], [121.898475, 18.049264], [121.897128, 18.049264], [121.897128, 18.046569], [121.89578, 18.046569], [121.89578, 18.050612], [121.893085, 18.050612], [121.893085, 18.047917], [121.891738, 18.047917], [121.891738, 18.046569], [121.89039, 18.046569], [121.89039, 18.045222], [121.891738, 18.045222], [121.891738, 18.042527], [121.889043, 18.042527], [121.889043, 18.039832], [121.887695, 18.039832], [121.887695, 18.038484], [121.889043, 18.038484], [121.889043, 18.03579], [121.89039, 18.03579], [121.89039, 18.034442], [121.893085, 18.034442], [121.893085, 18.033095], [121.894433, 18.033095], [121.894433, 18.031747], [121.893085, 18.031747], [121.893085, 18.029052], [121.894433, 18.029052], [121.894433, 18.027705], [121.89578, 18.027705], [121.89578, 18.026357], [121.897128, 18.026357], [121.897128, 18.023662], [121.898475, 18.023662], [121.898475, 18.022315], [121.89578, 18.022315], [121.89578, 18.020967], [121.894433, 18.020967], [121.894433, 18.01962], [121.89578, 18.01962], [121.89578, 18.018272], [121.894433, 18.018272], [121.894433, 18.016925], [121.89578, 18.016925], [121.89578, 18.01423], [121.897128, 18.01423], [121.897128, 18.012883], [121.894433, 18.012883], [121.894433, 18.01423], [121.893085, 18.01423], [121.893085, 18.016925], [121.891738, 18.016925], [121.891738, 18.020967], [121.893085, 18.020967], [121.893085, 18.022315], [121.894433, 18.022315], [121.894433, 18.026357], [121.893085, 18.026357], [121.893085, 18.027705], [121.89039, 18.027705], [121.89039, 18.031747], [121.885001, 18.031747], [121.885001, 18.033095], [121.886348, 18.033095], [121.886348, 18.034442], [121.885001, 18.034442], [121.885001, 18.03579], [121.886348, 18.03579], [121.886348, 18.037137], [121.885001, 18.037137], [121.885001, 18.038484], [121.880958, 18.038484], [121.880958, 18.039832], [121.882306, 18.039832], [121.882306, 18.041179], [121.883653, 18.041179], [121.883653, 18.042527], [121.882306, 18.042527], [121.882306, 18.043874], [121.880958, 18.043874], [121.880958, 18.045222], [121.878263, 18.045222], [121.878263, 18.041179], [121.872873, 18.041179], [121.872873, 18.039832], [121.871526, 18.039832], [121.871526, 18.038484], [121.870178, 18.038484], [121.870178, 18.039832], [121.868831, 18.039832], [121.868831, 18.038484], [121.867483, 18.038484], [121.867483, 18.039832], [121.866136, 18.039832], [121.866136, 18.038484], [121.864788, 18.038484], [121.864788, 18.041179], [121.862094, 18.041179], [121.862094, 18.042527], [121.864788, 18.042527], [121.864788, 18.045222], [121.863441, 18.045222], [121.863441, 18.046569], [121.862094, 18.046569], [121.862094, 18.045222], [121.856704, 18.045222], [121.856704, 18.046569], [121.855356, 18.046569], [121.855356, 18.047917], [121.858051, 18.047917], [121.858051, 18.049264], [121.851314, 18.049264], [121.851314, 18.046569], [121.847271, 18.046569], [121.847271, 18.045222], [121.845924, 18.045222], [121.845924, 18.042527], [121.844576, 18.042527], [121.844576, 18.041179], [121.847271, 18.041179], [121.847271, 18.042527], [121.851314, 18.042527], [121.851314, 18.043874], [121.854009, 18.043874], [121.854009, 18.042527], [121.852661, 18.042527], [121.852661, 18.041179], [121.851314, 18.041179], [121.851314, 18.039832], [121.849966, 18.039832], [121.849966, 18.038484], [121.848619, 18.038484], [121.848619, 18.037137], [121.854009, 18.037137], [121.854009, 18.038484], [121.858051, 18.038484], [121.858051, 18.037137], [121.856704, 18.037137], [121.856704, 18.03579], [121.855356, 18.03579], [121.855356, 18.034442], [121.856704, 18.034442], [121.856704, 18.033095], [121.858051, 18.033095], [121.858051, 18.031747], [121.860746, 18.031747], [121.860746, 18.0304], [121.855356, 18.0304], [121.855356, 18.029052], [121.852661, 18.029052], [121.852661, 18.027705], [121.854009, 18.027705], [121.854009, 18.026357], [121.862094, 18.026357], [121.862094, 18.02501], [121.863441, 18.02501], [121.863441, 18.023662], [121.864788, 18.023662], [121.864788, 18.02501], [121.871526, 18.02501], [121.871526, 18.023662], [121.866136, 18.023662], [121.866136, 18.022315], [121.864788, 18.022315], [121.864788, 18.012883], [121.863441, 18.012883], [121.863441, 18.01423], [121.862094, 18.01423], [121.862094, 18.015577], [121.860746, 18.015577], [121.860746, 18.01423], [121.859399, 18.01423], [121.859399, 18.015577], [121.856704, 18.015577], [121.856704, 18.01423], [121.858051, 18.01423], [121.858051, 18.012883], [121.862094, 18.012883], [121.862094, 18.011535], [121.867483, 18.011535], [121.867483, 18.012883], [121.870178, 18.012883], [121.870178, 18.015577], [121.872873, 18.015577], [121.872873, 18.018272], [121.874221, 18.018272], [121.874221, 18.015577], [121.876916, 18.015577], [121.876916, 18.01423], [121.871526, 18.01423], [121.871526, 18.012883], [121.872873, 18.012883], [121.872873, 18.011535], [121.875568, 18.011535], [121.875568, 18.012883], [121.876916, 18.012883], [121.876916, 18.00884], [121.878263, 18.00884], [121.878263, 18.01423], [121.879611, 18.01423], [121.879611, 18.012883], [121.883653, 18.012883], [121.883653, 18.010188], [121.882306, 18.010188], [121.882306, 18.011535], [121.879611, 18.011535], [121.879611, 18.00884], [121.882306, 18.00884], [121.882306, 18.006145], [121.883653, 18.006145], [121.883653, 18.007493], [121.885001, 18.007493], [121.885001, 18.006145], [121.887695, 18.006145], [121.887695, 18.004798], [121.883653, 18.004798], [121.883653, 18.002103], [121.882306, 18.002103], [121.882306, 18.000755], [121.883653, 18.000755], [121.883653, 17.999408], [121.882306, 17.999408], [121.882306, 17.99806], [121.880958, 17.99806], [121.880958, 18.000755], [121.878263, 18.000755], [121.878263, 17.999408], [121.876916, 17.999408], [121.876916, 17.996713], [121.878263, 17.996713], [121.878263, 17.994018], [121.879611, 17.994018], [121.879611, 17.995365], [121.883653, 17.995365], [121.883653, 17.99267], [121.885001, 17.99267], [121.885001, 17.994018], [121.889043, 17.994018], [121.889043, 17.995365], [121.886348, 17.995365], [121.886348, 17.99806], [121.887695, 17.99806], [121.887695, 17.999408], [121.886348, 17.999408], [121.886348, 18.000755], [121.887695, 18.000755], [121.887695, 18.002103], [121.889043, 18.002103], [121.889043, 18.000755], [121.89039, 18.000755], [121.89039, 18.002103], [121.891738, 18.002103], [121.891738, 17.999408], [121.893085, 17.999408], [121.893085, 18.006145], [121.894433, 18.006145], [121.894433, 18.004798], [121.897128, 18.004798], [121.897128, 18.000755], [121.898475, 18.000755], [121.898475, 18.00345], [121.90117, 18.00345], [121.90117, 18.000755], [121.899823, 18.000755], [121.899823, 17.999408], [121.902518, 17.999408], [121.902518, 18.002103], [121.903865, 18.002103], [121.903865, 18.004798], [121.907908, 18.004798], [121.907908, 18.006145], [121.90656, 18.006145], [121.90656, 18.007493], [121.907908, 18.007493], [121.907908, 18.00884], [121.909255, 18.00884], [121.909255, 18.012883], [121.913297, 18.012883], [121.913297, 18.016925], [121.915992, 18.016925], [121.915992, 18.018272], [121.914645, 18.018272], [121.914645, 18.01962], [121.91734, 18.01962], [121.91734, 18.022315], [121.918687, 18.022315], [121.918687, 18.026357], [121.921382, 18.026357], [121.921382, 18.02501], [121.92273, 18.02501], [121.92273, 18.031747], [121.925425, 18.031747], [121.925425, 18.033095], [121.92812, 18.033095], [121.92812, 18.0304], [121.932162, 18.0304], [121.932162, 18.031747], [121.934857, 18.031747], [121.934857, 18.0304], [121.936205, 18.0304], [121.936205, 18.029052], [121.937552, 18.029052], [121.937552, 18.027705], [121.938899, 18.027705], [121.938899, 18.026357], [121.940247, 18.026357], [121.940247, 18.022315], [121.941594, 18.022315], [121.941594, 18.023662], [121.944289, 18.023662], [121.944289, 18.027705], [121.946984, 18.027705], [121.946984, 18.029052], [121.949679, 18.029052], [121.949679, 18.0304], [121.951027, 18.0304], [121.951027, 18.031747], [121.953722, 18.031747], [121.953722, 18.029052], [121.952374, 18.029052], [121.952374, 18.027705], [121.951027, 18.027705], [121.951027, 18.02501], [121.946984, 18.02501], [121.946984, 18.01962], [121.942942, 18.01962], [121.942942, 18.018272], [121.944289, 18.018272], [121.944289, 18.016925], [121.941594, 18.016925], [121.941594, 18.01423], [121.940247, 18.01423], [121.940247, 18.012883], [121.937552, 18.012883], [121.937552, 18.011535], [121.938899, 18.011535], [121.938899, 18.010188], [121.940247, 18.010188], [121.940247, 18.007493], [121.941594, 18.007493], [121.941594, 17.994018], [121.942942, 17.994018], [121.942942, 17.99267], [121.944289, 17.99267], [121.944289, 17.989975], [121.945637, 17.989975], [121.945637, 17.991323], [121.946984, 17.991323], [121.946984, 17.994018], [121.948332, 17.994018], [121.948332, 17.99267], [121.949679, 17.99267], [121.949679, 17.995365], [121.952374, 17.995365], [121.952374, 17.994018], [121.953722, 17.994018], [121.953722, 17.999408], [121.952374, 17.999408], [121.952374, 18.000755], [121.949679, 18.000755], [121.949679, 18.002103], [121.951027, 18.002103], [121.951027, 18.00345], [121.952374, 18.00345], [121.952374, 18.004798], [121.955069, 18.004798], [121.955069, 18.006145], [121.960459, 18.006145], [121.960459, 18.004798], [121.956417, 18.004798], [121.956417, 18.00345], [121.955069, 18.00345], [121.955069, 18.000755], [121.956417, 18.000755], [121.956417, 17.999408], [121.957764, 17.999408], [121.957764, 17.996713], [121.959112, 17.996713], [121.959112, 17.995365], [121.957764, 17.995365], [121.957764, 17.994018], [121.959112, 17.994018], [121.959112, 17.99267], [121.960459, 17.99267], [121.960459, 17.987281], [121.948332, 17.987281], [121.948332, 17.981891], [121.949679, 17.981891], [121.949679, 17.980543], [121.952374, 17.980543], [121.952374, 17.979196], [121.949679, 17.979196], [121.949679, 17.975153], [121.953722, 17.975153], [121.953722, 17.973806], [121.946984, 17.973806], [121.946984, 17.972458], [121.945637, 17.972458], [121.945637, 17.971111], [121.946984, 17.971111], [121.946984, 17.968416], [121.951027, 17.968416], [121.951027, 17.969763], [121.953722, 17.969763], [121.953722, 17.968416], [121.965849, 17.968416], [121.965849, 17.969763], [121.968544, 17.969763], [121.968544, 17.968416], [121.969891, 17.968416], [121.969891, 17.967068], [121.967196, 17.967068], [121.967196, 17.965721], [121.963154, 17.965721], [121.963154, 17.964373], [121.961807, 17.964373], [121.961807, 17.963026], [121.953722, 17.963026], [121.953722, 17.957636], [121.956417, 17.957636], [121.956417, 17.954941], [121.955069, 17.954941], [121.955069, 17.956289], [121.952374, 17.956289], [121.952374, 17.952246], [121.948332, 17.952246], [121.948332, 17.953594], [121.946984, 17.953594], [121.946984, 17.952246], [121.945637, 17.952246], [121.945637, 17.948204], [121.946984, 17.948204], [121.946984, 17.942814], [121.945637, 17.942814], [121.945637, 17.936077], [121.946984, 17.936077], [121.946984, 17.930687], [121.940247, 17.930687], [121.940247, 17.929339], [121.938899, 17.929339], [121.938899, 17.923949], [121.937552, 17.923949], [121.937552, 17.921254], [121.936205, 17.921254], [121.936205, 17.918559], [121.934857, 17.918559], [121.934857, 17.917212], [121.936205, 17.917212], [121.936205, 17.914517], [121.934857, 17.914517], [121.934857, 17.905085], [121.940247, 17.905085], [121.940247, 17.906432], [121.941594, 17.906432], [121.941594, 17.90778], [121.944289, 17.90778], [121.944289, 17.906432], [121.942942, 17.906432], [121.942942, 17.905085], [121.941594, 17.905085], [121.941594, 17.903737], [121.942942, 17.903737], [121.942942, 17.90239], [121.944289, 17.90239], [121.944289, 17.901042], [121.941594, 17.901042], [121.941594, 17.899695], [121.949679, 17.899695], [121.949679, 17.901042], [121.951027, 17.901042], [121.951027, 17.899695], [121.964501, 17.899695], [121.964501, 17.898347], [121.968544, 17.898347], [121.968544, 17.895652], [121.973934, 17.895652], [121.973934, 17.894305], [121.975281, 17.894305], [121.975281, 17.895652], [121.976629, 17.895652], [121.976629, 17.892957], [121.979324, 17.892957], [121.979324, 17.89161], [121.980671, 17.89161], [121.980671, 17.890262], [121.984714, 17.890262], [121.984714, 17.892957], [121.991451, 17.892957], [121.991451, 17.890262], [121.990103, 17.890262], [121.990103, 17.888915], [121.987408, 17.888915], [121.987408, 17.887568], [121.986061, 17.887568], [121.986061, 17.88622], [121.984714, 17.88622], [121.984714, 17.884873], [121.986061, 17.884873], [121.986061, 17.88083], [121.987408, 17.88083], [121.987408, 17.883525], [121.988756, 17.883525], [121.988756, 17.884873], [121.990103, 17.884873], [121.990103, 17.882178], [121.991451, 17.882178], [121.991451, 17.88083], [121.992798, 17.88083], [121.992798, 17.879483], [121.979324, 17.879483], [121.979324, 17.88083], [121.976629, 17.88083], [121.976629, 17.882178], [121.973934, 17.882178], [121.973934, 17.88083], [121.972586, 17.88083], [121.972586, 17.879483], [121.971239, 17.879483], [121.971239, 17.882178], [121.969891, 17.882178], [121.969891, 17.883525], [121.968544, 17.883525], [121.968544, 17.884873], [121.967196, 17.884873], [121.967196, 17.883525], [121.965849, 17.883525], [121.965849, 17.884873], [121.963154, 17.884873], [121.963154, 17.888915], [121.960459, 17.888915], [121.960459, 17.887568], [121.959112, 17.887568], [121.959112, 17.88622], [121.957764, 17.88622], [121.957764, 17.887568], [121.956417, 17.887568], [121.956417, 17.890262], [121.955069, 17.890262], [121.955069, 17.89161], [121.953722, 17.89161], [121.953722, 17.890262], [121.951027, 17.890262], [121.951027, 17.892957], [121.945637, 17.892957], [121.945637, 17.894305], [121.942942, 17.894305], [121.942942, 17.89161], [121.938899, 17.89161], [121.938899, 17.890262], [121.936205, 17.890262], [121.936205, 17.89161], [121.937552, 17.89161], [121.937552, 17.892957], [121.934857, 17.892957], [121.934857, 17.884873], [121.936205, 17.884873], [121.936205, 17.88622], [121.941594, 17.88622], [121.941594, 17.884873], [121.940247, 17.884873], [121.940247, 17.883525], [121.941594, 17.883525], [121.941594, 17.874093], [121.944289, 17.874093], [121.944289, 17.87544], [121.942942, 17.87544], [121.942942, 17.876788], [121.945637, 17.876788], [121.945637, 17.87544], [121.948332, 17.87544], [121.948332, 17.874093], [121.957764, 17.874093], [121.957764, 17.871398], [121.960459, 17.871398], [121.960459, 17.872745], [121.961807, 17.872745], [121.961807, 17.874093], [121.967196, 17.874093], [121.967196, 17.872745], [121.965849, 17.872745], [121.965849, 17.871398], [121.967196, 17.871398], [121.967196, 17.868703], [121.965849, 17.868703], [121.965849, 17.867355], [121.964501, 17.867355], [121.964501, 17.866008], [121.963154, 17.866008], [121.963154, 17.860618], [121.964501, 17.860618], [121.964501, 17.859271], [121.965849, 17.859271], [121.965849, 17.860618], [121.967196, 17.860618], [121.967196, 17.857923], [121.968544, 17.857923], [121.968544, 17.855228], [121.971239, 17.855228], [121.971239, 17.853881], [121.972586, 17.853881], [121.972586, 17.855228], [121.977976, 17.855228], [121.977976, 17.853881], [121.979324, 17.853881], [121.979324, 17.855228], [121.992798, 17.855228], [121.992798, 17.853881], [121.991451, 17.853881], [121.991451, 17.851186], [121.992798, 17.851186], [121.992798, 17.848491], [121.988756, 17.848491], [121.988756, 17.849838], [121.983366, 17.849838], [121.983366, 17.848491], [121.980671, 17.848491], [121.980671, 17.847143], [121.977976, 17.847143], [121.977976, 17.845796], [121.975281, 17.845796], [121.975281, 17.844448], [121.973934, 17.844448], [121.973934, 17.843101], [121.971239, 17.843101], [121.971239, 17.845796], [121.969891, 17.845796], [121.969891, 17.847143], [121.968544, 17.847143], [121.968544, 17.848491], [121.967196, 17.848491], [121.967196, 17.849838], [121.965849, 17.849838], [121.965849, 17.848491], [121.963154, 17.848491], [121.963154, 17.849838], [121.961807, 17.849838], [121.961807, 17.848491], [121.960459, 17.848491], [121.960459, 17.851186], [121.959112, 17.851186], [121.959112, 17.852533], [121.956417, 17.852533], [121.956417, 17.853881], [121.955069, 17.853881], [121.955069, 17.855228], [121.952374, 17.855228], [121.952374, 17.856576], [121.951027, 17.856576], [121.951027, 17.855228], [121.948332, 17.855228], [121.948332, 17.856576], [121.949679, 17.856576], [121.949679, 17.860618], [121.944289, 17.860618], [121.944289, 17.861966], [121.942942, 17.861966], [121.942942, 17.86466], [121.941594, 17.86466], [121.941594, 17.866008], [121.940247, 17.866008], [121.940247, 17.868703], [121.938899, 17.868703], [121.938899, 17.867355], [121.936205, 17.867355], [121.936205, 17.868703], [121.937552, 17.868703], [121.937552, 17.871398], [121.936205, 17.871398], [121.936205, 17.874093], [121.934857, 17.874093], [121.934857, 17.871398], [121.93351, 17.871398], [121.93351, 17.872745], [121.932162, 17.872745], [121.932162, 17.871398], [121.930815, 17.871398], [121.930815, 17.87005], [121.929467, 17.87005], [121.929467, 17.871398], [121.92812, 17.871398], [121.92812, 17.87005], [121.926772, 17.87005], [121.926772, 17.868703], [121.925425, 17.868703], [121.925425, 17.867355], [121.924077, 17.867355], [121.924077, 17.86466], [121.92273, 17.86466], [121.92273, 17.863313], [121.921382, 17.863313], [121.921382, 17.861966], [121.920035, 17.861966], [121.920035, 17.860618], [121.921382, 17.860618], [121.921382, 17.859271], [121.92273, 17.859271], [121.92273, 17.857923], [121.921382, 17.857923], [121.921382, 17.856576], [121.92273, 17.856576], [121.92273, 17.853881], [121.925425, 17.853881], [121.925425, 17.852533], [121.926772, 17.852533], [121.926772, 17.853881], [121.92812, 17.853881], [121.92812, 17.849838], [121.929467, 17.849838], [121.929467, 17.851186], [121.932162, 17.851186], [121.932162, 17.852533], [121.93351, 17.852533], [121.93351, 17.853881], [121.934857, 17.853881], [121.934857, 17.855228], [121.936205, 17.855228], [121.936205, 17.853881], [121.940247, 17.853881], [121.940247, 17.855228], [121.944289, 17.855228], [121.944289, 17.853881], [121.941594, 17.853881], [121.941594, 17.849838], [121.940247, 17.849838], [121.940247, 17.848491], [121.934857, 17.848491], [121.934857, 17.844448], [121.93351, 17.844448], [121.93351, 17.843101], [121.932162, 17.843101], [121.932162, 17.841753], [121.930815, 17.841753], [121.930815, 17.840406], [121.932162, 17.840406], [121.932162, 17.839059], [121.93351, 17.839059], [121.93351, 17.836364], [121.934857, 17.836364], [121.934857, 17.832321], [121.938899, 17.832321], [121.938899, 17.830974], [121.936205, 17.830974], [121.936205, 17.829626], [121.930815, 17.829626], [121.930815, 17.825584], [121.932162, 17.825584], [121.932162, 17.822889], [121.930815, 17.822889], [121.930815, 17.824236], [121.929467, 17.824236], [121.929467, 17.830974], [121.92812, 17.830974], [121.92812, 17.832321], [121.926772, 17.832321], [121.926772, 17.830974], [121.924077, 17.830974], [121.924077, 17.829626], [121.92273, 17.829626], [121.92273, 17.825584], [121.921382, 17.825584], [121.921382, 17.826931], [121.920035, 17.826931], [121.920035, 17.825584], [121.918687, 17.825584], [121.918687, 17.824236], [121.915992, 17.824236], [121.915992, 17.826931], [121.91734, 17.826931], [121.91734, 17.829626], [121.915992, 17.829626], [121.915992, 17.832321], [121.914645, 17.832321], [121.914645, 17.835016], [121.913297, 17.835016], [121.913297, 17.833669], [121.909255, 17.833669], [121.909255, 17.830974], [121.910603, 17.830974], [121.910603, 17.829626], [121.903865, 17.829626], [121.903865, 17.822889], [121.893085, 17.822889], [121.893085, 17.821541], [121.89578, 17.821541], [121.89578, 17.820194], [121.894433, 17.820194], [121.894433, 17.818846], [121.891738, 17.818846], [121.891738, 17.817499], [121.89039, 17.817499], [121.89039, 17.816151], [121.893085, 17.816151], [121.893085, 17.813457], [121.894433, 17.813457], [121.894433, 17.812109], [121.89578, 17.812109], [121.89578, 17.810762], [121.894433, 17.810762], [121.894433, 17.809414], [121.893085, 17.809414], [121.893085, 17.808067], [121.891738, 17.808067], [121.891738, 17.810762], [121.889043, 17.810762], [121.889043, 17.812109], [121.887695, 17.812109], [121.887695, 17.810762], [121.883653, 17.810762], [121.883653, 17.809414], [121.880958, 17.809414], [121.880958, 17.808067], [121.882306, 17.808067], [121.882306, 17.806719], [121.880958, 17.806719], [121.880958, 17.805372], [121.878263, 17.805372], [121.878263, 17.804024], [121.876916, 17.804024], [121.876916, 17.801329], [121.875568, 17.801329], [121.875568, 17.799982], [121.874221, 17.799982], [121.874221, 17.801329], [121.870178, 17.801329], [121.870178, 17.798634], [121.868831, 17.798634], [121.868831, 17.799982], [121.866136, 17.799982], [121.866136, 17.801329], [121.860746, 17.801329], [121.860746, 17.802677], [121.855356, 17.802677], [121.855356, 17.801329], [121.852661, 17.801329], [121.852661, 17.799982], [121.851314, 17.799982], [121.851314, 17.798634], [121.849966, 17.798634], [121.849966, 17.797287], [121.847271, 17.797287], [121.847271, 17.795939], [121.845924, 17.795939], [121.845924, 17.794592], [121.844576, 17.794592], [121.844576, 17.793244], [121.841881, 17.793244], [121.841881, 17.791897], [121.837839, 17.791897], [121.837839, 17.793244], [121.835144, 17.793244], [121.835144, 17.797287], [121.833797, 17.797287], [121.833797, 17.801329], [121.832449, 17.801329], [121.832449, 17.802677], [121.833797, 17.802677], [121.833797, 17.804024], [121.835144, 17.804024], [121.835144, 17.806719], [121.833797, 17.806719], [121.833797, 17.809414], [121.836492, 17.809414], [121.836492, 17.810762], [121.839186, 17.810762], [121.839186, 17.813457], [121.841881, 17.813457], [121.841881, 17.814804], [121.844576, 17.814804], [121.844576, 17.816151], [121.841881, 17.816151], [121.841881, 17.817499], [121.843229, 17.817499], [121.843229, 17.820194], [121.840534, 17.820194], [121.840534, 17.821541], [121.841881, 17.821541], [121.841881, 17.822889], [121.845924, 17.822889], [121.845924, 17.825584], [121.844576, 17.825584], [121.844576, 17.828279], [121.845924, 17.828279], [121.845924, 17.829626], [121.847271, 17.829626], [121.847271, 17.837711], [121.844576, 17.837711], [121.844576, 17.839059], [121.845924, 17.839059], [121.845924, 17.844448], [121.844576, 17.844448], [121.844576, 17.847143], [121.845924, 17.847143], [121.845924, 17.851186], [121.844576, 17.851186], [121.844576, 17.849838], [121.843229, 17.849838], [121.843229, 17.851186], [121.841881, 17.851186], [121.841881, 17.849838], [121.840534, 17.849838], [121.840534, 17.848491], [121.835144, 17.848491], [121.835144, 17.845796], [121.837839, 17.845796], [121.837839, 17.844448], [121.836492, 17.844448], [121.836492, 17.843101], [121.833797, 17.843101], [121.833797, 17.836364], [121.832449, 17.836364], [121.832449, 17.837711], [121.831102, 17.837711], [121.831102, 17.835016], [121.829754, 17.835016], [121.829754, 17.836364], [121.828407, 17.836364], [121.828407, 17.839059], [121.827059, 17.839059], [121.827059, 17.840406], [121.829754, 17.840406], [121.829754, 17.841753], [121.831102, 17.841753], [121.831102, 17.843101], [121.832449, 17.843101], [121.832449, 17.845796], [121.833797, 17.845796], [121.833797, 17.852533], [121.835144, 17.852533], [121.835144, 17.853881], [121.833797, 17.853881], [121.833797, 17.855228], [121.836492, 17.855228], [121.836492, 17.857923], [121.837839, 17.857923], [121.837839, 17.859271], [121.839186, 17.859271], [121.839186, 17.857923], [121.840534, 17.857923], [121.840534, 17.860618], [121.844576, 17.860618], [121.844576, 17.863313], [121.845924, 17.863313], [121.845924, 17.866008], [121.847271, 17.866008], [121.847271, 17.867355], [121.845924, 17.867355], [121.845924, 17.872745], [121.847271, 17.872745], [121.847271, 17.874093], [121.845924, 17.874093], [121.845924, 17.87544], [121.844576, 17.87544], [121.844576, 17.876788], [121.845924, 17.876788], [121.845924, 17.879483], [121.847271, 17.879483], [121.847271, 17.882178], [121.848619, 17.882178], [121.848619, 17.883525], [121.847271, 17.883525], [121.847271, 17.88622], [121.845924, 17.88622], [121.845924, 17.882178], [121.843229, 17.882178], [121.843229, 17.883525], [121.841881, 17.883525], [121.841881, 17.88083], [121.840534, 17.88083], [121.840534, 17.882178], [121.839186, 17.882178], [121.839186, 17.883525], [121.840534, 17.883525], [121.840534, 17.884873], [121.841881, 17.884873], [121.841881, 17.890262], [121.840534, 17.890262], [121.840534, 17.89161], [121.843229, 17.89161], [121.843229, 17.890262], [121.844576, 17.890262], [121.844576, 17.89161], [121.845924, 17.89161], [121.845924, 17.898347], [121.847271, 17.898347], [121.847271, 17.899695], [121.849966, 17.899695], [121.849966, 17.901042], [121.851314, 17.901042], [121.851314, 17.90239], [121.849966, 17.90239], [121.849966, 17.903737], [121.848619, 17.903737], [121.848619, 17.906432], [121.847271, 17.906432], [121.847271, 17.90778], [121.845924, 17.90778], [121.845924, 17.909127], [121.840534, 17.909127], [121.840534, 17.90239], [121.837839, 17.90239], [121.837839, 17.901042], [121.836492, 17.901042], [121.836492, 17.90239], [121.835144, 17.90239], [121.835144, 17.905085], [121.832449, 17.905085], [121.832449, 17.906432], [121.831102, 17.906432], [121.831102, 17.909127], [121.829754, 17.909127], [121.829754, 17.910475], [121.823017, 17.910475], [121.823017, 17.911822], [121.812237, 17.911822], [121.812237, 17.91317], [121.81089, 17.91317], [121.81089, 17.911822], [121.808195, 17.911822], [121.808195, 17.91317], [121.809542, 17.91317], [121.809542, 17.914517], [121.812237, 17.914517], [121.812237, 17.915864], [121.814932, 17.915864], [121.814932, 17.917212], [121.816279, 17.917212], [121.816279, 17.915864], [121.820322, 17.915864], [121.820322, 17.918559], [121.821669, 17.918559], [121.821669, 17.917212], [121.825712, 17.917212], [121.825712, 17.915864], [121.821669, 17.915864], [121.821669, 17.914517], [121.823017, 17.914517], [121.823017, 17.91317], [121.825712, 17.91317], [121.825712, 17.911822], [121.831102, 17.911822], [121.831102, 17.910475], [121.835144, 17.910475], [121.835144, 17.911822], [121.840534, 17.911822], [121.840534, 17.918559], [121.839186, 17.918559], [121.839186, 17.923949], [121.840534, 17.923949], [121.840534, 17.919907], [121.841881, 17.919907], [121.841881, 17.918559], [121.843229, 17.918559], [121.843229, 17.919907], [121.847271, 17.919907], [121.847271, 17.918559], [121.844576, 17.918559], [121.844576, 17.917212], [121.845924, 17.917212], [121.845924, 17.91317], [121.849966, 17.91317], [121.849966, 17.914517], [121.852661, 17.914517], [121.852661, 17.91317], [121.855356, 17.91317], [121.855356, 17.915864], [121.858051, 17.915864], [121.858051, 17.914517], [121.859399, 17.914517], [121.859399, 17.915864], [121.862094, 17.915864], [121.862094, 17.917212], [121.863441, 17.917212], [121.863441, 17.918559], [121.864788, 17.918559], [121.864788, 17.923949], [121.863441, 17.923949], [121.863441, 17.925297], [121.864788, 17.925297], [121.864788, 17.932034], [121.863441, 17.932034], [121.863441, 17.934729], [121.862094, 17.934729], [121.862094, 17.936077], [121.863441, 17.936077], [121.863441, 17.937424], [121.862094, 17.937424], [121.862094, 17.938771], [121.863441, 17.938771], [121.863441, 17.940119], [121.864788, 17.940119], [121.864788, 17.944161], [121.863441, 17.944161], [121.863441, 17.945509], [121.862094, 17.945509], [121.862094, 17.946856], [121.860746, 17.946856], [121.860746, 17.948204], [121.859399, 17.948204], [121.859399, 17.946856], [121.858051, 17.946856], [121.858051, 17.945509], [121.856704, 17.945509], [121.856704, 17.948204], [121.855356, 17.948204], [121.855356, 17.949551], [121.854009, 17.949551], [121.854009, 17.950899], [121.855356, 17.950899], [121.855356, 17.952246], [121.854009, 17.952246], [121.854009, 17.953594], [121.852661, 17.953594], [121.852661, 17.946856], [121.854009, 17.946856], [121.854009, 17.945509], [121.852661, 17.945509], [121.852661, 17.940119], [121.851314, 17.940119], [121.851314, 17.941466], [121.849966, 17.941466], [121.849966, 17.942814], [121.848619, 17.942814], [121.848619, 17.944161], [121.844576, 17.944161], [121.844576, 17.945509], [121.845924, 17.945509], [121.845924, 17.950899], [121.844576, 17.950899], [121.844576, 17.952246], [121.841881, 17.952246], [121.841881, 17.953594], [121.843229, 17.953594], [121.843229, 17.956289], [121.841881, 17.956289], [121.841881, 17.957636], [121.836492, 17.957636], [121.836492, 17.958984], [121.837839, 17.958984], [121.837839, 17.960331], [121.841881, 17.960331], [121.841881, 17.963026], [121.840534, 17.963026], [121.840534, 17.967068], [121.841881, 17.967068], [121.841881, 17.965721], [121.843229, 17.965721], [121.843229, 17.964373], [121.845924, 17.964373], [121.845924, 17.963026], [121.848619, 17.963026], [121.848619, 17.968416], [121.845924, 17.968416], [121.845924, 17.969763], [121.844576, 17.969763], [121.844576, 17.971111], [121.843229, 17.971111], [121.843229, 17.972458], [121.841881, 17.972458], [121.841881, 17.973806], [121.840534, 17.973806], [121.840534, 17.975153], [121.839186, 17.975153], [121.839186, 17.976501], [121.837839, 17.976501], [121.837839, 17.977848], [121.836492, 17.977848], [121.836492, 17.980543], [121.837839, 17.980543], [121.837839, 17.981891], [121.833797, 17.981891], [121.833797, 17.979196], [121.831102, 17.979196], [121.831102, 17.981891], [121.827059, 17.981891], [121.827059, 17.984586], [121.824364, 17.984586], [121.824364, 17.983238], [121.820322, 17.983238], [121.820322, 17.980543], [121.821669, 17.980543], [121.821669, 17.979196], [121.823017, 17.979196], [121.823017, 17.977848], [121.824364, 17.977848], [121.824364, 17.976501], [121.821669, 17.976501], [121.821669, 17.977848], [121.820322, 17.977848], [121.820322, 17.979196], [121.816279, 17.979196], [121.816279, 17.980543], [121.814932, 17.980543], [121.814932, 17.981891], [121.816279, 17.981891], [121.816279, 17.983238], [121.818974, 17.983238], [121.818974, 17.984586], [121.820322, 17.984586], [121.820322, 17.985933], [121.821669, 17.985933], [121.821669, 17.987281], [121.823017, 17.987281], [121.823017, 17.991323], [121.818974, 17.991323], [121.818974, 17.99267], [121.821669, 17.99267], [121.821669, 17.994018], [121.820322, 17.994018], [121.820322, 17.995365], [121.817627, 17.995365], [121.817627, 17.994018], [121.814932, 17.994018], [121.814932, 17.99806], [121.817627, 17.99806], [121.817627, 17.996713], [121.818974, 17.996713], [121.818974, 18.000755], [121.820322, 18.000755], [121.820322, 18.002103], [121.821669, 18.002103], [121.821669, 18.004798], [121.820322, 18.004798], [121.820322, 18.007493], [121.818974, 18.007493], [121.818974, 18.00884], [121.820322, 18.00884], [121.820322, 18.010188], [121.821669, 18.010188], [121.821669, 18.011535], [121.823017, 18.011535], [121.823017, 18.012883], [121.824364, 18.012883], [121.824364, 18.01423], [121.825712, 18.01423], [121.825712, 18.016925], [121.827059, 18.016925], [121.827059, 18.011535], [121.828407, 18.011535], [121.828407, 18.010188], [121.825712, 18.010188], [121.825712, 18.00884], [121.824364, 18.00884], [121.824364, 18.007493], [121.825712, 18.007493], [121.825712, 18.004798], [121.827059, 18.004798], [121.827059, 17.995365], [121.828407, 17.995365], [121.828407, 17.99267], [121.827059, 17.99267], [121.827059, 17.991323], [121.831102, 17.991323], [121.831102, 17.99267], [121.832449, 17.99267], [121.832449, 17.994018], [121.835144, 17.994018], [121.835144, 17.996713], [121.833797, 17.996713], [121.833797, 18.000755], [121.832449, 18.000755], [121.832449, 17.999408], [121.831102, 17.999408], [121.831102, 18.002103], [121.828407, 18.002103], [121.828407, 18.004798], [121.831102, 18.004798], [121.831102, 18.00345], [121.832449, 18.00345], [121.832449, 18.006145], [121.831102, 18.006145], [121.831102, 18.007493], [121.832449, 18.007493], [121.832449, 18.00884], [121.833797, 18.00884], [121.833797, 18.007493], [121.836492, 18.007493], [121.836492, 18.00884], [121.835144, 18.00884], [121.835144, 18.010188], [121.833797, 18.010188], [121.833797, 18.012883], [121.837839, 18.012883], [121.837839, 18.010188], [121.839186, 18.010188], [121.839186, 18.012883], [121.840534, 18.012883], [121.840534, 18.01423], [121.839186, 18.01423], [121.839186, 18.015577], [121.837839, 18.015577], [121.837839, 18.016925], [121.841881, 18.016925], [121.841881, 18.015577], [121.844576, 18.015577], [121.844576, 18.018272], [121.843229, 18.018272], [121.843229, 18.020967], [121.844576, 18.020967], [121.844576, 18.01962], [121.845924, 18.01962], [121.845924, 18.016925], [121.847271, 18.016925], [121.847271, 18.018272], [121.848619, 18.018272], [121.848619, 18.01962], [121.847271, 18.01962], [121.847271, 18.020967], [121.848619, 18.020967], [121.848619, 18.022315], [121.847271, 18.022315], [121.847271, 18.023662], [121.845924, 18.023662], [121.845924, 18.022315], [121.841881, 18.022315], [121.841881, 18.026357], [121.833797, 18.026357], [121.833797, 18.031747], [121.832449, 18.031747], [121.832449, 18.0304], [121.828407, 18.0304], [121.828407, 18.029052], [121.827059, 18.029052], [121.827059, 18.027705], [121.825712, 18.027705], [121.825712, 18.029052], [121.823017, 18.029052], [121.823017, 18.027705], [121.824364, 18.027705], [121.824364, 18.02501], [121.823017, 18.02501], [121.823017, 18.026357], [121.820322, 18.026357], [121.820322, 18.027705], [121.818974, 18.027705], [121.818974, 18.026357], [121.817627, 18.026357], [121.817627, 18.029052], [121.816279, 18.029052], [121.816279, 18.027705], [121.814932, 18.027705], [121.814932, 18.02501], [121.813584, 18.02501], [121.813584, 18.026357], [121.81089, 18.026357], [121.81089, 18.027705], [121.809542, 18.027705], [121.809542, 18.026357], [121.806847, 18.026357], [121.806847, 18.029052], [121.8055, 18.029052], [121.8055, 18.026357], [121.804152, 18.026357], [121.804152, 18.027705], [121.801457, 18.027705], [121.801457, 18.029052], [121.804152, 18.029052], [121.804152, 18.033095], [121.801457, 18.033095], [121.801457, 18.031747], [121.797415, 18.031747], [121.797415, 18.0304], [121.796067, 18.0304], [121.796067, 18.029052], [121.793372, 18.029052], [121.793372, 18.027705], [121.790677, 18.027705], [121.790677, 18.029052], [121.78933, 18.029052], [121.78933, 18.033095], [121.790677, 18.033095], [121.790677, 18.031747], [121.796067, 18.031747], [121.796067, 18.03579], [121.797415, 18.03579], [121.797415, 18.037137], [121.798762, 18.037137], [121.798762, 18.038484], [121.796067, 18.038484], [121.796067, 18.041179], [121.793372, 18.041179], [121.793372, 18.042527], [121.792025, 18.042527], [121.792025, 18.041179], [121.78933, 18.041179], [121.78933, 18.037137], [121.787982, 18.037137], [121.787982, 18.038484], [121.782593, 18.038484], [121.782593, 18.03579], [121.779898, 18.03579], [121.779898, 18.034442], [121.777203, 18.034442], [121.777203, 18.029052], [121.775855, 18.029052], [121.775855, 18.027705], [121.774508, 18.027705], [121.774508, 18.0304], [121.771813, 18.0304], [121.771813, 18.026357], [121.769118, 18.026357], [121.769118, 18.022315], [121.76777, 18.022315], [121.76777, 18.02501], [121.766423, 18.02501], [121.766423, 18.026357], [121.762381, 18.026357], [121.762381, 18.02501], [121.759686, 18.02501], [121.759686, 18.023662], [121.761033, 18.023662], [121.761033, 18.020967], [121.762381, 18.020967], [121.762381, 18.01962], [121.759686, 18.01962], [121.759686, 18.018272], [121.755643, 18.018272], [121.755643, 18.016925], [121.752948, 18.016925], [121.752948, 18.018272], [121.751601, 18.018272], [121.751601, 18.015577], [121.750253, 18.015577], [121.750253, 18.018272], [121.748906, 18.018272], [121.748906, 18.01962], [121.746211, 18.01962], [121.746211, 18.018272], [121.747558, 18.018272], [121.747558, 18.016925], [121.748906, 18.016925], [121.748906, 18.012883], [121.746211, 18.012883], [121.746211, 18.01423], [121.744863, 18.01423], [121.744863, 18.012883], [121.739473, 18.012883], [121.739473, 18.011535], [121.738126, 18.011535], [121.738126, 18.010188], [121.736779, 18.010188], [121.736779, 18.00884], [121.735431, 18.00884], [121.735431, 18.011535], [121.734084, 18.011535], [121.734084, 18.010188], [121.732736, 18.010188], [121.732736, 18.011535], [121.731389, 18.011535], [121.731389, 18.00884], [121.725999, 18.00884], [121.725999, 18.010188], [121.724651, 18.010188], [121.724651, 18.011535], [121.723304, 18.011535], [121.723304, 18.006145], [121.716566, 18.006145], [121.716566, 18.00345], [121.715219, 18.00345], [121.715219, 18.004798], [121.713871, 18.004798], [121.713871, 18.006145], [121.711177, 18.006145], [121.711177, 18.004798], [121.708482, 18.004798], [121.708482, 18.006145], [121.707134, 18.006145], [121.707134, 18.00345], [121.712524, 18.00345], [121.712524, 18.002103], [121.709829, 18.002103], [121.709829, 18.000755], [121.705787, 18.000755], [121.705787, 17.999408], [121.707134, 17.999408], [121.707134, 17.996713], [121.705787, 17.996713], [121.705787, 17.994018], [121.704439, 17.994018], [121.704439, 17.996713], [121.701744, 17.996713], [121.701744, 17.994018], [121.700397, 17.994018], [121.700397, 17.995365], [121.696354, 17.995365], [121.696354, 17.994018], [121.695007, 17.994018], [121.695007, 17.995365], [121.690964, 17.995365], [121.690964, 17.994018], [121.692312, 17.994018], [121.692312, 17.99267], [121.689617, 17.99267], [121.689617, 17.991323], [121.688269, 17.991323], [121.688269, 17.989975], [121.692312, 17.989975], [121.692312, 17.991323], [121.695007, 17.991323], [121.695007, 17.987281], [121.697702, 17.987281], [121.697702, 17.984586], [121.699049, 17.984586], [121.699049, 17.983238], [121.697702, 17.983238], [121.697702, 17.981891], [121.695007, 17.981891], [121.695007, 17.979196], [121.693659, 17.979196], [121.693659, 17.977848], [121.692312, 17.977848], [121.692312, 17.979196], [121.689617, 17.979196], [121.689617, 17.976501], [121.688269, 17.976501], [121.688269, 17.973806], [121.686922, 17.973806], [121.686922, 17.972458], [121.685575, 17.972458], [121.685575, 17.967068], [121.68288, 17.967068], [121.68288, 17.964373], [121.684227, 17.964373], [121.684227, 17.963026], [121.681532, 17.963026], [121.681532, 17.961679], [121.68288, 17.961679], [121.68288, 17.960331], [121.681532, 17.960331], [121.681532, 17.958984], [121.680185, 17.958984], [121.680185, 17.952246], [121.678837, 17.952246], [121.678837, 17.953594], [121.67749, 17.953594], [121.67749, 17.949551], [121.6721, 17.949551], [121.6721, 17.946856], [121.670752, 17.946856], [121.670752, 17.945509], [121.6721, 17.945509], [121.6721, 17.944161], [121.674795, 17.944161], [121.674795, 17.942814], [121.673447, 17.942814], [121.673447, 17.938771], [121.6721, 17.938771], [121.6721, 17.941466], [121.669405, 17.941466], [121.669405, 17.938771], [121.668057, 17.938771], [121.668057, 17.937424], [121.665362, 17.937424], [121.665362, 17.936077], [121.664015, 17.936077], [121.664015, 17.934729], [121.662668, 17.934729], [121.662668, 17.932034], [121.664015, 17.932034], [121.664015, 17.933382], [121.66671, 17.933382], [121.66671, 17.932034], [121.669405, 17.932034], [121.669405, 17.930687], [121.662668, 17.930687], [121.662668, 17.926644], [121.659973, 17.926644], [121.659973, 17.929339], [121.658625, 17.929339], [121.658625, 17.927992], [121.65593, 17.927992], [121.65593, 17.923949], [121.654583, 17.923949], [121.654583, 17.922602], [121.651888, 17.922602], [121.651888, 17.921254], [121.653235, 17.921254], [121.653235, 17.919907], [121.654583, 17.919907], [121.654583, 17.918559], [121.65593, 17.918559], [121.65593, 17.919907], [121.659973, 17.919907], [121.659973, 17.923949], [121.665362, 17.923949], [121.665362, 17.921254], [121.668057, 17.921254], [121.668057, 17.922602], [121.669405, 17.922602], [121.669405, 17.923949], [121.673447, 17.923949], [121.673447, 17.927992], [121.674795, 17.927992], [121.674795, 17.930687], [121.678837, 17.930687], [121.678837, 17.933382], [121.67749, 17.933382], [121.67749, 17.936077], [121.681532, 17.936077], [121.681532, 17.937424], [121.68288, 17.937424], [121.68288, 17.936077], [121.685575, 17.936077], [121.685575, 17.937424], [121.688269, 17.937424], [121.688269, 17.938771], [121.686922, 17.938771], [121.686922, 17.940119], [121.688269, 17.940119], [121.688269, 17.942814], [121.689617, 17.942814], [121.689617, 17.941466], [121.690964, 17.941466], [121.690964, 17.940119], [121.693659, 17.940119], [121.693659, 17.942814], [121.695007, 17.942814], [121.695007, 17.944161], [121.696354, 17.944161], [121.696354, 17.945509], [121.699049, 17.945509], [121.699049, 17.949551], [121.700397, 17.949551], [121.700397, 17.948204], [121.701744, 17.948204], [121.701744, 17.949551], [121.703092, 17.949551], [121.703092, 17.950899], [121.704439, 17.950899], [121.704439, 17.952246], [121.705787, 17.952246], [121.705787, 17.950899], [121.707134, 17.950899], [121.707134, 17.954941], [121.709829, 17.954941], [121.709829, 17.956289], [121.705787, 17.956289], [121.705787, 17.957636], [121.704439, 17.957636], [121.704439, 17.958984], [121.703092, 17.958984], [121.703092, 17.960331], [121.705787, 17.960331], [121.705787, 17.958984], [121.707134, 17.958984], [121.707134, 17.961679], [121.711177, 17.961679], [121.711177, 17.963026], [121.715219, 17.963026], [121.715219, 17.964373], [121.712524, 17.964373], [121.712524, 17.965721], [121.715219, 17.965721], [121.715219, 17.968416], [121.717914, 17.968416], [121.717914, 17.971111], [121.719261, 17.971111], [121.719261, 17.972458], [121.723304, 17.972458], [121.723304, 17.973806], [121.725999, 17.973806], [121.725999, 17.977848], [121.727346, 17.977848], [121.727346, 17.976501], [121.728694, 17.976501], [121.728694, 17.975153], [121.730041, 17.975153], [121.730041, 17.976501], [121.731389, 17.976501], [121.731389, 17.977848], [121.730041, 17.977848], [121.730041, 17.979196], [121.728694, 17.979196], [121.728694, 17.980543], [121.730041, 17.980543], [121.730041, 17.981891], [121.732736, 17.981891], [121.732736, 17.983238], [121.734084, 17.983238], [121.734084, 17.984586], [121.732736, 17.984586], [121.732736, 17.985933], [121.735431, 17.985933], [121.735431, 17.984586], [121.736779, 17.984586], [121.736779, 17.983238], [121.738126, 17.983238], [121.738126, 17.987281], [121.740821, 17.987281], [121.740821, 17.988628], [121.742168, 17.988628], [121.742168, 17.989975], [121.743516, 17.989975], [121.743516, 17.991323], [121.744863, 17.991323], [121.744863, 17.988628], [121.747558, 17.988628], [121.747558, 17.989975], [121.746211, 17.989975], [121.746211, 17.99267], [121.747558, 17.99267], [121.747558, 17.994018], [121.748906, 17.994018], [121.748906, 17.99267], [121.750253, 17.99267], [121.750253, 17.994018], [121.751601, 17.994018], [121.751601, 17.988628], [121.752948, 17.988628], [121.752948, 17.994018], [121.756991, 17.994018], [121.756991, 17.991323], [121.758338, 17.991323], [121.758338, 17.996713], [121.761033, 17.996713], [121.761033, 17.99806], [121.765075, 17.99806], [121.765075, 17.999408], [121.766423, 17.999408], [121.766423, 17.99806], [121.76777, 17.99806], [121.76777, 17.996713], [121.766423, 17.996713], [121.766423, 17.995365], [121.769118, 17.995365], [121.769118, 17.996713], [121.770465, 17.996713], [121.770465, 18.000755], [121.771813, 18.000755], [121.771813, 18.002103], [121.774508, 18.002103], [121.774508, 18.000755], [121.77855, 18.000755], [121.77855, 18.002103], [121.777203, 18.002103], [121.777203, 18.004798], [121.77855, 18.004798], [121.77855, 18.006145], [121.779898, 18.006145], [121.779898, 18.00345], [121.781245, 18.00345], [121.781245, 18.002103], [121.782593, 18.002103], [121.782593, 18.007493], [121.785288, 18.007493], [121.785288, 18.011535], [121.787982, 18.011535], [121.787982, 18.00884], [121.786635, 18.00884], [121.786635, 18.00345], [121.787982, 18.00345], [121.787982, 18.004798], [121.78933, 18.004798], [121.78933, 18.00345], [121.792025, 18.00345], [121.792025, 18.002103], [121.79472, 18.002103], [121.79472, 18.000755], [121.796067, 18.000755], [121.796067, 18.00345], [121.797415, 18.00345], [121.797415, 18.004798], [121.798762, 18.004798], [121.798762, 18.00345], [121.80011, 18.00345], [121.80011, 18.004798], [121.801457, 18.004798], [121.801457, 18.002103], [121.804152, 18.002103], [121.804152, 18.00345], [121.8055, 18.00345], [121.8055, 18.004798], [121.804152, 18.004798], [121.804152, 18.006145], [121.796067, 18.006145], [121.796067, 18.012883], [121.798762, 18.012883], [121.798762, 18.011535], [121.80011, 18.011535], [121.80011, 18.010188], [121.802805, 18.010188], [121.802805, 18.015577], [121.804152, 18.015577], [121.804152, 18.01962], [121.8055, 18.01962], [121.8055, 18.016925], [121.806847, 18.016925], [121.806847, 18.015577], [121.8055, 18.015577], [121.8055, 18.012883], [121.804152, 18.012883], [121.804152, 18.011535], [121.8055, 18.011535], [121.8055, 18.010188], [121.806847, 18.010188], [121.806847, 18.011535], [121.808195, 18.011535], [121.808195, 18.01962], [121.809542, 18.01962], [121.809542, 18.016925], [121.813584, 18.016925], [121.813584, 18.018272], [121.814932, 18.018272], [121.814932, 18.015577], [121.81089, 18.015577], [121.81089, 18.01423], [121.809542, 18.01423], [121.809542, 18.012883], [121.813584, 18.012883], [121.813584, 18.00884], [121.812237, 18.00884], [121.812237, 18.010188], [121.81089, 18.010188], [121.81089, 18.011535], [121.809542, 18.011535], [121.809542, 18.010188], [121.808195, 18.010188], [121.808195, 18.006145], [121.81089, 18.006145], [121.81089, 18.007493], [121.812237, 18.007493], [121.812237, 18.006145], [121.813584, 18.006145], [121.813584, 18.004798], [121.812237, 18.004798], [121.812237, 18.00345], [121.81089, 18.00345], [121.81089, 18.004798], [121.809542, 18.004798], [121.809542, 18.00345], [121.808195, 18.00345], [121.808195, 18.002103], [121.813584, 18.002103], [121.813584, 17.999408], [121.812237, 17.999408], [121.812237, 18.000755], [121.809542, 18.000755], [121.809542, 17.99806], [121.801457, 17.99806], [121.801457, 17.996713], [121.804152, 17.996713], [121.804152, 17.995365], [121.8055, 17.995365], [121.8055, 17.991323], [121.808195, 17.991323], [121.808195, 17.99267], [121.809542, 17.99267], [121.809542, 17.994018], [121.812237, 17.994018], [121.812237, 17.989975], [121.81089, 17.989975], [121.81089, 17.987281], [121.812237, 17.987281], [121.812237, 17.988628], [121.814932, 17.988628], [121.814932, 17.989975], [121.816279, 17.989975], [121.816279, 17.988628], [121.818974, 17.988628], [121.818974, 17.987281], [121.816279, 17.987281], [121.816279, 17.985933], [121.812237, 17.985933], [121.812237, 17.984586], [121.81089, 17.984586], [121.81089, 17.985933], [121.809542, 17.985933], [121.809542, 17.983238], [121.812237, 17.983238], [121.812237, 17.981891], [121.809542, 17.981891], [121.809542, 17.980543], [121.808195, 17.980543], [121.808195, 17.979196], [121.81089, 17.979196], [121.81089, 17.977848], [121.812237, 17.977848], [121.812237, 17.975153], [121.81089, 17.975153], [121.81089, 17.973806], [121.812237, 17.973806], [121.812237, 17.972458], [121.816279, 17.972458], [121.816279, 17.971111], [121.814932, 17.971111], [121.814932, 17.969763], [121.813584, 17.969763], [121.813584, 17.968416], [121.812237, 17.968416], [121.812237, 17.967068], [121.813584, 17.967068], [121.813584, 17.964373], [121.812237, 17.964373], [121.812237, 17.963026], [121.8055, 17.963026], [121.8055, 17.964373], [121.804152, 17.964373], [121.804152, 17.965721], [121.802805, 17.965721], [121.802805, 17.967068], [121.80011, 17.967068], [121.80011, 17.965721], [121.796067, 17.965721], [121.796067, 17.964373], [121.797415, 17.964373], [121.797415, 17.963026], [121.798762, 17.963026], [121.798762, 17.964373], [121.801457, 17.964373], [121.801457, 17.961679], [121.80011, 17.961679], [121.80011, 17.960331], [121.801457, 17.960331], [121.801457, 17.957636], [121.80011, 17.957636], [121.80011, 17.956289], [121.798762, 17.956289], [121.798762, 17.954941], [121.801457, 17.954941], [121.801457, 17.949551], [121.798762, 17.949551], [121.798762, 17.948204], [121.80011, 17.948204], [121.80011, 17.946856], [121.796067, 17.946856], [121.796067, 17.942814], [121.797415, 17.942814], [121.797415, 17.941466], [121.796067, 17.941466], [121.796067, 17.936077], [121.797415, 17.936077], [121.797415, 17.938771], [121.798762, 17.938771], [121.798762, 17.940119], [121.80011, 17.940119], [121.80011, 17.942814], [121.801457, 17.942814], [121.801457, 17.944161], [121.802805, 17.944161], [121.802805, 17.941466], [121.801457, 17.941466], [121.801457, 17.938771], [121.804152, 17.938771], [121.804152, 17.937424], [121.801457, 17.937424], [121.801457, 17.934729], [121.80011, 17.934729], [121.80011, 17.933382], [121.801457, 17.933382], [121.801457, 17.930687], [121.802805, 17.930687], [121.802805, 17.929339], [121.806847, 17.929339], [121.806847, 17.930687], [121.8055, 17.930687], [121.8055, 17.933382], [121.806847, 17.933382], [121.806847, 17.934729], [121.808195, 17.934729], [121.808195, 17.925297], [121.806847, 17.925297], [121.806847, 17.926644], [121.8055, 17.926644], [121.8055, 17.925297], [121.804152, 17.925297], [121.804152, 17.926644], [121.80011, 17.926644], [121.80011, 17.927992], [121.798762, 17.927992], [121.798762, 17.925297], [121.80011, 17.925297], [121.80011, 17.923949], [121.796067, 17.923949], [121.796067, 17.917212], [121.798762, 17.917212], [121.798762, 17.915864], [121.80011, 17.915864], [121.80011, 17.918559], [121.804152, 17.918559], [121.804152, 17.915864], [121.801457, 17.915864], [121.801457, 17.91317], [121.802805, 17.91317], [121.802805, 17.911822], [121.804152, 17.911822], [121.804152, 17.910475], [121.802805, 17.910475], [121.802805, 17.909127], [121.801457, 17.909127], [121.801457, 17.905085], [121.802805, 17.905085], [121.802805, 17.90778], [121.804152, 17.90778], [121.804152, 17.909127], [121.8055, 17.909127], [121.8055, 17.910475], [121.806847, 17.910475], [121.806847, 17.906432], [121.808195, 17.906432], [121.808195, 17.909127], [121.809542, 17.909127], [121.809542, 17.910475], [121.814932, 17.910475], [121.814932, 17.906432], [121.813584, 17.906432], [121.813584, 17.903737], [121.812237, 17.903737], [121.812237, 17.901042], [121.813584, 17.901042], [121.813584, 17.898347], [121.812237, 17.898347], [121.812237, 17.899695], [121.808195, 17.899695], [121.808195, 17.895652], [121.802805, 17.895652], [121.802805, 17.898347], [121.801457, 17.898347], [121.801457, 17.89161], [121.80011, 17.89161], [121.80011, 17.887568], [121.798762, 17.887568], [121.798762, 17.88622], [121.801457, 17.88622], [121.801457, 17.88083], [121.80011, 17.88083], [121.80011, 17.878135], [121.798762, 17.878135], [121.798762, 17.879483], [121.79472, 17.879483], [121.79472, 17.878135], [121.796067, 17.878135], [121.796067, 17.87005], [121.79472, 17.87005], [121.79472, 17.868703], [121.793372, 17.868703], [121.793372, 17.87005], [121.792025, 17.87005], [121.792025, 17.871398], [121.790677, 17.871398], [121.790677, 17.868703], [121.792025, 17.868703], [121.792025, 17.866008], [121.790677, 17.866008], [121.790677, 17.86466], [121.792025, 17.86466], [121.792025, 17.863313], [121.793372, 17.863313], [121.793372, 17.860618], [121.796067, 17.860618], [121.796067, 17.856576], [121.793372, 17.856576], [121.793372, 17.853881], [121.792025, 17.853881], [121.792025, 17.851186], [121.78933, 17.851186], [121.78933, 17.848491], [121.792025, 17.848491], [121.792025, 17.845796], [121.79472, 17.845796], [121.79472, 17.847143], [121.796067, 17.847143], [121.796067, 17.848491], [121.80011, 17.848491], [121.80011, 17.847143], [121.797415, 17.847143], [121.797415, 17.845796], [121.796067, 17.845796], [121.796067, 17.844448], [121.79472, 17.844448], [121.79472, 17.841753], [121.793372, 17.841753], [121.793372, 17.843101], [121.792025, 17.843101], [121.792025, 17.844448], [121.790677, 17.844448], [121.790677, 17.841753], [121.792025, 17.841753], [121.792025, 17.839059], [121.793372, 17.839059], [121.793372, 17.837711], [121.79472, 17.837711], [121.79472, 17.829626], [121.793372, 17.829626], [121.793372, 17.835016], [121.790677, 17.835016], [121.790677, 17.833669], [121.792025, 17.833669], [121.792025, 17.830974], [121.78933, 17.830974], [121.78933, 17.835016], [121.786635, 17.835016], [121.786635, 17.832321], [121.78394, 17.832321], [121.78394, 17.829626], [121.786635, 17.829626], [121.786635, 17.828279], [121.78933, 17.828279], [121.78933, 17.826931], [121.787982, 17.826931], [121.787982, 17.824236], [121.786635, 17.824236], [121.786635, 17.820194], [121.785288, 17.820194], [121.785288, 17.818846], [121.786635, 17.818846], [121.786635, 17.817499], [121.785288, 17.817499], [121.785288, 17.816151], [121.786635, 17.816151], [121.786635, 17.814804], [121.787982, 17.814804], [121.787982, 17.813457], [121.78933, 17.813457], [121.78933, 17.808067], [121.790677, 17.808067], [121.790677, 17.806719], [121.78933, 17.806719], [121.78933, 17.799982], [121.786635, 17.799982], [121.786635, 17.798634], [121.787982, 17.798634], [121.787982, 17.797287], [121.78933, 17.797287], [121.78933, 17.795939], [121.786635, 17.795939], [121.786635, 17.793244], [121.787982, 17.793244], [121.787982, 17.791897], [121.785288, 17.791897], [121.785288, 17.793244], [121.78394, 17.793244], [121.78394, 17.789202], [121.782593, 17.789202], [121.782593, 17.787855], [121.786635, 17.787855], [121.786635, 17.786507], [121.785288, 17.786507], [121.785288, 17.78516], [121.78394, 17.78516], [121.78394, 17.783812], [121.782593, 17.783812], [121.782593, 17.781117], [121.78394, 17.781117], [121.78394, 17.77977], [121.785288, 17.77977], [121.785288, 17.778422], [121.781245, 17.778422], [121.781245, 17.777075], [121.779898, 17.777075], [121.779898, 17.778422], [121.777203, 17.778422], [121.777203, 17.77977], [121.77855, 17.77977], [121.77855, 17.783812], [121.779898, 17.783812], [121.779898, 17.78516], [121.77855, 17.78516], [121.77855, 17.787855], [121.777203, 17.787855], [121.777203, 17.78516], [121.774508, 17.78516], [121.774508, 17.781117], [121.771813, 17.781117], [121.771813, 17.778422], [121.770465, 17.778422], [121.770465, 17.773032], [121.771813, 17.773032], [121.771813, 17.771685], [121.774508, 17.771685], [121.774508, 17.770337], [121.775855, 17.770337], [121.775855, 17.766295], [121.781245, 17.766295], [121.781245, 17.7636], [121.779898, 17.7636], [121.779898, 17.762253], [121.782593, 17.762253], [121.782593, 17.759558], [121.78394, 17.759558], [121.78394, 17.75821], [121.787982, 17.75821], [121.787982, 17.759558], [121.790677, 17.759558], [121.790677, 17.756863], [121.792025, 17.756863], [121.792025, 17.75282], [121.790677, 17.75282], [121.790677, 17.755515], [121.78933, 17.755515], [121.78933, 17.754168], [121.785288, 17.754168], [121.785288, 17.75282], [121.78394, 17.75282], [121.78394, 17.751473], [121.782593, 17.751473], [121.782593, 17.75282], [121.77855, 17.75282], [121.77855, 17.748778], [121.777203, 17.748778], [121.777203, 17.744735], [121.77855, 17.744735], [121.77855, 17.743388], [121.775855, 17.743388], [121.775855, 17.74204], [121.77855, 17.74204], [121.77855, 17.740693], [121.782593, 17.740693], [121.782593, 17.735303], [121.781245, 17.735303], [121.781245, 17.736651], [121.777203, 17.736651], [121.777203, 17.735303], [121.779898, 17.735303], [121.779898, 17.732608], [121.782593, 17.732608], [121.782593, 17.728566], [121.78394, 17.728566], [121.78394, 17.725871], [121.782593, 17.725871], [121.782593, 17.724523], [121.779898, 17.724523], [121.779898, 17.721828], [121.781245, 17.721828], [121.781245, 17.719133], [121.782593, 17.719133], [121.782593, 17.717786], [121.781245, 17.717786], [121.781245, 17.715091], [121.779898, 17.715091], [121.779898, 17.713744], [121.781245, 17.713744], [121.781245, 17.711049], [121.782593, 17.711049], [121.782593, 17.708354], [121.785288, 17.708354], [121.785288, 17.707006], [121.78394, 17.707006], [121.78394, 17.705659], [121.782593, 17.705659], [121.782593, 17.701616], [121.781245, 17.701616], [121.781245, 17.696226], [121.782593, 17.696226], [121.782593, 17.694879], [121.781245, 17.694879], [121.781245, 17.693531], [121.77855, 17.693531], [121.77855, 17.692184], [121.781245, 17.692184], [121.781245, 17.690836], [121.779898, 17.690836], [121.779898, 17.689489], [121.781245, 17.689489], [121.781245, 17.686794], [121.782593, 17.686794], [121.782593, 17.685447], [121.781245, 17.685447], [121.781245, 17.682752], [121.779898, 17.682752], [121.779898, 17.681404], [121.781245, 17.681404], [121.781245, 17.678709], [121.779898, 17.678709], [121.779898, 17.677362], [121.781245, 17.677362], [121.781245, 17.676014], [121.782593, 17.676014], [121.782593, 17.677362], [121.78394, 17.677362], [121.78394, 17.680057], [121.785288, 17.680057], [121.785288, 17.678709], [121.786635, 17.678709], [121.786635, 17.676014], [121.78394, 17.676014], [121.78394, 17.674667], [121.782593, 17.674667], [121.782593, 17.671972], [121.786635, 17.671972], [121.786635, 17.667929], [121.785288, 17.667929], [121.785288, 17.670624], [121.782593, 17.670624], [121.782593, 17.669277], [121.78394, 17.669277], [121.78394, 17.666582], [121.786635, 17.666582], [121.786635, 17.665234], [121.78933, 17.665234], [121.78933, 17.666582], [121.787982, 17.666582], [121.787982, 17.671972], [121.78933, 17.671972], [121.78933, 17.686794], [121.790677, 17.686794], [121.790677, 17.698921], [121.792025, 17.698921], [121.792025, 17.704311], [121.793372, 17.704311], [121.793372, 17.709701], [121.79472, 17.709701], [121.79472, 17.711049], [121.796067, 17.711049], [121.796067, 17.715091], [121.797415, 17.715091], [121.797415, 17.716438], [121.798762, 17.716438], [121.798762, 17.719133], [121.80011, 17.719133], [121.80011, 17.721828], [121.801457, 17.721828], [121.801457, 17.723176], [121.802805, 17.723176], [121.802805, 17.721828], [121.804152, 17.721828], [121.804152, 17.723176], [121.808195, 17.723176], [121.808195, 17.721828], [121.813584, 17.721828], [121.813584, 17.719133], [121.814932, 17.719133], [121.814932, 17.707006], [121.816279, 17.707006], [121.816279, 17.705659], [121.817627, 17.705659], [121.817627, 17.704311], [121.820322, 17.704311], [121.820322, 17.702964], [121.818974, 17.702964], [121.818974, 17.693531], [121.820322, 17.693531], [121.820322, 17.688142], [121.818974, 17.688142], [121.818974, 17.686794], [121.817627, 17.686794], [121.817627, 17.682752], [121.816279, 17.682752], [121.816279, 17.674667], [121.817627, 17.674667], [121.817627, 17.673319], [121.816279, 17.673319], [121.816279, 17.670624], [121.814932, 17.670624], [121.814932, 17.665234], [121.816279, 17.665234], [121.816279, 17.66254], [121.818974, 17.66254], [121.818974, 17.658497], [121.820322, 17.658497], [121.820322, 17.65176], [121.818974, 17.65176], [121.818974, 17.647717], [121.820322, 17.647717], [121.820322, 17.63559], [121.821669, 17.63559], [121.821669, 17.632895], [121.820322, 17.632895], [121.820322, 17.626158], [121.821669, 17.626158], [121.821669, 17.62481], [121.823017, 17.62481], [121.823017, 17.620768], [121.821669, 17.620768], [121.821669, 17.618073], [121.824364, 17.618073], [121.824364, 17.616725], [121.823017, 17.616725], [121.823017, 17.615378], [121.824364, 17.615378], [121.824364, 17.614031], [121.821669, 17.614031], [121.821669, 17.611336], [121.823017, 17.611336], [121.823017, 17.608641], [121.824364, 17.608641], [121.824364, 17.607293], [121.825712, 17.607293], [121.825712, 17.604598], [121.828407, 17.604598], [121.828407, 17.603251], [121.825712, 17.603251], [121.825712, 17.596513], [121.827059, 17.596513], [121.827059, 17.593818], [121.828407, 17.593818], [121.828407, 17.591123], [121.827059, 17.591123], [121.827059, 17.589776], [121.828407, 17.589776], [121.828407, 17.588429], [121.831102, 17.588429], [121.831102, 17.587081], [121.833797, 17.587081], [121.833797, 17.577649], [121.835144, 17.577649], [121.835144, 17.576301], [121.836492, 17.576301], [121.836492, 17.572259], [121.837839, 17.572259], [121.837839, 17.570911], [121.840534, 17.570911], [121.840534, 17.566869], [121.841881, 17.566869], [121.841881, 17.565521], [121.843229, 17.565521], [121.843229, 17.564174], [121.844576, 17.564174], [121.844576, 17.562827], [121.845924, 17.562827], [121.845924, 17.564174], [121.847271, 17.564174], [121.847271, 17.562827], [121.848619, 17.562827], [121.848619, 17.561479], [121.847271, 17.561479], [121.847271, 17.560132], [121.845924, 17.560132], [121.845924, 17.550699], [121.849966, 17.550699], [121.849966, 17.549352], [121.848619, 17.549352], [121.848619, 17.542614], [121.849966, 17.542614], [121.849966, 17.53992], [121.851314, 17.53992], [121.851314, 17.538572], [121.854009, 17.538572], [121.854009, 17.537225], [121.855356, 17.537225], [121.855356, 17.535877], [121.859399, 17.535877], [121.859399, 17.53453], [121.858051, 17.53453], [121.858051, 17.533182], [121.856704, 17.533182], [121.856704, 17.531835], [121.843229, 17.531835], [121.843229, 17.530487], [121.845924, 17.530487], [121.845924, 17.52914], [121.844576, 17.52914], [121.844576, 17.527792], [121.843229, 17.527792], [121.843229, 17.525097], [121.839186, 17.525097], [121.839186, 17.52375], [121.837839, 17.52375], [121.837839, 17.522402], [121.836492, 17.522402], [121.836492, 17.519707], [121.833797, 17.519707], [121.833797, 17.52375], [121.835144, 17.52375], [121.835144, 17.526445], [121.836492, 17.526445], [121.836492, 17.530487], [121.833797, 17.530487], [121.833797, 17.52914], [121.829754, 17.52914], [121.829754, 17.530487], [121.831102, 17.530487], [121.831102, 17.531835], [121.832449, 17.531835], [121.832449, 17.533182], [121.835144, 17.533182], [121.835144, 17.537225], [121.833797, 17.537225], [121.833797, 17.535877], [121.832449, 17.535877], [121.832449, 17.537225], [121.831102, 17.537225], [121.831102, 17.541267], [121.829754, 17.541267], [121.829754, 17.542614], [121.827059, 17.542614], [121.827059, 17.53992], [121.825712, 17.53992], [121.825712, 17.538572], [121.824364, 17.538572], [121.824364, 17.542614], [121.825712, 17.542614], [121.825712, 17.543962], [121.824364, 17.543962], [121.824364, 17.545309], [121.823017, 17.545309], [121.823017, 17.549352], [121.820322, 17.549352], [121.820322, 17.553394], [121.817627, 17.553394], [121.817627, 17.550699], [121.816279, 17.550699], [121.816279, 17.552047], [121.814932, 17.552047], [121.814932, 17.553394], [121.812237, 17.553394], [121.812237, 17.556089], [121.81089, 17.556089], [121.81089, 17.557437], [121.809542, 17.557437], [121.809542, 17.558784], [121.806847, 17.558784], [121.806847, 17.557437], [121.802805, 17.557437], [121.802805, 17.558784], [121.80011, 17.558784], [121.80011, 17.560132], [121.8055, 17.560132], [121.8055, 17.561479], [121.808195, 17.561479], [121.808195, 17.565521], [121.806847, 17.565521], [121.806847, 17.564174], [121.8055, 17.564174], [121.8055, 17.565521], [121.801457, 17.565521], [121.801457, 17.568216], [121.802805, 17.568216], [121.802805, 17.569564], [121.806847, 17.569564], [121.806847, 17.568216], [121.808195, 17.568216], [121.808195, 17.570911], [121.809542, 17.570911], [121.809542, 17.572259], [121.81089, 17.572259], [121.81089, 17.573606], [121.809542, 17.573606], [121.809542, 17.574954], [121.808195, 17.574954], [121.808195, 17.576301], [121.806847, 17.576301], [121.806847, 17.578996], [121.8055, 17.578996], [121.8055, 17.580344], [121.806847, 17.580344], [121.806847, 17.581691], [121.808195, 17.581691], [121.808195, 17.583039], [121.809542, 17.583039], [121.809542, 17.584386], [121.808195, 17.584386], [121.808195, 17.587081], [121.806847, 17.587081], [121.806847, 17.588429], [121.808195, 17.588429], [121.808195, 17.591123], [121.806847, 17.591123], [121.806847, 17.592471], [121.8055, 17.592471], [121.8055, 17.593818], [121.804152, 17.593818], [121.804152, 17.595166], [121.801457, 17.595166], [121.801457, 17.596513], [121.804152, 17.596513], [121.804152, 17.600556], [121.802805, 17.600556], [121.802805, 17.601903], [121.80011, 17.601903], [121.80011, 17.603251], [121.797415, 17.603251], [121.797415, 17.600556], [121.796067, 17.600556], [121.796067, 17.599208], [121.797415, 17.599208], [121.797415, 17.597861], [121.796067, 17.597861], [121.796067, 17.596513], [121.797415, 17.596513], [121.797415, 17.595166], [121.796067, 17.595166], [121.796067, 17.593818], [121.793372, 17.593818], [121.793372, 17.592471], [121.796067, 17.592471], [121.796067, 17.591123], [121.797415, 17.591123], [121.797415, 17.589776], [121.79472, 17.589776], [121.79472, 17.588429], [121.796067, 17.588429], [121.796067, 17.587081], [121.79472, 17.587081], [121.79472, 17.584386], [121.797415, 17.584386], [121.797415, 17.583039], [121.793372, 17.583039], [121.793372, 17.581691], [121.790677, 17.581691], [121.790677, 17.580344], [121.792025, 17.580344], [121.792025, 17.577649], [121.78933, 17.577649], [121.78933, 17.576301], [121.792025, 17.576301], [121.792025, 17.572259], [121.78933, 17.572259], [121.78933, 17.570911], [121.790677, 17.570911], [121.790677, 17.569564], [121.79472, 17.569564], [121.79472, 17.568216], [121.796067, 17.568216], [121.796067, 17.564174], [121.797415, 17.564174], [121.797415, 17.562827], [121.796067, 17.562827], [121.796067, 17.557437], [121.79472, 17.557437], [121.79472, 17.556089], [121.797415, 17.556089], [121.797415, 17.554742], [121.801457, 17.554742], [121.801457, 17.553394], [121.802805, 17.553394], [121.802805, 17.552047], [121.804152, 17.552047], [121.804152, 17.550699], [121.8055, 17.550699], [121.8055, 17.549352], [121.806847, 17.549352], [121.806847, 17.546657], [121.808195, 17.546657], [121.808195, 17.543962], [121.814932, 17.543962], [121.814932, 17.541267], [121.816279, 17.541267], [121.816279, 17.542614], [121.818974, 17.542614], [121.818974, 17.543962], [121.820322, 17.543962], [121.820322, 17.541267], [121.818974, 17.541267], [121.818974, 17.53992], [121.816279, 17.53992], [121.816279, 17.538572], [121.814932, 17.538572], [121.814932, 17.537225], [121.813584, 17.537225], [121.813584, 17.53453], [121.812237, 17.53453], [121.812237, 17.535877], [121.81089, 17.535877], [121.81089, 17.537225], [121.809542, 17.537225], [121.809542, 17.538572], [121.808195, 17.538572], [121.808195, 17.53453], [121.806847, 17.53453], [121.806847, 17.533182], [121.809542, 17.533182], [121.809542, 17.531835], [121.81089, 17.531835], [121.81089, 17.52914], [121.812237, 17.52914], [121.812237, 17.527792], [121.808195, 17.527792], [121.808195, 17.525097], [121.812237, 17.525097], [121.812237, 17.521055], [121.81089, 17.521055], [121.81089, 17.519707], [121.813584, 17.519707], [121.813584, 17.51836], [121.81089, 17.51836], [121.81089, 17.515665], [121.809542, 17.515665], [121.809542, 17.514318], [121.81089, 17.514318], [121.81089, 17.51297], [121.812237, 17.51297], [121.812237, 17.514318], [121.813584, 17.514318], [121.813584, 17.515665], [121.814932, 17.515665], [121.814932, 17.517012], [121.816279, 17.517012], [121.816279, 17.51836], [121.817627, 17.51836], [121.817627, 17.514318], [121.821669, 17.514318], [121.821669, 17.511623], [121.823017, 17.511623], [121.823017, 17.51297], [121.824364, 17.51297], [121.824364, 17.514318], [121.825712, 17.514318], [121.825712, 17.51297], [121.827059, 17.51297], [121.827059, 17.511623], [121.825712, 17.511623], [121.825712, 17.508928], [121.821669, 17.508928], [121.821669, 17.50758], [121.820322, 17.50758], [121.820322, 17.506233], [121.825712, 17.506233], [121.825712, 17.504885], [121.824364, 17.504885], [121.824364, 17.503538], [121.823017, 17.503538], [121.823017, 17.50219], [121.821669, 17.50219], [121.821669, 17.504885], [121.820322, 17.504885], [121.820322, 17.503538], [121.818974, 17.503538], [121.818974, 17.500843], [121.817627, 17.500843], [121.817627, 17.50758], [121.816279, 17.50758], [121.816279, 17.508928], [121.814932, 17.508928], [121.814932, 17.506233], [121.813584, 17.506233], [121.813584, 17.504885], [121.812237, 17.504885], [121.812237, 17.50219], [121.813584, 17.50219], [121.813584, 17.498148], [121.812237, 17.498148], [121.812237, 17.492758], [121.813584, 17.492758], [121.813584, 17.49141], [121.812237, 17.49141], [121.812237, 17.490063], [121.813584, 17.490063], [121.813584, 17.487368], [121.814932, 17.487368], [121.814932, 17.486021], [121.813584, 17.486021], [121.813584, 17.484673], [121.814932, 17.484673], [121.814932, 17.483326], [121.817627, 17.483326], [121.817627, 17.480631], [121.818974, 17.480631], [121.818974, 17.479283], [121.820322, 17.479283], [121.820322, 17.469851], [121.823017, 17.469851], [121.823017, 17.463114], [121.820322, 17.463114], [121.820322, 17.460419], [121.818974, 17.460419], [121.818974, 17.459071], [121.820322, 17.459071], [121.820322, 17.457724], [121.821669, 17.457724], [121.821669, 17.460419], [121.823017, 17.460419], [121.823017, 17.459071], [121.824364, 17.459071], [121.824364, 17.457724], [121.823017, 17.457724], [121.823017, 17.453681], [121.824364, 17.453681], [121.824364, 17.455029], [121.825712, 17.455029], [121.825712, 17.456376], [121.827059, 17.456376], [121.827059, 17.457724], [121.825712, 17.457724], [121.825712, 17.460419], [121.827059, 17.460419], [121.827059, 17.473893], [121.825712, 17.473893], [121.825712, 17.475241], [121.828407, 17.475241], [121.828407, 17.476588], [121.829754, 17.476588], [121.829754, 17.488716], [121.827059, 17.488716], [121.827059, 17.49141], [121.825712, 17.49141], [121.825712, 17.492758], [121.827059, 17.492758], [121.827059, 17.494105], [121.828407, 17.494105], [121.828407, 17.495453], [121.831102, 17.495453], [121.831102, 17.499495], [121.827059, 17.499495], [121.827059, 17.50219], [121.828407, 17.50219], [121.828407, 17.503538], [121.829754, 17.503538], [121.829754, 17.506233], [121.832449, 17.506233], [121.832449, 17.50758], [121.833797, 17.50758], [121.833797, 17.511623], [121.835144, 17.511623], [121.835144, 17.510275], [121.836492, 17.510275], [121.836492, 17.511623], [121.840534, 17.511623], [121.840534, 17.51297], [121.843229, 17.51297], [121.843229, 17.514318], [121.844576, 17.514318], [121.844576, 17.515665], [121.845924, 17.515665], [121.845924, 17.514318], [121.847271, 17.514318], [121.847271, 17.515665], [121.848619, 17.515665], [121.848619, 17.517012], [121.847271, 17.517012], [121.847271, 17.51836], [121.851314, 17.51836], [121.851314, 17.519707], [121.852661, 17.519707], [121.852661, 17.517012], [121.855356, 17.517012], [121.855356, 17.51836], [121.859399, 17.51836], [121.859399, 17.522402], [121.860746, 17.522402], [121.860746, 17.52375], [121.863441, 17.52375], [121.863441, 17.521055], [121.862094, 17.521055], [121.862094, 17.51836], [121.863441, 17.51836], [121.863441, 17.517012], [121.864788, 17.517012], [121.864788, 17.51297], [121.867483, 17.51297], [121.867483, 17.511623], [121.868831, 17.511623], [121.868831, 17.510275], [121.870178, 17.510275], [121.870178, 17.506233], [121.871526, 17.506233], [121.871526, 17.504885], [121.872873, 17.504885], [121.872873, 17.506233], [121.879611, 17.506233], [121.879611, 17.508928], [121.880958, 17.508928], [121.880958, 17.510275], [121.882306, 17.510275], [121.882306, 17.511623], [121.883653, 17.511623], [121.883653, 17.50219], [121.879611, 17.50219], [121.879611, 17.503538], [121.878263, 17.503538], [121.878263, 17.504885], [121.875568, 17.504885], [121.875568, 17.503538], [121.874221, 17.503538], [121.874221, 17.50219], [121.872873, 17.50219], [121.872873, 17.500843], [121.871526, 17.500843], [121.871526, 17.50219], [121.864788, 17.50219], [121.864788, 17.500843], [121.867483, 17.500843], [121.867483, 17.498148], [121.864788, 17.498148], [121.864788, 17.499495], [121.862094, 17.499495], [121.862094, 17.494105], [121.863441, 17.494105], [121.863441, 17.492758], [121.864788, 17.492758], [121.864788, 17.494105], [121.866136, 17.494105], [121.866136, 17.492758], [121.870178, 17.492758], [121.870178, 17.49141], [121.876916, 17.49141], [121.876916, 17.492758], [121.878263, 17.492758], [121.878263, 17.494105], [121.880958, 17.494105], [121.880958, 17.495453], [121.883653, 17.495453], [121.883653, 17.4968], [121.885001, 17.4968], [121.885001, 17.495453], [121.886348, 17.495453], [121.886348, 17.494105], [121.89039, 17.494105], [121.89039, 17.495453], [121.891738, 17.495453], [121.891738, 17.494105], [121.899823, 17.494105], [121.899823, 17.492758], [121.90117, 17.492758], [121.90117, 17.49141], [121.902518, 17.49141], [121.902518, 17.490063], [121.903865, 17.490063], [121.903865, 17.488716], [121.905213, 17.488716], [121.905213, 17.487368], [121.90656, 17.487368], [121.90656, 17.486021], [121.905213, 17.486021], [121.905213, 17.484673], [121.90117, 17.484673], [121.90117, 17.486021], [121.899823, 17.486021], [121.899823, 17.487368], [121.89578, 17.487368], [121.89578, 17.488716], [121.89039, 17.488716], [121.89039, 17.487368], [121.889043, 17.487368], [121.889043, 17.486021], [121.886348, 17.486021], [121.886348, 17.484673], [121.885001, 17.484673], [121.885001, 17.483326], [121.883653, 17.483326], [121.883653, 17.481978], [121.878263, 17.481978], [121.878263, 17.480631], [121.875568, 17.480631], [121.875568, 17.479283], [121.878263, 17.479283], [121.878263, 17.477936], [121.882306, 17.477936], [121.882306, 17.479283], [121.883653, 17.479283], [121.883653, 17.476588], [121.882306, 17.476588], [121.882306, 17.475241], [121.874221, 17.475241], [121.874221, 17.473893], [121.872873, 17.473893], [121.872873, 17.471198], [121.874221, 17.471198], [121.874221, 17.469851], [121.870178, 17.469851], [121.870178, 17.468503], [121.864788, 17.468503], [121.864788, 17.463114], [121.866136, 17.463114], [121.866136, 17.464461], [121.871526, 17.464461], [121.871526, 17.463114], [121.870178, 17.463114], [121.870178, 17.461766], [121.866136, 17.461766], [121.866136, 17.457724], [121.864788, 17.457724], [121.864788, 17.460419], [121.862094, 17.460419], [121.862094, 17.459071], [121.860746, 17.459071], [121.860746, 17.457724], [121.858051, 17.457724], [121.858051, 17.456376], [121.852661, 17.456376], [121.852661, 17.455029], [121.847271, 17.455029], [121.847271, 17.453681], [121.848619, 17.453681], [121.848619, 17.452334], [121.859399, 17.452334], [121.859399, 17.450986], [121.858051, 17.450986], [121.858051, 17.446944], [121.856704, 17.446944], [121.856704, 17.445596], [121.855356, 17.445596], [121.855356, 17.442901], [121.862094, 17.442901], [121.862094, 17.444249], [121.866136, 17.444249], [121.866136, 17.446944], [121.867483, 17.446944], [121.867483, 17.448291], [121.870178, 17.448291], [121.870178, 17.442901], [121.872873, 17.442901], [121.872873, 17.440207], [121.871526, 17.440207], [121.871526, 17.441554], [121.870178, 17.441554], [121.870178, 17.440207], [121.868831, 17.440207], [121.868831, 17.438859], [121.866136, 17.438859], [121.866136, 17.437512], [121.864788, 17.437512], [121.864788, 17.436164], [121.866136, 17.436164], [121.866136, 17.433469], [121.867483, 17.433469], [121.867483, 17.432122], [121.868831, 17.432122], [121.868831, 17.433469], [121.871526, 17.433469], [121.871526, 17.434817], [121.875568, 17.434817], [121.875568, 17.436164], [121.876916, 17.436164], [121.876916, 17.432122], [121.878263, 17.432122], [121.878263, 17.429427], [121.879611, 17.429427], [121.879611, 17.432122], [121.880958, 17.432122], [121.880958, 17.434817], [121.883653, 17.434817], [121.883653, 17.436164], [121.886348, 17.436164], [121.886348, 17.438859], [121.889043, 17.438859], [121.889043, 17.440207], [121.89039, 17.440207], [121.89039, 17.441554], [121.891738, 17.441554], [121.891738, 17.442901], [121.899823, 17.442901], [121.899823, 17.444249], [121.90117, 17.444249], [121.90117, 17.441554], [121.897128, 17.441554], [121.897128, 17.440207], [121.899823, 17.440207], [121.899823, 17.437512], [121.898475, 17.437512], [121.898475, 17.436164], [121.897128, 17.436164], [121.897128, 17.434817], [121.89578, 17.434817], [121.89578, 17.433469], [121.891738, 17.433469], [121.891738, 17.432122], [121.89039, 17.432122], [121.89039, 17.429427], [121.889043, 17.429427], [121.889043, 17.428079], [121.89039, 17.428079], [121.89039, 17.426732], [121.891738, 17.426732], [121.891738, 17.421342], [121.893085, 17.421342], [121.893085, 17.418647], [121.89039, 17.418647], [121.89039, 17.415952], [121.893085, 17.415952], [121.893085, 17.417299], [121.894433, 17.417299], [121.894433, 17.415952], [121.89578, 17.415952], [121.89578, 17.414605], [121.894433, 17.414605], [121.894433, 17.410562], [121.898475, 17.410562], [121.898475, 17.409215], [121.897128, 17.409215], [121.897128, 17.407867], [121.891738, 17.407867], [121.891738, 17.409215], [121.89039, 17.409215], [121.89039, 17.410562], [121.889043, 17.410562], [121.889043, 17.41191], [121.887695, 17.41191], [121.887695, 17.410562], [121.883653, 17.410562], [121.883653, 17.405172], [121.878263, 17.405172], [121.878263, 17.403825], [121.875568, 17.403825], [121.875568, 17.402477], [121.876916, 17.402477], [121.876916, 17.399782], [121.875568, 17.399782], [121.875568, 17.398435], [121.878263, 17.398435], [121.878263, 17.399782], [121.883653, 17.399782], [121.883653, 17.398435], [121.886348, 17.398435], [121.886348, 17.40113], [121.887695, 17.40113], [121.887695, 17.402477], [121.89039, 17.402477], [121.89039, 17.403825], [121.894433, 17.403825], [121.894433, 17.402477], [121.897128, 17.402477], [121.897128, 17.403825], [121.899823, 17.403825], [121.899823, 17.402477], [121.90117, 17.402477], [121.90117, 17.403825], [121.902518, 17.403825], [121.902518, 17.402477], [121.903865, 17.402477], [121.903865, 17.40113], [121.902518, 17.40113], [121.902518, 17.399782], [121.899823, 17.399782], [121.899823, 17.398435], [121.898475, 17.398435], [121.898475, 17.39574], [121.897128, 17.39574], [121.897128, 17.391697], [121.898475, 17.391697], [121.898475, 17.389003], [121.899823, 17.389003], [121.899823, 17.387655], [121.898475, 17.387655], [121.898475, 17.386308], [121.90117, 17.386308], [121.90117, 17.38496], [121.899823, 17.38496], [121.899823, 17.383613], [121.90117, 17.383613], [121.90117, 17.382265], [121.898475, 17.382265], [121.898475, 17.37957], [121.90117, 17.37957], [121.90117, 17.380918], [121.903865, 17.380918], [121.903865, 17.37957], [121.909255, 17.37957], [121.909255, 17.378223], [121.907908, 17.378223], [121.907908, 17.376875], [121.90656, 17.376875], [121.90656, 17.378223], [121.902518, 17.378223], [121.902518, 17.37418], [121.899823, 17.37418], [121.899823, 17.372833], [121.898475, 17.372833], [121.898475, 17.370138], [121.899823, 17.370138], [121.899823, 17.36879], [121.897128, 17.36879], [121.897128, 17.366096], [121.89578, 17.366096], [121.89578, 17.363401], [121.893085, 17.363401], [121.893085, 17.360706], [121.89039, 17.360706], [121.89039, 17.359358], [121.889043, 17.359358], [121.889043, 17.358011], [121.887695, 17.358011], [121.887695, 17.359358], [121.885001, 17.359358], [121.885001, 17.358011], [121.883653, 17.358011], [121.883653, 17.359358], [121.882306, 17.359358], [121.882306, 17.356663], [121.880958, 17.356663], [121.880958, 17.355316], [121.878263, 17.355316], [121.878263, 17.353968], [121.883653, 17.353968], [121.883653, 17.356663], [121.886348, 17.356663], [121.886348, 17.353968], [121.889043, 17.353968], [121.889043, 17.355316], [121.89039, 17.355316], [121.89039, 17.353968], [121.891738, 17.353968], [121.891738, 17.352621], [121.893085, 17.352621], [121.893085, 17.355316], [121.894433, 17.355316], [121.894433, 17.356663], [121.89578, 17.356663], [121.89578, 17.358011], [121.897128, 17.358011], [121.897128, 17.362053], [121.899823, 17.362053], [121.899823, 17.358011], [121.898475, 17.358011], [121.898475, 17.353968], [121.90117, 17.353968], [121.90117, 17.352621], [121.899823, 17.352621], [121.899823, 17.347231], [121.898475, 17.347231], [121.898475, 17.345883], [121.897128, 17.345883], [121.897128, 17.343188], [121.898475, 17.343188], [121.898475, 17.344536], [121.899823, 17.344536], [121.899823, 17.343188], [121.90117, 17.343188], [121.90117, 17.344536], [121.902518, 17.344536], [121.902518, 17.343188], [121.903865, 17.343188], [121.903865, 17.341841], [121.899823, 17.341841], [121.899823, 17.340494], [121.898475, 17.340494], [121.898475, 17.339146], [121.903865, 17.339146], [121.903865, 17.335104], [121.90117, 17.335104], [121.90117, 17.329714], [121.899823, 17.329714], [121.899823, 17.328366], [121.902518, 17.328366], [121.902518, 17.331061], [121.903865, 17.331061], [121.903865, 17.333756], [121.90656, 17.333756], [121.90656, 17.335104], [121.907908, 17.335104], [121.907908, 17.331061], [121.90656, 17.331061], [121.90656, 17.329714], [121.907908, 17.329714], [121.907908, 17.328366], [121.910603, 17.328366], [121.910603, 17.324324], [121.909255, 17.324324], [121.909255, 17.327019], [121.90656, 17.327019], [121.90656, 17.325671], [121.905213, 17.325671], [121.905213, 17.322976], [121.902518, 17.322976], [121.902518, 17.321629], [121.903865, 17.321629], [121.903865, 17.320281], [121.905213, 17.320281], [121.905213, 17.318934], [121.903865, 17.318934], [121.903865, 17.317586], [121.907908, 17.317586], [121.907908, 17.316239], [121.909255, 17.316239], [121.909255, 17.317586], [121.910603, 17.317586], [121.910603, 17.318934], [121.91195, 17.318934], [121.91195, 17.317586], [121.914645, 17.317586], [121.914645, 17.316239], [121.91734, 17.316239], [121.91734, 17.317586], [121.918687, 17.317586], [121.918687, 17.318934], [121.920035, 17.318934], [121.920035, 17.316239], [121.921382, 17.316239], [121.921382, 17.309502], [121.920035, 17.309502], [121.920035, 17.308154], [121.915992, 17.308154], [121.915992, 17.306807], [121.91195, 17.306807], [121.91195, 17.305459], [121.910603, 17.305459], [121.910603, 17.304112], [121.907908, 17.304112], [121.907908, 17.302764], [121.905213, 17.302764], [121.905213, 17.301417], [121.903865, 17.301417], [121.903865, 17.302764], [121.902518, 17.302764], [121.902518, 17.301417], [121.90117, 17.301417], [121.90117, 17.302764], [121.898475, 17.302764], [121.898475, 17.304112], [121.89578, 17.304112], [121.89578, 17.302764], [121.893085, 17.302764], [121.893085, 17.304112], [121.891738, 17.304112], [121.891738, 17.302764], [121.89039, 17.302764], [121.89039, 17.306807], [121.891738, 17.306807], [121.891738, 17.308154], [121.89039, 17.308154], [121.89039, 17.309502], [121.889043, 17.309502], [121.889043, 17.312197], [121.887695, 17.312197], [121.887695, 17.313544], [121.886348, 17.313544], [121.886348, 17.314892], [121.885001, 17.314892], [121.885001, 17.316239], [121.883653, 17.316239], [121.883653, 17.314892], [121.882306, 17.314892], [121.882306, 17.318934], [121.883653, 17.318934], [121.883653, 17.320281], [121.882306, 17.320281], [121.882306, 17.321629], [121.880958, 17.321629], [121.880958, 17.322976], [121.882306, 17.322976], [121.882306, 17.328366], [121.879611, 17.328366], [121.879611, 17.329714], [121.878263, 17.329714], [121.878263, 17.331061], [121.876916, 17.331061], [121.876916, 17.329714], [121.874221, 17.329714], [121.874221, 17.328366], [121.875568, 17.328366], [121.875568, 17.325671], [121.876916, 17.325671], [121.876916, 17.324324], [121.878263, 17.324324], [121.878263, 17.322976], [121.874221, 17.322976], [121.874221, 17.325671], [121.872873, 17.325671], [121.872873, 17.328366], [121.871526, 17.328366], [121.871526, 17.329714], [121.870178, 17.329714], [121.870178, 17.327019], [121.868831, 17.327019], [121.868831, 17.328366], [121.867483, 17.328366], [121.867483, 17.335104], [121.866136, 17.335104], [121.866136, 17.337799], [121.864788, 17.337799], [121.864788, 17.341841], [121.863441, 17.341841], [121.863441, 17.340494], [121.862094, 17.340494], [121.862094, 17.341841], [121.860746, 17.341841], [121.860746, 17.335104], [121.859399, 17.335104], [121.859399, 17.337799], [121.855356, 17.337799], [121.855356, 17.340494], [121.854009, 17.340494], [121.854009, 17.341841], [121.849966, 17.341841], [121.849966, 17.340494], [121.851314, 17.340494], [121.851314, 17.339146], [121.848619, 17.339146], [121.848619, 17.340494], [121.845924, 17.340494], [121.845924, 17.341841], [121.843229, 17.341841], [121.843229, 17.339146], [121.844576, 17.339146], [121.844576, 17.337799], [121.845924, 17.337799], [121.845924, 17.335104], [121.841881, 17.335104], [121.841881, 17.333756], [121.840534, 17.333756], [121.840534, 17.332409], [121.845924, 17.332409], [121.845924, 17.331061], [121.844576, 17.331061], [121.844576, 17.329714], [121.843229, 17.329714], [121.843229, 17.325671], [121.845924, 17.325671], [121.845924, 17.327019], [121.847271, 17.327019], [121.847271, 17.328366], [121.852661, 17.328366], [121.852661, 17.327019], [121.849966, 17.327019], [121.849966, 17.320281], [121.847271, 17.320281], [121.847271, 17.318934], [121.845924, 17.318934], [121.845924, 17.320281], [121.843229, 17.320281], [121.843229, 17.317586], [121.844576, 17.317586], [121.844576, 17.316239], [121.851314, 17.316239], [121.851314, 17.317586], [121.849966, 17.317586], [121.849966, 17.318934], [121.851314, 17.318934], [121.851314, 17.320281], [121.852661, 17.320281], [121.852661, 17.322976], [121.863441, 17.322976], [121.863441, 17.324324], [121.864788, 17.324324], [121.864788, 17.322976], [121.866136, 17.322976], [121.866136, 17.320281], [121.864788, 17.320281], [121.864788, 17.321629], [121.863441, 17.321629], [121.863441, 17.320281], [121.862094, 17.320281], [121.862094, 17.318934], [121.863441, 17.318934], [121.863441, 17.317586], [121.864788, 17.317586], [121.864788, 17.318934], [121.866136, 17.318934], [121.866136, 17.317586], [121.868831, 17.317586], [121.868831, 17.316239], [121.872873, 17.316239], [121.872873, 17.318934], [121.874221, 17.318934], [121.874221, 17.317586], [121.875568, 17.317586], [121.875568, 17.316239], [121.878263, 17.316239], [121.878263, 17.312197], [121.879611, 17.312197], [121.879611, 17.313544], [121.880958, 17.313544], [121.880958, 17.309502], [121.879611, 17.309502], [121.879611, 17.310849], [121.878263, 17.310849], [121.878263, 17.309502], [121.875568, 17.309502], [121.875568, 17.308154], [121.878263, 17.308154], [121.878263, 17.306807], [121.879611, 17.306807], [121.879611, 17.305459], [121.878263, 17.305459], [121.878263, 17.298722], [121.876916, 17.298722], [121.876916, 17.301417], [121.874221, 17.301417], [121.874221, 17.302764], [121.875568, 17.302764], [121.875568, 17.304112], [121.872873, 17.304112], [121.872873, 17.302764], [121.871526, 17.302764], [121.871526, 17.305459], [121.870178, 17.305459], [121.870178, 17.306807], [121.868831, 17.306807], [121.868831, 17.304112], [121.866136, 17.304112], [121.866136, 17.302764], [121.867483, 17.302764], [121.867483, 17.301417], [121.870178, 17.301417], [121.870178, 17.298722], [121.871526, 17.298722], [121.871526, 17.300069], [121.872873, 17.300069], [121.872873, 17.298722], [121.875568, 17.298722], [121.875568, 17.297374], [121.880958, 17.297374], [121.880958, 17.298722], [121.883653, 17.298722], [121.883653, 17.294679], [121.886348, 17.294679], [121.886348, 17.293332], [121.887695, 17.293332], [121.887695, 17.294679], [121.89039, 17.294679], [121.89039, 17.291984], [121.891738, 17.291984], [121.891738, 17.290637], [121.893085, 17.290637], [121.893085, 17.287942], [121.894433, 17.287942], [121.894433, 17.286595], [121.89578, 17.286595], [121.89578, 17.285247], [121.90117, 17.285247], [121.90117, 17.286595], [121.902518, 17.286595], [121.902518, 17.287942], [121.903865, 17.287942], [121.903865, 17.28929], [121.907908, 17.28929], [121.907908, 17.290637], [121.918687, 17.290637], [121.918687, 17.28929], [121.920035, 17.28929], [121.920035, 17.290637], [121.921382, 17.290637], [121.921382, 17.28929], [121.924077, 17.28929], [121.924077, 17.287942], [121.92812, 17.287942], [121.92812, 17.286595], [121.925425, 17.286595], [121.925425, 17.285247], [121.929467, 17.285247], [121.929467, 17.282552], [121.932162, 17.282552], [121.932162, 17.277162], [121.93351, 17.277162], [121.93351, 17.271772], [121.932162, 17.271772], [121.932162, 17.265035], [121.929467, 17.265035], [121.929467, 17.26234], [121.92812, 17.26234], [121.92812, 17.259645], [121.926772, 17.259645], [121.926772, 17.258298], [121.925425, 17.258298], [121.925425, 17.25695], [121.926772, 17.25695], [121.926772, 17.254255], [121.92812, 17.254255], [121.92812, 17.25695], [121.929467, 17.25695], [121.929467, 17.254255], [121.930815, 17.254255], [121.930815, 17.255603], [121.932162, 17.255603], [121.932162, 17.254255], [121.93351, 17.254255], [121.93351, 17.252908], [121.934857, 17.252908], [121.934857, 17.25156], [121.936205, 17.25156], [121.936205, 17.252908], [121.937552, 17.252908], [121.937552, 17.254255], [121.936205, 17.254255], [121.936205, 17.25695], [121.937552, 17.25695], [121.937552, 17.258298], [121.938899, 17.258298], [121.938899, 17.254255], [121.940247, 17.254255], [121.940247, 17.255603], [121.941594, 17.255603], [121.941594, 17.259645], [121.946984, 17.259645], [121.946984, 17.255603], [121.944289, 17.255603], [121.944289, 17.25156], [121.945637, 17.25156], [121.945637, 17.250213], [121.948332, 17.250213], [121.948332, 17.25156], [121.953722, 17.25156], [121.953722, 17.247518], [121.952374, 17.247518], [121.952374, 17.24617], [121.949679, 17.24617], [121.949679, 17.243475], [121.951027, 17.243475], [121.951027, 17.239433], [121.952374, 17.239433], [121.952374, 17.238086], [121.953722, 17.238086], [121.953722, 17.235391], [121.956417, 17.235391], [121.956417, 17.232696], [121.953722, 17.232696], [121.953722, 17.234043], [121.942942, 17.234043], [121.942942, 17.231348], [121.941594, 17.231348], [121.941594, 17.230001], [121.940247, 17.230001], [121.940247, 17.228653], [121.936205, 17.228653], [121.936205, 17.225958], [121.934857, 17.225958], [121.934857, 17.221916], [121.930815, 17.221916], [121.930815, 17.223263], [121.92812, 17.223263], [121.92812, 17.224611], [121.926772, 17.224611], [121.926772, 17.223263], [121.924077, 17.223263], [121.924077, 17.221916], [121.925425, 17.221916], [121.925425, 17.220568], [121.92273, 17.220568], [121.92273, 17.216526], [121.921382, 17.216526], [121.921382, 17.215179], [121.920035, 17.215179], [121.920035, 17.213831], [121.918687, 17.213831], [121.918687, 17.212484], [121.920035, 17.212484], [121.920035, 17.211136], [121.92273, 17.211136], [121.92273, 17.207094], [121.926772, 17.207094], [121.926772, 17.208441], [121.92812, 17.208441], [121.92812, 17.211136], [121.926772, 17.211136], [121.926772, 17.212484], [121.92273, 17.212484], [121.92273, 17.213831], [121.924077, 17.213831], [121.924077, 17.215179], [121.926772, 17.215179], [121.926772, 17.219221], [121.929467, 17.219221], [121.929467, 17.217873], [121.92812, 17.217873], [121.92812, 17.213831], [121.93351, 17.213831], [121.93351, 17.215179], [121.934857, 17.215179], [121.934857, 17.213831], [121.936205, 17.213831], [121.936205, 17.212484], [121.932162, 17.212484], [121.932162, 17.209789], [121.934857, 17.209789], [121.934857, 17.208441], [121.936205, 17.208441], [121.936205, 17.209789], [121.937552, 17.209789], [121.937552, 17.208441], [121.938899, 17.208441], [121.938899, 17.205746], [121.937552, 17.205746], [121.937552, 17.204399], [121.934857, 17.204399], [121.934857, 17.201704], [121.936205, 17.201704], [121.936205, 17.203051], [121.940247, 17.203051], [121.940247, 17.201704], [121.941594, 17.201704], [121.941594, 17.204399], [121.942942, 17.204399], [121.942942, 17.208441], [121.944289, 17.208441], [121.944289, 17.209789], [121.945637, 17.209789], [121.945637, 17.213831], [121.946984, 17.213831], [121.946984, 17.201704], [121.948332, 17.201704], [121.948332, 17.203051], [121.949679, 17.203051], [121.949679, 17.208441], [121.951027, 17.208441], [121.951027, 17.212484], [121.952374, 17.212484], [121.952374, 17.211136], [121.953722, 17.211136], [121.953722, 17.208441], [121.955069, 17.208441], [121.955069, 17.209789], [121.957764, 17.209789], [121.957764, 17.207094], [121.959112, 17.207094], [121.959112, 17.203051], [121.957764, 17.203051], [121.957764, 17.201704], [121.960459, 17.201704], [121.960459, 17.203051], [121.963154, 17.203051], [121.963154, 17.204399], [121.964501, 17.204399], [121.964501, 17.207094], [121.965849, 17.207094], [121.965849, 17.201704], [121.967196, 17.201704], [121.967196, 17.199009], [121.965849, 17.199009], [121.965849, 17.197661], [121.964501, 17.197661], [121.964501, 17.196314], [121.960459, 17.196314], [121.960459, 17.194966], [121.959112, 17.194966], [121.959112, 17.196314], [121.956417, 17.196314], [121.956417, 17.194966], [121.957764, 17.194966], [121.957764, 17.193619], [121.960459, 17.193619], [121.960459, 17.190924], [121.963154, 17.190924], [121.963154, 17.192271], [121.964501, 17.192271], [121.964501, 17.193619], [121.968544, 17.193619], [121.968544, 17.192271], [121.969891, 17.192271], [121.969891, 17.190924], [121.971239, 17.190924], [121.971239, 17.189577], [121.968544, 17.189577], [121.968544, 17.188229], [121.967196, 17.188229], [121.967196, 17.182839], [121.965849, 17.182839], [121.965849, 17.180144], [121.964501, 17.180144], [121.964501, 17.177449], [121.967196, 17.177449], [121.967196, 17.174754], [121.968544, 17.174754], [121.968544, 17.176102], [121.969891, 17.176102], [121.969891, 17.173407], [121.968544, 17.173407], [121.968544, 17.172059], [121.967196, 17.172059], [121.967196, 17.169364], [121.965849, 17.169364], [121.965849, 17.168017], [121.964501, 17.168017], [121.964501, 17.169364], [121.960459, 17.169364], [121.960459, 17.163975], [121.963154, 17.163975], [121.963154, 17.162627], [121.964501, 17.162627], [121.964501, 17.159932], [121.965849, 17.159932], [121.965849, 17.158585], [121.967196, 17.158585], [121.967196, 17.157237], [121.968544, 17.157237], [121.968544, 17.154542], [121.972586, 17.154542], [121.972586, 17.151847], [121.973934, 17.151847], [121.973934, 17.1505], [121.972586, 17.1505], [121.972586, 17.149152], [121.973934, 17.149152], [121.973934, 17.147805], [121.975281, 17.147805], [121.975281, 17.146457], [121.972586, 17.146457], [121.972586, 17.14511], [121.971239, 17.14511], [121.971239, 17.146457], [121.968544, 17.146457], [121.968544, 17.14511], [121.969891, 17.14511], [121.969891, 17.143762], [121.972586, 17.143762], [121.972586, 17.142415], [121.976629, 17.142415], [121.976629, 17.13972], [121.977976, 17.13972], [121.977976, 17.138373], [121.980671, 17.138373], [121.980671, 17.13972], [121.983366, 17.13972], [121.983366, 17.141068], [121.988756, 17.141068], [121.988756, 17.13972], [121.990103, 17.13972], [121.990103, 17.138373], [121.991451, 17.138373], [121.991451, 17.13972], [121.992798, 17.13972], [121.992798, 17.141068], [121.991451, 17.141068], [121.991451, 17.14511], [121.992798, 17.14511], [121.992798, 17.142415], [121.995493, 17.142415], [121.995493, 17.137025], [121.992798, 17.137025], [121.992798, 17.135678], [121.988756, 17.135678], [121.988756, 17.137025], [121.986061, 17.137025], [121.986061, 17.13433], [121.987408, 17.13433], [121.987408, 17.132983], [121.990103, 17.132983], [121.990103, 17.131635], [121.991451, 17.131635], [121.991451, 17.130288], [121.992798, 17.130288], [121.992798, 17.12894], [121.995493, 17.12894], [121.995493, 17.127593], [121.998188, 17.127593], [121.998188, 17.126245], [122.002231, 17.126245], [122.002231, 17.127593], [122.006273, 17.127593], [122.006273, 17.126245], [122.010316, 17.126245], [122.010316, 17.124898], [122.008968, 17.124898], [122.008968, 17.12355], [122.010316, 17.12355], [122.010316, 17.120855], [122.022443, 17.120855], [122.022443, 17.119508], [122.017053, 17.119508], [122.017053, 17.11816], [122.014358, 17.11816], [122.014358, 17.119508], [122.011663, 17.119508], [122.011663, 17.116813], [122.01301, 17.116813], [122.01301, 17.114118], [122.011663, 17.114118], [122.011663, 17.111423], [122.010316, 17.111423], [122.010316, 17.107381], [122.01301, 17.107381], [122.01301, 17.106033], [122.014358, 17.106033], [122.014358, 17.103338], [122.015705, 17.103338], [122.015705, 17.101991], [122.017053, 17.101991], [122.017053, 17.103338], [122.0184, 17.103338], [122.0184, 17.099296], [122.017053, 17.099296], [122.017053, 17.088516], [122.0184, 17.088516], [122.0184, 17.083126], [122.021095, 17.083126], [122.021095, 17.081779], [122.0184, 17.081779], [122.0184, 17.080431], [122.019748, 17.080431], [122.019748, 17.079084], [122.021095, 17.079084], [122.021095, 17.076389], [122.019748, 17.076389], [122.019748, 17.075041], [122.017053, 17.075041], [122.017053, 17.073694], [122.0184, 17.073694], [122.0184, 17.070999], [122.017053, 17.070999], [122.017053, 17.072346], [122.014358, 17.072346], [122.014358, 17.070999], [122.01301, 17.070999], [122.01301, 17.069651], [122.014358, 17.069651], [122.014358, 17.066957], [122.01301, 17.066957], [122.01301, 17.065609], [122.010316, 17.065609], [122.010316, 17.062914], [122.007621, 17.062914], [122.007621, 17.064262], [122.003578, 17.064262], [122.003578, 17.062914], [121.999536, 17.062914], [121.999536, 17.065609], [121.998188, 17.065609], [121.998188, 17.064262], [121.996841, 17.064262], [121.996841, 17.062914], [121.995493, 17.062914], [121.995493, 17.057524], [121.992798, 17.057524], [121.992798, 17.056177], [121.990103, 17.056177], [121.990103, 17.054829], [121.991451, 17.054829], [121.991451, 17.049439], [121.992798, 17.049439], [121.992798, 17.050787], [121.994146, 17.050787], [121.994146, 17.049439], [121.996841, 17.049439], [121.996841, 17.050787], [121.998188, 17.050787], [121.998188, 17.053482], [121.996841, 17.053482], [121.996841, 17.056177], [121.998188, 17.056177], [121.998188, 17.058872], [121.999536, 17.058872], [121.999536, 17.060219], [122.000883, 17.060219], [122.000883, 17.058872], [122.003578, 17.058872], [122.003578, 17.057524], [122.004926, 17.057524], [122.004926, 17.061567], [122.007621, 17.061567], [122.007621, 17.056177], [122.010316, 17.056177], [122.010316, 17.060219], [122.011663, 17.060219], [122.011663, 17.062914], [122.017053, 17.062914], [122.017053, 17.061567], [122.0184, 17.061567], [122.0184, 17.058872], [122.021095, 17.058872], [122.021095, 17.057524], [122.022443, 17.057524], [122.022443, 17.056177], [122.026485, 17.056177], [122.026485, 17.054829], [122.027833, 17.054829], [122.027833, 17.056177], [122.02918, 17.056177], [122.02918, 17.053482], [122.030528, 17.053482], [122.030528, 17.050787], [122.03457, 17.050787], [122.03457, 17.048092], [122.035918, 17.048092], [122.035918, 17.046744], [122.031875, 17.046744], [122.031875, 17.048092], [122.030528, 17.048092], [122.030528, 17.046744], [122.02918, 17.046744], [122.02918, 17.049439], [122.022443, 17.049439], [122.022443, 17.052134], [122.021095, 17.052134], [122.021095, 17.053482], [122.017053, 17.053482], [122.017053, 17.052134], [122.011663, 17.052134], [122.011663, 17.049439], [122.01301, 17.049439], [122.01301, 17.048092], [122.010316, 17.048092], [122.010316, 17.049439], [122.008968, 17.049439], [122.008968, 17.048092], [122.007621, 17.048092], [122.007621, 17.042702], [122.006273, 17.042702], [122.006273, 17.03866], [122.004926, 17.03866], [122.004926, 17.037312], [122.006273, 17.037312], [122.006273, 17.035965], [122.010316, 17.035965], [122.010316, 17.037312], [122.011663, 17.037312], [122.011663, 17.03866], [122.01301, 17.03866], [122.01301, 17.037312], [122.017053, 17.037312], [122.017053, 17.041355], [122.019748, 17.041355], [122.019748, 17.042702], [122.021095, 17.042702], [122.021095, 17.044049], [122.02379, 17.044049], [122.02379, 17.042702], [122.022443, 17.042702], [122.022443, 17.041355], [122.021095, 17.041355], [122.021095, 17.03866], [122.0184, 17.03866], [122.0184, 17.037312], [122.02379, 17.037312], [122.02379, 17.035965], [122.021095, 17.035965], [122.021095, 17.034617], [122.019748, 17.034617], [122.019748, 17.035965], [122.0184, 17.035965], [122.0184, 17.034617], [122.011663, 17.034617], [122.011663, 17.03327], [122.010316, 17.03327], [122.010316, 17.031922], [122.008968, 17.031922], [122.008968, 17.030575], [122.007621, 17.030575], [122.007621, 17.029227], [122.006273, 17.029227], [122.006273, 17.02788], [122.004926, 17.02788], [122.004926, 17.03327], [122.003578, 17.03327], [122.003578, 17.037312], [122.002231, 17.037312], [122.002231, 17.035965], [122.000883, 17.035965], [122.000883, 17.03866], [121.999536, 17.03866], [121.999536, 17.040007], [122.000883, 17.040007], [122.000883, 17.044049], [121.996841, 17.044049], [121.996841, 17.040007], [121.998188, 17.040007], [121.998188, 17.03866], [121.996841, 17.03866], [121.996841, 17.037312], [121.994146, 17.037312], [121.994146, 17.034617], [121.992798, 17.034617], [121.992798, 17.035965], [121.991451, 17.035965], [121.991451, 17.031922], [121.999536, 17.031922], [121.999536, 17.030575], [121.998188, 17.030575], [121.998188, 17.02788], [121.996841, 17.02788], [121.996841, 17.029227], [121.992798, 17.029227], [121.992798, 17.026532], [121.994146, 17.026532], [121.994146, 17.02788], [121.995493, 17.02788], [121.995493, 17.026532], [121.996841, 17.026532], [121.996841, 17.025185], [122.003578, 17.025185], [122.003578, 17.023837], [122.004926, 17.023837], [122.004926, 17.026532], [122.007621, 17.026532], [122.007621, 17.02788], [122.008968, 17.02788], [122.008968, 17.025185], [122.010316, 17.025185], [122.010316, 17.02249], [122.011663, 17.02249], [122.011663, 17.023837], [122.01301, 17.023837], [122.01301, 17.021142], [122.021095, 17.021142], [122.021095, 17.02249], [122.019748, 17.02249], [122.019748, 17.025185], [122.02379, 17.025185], [122.02379, 17.023837], [122.022443, 17.023837], [122.022443, 17.021142], [122.02379, 17.021142], [122.02379, 17.018447], [122.01301, 17.018447], [122.01301, 17.0171], [122.011663, 17.0171], [122.011663, 17.018447], [122.008968, 17.018447], [122.008968, 17.019795], [122.007621, 17.019795], [122.007621, 17.018447], [122.000883, 17.018447], [122.000883, 17.019795], [121.998188, 17.019795], [121.998188, 17.018447], [121.999536, 17.018447], [121.999536, 17.0171], [122.002231, 17.0171], [122.002231, 17.015753], [121.998188, 17.015753], [121.998188, 17.014405], [121.996841, 17.014405], [121.996841, 17.013058], [121.995493, 17.013058], [121.995493, 17.01171], [121.994146, 17.01171], [121.994146, 17.009015], [121.992798, 17.009015], [121.992798, 17.01171], [121.991451, 17.01171], [121.991451, 17.003625], [121.990103, 17.003625], [121.990103, 17.004973], [121.988756, 17.004973], [121.988756, 17.00632], [121.987408, 17.00632], [121.987408, 17.007668], [121.986061, 17.007668], [121.986061, 17.010363], [121.987408, 17.010363], [121.987408, 17.013058], [121.988756, 17.013058], [121.988756, 17.014405], [121.986061, 17.014405], [121.986061, 17.015753], [121.984714, 17.015753], [121.984714, 17.014405], [121.983366, 17.014405], [121.983366, 17.013058], [121.982019, 17.013058], [121.982019, 17.01171], [121.983366, 17.01171], [121.983366, 17.009015], [121.982019, 17.009015], [121.982019, 17.007668], [121.984714, 17.007668], [121.984714, 17.00632], [121.979324, 17.00632], [121.979324, 17.003625], [121.980671, 17.003625], [121.980671, 17.002278], [121.979324, 17.002278], [121.979324, 17.00093], [121.988756, 17.00093], [121.988756, 17.002278], [121.992798, 17.002278], [121.992798, 17.00093], [121.994146, 17.00093], [121.994146, 17.002278], [121.996841, 17.002278], [121.996841, 17.00093], [121.998188, 17.00093], [121.998188, 17.003625], [121.999536, 17.003625], [121.999536, 17.00632], [122.002231, 17.00632], [122.002231, 17.010363], [122.006273, 17.010363], [122.006273, 17.009015], [122.004926, 17.009015], [122.004926, 17.007668], [122.003578, 17.007668], [122.003578, 17.003625], [122.000883, 17.003625], [122.000883, 17.002278], [121.999536, 17.002278], [121.999536, 16.999583], [122.004926, 16.999583], [122.004926, 16.998235], [122.008968, 16.998235], [122.008968, 16.996888], [122.011663, 16.996888], [122.011663, 16.99554], [122.01301, 16.99554], [122.01301, 16.998235], [122.014358, 16.998235], [122.014358, 16.999583], [122.017053, 16.999583], [122.017053, 17.00093], [122.019748, 17.00093], [122.019748, 17.003625], [122.022443, 17.003625], [122.022443, 17.002278], [122.021095, 17.002278], [122.021095, 16.999583], [122.022443, 16.999583], [122.022443, 17.00093], [122.02379, 17.00093], [122.02379, 16.999583], [122.030528, 16.999583], [122.030528, 17.00093], [122.03457, 17.00093], [122.03457, 16.999583], [122.037265, 16.999583], [122.037265, 16.998235], [122.03996, 16.998235], [122.03996, 16.996888], [122.044002, 16.996888], [122.044002, 16.99554], [122.04535, 16.99554], [122.04535, 16.992846], [122.048045, 16.992846], [122.048045, 16.991498], [122.049392, 16.991498], [122.049392, 16.987456], [122.054782, 16.987456], [122.054782, 16.986108], [122.058825, 16.986108], [122.058825, 16.980718], [122.060172, 16.980718], [122.060172, 16.983413], [122.061519, 16.983413], [122.061519, 16.984761], [122.062867, 16.984761], [122.062867, 16.983413], [122.064214, 16.983413], [122.064214, 16.986108], [122.065562, 16.986108], [122.065562, 16.982066], [122.068257, 16.982066], [122.068257, 16.980718], [122.069604, 16.980718], [122.069604, 16.978023], [122.072299, 16.978023], [122.072299, 16.979371], [122.073647, 16.979371], [122.073647, 16.978023], [122.076342, 16.978023], [122.076342, 16.976676], [122.074994, 16.976676], [122.074994, 16.975328], [122.072299, 16.975328], [122.072299, 16.976676], [122.070952, 16.976676], [122.070952, 16.975328], [122.069604, 16.975328], [122.069604, 16.976676], [122.068257, 16.976676], [122.068257, 16.979371], [122.066909, 16.979371], [122.066909, 16.980718], [122.064214, 16.980718], [122.064214, 16.976676], [122.062867, 16.976676], [122.062867, 16.975328], [122.061519, 16.975328], [122.061519, 16.973981], [122.058825, 16.973981], [122.058825, 16.971286], [122.060172, 16.971286], [122.060172, 16.969938], [122.064214, 16.969938], [122.064214, 16.973981], [122.066909, 16.973981], [122.066909, 16.972633], [122.068257, 16.972633], [122.068257, 16.971286], [122.069604, 16.971286], [122.069604, 16.969938], [122.072299, 16.969938], [122.072299, 16.968591], [122.073647, 16.968591], [122.073647, 16.967244], [122.084427, 16.967244], [122.084427, 16.968591], [122.085774, 16.968591], [122.085774, 16.969938], [122.087121, 16.969938], [122.087121, 16.971286], [122.088469, 16.971286], [122.088469, 16.969938], [122.089816, 16.969938], [122.089816, 16.968591], [122.091164, 16.968591], [122.091164, 16.967244], [122.092511, 16.967244], [122.092511, 16.965896], [122.093859, 16.965896], [122.093859, 16.961854], [122.095206, 16.961854], [122.095206, 16.960506], [122.096554, 16.960506], [122.096554, 16.959159], [122.099249, 16.959159], [122.099249, 16.956464], [122.097901, 16.956464], [122.097901, 16.955116], [122.093859, 16.955116], [122.093859, 16.956464], [122.092511, 16.956464], [122.092511, 16.960506], [122.091164, 16.960506], [122.091164, 16.965896], [122.089816, 16.965896], [122.089816, 16.963201], [122.087121, 16.963201], [122.087121, 16.964549], [122.085774, 16.964549], [122.085774, 16.965896], [122.084427, 16.965896], [122.084427, 16.964549], [122.083079, 16.964549], [122.083079, 16.963201], [122.080384, 16.963201], [122.080384, 16.961854], [122.079037, 16.961854], [122.079037, 16.957811], [122.080384, 16.957811], [122.080384, 16.956464], [122.079037, 16.956464], [122.079037, 16.955116], [122.077689, 16.955116], [122.077689, 16.948379], [122.073647, 16.948379], [122.073647, 16.947031], [122.072299, 16.947031], [122.072299, 16.945684], [122.070952, 16.945684], [122.070952, 16.944336], [122.069604, 16.944336], [122.069604, 16.942989], [122.068257, 16.942989], [122.068257, 16.936252], [122.070952, 16.936252], [122.070952, 16.932209], [122.073647, 16.932209], [122.073647, 16.930862], [122.072299, 16.930862], [122.072299, 16.929514], [122.073647, 16.929514], [122.073647, 16.928167], [122.077689, 16.928167], [122.077689, 16.926819], [122.080384, 16.926819], [122.080384, 16.928167], [122.081732, 16.928167], [122.081732, 16.929514], [122.083079, 16.929514], [122.083079, 16.924124], [122.085774, 16.924124], [122.085774, 16.922777], [122.087121, 16.922777], [122.087121, 16.921429], [122.088469, 16.921429], [122.088469, 16.920082], [122.089816, 16.920082], [122.089816, 16.918734], [122.091164, 16.918734], [122.091164, 16.917387], [122.092511, 16.917387], [122.092511, 16.91604], [122.093859, 16.91604], [122.093859, 16.911997], [122.092511, 16.911997], [122.092511, 16.91065], [122.089816, 16.91065], [122.089816, 16.909302], [122.088469, 16.909302], [122.088469, 16.907955], [122.087121, 16.907955], [122.087121, 16.909302], [122.084427, 16.909302], [122.084427, 16.91065], [122.083079, 16.91065], [122.083079, 16.911997], [122.079037, 16.911997], [122.079037, 16.913345], [122.080384, 16.913345], [122.080384, 16.914692], [122.083079, 16.914692], [122.083079, 16.913345], [122.084427, 16.913345], [122.084427, 16.911997], [122.089816, 16.911997], [122.089816, 16.914692], [122.087121, 16.914692], [122.087121, 16.917387], [122.085774, 16.917387], [122.085774, 16.920082], [122.083079, 16.920082], [122.083079, 16.921429], [122.080384, 16.921429], [122.080384, 16.924124], [122.073647, 16.924124], [122.073647, 16.925472], [122.069604, 16.925472], [122.069604, 16.928167], [122.068257, 16.928167], [122.068257, 16.933557], [122.066909, 16.933557], [122.066909, 16.934904], [122.065562, 16.934904], [122.065562, 16.936252], [122.064214, 16.936252], [122.064214, 16.937599], [122.062867, 16.937599], [122.062867, 16.938947], [122.061519, 16.938947], [122.061519, 16.944336], [122.062867, 16.944336], [122.062867, 16.945684], [122.065562, 16.945684], [122.065562, 16.948379], [122.068257, 16.948379], [122.068257, 16.952421], [122.069604, 16.952421], [122.069604, 16.956464], [122.068257, 16.956464], [122.068257, 16.960506], [122.066909, 16.960506], [122.066909, 16.961854], [122.065562, 16.961854], [122.065562, 16.963201], [122.064214, 16.963201], [122.064214, 16.960506], [122.065562, 16.960506], [122.065562, 16.957811], [122.066909, 16.957811], [122.066909, 16.955116], [122.065562, 16.955116], [122.065562, 16.956464], [122.064214, 16.956464], [122.064214, 16.957811], [122.062867, 16.957811], [122.062867, 16.960506], [122.061519, 16.960506], [122.061519, 16.959159], [122.058825, 16.959159], [122.058825, 16.961854], [122.057477, 16.961854], [122.057477, 16.963201], [122.052087, 16.963201], [122.052087, 16.964549], [122.049392, 16.964549], [122.049392, 16.961854], [122.048045, 16.961854], [122.048045, 16.963201], [122.046697, 16.963201], [122.046697, 16.965896], [122.04535, 16.965896], [122.04535, 16.967244], [122.03996, 16.967244], [122.03996, 16.968591], [122.035918, 16.968591], [122.035918, 16.971286], [122.03457, 16.971286], [122.03457, 16.972633], [122.033223, 16.972633], [122.033223, 16.973981], [122.031875, 16.973981], [122.031875, 16.978023], [122.03457, 16.978023], [122.03457, 16.979371], [122.035918, 16.979371], [122.035918, 16.980718], [122.037265, 16.980718], [122.037265, 16.983413], [122.038612, 16.983413], [122.038612, 16.984761], [122.03996, 16.984761], [122.03996, 16.986108], [122.042655, 16.986108], [122.042655, 16.990151], [122.041307, 16.990151], [122.041307, 16.992846], [122.037265, 16.992846], [122.037265, 16.994193], [122.035918, 16.994193], [122.035918, 16.992846], [122.025138, 16.992846], [122.025138, 16.991498], [122.02379, 16.991498], [122.02379, 16.990151], [122.022443, 16.990151], [122.022443, 16.987456], [122.02379, 16.987456], [122.02379, 16.979371], [122.022443, 16.979371], [122.022443, 16.978023], [122.02379, 16.978023], [122.02379, 16.975328], [122.025138, 16.975328], [122.025138, 16.972633], [122.026485, 16.972633], [122.026485, 16.971286], [122.02918, 16.971286], [122.02918, 16.969938], [122.030528, 16.969938], [122.030528, 16.965896], [122.031875, 16.965896], [122.031875, 16.964549], [122.033223, 16.964549], [122.033223, 16.963201], [122.02918, 16.963201], [122.02918, 16.967244], [122.027833, 16.967244], [122.027833, 16.968591], [122.02379, 16.968591], [122.02379, 16.965896], [122.022443, 16.965896], [122.022443, 16.967244], [122.019748, 16.967244], [122.019748, 16.964549], [122.021095, 16.964549], [122.021095, 16.963201], [122.019748, 16.963201], [122.019748, 16.961854], [122.017053, 16.961854], [122.017053, 16.960506], [122.021095, 16.960506], [122.021095, 16.959159], [122.022443, 16.959159], [122.022443, 16.960506], [122.02379, 16.960506], [122.02379, 16.961854], [122.026485, 16.961854], [122.026485, 16.960506], [122.027833, 16.960506], [122.027833, 16.956464], [122.030528, 16.956464], [122.030528, 16.955116], [122.027833, 16.955116], [122.027833, 16.953769], [122.026485, 16.953769], [122.026485, 16.955116], [122.02379, 16.955116], [122.02379, 16.952421], [122.025138, 16.952421], [122.025138, 16.951074], [122.026485, 16.951074], [122.026485, 16.949726], [122.02918, 16.949726], [122.02918, 16.948379], [122.030528, 16.948379], [122.030528, 16.945684], [122.02918, 16.945684], [122.02918, 16.944336], [122.031875, 16.944336], [122.031875, 16.949726], [122.033223, 16.949726], [122.033223, 16.948379], [122.035918, 16.948379], [122.035918, 16.947031], [122.037265, 16.947031], [122.037265, 16.945684], [122.035918, 16.945684], [122.035918, 16.942989], [122.038612, 16.942989], [122.038612, 16.940294], [122.03996, 16.940294], [122.03996, 16.937599], [122.037265, 16.937599], [122.037265, 16.938947], [122.03457, 16.938947], [122.03457, 16.936252], [122.042655, 16.936252], [122.042655, 16.938947], [122.04535, 16.938947], [122.04535, 16.936252], [122.044002, 16.936252], [122.044002, 16.934904], [122.042655, 16.934904], [122.042655, 16.933557], [122.038612, 16.933557], [122.038612, 16.934904], [122.037265, 16.934904], [122.037265, 16.932209], [122.03996, 16.932209], [122.03996, 16.930862], [122.038612, 16.930862], [122.038612, 16.929514], [122.041307, 16.929514], [122.041307, 16.926819], [122.04535, 16.926819], [122.04535, 16.929514], [122.046697, 16.929514], [122.046697, 16.928167], [122.048045, 16.928167], [122.048045, 16.926819], [122.05074, 16.926819], [122.05074, 16.925472], [122.052087, 16.925472], [122.052087, 16.924124], [122.048045, 16.924124], [122.048045, 16.925472], [122.046697, 16.925472], [122.046697, 16.924124], [122.037265, 16.924124], [122.037265, 16.926819], [122.03457, 16.926819], [122.03457, 16.924124], [122.035918, 16.924124], [122.035918, 16.921429], [122.03457, 16.921429], [122.03457, 16.922777], [122.033223, 16.922777], [122.033223, 16.921429], [122.031875, 16.921429], [122.031875, 16.918734], [122.033223, 16.918734], [122.033223, 16.917387], [122.031875, 16.917387], [122.031875, 16.914692], [122.033223, 16.914692], [122.033223, 16.913345], [122.035918, 16.913345], [122.035918, 16.91065], [122.03457, 16.91065], [122.03457, 16.907955], [122.035918, 16.907955], [122.035918, 16.90526], [122.037265, 16.90526], [122.037265, 16.903912], [122.03457, 16.903912], [122.03457, 16.90526], [122.033223, 16.90526], [122.033223, 16.903912], [122.026485, 16.903912], [122.026485, 16.902565], [122.02379, 16.902565], [122.02379, 16.901217], [122.025138, 16.901217], [122.025138, 16.89987], [122.026485, 16.89987], [122.026485, 16.895827], [122.02918, 16.895827], [122.02918, 16.89448], [122.027833, 16.89448], [122.027833, 16.890438], [122.02918, 16.890438], [122.02918, 16.885048], [122.030528, 16.885048], [122.030528, 16.887743], [122.031875, 16.887743], [122.031875, 16.886395], [122.03457, 16.886395], [122.03457, 16.885048], [122.035918, 16.885048], [122.035918, 16.887743], [122.041307, 16.887743], [122.041307, 16.88909], [122.042655, 16.88909], [122.042655, 16.886395], [122.038612, 16.886395], [122.038612, 16.885048], [122.037265, 16.885048], [122.037265, 16.8837], [122.03457, 16.8837], [122.03457, 16.882353], [122.035918, 16.882353], [122.035918, 16.879658], [122.03457, 16.879658], [122.03457, 16.881005], [122.030528, 16.881005], [122.030528, 16.874268], [122.02918, 16.874268], [122.02918, 16.87292], [122.027833, 16.87292], [122.027833, 16.870225], [122.02918, 16.870225], [122.02918, 16.867531], [122.026485, 16.867531], [122.026485, 16.864836], [122.027833, 16.864836], [122.027833, 16.863488], [122.030528, 16.863488], [122.030528, 16.860793], [122.033223, 16.860793], [122.033223, 16.859446], [122.035918, 16.859446], [122.035918, 16.860793], [122.038612, 16.860793], [122.038612, 16.862141], [122.041307, 16.862141], [122.041307, 16.863488], [122.042655, 16.863488], [122.042655, 16.862141], [122.04535, 16.862141], [122.04535, 16.860793], [122.046697, 16.860793], [122.046697, 16.859446], [122.049392, 16.859446], [122.049392, 16.856751], [122.05074, 16.856751], [122.05074, 16.854056], [122.052087, 16.854056], [122.052087, 16.852708], [122.05074, 16.852708], [122.05074, 16.845971], [122.052087, 16.845971], [122.052087, 16.843276], [122.053435, 16.843276], [122.053435, 16.841929], [122.054782, 16.841929], [122.054782, 16.840581], [122.05074, 16.840581], [122.05074, 16.843276], [122.049392, 16.843276], [122.049392, 16.851361], [122.048045, 16.851361], [122.048045, 16.854056], [122.03996, 16.854056], [122.03996, 16.852708], [122.037265, 16.852708], [122.037265, 16.851361], [122.03457, 16.851361], [122.03457, 16.850013], [122.031875, 16.850013], [122.031875, 16.848666], [122.030528, 16.848666], [122.030528, 16.850013], [122.027833, 16.850013], [122.027833, 16.848666], [122.026485, 16.848666], [122.026485, 16.854056], [122.021095, 16.854056], [122.021095, 16.852708], [122.019748, 16.852708], [122.019748, 16.851361], [122.0184, 16.851361], [122.0184, 16.850013], [122.017053, 16.850013], [122.017053, 16.847318], [122.014358, 16.847318], [122.014358, 16.848666], [122.015705, 16.848666], [122.015705, 16.851361], [122.017053, 16.851361], [122.017053, 16.852708], [122.0184, 16.852708], [122.0184, 16.855403], [122.017053, 16.855403], [122.017053, 16.856751], [122.014358, 16.856751], [122.014358, 16.858098], [122.011663, 16.858098], [122.011663, 16.859446], [122.01301, 16.859446], [122.01301, 16.862141], [122.011663, 16.862141], [122.011663, 16.863488], [122.01301, 16.863488], [122.01301, 16.864836], [122.014358, 16.864836], [122.014358, 16.867531], [122.017053, 16.867531], [122.017053, 16.868878], [122.0184, 16.868878], [122.0184, 16.870225], [122.021095, 16.870225], [122.021095, 16.87292], [122.022443, 16.87292], [122.022443, 16.875615], [122.021095, 16.875615], [122.021095, 16.87831], [122.022443, 16.87831], [122.022443, 16.881005], [122.021095, 16.881005], [122.021095, 16.882353], [122.019748, 16.882353], [122.019748, 16.885048], [122.0184, 16.885048], [122.0184, 16.890438], [122.017053, 16.890438], [122.017053, 16.891785], [122.015705, 16.891785], [122.015705, 16.890438], [122.014358, 16.890438], [122.014358, 16.891785], [122.008968, 16.891785], [122.008968, 16.89448], [122.010316, 16.89448], [122.010316, 16.893133], [122.014358, 16.893133], [122.014358, 16.89448], [122.01301, 16.89448], [122.01301, 16.895827], [122.011663, 16.895827], [122.011663, 16.897175], [122.010316, 16.897175], [122.010316, 16.898522], [122.01301, 16.898522], [122.01301, 16.89987], [122.011663, 16.89987], [122.011663, 16.902565], [122.010316, 16.902565], [122.010316, 16.903912], [122.004926, 16.903912], [122.004926, 16.90526], [122.006273, 16.90526], [122.006273, 16.909302], [122.004926, 16.909302], [122.004926, 16.913345], [122.003578, 16.913345], [122.003578, 16.914692], [122.002231, 16.914692], [122.002231, 16.91604], [122.004926, 16.91604], [122.004926, 16.917387], [122.002231, 16.917387], [122.002231, 16.918734], [122.000883, 16.918734], [122.000883, 16.920082], [122.004926, 16.920082], [122.004926, 16.921429], [122.002231, 16.921429], [122.002231, 16.922777], [122.003578, 16.922777], [122.003578, 16.924124], [122.000883, 16.924124], [122.000883, 16.926819], [122.002231, 16.926819], [122.002231, 16.925472], [122.004926, 16.925472], [122.004926, 16.926819], [122.007621, 16.926819], [122.007621, 16.928167], [122.000883, 16.928167], [122.000883, 16.929514], [122.002231, 16.929514], [122.002231, 16.930862], [122.003578, 16.930862], [122.003578, 16.929514], [122.010316, 16.929514], [122.010316, 16.928167], [122.011663, 16.928167], [122.011663, 16.926819], [122.01301, 16.926819], [122.01301, 16.925472], [122.014358, 16.925472], [122.014358, 16.928167], [122.015705, 16.928167], [122.015705, 16.926819], [122.017053, 16.926819], [122.017053, 16.928167], [122.0184, 16.928167], [122.0184, 16.930862], [122.022443, 16.930862], [122.022443, 16.929514], [122.02379, 16.929514], [122.02379, 16.932209], [122.019748, 16.932209], [122.019748, 16.933557], [122.021095, 16.933557], [122.021095, 16.934904], [122.019748, 16.934904], [122.019748, 16.936252], [122.017053, 16.936252], [122.017053, 16.929514], [122.014358, 16.929514], [122.014358, 16.932209], [122.01301, 16.932209], [122.01301, 16.930862], [122.011663, 16.930862], [122.011663, 16.933557], [122.010316, 16.933557], [122.010316, 16.930862], [122.008968, 16.930862], [122.008968, 16.933557], [122.007621, 16.933557], [122.007621, 16.932209], [122.006273, 16.932209], [122.006273, 16.930862], [122.004926, 16.930862], [122.004926, 16.936252], [122.003578, 16.936252], [122.003578, 16.938947], [122.002231, 16.938947], [122.002231, 16.940294], [122.004926, 16.940294], [122.004926, 16.944336], [122.003578, 16.944336], [122.003578, 16.942989], [122.000883, 16.942989], [122.000883, 16.944336], [122.002231, 16.944336], [122.002231, 16.945684], [122.003578, 16.945684], [122.003578, 16.948379], [122.002231, 16.948379], [122.002231, 16.951074], [122.000883, 16.951074], [122.000883, 16.955116], [121.999536, 16.955116], [121.999536, 16.956464], [121.998188, 16.956464], [121.998188, 16.961854], [121.996841, 16.961854], [121.996841, 16.963201], [121.998188, 16.963201], [121.998188, 16.965896], [121.996841, 16.965896], [121.996841, 16.964549], [121.995493, 16.964549], [121.995493, 16.961854], [121.994146, 16.961854], [121.994146, 16.960506], [121.995493, 16.960506], [121.995493, 16.959159], [121.992798, 16.959159], [121.992798, 16.960506], [121.991451, 16.960506], [121.991451, 16.959159], [121.990103, 16.959159], [121.990103, 16.956464], [121.992798, 16.956464], [121.992798, 16.953769], [121.995493, 16.953769], [121.995493, 16.956464], [121.996841, 16.956464], [121.996841, 16.953769], [121.998188, 16.953769], [121.998188, 16.952421], [121.999536, 16.952421], [121.999536, 16.949726], [122.000883, 16.949726], [122.000883, 16.948379], [121.996841, 16.948379], [121.996841, 16.947031], [121.995493, 16.947031], [121.995493, 16.948379], [121.994146, 16.948379], [121.994146, 16.945684], [121.992798, 16.945684], [121.992798, 16.944336], [121.991451, 16.944336], [121.991451, 16.942989], [121.994146, 16.942989], [121.994146, 16.944336], [121.995493, 16.944336], [121.995493, 16.941642], [121.994146, 16.941642], [121.994146, 16.940294], [121.995493, 16.940294], [121.995493, 16.938947], [121.996841, 16.938947], [121.996841, 16.936252], [121.995493, 16.936252], [121.995493, 16.934904], [121.996841, 16.934904], [121.996841, 16.933557], [121.998188, 16.933557], [121.998188, 16.928167], [121.996841, 16.928167], [121.996841, 16.926819], [121.992798, 16.926819], [121.992798, 16.928167], [121.991451, 16.928167], [121.991451, 16.925472], [121.995493, 16.925472], [121.995493, 16.922777], [121.992798, 16.922777], [121.992798, 16.921429], [121.994146, 16.921429], [121.994146, 16.920082], [121.992798, 16.920082], [121.992798, 16.918734], [121.994146, 16.918734], [121.994146, 16.917387], [121.995493, 16.917387], [121.995493, 16.91604], [121.996841, 16.91604], [121.996841, 16.920082], [121.998188, 16.920082], [121.998188, 16.918734], [121.999536, 16.918734], [121.999536, 16.91604], [121.998188, 16.91604], [121.998188, 16.914692], [121.995493, 16.914692], [121.995493, 16.911997], [121.998188, 16.911997], [121.998188, 16.91065], [121.999536, 16.91065], [121.999536, 16.909302], [122.002231, 16.909302], [122.002231, 16.907955], [121.998188, 16.907955], [121.998188, 16.909302], [121.996841, 16.909302], [121.996841, 16.91065], [121.994146, 16.91065], [121.994146, 16.906607], [121.996841, 16.906607], [121.996841, 16.90526], [121.998188, 16.90526], [121.998188, 16.903912], [121.995493, 16.903912], [121.995493, 16.90526], [121.994146, 16.90526], [121.994146, 16.902565], [121.995493, 16.902565], [121.995493, 16.89987], [121.994146, 16.89987], [121.994146, 16.901217], [121.992798, 16.901217], [121.992798, 16.90526], [121.991451, 16.90526], [121.991451, 16.907955], [121.990103, 16.907955], [121.990103, 16.906607], [121.988756, 16.906607], [121.988756, 16.909302], [121.986061, 16.909302], [121.986061, 16.90526], [121.984714, 16.90526], [121.984714, 16.906607], [121.983366, 16.906607], [121.983366, 16.903912], [121.986061, 16.903912], [121.986061, 16.902565], [121.984714, 16.902565], [121.984714, 16.901217], [121.986061, 16.901217], [121.986061, 16.89987], [121.983366, 16.89987], [121.983366, 16.901217], [121.982019, 16.901217], [121.982019, 16.89987], [121.980671, 16.89987], [121.980671, 16.898522], [121.984714, 16.898522], [121.984714, 16.897175], [121.983366, 16.897175], [121.983366, 16.895827], [121.986061, 16.895827], [121.986061, 16.897175], [121.988756, 16.897175], [121.988756, 16.898522], [121.990103, 16.898522], [121.990103, 16.895827], [121.988756, 16.895827], [121.988756, 16.89448], [121.991451, 16.89448], [121.991451, 16.891785], [121.988756, 16.891785], [121.988756, 16.893133], [121.982019, 16.893133], [121.982019, 16.89448], [121.979324, 16.89448], [121.979324, 16.893133], [121.980671, 16.893133], [121.980671, 16.891785], [121.979324, 16.891785], [121.979324, 16.890438], [121.982019, 16.890438], [121.982019, 16.88909], [121.980671, 16.88909], [121.980671, 16.887743], [121.983366, 16.887743], [121.983366, 16.88909], [121.984714, 16.88909], [121.984714, 16.887743], [121.986061, 16.887743], [121.986061, 16.886395], [121.984714, 16.886395], [121.984714, 16.885048], [121.983366, 16.885048], [121.983366, 16.8837], [121.980671, 16.8837], [121.980671, 16.882353], [121.982019, 16.882353], [121.982019, 16.881005], [121.980671, 16.881005], [121.980671, 16.879658], [121.984714, 16.879658], [121.984714, 16.8837], [121.986061, 16.8837], [121.986061, 16.885048], [121.987408, 16.885048], [121.987408, 16.8837], [121.991451, 16.8837], [121.991451, 16.882353], [121.986061, 16.882353], [121.986061, 16.876963], [121.984714, 16.876963], [121.984714, 16.875615], [121.986061, 16.875615], [121.986061, 16.874268], [121.983366, 16.874268], [121.983366, 16.875615], [121.982019, 16.875615], [121.982019, 16.876963], [121.980671, 16.876963], [121.980671, 16.875615], [121.979324, 16.875615], [121.979324, 16.879658], [121.976629, 16.879658], [121.976629, 16.881005], [121.979324, 16.881005], [121.979324, 16.882353], [121.977976, 16.882353], [121.977976, 16.885048], [121.979324, 16.885048], [121.979324, 16.886395], [121.976629, 16.886395], [121.976629, 16.885048], [121.975281, 16.885048], [121.975281, 16.8837], [121.971239, 16.8837], [121.971239, 16.886395], [121.969891, 16.886395], [121.969891, 16.891785], [121.968544, 16.891785], [121.968544, 16.890438], [121.964501, 16.890438], [121.964501, 16.885048], [121.967196, 16.885048], [121.967196, 16.8837], [121.964501, 16.8837], [121.964501, 16.882353], [121.968544, 16.882353], [121.968544, 16.881005], [121.969891, 16.881005], [121.969891, 16.879658], [121.972586, 16.879658], [121.972586, 16.876963], [121.969891, 16.876963], [121.969891, 16.875615], [121.971239, 16.875615], [121.971239, 16.874268], [121.972586, 16.874268], [121.972586, 16.87292], [121.975281, 16.87292], [121.975281, 16.874268], [121.976629, 16.874268], [121.976629, 16.875615], [121.977976, 16.875615], [121.977976, 16.87292], [121.980671, 16.87292], [121.980671, 16.874268], [121.982019, 16.874268], [121.982019, 16.87292], [121.984714, 16.87292], [121.984714, 16.871573], [121.987408, 16.871573], [121.987408, 16.870225], [121.986061, 16.870225], [121.986061, 16.864836], [121.988756, 16.864836], [121.988756, 16.866183], [121.990103, 16.866183], [121.990103, 16.868878], [121.991451, 16.868878], [121.991451, 16.862141], [121.992798, 16.862141], [121.992798, 16.864836], [121.994146, 16.864836], [121.994146, 16.866183], [121.995493, 16.866183], [121.995493, 16.868878], [121.998188, 16.868878], [121.998188, 16.867531], [121.996841, 16.867531], [121.996841, 16.864836], [121.995493, 16.864836], [121.995493, 16.863488], [121.998188, 16.863488], [121.998188, 16.862141], [121.996841, 16.862141], [121.996841, 16.860793], [121.999536, 16.860793], [121.999536, 16.859446], [121.998188, 16.859446], [121.998188, 16.858098], [122.000883, 16.858098], [122.000883, 16.856751], [121.998188, 16.856751], [121.998188, 16.854056], [121.999536, 16.854056], [121.999536, 16.852708], [121.996841, 16.852708], [121.996841, 16.856751], [121.995493, 16.856751], [121.995493, 16.855403], [121.994146, 16.855403], [121.994146, 16.858098], [121.992798, 16.858098], [121.992798, 16.859446], [121.991451, 16.859446], [121.991451, 16.860793], [121.990103, 16.860793], [121.990103, 16.859446], [121.988756, 16.859446], [121.988756, 16.858098], [121.990103, 16.858098], [121.990103, 16.856751], [121.991451, 16.856751], [121.991451, 16.855403], [121.990103, 16.855403], [121.990103, 16.854056], [121.992798, 16.854056], [121.992798, 16.852708], [121.991451, 16.852708], [121.991451, 16.851361], [121.990103, 16.851361], [121.990103, 16.850013], [121.994146, 16.850013], [121.994146, 16.848666], [121.992798, 16.848666], [121.992798, 16.847318], [121.991451, 16.847318], [121.991451, 16.845971], [121.992798, 16.845971], [121.992798, 16.844623], [121.994146, 16.844623], [121.994146, 16.843276], [121.992798, 16.843276], [121.992798, 16.841929], [121.994146, 16.841929], [121.994146, 16.840581], [121.991451, 16.840581], [121.991451, 16.831149], [121.996841, 16.831149], [121.996841, 16.829801], [121.994146, 16.829801], [121.994146, 16.828454], [121.990103, 16.828454], [121.990103, 16.829801], [121.988756, 16.829801], [121.988756, 16.828454], [121.987408, 16.828454], [121.987408, 16.827106], [121.986061, 16.827106], [121.986061, 16.825759], [121.984714, 16.825759], [121.984714, 16.828454], [121.986061, 16.828454], [121.986061, 16.833844], [121.988756, 16.833844], [121.988756, 16.836539], [121.987408, 16.836539], [121.987408, 16.835191], [121.984714, 16.835191], [121.984714, 16.836539], [121.986061, 16.836539], [121.986061, 16.840581], [121.990103, 16.840581], [121.990103, 16.843276], [121.988756, 16.843276], [121.988756, 16.841929], [121.986061, 16.841929], [121.986061, 16.843276], [121.987408, 16.843276], [121.987408, 16.844623], [121.988756, 16.844623], [121.988756, 16.847318], [121.983366, 16.847318], [121.983366, 16.848666], [121.984714, 16.848666], [121.984714, 16.850013], [121.983366, 16.850013], [121.983366, 16.852708], [121.982019, 16.852708], [121.982019, 16.851361], [121.980671, 16.851361], [121.980671, 16.847318], [121.979324, 16.847318], [121.979324, 16.845971], [121.976629, 16.845971], [121.976629, 16.848666], [121.979324, 16.848666], [121.979324, 16.854056], [121.982019, 16.854056], [121.982019, 16.855403], [121.983366, 16.855403], [121.983366, 16.854056], [121.986061, 16.854056], [121.986061, 16.858098], [121.984714, 16.858098], [121.984714, 16.859446], [121.983366, 16.859446], [121.983366, 16.858098], [121.980671, 16.858098], [121.980671, 16.859446], [121.979324, 16.859446], [121.979324, 16.855403], [121.977976, 16.855403], [121.977976, 16.862141], [121.975281, 16.862141], [121.975281, 16.860793], [121.976629, 16.860793], [121.976629, 16.856751], [121.975281, 16.856751], [121.975281, 16.855403], [121.973934, 16.855403], [121.973934, 16.854056], [121.972586, 16.854056], [121.972586, 16.852708], [121.971239, 16.852708], [121.971239, 16.855403], [121.972586, 16.855403], [121.972586, 16.858098], [121.969891, 16.858098], [121.969891, 16.859446], [121.972586, 16.859446], [121.972586, 16.860793], [121.968544, 16.860793], [121.968544, 16.862141], [121.965849, 16.862141], [121.965849, 16.860793], [121.967196, 16.860793], [121.967196, 16.859446], [121.965849, 16.859446], [121.965849, 16.858098], [121.964501, 16.858098], [121.964501, 16.859446], [121.963154, 16.859446], [121.963154, 16.856751], [121.964501, 16.856751], [121.964501, 16.855403], [121.965849, 16.855403], [121.965849, 16.856751], [121.967196, 16.856751], [121.967196, 16.854056], [121.968544, 16.854056], [121.968544, 16.851361], [121.967196, 16.851361], [121.967196, 16.852708], [121.965849, 16.852708], [121.965849, 16.854056], [121.961807, 16.854056], [121.961807, 16.852708], [121.963154, 16.852708], [121.963154, 16.850013], [121.967196, 16.850013], [121.967196, 16.847318], [121.963154, 16.847318], [121.963154, 16.844623], [121.961807, 16.844623], [121.961807, 16.847318], [121.960459, 16.847318], [121.960459, 16.850013], [121.959112, 16.850013], [121.959112, 16.852708], [121.956417, 16.852708], [121.956417, 16.850013], [121.953722, 16.850013], [121.953722, 16.848666], [121.955069, 16.848666], [121.955069, 16.847318], [121.956417, 16.847318], [121.956417, 16.848666], [121.957764, 16.848666], [121.957764, 16.845971], [121.955069, 16.845971], [121.955069, 16.843276], [121.957764, 16.843276], [121.957764, 16.841929], [121.953722, 16.841929], [121.953722, 16.840581], [121.960459, 16.840581], [121.960459, 16.841929], [121.963154, 16.841929], [121.963154, 16.840581], [121.964501, 16.840581], [121.964501, 16.839234], [121.961807, 16.839234], [121.961807, 16.837886], [121.963154, 16.837886], [121.963154, 16.836539], [121.961807, 16.836539], [121.961807, 16.835191], [121.965849, 16.835191], [121.965849, 16.836539], [121.967196, 16.836539], [121.967196, 16.837886], [121.968544, 16.837886], [121.968544, 16.836539], [121.969891, 16.836539], [121.969891, 16.835191], [121.968544, 16.835191], [121.968544, 16.833844], [121.969891, 16.833844], [121.969891, 16.832496], [121.971239, 16.832496], [121.971239, 16.835191], [121.972586, 16.835191], [121.972586, 16.833844], [121.976629, 16.833844], [121.976629, 16.832496], [121.972586, 16.832496], [121.972586, 16.831149], [121.969891, 16.831149], [121.969891, 16.829801], [121.968544, 16.829801], [121.968544, 16.831149], [121.964501, 16.831149], [121.964501, 16.829801], [121.965849, 16.829801], [121.965849, 16.828454], [121.964501, 16.828454], [121.964501, 16.827106], [121.967196, 16.827106], [121.967196, 16.828454], [121.972586, 16.828454], [121.972586, 16.825759], [121.969891, 16.825759], [121.969891, 16.824411], [121.971239, 16.824411], [121.971239, 16.823064], [121.972586, 16.823064], [121.972586, 16.821716], [121.971239, 16.821716], [121.971239, 16.819021], [121.969891, 16.819021], [121.969891, 16.816327], [121.967196, 16.816327], [121.967196, 16.813632], [121.971239, 16.813632], [121.971239, 16.812284], [121.968544, 16.812284], [121.968544, 16.810937], [121.972586, 16.810937], [121.972586, 16.808242], [121.971239, 16.808242], [121.971239, 16.809589], [121.967196, 16.809589], [121.967196, 16.810937], [121.963154, 16.810937], [121.963154, 16.809589], [121.961807, 16.809589], [121.961807, 16.810937], [121.960459, 16.810937], [121.960459, 16.812284], [121.957764, 16.812284], [121.957764, 16.814979], [121.960459, 16.814979], [121.960459, 16.813632], [121.963154, 16.813632], [121.963154, 16.814979], [121.964501, 16.814979], [121.964501, 16.817674], [121.963154, 16.817674], [121.963154, 16.819021], [121.964501, 16.819021], [121.964501, 16.820369], [121.960459, 16.820369], [121.960459, 16.821716], [121.957764, 16.821716], [121.957764, 16.820369], [121.959112, 16.820369], [121.959112, 16.817674], [121.957764, 16.817674], [121.957764, 16.819021], [121.956417, 16.819021], [121.956417, 16.817674], [121.955069, 16.817674], [121.955069, 16.814979], [121.952374, 16.814979], [121.952374, 16.819021], [121.953722, 16.819021], [121.953722, 16.821716], [121.955069, 16.821716], [121.955069, 16.823064], [121.957764, 16.823064], [121.957764, 16.825759], [121.960459, 16.825759], [121.960459, 16.829801], [121.957764, 16.829801], [121.957764, 16.827106], [121.955069, 16.827106], [121.955069, 16.825759], [121.953722, 16.825759], [121.953722, 16.827106], [121.952374, 16.827106], [121.952374, 16.828454], [121.951027, 16.828454], [121.951027, 16.827106], [121.949679, 16.827106], [121.949679, 16.825759], [121.952374, 16.825759], [121.952374, 16.824411], [121.953722, 16.824411], [121.953722, 16.823064], [121.952374, 16.823064], [121.952374, 16.821716], [121.949679, 16.821716], [121.949679, 16.817674], [121.948332, 16.817674], [121.948332, 16.819021], [121.946984, 16.819021], [121.946984, 16.820369], [121.944289, 16.820369], [121.944289, 16.819021], [121.941594, 16.819021], [121.941594, 16.823064], [121.944289, 16.823064], [121.944289, 16.824411], [121.945637, 16.824411], [121.945637, 16.827106], [121.944289, 16.827106], [121.944289, 16.828454], [121.946984, 16.828454], [121.946984, 16.832496], [121.945637, 16.832496], [121.945637, 16.833844], [121.949679, 16.833844], [121.949679, 16.835191], [121.944289, 16.835191], [121.944289, 16.832496], [121.941594, 16.832496], [121.941594, 16.831149], [121.937552, 16.831149], [121.937552, 16.832496], [121.938899, 16.832496], [121.938899, 16.833844], [121.937552, 16.833844], [121.937552, 16.835191], [121.941594, 16.835191], [121.941594, 16.836539], [121.940247, 16.836539], [121.940247, 16.837886], [121.941594, 16.837886], [121.941594, 16.839234], [121.944289, 16.839234], [121.944289, 16.840581], [121.946984, 16.840581], [121.946984, 16.841929], [121.945637, 16.841929], [121.945637, 16.844623], [121.941594, 16.844623], [121.941594, 16.840581], [121.940247, 16.840581], [121.940247, 16.843276], [121.938899, 16.843276], [121.938899, 16.841929], [121.936205, 16.841929], [121.936205, 16.843276], [121.937552, 16.843276], [121.937552, 16.844623], [121.936205, 16.844623], [121.936205, 16.845971], [121.938899, 16.845971], [121.938899, 16.847318], [121.937552, 16.847318], [121.937552, 16.848666], [121.938899, 16.848666], [121.938899, 16.851361], [121.936205, 16.851361], [121.936205, 16.852708], [121.934857, 16.852708], [121.934857, 16.840581], [121.938899, 16.840581], [121.938899, 16.839234], [121.937552, 16.839234], [121.937552, 16.837886], [121.936205, 16.837886], [121.936205, 16.839234], [121.934857, 16.839234], [121.934857, 16.836539], [121.93351, 16.836539], [121.93351, 16.835191], [121.932162, 16.835191], [121.932162, 16.836539], [121.930815, 16.836539], [121.930815, 16.837886], [121.932162, 16.837886], [121.932162, 16.840581], [121.929467, 16.840581], [121.929467, 16.837886], [121.92812, 16.837886], [121.92812, 16.836539], [121.926772, 16.836539], [121.926772, 16.839234], [121.925425, 16.839234], [121.925425, 16.841929], [121.926772, 16.841929], [121.926772, 16.843276], [121.924077, 16.843276], [121.924077, 16.837886], [121.92273, 16.837886], [121.92273, 16.835191], [121.926772, 16.835191], [121.926772, 16.832496], [121.92812, 16.832496], [121.92812, 16.833844], [121.929467, 16.833844], [121.929467, 16.832496], [121.932162, 16.832496], [121.932162, 16.829801], [121.93351, 16.829801], [121.93351, 16.832496], [121.934857, 16.832496], [121.934857, 16.828454], [121.937552, 16.828454], [121.937552, 16.827106], [121.938899, 16.827106], [121.938899, 16.825759], [121.937552, 16.825759], [121.937552, 16.824411], [121.934857, 16.824411], [121.934857, 16.823064], [121.936205, 16.823064], [121.936205, 16.821716], [121.937552, 16.821716], [121.937552, 16.823064], [121.938899, 16.823064], [121.938899, 16.821716], [121.940247, 16.821716], [121.940247, 16.820369], [121.936205, 16.820369], [121.936205, 16.819021], [121.937552, 16.819021], [121.937552, 16.817674], [121.936205, 16.817674], [121.936205, 16.816327], [121.937552, 16.816327], [121.937552, 16.814979], [121.938899, 16.814979], [121.938899, 16.813632], [121.936205, 16.813632], [121.936205, 16.810937], [121.938899, 16.810937], [121.938899, 16.809589], [121.934857, 16.809589], [121.934857, 16.808242], [121.93351, 16.808242], [121.93351, 16.805547], [121.934857, 16.805547], [121.934857, 16.804199], [121.936205, 16.804199], [121.936205, 16.802852], [121.934857, 16.802852], [121.934857, 16.800157], [121.936205, 16.800157], [121.936205, 16.798809], [121.938899, 16.798809], [121.938899, 16.797462], [121.936205, 16.797462], [121.936205, 16.796114], [121.934857, 16.796114], [121.934857, 16.798809], [121.93351, 16.798809], [121.93351, 16.801504], [121.932162, 16.801504], [121.932162, 16.802852], [121.930815, 16.802852], [121.930815, 16.804199], [121.929467, 16.804199], [121.929467, 16.810937], [121.92812, 16.810937], [121.92812, 16.806894], [121.925425, 16.806894], [121.925425, 16.805547], [121.926772, 16.805547], [121.926772, 16.804199], [121.92812, 16.804199], [121.92812, 16.800157], [121.930815, 16.800157], [121.930815, 16.798809], [121.926772, 16.798809], [121.926772, 16.797462], [121.932162, 16.797462], [121.932162, 16.796114], [121.93351, 16.796114], [121.93351, 16.794767], [121.930815, 16.794767], [121.930815, 16.79342], [121.932162, 16.79342], [121.932162, 16.790725], [121.937552, 16.790725], [121.937552, 16.789377], [121.93351, 16.789377], [121.93351, 16.78803], [121.938899, 16.78803], [121.938899, 16.786682], [121.93351, 16.786682], [121.93351, 16.783987], [121.934857, 16.783987], [121.934857, 16.779945], [121.936205, 16.779945], [121.936205, 16.781292], [121.937552, 16.781292], [121.937552, 16.78264], [121.940247, 16.78264], [121.940247, 16.783987], [121.942942, 16.783987], [121.942942, 16.78264], [121.941594, 16.78264], [121.941594, 16.781292], [121.938899, 16.781292], [121.938899, 16.779945], [121.940247, 16.779945], [121.940247, 16.778597], [121.937552, 16.778597], [121.937552, 16.77725], [121.940247, 16.77725], [121.940247, 16.775902], [121.942942, 16.775902], [121.942942, 16.774555], [121.945637, 16.774555], [121.945637, 16.77725], [121.946984, 16.77725], [121.946984, 16.779945], [121.948332, 16.779945], [121.948332, 16.781292], [121.951027, 16.781292], [121.951027, 16.779945], [121.953722, 16.779945], [121.953722, 16.778597], [121.948332, 16.778597], [121.948332, 16.775902], [121.946984, 16.775902], [121.946984, 16.77186], [121.941594, 16.77186], [121.941594, 16.76647], [121.940247, 16.76647], [121.940247, 16.769165], [121.938899, 16.769165], [121.938899, 16.773207], [121.936205, 16.773207], [121.936205, 16.77186], [121.934857, 16.77186], [121.934857, 16.774555], [121.93351, 16.774555], [121.93351, 16.775902], [121.934857, 16.775902], [121.934857, 16.77725], [121.93351, 16.77725], [121.93351, 16.779945], [121.932162, 16.779945], [121.932162, 16.778597], [121.930815, 16.778597], [121.930815, 16.773207], [121.932162, 16.773207], [121.932162, 16.77186], [121.930815, 16.77186], [121.930815, 16.770512], [121.932162, 16.770512], [121.932162, 16.769165], [121.929467, 16.769165], [121.929467, 16.767818], [121.932162, 16.767818], [121.932162, 16.76647], [121.930815, 16.76647], [121.930815, 16.765123], [121.932162, 16.765123], [121.932162, 16.76108], [121.93351, 16.76108], [121.93351, 16.759733], [121.934857, 16.759733], [121.934857, 16.758385], [121.932162, 16.758385], [121.932162, 16.759733], [121.930815, 16.759733], [121.930815, 16.762428], [121.929467, 16.762428], [121.929467, 16.763775], [121.92812, 16.763775], [121.92812, 16.76108], [121.924077, 16.76108], [121.924077, 16.762428], [121.926772, 16.762428], [121.926772, 16.765123], [121.92812, 16.765123], [121.92812, 16.767818], [121.926772, 16.767818], [121.926772, 16.770512], [121.92812, 16.770512], [121.92812, 16.773207], [121.926772, 16.773207], [121.926772, 16.774555], [121.92812, 16.774555], [121.92812, 16.775902], [121.925425, 16.775902], [121.925425, 16.77725], [121.926772, 16.77725], [121.926772, 16.778597], [121.924077, 16.778597], [121.924077, 16.781292], [121.925425, 16.781292], [121.925425, 16.779945], [121.92812, 16.779945], [121.92812, 16.78264], [121.929467, 16.78264], [121.929467, 16.783987], [121.92812, 16.783987], [121.92812, 16.785335], [121.926772, 16.785335], [121.926772, 16.783987], [121.925425, 16.783987], [121.925425, 16.786682], [121.921382, 16.786682], [121.921382, 16.78803], [121.92273, 16.78803], [121.92273, 16.792072], [121.920035, 16.792072], [121.920035, 16.79342], [121.92273, 16.79342], [121.92273, 16.794767], [121.920035, 16.794767], [121.920035, 16.797462], [121.91734, 16.797462], [121.91734, 16.796114], [121.918687, 16.796114], [121.918687, 16.794767], [121.915992, 16.794767], [121.915992, 16.792072], [121.91734, 16.792072], [121.91734, 16.789377], [121.915992, 16.789377], [121.915992, 16.790725], [121.913297, 16.790725], [121.913297, 16.792072], [121.914645, 16.792072], [121.914645, 16.794767], [121.913297, 16.794767], [121.913297, 16.796114], [121.91195, 16.796114], [121.91195, 16.794767], [121.910603, 16.794767], [121.910603, 16.79342], [121.909255, 16.79342], [121.909255, 16.794767], [121.90656, 16.794767], [121.90656, 16.79342], [121.907908, 16.79342], [121.907908, 16.790725], [121.909255, 16.790725], [121.909255, 16.789377], [121.90656, 16.789377], [121.90656, 16.78803], [121.907908, 16.78803], [121.907908, 16.786682], [121.909255, 16.786682], [121.909255, 16.783987], [121.910603, 16.783987], [121.910603, 16.78264], [121.909255, 16.78264], [121.909255, 16.781292], [121.905213, 16.781292], [121.905213, 16.779945], [121.903865, 16.779945], [121.903865, 16.781292], [121.90117, 16.781292], [121.90117, 16.78264], [121.899823, 16.78264], [121.899823, 16.779945], [121.90117, 16.779945], [121.90117, 16.778597], [121.902518, 16.778597], [121.902518, 16.77725], [121.903865, 16.77725], [121.903865, 16.775902], [121.905213, 16.775902], [121.905213, 16.77725], [121.907908, 16.77725], [121.907908, 16.778597], [121.909255, 16.778597], [121.909255, 16.775902], [121.907908, 16.775902], [121.907908, 16.774555], [121.90656, 16.774555], [121.90656, 16.773207], [121.909255, 16.773207], [121.909255, 16.77186], [121.91195, 16.77186], [121.91195, 16.774555], [121.914645, 16.774555], [121.914645, 16.77186], [121.915992, 16.77186], [121.915992, 16.770512], [121.918687, 16.770512], [121.918687, 16.769165], [121.915992, 16.769165], [121.915992, 16.767818], [121.914645, 16.767818], [121.914645, 16.769165], [121.910603, 16.769165], [121.910603, 16.767818], [121.909255, 16.767818], [121.909255, 16.765123], [121.910603, 16.765123], [121.910603, 16.76647], [121.913297, 16.76647], [121.913297, 16.765123], [121.915992, 16.765123], [121.915992, 16.762428], [121.91734, 16.762428], [121.91734, 16.76108], [121.91195, 16.76108], [121.91195, 16.758385], [121.910603, 16.758385], [121.910603, 16.75569], [121.913297, 16.75569], [121.913297, 16.754343], [121.914645, 16.754343], [121.914645, 16.752995], [121.913297, 16.752995], [121.913297, 16.751648], [121.914645, 16.751648], [121.914645, 16.7503], [121.913297, 16.7503], [121.913297, 16.748953], [121.914645, 16.748953], [121.914645, 16.746258], [121.915992, 16.746258], [121.915992, 16.743563], [121.91734, 16.743563], [121.91734, 16.742216], [121.918687, 16.742216], [121.918687, 16.743563], [121.925425, 16.743563], [121.925425, 16.742216], [121.924077, 16.742216], [121.924077, 16.740868], [121.92273, 16.740868], [121.92273, 16.742216], [121.920035, 16.742216], [121.920035, 16.740868], [121.918687, 16.740868], [121.918687, 16.739521], [121.92273, 16.739521], [121.92273, 16.735478], [121.921382, 16.735478], [121.921382, 16.734131], [121.920035, 16.734131], [121.920035, 16.736826], [121.918687, 16.736826], [121.918687, 16.738173], [121.91734, 16.738173], [121.91734, 16.735478], [121.915992, 16.735478], [121.915992, 16.742216], [121.913297, 16.742216], [121.913297, 16.740868], [121.91195, 16.740868], [121.91195, 16.742216], [121.909255, 16.742216], [121.909255, 16.743563], [121.91195, 16.743563], [121.91195, 16.746258], [121.907908, 16.746258], [121.907908, 16.748953], [121.90656, 16.748953], [121.90656, 16.7503], [121.909255, 16.7503], [121.909255, 16.751648], [121.907908, 16.751648], [121.907908, 16.752995], [121.905213, 16.752995], [121.905213, 16.75569], [121.90656, 16.75569], [121.90656, 16.758385], [121.905213, 16.758385], [121.905213, 16.759733], [121.90656, 16.759733], [121.90656, 16.763775], [121.907908, 16.763775], [121.907908, 16.765123], [121.90656, 16.765123], [121.90656, 16.767818], [121.905213, 16.767818], [121.905213, 16.769165], [121.903865, 16.769165], [121.903865, 16.76647], [121.905213, 16.76647], [121.905213, 16.76108], [121.903865, 16.76108], [121.903865, 16.765123], [121.902518, 16.765123], [121.902518, 16.763775], [121.898475, 16.763775], [121.898475, 16.759733], [121.897128, 16.759733], [121.897128, 16.762428], [121.894433, 16.762428], [121.894433, 16.763775], [121.897128, 16.763775], [121.897128, 16.765123], [121.894433, 16.765123], [121.894433, 16.76647], [121.89578, 16.76647], [121.89578, 16.767818], [121.893085, 16.767818], [121.893085, 16.765123], [121.891738, 16.765123], [121.891738, 16.763775], [121.89039, 16.763775], [121.89039, 16.76647], [121.889043, 16.76647], [121.889043, 16.767818], [121.887695, 16.767818], [121.887695, 16.769165], [121.889043, 16.769165], [121.889043, 16.770512], [121.887695, 16.770512], [121.887695, 16.773207], [121.889043, 16.773207], [121.889043, 16.774555], [121.887695, 16.774555], [121.887695, 16.77725], [121.885001, 16.77725], [121.885001, 16.775902], [121.880958, 16.775902], [121.880958, 16.774555], [121.879611, 16.774555], [121.879611, 16.77725], [121.878263, 16.77725], [121.878263, 16.778597], [121.876916, 16.778597], [121.876916, 16.779945], [121.875568, 16.779945], [121.875568, 16.778597], [121.872873, 16.778597], [121.872873, 16.77725], [121.876916, 16.77725], [121.876916, 16.775902], [121.878263, 16.775902], [121.878263, 16.77186], [121.882306, 16.77186], [121.882306, 16.769165], [121.883653, 16.769165], [121.883653, 16.76647], [121.878263, 16.76647], [121.878263, 16.767818], [121.872873, 16.767818], [121.872873, 16.769165], [121.871526, 16.769165], [121.871526, 16.76647], [121.870178, 16.76647], [121.870178, 16.767818], [121.868831, 16.767818], [121.868831, 16.769165], [121.867483, 16.769165], [121.867483, 16.770512], [121.866136, 16.770512], [121.866136, 16.76647], [121.867483, 16.76647], [121.867483, 16.763775], [121.868831, 16.763775], [121.868831, 16.765123], [121.874221, 16.765123], [121.874221, 16.763775], [121.876916, 16.763775], [121.876916, 16.765123], [121.878263, 16.765123], [121.878263, 16.763775], [121.879611, 16.763775], [121.879611, 16.765123], [121.885001, 16.765123], [121.885001, 16.763775], [121.880958, 16.763775], [121.880958, 16.762428], [121.876916, 16.762428], [121.876916, 16.76108], [121.875568, 16.76108], [121.875568, 16.758385], [121.878263, 16.758385], [121.878263, 16.757038], [121.880958, 16.757038], [121.880958, 16.75569], [121.878263, 16.75569], [121.878263, 16.752995], [121.879611, 16.752995], [121.879611, 16.751648], [121.882306, 16.751648], [121.882306, 16.752995], [121.883653, 16.752995], [121.883653, 16.757038], [121.885001, 16.757038], [121.885001, 16.75569], [121.886348, 16.75569], [121.886348, 16.754343], [121.885001, 16.754343], [121.885001, 16.752995], [121.886348, 16.752995], [121.886348, 16.751648], [121.889043, 16.751648], [121.889043, 16.752995], [121.894433, 16.752995], [121.894433, 16.751648], [121.89039, 16.751648], [121.89039, 16.7503], [121.891738, 16.7503], [121.891738, 16.748953], [121.893085, 16.748953], [121.893085, 16.7503], [121.89578, 16.7503], [121.89578, 16.747605], [121.893085, 16.747605], [121.893085, 16.746258], [121.89578, 16.746258], [121.89578, 16.74491], [121.891738, 16.74491], [121.891738, 16.746258], [121.89039, 16.746258], [121.89039, 16.747605], [121.889043, 16.747605], [121.889043, 16.746258], [121.887695, 16.746258], [121.887695, 16.743563], [121.886348, 16.743563], [121.886348, 16.747605], [121.883653, 16.747605], [121.883653, 16.746258], [121.878263, 16.746258], [121.878263, 16.743563], [121.879611, 16.743563], [121.879611, 16.742216], [121.878263, 16.742216], [121.878263, 16.740868], [121.874221, 16.740868], [121.874221, 16.742216], [121.871526, 16.742216], [121.871526, 16.739521], [121.875568, 16.739521], [121.875568, 16.738173], [121.878263, 16.738173], [121.878263, 16.735478], [121.879611, 16.735478], [121.879611, 16.736826], [121.883653, 16.736826], [121.883653, 16.739521], [121.89039, 16.739521], [121.89039, 16.738173], [121.891738, 16.738173], [121.891738, 16.736826], [121.89039, 16.736826], [121.89039, 16.731436], [121.889043, 16.731436], [121.889043, 16.734131], [121.887695, 16.734131], [121.887695, 16.738173], [121.886348, 16.738173], [121.886348, 16.736826], [121.885001, 16.736826], [121.885001, 16.735478], [121.883653, 16.735478], [121.883653, 16.732783], [121.880958, 16.732783], [121.880958, 16.730088], [121.882306, 16.730088], [121.882306, 16.728741], [121.883653, 16.728741], [121.883653, 16.727393], [121.880958, 16.727393], [121.880958, 16.728741], [121.878263, 16.728741], [121.878263, 16.730088], [121.876916, 16.730088], [121.876916, 16.728741], [121.875568, 16.728741], [121.875568, 16.731436], [121.874221, 16.731436], [121.874221, 16.730088], [121.871526, 16.730088], [121.871526, 16.727393], [121.875568, 16.727393], [121.875568, 16.726046], [121.874221, 16.726046], [121.874221, 16.724698], [121.875568, 16.724698], [121.875568, 16.722003], [121.874221, 16.722003], [121.874221, 16.720656], [121.876916, 16.720656], [121.876916, 16.722003], [121.880958, 16.722003], [121.880958, 16.723351], [121.882306, 16.723351], [121.882306, 16.722003], [121.883653, 16.722003], [121.883653, 16.723351], [121.885001, 16.723351], [121.885001, 16.720656], [121.882306, 16.720656], [121.882306, 16.719309], [121.885001, 16.719309], [121.885001, 16.717961], [121.886348, 16.717961], [121.886348, 16.720656], [121.887695, 16.720656], [121.887695, 16.719309], [121.889043, 16.719309], [121.889043, 16.720656], [121.894433, 16.720656], [121.894433, 16.719309], [121.89578, 16.719309], [121.89578, 16.717961], [121.897128, 16.717961], [121.897128, 16.716614], [121.893085, 16.716614], [121.893085, 16.717961], [121.891738, 16.717961], [121.891738, 16.716614], [121.89039, 16.716614], [121.89039, 16.715266], [121.886348, 16.715266], [121.886348, 16.713919], [121.889043, 16.713919], [121.889043, 16.712571], [121.89039, 16.712571], [121.89039, 16.713919], [121.899823, 16.713919], [121.899823, 16.715266], [121.903865, 16.715266], [121.903865, 16.713919], [121.90656, 16.713919], [121.90656, 16.715266], [121.907908, 16.715266], [121.907908, 16.720656], [121.909255, 16.720656], [121.909255, 16.715266], [121.910603, 16.715266], [121.910603, 16.713919], [121.907908, 16.713919], [121.907908, 16.711224], [121.90656, 16.711224], [121.90656, 16.712571], [121.905213, 16.712571], [121.905213, 16.711224], [121.902518, 16.711224], [121.902518, 16.708529], [121.899823, 16.708529], [121.899823, 16.709876], [121.893085, 16.709876], [121.893085, 16.708529], [121.894433, 16.708529], [121.894433, 16.707181], [121.897128, 16.707181], [121.897128, 16.703139], [121.899823, 16.703139], [121.899823, 16.697749], [121.90117, 16.697749], [121.90117, 16.696401], [121.905213, 16.696401], [121.905213, 16.697749], [121.90656, 16.697749], [121.90656, 16.695054], [121.902518, 16.695054], [121.902518, 16.693707], [121.903865, 16.693707], [121.903865, 16.692359], [121.899823, 16.692359], [121.899823, 16.696401], [121.897128, 16.696401], [121.897128, 16.700444], [121.89578, 16.700444], [121.89578, 16.701791], [121.891738, 16.701791], [121.891738, 16.700444], [121.893085, 16.700444], [121.893085, 16.699096], [121.89039, 16.699096], [121.89039, 16.703139], [121.889043, 16.703139], [121.889043, 16.705834], [121.887695, 16.705834], [121.887695, 16.707181], [121.886348, 16.707181], [121.886348, 16.704486], [121.885001, 16.704486], [121.885001, 16.707181], [121.883653, 16.707181], [121.883653, 16.709876], [121.885001, 16.709876], [121.885001, 16.711224], [121.880958, 16.711224], [121.880958, 16.712571], [121.879611, 16.712571], [121.879611, 16.709876], [121.878263, 16.709876], [121.878263, 16.712571], [121.876916, 16.712571], [121.876916, 16.711224], [121.875568, 16.711224], [121.875568, 16.713919], [121.870178, 16.713919], [121.870178, 16.712571], [121.871526, 16.712571], [121.871526, 16.711224], [121.870178, 16.711224], [121.870178, 16.709876], [121.872873, 16.709876], [121.872873, 16.711224], [121.874221, 16.711224], [121.874221, 16.709876], [121.875568, 16.709876], [121.875568, 16.708529], [121.872873, 16.708529], [121.872873, 16.705834], [121.874221, 16.705834], [121.874221, 16.704486], [121.875568, 16.704486], [121.875568, 16.707181], [121.876916, 16.707181], [121.876916, 16.705834], [121.878263, 16.705834], [121.878263, 16.704486], [121.879611, 16.704486], [121.879611, 16.703139], [121.875568, 16.703139], [121.875568, 16.701791], [121.882306, 16.701791], [121.882306, 16.700444], [121.883653, 16.700444], [121.883653, 16.697749], [121.882306, 16.697749], [121.882306, 16.699096], [121.879611, 16.699096], [121.879611, 16.700444], [121.878263, 16.700444], [121.878263, 16.697749], [121.880958, 16.697749], [121.880958, 16.696401], [121.882306, 16.696401], [121.882306, 16.695054], [121.886348, 16.695054], [121.886348, 16.693707], [121.883653, 16.693707], [121.883653, 16.691012], [121.882306, 16.691012], [121.882306, 16.693707], [121.879611, 16.693707], [121.879611, 16.695054], [121.876916, 16.695054], [121.876916, 16.696401], [121.875568, 16.696401], [121.875568, 16.697749], [121.874221, 16.697749], [121.874221, 16.696401], [121.872873, 16.696401], [121.872873, 16.695054], [121.874221, 16.695054], [121.874221, 16.693707], [121.875568, 16.693707], [121.875568, 16.691012], [121.876916, 16.691012], [121.876916, 16.689664], [121.879611, 16.689664], [121.879611, 16.688317], [121.878263, 16.688317], [121.878263, 16.686969], [121.876916, 16.686969], [121.876916, 16.688317], [121.875568, 16.688317], [121.875568, 16.685622], [121.874221, 16.685622], [121.874221, 16.684274], [121.875568, 16.684274], [121.875568, 16.680232], [121.874221, 16.680232], [121.874221, 16.681579], [121.872873, 16.681579], [121.872873, 16.688317], [121.871526, 16.688317], [121.871526, 16.689664], [121.870178, 16.689664], [121.870178, 16.686969], [121.866136, 16.686969], [121.866136, 16.685622], [121.864788, 16.685622], [121.864788, 16.688317], [121.866136, 16.688317], [121.866136, 16.689664], [121.867483, 16.689664], [121.867483, 16.691012], [121.868831, 16.691012], [121.868831, 16.692359], [121.866136, 16.692359], [121.866136, 16.693707], [121.867483, 16.693707], [121.867483, 16.695054], [121.870178, 16.695054], [121.870178, 16.696401], [121.871526, 16.696401], [121.871526, 16.700444], [121.870178, 16.700444], [121.870178, 16.701791], [121.868831, 16.701791], [121.868831, 16.697749], [121.867483, 16.697749], [121.867483, 16.699096], [121.864788, 16.699096], [121.864788, 16.697749], [121.863441, 16.697749], [121.863441, 16.696401], [121.860746, 16.696401], [121.860746, 16.697749], [121.862094, 16.697749], [121.862094, 16.700444], [121.864788, 16.700444], [121.864788, 16.703139], [121.863441, 16.703139], [121.863441, 16.704486], [121.864788, 16.704486], [121.864788, 16.705834], [121.863441, 16.705834], [121.863441, 16.707181], [121.860746, 16.707181], [121.860746, 16.704486], [121.859399, 16.704486], [121.859399, 16.701791], [121.858051, 16.701791], [121.858051, 16.703139], [121.856704, 16.703139], [121.856704, 16.705834], [121.855356, 16.705834], [121.855356, 16.707181], [121.859399, 16.707181], [121.859399, 16.708529], [121.860746, 16.708529], [121.860746, 16.709876], [121.862094, 16.709876], [121.862094, 16.711224], [121.863441, 16.711224], [121.863441, 16.712571], [121.862094, 16.712571], [121.862094, 16.713919], [121.860746, 16.713919], [121.860746, 16.711224], [121.859399, 16.711224], [121.859399, 16.709876], [121.858051, 16.709876], [121.858051, 16.712571], [121.859399, 16.712571], [121.859399, 16.715266], [121.858051, 16.715266], [121.858051, 16.713919], [121.856704, 16.713919], [121.856704, 16.717961], [121.858051, 16.717961], [121.858051, 16.716614], [121.859399, 16.716614], [121.859399, 16.719309], [121.858051, 16.719309], [121.858051, 16.722003], [121.856704, 16.722003], [121.856704, 16.720656], [121.855356, 16.720656], [121.855356, 16.715266], [121.854009, 16.715266], [121.854009, 16.713919], [121.851314, 16.713919], [121.851314, 16.709876], [121.849966, 16.709876], [121.849966, 16.708529], [121.851314, 16.708529], [121.851314, 16.707181], [121.849966, 16.707181], [121.849966, 16.705834], [121.852661, 16.705834], [121.852661, 16.703139], [121.854009, 16.703139], [121.854009, 16.701791], [121.855356, 16.701791], [121.855356, 16.699096], [121.854009, 16.699096], [121.854009, 16.697749], [121.852661, 16.697749], [121.852661, 16.699096], [121.849966, 16.699096], [121.849966, 16.700444], [121.848619, 16.700444], [121.848619, 16.699096], [121.847271, 16.699096], [121.847271, 16.700444], [121.845924, 16.700444], [121.845924, 16.696401], [121.847271, 16.696401], [121.847271, 16.697749], [121.848619, 16.697749], [121.848619, 16.696401], [121.851314, 16.696401], [121.851314, 16.693707], [121.847271, 16.693707], [121.847271, 16.692359], [121.848619, 16.692359], [121.848619, 16.691012], [121.855356, 16.691012], [121.855356, 16.692359], [121.856704, 16.692359], [121.856704, 16.689664], [121.855356, 16.689664], [121.855356, 16.688317], [121.854009, 16.688317], [121.854009, 16.689664], [121.851314, 16.689664], [121.851314, 16.688317], [121.849966, 16.688317], [121.849966, 16.686969], [121.848619, 16.686969], [121.848619, 16.689664], [121.845924, 16.689664], [121.845924, 16.691012], [121.841881, 16.691012], [121.841881, 16.689664], [121.843229, 16.689664], [121.843229, 16.685622], [121.844576, 16.685622], [121.844576, 16.688317], [121.845924, 16.688317], [121.845924, 16.684274], [121.847271, 16.684274], [121.847271, 16.685622], [121.848619, 16.685622], [121.848619, 16.684274], [121.849966, 16.684274], [121.849966, 16.682927], [121.852661, 16.682927], [121.852661, 16.681579], [121.854009, 16.681579], [121.854009, 16.678884], [121.856704, 16.678884], [121.856704, 16.676189], [121.855356, 16.676189], [121.855356, 16.677537], [121.849966, 16.677537], [121.849966, 16.676189], [121.851314, 16.676189], [121.851314, 16.674842], [121.854009, 16.674842], [121.854009, 16.673494], [121.852661, 16.673494], [121.852661, 16.670799], [121.849966, 16.670799], [121.849966, 16.672147], [121.848619, 16.672147], [121.848619, 16.674842], [121.847271, 16.674842], [121.847271, 16.673494], [121.845924, 16.673494], [121.845924, 16.676189], [121.844576, 16.676189], [121.844576, 16.677537], [121.845924, 16.677537], [121.845924, 16.682927], [121.841881, 16.682927], [121.841881, 16.681579], [121.844576, 16.681579], [121.844576, 16.680232], [121.840534, 16.680232], [121.840534, 16.686969], [121.839186, 16.686969], [121.839186, 16.688317], [121.837839, 16.688317], [121.837839, 16.685622], [121.839186, 16.685622], [121.839186, 16.682927], [121.837839, 16.682927], [121.837839, 16.681579], [121.839186, 16.681579], [121.839186, 16.680232], [121.836492, 16.680232], [121.836492, 16.686969], [121.835144, 16.686969], [121.835144, 16.684274], [121.833797, 16.684274], [121.833797, 16.685622], [121.832449, 16.685622], [121.832449, 16.686969], [121.833797, 16.686969], [121.833797, 16.688317], [121.831102, 16.688317], [121.831102, 16.689664], [121.832449, 16.689664], [121.832449, 16.691012], [121.833797, 16.691012], [121.833797, 16.693707], [121.837839, 16.693707], [121.837839, 16.695054], [121.828407, 16.695054], [121.828407, 16.693707], [121.829754, 16.693707], [121.829754, 16.692359], [121.827059, 16.692359], [121.827059, 16.691012], [121.828407, 16.691012], [121.828407, 16.689664], [121.827059, 16.689664], [121.827059, 16.688317], [121.824364, 16.688317], [121.824364, 16.686969], [121.823017, 16.686969], [121.823017, 16.685622], [121.821669, 16.685622], [121.821669, 16.684274], [121.820322, 16.684274], [121.820322, 16.682927], [121.823017, 16.682927], [121.823017, 16.684274], [121.824364, 16.684274], [121.824364, 16.682927], [121.827059, 16.682927], [121.827059, 16.681579], [121.825712, 16.681579], [121.825712, 16.680232], [121.827059, 16.680232], [121.827059, 16.678884], [121.828407, 16.678884], [121.828407, 16.677537], [121.827059, 16.677537], [121.827059, 16.676189], [121.833797, 16.676189], [121.833797, 16.674842], [121.835144, 16.674842], [121.835144, 16.673494], [121.836492, 16.673494], [121.836492, 16.672147], [121.837839, 16.672147], [121.837839, 16.670799], [121.839186, 16.670799], [121.839186, 16.669452], [121.840534, 16.669452], [121.840534, 16.666757], [121.841881, 16.666757], [121.841881, 16.66541], [121.844576, 16.66541], [121.844576, 16.664062], [121.840534, 16.664062], [121.840534, 16.66541], [121.839186, 16.66541], [121.839186, 16.666757], [121.837839, 16.666757], [121.837839, 16.669452], [121.836492, 16.669452], [121.836492, 16.670799], [121.833797, 16.670799], [121.833797, 16.672147], [121.831102, 16.672147], [121.831102, 16.670799], [121.829754, 16.670799], [121.829754, 16.669452], [121.832449, 16.669452], [121.832449, 16.668105], [121.833797, 16.668105], [121.833797, 16.666757], [121.832449, 16.666757], [121.832449, 16.66541], [121.831102, 16.66541], [121.831102, 16.664062], [121.829754, 16.664062], [121.829754, 16.666757], [121.828407, 16.666757], [121.828407, 16.670799], [121.827059, 16.670799], [121.827059, 16.673494], [121.825712, 16.673494], [121.825712, 16.676189], [121.823017, 16.676189], [121.823017, 16.670799], [121.820322, 16.670799], [121.820322, 16.674842], [121.818974, 16.674842], [121.818974, 16.676189], [121.821669, 16.676189], [121.821669, 16.677537], [121.823017, 16.677537], [121.823017, 16.678884], [121.821669, 16.678884], [121.821669, 16.680232], [121.820322, 16.680232], [121.820322, 16.678884], [121.818974, 16.678884], [121.818974, 16.680232], [121.817627, 16.680232], [121.817627, 16.677537], [121.816279, 16.677537], [121.816279, 16.676189], [121.813584, 16.676189], [121.813584, 16.677537], [121.814932, 16.677537], [121.814932, 16.678884], [121.816279, 16.678884], [121.816279, 16.681579], [121.814932, 16.681579], [121.814932, 16.682927], [121.813584, 16.682927], [121.813584, 16.681579], [121.812237, 16.681579], [121.812237, 16.684274], [121.813584, 16.684274], [121.813584, 16.685622], [121.814932, 16.685622], [121.814932, 16.689664], [121.816279, 16.689664], [121.816279, 16.691012], [121.818974, 16.691012], [121.818974, 16.696401], [121.820322, 16.696401], [121.820322, 16.697749], [121.818974, 16.697749], [121.818974, 16.699096], [121.820322, 16.699096], [121.820322, 16.703139], [121.821669, 16.703139], [121.821669, 16.705834], [121.823017, 16.705834], [121.823017, 16.704486], [121.824364, 16.704486], [121.824364, 16.703139], [121.825712, 16.703139], [121.825712, 16.704486], [121.828407, 16.704486], [121.828407, 16.705834], [121.824364, 16.705834], [121.824364, 16.707181], [121.823017, 16.707181], [121.823017, 16.708529], [121.820322, 16.708529], [121.820322, 16.709876], [121.817627, 16.709876], [121.817627, 16.712571], [121.820322, 16.712571], [121.820322, 16.716614], [121.821669, 16.716614], [121.821669, 16.715266], [121.823017, 16.715266], [121.823017, 16.713919], [121.824364, 16.713919], [121.824364, 16.716614], [121.823017, 16.716614], [121.823017, 16.719309], [121.824364, 16.719309], [121.824364, 16.717961], [121.825712, 16.717961], [121.825712, 16.716614], [121.827059, 16.716614], [121.827059, 16.719309], [121.825712, 16.719309], [121.825712, 16.720656], [121.829754, 16.720656], [121.829754, 16.722003], [121.831102, 16.722003], [121.831102, 16.724698], [121.829754, 16.724698], [121.829754, 16.723351], [121.828407, 16.723351], [121.828407, 16.722003], [121.827059, 16.722003], [121.827059, 16.723351], [121.825712, 16.723351], [121.825712, 16.724698], [121.827059, 16.724698], [121.827059, 16.726046], [121.828407, 16.726046], [121.828407, 16.727393], [121.829754, 16.727393], [121.829754, 16.728741], [121.827059, 16.728741], [121.827059, 16.731436], [121.828407, 16.731436], [121.828407, 16.730088], [121.829754, 16.730088], [121.829754, 16.731436], [121.831102, 16.731436], [121.831102, 16.732783], [121.827059, 16.732783], [121.827059, 16.734131], [121.829754, 16.734131], [121.829754, 16.735478], [121.827059, 16.735478], [121.827059, 16.736826], [121.825712, 16.736826], [121.825712, 16.734131], [121.824364, 16.734131], [121.824364, 16.731436], [121.823017, 16.731436], [121.823017, 16.732783], [121.821669, 16.732783], [121.821669, 16.731436], [121.820322, 16.731436], [121.820322, 16.730088], [121.818974, 16.730088], [121.818974, 16.727393], [121.820322, 16.727393], [121.820322, 16.726046], [121.821669, 16.726046], [121.821669, 16.720656], [121.820322, 16.720656], [121.820322, 16.723351], [121.818974, 16.723351], [121.818974, 16.726046], [121.814932, 16.726046], [121.814932, 16.724698], [121.816279, 16.724698], [121.816279, 16.722003], [121.814932, 16.722003], [121.814932, 16.720656], [121.812237, 16.720656], [121.812237, 16.722003], [121.813584, 16.722003], [121.813584, 16.723351], [121.81089, 16.723351], [121.81089, 16.724698], [121.812237, 16.724698], [121.812237, 16.726046], [121.81089, 16.726046], [121.81089, 16.728741], [121.808195, 16.728741], [121.808195, 16.727393], [121.806847, 16.727393], [121.806847, 16.724698], [121.8055, 16.724698], [121.8055, 16.723351], [121.808195, 16.723351], [121.808195, 16.720656], [121.801457, 16.720656], [121.801457, 16.719309], [121.80011, 16.719309], [121.80011, 16.715266], [121.801457, 16.715266], [121.801457, 16.713919], [121.802805, 16.713919], [121.802805, 16.715266], [121.804152, 16.715266], [121.804152, 16.712571], [121.8055, 16.712571], [121.8055, 16.715266], [121.806847, 16.715266], [121.806847, 16.711224], [121.8055, 16.711224], [121.8055, 16.709876], [121.808195, 16.709876], [121.808195, 16.712571], [121.809542, 16.712571], [121.809542, 16.713919], [121.812237, 16.713919], [121.812237, 16.712571], [121.81089, 16.712571], [121.81089, 16.708529], [121.813584, 16.708529], [121.813584, 16.707181], [121.809542, 16.707181], [121.809542, 16.708529], [121.808195, 16.708529], [121.808195, 16.703139], [121.806847, 16.703139], [121.806847, 16.701791], [121.809542, 16.701791], [121.809542, 16.704486], [121.813584, 16.704486], [121.813584, 16.703139], [121.812237, 16.703139], [121.812237, 16.701791], [121.81089, 16.701791], [121.81089, 16.700444], [121.814932, 16.700444], [121.814932, 16.701791], [121.817627, 16.701791], [121.817627, 16.700444], [121.816279, 16.700444], [121.816279, 16.697749], [121.814932, 16.697749], [121.814932, 16.699096], [121.813584, 16.699096], [121.813584, 16.696401], [121.814932, 16.696401], [121.814932, 16.695054], [121.812237, 16.695054], [121.812237, 16.696401], [121.81089, 16.696401], [121.81089, 16.693707], [121.812237, 16.693707], [121.812237, 16.692359], [121.813584, 16.692359], [121.813584, 16.689664], [121.812237, 16.689664], [121.812237, 16.691012], [121.81089, 16.691012], [121.81089, 16.692359], [121.809542, 16.692359], [121.809542, 16.691012], [121.808195, 16.691012], [121.808195, 16.689664], [121.806847, 16.689664], [121.806847, 16.692359], [121.8055, 16.692359], [121.8055, 16.695054], [121.801457, 16.695054], [121.801457, 16.692359], [121.802805, 16.692359], [121.802805, 16.691012], [121.801457, 16.691012], [121.801457, 16.689664], [121.798762, 16.689664], [121.798762, 16.688317], [121.80011, 16.688317], [121.80011, 16.686969], [121.804152, 16.686969], [121.804152, 16.685622], [121.797415, 16.685622], [121.797415, 16.684274], [121.798762, 16.684274], [121.798762, 16.682927], [121.80011, 16.682927], [121.80011, 16.681579], [121.801457, 16.681579], [121.801457, 16.680232], [121.802805, 16.680232], [121.802805, 16.678884], [121.80011, 16.678884], [121.80011, 16.677537], [121.798762, 16.677537], [121.798762, 16.680232], [121.797415, 16.680232], [121.797415, 16.682927], [121.796067, 16.682927], [121.796067, 16.686969], [121.79472, 16.686969], [121.79472, 16.689664], [121.796067, 16.689664], [121.796067, 16.691012], [121.79472, 16.691012], [121.79472, 16.695054], [121.793372, 16.695054], [121.793372, 16.696401], [121.79472, 16.696401], [121.79472, 16.697749], [121.793372, 16.697749], [121.793372, 16.699096], [121.790677, 16.699096], [121.790677, 16.701791], [121.78933, 16.701791], [121.78933, 16.700444], [121.787982, 16.700444], [121.787982, 16.699096], [121.78933, 16.699096], [121.78933, 16.697749], [121.792025, 16.697749], [121.792025, 16.695054], [121.78933, 16.695054], [121.78933, 16.693707], [121.786635, 16.693707], [121.786635, 16.692359], [121.787982, 16.692359], [121.787982, 16.689664], [121.786635, 16.689664], [121.786635, 16.688317], [121.787982, 16.688317], [121.787982, 16.686969], [121.78933, 16.686969], [121.78933, 16.685622], [121.790677, 16.685622], [121.790677, 16.686969], [121.793372, 16.686969], [121.793372, 16.685622], [121.792025, 16.685622], [121.792025, 16.684274], [121.78933, 16.684274], [121.78933, 16.680232], [121.79472, 16.680232], [121.79472, 16.678884], [121.792025, 16.678884], [121.792025, 16.677537], [121.796067, 16.677537], [121.796067, 16.676189], [121.797415, 16.676189], [121.797415, 16.674842], [121.798762, 16.674842], [121.798762, 16.673494], [121.796067, 16.673494], [121.796067, 16.670799], [121.797415, 16.670799], [121.797415, 16.672147], [121.801457, 16.672147], [121.801457, 16.673494], [121.802805, 16.673494], [121.802805, 16.670799], [121.804152, 16.670799], [121.804152, 16.669452], [121.8055, 16.669452], [121.8055, 16.670799], [121.808195, 16.670799], [121.808195, 16.669452], [121.81089, 16.669452], [121.81089, 16.668105], [121.808195, 16.668105], [121.808195, 16.666757], [121.8055, 16.666757], [121.8055, 16.668105], [121.804152, 16.668105], [121.804152, 16.666757], [121.801457, 16.666757], [121.801457, 16.66541], [121.80011, 16.66541], [121.80011, 16.666757], [121.798762, 16.666757], [121.798762, 16.664062], [121.8055, 16.664062], [121.8055, 16.661367], [121.809542, 16.661367], [121.809542, 16.66002], [121.806847, 16.66002], [121.806847, 16.657325], [121.81089, 16.657325], [121.81089, 16.655977], [121.812237, 16.655977], [121.812237, 16.65463], [121.813584, 16.65463], [121.813584, 16.650587], [121.812237, 16.650587], [121.812237, 16.653282], [121.81089, 16.653282], [121.81089, 16.65463], [121.809542, 16.65463], [121.809542, 16.655977], [121.808195, 16.655977], [121.808195, 16.653282], [121.806847, 16.653282], [121.806847, 16.655977], [121.804152, 16.655977], [121.804152, 16.658672], [121.8055, 16.658672], [121.8055, 16.66002], [121.804152, 16.66002], [121.804152, 16.661367], [121.802805, 16.661367], [121.802805, 16.66002], [121.801457, 16.66002], [121.801457, 16.657325], [121.80011, 16.657325], [121.80011, 16.655977], [121.801457, 16.655977], [121.801457, 16.65463], [121.798762, 16.65463], [121.798762, 16.655977], [121.797415, 16.655977], [121.797415, 16.653282], [121.796067, 16.653282], [121.796067, 16.657325], [121.798762, 16.657325], [121.798762, 16.66002], [121.797415, 16.66002], [121.797415, 16.661367], [121.796067, 16.661367], [121.796067, 16.66002], [121.79472, 16.66002], [121.79472, 16.658672], [121.793372, 16.658672], [121.793372, 16.657325], [121.792025, 16.657325], [121.792025, 16.66002], [121.793372, 16.66002], [121.793372, 16.661367], [121.79472, 16.661367], [121.79472, 16.662715], [121.792025, 16.662715], [121.792025, 16.666757], [121.793372, 16.666757], [121.793372, 16.668105], [121.792025, 16.668105], [121.792025, 16.669452], [121.790677, 16.669452], [121.790677, 16.664062], [121.787982, 16.664062], [121.787982, 16.661367], [121.78933, 16.661367], [121.78933, 16.657325], [121.787982, 16.657325], [121.787982, 16.655977], [121.786635, 16.655977], [121.786635, 16.657325], [121.78394, 16.657325], [121.78394, 16.655977], [121.782593, 16.655977], [121.782593, 16.657325], [121.779898, 16.657325], [121.779898, 16.658672], [121.77855, 16.658672], [121.77855, 16.657325], [121.777203, 16.657325], [121.777203, 16.655977], [121.77855, 16.655977], [121.77855, 16.65463], [121.775855, 16.65463], [121.775855, 16.655977], [121.774508, 16.655977], [121.774508, 16.653282], [121.775855, 16.653282], [121.775855, 16.651935], [121.77316, 16.651935], [121.77316, 16.653282], [121.771813, 16.653282], [121.771813, 16.65463], [121.770465, 16.65463], [121.770465, 16.651935], [121.771813, 16.651935], [121.771813, 16.650587], [121.77316, 16.650587], [121.77316, 16.64924], [121.774508, 16.64924], [121.774508, 16.650587], [121.775855, 16.650587], [121.775855, 16.647892], [121.77855, 16.647892], [121.77855, 16.646545], [121.774508, 16.646545], [121.774508, 16.647892], [121.771813, 16.647892], [121.771813, 16.646545], [121.770465, 16.646545], [121.770465, 16.645197], [121.775855, 16.645197], [121.775855, 16.64385], [121.77316, 16.64385], [121.77316, 16.642503], [121.771813, 16.642503], [121.771813, 16.641155], [121.775855, 16.641155], [121.775855, 16.639808], [121.77316, 16.639808], [121.77316, 16.63846], [121.775855, 16.63846], [121.775855, 16.637113], [121.777203, 16.637113], [121.777203, 16.63846], [121.77855, 16.63846], [121.77855, 16.641155], [121.779898, 16.641155], [121.779898, 16.63846], [121.781245, 16.63846], [121.781245, 16.637113], [121.782593, 16.637113], [121.782593, 16.635765], [121.77855, 16.635765], [121.77855, 16.634418], [121.779898, 16.634418], [121.779898, 16.63307], [121.782593, 16.63307], [121.782593, 16.634418], [121.78394, 16.634418], [121.78394, 16.63307], [121.785288, 16.63307], [121.785288, 16.634418], [121.790677, 16.634418], [121.790677, 16.63307], [121.78933, 16.63307], [121.78933, 16.631723], [121.786635, 16.631723], [121.786635, 16.629028], [121.787982, 16.629028], [121.787982, 16.624985], [121.785288, 16.624985], [121.785288, 16.626333], [121.78394, 16.626333], [121.78394, 16.62768], [121.781245, 16.62768], [121.781245, 16.626333], [121.782593, 16.626333], [121.782593, 16.624985], [121.779898, 16.624985], [121.779898, 16.62768], [121.77855, 16.62768], [121.77855, 16.629028], [121.781245, 16.629028], [121.781245, 16.630375], [121.779898, 16.630375], [121.779898, 16.631723], [121.775855, 16.631723], [121.775855, 16.634418], [121.771813, 16.634418], [121.771813, 16.63307], [121.77316, 16.63307], [121.77316, 16.629028], [121.771813, 16.629028], [121.771813, 16.631723], [121.770465, 16.631723], [121.770465, 16.630375], [121.76777, 16.630375], [121.76777, 16.629028], [121.765075, 16.629028], [121.765075, 16.630375], [121.763728, 16.630375], [121.763728, 16.624985], [121.765075, 16.624985], [121.765075, 16.626333], [121.766423, 16.626333], [121.766423, 16.624985], [121.770465, 16.624985], [121.770465, 16.623638], [121.76777, 16.623638], [121.76777, 16.62229], [121.766423, 16.62229], [121.766423, 16.623638], [121.763728, 16.623638], [121.763728, 16.614206], [121.762381, 16.614206], [121.762381, 16.618248], [121.759686, 16.618248], [121.759686, 16.619596], [121.761033, 16.619596], [121.761033, 16.620943], [121.759686, 16.620943], [121.759686, 16.623638], [121.761033, 16.623638], [121.761033, 16.626333], [121.759686, 16.626333], [121.759686, 16.62768], [121.761033, 16.62768], [121.761033, 16.629028], [121.756991, 16.629028], [121.756991, 16.630375], [121.761033, 16.630375], [121.761033, 16.631723], [121.758338, 16.631723], [121.758338, 16.63307], [121.761033, 16.63307], [121.761033, 16.634418], [121.758338, 16.634418], [121.758338, 16.635765], [121.756991, 16.635765], [121.756991, 16.637113], [121.761033, 16.637113], [121.761033, 16.635765], [121.762381, 16.635765], [121.762381, 16.63307], [121.765075, 16.63307], [121.765075, 16.631723], [121.766423, 16.631723], [121.766423, 16.63307], [121.76777, 16.63307], [121.76777, 16.637113], [121.769118, 16.637113], [121.769118, 16.63846], [121.766423, 16.63846], [121.766423, 16.642503], [121.765075, 16.642503], [121.765075, 16.645197], [121.76777, 16.645197], [121.76777, 16.647892], [121.766423, 16.647892], [121.766423, 16.646545], [121.763728, 16.646545], [121.763728, 16.650587], [121.762381, 16.650587], [121.762381, 16.647892], [121.761033, 16.647892], [121.761033, 16.64924], [121.759686, 16.64924], [121.759686, 16.650587], [121.756991, 16.650587], [121.756991, 16.64924], [121.755643, 16.64924], [121.755643, 16.647892], [121.754296, 16.647892], [121.754296, 16.64924], [121.752948, 16.64924], [121.752948, 16.646545], [121.751601, 16.646545], [121.751601, 16.650587], [121.752948, 16.650587], [121.752948, 16.651935], [121.751601, 16.651935], [121.751601, 16.65463], [121.752948, 16.65463], [121.752948, 16.653282], [121.756991, 16.653282], [121.756991, 16.65463], [121.755643, 16.65463], [121.755643, 16.655977], [121.756991, 16.655977], [121.756991, 16.658672], [121.758338, 16.658672], [121.758338, 16.657325], [121.759686, 16.657325], [121.759686, 16.661367], [121.761033, 16.661367], [121.761033, 16.658672], [121.763728, 16.658672], [121.763728, 16.66002], [121.765075, 16.66002], [121.765075, 16.658672], [121.766423, 16.658672], [121.766423, 16.661367], [121.762381, 16.661367], [121.762381, 16.662715], [121.759686, 16.662715], [121.759686, 16.664062], [121.758338, 16.664062], [121.758338, 16.666757], [121.761033, 16.666757], [121.761033, 16.664062], [121.762381, 16.664062], [121.762381, 16.666757], [121.765075, 16.666757], [121.765075, 16.668105], [121.763728, 16.668105], [121.763728, 16.670799], [121.758338, 16.670799], [121.758338, 16.669452], [121.756991, 16.669452], [121.756991, 16.670799], [121.755643, 16.670799], [121.755643, 16.672147], [121.758338, 16.672147], [121.758338, 16.673494], [121.756991, 16.673494], [121.756991, 16.674842], [121.759686, 16.674842], [121.759686, 16.676189], [121.762381, 16.676189], [121.762381, 16.677537], [121.763728, 16.677537], [121.763728, 16.678884], [121.766423, 16.678884], [121.766423, 16.677537], [121.76777, 16.677537], [121.76777, 16.680232], [121.759686, 16.680232], [121.759686, 16.678884], [121.758338, 16.678884], [121.758338, 16.680232], [121.756991, 16.680232], [121.756991, 16.676189], [121.755643, 16.676189], [121.755643, 16.673494], [121.752948, 16.673494], [121.752948, 16.670799], [121.751601, 16.670799], [121.751601, 16.669452], [121.752948, 16.669452], [121.752948, 16.668105], [121.751601, 16.668105], [121.751601, 16.66541], [121.748906, 16.66541], [121.748906, 16.664062], [121.750253, 16.664062], [121.750253, 16.662715], [121.751601, 16.662715], [121.751601, 16.661367], [121.752948, 16.661367], [121.752948, 16.658672], [121.751601, 16.658672], [121.751601, 16.657325], [121.748906, 16.657325], [121.748906, 16.658672], [121.747558, 16.658672], [121.747558, 16.655977], [121.748906, 16.655977], [121.748906, 16.65463], [121.747558, 16.65463], [121.747558, 16.653282], [121.748906, 16.653282], [121.748906, 16.651935], [121.750253, 16.651935], [121.750253, 16.64924], [121.747558, 16.64924], [121.747558, 16.647892], [121.744863, 16.647892], [121.744863, 16.64924], [121.743516, 16.64924], [121.743516, 16.645197], [121.744863, 16.645197], [121.744863, 16.64385], [121.743516, 16.64385], [121.743516, 16.642503], [121.744863, 16.642503], [121.744863, 16.63846], [121.742168, 16.63846], [121.742168, 16.641155], [121.740821, 16.641155], [121.740821, 16.639808], [121.738126, 16.639808], [121.738126, 16.641155], [121.736779, 16.641155], [121.736779, 16.642503], [121.735431, 16.642503], [121.735431, 16.641155], [121.734084, 16.641155], [121.734084, 16.63846], [121.732736, 16.63846], [121.732736, 16.634418], [121.734084, 16.634418], [121.734084, 16.635765], [121.735431, 16.635765], [121.735431, 16.637113], [121.736779, 16.637113], [121.736779, 16.635765], [121.739473, 16.635765], [121.739473, 16.634418], [121.736779, 16.634418], [121.736779, 16.63307], [121.738126, 16.63307], [121.738126, 16.630375], [121.736779, 16.630375], [121.736779, 16.631723], [121.735431, 16.631723], [121.735431, 16.630375], [121.734084, 16.630375], [121.734084, 16.631723], [121.732736, 16.631723], [121.732736, 16.630375], [121.730041, 16.630375], [121.730041, 16.629028], [121.728694, 16.629028], [121.728694, 16.626333], [121.730041, 16.626333], [121.730041, 16.624985], [121.731389, 16.624985], [121.731389, 16.620943], [121.730041, 16.620943], [121.730041, 16.623638], [121.728694, 16.623638], [121.728694, 16.624985], [121.727346, 16.624985], [121.727346, 16.62768], [121.725999, 16.62768], [121.725999, 16.629028], [121.723304, 16.629028], [121.723304, 16.630375], [121.725999, 16.630375], [121.725999, 16.631723], [121.730041, 16.631723], [121.730041, 16.63307], [121.728694, 16.63307], [121.728694, 16.634418], [121.727346, 16.634418], [121.727346, 16.635765], [121.725999, 16.635765], [121.725999, 16.634418], [121.724651, 16.634418], [121.724651, 16.635765], [121.723304, 16.635765], [121.723304, 16.634418], [121.721956, 16.634418], [121.721956, 16.63307], [121.720609, 16.63307], [121.720609, 16.635765], [121.721956, 16.635765], [121.721956, 16.637113], [121.717914, 16.637113], [121.717914, 16.63846], [121.725999, 16.63846], [121.725999, 16.642503], [121.721956, 16.642503], [121.721956, 16.641155], [121.720609, 16.641155], [121.720609, 16.642503], [121.717914, 16.642503], [121.717914, 16.64385], [121.720609, 16.64385], [121.720609, 16.646545], [121.724651, 16.646545], [121.724651, 16.647892], [121.725999, 16.647892], [121.725999, 16.64924], [121.720609, 16.64924], [121.720609, 16.650587], [121.721956, 16.650587], [121.721956, 16.651935], [121.724651, 16.651935], [121.724651, 16.653282], [121.725999, 16.653282], [121.725999, 16.651935], [121.728694, 16.651935], [121.728694, 16.653282], [121.727346, 16.653282], [121.727346, 16.65463], [121.723304, 16.65463], [121.723304, 16.655977], [121.721956, 16.655977], [121.721956, 16.657325], [121.720609, 16.657325], [121.720609, 16.653282], [121.719261, 16.653282], [121.719261, 16.65463], [121.717914, 16.65463], [121.717914, 16.651935], [121.719261, 16.651935], [121.719261, 16.650587], [121.717914, 16.650587], [121.717914, 16.64924], [121.715219, 16.64924], [121.715219, 16.65463], [121.712524, 16.65463], [121.712524, 16.64385], [121.715219, 16.64385], [121.715219, 16.641155], [121.713871, 16.641155], [121.713871, 16.639808], [121.711177, 16.639808], [121.711177, 16.642503], [121.707134, 16.642503], [121.707134, 16.641155], [121.708482, 16.641155], [121.708482, 16.637113], [121.704439, 16.637113], [121.704439, 16.63307], [121.707134, 16.63307], [121.707134, 16.631723], [121.701744, 16.631723], [121.701744, 16.634418], [121.700397, 16.634418], [121.700397, 16.635765], [121.699049, 16.635765], [121.699049, 16.634418], [121.697702, 16.634418], [121.697702, 16.63307], [121.700397, 16.63307], [121.700397, 16.630375], [121.699049, 16.630375], [121.699049, 16.629028], [121.701744, 16.629028], [121.701744, 16.62768], [121.700397, 16.62768], [121.700397, 16.624985], [121.701744, 16.624985], [121.701744, 16.626333], [121.703092, 16.626333], [121.703092, 16.623638], [121.704439, 16.623638], [121.704439, 16.624985], [121.705787, 16.624985], [121.705787, 16.626333], [121.708482, 16.626333], [121.708482, 16.624985], [121.707134, 16.624985], [121.707134, 16.623638], [121.708482, 16.623638], [121.708482, 16.619596], [121.707134, 16.619596], [121.707134, 16.62229], [121.705787, 16.62229], [121.705787, 16.619596], [121.703092, 16.619596], [121.703092, 16.620943], [121.700397, 16.620943], [121.700397, 16.619596], [121.699049, 16.619596], [121.699049, 16.620943], [121.697702, 16.620943], [121.697702, 16.62229], [121.695007, 16.62229], [121.695007, 16.620943], [121.696354, 16.620943], [121.696354, 16.618248], [121.699049, 16.618248], [121.699049, 16.616901], [121.700397, 16.616901], [121.700397, 16.614206], [121.703092, 16.614206], [121.703092, 16.612858], [121.705787, 16.612858], [121.705787, 16.611511], [121.707134, 16.611511], [121.707134, 16.608816], [121.704439, 16.608816], [121.704439, 16.607468], [121.701744, 16.607468], [121.701744, 16.606121], [121.703092, 16.606121], [121.703092, 16.604773], [121.700397, 16.604773], [121.700397, 16.602078], [121.699049, 16.602078], [121.699049, 16.600731], [121.696354, 16.600731], [121.696354, 16.596688], [121.697702, 16.596688], [121.697702, 16.599383], [121.700397, 16.599383], [121.700397, 16.598036], [121.701744, 16.598036], [121.701744, 16.600731], [121.703092, 16.600731], [121.703092, 16.599383], [121.704439, 16.599383], [121.704439, 16.603426], [121.705787, 16.603426], [121.705787, 16.600731], [121.707134, 16.600731], [121.707134, 16.603426], [121.708482, 16.603426], [121.708482, 16.604773], [121.711177, 16.604773], [121.711177, 16.607468], [121.715219, 16.607468], [121.715219, 16.606121], [121.716566, 16.606121], [121.716566, 16.604773], [121.717914, 16.604773], [121.717914, 16.606121], [121.720609, 16.606121], [121.720609, 16.602078], [121.719261, 16.602078], [121.719261, 16.603426], [121.715219, 16.603426], [121.715219, 16.604773], [121.712524, 16.604773], [121.712524, 16.603426], [121.711177, 16.603426], [121.711177, 16.600731], [121.713871, 16.600731], [121.713871, 16.598036], [121.709829, 16.598036], [121.709829, 16.596688], [121.707134, 16.596688], [121.707134, 16.593994], [121.708482, 16.593994], [121.708482, 16.592646], [121.712524, 16.592646], [121.712524, 16.591299], [121.709829, 16.591299], [121.709829, 16.589951], [121.708482, 16.589951], [121.708482, 16.591299], [121.701744, 16.591299], [121.701744, 16.589951], [121.707134, 16.589951], [121.707134, 16.588604], [121.705787, 16.588604], [121.705787, 16.587256], [121.703092, 16.587256], [121.703092, 16.588604], [121.700397, 16.588604], [121.700397, 16.584561], [121.701744, 16.584561], [121.701744, 16.583214], [121.703092, 16.583214], [121.703092, 16.584561], [121.704439, 16.584561], [121.704439, 16.581866], [121.700397, 16.581866], [121.700397, 16.583214], [121.699049, 16.583214], [121.699049, 16.580519], [121.696354, 16.580519], [121.696354, 16.583214], [121.693659, 16.583214], [121.693659, 16.581866], [121.690964, 16.581866], [121.690964, 16.580519], [121.689617, 16.580519], [121.689617, 16.576476], [121.690964, 16.576476], [121.690964, 16.575129], [121.689617, 16.575129], [121.689617, 16.573781], [121.692312, 16.573781], [121.692312, 16.569739], [121.690964, 16.569739], [121.690964, 16.568392], [121.693659, 16.568392], [121.693659, 16.567044], [121.692312, 16.567044], [121.692312, 16.565697], [121.690964, 16.565697], [121.690964, 16.563002], [121.692312, 16.563002], [121.692312, 16.561654], [121.693659, 16.561654], [121.693659, 16.563002], [121.697702, 16.563002], [121.697702, 16.564349], [121.700397, 16.564349], [121.700397, 16.567044], [121.703092, 16.567044], [121.703092, 16.568392], [121.705787, 16.568392], [121.705787, 16.569739], [121.707134, 16.569739], [121.707134, 16.568392], [121.711177, 16.568392], [121.711177, 16.569739], [121.713871, 16.569739], [121.713871, 16.571086], [121.716566, 16.571086], [121.716566, 16.568392], [121.720609, 16.568392], [121.720609, 16.569739], [121.721956, 16.569739], [121.721956, 16.571086], [121.723304, 16.571086], [121.723304, 16.572434], [121.725999, 16.572434], [121.725999, 16.575129], [121.732736, 16.575129], [121.732736, 16.573781], [121.734084, 16.573781], [121.734084, 16.572434], [121.735431, 16.572434], [121.735431, 16.571086], [121.736779, 16.571086], [121.736779, 16.569739], [121.738126, 16.569739], [121.738126, 16.561654], [121.739473, 16.561654], [121.739473, 16.558959], [121.740821, 16.558959], [121.740821, 16.560307], [121.742168, 16.560307], [121.742168, 16.561654], [121.744863, 16.561654], [121.744863, 16.563002], [121.747558, 16.563002], [121.747558, 16.564349], [121.748906, 16.564349], [121.748906, 16.561654], [121.750253, 16.561654], [121.750253, 16.560307], [121.751601, 16.560307], [121.751601, 16.558959], [121.747558, 16.558959], [121.747558, 16.557612], [121.746211, 16.557612], [121.746211, 16.556264], [121.744863, 16.556264], [121.744863, 16.554917], [121.743516, 16.554917], [121.743516, 16.556264], [121.742168, 16.556264], [121.742168, 16.554917], [121.739473, 16.554917], [121.739473, 16.556264], [121.738126, 16.556264], [121.738126, 16.554917], [121.736779, 16.554917], [121.736779, 16.556264], [121.734084, 16.556264], [121.734084, 16.557612], [121.735431, 16.557612], [121.735431, 16.558959], [121.732736, 16.558959], [121.732736, 16.556264], [121.730041, 16.556264], [121.730041, 16.554917], [121.731389, 16.554917], [121.731389, 16.552222], [121.730041, 16.552222], [121.730041, 16.549527], [121.728694, 16.549527], [121.728694, 16.548179], [121.727346, 16.548179], [121.727346, 16.546832], [121.725999, 16.546832], [121.725999, 16.54279], [121.724651, 16.54279], [121.724651, 16.541442], [121.725999, 16.541442], [121.725999, 16.538747], [121.731389, 16.538747], [121.731389, 16.5374], [121.732736, 16.5374], [121.732736, 16.538747], [121.739473, 16.538747], [121.739473, 16.540095], [121.750253, 16.540095], [121.750253, 16.538747], [121.751601, 16.538747], [121.751601, 16.53201], [121.752948, 16.53201], [121.752948, 16.527967], [121.754296, 16.527967], [121.754296, 16.52662], [121.755643, 16.52662], [121.755643, 16.523925], [121.756991, 16.523925], [121.756991, 16.52123], [121.755643, 16.52123], [121.755643, 16.518535], [121.754296, 16.518535], [121.754296, 16.511798], [121.755643, 16.511798], [121.755643, 16.51045], [121.756991, 16.51045], [121.756991, 16.498323], [121.761033, 16.498323], [121.761033, 16.501018], [121.762381, 16.501018], [121.762381, 16.50506], [121.761033, 16.50506], [121.761033, 16.507755], [121.759686, 16.507755], [121.759686, 16.514493], [121.758338, 16.514493], [121.758338, 16.518535], [121.761033, 16.518535], [121.761033, 16.517188], [121.762381, 16.517188], [121.762381, 16.51584], [121.763728, 16.51584], [121.763728, 16.513145], [121.765075, 16.513145], [121.765075, 16.511798], [121.762381, 16.511798], [121.762381, 16.507755], [121.763728, 16.507755], [121.763728, 16.49967], [121.762381, 16.49967], [121.762381, 16.496975], [121.761033, 16.496975], [121.761033, 16.494281], [121.759686, 16.494281], [121.759686, 16.495628], [121.756991, 16.495628], [121.756991, 16.496975], [121.754296, 16.496975], [121.754296, 16.495628], [121.752948, 16.495628], [121.752948, 16.498323], [121.754296, 16.498323], [121.754296, 16.49967], [121.755643, 16.49967], [121.755643, 16.50506], [121.754296, 16.50506], [121.754296, 16.51045], [121.752948, 16.51045], [121.752948, 16.513145], [121.751601, 16.513145], [121.751601, 16.518535], [121.752948, 16.518535], [121.752948, 16.523925], [121.751601, 16.523925], [121.751601, 16.52662], [121.750253, 16.52662], [121.750253, 16.527967], [121.747558, 16.527967], [121.747558, 16.529315], [121.746211, 16.529315], [121.746211, 16.530662], [121.740821, 16.530662], [121.740821, 16.53201], [121.739473, 16.53201], [121.739473, 16.529315], [121.740821, 16.529315], [121.740821, 16.527967], [121.742168, 16.527967], [121.742168, 16.52662], [121.743516, 16.52662], [121.743516, 16.525272], [121.740821, 16.525272], [121.740821, 16.52662], [121.738126, 16.52662], [121.738126, 16.529315], [121.735431, 16.529315], [121.735431, 16.527967], [121.732736, 16.527967], [121.732736, 16.52662], [121.731389, 16.52662], [121.731389, 16.527967], [121.730041, 16.527967], [121.730041, 16.52662], [121.727346, 16.52662], [121.727346, 16.527967], [121.725999, 16.527967], [121.725999, 16.52662], [121.723304, 16.52662], [121.723304, 16.525272], [121.720609, 16.525272], [121.720609, 16.523925], [121.717914, 16.523925], [121.717914, 16.525272], [121.713871, 16.525272], [121.713871, 16.52662], [121.712524, 16.52662], [121.712524, 16.530662], [121.715219, 16.530662], [121.715219, 16.53201], [121.716566, 16.53201], [121.716566, 16.533357], [121.717914, 16.533357], [121.717914, 16.534705], [121.719261, 16.534705], [121.719261, 16.5374], [121.720609, 16.5374], [121.720609, 16.540095], [121.719261, 16.540095], [121.719261, 16.552222], [121.720609, 16.552222], [121.720609, 16.554917], [121.721956, 16.554917], [121.721956, 16.556264], [121.719261, 16.556264], [121.719261, 16.554917], [121.717914, 16.554917], [121.717914, 16.553569], [121.716566, 16.553569], [121.716566, 16.552222], [121.715219, 16.552222], [121.715219, 16.550874], [121.713871, 16.550874], [121.713871, 16.549527], [121.712524, 16.549527], [121.712524, 16.545484], [121.713871, 16.545484], [121.713871, 16.54279], [121.712524, 16.54279], [121.712524, 16.544137], [121.709829, 16.544137], [121.709829, 16.54279], [121.707134, 16.54279], [121.707134, 16.540095], [121.705787, 16.540095], [121.705787, 16.538747], [121.701744, 16.538747], [121.701744, 16.540095], [121.696354, 16.540095], [121.696354, 16.538747], [121.697702, 16.538747], [121.697702, 16.5374], [121.696354, 16.5374], [121.696354, 16.534705], [121.695007, 16.534705], [121.695007, 16.536052], [121.689617, 16.536052], [121.689617, 16.538747], [121.690964, 16.538747], [121.690964, 16.541442], [121.688269, 16.541442], [121.688269, 16.540095], [121.686922, 16.540095], [121.686922, 16.5374], [121.685575, 16.5374], [121.685575, 16.533357], [121.686922, 16.533357], [121.686922, 16.530662], [121.685575, 16.530662], [121.685575, 16.53201], [121.684227, 16.53201], [121.684227, 16.533357], [121.681532, 16.533357], [121.681532, 16.53201], [121.680185, 16.53201], [121.680185, 16.534705], [121.678837, 16.534705], [121.678837, 16.533357], [121.67749, 16.533357], [121.67749, 16.530662], [121.676142, 16.530662], [121.676142, 16.529315], [121.674795, 16.529315], [121.674795, 16.52662], [121.681532, 16.52662], [121.681532, 16.523925], [121.68288, 16.523925], [121.68288, 16.522577], [121.681532, 16.522577], [121.681532, 16.52123], [121.684227, 16.52123], [121.684227, 16.518535], [121.681532, 16.518535], [121.681532, 16.514493], [121.684227, 16.514493], [121.684227, 16.513145], [121.68288, 16.513145], [121.68288, 16.511798], [121.681532, 16.511798], [121.681532, 16.51045], [121.680185, 16.51045], [121.680185, 16.509103], [121.68288, 16.509103], [121.68288, 16.51045], [121.684227, 16.51045], [121.684227, 16.509103], [121.688269, 16.509103], [121.688269, 16.507755], [121.685575, 16.507755], [121.685575, 16.50506], [121.684227, 16.50506], [121.684227, 16.506408], [121.681532, 16.506408], [121.681532, 16.50506], [121.680185, 16.50506], [121.680185, 16.503713], [121.681532, 16.503713], [121.681532, 16.49967], [121.678837, 16.49967], [121.678837, 16.501018], [121.676142, 16.501018], [121.676142, 16.49967], [121.674795, 16.49967], [121.674795, 16.495628], [121.673447, 16.495628], [121.673447, 16.494281], [121.670752, 16.494281], [121.670752, 16.492933], [121.669405, 16.492933], [121.669405, 16.491586], [121.668057, 16.491586], [121.668057, 16.488891], [121.669405, 16.488891], [121.669405, 16.487543], [121.668057, 16.487543], [121.668057, 16.486196], [121.665362, 16.486196], [121.665362, 16.484848], [121.664015, 16.484848], [121.664015, 16.483501], [121.662668, 16.483501], [121.662668, 16.478111], [121.66132, 16.478111], [121.66132, 16.476763], [121.662668, 16.476763], [121.662668, 16.474068], [121.66132, 16.474068], [121.66132, 16.471373], [121.662668, 16.471373], [121.662668, 16.468679], [121.659973, 16.468679], [121.659973, 16.467331], [121.651888, 16.467331], [121.651888, 16.468679], [121.657278, 16.468679], [121.657278, 16.470026], [121.658625, 16.470026], [121.658625, 16.474068], [121.657278, 16.474068], [121.657278, 16.475416], [121.659973, 16.475416], [121.659973, 16.478111], [121.657278, 16.478111], [121.657278, 16.480806], [121.653235, 16.480806], [121.653235, 16.482153], [121.651888, 16.482153], [121.651888, 16.483501], [121.65593, 16.483501], [121.65593, 16.484848], [121.654583, 16.484848], [121.654583, 16.486196], [121.662668, 16.486196], [121.662668, 16.491586], [121.66132, 16.491586], [121.66132, 16.490238], [121.659973, 16.490238], [121.659973, 16.487543], [121.657278, 16.487543], [121.657278, 16.492933], [121.665362, 16.492933], [121.665362, 16.494281], [121.668057, 16.494281], [121.668057, 16.496975], [121.669405, 16.496975], [121.669405, 16.49967], [121.670752, 16.49967], [121.670752, 16.50506], [121.6721, 16.50506], [121.6721, 16.513145], [121.670752, 16.513145], [121.670752, 16.511798], [121.669405, 16.511798], [121.669405, 16.509103], [121.66671, 16.509103], [121.66671, 16.507755], [121.665362, 16.507755], [121.665362, 16.509103], [121.664015, 16.509103], [121.664015, 16.51045], [121.662668, 16.51045], [121.662668, 16.511798], [121.668057, 16.511798], [121.668057, 16.513145], [121.664015, 16.513145], [121.664015, 16.514493], [121.662668, 16.514493], [121.662668, 16.517188], [121.664015, 16.517188], [121.664015, 16.518535], [121.665362, 16.518535], [121.665362, 16.523925], [121.66671, 16.523925], [121.66671, 16.525272], [121.664015, 16.525272], [121.664015, 16.523925], [121.662668, 16.523925], [121.662668, 16.522577], [121.66132, 16.522577], [121.66132, 16.52123], [121.659973, 16.52123], [121.659973, 16.523925], [121.658625, 16.523925], [121.658625, 16.522577], [121.657278, 16.522577], [121.657278, 16.52123], [121.653235, 16.52123], [121.653235, 16.519883], [121.651888, 16.519883], [121.651888, 16.517188], [121.65054, 16.517188], [121.65054, 16.522577], [121.653235, 16.522577], [121.653235, 16.523925], [121.657278, 16.523925], [121.657278, 16.52662], [121.658625, 16.52662], [121.658625, 16.527967], [121.66132, 16.527967], [121.66132, 16.530662], [121.662668, 16.530662], [121.662668, 16.534705], [121.66132, 16.534705], [121.66132, 16.536052], [121.659973, 16.536052], [121.659973, 16.5374], [121.658625, 16.5374], [121.658625, 16.54279], [121.659973, 16.54279], [121.659973, 16.544137], [121.662668, 16.544137], [121.662668, 16.546832], [121.659973, 16.546832], [121.659973, 16.548179], [121.657278, 16.548179], [121.657278, 16.546832], [121.65593, 16.546832], [121.65593, 16.545484], [121.657278, 16.545484], [121.657278, 16.544137], [121.65593, 16.544137], [121.65593, 16.541442], [121.651888, 16.541442], [121.651888, 16.54279], [121.649193, 16.54279], [121.649193, 16.544137], [121.64515, 16.544137], [121.64515, 16.54279], [121.643803, 16.54279], [121.643803, 16.544137], [121.63976, 16.544137], [121.63976, 16.545484], [121.642455, 16.545484], [121.642455, 16.546832], [121.643803, 16.546832], [121.643803, 16.548179], [121.642455, 16.548179], [121.642455, 16.549527], [121.64515, 16.549527], [121.64515, 16.548179], [121.646498, 16.548179], [121.646498, 16.549527], [121.647845, 16.549527], [121.647845, 16.550874], [121.649193, 16.550874], [121.649193, 16.546832], [121.653235, 16.546832], [121.653235, 16.548179], [121.65054, 16.548179], [121.65054, 16.550874], [121.653235, 16.550874], [121.653235, 16.552222], [121.651888, 16.552222], [121.651888, 16.553569], [121.653235, 16.553569], [121.653235, 16.554917], [121.657278, 16.554917], [121.657278, 16.556264], [121.65593, 16.556264], [121.65593, 16.560307], [121.657278, 16.560307], [121.657278, 16.558959], [121.659973, 16.558959], [121.659973, 16.560307], [121.66132, 16.560307], [121.66132, 16.557612], [121.662668, 16.557612], [121.662668, 16.563002], [121.664015, 16.563002], [121.664015, 16.561654], [121.665362, 16.561654], [121.665362, 16.564349], [121.664015, 16.564349], [121.664015, 16.565697], [121.662668, 16.565697], [121.662668, 16.571086], [121.664015, 16.571086], [121.664015, 16.572434], [121.66132, 16.572434], [121.66132, 16.575129], [121.662668, 16.575129], [121.662668, 16.581866], [121.665362, 16.581866], [121.665362, 16.583214], [121.66671, 16.583214], [121.66671, 16.584561], [121.668057, 16.584561], [121.668057, 16.585909], [121.66671, 16.585909], [121.66671, 16.591299], [121.668057, 16.591299], [121.668057, 16.593994], [121.665362, 16.593994], [121.665362, 16.595341], [121.664015, 16.595341], [121.664015, 16.598036], [121.662668, 16.598036], [121.662668, 16.599383], [121.66132, 16.599383], [121.66132, 16.596688], [121.662668, 16.596688], [121.662668, 16.593994], [121.659973, 16.593994], [121.659973, 16.592646], [121.66132, 16.592646], [121.66132, 16.591299], [121.659973, 16.591299], [121.659973, 16.588604], [121.66132, 16.588604], [121.66132, 16.587256], [121.659973, 16.587256], [121.659973, 16.585909], [121.66132, 16.585909], [121.66132, 16.584561], [121.658625, 16.584561], [121.658625, 16.583214], [121.66132, 16.583214], [121.66132, 16.581866], [121.65593, 16.581866], [121.65593, 16.580519], [121.654583, 16.580519], [121.654583, 16.581866], [121.65054, 16.581866], [121.65054, 16.583214], [121.651888, 16.583214], [121.651888, 16.584561], [121.653235, 16.584561], [121.653235, 16.583214], [121.65593, 16.583214], [121.65593, 16.585909], [121.657278, 16.585909], [121.657278, 16.587256], [121.65593, 16.587256], [121.65593, 16.588604], [121.653235, 16.588604], [121.653235, 16.591299], [121.654583, 16.591299], [121.654583, 16.592646], [121.65593, 16.592646], [121.65593, 16.593994], [121.653235, 16.593994], [121.653235, 16.596688], [121.654583, 16.596688], [121.654583, 16.600731], [121.65593, 16.600731], [121.65593, 16.603426], [121.654583, 16.603426], [121.654583, 16.611511], [121.65593, 16.611511], [121.65593, 16.615553], [121.653235, 16.615553], [121.653235, 16.614206], [121.651888, 16.614206], [121.651888, 16.610163], [121.65054, 16.610163], [121.65054, 16.616901], [121.649193, 16.616901], [121.649193, 16.618248], [121.643803, 16.618248], [121.643803, 16.615553], [121.642455, 16.615553], [121.642455, 16.616901], [121.638413, 16.616901], [121.638413, 16.614206], [121.637066, 16.614206], [121.637066, 16.618248], [121.63976, 16.618248], [121.63976, 16.619596], [121.634371, 16.619596], [121.634371, 16.615553], [121.633023, 16.615553], [121.633023, 16.614206], [121.634371, 16.614206], [121.634371, 16.611511], [121.635718, 16.611511], [121.635718, 16.608816], [121.633023, 16.608816], [121.633023, 16.612858], [121.631676, 16.612858], [121.631676, 16.611511], [121.630328, 16.611511], [121.630328, 16.612858], [121.627633, 16.612858], [121.627633, 16.611511], [121.626286, 16.611511], [121.626286, 16.608816], [121.628981, 16.608816], [121.628981, 16.607468], [121.634371, 16.607468], [121.634371, 16.606121], [121.633023, 16.606121], [121.633023, 16.604773], [121.630328, 16.604773], [121.630328, 16.600731], [121.635718, 16.600731], [121.635718, 16.602078], [121.637066, 16.602078], [121.637066, 16.600731], [121.63976, 16.600731], [121.63976, 16.599383], [121.637066, 16.599383], [121.637066, 16.598036], [121.635718, 16.598036], [121.635718, 16.593994], [121.634371, 16.593994], [121.634371, 16.592646], [121.633023, 16.592646], [121.633023, 16.591299], [121.631676, 16.591299], [121.631676, 16.592646], [121.627633, 16.592646], [121.627633, 16.591299], [121.630328, 16.591299], [121.630328, 16.589951], [121.628981, 16.589951], [121.628981, 16.588604], [121.627633, 16.588604], [121.627633, 16.589951], [121.624938, 16.589951], [121.624938, 16.588604], [121.626286, 16.588604], [121.626286, 16.587256], [121.628981, 16.587256], [121.628981, 16.585909], [121.626286, 16.585909], [121.626286, 16.584561], [121.627633, 16.584561], [121.627633, 16.583214], [121.628981, 16.583214], [121.628981, 16.584561], [121.630328, 16.584561], [121.630328, 16.581866], [121.633023, 16.581866], [121.633023, 16.580519], [121.631676, 16.580519], [121.631676, 16.577824], [121.630328, 16.577824], [121.630328, 16.580519], [121.627633, 16.580519], [121.627633, 16.581866], [121.626286, 16.581866], [121.626286, 16.577824], [121.624938, 16.577824], [121.624938, 16.581866], [121.620896, 16.581866], [121.620896, 16.584561], [121.618201, 16.584561], [121.618201, 16.583214], [121.615506, 16.583214], [121.615506, 16.581866], [121.610116, 16.581866], [121.610116, 16.580519], [121.612811, 16.580519], [121.612811, 16.579171], [121.615506, 16.579171], [121.615506, 16.580519], [121.618201, 16.580519], [121.618201, 16.579171], [121.619548, 16.579171], [121.619548, 16.576476], [121.618201, 16.576476], [121.618201, 16.575129], [121.622243, 16.575129], [121.622243, 16.573781], [121.620896, 16.573781], [121.620896, 16.572434], [121.618201, 16.572434], [121.618201, 16.571086], [121.616853, 16.571086], [121.616853, 16.569739], [121.619548, 16.569739], [121.619548, 16.567044], [121.620896, 16.567044], [121.620896, 16.565697], [121.618201, 16.565697], [121.618201, 16.558959], [121.619548, 16.558959], [121.619548, 16.556264], [121.618201, 16.556264], [121.618201, 16.557612], [121.616853, 16.557612], [121.616853, 16.558959], [121.615506, 16.558959], [121.615506, 16.561654], [121.614158, 16.561654], [121.614158, 16.565697], [121.612811, 16.565697], [121.612811, 16.564349], [121.611464, 16.564349], [121.611464, 16.561654], [121.612811, 16.561654], [121.612811, 16.560307], [121.611464, 16.560307], [121.611464, 16.558959], [121.614158, 16.558959], [121.614158, 16.557612], [121.612811, 16.557612], [121.612811, 16.556264], [121.616853, 16.556264], [121.616853, 16.554917], [121.612811, 16.554917], [121.612811, 16.553569], [121.614158, 16.553569], [121.614158, 16.552222], [121.615506, 16.552222], [121.615506, 16.550874], [121.612811, 16.550874], [121.612811, 16.552222], [121.611464, 16.552222], [121.611464, 16.548179], [121.610116, 16.548179], [121.610116, 16.546832], [121.611464, 16.546832], [121.611464, 16.544137], [121.612811, 16.544137], [121.612811, 16.54279], [121.611464, 16.54279], [121.611464, 16.540095], [121.610116, 16.540095], [121.610116, 16.54279], [121.608769, 16.54279], [121.608769, 16.544137], [121.610116, 16.544137], [121.610116, 16.545484], [121.608769, 16.545484], [121.608769, 16.546832], [121.607421, 16.546832], [121.607421, 16.548179], [121.608769, 16.548179], [121.608769, 16.550874], [121.607421, 16.550874], [121.607421, 16.553569], [121.608769, 16.553569], [121.608769, 16.556264], [121.607421, 16.556264], [121.607421, 16.557612], [121.606074, 16.557612], [121.606074, 16.550874], [121.604726, 16.550874], [121.604726, 16.553569], [121.603379, 16.553569], [121.603379, 16.550874], [121.600684, 16.550874], [121.600684, 16.552222], [121.599336, 16.552222], [121.599336, 16.549527], [121.603379, 16.549527], [121.603379, 16.548179], [121.604726, 16.548179], [121.604726, 16.546832], [121.606074, 16.546832], [121.606074, 16.545484], [121.607421, 16.545484], [121.607421, 16.544137], [121.602031, 16.544137], [121.602031, 16.54279], [121.600684, 16.54279], [121.600684, 16.544137], [121.597989, 16.544137], [121.597989, 16.54279], [121.599336, 16.54279], [121.599336, 16.541442], [121.593946, 16.541442], [121.593946, 16.54279], [121.592599, 16.54279], [121.592599, 16.538747], [121.591251, 16.538747], [121.591251, 16.5374], [121.589904, 16.5374], [121.589904, 16.540095], [121.588557, 16.540095], [121.588557, 16.538747], [121.587209, 16.538747], [121.587209, 16.5374], [121.583167, 16.5374], [121.583167, 16.538747], [121.585862, 16.538747], [121.585862, 16.54279], [121.584514, 16.54279], [121.584514, 16.544137], [121.583167, 16.544137], [121.583167, 16.54279], [121.581819, 16.54279], [121.581819, 16.544137], [121.580472, 16.544137], [121.580472, 16.541442], [121.579124, 16.541442], [121.579124, 16.540095], [121.573734, 16.540095], [121.573734, 16.5374], [121.576429, 16.5374], [121.576429, 16.538747], [121.577777, 16.538747], [121.577777, 16.536052], [121.576429, 16.536052], [121.576429, 16.534705], [121.575082, 16.534705], [121.575082, 16.536052], [121.573734, 16.536052], [121.573734, 16.529315], [121.575082, 16.529315], [121.575082, 16.52662], [121.573734, 16.52662], [121.573734, 16.523925], [121.580472, 16.523925], [121.580472, 16.522577], [121.579124, 16.522577], [121.579124, 16.52123], [121.575082, 16.52123], [121.575082, 16.522577], [121.573734, 16.522577], [121.573734, 16.518535], [121.571039, 16.518535], [121.571039, 16.519883], [121.569692, 16.519883], [121.569692, 16.522577], [121.566997, 16.522577], [121.566997, 16.523925], [121.565649, 16.523925], [121.565649, 16.525272], [121.566997, 16.525272], [121.566997, 16.527967], [121.569692, 16.527967], [121.569692, 16.530662], [121.566997, 16.530662], [121.566997, 16.533357], [121.564302, 16.533357], [121.564302, 16.53201], [121.562955, 16.53201], [121.562955, 16.530662], [121.561607, 16.530662], [121.561607, 16.53201], [121.56026, 16.53201], [121.56026, 16.533357], [121.561607, 16.533357], [121.561607, 16.534705], [121.562955, 16.534705], [121.562955, 16.536052], [121.564302, 16.536052], [121.564302, 16.534705], [121.566997, 16.534705], [121.566997, 16.5374], [121.568344, 16.5374], [121.568344, 16.540095], [121.565649, 16.540095], [121.565649, 16.541442], [121.566997, 16.541442], [121.566997, 16.544137], [121.565649, 16.544137], [121.565649, 16.545484], [121.564302, 16.545484], [121.564302, 16.548179], [121.561607, 16.548179], [121.561607, 16.546832], [121.562955, 16.546832], [121.562955, 16.545484], [121.561607, 16.545484], [121.561607, 16.541442], [121.557565, 16.541442], [121.557565, 16.5374], [121.55487, 16.5374], [121.55487, 16.538747], [121.553522, 16.538747], [121.553522, 16.541442], [121.552175, 16.541442], [121.552175, 16.544137], [121.55487, 16.544137], [121.55487, 16.545484], [121.556217, 16.545484], [121.556217, 16.546832], [121.557565, 16.546832], [121.557565, 16.548179], [121.558912, 16.548179], [121.558912, 16.549527], [121.56026, 16.549527], [121.56026, 16.553569], [121.562955, 16.553569], [121.562955, 16.552222], [121.564302, 16.552222], [121.564302, 16.553569], [121.565649, 16.553569], [121.565649, 16.556264], [121.566997, 16.556264], [121.566997, 16.558959], [121.568344, 16.558959], [121.568344, 16.561654], [121.569692, 16.561654], [121.569692, 16.563002], [121.568344, 16.563002], [121.568344, 16.564349], [121.566997, 16.564349], [121.566997, 16.560307], [121.564302, 16.560307], [121.564302, 16.561654], [121.565649, 16.561654], [121.565649, 16.563002], [121.562955, 16.563002], [121.562955, 16.564349], [121.565649, 16.564349], [121.565649, 16.565697], [121.564302, 16.565697], [121.564302, 16.569739], [121.562955, 16.569739], [121.562955, 16.571086], [121.564302, 16.571086], [121.564302, 16.575129], [121.568344, 16.575129], [121.568344, 16.568392], [121.569692, 16.568392], [121.569692, 16.571086], [121.571039, 16.571086], [121.571039, 16.569739], [121.572387, 16.569739], [121.572387, 16.573781], [121.573734, 16.573781], [121.573734, 16.572434], [121.575082, 16.572434], [121.575082, 16.569739], [121.576429, 16.569739], [121.576429, 16.568392], [121.579124, 16.568392], [121.579124, 16.571086], [121.581819, 16.571086], [121.581819, 16.572434], [121.580472, 16.572434], [121.580472, 16.575129], [121.585862, 16.575129], [121.585862, 16.577824], [121.588557, 16.577824], [121.588557, 16.580519], [121.587209, 16.580519], [121.587209, 16.581866], [121.588557, 16.581866], [121.588557, 16.583214], [121.585862, 16.583214], [121.585862, 16.580519], [121.584514, 16.580519], [121.584514, 16.579171], [121.581819, 16.579171], [121.581819, 16.577824], [121.580472, 16.577824], [121.580472, 16.580519], [121.579124, 16.580519], [121.579124, 16.577824], [121.577777, 16.577824], [121.577777, 16.576476], [121.573734, 16.576476], [121.573734, 16.577824], [121.575082, 16.577824], [121.575082, 16.579171], [121.573734, 16.579171], [121.573734, 16.583214], [121.575082, 16.583214], [121.575082, 16.584561], [121.576429, 16.584561], [121.576429, 16.585909], [121.575082, 16.585909], [121.575082, 16.587256], [121.572387, 16.587256], [121.572387, 16.592646], [121.573734, 16.592646], [121.573734, 16.593994], [121.575082, 16.593994], [121.575082, 16.592646], [121.576429, 16.592646], [121.576429, 16.591299], [121.579124, 16.591299], [121.579124, 16.589951], [121.583167, 16.589951], [121.583167, 16.591299], [121.580472, 16.591299], [121.580472, 16.595341], [121.584514, 16.595341], [121.584514, 16.593994], [121.587209, 16.593994], [121.587209, 16.595341], [121.585862, 16.595341], [121.585862, 16.600731], [121.583167, 16.600731], [121.583167, 16.599383], [121.580472, 16.599383], [121.580472, 16.600731], [121.577777, 16.600731], [121.577777, 16.598036], [121.576429, 16.598036], [121.576429, 16.595341], [121.573734, 16.595341], [121.573734, 16.606121], [121.575082, 16.606121], [121.575082, 16.604773], [121.576429, 16.604773], [121.576429, 16.607468], [121.569692, 16.607468], [121.569692, 16.604773], [121.571039, 16.604773], [121.571039, 16.603426], [121.568344, 16.603426], [121.568344, 16.602078], [121.566997, 16.602078], [121.566997, 16.598036], [121.568344, 16.598036], [121.568344, 16.593994], [121.566997, 16.593994], [121.566997, 16.589951], [121.564302, 16.589951], [121.564302, 16.587256], [121.565649, 16.587256], [121.565649, 16.585909], [121.566997, 16.585909], [121.566997, 16.584561], [121.564302, 16.584561], [121.564302, 16.585909], [121.561607, 16.585909], [121.561607, 16.587256], [121.558912, 16.587256], [121.558912, 16.588604], [121.561607, 16.588604], [121.561607, 16.589951], [121.557565, 16.589951], [121.557565, 16.592646], [121.556217, 16.592646], [121.556217, 16.598036], [121.55487, 16.598036], [121.55487, 16.599383], [121.556217, 16.599383], [121.556217, 16.600731], [121.55487, 16.600731], [121.55487, 16.602078], [121.553522, 16.602078], [121.553522, 16.604773], [121.552175, 16.604773], [121.552175, 16.606121], [121.548132, 16.606121], [121.548132, 16.603426], [121.54948, 16.603426], [121.54948, 16.602078], [121.548132, 16.602078], [121.548132, 16.600731], [121.545437, 16.600731], [121.545437, 16.598036], [121.54409, 16.598036], [121.54409, 16.599383], [121.542742, 16.599383], [121.542742, 16.598036], [121.541395, 16.598036], [121.541395, 16.595341], [121.540047, 16.595341], [121.540047, 16.593994], [121.537353, 16.593994], [121.537353, 16.595341], [121.5387, 16.595341], [121.5387, 16.598036], [121.540047, 16.598036], [121.540047, 16.599383], [121.541395, 16.599383], [121.541395, 16.600731], [121.54409, 16.600731], [121.54409, 16.607468], [121.546785, 16.607468], [121.546785, 16.611511], [121.548132, 16.611511], [121.548132, 16.615553], [121.54948, 16.615553], [121.54948, 16.618248], [121.550827, 16.618248], [121.550827, 16.619596], [121.552175, 16.619596], [121.552175, 16.623638], [121.553522, 16.623638], [121.553522, 16.631723], [121.55487, 16.631723], [121.55487, 16.63307], [121.556217, 16.63307], [121.556217, 16.631723], [121.561607, 16.631723], [121.561607, 16.63307], [121.562955, 16.63307], [121.562955, 16.634418], [121.561607, 16.634418], [121.561607, 16.635765], [121.56026, 16.635765], [121.56026, 16.63846], [121.561607, 16.63846], [121.561607, 16.641155], [121.56026, 16.641155], [121.56026, 16.642503], [121.558912, 16.642503], [121.558912, 16.641155], [121.557565, 16.641155], [121.557565, 16.639808], [121.55487, 16.639808], [121.55487, 16.641155], [121.556217, 16.641155], [121.556217, 16.645197], [121.55487, 16.645197], [121.55487, 16.64924], [121.553522, 16.64924], [121.553522, 16.650587], [121.552175, 16.650587], [121.552175, 16.653282], [121.550827, 16.653282], [121.550827, 16.655977], [121.546785, 16.655977], [121.546785, 16.65463], [121.545437, 16.65463], [121.545437, 16.653282], [121.542742, 16.653282], [121.542742, 16.65463], [121.541395, 16.65463], [121.541395, 16.655977], [121.540047, 16.655977], [121.540047, 16.651935], [121.541395, 16.651935], [121.541395, 16.650587], [121.5387, 16.650587], [121.5387, 16.64924], [121.534658, 16.64924], [121.534658, 16.647892], [121.537353, 16.647892], [121.537353, 16.645197], [121.5387, 16.645197], [121.5387, 16.642503], [121.536005, 16.642503], [121.536005, 16.63846], [121.534658, 16.63846], [121.534658, 16.637113], [121.531963, 16.637113], [121.531963, 16.639808], [121.530615, 16.639808], [121.530615, 16.63846], [121.529268, 16.63846], [121.529268, 16.63307], [121.530615, 16.63307], [121.530615, 16.631723], [121.531963, 16.631723], [121.531963, 16.630375], [121.530615, 16.630375], [121.530615, 16.629028], [121.529268, 16.629028], [121.529268, 16.626333], [121.530615, 16.626333], [121.530615, 16.623638], [121.529268, 16.623638], [121.529268, 16.62229], [121.526573, 16.62229], [121.526573, 16.624985], [121.523878, 16.624985], [121.523878, 16.62229], [121.52253, 16.62229], [121.52253, 16.618248], [121.521183, 16.618248], [121.521183, 16.616901], [121.519835, 16.616901], [121.519835, 16.623638], [121.518488, 16.623638], [121.518488, 16.626333], [121.51714, 16.626333], [121.51714, 16.631723], [121.514445, 16.631723], [121.514445, 16.630375], [121.513098, 16.630375], [121.513098, 16.631723], [121.511751, 16.631723], [121.511751, 16.63307], [121.509056, 16.63307], [121.509056, 16.634418], [121.511751, 16.634418], [121.511751, 16.635765], [121.513098, 16.635765], [121.513098, 16.637113], [121.510403, 16.637113], [121.510403, 16.63846], [121.513098, 16.63846], [121.513098, 16.641155], [121.511751, 16.641155], [121.511751, 16.642503], [121.510403, 16.642503], [121.510403, 16.641155], [121.509056, 16.641155], [121.509056, 16.639808], [121.506361, 16.639808], [121.506361, 16.63846], [121.503666, 16.63846], [121.503666, 16.639808], [121.502318, 16.639808], [121.502318, 16.641155], [121.500971, 16.641155], [121.500971, 16.642503], [121.499623, 16.642503], [121.499623, 16.641155], [121.496928, 16.641155], [121.496928, 16.639808], [121.495581, 16.639808], [121.495581, 16.641155], [121.494233, 16.641155], [121.494233, 16.645197], [121.491538, 16.645197], [121.491538, 16.647892], [121.490191, 16.647892], [121.490191, 16.64924], [121.488844, 16.64924], [121.488844, 16.647892], [121.487496, 16.647892], [121.487496, 16.64924], [121.486149, 16.64924], [121.486149, 16.650587], [121.488844, 16.650587], [121.488844, 16.651935], [121.490191, 16.651935], [121.490191, 16.65463], [121.488844, 16.65463], [121.488844, 16.657325], [121.484801, 16.657325], [121.484801, 16.655977], [121.483454, 16.655977], [121.483454, 16.661367], [121.480759, 16.661367], [121.480759, 16.658672], [121.478064, 16.658672], [121.478064, 16.66002], [121.479411, 16.66002], [121.479411, 16.661367], [121.478064, 16.661367], [121.478064, 16.662715], [121.479411, 16.662715], [121.479411, 16.664062], [121.478064, 16.664062], [121.478064, 16.668105], [121.479411, 16.668105], [121.479411, 16.669452], [121.478064, 16.669452], [121.478064, 16.670799], [121.479411, 16.670799], [121.479411, 16.678884], [121.480759, 16.678884], [121.480759, 16.680232], [121.482106, 16.680232], [121.482106, 16.681579], [121.483454, 16.681579], [121.483454, 16.682927], [121.482106, 16.682927], [121.482106, 16.684274], [121.479411, 16.684274], [121.479411, 16.685622], [121.480759, 16.685622], [121.480759, 16.688317], [121.479411, 16.688317], [121.479411, 16.689664], [121.478064, 16.689664], [121.478064, 16.691012], [121.476716, 16.691012], [121.476716, 16.689664], [121.474021, 16.689664], [121.474021, 16.691012], [121.472674, 16.691012], [121.472674, 16.695054], [121.474021, 16.695054], [121.474021, 16.697749], [121.472674, 16.697749], [121.472674, 16.703139], [121.475369, 16.703139], [121.475369, 16.704486], [121.472674, 16.704486], [121.472674, 16.705834], [121.474021, 16.705834], [121.474021, 16.707181], [121.472674, 16.707181], [121.472674, 16.708529], [121.474021, 16.708529], [121.474021, 16.711224], [121.472674, 16.711224], [121.472674, 16.712571], [121.479411, 16.712571], [121.479411, 16.713919], [121.480759, 16.713919], [121.480759, 16.715266], [121.483454, 16.715266], [121.483454, 16.717961], [121.484801, 16.717961], [121.484801, 16.716614], [121.486149, 16.716614], [121.486149, 16.719309], [121.487496, 16.719309], [121.487496, 16.720656], [121.484801, 16.720656], [121.484801, 16.722003], [121.480759, 16.722003], [121.480759, 16.720656], [121.479411, 16.720656], [121.479411, 16.722003], [121.476716, 16.722003], [121.476716, 16.723351], [121.478064, 16.723351], [121.478064, 16.724698], [121.479411, 16.724698], [121.479411, 16.727393], [121.480759, 16.727393], [121.480759, 16.724698], [121.482106, 16.724698], [121.482106, 16.726046], [121.483454, 16.726046], [121.483454, 16.727393], [121.482106, 16.727393], [121.482106, 16.728741], [121.480759, 16.728741], [121.480759, 16.731436], [121.484801, 16.731436], [121.484801, 16.732783], [121.483454, 16.732783], [121.483454, 16.734131], [121.488844, 16.734131], [121.488844, 16.738173], [121.490191, 16.738173], [121.490191, 16.739521], [121.487496, 16.739521], [121.487496, 16.740868], [121.484801, 16.740868], [121.484801, 16.743563], [121.483454, 16.743563], [121.483454, 16.746258], [121.484801, 16.746258], [121.484801, 16.74491], [121.486149, 16.74491], [121.486149, 16.743563], [121.487496, 16.743563], [121.487496, 16.746258], [121.486149, 16.746258], [121.486149, 16.747605], [121.487496, 16.747605], [121.487496, 16.7503], [121.491538, 16.7503], [121.491538, 16.748953], [121.490191, 16.748953], [121.490191, 16.746258], [121.492886, 16.746258], [121.492886, 16.743563], [121.491538, 16.743563], [121.491538, 16.742216], [121.492886, 16.742216], [121.492886, 16.740868], [121.496928, 16.740868], [121.496928, 16.739521], [121.498276, 16.739521], [121.498276, 16.738173], [121.499623, 16.738173], [121.499623, 16.743563], [121.502318, 16.743563], [121.502318, 16.742216], [121.503666, 16.742216], [121.503666, 16.747605], [121.502318, 16.747605], [121.502318, 16.751648], [121.503666, 16.751648], [121.503666, 16.7503], [121.505013, 16.7503], [121.505013, 16.751648], [121.506361, 16.751648], [121.506361, 16.752995], [121.507708, 16.752995], [121.507708, 16.75569], [121.506361, 16.75569], [121.506361, 16.757038], [121.505013, 16.757038], [121.505013, 16.758385], [121.510403, 16.758385], [121.510403, 16.757038], [121.513098, 16.757038], [121.513098, 16.754343], [121.511751, 16.754343], [121.511751, 16.752995], [121.513098, 16.752995], [121.513098, 16.751648], [121.510403, 16.751648], [121.510403, 16.7503], [121.511751, 16.7503], [121.511751, 16.747605], [121.515793, 16.747605], [121.515793, 16.751648], [121.518488, 16.751648], [121.518488, 16.752995], [121.519835, 16.752995], [121.519835, 16.7503], [121.518488, 16.7503], [121.518488, 16.748953], [121.51714, 16.748953], [121.51714, 16.746258], [121.518488, 16.746258], [121.518488, 16.74491], [121.51714, 16.74491], [121.51714, 16.742216], [121.518488, 16.742216], [121.518488, 16.743563], [121.519835, 16.743563], [121.519835, 16.746258], [121.52253, 16.746258], [121.52253, 16.752995], [121.525225, 16.752995], [121.525225, 16.754343], [121.526573, 16.754343], [121.526573, 16.75569], [121.525225, 16.75569], [121.525225, 16.758385], [121.52792, 16.758385], [121.52792, 16.759733], [121.529268, 16.759733], [121.529268, 16.76108], [121.530615, 16.76108], [121.530615, 16.762428], [121.529268, 16.762428], [121.529268, 16.765123], [121.530615, 16.765123], [121.530615, 16.769165], [121.531963, 16.769165], [121.531963, 16.76647], [121.53331, 16.76647], [121.53331, 16.765123], [121.534658, 16.765123], [121.534658, 16.767818], [121.53331, 16.767818], [121.53331, 16.769165], [121.537353, 16.769165], [121.537353, 16.770512], [121.5387, 16.770512], [121.5387, 16.77186], [121.540047, 16.77186], [121.540047, 16.773207], [121.542742, 16.773207], [121.542742, 16.774555], [121.541395, 16.774555], [121.541395, 16.775902], [121.542742, 16.775902], [121.542742, 16.781292], [121.54409, 16.781292], [121.54409, 16.783987], [121.540047, 16.783987], [121.540047, 16.785335], [121.54409, 16.785335], [121.54409, 16.786682], [121.542742, 16.786682], [121.542742, 16.789377], [121.54409, 16.789377], [121.54409, 16.790725], [121.546785, 16.790725], [121.546785, 16.792072], [121.545437, 16.792072], [121.545437, 16.796114], [121.54409, 16.796114], [121.54409, 16.797462], [121.545437, 16.797462], [121.545437, 16.798809], [121.548132, 16.798809], [121.548132, 16.804199], [121.546785, 16.804199], [121.546785, 16.805547], [121.545437, 16.805547], [121.545437, 16.808242], [121.54409, 16.808242], [121.54409, 16.809589], [121.540047, 16.809589], [121.540047, 16.814979], [121.5387, 16.814979], [121.5387, 16.812284], [121.537353, 16.812284], [121.537353, 16.810937], [121.536005, 16.810937], [121.536005, 16.814979], [121.534658, 16.814979], [121.534658, 16.816327], [121.5387, 16.816327], [121.5387, 16.820369], [121.540047, 16.820369], [121.540047, 16.816327], [121.542742, 16.816327], [121.542742, 16.817674], [121.54409, 16.817674], [121.54409, 16.819021], [121.545437, 16.819021], [121.545437, 16.820369], [121.550827, 16.820369], [121.550827, 16.823064], [121.54948, 16.823064], [121.54948, 16.824411], [121.550827, 16.824411], [121.550827, 16.825759], [121.54948, 16.825759], [121.54948, 16.827106], [121.548132, 16.827106], [121.548132, 16.828454], [121.5387, 16.828454], [121.5387, 16.827106], [121.536005, 16.827106], [121.536005, 16.824411], [121.53331, 16.824411], [121.53331, 16.823064], [121.531963, 16.823064], [121.531963, 16.821716], [121.529268, 16.821716], [121.529268, 16.823064], [121.526573, 16.823064], [121.526573, 16.825759], [121.525225, 16.825759], [121.525225, 16.828454], [121.523878, 16.828454], [121.523878, 16.829801], [121.52253, 16.829801], [121.52253, 16.832496], [121.525225, 16.832496], [121.525225, 16.831149], [121.526573, 16.831149], [121.526573, 16.833844], [121.523878, 16.833844], [121.523878, 16.835191], [121.525225, 16.835191], [121.525225, 16.839234], [121.523878, 16.839234], [121.523878, 16.836539], [121.52253, 16.836539], [121.52253, 16.835191], [121.521183, 16.835191], [121.521183, 16.836539], [121.519835, 16.836539], [121.519835, 16.835191], [121.518488, 16.835191], [121.518488, 16.836539], [121.514445, 16.836539], [121.514445, 16.835191], [121.509056, 16.835191], [121.509056, 16.833844], [121.503666, 16.833844], [121.503666, 16.835191], [121.507708, 16.835191], [121.507708, 16.836539], [121.509056, 16.836539], [121.509056, 16.837886], [121.510403, 16.837886], [121.510403, 16.839234], [121.511751, 16.839234], [121.511751, 16.840581], [121.51714, 16.840581], [121.51714, 16.844623], [121.518488, 16.844623], [121.518488, 16.845971], [121.521183, 16.845971], [121.521183, 16.847318], [121.523878, 16.847318], [121.523878, 16.852708], [121.525225, 16.852708], [121.525225, 16.856751], [121.52792, 16.856751], [121.52792, 16.858098], [121.529268, 16.858098], [121.529268, 16.860793], [121.530615, 16.860793], [121.530615, 16.864836], [121.531963, 16.864836], [121.531963, 16.866183], [121.53331, 16.866183], [121.53331, 16.868878], [121.534658, 16.868878], [121.534658, 16.871573], [121.536005, 16.871573], [121.536005, 16.875615], [121.534658, 16.875615], [121.534658, 16.876963], [121.536005, 16.876963], [121.536005, 16.87831], [121.534658, 16.87831], [121.534658, 16.879658], [121.536005, 16.879658], [121.536005, 16.882353], [121.537353, 16.882353], [121.537353, 16.885048], [121.536005, 16.885048], [121.536005, 16.886395], [121.537353, 16.886395], [121.537353, 16.887743], [121.5387, 16.887743], [121.5387, 16.88909], [121.537353, 16.88909], [121.537353, 16.890438], [121.5387, 16.890438], [121.5387, 16.893133], [121.540047, 16.893133], [121.540047, 16.89448], [121.541395, 16.89448], [121.541395, 16.897175], [121.542742, 16.897175], [121.542742, 16.901217], [121.54409, 16.901217], [121.54409, 16.903912], [121.545437, 16.903912], [121.545437, 16.90526], [121.546785, 16.90526], [121.546785, 16.906607], [121.545437, 16.906607], [121.545437, 16.91065], [121.546785, 16.91065], [121.546785, 16.911997], [121.548132, 16.911997], [121.548132, 16.91604], [121.54948, 16.91604], [121.54948, 16.917387], [121.550827, 16.917387], [121.550827, 16.920082], [121.552175, 16.920082], [121.552175, 16.922777], [121.553522, 16.922777], [121.553522, 16.925472], [121.55487, 16.925472], [121.55487, 16.926819], [121.553522, 16.926819], [121.553522, 16.928167], [121.55487, 16.928167], [121.55487, 16.933557], [121.556217, 16.933557], [121.556217, 16.934904], [121.55487, 16.934904], [121.55487, 16.936252], [121.557565, 16.936252], [121.557565, 16.937599], [121.558912, 16.937599], [121.558912, 16.942989], [121.56026, 16.942989], [121.56026, 16.944336], [121.558912, 16.944336], [121.558912, 16.945684], [121.557565, 16.945684], [121.557565, 16.944336], [121.556217, 16.944336], [121.556217, 16.948379], [121.55487, 16.948379], [121.55487, 16.949726], [121.552175, 16.949726], [121.552175, 16.947031], [121.54948, 16.947031], [121.54948, 16.944336], [121.550827, 16.944336], [121.550827, 16.942989], [121.548132, 16.942989], [121.548132, 16.940294], [121.546785, 16.940294], [121.546785, 16.937599], [121.545437, 16.937599], [121.545437, 16.936252], [121.541395, 16.936252], [121.541395, 16.938947], [121.542742, 16.938947], [121.542742, 16.941642], [121.541395, 16.941642], [121.541395, 16.940294], [121.540047, 16.940294], [121.540047, 16.938947], [121.536005, 16.938947], [121.536005, 16.936252], [121.534658, 16.936252], [121.534658, 16.934904], [121.53331, 16.934904], [121.53331, 16.933557], [121.531963, 16.933557], [121.531963, 16.929514], [121.53331, 16.929514], [121.53331, 16.928167], [121.531963, 16.928167], [121.531963, 16.925472], [121.530615, 16.925472], [121.530615, 16.924124], [121.529268, 16.924124], [121.529268, 16.926819], [121.52792, 16.926819], [121.52792, 16.928167], [121.529268, 16.928167], [121.529268, 16.934904], [121.526573, 16.934904], [121.526573, 16.933557], [121.523878, 16.933557], [121.523878, 16.932209], [121.52253, 16.932209], [121.52253, 16.930862], [121.519835, 16.930862], [121.519835, 16.929514], [121.518488, 16.929514], [121.518488, 16.932209], [121.519835, 16.932209], [121.519835, 16.934904], [121.523878, 16.934904], [121.523878, 16.937599], [121.51714, 16.937599], [121.51714, 16.938947], [121.515793, 16.938947], [121.515793, 16.940294], [121.514445, 16.940294], [121.514445, 16.938947], [121.513098, 16.938947], [121.513098, 16.940294], [121.510403, 16.940294], [121.510403, 16.938947], [121.509056, 16.938947], [121.509056, 16.936252], [121.507708, 16.936252], [121.507708, 16.934904], [121.506361, 16.934904], [121.506361, 16.933557], [121.503666, 16.933557], [121.503666, 16.936252], [121.506361, 16.936252], [121.506361, 16.940294], [121.505013, 16.940294], [121.505013, 16.941642], [121.507708, 16.941642], [121.507708, 16.942989], [121.510403, 16.942989], [121.510403, 16.944336], [121.511751, 16.944336], [121.511751, 16.947031], [121.513098, 16.947031], [121.513098, 16.948379], [121.510403, 16.948379], [121.510403, 16.945684], [121.507708, 16.945684], [121.507708, 16.944336], [121.505013, 16.944336], [121.505013, 16.947031], [121.503666, 16.947031], [121.503666, 16.948379], [121.499623, 16.948379], [121.499623, 16.952421], [121.500971, 16.952421], [121.500971, 16.953769], [121.502318, 16.953769], [121.502318, 16.955116], [121.503666, 16.955116], [121.503666, 16.951074], [121.506361, 16.951074], [121.506361, 16.948379], [121.509056, 16.948379], [121.509056, 16.951074], [121.510403, 16.951074], [121.510403, 16.952421], [121.513098, 16.952421], [121.513098, 16.953769], [121.514445, 16.953769], [121.514445, 16.955116], [121.51714, 16.955116], [121.51714, 16.952421], [121.515793, 16.952421], [121.515793, 16.951074], [121.51714, 16.951074], [121.51714, 16.948379], [121.515793, 16.948379], [121.515793, 16.945684], [121.514445, 16.945684], [121.514445, 16.942989], [121.515793, 16.942989], [121.515793, 16.944336], [121.51714, 16.944336], [121.51714, 16.941642], [121.521183, 16.941642], [121.521183, 16.942989], [121.523878, 16.942989], [121.523878, 16.945684], [121.52253, 16.945684], [121.52253, 16.947031], [121.525225, 16.947031], [121.525225, 16.948379], [121.526573, 16.948379], [121.526573, 16.944336], [121.52792, 16.944336], [121.52792, 16.945684], [121.530615, 16.945684], [121.530615, 16.944336], [121.53331, 16.944336], [121.53331, 16.942989], [121.5387, 16.942989], [121.5387, 16.944336], [121.540047, 16.944336], [121.540047, 16.945684], [121.54409, 16.945684], [121.54409, 16.947031], [121.542742, 16.947031], [121.542742, 16.948379], [121.546785, 16.948379], [121.546785, 16.949726], [121.54409, 16.949726], [121.54409, 16.951074], [121.545437, 16.951074], [121.545437, 16.952421], [121.548132, 16.952421], [121.548132, 16.953769], [121.550827, 16.953769], [121.550827, 16.955116], [121.556217, 16.955116], [121.556217, 16.953769], [121.557565, 16.953769], [121.557565, 16.952421], [121.558912, 16.952421], [121.558912, 16.953769], [121.56026, 16.953769], [121.56026, 16.955116], [121.562955, 16.955116], [121.562955, 16.960506], [121.564302, 16.960506], [121.564302, 16.961854], [121.565649, 16.961854], [121.565649, 16.971286], [121.566997, 16.971286], [121.566997, 16.973981], [121.569692, 16.973981], [121.569692, 16.976676], [121.568344, 16.976676], [121.568344, 16.982066], [121.569692, 16.982066], [121.569692, 16.983413], [121.568344, 16.983413], [121.568344, 16.984761], [121.569692, 16.984761], [121.569692, 16.987456], [121.571039, 16.987456], [121.571039, 16.988803], [121.573734, 16.988803], [121.573734, 16.991498], [121.572387, 16.991498], [121.572387, 16.992846], [121.576429, 16.992846], [121.576429, 16.99554], [121.575082, 16.99554], [121.575082, 17.002278], [121.577777, 17.002278], [121.577777, 17.003625], [121.576429, 17.003625], [121.576429, 17.004973], [121.575082, 17.004973], [121.575082, 17.00632], [121.576429, 17.00632], [121.576429, 17.009015], [121.577777, 17.009015], [121.577777, 17.013058], [121.579124, 17.013058], [121.579124, 17.014405], [121.576429, 17.014405], [121.576429, 17.015753], [121.571039, 17.015753], [121.571039, 17.0171], [121.573734, 17.0171], [121.573734, 17.018447], [121.572387, 17.018447], [121.572387, 17.019795], [121.573734, 17.019795], [121.573734, 17.021142], [121.572387, 17.021142], [121.572387, 17.023837], [121.573734, 17.023837], [121.573734, 17.025185], [121.571039, 17.025185], [121.571039, 17.026532], [121.569692, 17.026532], [121.569692, 17.029227], [121.571039, 17.029227], [121.571039, 17.030575], [121.572387, 17.030575], [121.572387, 17.02788], [121.575082, 17.02788], [121.575082, 17.029227], [121.576429, 17.029227], [121.576429, 17.030575], [121.575082, 17.030575], [121.575082, 17.034617], [121.573734, 17.034617], [121.573734, 17.037312], [121.575082, 17.037312], [121.575082, 17.040007], [121.573734, 17.040007], [121.573734, 17.046744], [121.572387, 17.046744], [121.572387, 17.048092], [121.573734, 17.048092], [121.573734, 17.052134], [121.576429, 17.052134], [121.576429, 17.054829], [121.573734, 17.054829], [121.573734, 17.056177], [121.572387, 17.056177], [121.572387, 17.058872], [121.573734, 17.058872], [121.573734, 17.061567], [121.575082, 17.061567], [121.575082, 17.062914], [121.576429, 17.062914], [121.576429, 17.069651], [121.571039, 17.069651], [121.571039, 17.068304], [121.569692, 17.068304], [121.569692, 17.066957], [121.564302, 17.066957], [121.564302, 17.069651], [121.565649, 17.069651], [121.565649, 17.068304], [121.566997, 17.068304], [121.566997, 17.072346], [121.569692, 17.072346], [121.569692, 17.073694], [121.571039, 17.073694], [121.571039, 17.075041], [121.569692, 17.075041], [121.569692, 17.077736], [121.566997, 17.077736], [121.566997, 17.079084], [121.565649, 17.079084], [121.565649, 17.080431], [121.564302, 17.080431], [121.564302, 17.081779], [121.568344, 17.081779], [121.568344, 17.084474], [121.566997, 17.084474], [121.566997, 17.085821], [121.568344, 17.085821], [121.568344, 17.088516], [121.566997, 17.088516], [121.566997, 17.089864], [121.565649, 17.089864], [121.565649, 17.091211], [121.564302, 17.091211], [121.564302, 17.093906], [121.566997, 17.093906], [121.566997, 17.099296], [121.565649, 17.099296], [121.565649, 17.103338], [121.568344, 17.103338], [121.568344, 17.104686], [121.566997, 17.104686], [121.566997, 17.108728], [121.565649, 17.108728], [121.565649, 17.110076], [121.566997, 17.110076], [121.566997, 17.112771], [121.565649, 17.112771], [121.565649, 17.114118], [121.564302, 17.114118], [121.564302, 17.115466], [121.565649, 17.115466], [121.565649, 17.11816], [121.564302, 17.11816], [121.564302, 17.124898], [121.562955, 17.124898], [121.562955, 17.12894], [121.558912, 17.12894], [121.558912, 17.127593], [121.556217, 17.127593], [121.556217, 17.126245], [121.550827, 17.126245], [121.550827, 17.127593], [121.553522, 17.127593], [121.553522, 17.12894], [121.552175, 17.12894], [121.552175, 17.130288], [121.556217, 17.130288], [121.556217, 17.132983], [121.557565, 17.132983], [121.557565, 17.13433], [121.558912, 17.13433], [121.558912, 17.135678], [121.556217, 17.135678], [121.556217, 17.137025], [121.55487, 17.137025], [121.55487, 17.138373], [121.557565, 17.138373], [121.557565, 17.13972], [121.558912, 17.13972], [121.558912, 17.141068], [121.561607, 17.141068], [121.561607, 17.142415], [121.56026, 17.142415], [121.56026, 17.143762], [121.558912, 17.143762], [121.558912, 17.14511], [121.562955, 17.14511], [121.562955, 17.147805], [121.561607, 17.147805], [121.561607, 17.151847], [121.564302, 17.151847], [121.564302, 17.15589], [121.565649, 17.15589], [121.565649, 17.158585], [121.561607, 17.158585], [121.561607, 17.159932], [121.562955, 17.159932], [121.562955, 17.163975], [121.561607, 17.163975], [121.561607, 17.162627], [121.557565, 17.162627], [121.557565, 17.163975], [121.55487, 17.163975], [121.55487, 17.165322], [121.558912, 17.165322], [121.558912, 17.169364], [121.556217, 17.169364], [121.556217, 17.170712], [121.557565, 17.170712], [121.557565, 17.173407], [121.556217, 17.173407], [121.556217, 17.174754], [121.553522, 17.174754], [121.553522, 17.176102], [121.552175, 17.176102], [121.552175, 17.177449], [121.55487, 17.177449], [121.55487, 17.181492], [121.556217, 17.181492], [121.556217, 17.182839], [121.558912, 17.182839], [121.558912, 17.185534], [121.56026, 17.185534], [121.56026, 17.186882], [121.557565, 17.186882], [121.557565, 17.184187], [121.552175, 17.184187], [121.552175, 17.185534], [121.550827, 17.185534], [121.550827, 17.186882], [121.552175, 17.186882], [121.552175, 17.188229], [121.553522, 17.188229], [121.553522, 17.189577], [121.54948, 17.189577], [121.54948, 17.194966], [121.548132, 17.194966], [121.548132, 17.196314], [121.545437, 17.196314], [121.545437, 17.197661], [121.54409, 17.197661], [121.54409, 17.199009], [121.54948, 17.199009], [121.54948, 17.200356], [121.550827, 17.200356], [121.550827, 17.203051], [121.54948, 17.203051], [121.54948, 17.207094], [121.550827, 17.207094], [121.550827, 17.208441], [121.552175, 17.208441], [121.552175, 17.209789], [121.550827, 17.209789], [121.550827, 17.212484], [121.552175, 17.212484], [121.552175, 17.213831], [121.550827, 17.213831], [121.550827, 17.215179], [121.553522, 17.215179], [121.553522, 17.216526], [121.552175, 17.216526], [121.552175, 17.217873], [121.55487, 17.217873], [121.55487, 17.220568], [121.552175, 17.220568], [121.552175, 17.219221], [121.550827, 17.219221], [121.550827, 17.224611], [121.552175, 17.224611], [121.552175, 17.223263], [121.55487, 17.223263], [121.55487, 17.228653], [121.553522, 17.228653], [121.553522, 17.227306], [121.552175, 17.227306], [121.552175, 17.230001], [121.550827, 17.230001], [121.550827, 17.231348], [121.542742, 17.231348], [121.542742, 17.234043], [121.54409, 17.234043], [121.54409, 17.232696], [121.545437, 17.232696], [121.545437, 17.234043], [121.548132, 17.234043], [121.548132, 17.236738], [121.546785, 17.236738], [121.546785, 17.238086], [121.548132, 17.238086], [121.548132, 17.240781], [121.546785, 17.240781], [121.546785, 17.242128], [121.548132, 17.242128], [121.548132, 17.24617], [121.54948, 17.24617], [121.54948, 17.242128], [121.550827, 17.242128], [121.550827, 17.240781], [121.55487, 17.240781], [121.55487, 17.244823], [121.553522, 17.244823], [121.553522, 17.243475], [121.552175, 17.243475], [121.552175, 17.24617], [121.553522, 17.24617], [121.553522, 17.248865], [121.552175, 17.248865], [121.552175, 17.247518], [121.54948, 17.247518], [121.54948, 17.25156], [121.552175, 17.25156], [121.552175, 17.255603], [121.553522, 17.255603], [121.553522, 17.258298], [121.552175, 17.258298], [121.552175, 17.260993], [121.550827, 17.260993], [121.550827, 17.263688], [121.552175, 17.263688], [121.552175, 17.265035], [121.550827, 17.265035], [121.550827, 17.266383], [121.54948, 17.266383], [121.54948, 17.26234], [121.546785, 17.26234], [121.546785, 17.263688], [121.545437, 17.263688], [121.545437, 17.265035], [121.54409, 17.265035], [121.54409, 17.26773], [121.542742, 17.26773], [121.542742, 17.269077], [121.54409, 17.269077], [121.54409, 17.270425], [121.5387, 17.270425], [121.5387, 17.269077], [121.537353, 17.269077], [121.537353, 17.270425], [121.536005, 17.270425], [121.536005, 17.269077], [121.53331, 17.269077], [121.53331, 17.270425], [121.534658, 17.270425], [121.534658, 17.271772], [121.540047, 17.271772], [121.540047, 17.275815], [121.537353, 17.275815], [121.537353, 17.27851], [121.541395, 17.27851], [121.541395, 17.279857], [121.540047, 17.279857], [121.540047, 17.285247], [121.542742, 17.285247], [121.542742, 17.275815], [121.545437, 17.275815], [121.545437, 17.27312], [121.546785, 17.27312], [121.546785, 17.271772], [121.548132, 17.271772], [121.548132, 17.274467], [121.550827, 17.274467], [121.550827, 17.277162], [121.54948, 17.277162], [121.54948, 17.27851], [121.548132, 17.27851], [121.548132, 17.282552], [121.54948, 17.282552], [121.54948, 17.285247], [121.550827, 17.285247], [121.550827, 17.286595], [121.553522, 17.286595], [121.553522, 17.287942], [121.552175, 17.287942], [121.552175, 17.290637], [121.550827, 17.290637], [121.550827, 17.294679], [121.553522, 17.294679], [121.553522, 17.290637], [121.557565, 17.290637], [121.557565, 17.28929], [121.55487, 17.28929], [121.55487, 17.285247], [121.552175, 17.285247], [121.552175, 17.281205], [121.55487, 17.281205], [121.55487, 17.282552], [121.556217, 17.282552], [121.556217, 17.281205], [121.557565, 17.281205], [121.557565, 17.27851], [121.558912, 17.27851], [121.558912, 17.277162], [121.56026, 17.277162], [121.56026, 17.274467], [121.558912, 17.274467], [121.558912, 17.27312], [121.556217, 17.27312], [121.556217, 17.271772], [121.558912, 17.271772], [121.558912, 17.270425], [121.561607, 17.270425], [121.561607, 17.26773], [121.562955, 17.26773], [121.562955, 17.266383], [121.564302, 17.266383], [121.564302, 17.269077], [121.565649, 17.269077], [121.565649, 17.26773], [121.566997, 17.26773], [121.566997, 17.27851], [121.565649, 17.27851], [121.565649, 17.287942], [121.566997, 17.287942], [121.566997, 17.28929], [121.561607, 17.28929], [121.561607, 17.290637], [121.562955, 17.290637], [121.562955, 17.293332], [121.561607, 17.293332], [121.561607, 17.294679], [121.562955, 17.294679], [121.562955, 17.297374], [121.561607, 17.297374], [121.561607, 17.301417], [121.564302, 17.301417], [121.564302, 17.302764], [121.565649, 17.302764], [121.565649, 17.300069], [121.564302, 17.300069], [121.564302, 17.294679], [121.568344, 17.294679], [121.568344, 17.293332], [121.569692, 17.293332], [121.569692, 17.291984], [121.571039, 17.291984], [121.571039, 17.290637], [121.573734, 17.290637], [121.573734, 17.291984], [121.572387, 17.291984], [121.572387, 17.293332], [121.573734, 17.293332], [121.573734, 17.294679], [121.577777, 17.294679], [121.577777, 17.296027], [121.579124, 17.296027], [121.579124, 17.298722], [121.585862, 17.298722], [121.585862, 17.300069], [121.584514, 17.300069], [121.584514, 17.304112], [121.585862, 17.304112], [121.585862, 17.302764], [121.587209, 17.302764], [121.587209, 17.301417], [121.589904, 17.301417], [121.589904, 17.304112], [121.588557, 17.304112], [121.588557, 17.305459], [121.587209, 17.305459], [121.587209, 17.310849], [121.588557, 17.310849], [121.588557, 17.309502], [121.589904, 17.309502], [121.589904, 17.314892], [121.591251, 17.314892], [121.591251, 17.309502], [121.592599, 17.309502], [121.592599, 17.302764], [121.593946, 17.302764], [121.593946, 17.304112], [121.596641, 17.304112], [121.596641, 17.301417], [121.597989, 17.301417], [121.597989, 17.300069], [121.599336, 17.300069], [121.599336, 17.301417], [121.600684, 17.301417], [121.600684, 17.298722], [121.602031, 17.298722], [121.602031, 17.297374], [121.600684, 17.297374], [121.600684, 17.291984], [121.602031, 17.291984], [121.602031, 17.290637], [121.603379, 17.290637], [121.603379, 17.287942], [121.606074, 17.287942], [121.606074, 17.291984], [121.608769, 17.291984], [121.608769, 17.290637], [121.610116, 17.290637], [121.610116, 17.293332], [121.611464, 17.293332], [121.611464, 17.290637], [121.614158, 17.290637], [121.614158, 17.28929], [121.615506, 17.28929], [121.615506, 17.287942], [121.614158, 17.287942], [121.614158, 17.285247], [121.616853, 17.285247], [121.616853, 17.2839], [121.618201, 17.2839], [121.618201, 17.287942], [121.619548, 17.287942], [121.619548, 17.290637], [121.623591, 17.290637], [121.623591, 17.291984], [121.618201, 17.291984], [121.618201, 17.293332], [121.619548, 17.293332], [121.619548, 17.294679], [121.616853, 17.294679], [121.616853, 17.297374], [121.614158, 17.297374], [121.614158, 17.298722], [121.615506, 17.298722], [121.615506, 17.300069], [121.612811, 17.300069], [121.612811, 17.301417], [121.611464, 17.301417], [121.611464, 17.304112], [121.614158, 17.304112], [121.614158, 17.302764], [121.615506, 17.302764], [121.615506, 17.304112], [121.616853, 17.304112], [121.616853, 17.302764], [121.618201, 17.302764], [121.618201, 17.304112], [121.619548, 17.304112], [121.619548, 17.305459], [121.618201, 17.305459], [121.618201, 17.306807], [121.616853, 17.306807], [121.616853, 17.309502], [121.615506, 17.309502], [121.615506, 17.312197], [121.616853, 17.312197], [121.616853, 17.313544], [121.618201, 17.313544], [121.618201, 17.312197], [121.619548, 17.312197], [121.619548, 17.310849], [121.622243, 17.310849], [121.622243, 17.304112], [121.624938, 17.304112], [121.624938, 17.300069], [121.626286, 17.300069], [121.626286, 17.298722], [121.624938, 17.298722], [121.624938, 17.296027], [121.626286, 17.296027], [121.626286, 17.294679], [121.627633, 17.294679], [121.627633, 17.291984], [121.628981, 17.291984], [121.628981, 17.293332], [121.630328, 17.293332], [121.630328, 17.296027], [121.628981, 17.296027], [121.628981, 17.297374], [121.633023, 17.297374], [121.633023, 17.294679], [121.631676, 17.294679], [121.631676, 17.293332], [121.633023, 17.293332], [121.633023, 17.291984], [121.634371, 17.291984], [121.634371, 17.28929], [121.635718, 17.28929], [121.635718, 17.286595], [121.637066, 17.286595], [121.637066, 17.287942], [121.638413, 17.287942], [121.638413, 17.286595], [121.641108, 17.286595], [121.641108, 17.285247], [121.63976, 17.285247], [121.63976, 17.282552], [121.641108, 17.282552], [121.641108, 17.279857], [121.642455, 17.279857], [121.642455, 17.27851], [121.63976, 17.27851], [121.63976, 17.277162], [121.638413, 17.277162], [121.638413, 17.275815], [121.637066, 17.275815], [121.637066, 17.274467], [121.638413, 17.274467], [121.638413, 17.271772], [121.63976, 17.271772], [121.63976, 17.270425], [121.641108, 17.270425], [121.641108, 17.26773], [121.643803, 17.26773], [121.643803, 17.270425], [121.64515, 17.270425], [121.64515, 17.26773], [121.646498, 17.26773], [121.646498, 17.265035], [121.649193, 17.265035], [121.649193, 17.266383], [121.65054, 17.266383], [121.65054, 17.26773], [121.651888, 17.26773], [121.651888, 17.265035], [121.653235, 17.265035], [121.653235, 17.263688], [121.651888, 17.263688], [121.651888, 17.260993], [121.649193, 17.260993], [121.649193, 17.259645], [121.651888, 17.259645], [121.651888, 17.258298], [121.65054, 17.258298], [121.65054, 17.255603], [121.653235, 17.255603], [121.653235, 17.258298], [121.658625, 17.258298], [121.658625, 17.259645], [121.66132, 17.259645], [121.66132, 17.258298], [121.659973, 17.258298], [121.659973, 17.255603], [121.658625, 17.255603], [121.658625, 17.252908], [121.657278, 17.252908], [121.657278, 17.25156], [121.659973, 17.25156], [121.659973, 17.252908], [121.665362, 17.252908], [121.665362, 17.25156], [121.664015, 17.25156], [121.664015, 17.250213], [121.662668, 17.250213], [121.662668, 17.25156], [121.66132, 17.25156], [121.66132, 17.247518], [121.658625, 17.247518], [121.658625, 17.24617], [121.66132, 17.24617], [121.66132, 17.244823], [121.662668, 17.244823], [121.662668, 17.243475], [121.66671, 17.243475], [121.66671, 17.242128], [121.665362, 17.242128], [121.665362, 17.240781], [121.66671, 17.240781], [121.66671, 17.238086], [121.664015, 17.238086], [121.664015, 17.236738], [121.662668, 17.236738], [121.662668, 17.234043], [121.665362, 17.234043], [121.665362, 17.232696], [121.664015, 17.232696], [121.664015, 17.231348], [121.668057, 17.231348], [121.668057, 17.232696], [121.669405, 17.232696], [121.669405, 17.231348], [121.670752, 17.231348], [121.670752, 17.232696], [121.6721, 17.232696], [121.6721, 17.230001], [121.670752, 17.230001], [121.670752, 17.227306], [121.669405, 17.227306], [121.669405, 17.225958], [121.66671, 17.225958], [121.66671, 17.223263], [121.668057, 17.223263], [121.668057, 17.224611], [121.669405, 17.224611], [121.669405, 17.221916], [121.6721, 17.221916], [121.6721, 17.223263], [121.674795, 17.223263], [121.674795, 17.224611], [121.676142, 17.224611], [121.676142, 17.221916], [121.673447, 17.221916], [121.673447, 17.220568], [121.6721, 17.220568], [121.6721, 17.217873], [121.673447, 17.217873], [121.673447, 17.216526], [121.674795, 17.216526], [121.674795, 17.219221], [121.676142, 17.219221], [121.676142, 17.215179], [121.67749, 17.215179], [121.67749, 17.213831], [121.681532, 17.213831], [121.681532, 17.212484], [121.680185, 17.212484], [121.680185, 17.211136], [121.681532, 17.211136], [121.681532, 17.208441], [121.674795, 17.208441], [121.674795, 17.207094], [121.676142, 17.207094], [121.676142, 17.204399], [121.67749, 17.204399], [121.67749, 17.203051], [121.674795, 17.203051], [121.674795, 17.200356], [121.676142, 17.200356], [121.676142, 17.196314], [121.67749, 17.196314], [121.67749, 17.200356], [121.680185, 17.200356], [121.680185, 17.199009], [121.681532, 17.199009], [121.681532, 17.197661], [121.680185, 17.197661], [121.680185, 17.196314], [121.681532, 17.196314], [121.681532, 17.194966], [121.684227, 17.194966], [121.684227, 17.193619], [121.68288, 17.193619], [121.68288, 17.192271], [121.681532, 17.192271], [121.681532, 17.189577], [121.686922, 17.189577], [121.686922, 17.186882], [121.685575, 17.186882], [121.685575, 17.185534], [121.686922, 17.185534], [121.686922, 17.184187], [121.684227, 17.184187], [121.684227, 17.182839], [121.689617, 17.182839], [121.689617, 17.178797], [121.690964, 17.178797], [121.690964, 17.177449], [121.692312, 17.177449], [121.692312, 17.181492], [121.695007, 17.181492], [121.695007, 17.178797], [121.696354, 17.178797], [121.696354, 17.177449], [121.697702, 17.177449], [121.697702, 17.180144], [121.699049, 17.180144], [121.699049, 17.177449], [121.700397, 17.177449], [121.700397, 17.181492], [121.699049, 17.181492], [121.699049, 17.182839], [121.704439, 17.182839], [121.704439, 17.181492], [121.705787, 17.181492], [121.705787, 17.182839], [121.707134, 17.182839], [121.707134, 17.184187], [121.708482, 17.184187], [121.708482, 17.182839], [121.711177, 17.182839], [121.711177, 17.184187], [121.712524, 17.184187], [121.712524, 17.186882], [121.716566, 17.186882], [121.716566, 17.188229], [121.712524, 17.188229], [121.712524, 17.189577], [121.713871, 17.189577], [121.713871, 17.193619], [121.715219, 17.193619], [121.715219, 17.194966], [121.712524, 17.194966], [121.712524, 17.196314], [121.716566, 17.196314], [121.716566, 17.197661], [121.715219, 17.197661], [121.715219, 17.200356], [121.712524, 17.200356], [121.712524, 17.201704], [121.719261, 17.201704], [121.719261, 17.207094], [121.715219, 17.207094], [121.715219, 17.205746], [121.713871, 17.205746], [121.713871, 17.208441], [121.723304, 17.208441], [121.723304, 17.209789], [121.721956, 17.209789], [121.721956, 17.212484], [121.723304, 17.212484], [121.723304, 17.215179], [121.721956, 17.215179], [121.721956, 17.216526], [121.724651, 17.216526], [121.724651, 17.217873], [121.727346, 17.217873], [121.727346, 17.219221], [121.730041, 17.219221], [121.730041, 17.221916], [121.728694, 17.221916], [121.728694, 17.220568], [121.725999, 17.220568], [121.725999, 17.225958], [121.724651, 17.225958], [121.724651, 17.224611], [121.721956, 17.224611], [121.721956, 17.221916], [121.720609, 17.221916], [121.720609, 17.225958], [121.721956, 17.225958], [121.721956, 17.227306], [121.723304, 17.227306], [121.723304, 17.228653], [121.724651, 17.228653], [121.724651, 17.230001], [121.721956, 17.230001], [121.721956, 17.228653], [121.720609, 17.228653], [121.720609, 17.231348], [121.716566, 17.231348], [121.716566, 17.232696], [121.713871, 17.232696], [121.713871, 17.234043], [121.717914, 17.234043], [121.717914, 17.232696], [121.720609, 17.232696], [121.720609, 17.234043], [121.721956, 17.234043], [121.721956, 17.235391], [121.719261, 17.235391], [121.719261, 17.238086], [121.721956, 17.238086], [121.721956, 17.239433], [121.720609, 17.239433], [121.720609, 17.240781], [121.719261, 17.240781], [121.719261, 17.242128], [121.720609, 17.242128], [121.720609, 17.244823], [121.715219, 17.244823], [121.715219, 17.24617], [121.719261, 17.24617], [121.719261, 17.248865], [121.716566, 17.248865], [121.716566, 17.250213], [121.717914, 17.250213], [121.717914, 17.25156], [121.716566, 17.25156], [121.716566, 17.252908], [121.713871, 17.252908], [121.713871, 17.25156], [121.711177, 17.25156], [121.711177, 17.252908], [121.712524, 17.252908], [121.712524, 17.254255], [121.711177, 17.254255], [121.711177, 17.255603], [121.707134, 17.255603], [121.707134, 17.254255], [121.705787, 17.254255], [121.705787, 17.25695], [121.707134, 17.25695], [121.707134, 17.258298], [121.708482, 17.258298], [121.708482, 17.259645], [121.712524, 17.259645], [121.712524, 17.260993], [121.716566, 17.260993], [121.716566, 17.26234], [121.715219, 17.26234], [121.715219, 17.263688], [121.716566, 17.263688], [121.716566, 17.265035], [121.711177, 17.265035], [121.711177, 17.266383], [121.708482, 17.266383], [121.708482, 17.265035], [121.707134, 17.265035], [121.707134, 17.269077], [121.708482, 17.269077], [121.708482, 17.271772], [121.711177, 17.271772], [121.711177, 17.27312], [121.709829, 17.27312], [121.709829, 17.275815], [121.711177, 17.275815], [121.711177, 17.277162], [121.709829, 17.277162], [121.709829, 17.27851], [121.708482, 17.27851], [121.708482, 17.282552], [121.709829, 17.282552], [121.709829, 17.285247], [121.708482, 17.285247], [121.708482, 17.286595], [121.704439, 17.286595], [121.704439, 17.287942], [121.701744, 17.287942], [121.701744, 17.285247], [121.699049, 17.285247], [121.699049, 17.2839], [121.697702, 17.2839], [121.697702, 17.286595], [121.696354, 17.286595], [121.696354, 17.287942], [121.695007, 17.287942], [121.695007, 17.28929], [121.696354, 17.28929], [121.696354, 17.290637], [121.697702, 17.290637], [121.697702, 17.293332], [121.699049, 17.293332], [121.699049, 17.291984], [121.704439, 17.291984], [121.704439, 17.293332], [121.705787, 17.293332], [121.705787, 17.294679], [121.704439, 17.294679], [121.704439, 17.296027], [121.707134, 17.296027], [121.707134, 17.294679], [121.708482, 17.294679], [121.708482, 17.297374], [121.701744, 17.297374], [121.701744, 17.298722], [121.700397, 17.298722], [121.700397, 17.300069], [121.701744, 17.300069], [121.701744, 17.301417], [121.705787, 17.301417], [121.705787, 17.304112], [121.704439, 17.304112], [121.704439, 17.306807], [121.703092, 17.306807], [121.703092, 17.305459], [121.701744, 17.305459], [121.701744, 17.304112], [121.700397, 17.304112], [121.700397, 17.302764], [121.697702, 17.302764], [121.697702, 17.301417], [121.696354, 17.301417], [121.696354, 17.300069], [121.692312, 17.300069], [121.692312, 17.301417], [121.688269, 17.301417], [121.688269, 17.302764], [121.690964, 17.302764], [121.690964, 17.304112], [121.692312, 17.304112], [121.692312, 17.302764], [121.693659, 17.302764], [121.693659, 17.305459], [121.700397, 17.305459], [121.700397, 17.308154], [121.699049, 17.308154], [121.699049, 17.309502], [121.697702, 17.309502], [121.697702, 17.308154], [121.695007, 17.308154], [121.695007, 17.309502], [121.690964, 17.309502], [121.690964, 17.308154], [121.689617, 17.308154], [121.689617, 17.306807], [121.686922, 17.306807], [121.686922, 17.310849], [121.688269, 17.310849], [121.688269, 17.309502], [121.689617, 17.309502], [121.689617, 17.310849], [121.695007, 17.310849], [121.695007, 17.312197], [121.693659, 17.312197], [121.693659, 17.313544], [121.689617, 17.313544], [121.689617, 17.314892], [121.690964, 17.314892], [121.690964, 17.316239], [121.688269, 17.316239], [121.688269, 17.318934], [121.684227, 17.318934], [121.684227, 17.320281], [121.68288, 17.320281], [121.68288, 17.321629], [121.681532, 17.321629], [121.681532, 17.322976], [121.692312, 17.322976], [121.692312, 17.324324], [121.690964, 17.324324], [121.690964, 17.325671], [121.689617, 17.325671], [121.689617, 17.327019], [121.688269, 17.327019], [121.688269, 17.324324], [121.686922, 17.324324], [121.686922, 17.325671], [121.684227, 17.325671], [121.684227, 17.327019], [121.685575, 17.327019], [121.685575, 17.328366], [121.684227, 17.328366], [121.684227, 17.329714], [121.685575, 17.329714], [121.685575, 17.331061], [121.688269, 17.331061], [121.688269, 17.332409], [121.686922, 17.332409], [121.686922, 17.333756], [121.68288, 17.333756], [121.68288, 17.335104], [121.681532, 17.335104], [121.681532, 17.333756], [121.680185, 17.333756], [121.680185, 17.336451], [121.674795, 17.336451], [121.674795, 17.337799], [121.678837, 17.337799], [121.678837, 17.339146], [121.680185, 17.339146], [121.680185, 17.341841], [121.67749, 17.341841], [121.67749, 17.344536], [121.678837, 17.344536], [121.678837, 17.347231], [121.67749, 17.347231], [121.67749, 17.348578], [121.681532, 17.348578], [121.681532, 17.351273], [121.68288, 17.351273], [121.68288, 17.353968], [121.678837, 17.353968], [121.678837, 17.349926], [121.674795, 17.349926], [121.674795, 17.355316], [121.673447, 17.355316], [121.673447, 17.356663], [121.674795, 17.356663], [121.674795, 17.358011], [121.676142, 17.358011], [121.676142, 17.356663], [121.680185, 17.356663], [121.680185, 17.358011], [121.681532, 17.358011], [121.681532, 17.360706], [121.674795, 17.360706], [121.674795, 17.363401], [121.673447, 17.363401], [121.673447, 17.364748], [121.67749, 17.364748], [121.67749, 17.366096], [121.678837, 17.366096], [121.678837, 17.367443], [121.6721, 17.367443], [121.6721, 17.36879], [121.674795, 17.36879], [121.674795, 17.370138], [121.676142, 17.370138], [121.676142, 17.375528], [121.674795, 17.375528], [121.674795, 17.378223], [121.673447, 17.378223], [121.673447, 17.380918], [121.6721, 17.380918], [121.6721, 17.382265], [121.670752, 17.382265], [121.670752, 17.38496], [121.668057, 17.38496], [121.668057, 17.386308], [121.669405, 17.386308], [121.669405, 17.387655], [121.668057, 17.387655], [121.668057, 17.389003], [121.66671, 17.389003], [121.66671, 17.39574], [121.664015, 17.39574], [121.664015, 17.397087], [121.662668, 17.397087], [121.662668, 17.405172], [121.66132, 17.405172], [121.66132, 17.40652], [121.659973, 17.40652], [121.659973, 17.407867], [121.658625, 17.407867], [121.658625, 17.409215], [121.65593, 17.409215], [121.65593, 17.417299], [121.653235, 17.417299], [121.653235, 17.418647], [121.654583, 17.418647], [121.654583, 17.419994], [121.65593, 17.419994], [121.65593, 17.429427], [121.657278, 17.429427], [121.657278, 17.433469], [121.654583, 17.433469], [121.654583, 17.432122], [121.653235, 17.432122], [121.653235, 17.430774], [121.651888, 17.430774], [121.651888, 17.436164], [121.649193, 17.436164], [121.649193, 17.432122], [121.647845, 17.432122], [121.647845, 17.434817], [121.646498, 17.434817], [121.646498, 17.433469], [121.64515, 17.433469], [121.64515, 17.432122], [121.646498, 17.432122], [121.646498, 17.430774], [121.643803, 17.430774], [121.643803, 17.429427], [121.642455, 17.429427], [121.642455, 17.428079], [121.63976, 17.428079], [121.63976, 17.425384], [121.638413, 17.425384], [121.638413, 17.424037], [121.63976, 17.424037], [121.63976, 17.422689], [121.638413, 17.422689], [121.638413, 17.421342], [121.635718, 17.421342], [121.635718, 17.424037], [121.628981, 17.424037], [121.628981, 17.421342], [121.630328, 17.421342], [121.630328, 17.417299], [121.627633, 17.417299], [121.627633, 17.41191], [121.619548, 17.41191], [121.619548, 17.410562], [121.620896, 17.410562], [121.620896, 17.407867], [121.622243, 17.407867], [121.622243, 17.40652], [121.619548, 17.40652], [121.619548, 17.409215], [121.616853, 17.409215], [121.616853, 17.413257], [121.618201, 17.413257], [121.618201, 17.415952], [121.619548, 17.415952], [121.619548, 17.417299], [121.622243, 17.417299], [121.622243, 17.419994], [121.626286, 17.419994], [121.626286, 17.422689], [121.624938, 17.422689], [121.624938, 17.426732], [121.626286, 17.426732], [121.626286, 17.428079], [121.627633, 17.428079], [121.627633, 17.429427], [121.624938, 17.429427], [121.624938, 17.428079], [121.623591, 17.428079], [121.623591, 17.426732], [121.622243, 17.426732], [121.622243, 17.430774], [121.618201, 17.430774], [121.618201, 17.433469], [121.619548, 17.433469], [121.619548, 17.432122], [121.622243, 17.432122], [121.622243, 17.433469], [121.628981, 17.433469], [121.628981, 17.432122], [121.630328, 17.432122], [121.630328, 17.430774], [121.633023, 17.430774], [121.633023, 17.432122], [121.634371, 17.432122], [121.634371, 17.433469], [121.635718, 17.433469], [121.635718, 17.436164], [121.637066, 17.436164], [121.637066, 17.438859], [121.642455, 17.438859], [121.642455, 17.442901], [121.643803, 17.442901], [121.643803, 17.441554], [121.64515, 17.441554], [121.64515, 17.442901], [121.646498, 17.442901], [121.646498, 17.444249], [121.65054, 17.444249], [121.65054, 17.442901], [121.65593, 17.442901], [121.65593, 17.444249], [121.657278, 17.444249], [121.657278, 17.442901], [121.66132, 17.442901], [121.66132, 17.444249], [121.659973, 17.444249], [121.659973, 17.445596], [121.66132, 17.445596], [121.66132, 17.448291], [121.664015, 17.448291], [121.664015, 17.449639], [121.665362, 17.449639], [121.665362, 17.446944], [121.664015, 17.446944], [121.664015, 17.444249], [121.665362, 17.444249], [121.665362, 17.445596], [121.66671, 17.445596], [121.66671, 17.444249], [121.668057, 17.444249], [121.668057, 17.442901], [121.669405, 17.442901], [121.669405, 17.449639], [121.670752, 17.449639], [121.670752, 17.453681], [121.66671, 17.453681], [121.66671, 17.452334], [121.664015, 17.452334], [121.664015, 17.450986], [121.662668, 17.450986], [121.662668, 17.453681], [121.664015, 17.453681], [121.664015, 17.455029], [121.670752, 17.455029], [121.670752, 17.460419], [121.669405, 17.460419], [121.669405, 17.471198], [121.670752, 17.471198], [121.670752, 17.475241], [121.6721, 17.475241], [121.6721, 17.480631], [121.673447, 17.480631], [121.673447, 17.483326], [121.674795, 17.483326], [121.674795, 17.49141], [121.676142, 17.49141], [121.676142, 17.494105], [121.673447, 17.494105], [121.673447, 17.495453], [121.674795, 17.495453], [121.674795, 17.4968], [121.67749, 17.4968], [121.67749, 17.500843], [121.676142, 17.500843], [121.676142, 17.50219], [121.674795, 17.50219], [121.674795, 17.503538], [121.67749, 17.503538], [121.67749, 17.506233], [121.6721, 17.506233], [121.6721, 17.50758], [121.673447, 17.50758], [121.673447, 17.508928], [121.674795, 17.508928], [121.674795, 17.511623], [121.669405, 17.511623], [121.669405, 17.51297], [121.673447, 17.51297], [121.673447, 17.514318], [121.674795, 17.514318], [121.674795, 17.51836], [121.673447, 17.51836], [121.673447, 17.519707], [121.674795, 17.519707], [121.674795, 17.522402], [121.670752, 17.522402], [121.670752, 17.52375], [121.6721, 17.52375], [121.6721, 17.526445], [121.673447, 17.526445], [121.673447, 17.52914], [121.674795, 17.52914], [121.674795, 17.531835], [121.676142, 17.531835], [121.676142, 17.535877], [121.67749, 17.535877], [121.67749, 17.537225], [121.674795, 17.537225], [121.674795, 17.53453], [121.673447, 17.53453], [121.673447, 17.538572], [121.6721, 17.538572], [121.6721, 17.541267], [121.670752, 17.541267], [121.670752, 17.542614], [121.669405, 17.542614], [121.669405, 17.53992], [121.668057, 17.53992], [121.668057, 17.543962], [121.66671, 17.543962], [121.66671, 17.546657], [121.668057, 17.546657], [121.668057, 17.548004], [121.66671, 17.548004], [121.66671, 17.553394], [121.668057, 17.553394], [121.668057, 17.554742], [121.66671, 17.554742], [121.66671, 17.556089], [121.668057, 17.556089], [121.668057, 17.557437], [121.669405, 17.557437], [121.669405, 17.561479], [121.6721, 17.561479], [121.6721, 17.560132], [121.673447, 17.560132], [121.673447, 17.561479], [121.674795, 17.561479], [121.674795, 17.564174], [121.673447, 17.564174], [121.673447, 17.565521], [121.6721, 17.565521], [121.6721, 17.566869], [121.673447, 17.566869], [121.673447, 17.568216], [121.674795, 17.568216], [121.674795, 17.572259], [121.6721, 17.572259], [121.6721, 17.576301], [121.673447, 17.576301], [121.673447, 17.577649], [121.674795, 17.577649], [121.674795, 17.578996], [121.673447, 17.578996], [121.673447, 17.580344], [121.6721, 17.580344], [121.6721, 17.583039], [121.669405, 17.583039], [121.669405, 17.584386], [121.670752, 17.584386], [121.670752, 17.585734], [121.6721, 17.585734], [121.6721, 17.587081], [121.670752, 17.587081], [121.670752, 17.588429], [121.669405, 17.588429], [121.669405, 17.592471], [121.670752, 17.592471], [121.670752, 17.596513], [121.6721, 17.596513], [121.6721, 17.599208], [121.674795, 17.599208], [121.674795, 17.600556], [121.67749, 17.600556], [121.67749, 17.601903], [121.674795, 17.601903], [121.674795, 17.603251], [121.673447, 17.603251], [121.673447, 17.608641], [121.674795, 17.608641], [121.674795, 17.614031], [121.676142, 17.614031], [121.676142, 17.615378], [121.67749, 17.615378], [121.67749, 17.61942], [121.678837, 17.61942], [121.678837, 17.623463], [121.67749, 17.623463], [121.67749, 17.622115], [121.674795, 17.622115], [121.674795, 17.620768], [121.673447, 17.620768], [121.673447, 17.622115], [121.6721, 17.622115], [121.6721, 17.623463], [121.673447, 17.623463], [121.673447, 17.62481], [121.6721, 17.62481], [121.6721, 17.626158], [121.670752, 17.626158], [121.670752, 17.6302], [121.669405, 17.6302], [121.669405, 17.631548], [121.665362, 17.631548], [121.665362, 17.632895], [121.66671, 17.632895], [121.66671, 17.634243], [121.668057, 17.634243], [121.668057, 17.636938], [121.669405, 17.636938], [121.669405, 17.64098], [121.66671, 17.64098], [121.66671, 17.645022], [121.665362, 17.645022], [121.665362, 17.643675], [121.662668, 17.643675], [121.662668, 17.642327], [121.658625, 17.642327], [121.658625, 17.643675], [121.659973, 17.643675], [121.659973, 17.645022], [121.66132, 17.645022], [121.66132, 17.647717], [121.659973, 17.647717], [121.659973, 17.649065], [121.66132, 17.649065], [121.66132, 17.650412], [121.659973, 17.650412], [121.659973, 17.65176], [121.654583, 17.65176], [121.654583, 17.64637], [121.65593, 17.64637], [121.65593, 17.64098], [121.657278, 17.64098], [121.657278, 17.638285], [121.65593, 17.638285], [121.65593, 17.627505], [121.657278, 17.627505], [121.657278, 17.62481], [121.65593, 17.62481], [121.65593, 17.622115], [121.657278, 17.622115], [121.657278, 17.620768], [121.653235, 17.620768], [121.653235, 17.61942], [121.651888, 17.61942], [121.651888, 17.618073], [121.653235, 17.618073], [121.653235, 17.615378], [121.65593, 17.615378], [121.65593, 17.618073], [121.657278, 17.618073], [121.657278, 17.61942], [121.658625, 17.61942], [121.658625, 17.620768], [121.66132, 17.620768], [121.66132, 17.622115], [121.662668, 17.622115], [121.662668, 17.62481], [121.664015, 17.62481], [121.664015, 17.626158], [121.659973, 17.626158], [121.659973, 17.627505], [121.658625, 17.627505], [121.658625, 17.6302], [121.659973, 17.6302], [121.659973, 17.631548], [121.662668, 17.631548], [121.662668, 17.6302], [121.664015, 17.6302], [121.664015, 17.628853], [121.665362, 17.628853], [121.665362, 17.626158], [121.66671, 17.626158], [121.66671, 17.62481], [121.665362, 17.62481], [121.665362, 17.622115], [121.66671, 17.622115], [121.66671, 17.618073], [121.668057, 17.618073], [121.668057, 17.616725], [121.665362, 17.616725], [121.665362, 17.618073], [121.662668, 17.618073], [121.662668, 17.614031], [121.665362, 17.614031], [121.665362, 17.611336], [121.66671, 17.611336], [121.66671, 17.609988], [121.668057, 17.609988], [121.668057, 17.608641], [121.665362, 17.608641], [121.665362, 17.609988], [121.664015, 17.609988], [121.664015, 17.611336], [121.662668, 17.611336], [121.662668, 17.612683], [121.659973, 17.612683], [121.659973, 17.611336], [121.657278, 17.611336], [121.657278, 17.609988], [121.658625, 17.609988], [121.658625, 17.605946], [121.659973, 17.605946], [121.659973, 17.603251], [121.658625, 17.603251], [121.658625, 17.604598], [121.657278, 17.604598], [121.657278, 17.605946], [121.654583, 17.605946], [121.654583, 17.607293], [121.653235, 17.607293], [121.653235, 17.601903], [121.651888, 17.601903], [121.651888, 17.599208], [121.653235, 17.599208], [121.653235, 17.597861], [121.65593, 17.597861], [121.65593, 17.596513], [121.654583, 17.596513], [121.654583, 17.595166], [121.653235, 17.595166], [121.653235, 17.596513], [121.651888, 17.596513], [121.651888, 17.592471], [121.653235, 17.592471], [121.653235, 17.591123], [121.651888, 17.591123], [121.651888, 17.589776], [121.654583, 17.589776], [121.654583, 17.588429], [121.658625, 17.588429], [121.658625, 17.587081], [121.65593, 17.587081], [121.65593, 17.583039], [121.654583, 17.583039], [121.654583, 17.584386], [121.653235, 17.584386], [121.653235, 17.585734], [121.651888, 17.585734], [121.651888, 17.578996], [121.653235, 17.578996], [121.653235, 17.576301], [121.657278, 17.576301], [121.657278, 17.574954], [121.659973, 17.574954], [121.659973, 17.572259], [121.658625, 17.572259], [121.658625, 17.573606], [121.65593, 17.573606], [121.65593, 17.574954], [121.653235, 17.574954], [121.653235, 17.573606], [121.654583, 17.573606], [121.654583, 17.572259], [121.653235, 17.572259], [121.653235, 17.569564], [121.654583, 17.569564], [121.654583, 17.568216], [121.65593, 17.568216], [121.65593, 17.564174], [121.654583, 17.564174], [121.654583, 17.566869], [121.653235, 17.566869], [121.653235, 17.565521], [121.651888, 17.565521], [121.651888, 17.566869], [121.649193, 17.566869], [121.649193, 17.562827], [121.653235, 17.562827], [121.653235, 17.558784], [121.65593, 17.558784], [121.65593, 17.553394], [121.654583, 17.553394], [121.654583, 17.550699], [121.653235, 17.550699], [121.653235, 17.554742], [121.651888, 17.554742], [121.651888, 17.556089], [121.649193, 17.556089], [121.649193, 17.554742], [121.65054, 17.554742], [121.65054, 17.553394], [121.651888, 17.553394], [121.651888, 17.550699], [121.649193, 17.550699], [121.649193, 17.548004], [121.65054, 17.548004], [121.65054, 17.546657], [121.653235, 17.546657], [121.653235, 17.543962], [121.651888, 17.543962], [121.651888, 17.545309], [121.649193, 17.545309], [121.649193, 17.542614], [121.647845, 17.542614], [121.647845, 17.538572], [121.643803, 17.538572], [121.643803, 17.537225], [121.64515, 17.537225], [121.64515, 17.535877], [121.646498, 17.535877], [121.646498, 17.537225], [121.649193, 17.537225], [121.649193, 17.53453], [121.65054, 17.53453], [121.65054, 17.533182], [121.651888, 17.533182], [121.651888, 17.531835], [121.654583, 17.531835], [121.654583, 17.530487], [121.653235, 17.530487], [121.653235, 17.526445], [121.651888, 17.526445], [121.651888, 17.527792], [121.649193, 17.527792], [121.649193, 17.530487], [121.647845, 17.530487], [121.647845, 17.526445], [121.646498, 17.526445], [121.646498, 17.525097], [121.649193, 17.525097], [121.649193, 17.52375], [121.647845, 17.52375], [121.647845, 17.517012], [121.649193, 17.517012], [121.649193, 17.515665], [121.651888, 17.515665], [121.651888, 17.51297], [121.65054, 17.51297], [121.65054, 17.514318], [121.649193, 17.514318], [121.649193, 17.511623], [121.647845, 17.511623], [121.647845, 17.510275], [121.649193, 17.510275], [121.649193, 17.506233], [121.647845, 17.506233], [121.647845, 17.504885], [121.65054, 17.504885], [121.65054, 17.503538], [121.653235, 17.503538], [121.653235, 17.50219], [121.651888, 17.50219], [121.651888, 17.500843], [121.65054, 17.500843], [121.65054, 17.50219], [121.649193, 17.50219], [121.649193, 17.500843], [121.647845, 17.500843], [121.647845, 17.499495], [121.646498, 17.499495], [121.646498, 17.4968], [121.647845, 17.4968], [121.647845, 17.498148], [121.649193, 17.498148], [121.649193, 17.495453], [121.647845, 17.495453], [121.647845, 17.494105], [121.649193, 17.494105], [121.649193, 17.487368], [121.647845, 17.487368], [121.647845, 17.486021], [121.649193, 17.486021], [121.649193, 17.484673], [121.646498, 17.484673], [121.646498, 17.486021], [121.64515, 17.486021], [121.64515, 17.481978], [121.646498, 17.481978], [121.646498, 17.480631], [121.64515, 17.480631], [121.64515, 17.476588], [121.646498, 17.476588], [121.646498, 17.473893], [121.643803, 17.473893], [121.643803, 17.468503], [121.642455, 17.468503], [121.642455, 17.469851], [121.641108, 17.469851], [121.641108, 17.468503], [121.638413, 17.468503], [121.638413, 17.467156], [121.637066, 17.467156], [121.637066, 17.461766], [121.634371, 17.461766], [121.634371, 17.460419], [121.633023, 17.460419], [121.633023, 17.456376], [121.631676, 17.456376], [121.631676, 17.464461], [121.633023, 17.464461], [121.633023, 17.468503], [121.634371, 17.468503], [121.634371, 17.469851], [121.637066, 17.469851], [121.637066, 17.471198], [121.638413, 17.471198], [121.638413, 17.472546], [121.641108, 17.472546], [121.641108, 17.473893], [121.63976, 17.473893], [121.63976, 17.475241], [121.641108, 17.475241], [121.641108, 17.476588], [121.638413, 17.476588], [121.638413, 17.475241], [121.637066, 17.475241], [121.637066, 17.473893], [121.634371, 17.473893], [121.634371, 17.472546], [121.631676, 17.472546], [121.631676, 17.469851], [121.630328, 17.469851], [121.630328, 17.471198], [121.628981, 17.471198], [121.628981, 17.468503], [121.627633, 17.468503], [121.627633, 17.467156], [121.626286, 17.467156], [121.626286, 17.469851], [121.624938, 17.469851], [121.624938, 17.465809], [121.623591, 17.465809], [121.623591, 17.461766], [121.622243, 17.461766], [121.622243, 17.460419], [121.620896, 17.460419], [121.620896, 17.457724], [121.619548, 17.457724], [121.619548, 17.459071], [121.616853, 17.459071], [121.616853, 17.460419], [121.618201, 17.460419], [121.618201, 17.467156], [121.616853, 17.467156], [121.616853, 17.465809], [121.615506, 17.465809], [121.615506, 17.464461], [121.616853, 17.464461], [121.616853, 17.463114], [121.615506, 17.463114], [121.615506, 17.461766], [121.611464, 17.461766], [121.611464, 17.463114], [121.612811, 17.463114], [121.612811, 17.465809], [121.611464, 17.465809], [121.611464, 17.467156], [121.610116, 17.467156], [121.610116, 17.465809], [121.607421, 17.465809], [121.607421, 17.464461], [121.606074, 17.464461], [121.606074, 17.463114], [121.604726, 17.463114], [121.604726, 17.461766], [121.602031, 17.461766], [121.602031, 17.467156], [121.603379, 17.467156], [121.603379, 17.468503], [121.602031, 17.468503], [121.602031, 17.469851], [121.597989, 17.469851], [121.597989, 17.471198], [121.599336, 17.471198], [121.599336, 17.472546], [121.600684, 17.472546], [121.600684, 17.473893], [121.599336, 17.473893], [121.599336, 17.475241], [121.596641, 17.475241], [121.596641, 17.473893], [121.592599, 17.473893], [121.592599, 17.475241], [121.593946, 17.475241], [121.593946, 17.477936], [121.592599, 17.477936], [121.592599, 17.480631], [121.591251, 17.480631], [121.591251, 17.481978], [121.592599, 17.481978], [121.592599, 17.486021], [121.589904, 17.486021], [121.589904, 17.487368], [121.591251, 17.487368], [121.591251, 17.494105], [121.589904, 17.494105], [121.589904, 17.492758], [121.588557, 17.492758], [121.588557, 17.49141], [121.587209, 17.49141], [121.587209, 17.492758], [121.585862, 17.492758], [121.585862, 17.488716], [121.584514, 17.488716], [121.584514, 17.487368], [121.581819, 17.487368], [121.581819, 17.488716], [121.583167, 17.488716], [121.583167, 17.495453], [121.581819, 17.495453], [121.581819, 17.494105], [121.579124, 17.494105], [121.579124, 17.4968], [121.577777, 17.4968], [121.577777, 17.498148], [121.576429, 17.498148], [121.576429, 17.499495], [121.575082, 17.499495], [121.575082, 17.500843], [121.573734, 17.500843], [121.573734, 17.50219], [121.572387, 17.50219], [121.572387, 17.503538], [121.573734, 17.503538], [121.573734, 17.506233], [121.572387, 17.506233], [121.572387, 17.50758], [121.571039, 17.50758], [121.571039, 17.508928], [121.568344, 17.508928], [121.568344, 17.511623], [121.566997, 17.511623], [121.566997, 17.51297], [121.565649, 17.51297], [121.565649, 17.514318], [121.566997, 17.514318], [121.566997, 17.51836], [121.565649, 17.51836], [121.565649, 17.521055], [121.566997, 17.521055], [121.566997, 17.52375], [121.571039, 17.52375], [121.571039, 17.525097], [121.569692, 17.525097], [121.569692, 17.526445], [121.571039, 17.526445], [121.571039, 17.527792], [121.568344, 17.527792], [121.568344, 17.526445], [121.566997, 17.526445], [121.566997, 17.525097], [121.565649, 17.525097], [121.565649, 17.522402], [121.562955, 17.522402], [121.562955, 17.521055], [121.561607, 17.521055], [121.561607, 17.526445], [121.55487, 17.526445], [121.55487, 17.527792], [121.558912, 17.527792], [121.558912, 17.530487], [121.561607, 17.530487], [121.561607, 17.531835], [121.56026, 17.531835], [121.56026, 17.53453], [121.561607, 17.53453], [121.561607, 17.537225], [121.558912, 17.537225], [121.558912, 17.53992], [121.561607, 17.53992], [121.561607, 17.538572], [121.562955, 17.538572], [121.562955, 17.53992], [121.564302, 17.53992], [121.564302, 17.542614], [121.562955, 17.542614], [121.562955, 17.543962], [121.564302, 17.543962], [121.564302, 17.546657], [121.562955, 17.546657], [121.562955, 17.545309], [121.561607, 17.545309], [121.561607, 17.548004], [121.558912, 17.548004], [121.558912, 17.546657], [121.56026, 17.546657], [121.56026, 17.545309], [121.556217, 17.545309], [121.556217, 17.542614], [121.55487, 17.542614], [121.55487, 17.541267], [121.552175, 17.541267], [121.552175, 17.543962], [121.550827, 17.543962], [121.550827, 17.546657], [121.548132, 17.546657], [121.548132, 17.550699], [121.550827, 17.550699], [121.550827, 17.552047], [121.545437, 17.552047], [121.545437, 17.553394], [121.54409, 17.553394], [121.54409, 17.556089], [121.545437, 17.556089], [121.545437, 17.557437], [121.548132, 17.557437], [121.548132, 17.560132], [121.550827, 17.560132], [121.550827, 17.561479], [121.552175, 17.561479], [121.552175, 17.560132], [121.55487, 17.560132], [121.55487, 17.561479], [121.553522, 17.561479], [121.553522, 17.562827], [121.55487, 17.562827], [121.55487, 17.564174], [121.553522, 17.564174], [121.553522, 17.568216], [121.55487, 17.568216], [121.55487, 17.572259], [121.556217, 17.572259], [121.556217, 17.573606], [121.55487, 17.573606], [121.55487, 17.574954], [121.556217, 17.574954], [121.556217, 17.577649], [121.557565, 17.577649], [121.557565, 17.581691], [121.556217, 17.581691], [121.556217, 17.583039], [121.557565, 17.583039], [121.557565, 17.589776], [121.56026, 17.589776], [121.56026, 17.595166], [121.558912, 17.595166], [121.558912, 17.596513], [121.56026, 17.596513], [121.56026, 17.597861], [121.558912, 17.597861], [121.558912, 17.599208], [121.56026, 17.599208], [121.56026, 17.600556], [121.558912, 17.600556], [121.558912, 17.601903], [121.556217, 17.601903], [121.556217, 17.603251], [121.553522, 17.603251], [121.553522, 17.601903], [121.55487, 17.601903], [121.55487, 17.592471], [121.556217, 17.592471], [121.556217, 17.591123], [121.55487, 17.591123], [121.55487, 17.588429], [121.553522, 17.588429], [121.553522, 17.587081], [121.55487, 17.587081], [121.55487, 17.585734], [121.553522, 17.585734], [121.553522, 17.584386], [121.55487, 17.584386], [121.55487, 17.576301], [121.54948, 17.576301], [121.54948, 17.574954], [121.548132, 17.574954], [121.548132, 17.576301], [121.546785, 17.576301], [121.546785, 17.577649], [121.548132, 17.577649], [121.548132, 17.581691], [121.545437, 17.581691], [121.545437, 17.577649], [121.541395, 17.577649], [121.541395, 17.576301], [121.5387, 17.576301], [121.5387, 17.578996], [121.540047, 17.578996], [121.540047, 17.580344], [121.537353, 17.580344], [121.537353, 17.578996], [121.536005, 17.578996], [121.536005, 17.585734], [121.534658, 17.585734], [121.534658, 17.583039], [121.53331, 17.583039], [121.53331, 17.578996], [121.531963, 17.578996], [121.531963, 17.576301], [121.530615, 17.576301], [121.530615, 17.573606], [121.529268, 17.573606], [121.529268, 17.572259], [121.526573, 17.572259], [121.526573, 17.573606], [121.52792, 17.573606], [121.52792, 17.576301], [121.526573, 17.576301], [121.526573, 17.574954], [121.525225, 17.574954], [121.525225, 17.573606], [121.52253, 17.573606], [121.52253, 17.569564], [121.525225, 17.569564], [121.525225, 17.568216], [121.523878, 17.568216], [121.523878, 17.566869], [121.52253, 17.566869], [121.52253, 17.562827], [121.513098, 17.562827], [121.513098, 17.565521], [121.515793, 17.565521], [121.515793, 17.569564], [121.513098, 17.569564], [121.513098, 17.570911], [121.510403, 17.570911], [121.510403, 17.572259], [121.514445, 17.572259], [121.514445, 17.573606], [121.515793, 17.573606], [121.515793, 17.576301], [121.513098, 17.576301], [121.513098, 17.574954], [121.511751, 17.574954], [121.511751, 17.576301], [121.510403, 17.576301], [121.510403, 17.577649], [121.507708, 17.577649], [121.507708, 17.581691], [121.503666, 17.581691], [121.503666, 17.585734], [121.502318, 17.585734], [121.502318, 17.584386], [121.500971, 17.584386], [121.500971, 17.581691], [121.499623, 17.581691], [121.499623, 17.584386], [121.498276, 17.584386], [121.498276, 17.588429], [121.495581, 17.588429], [121.495581, 17.591123], [121.491538, 17.591123], [121.491538, 17.592471], [121.492886, 17.592471], [121.492886, 17.595166], [121.490191, 17.595166], [121.490191, 17.596513], [121.488844, 17.596513], [121.488844, 17.597861], [121.491538, 17.597861], [121.491538, 17.601903], [121.488844, 17.601903], [121.488844, 17.603251], [121.491538, 17.603251], [121.491538, 17.605946], [121.490191, 17.605946], [121.490191, 17.604598], [121.486149, 17.604598], [121.486149, 17.603251], [121.484801, 17.603251], [121.484801, 17.604598], [121.483454, 17.604598], [121.483454, 17.605946], [121.486149, 17.605946], [121.486149, 17.607293], [121.488844, 17.607293], [121.488844, 17.608641], [121.484801, 17.608641], [121.484801, 17.609988], [121.482106, 17.609988], [121.482106, 17.611336], [121.491538, 17.611336], [121.491538, 17.612683], [121.490191, 17.612683], [121.490191, 17.614031], [121.486149, 17.614031], [121.486149, 17.612683], [121.484801, 17.612683], [121.484801, 17.614031], [121.482106, 17.614031], [121.482106, 17.615378], [121.480759, 17.615378], [121.480759, 17.618073], [121.479411, 17.618073], [121.479411, 17.620768], [121.480759, 17.620768], [121.480759, 17.622115], [121.482106, 17.622115], [121.482106, 17.623463], [121.476716, 17.623463], [121.476716, 17.620768], [121.475369, 17.620768], [121.475369, 17.616725], [121.474021, 17.616725], [121.474021, 17.622115], [121.472674, 17.622115], [121.472674, 17.620768], [121.471326, 17.620768], [121.471326, 17.622115], [121.467284, 17.622115], [121.467284, 17.623463], [121.465936, 17.623463], [121.465936, 17.62481], [121.463242, 17.62481], [121.463242, 17.626158], [121.461894, 17.626158], [121.461894, 17.6302], [121.457852, 17.6302], [121.457852, 17.632895], [121.456504, 17.632895], [121.456504, 17.63559], [121.455157, 17.63559], [121.455157, 17.634243], [121.453809, 17.634243], [121.453809, 17.632895], [121.452462, 17.632895], [121.452462, 17.634243], [121.451114, 17.634243], [121.451114, 17.63559], [121.449767, 17.63559], [121.449767, 17.638285], [121.448419, 17.638285], [121.448419, 17.639633], [121.449767, 17.639633], [121.449767, 17.64098], [121.448419, 17.64098], [121.448419, 17.642327], [121.449767, 17.642327], [121.449767, 17.645022], [121.445724, 17.645022], [121.445724, 17.64637], [121.447072, 17.64637], [121.447072, 17.649065], [121.445724, 17.649065], [121.445724, 17.650412], [121.447072, 17.650412], [121.447072, 17.65176], [121.445724, 17.65176], [121.445724, 17.653107], [121.441682, 17.653107], [121.441682, 17.654455], [121.440334, 17.654455], [121.440334, 17.65715], [121.438987, 17.65715], [121.438987, 17.655802], [121.43764, 17.655802], [121.43764, 17.659845], [121.434945, 17.659845], [121.434945, 17.665234], [121.433597, 17.665234], [121.433597, 17.666582], [121.436292, 17.666582], [121.436292, 17.669277], [121.434945, 17.669277], [121.434945, 17.670624], [121.436292, 17.670624], [121.436292, 17.673319], [121.43764, 17.673319], [121.43764, 17.676014], [121.434945, 17.676014], [121.434945, 17.674667], [121.433597, 17.674667], [121.433597, 17.669277], [121.43225, 17.669277], [121.43225, 17.66254], [121.430902, 17.66254], [121.430902, 17.658497], [121.429555, 17.658497], [121.429555, 17.65176], [121.42686, 17.65176], [121.42686, 17.650412], [121.425512, 17.650412], [121.425512, 17.649065], [121.420122, 17.649065], [121.420122, 17.647717], [121.418775, 17.647717], [121.418775, 17.645022], [121.41608, 17.645022], [121.41608, 17.634243], [121.417427, 17.634243], [121.417427, 17.632895], [121.418775, 17.632895], [121.418775, 17.631548], [121.42147, 17.631548], [121.42147, 17.628853], [121.424165, 17.628853], [121.424165, 17.627505], [121.42147, 17.627505], [121.42147, 17.626158], [121.422817, 17.626158], [121.422817, 17.62481], [121.425512, 17.62481], [121.425512, 17.623463], [121.428207, 17.623463], [121.428207, 17.622115], [121.430902, 17.622115], [121.430902, 17.623463], [121.43225, 17.623463], [121.43225, 17.62481], [121.433597, 17.62481], [121.433597, 17.623463], [121.434945, 17.623463], [121.434945, 17.622115], [121.440334, 17.622115], [121.440334, 17.620768], [121.438987, 17.620768], [121.438987, 17.618073], [121.440334, 17.618073], [121.440334, 17.615378], [121.441682, 17.615378], [121.441682, 17.614031], [121.443029, 17.614031], [121.443029, 17.612683], [121.444377, 17.612683], [121.444377, 17.611336], [121.443029, 17.611336], [121.443029, 17.605946], [121.444377, 17.605946], [121.444377, 17.604598], [121.447072, 17.604598], [121.447072, 17.603251], [121.448419, 17.603251], [121.448419, 17.600556], [121.449767, 17.600556], [121.449767, 17.599208], [121.451114, 17.599208], [121.451114, 17.596513], [121.452462, 17.596513], [121.452462, 17.595166], [121.453809, 17.595166], [121.453809, 17.589776], [121.455157, 17.589776], [121.455157, 17.588429], [121.456504, 17.588429], [121.456504, 17.584386], [121.457852, 17.584386], [121.457852, 17.583039], [121.459199, 17.583039], [121.459199, 17.581691], [121.457852, 17.581691], [121.457852, 17.580344], [121.459199, 17.580344], [121.459199, 17.576301], [121.461894, 17.576301], [121.461894, 17.573606], [121.463242, 17.573606], [121.463242, 17.570911], [121.464589, 17.570911], [121.464589, 17.568216], [121.465936, 17.568216], [121.465936, 17.565521], [121.467284, 17.565521], [121.467284, 17.564174], [121.468631, 17.564174], [121.468631, 17.562827], [121.471326, 17.562827], [121.471326, 17.560132], [121.472674, 17.560132], [121.472674, 17.557437], [121.471326, 17.557437], [121.471326, 17.554742], [121.472674, 17.554742], [121.472674, 17.550699], [121.468631, 17.550699], [121.468631, 17.548004], [121.467284, 17.548004], [121.467284, 17.546657], [121.465936, 17.546657], [121.465936, 17.550699], [121.464589, 17.550699], [121.464589, 17.552047], [121.461894, 17.552047], [121.461894, 17.554742], [121.463242, 17.554742], [121.463242, 17.556089], [121.461894, 17.556089], [121.461894, 17.557437], [121.459199, 17.557437], [121.459199, 17.554742], [121.457852, 17.554742], [121.457852, 17.556089], [121.455157, 17.556089], [121.455157, 17.554742], [121.456504, 17.554742], [121.456504, 17.552047], [121.452462, 17.552047], [121.452462, 17.550699], [121.451114, 17.550699], [121.451114, 17.549352], [121.452462, 17.549352], [121.452462, 17.548004], [121.449767, 17.548004], [121.449767, 17.550699], [121.445724, 17.550699], [121.445724, 17.552047], [121.444377, 17.552047], [121.444377, 17.553394], [121.441682, 17.553394], [121.441682, 17.554742], [121.444377, 17.554742], [121.444377, 17.556089], [121.441682, 17.556089], [121.441682, 17.557437], [121.440334, 17.557437], [121.440334, 17.558784], [121.438987, 17.558784], [121.438987, 17.561479], [121.436292, 17.561479], [121.436292, 17.562827], [121.434945, 17.562827], [121.434945, 17.565521], [121.433597, 17.565521], [121.433597, 17.568216], [121.434945, 17.568216], [121.434945, 17.578996], [121.433597, 17.578996], [121.433597, 17.580344], [121.43225, 17.580344], [121.43225, 17.581691], [121.430902, 17.581691], [121.430902, 17.588429], [121.43225, 17.588429], [121.43225, 17.593818], [121.433597, 17.593818], [121.433597, 17.597861], [121.434945, 17.597861], [121.434945, 17.609988], [121.433597, 17.609988], [121.433597, 17.611336], [121.434945, 17.611336], [121.434945, 17.614031], [121.429555, 17.614031], [121.429555, 17.615378], [121.430902, 17.615378], [121.430902, 17.616725], [121.428207, 17.616725], [121.428207, 17.618073], [121.425512, 17.618073], [121.425512, 17.614031], [121.424165, 17.614031], [121.424165, 17.612683], [121.42147, 17.612683], [121.42147, 17.609988], [121.422817, 17.609988], [121.422817, 17.604598], [121.42147, 17.604598], [121.42147, 17.603251], [121.420122, 17.603251], [121.420122, 17.601903], [121.418775, 17.601903], [121.418775, 17.600556], [121.417427, 17.600556], [121.417427, 17.599208], [121.41608, 17.599208], [121.41608, 17.603251], [121.417427, 17.603251], [121.417427, 17.604598], [121.41608, 17.604598], [121.41608, 17.614031], [121.413385, 17.614031], [121.413385, 17.611336], [121.412038, 17.611336], [121.412038, 17.609988], [121.41069, 17.609988], [121.41069, 17.611336], [121.409343, 17.611336], [121.409343, 17.614031], [121.401258, 17.614031], [121.401258, 17.615378], [121.39991, 17.615378], [121.39991, 17.616725], [121.4053, 17.616725], [121.4053, 17.61942], [121.406648, 17.61942], [121.406648, 17.623463], [121.407995, 17.623463], [121.407995, 17.62481], [121.409343, 17.62481], [121.409343, 17.626158], [121.41069, 17.626158], [121.41069, 17.627505], [121.409343, 17.627505], [121.409343, 17.628853], [121.412038, 17.628853], [121.412038, 17.632895], [121.409343, 17.632895], [121.409343, 17.634243], [121.41069, 17.634243], [121.41069, 17.636938], [121.409343, 17.636938], [121.409343, 17.64098], [121.407995, 17.64098], [121.407995, 17.642327], [121.406648, 17.642327], [121.406648, 17.643675], [121.402605, 17.643675], [121.402605, 17.645022], [121.401258, 17.645022], [121.401258, 17.64637], [121.39991, 17.64637], [121.39991, 17.645022], [121.398563, 17.645022], [121.398563, 17.650412], [121.39991, 17.650412], [121.39991, 17.653107], [121.401258, 17.653107], [121.401258, 17.654455], [121.39991, 17.654455], [121.39991, 17.655802], [121.401258, 17.655802], [121.401258, 17.658497], [121.407995, 17.658497], [121.407995, 17.65715], [121.409343, 17.65715], [121.409343, 17.655802], [121.41069, 17.655802], [121.41069, 17.654455], [121.412038, 17.654455], [121.412038, 17.653107], [121.413385, 17.653107], [121.413385, 17.65176], [121.41608, 17.65176], [121.41608, 17.655802], [121.417427, 17.655802], [121.417427, 17.658497], [121.418775, 17.658497], [121.418775, 17.66254], [121.42147, 17.66254], [121.42147, 17.658497], [121.424165, 17.658497], [121.424165, 17.659845], [121.425512, 17.659845], [121.425512, 17.66254], [121.424165, 17.66254], [121.424165, 17.665234], [121.425512, 17.665234], [121.425512, 17.666582], [121.42686, 17.666582], [121.42686, 17.669277], [121.428207, 17.669277], [121.428207, 17.671972], [121.429555, 17.671972], [121.429555, 17.674667], [121.430902, 17.674667], [121.430902, 17.676014], [121.429555, 17.676014], [121.429555, 17.681404], [121.430902, 17.681404], [121.430902, 17.682752], [121.43225, 17.682752], [121.43225, 17.684099], [121.434945, 17.684099], [121.434945, 17.685447], [121.436292, 17.685447], [121.436292, 17.686794], [121.434945, 17.686794], [121.434945, 17.688142], [121.433597, 17.688142], [121.433597, 17.686794], [121.429555, 17.686794], [121.429555, 17.685447], [121.428207, 17.685447], [121.428207, 17.684099], [121.42686, 17.684099], [121.42686, 17.685447], [121.424165, 17.685447], [121.424165, 17.686794], [121.42686, 17.686794], [121.42686, 17.688142], [121.428207, 17.688142], [121.428207, 17.689489], [121.425512, 17.689489], [121.425512, 17.690836], [121.428207, 17.690836], [121.428207, 17.693531], [121.429555, 17.693531], [121.429555, 17.694879], [121.424165, 17.694879], [121.424165, 17.696226], [121.42686, 17.696226], [121.42686, 17.697574], [121.425512, 17.697574], [121.425512, 17.698921], [121.424165, 17.698921], [121.424165, 17.700269], [121.422817, 17.700269], [121.422817, 17.698921], [121.42147, 17.698921], [121.42147, 17.702964], [121.422817, 17.702964], [121.422817, 17.705659], [121.42147, 17.705659], [121.42147, 17.707006], [121.422817, 17.707006], [121.422817, 17.708354], [121.424165, 17.708354], [121.424165, 17.711049], [121.42686, 17.711049], [121.42686, 17.712396], [121.428207, 17.712396], [121.428207, 17.715091], [121.42686, 17.715091], [121.42686, 17.716438], [121.425512, 17.716438], [121.425512, 17.717786], [121.424165, 17.717786], [121.424165, 17.719133], [121.422817, 17.719133], [121.422817, 17.720481], [121.424165, 17.720481], [121.424165, 17.721828], [121.420122, 17.721828], [121.420122, 17.723176], [121.424165, 17.723176], [121.424165, 17.724523], [121.425512, 17.724523], [121.425512, 17.728566], [121.42686, 17.728566], [121.42686, 17.729913], [121.424165, 17.729913], [121.424165, 17.731261], [121.422817, 17.731261], [121.422817, 17.729913], [121.41608, 17.729913], [121.41608, 17.731261], [121.420122, 17.731261], [121.420122, 17.733956], [121.424165, 17.733956], [121.424165, 17.735303], [121.428207, 17.735303], [121.428207, 17.740693], [121.42686, 17.740693], [121.42686, 17.74204], [121.425512, 17.74204], [121.425512, 17.743388], [121.428207, 17.743388], [121.428207, 17.74743], [121.430902, 17.74743], [121.430902, 17.746083], [121.43225, 17.746083], [121.43225, 17.74743], [121.436292, 17.74743], [121.436292, 17.748778], [121.434945, 17.748778], [121.434945, 17.750125], [121.430902, 17.750125], [121.430902, 17.751473], [121.434945, 17.751473], [121.434945, 17.754168], [121.43225, 17.754168], [121.43225, 17.755515], [121.429555, 17.755515], [121.429555, 17.756863], [121.434945, 17.756863], [121.434945, 17.760905], [121.43225, 17.760905], [121.43225, 17.762253], [121.430902, 17.762253], [121.430902, 17.7636], [121.433597, 17.7636], [121.433597, 17.764947], [121.434945, 17.764947], [121.434945, 17.766295], [121.43225, 17.766295], [121.43225, 17.767642], [121.430902, 17.767642], [121.430902, 17.76899], [121.433597, 17.76899], [121.433597, 17.770337], [121.434945, 17.770337], [121.434945, 17.773032], [121.433597, 17.773032], [121.433597, 17.77438], [121.43225, 17.77438], [121.43225, 17.775727], [121.430902, 17.775727], [121.430902, 17.777075], [121.429555, 17.777075], [121.429555, 17.778422], [121.433597, 17.778422], [121.433597, 17.777075], [121.436292, 17.777075], [121.436292, 17.778422], [121.43764, 17.778422], [121.43764, 17.782465], [121.433597, 17.782465], [121.433597, 17.77977], [121.43225, 17.77977], [121.43225, 17.781117], [121.430902, 17.781117], [121.430902, 17.783812], [121.429555, 17.783812], [121.429555, 17.78516], [121.42686, 17.78516], [121.42686, 17.786507], [121.428207, 17.786507], [121.428207, 17.789202], [121.42686, 17.789202], [121.42686, 17.790549], [121.424165, 17.790549], [121.424165, 17.791897], [121.422817, 17.791897], [121.422817, 17.793244], [121.425512, 17.793244], [121.425512, 17.794592], [121.422817, 17.794592], [121.422817, 17.795939], [121.424165, 17.795939], [121.424165, 17.798634], [121.422817, 17.798634], [121.422817, 17.799982], [121.420122, 17.799982], [121.420122, 17.804024], [121.418775, 17.804024], [121.418775, 17.801329], [121.417427, 17.801329], [121.417427, 17.795939], [121.418775, 17.795939], [121.418775, 17.793244], [121.417427, 17.793244], [121.417427, 17.791897], [121.41608, 17.791897], [121.41608, 17.790549], [121.417427, 17.790549], [121.417427, 17.789202], [121.41608, 17.789202], [121.41608, 17.78516], [121.412038, 17.78516], [121.412038, 17.786507], [121.413385, 17.786507], [121.413385, 17.789202], [121.414732, 17.789202], [121.414732, 17.790549], [121.413385, 17.790549], [121.413385, 17.791897], [121.412038, 17.791897], [121.412038, 17.793244], [121.413385, 17.793244], [121.413385, 17.797287], [121.41069, 17.797287], [121.41069, 17.798634], [121.409343, 17.798634], [121.409343, 17.801329], [121.41069, 17.801329], [121.41069, 17.799982], [121.412038, 17.799982], [121.412038, 17.798634], [121.41608, 17.798634], [121.41608, 17.799982], [121.414732, 17.799982], [121.414732, 17.802677], [121.417427, 17.802677], [121.417427, 17.806719], [121.41608, 17.806719], [121.41608, 17.808067], [121.414732, 17.808067], [121.414732, 17.806719], [121.413385, 17.806719], [121.413385, 17.805372], [121.412038, 17.805372], [121.412038, 17.806719], [121.41069, 17.806719], [121.41069, 17.805372], [121.409343, 17.805372], [121.409343, 17.806719], [121.406648, 17.806719], [121.406648, 17.808067], [121.41069, 17.808067], [121.41069, 17.810762], [121.413385, 17.810762], [121.413385, 17.812109], [121.409343, 17.812109], [121.409343, 17.813457], [121.407995, 17.813457], [121.407995, 17.810762], [121.402605, 17.810762], [121.402605, 17.813457], [121.398563, 17.813457], [121.398563, 17.814804], [121.401258, 17.814804], [121.401258, 17.816151], [121.4053, 17.816151], [121.4053, 17.814804], [121.407995, 17.814804], [121.407995, 17.816151], [121.409343, 17.816151], [121.409343, 17.817499], [121.407995, 17.817499], [121.407995, 17.820194], [121.409343, 17.820194], [121.409343, 17.822889], [121.41069, 17.822889], [121.41069, 17.821541], [121.412038, 17.821541], [121.412038, 17.822889], [121.413385, 17.822889], [121.413385, 17.824236], [121.414732, 17.824236], [121.414732, 17.821541], [121.417427, 17.821541], [121.417427, 17.822889], [121.418775, 17.822889], [121.418775, 17.825584], [121.42147, 17.825584], [121.42147, 17.826931], [121.424165, 17.826931], [121.424165, 17.825584], [121.425512, 17.825584], [121.425512, 17.822889], [121.424165, 17.822889], [121.424165, 17.818846], [121.42686, 17.818846], [121.42686, 17.820194], [121.430902, 17.820194], [121.430902, 17.821541], [121.429555, 17.821541], [121.429555, 17.822889], [121.42686, 17.822889], [121.42686, 17.825584], [121.428207, 17.825584], [121.428207, 17.826931], [121.429555, 17.826931], [121.429555, 17.825584], [121.430902, 17.825584], [121.430902, 17.826931], [121.43225, 17.826931], [121.43225, 17.822889], [121.433597, 17.822889], [121.433597, 17.825584], [121.434945, 17.825584], [121.434945, 17.826931], [121.43764, 17.826931], [121.43764, 17.829626], [121.438987, 17.829626], [121.438987, 17.828279], [121.440334, 17.828279], [121.440334, 17.830974], [121.438987, 17.830974], [121.438987, 17.832321], [121.436292, 17.832321], [121.436292, 17.833669], [121.434945, 17.833669], [121.434945, 17.835016], [121.43764, 17.835016], [121.43764, 17.837711], [121.438987, 17.837711], [121.438987, 17.840406], [121.440334, 17.840406], [121.440334, 17.836364], [121.443029, 17.836364], [121.443029, 17.835016], [121.441682, 17.835016], [121.441682, 17.829626], [121.443029, 17.829626], [121.443029, 17.828279], [121.444377, 17.828279], [121.444377, 17.829626], [121.447072, 17.829626], [121.447072, 17.832321], [121.448419, 17.832321], [121.448419, 17.833669], [121.447072, 17.833669], [121.447072, 17.835016], [121.452462, 17.835016], [121.452462, 17.833669], [121.453809, 17.833669], [121.453809, 17.832321], [121.455157, 17.832321], [121.455157, 17.836364], [121.456504, 17.836364], [121.456504, 17.832321], [121.460547, 17.832321], [121.460547, 17.833669], [121.461894, 17.833669], [121.461894, 17.835016], [121.460547, 17.835016], [121.460547, 17.836364], [121.464589, 17.836364], [121.464589, 17.837711], [121.465936, 17.837711], [121.465936, 17.839059], [121.468631, 17.839059], [121.468631, 17.840406], [121.471326, 17.840406], [121.471326, 17.841753], [121.472674, 17.841753], [121.472674, 17.843101], [121.474021, 17.843101], [121.474021, 17.844448], [121.471326, 17.844448], [121.471326, 17.845796], [121.469979, 17.845796], [121.469979, 17.847143], [121.468631, 17.847143], [121.468631, 17.848491], [121.474021, 17.848491], [121.474021, 17.849838], [121.475369, 17.849838], [121.475369, 17.852533], [121.478064, 17.852533], [121.478064, 17.849838], [121.479411, 17.849838], [121.479411, 17.853881], [121.476716, 17.853881], [121.476716, 17.855228], [121.474021, 17.855228], [121.474021, 17.853881], [121.472674, 17.853881], [121.472674, 17.852533], [121.471326, 17.852533], [121.471326, 17.851186], [121.469979, 17.851186], [121.469979, 17.849838], [121.465936, 17.849838], [121.465936, 17.851186], [121.467284, 17.851186], [121.467284, 17.852533], [121.468631, 17.852533], [121.468631, 17.853881], [121.469979, 17.853881], [121.469979, 17.857923], [121.468631, 17.857923], [121.468631, 17.863313], [121.469979, 17.863313], [121.469979, 17.861966], [121.471326, 17.861966], [121.471326, 17.860618], [121.472674, 17.860618], [121.472674, 17.861966], [121.474021, 17.861966], [121.474021, 17.863313], [121.476716, 17.863313], [121.476716, 17.861966], [121.478064, 17.861966], [121.478064, 17.863313], [121.479411, 17.863313], [121.479411, 17.857923], [121.482106, 17.857923], [121.482106, 17.860618], [121.484801, 17.860618], [121.484801, 17.863313], [121.486149, 17.863313], [121.486149, 17.86466], [121.487496, 17.86466], [121.487496, 17.867355], [121.488844, 17.867355], [121.488844, 17.868703], [121.490191, 17.868703], [121.490191, 17.871398], [121.491538, 17.871398], [121.491538, 17.87005], [121.492886, 17.87005], [121.492886, 17.871398], [121.494233, 17.871398], [121.494233, 17.874093], [121.495581, 17.874093], [121.495581, 17.87544], [121.491538, 17.87544], [121.491538, 17.876788], [121.492886, 17.876788], [121.492886, 17.88083], [121.494233, 17.88083], [121.494233, 17.879483], [121.498276, 17.879483], [121.498276, 17.878135], [121.499623, 17.878135], [121.499623, 17.876788], [121.500971, 17.876788], [121.500971, 17.879483], [121.499623, 17.879483], [121.499623, 17.88083], [121.502318, 17.88083], [121.502318, 17.88622], [121.505013, 17.88622], [121.505013, 17.887568], [121.506361, 17.887568], [121.506361, 17.890262], [121.507708, 17.890262], [121.507708, 17.89161], [121.509056, 17.89161], [121.509056, 17.892957], [121.510403, 17.892957], [121.510403, 17.894305], [121.511751, 17.894305], [121.511751, 17.898347], [121.513098, 17.898347], [121.513098, 17.901042], [121.514445, 17.901042], [121.514445, 17.905085], [121.515793, 17.905085], [121.515793, 17.906432], [121.514445, 17.906432], [121.514445, 17.90778], [121.513098, 17.90778], [121.513098, 17.906432], [121.510403, 17.906432], [121.510403, 17.911822], [121.511751, 17.911822], [121.511751, 17.909127], [121.515793, 17.909127], [121.515793, 17.911822], [121.51714, 17.911822], [121.51714, 17.915864], [121.514445, 17.915864], [121.514445, 17.917212], [121.51714, 17.917212], [121.51714, 17.918559], [121.518488, 17.918559], [121.518488, 17.919907], [121.51714, 17.919907], [121.51714, 17.923949], [121.518488, 17.923949], [121.518488, 17.922602], [121.519835, 17.922602], [121.519835, 17.923949], [121.521183, 17.923949], [121.521183, 17.925297], [121.52253, 17.925297], [121.52253, 17.921254], [121.521183, 17.921254], [121.521183, 17.917212], [121.52253, 17.917212], [121.52253, 17.915864], [121.519835, 17.915864], [121.519835, 17.91317], [121.518488, 17.91317], [121.518488, 17.911822], [121.519835, 17.911822], [121.519835, 17.910475], [121.521183, 17.910475], [121.521183, 17.906432], [121.519835, 17.906432], [121.519835, 17.905085], [121.51714, 17.905085], [121.51714, 17.903737], [121.515793, 17.903737], [121.515793, 17.899695], [121.514445, 17.899695], [121.514445, 17.897], [121.51714, 17.897], [121.51714, 17.895652], [121.515793, 17.895652], [121.515793, 17.894305], [121.518488, 17.894305], [121.518488, 17.892957], [121.51714, 17.892957], [121.51714, 17.884873], [121.515793, 17.884873], [121.515793, 17.88622], [121.514445, 17.88622], [121.514445, 17.87544], [121.510403, 17.87544], [121.510403, 17.874093], [121.515793, 17.874093], [121.515793, 17.872745], [121.514445, 17.872745], [121.514445, 17.871398], [121.513098, 17.871398], [121.513098, 17.87005], [121.511751, 17.87005], [121.511751, 17.867355], [121.513098, 17.867355], [121.513098, 17.86466], [121.514445, 17.86466], [121.514445, 17.866008], [121.51714, 17.866008], [121.51714, 17.861966], [121.515793, 17.861966], [121.515793, 17.860618], [121.511751, 17.860618], [121.511751, 17.856576], [121.510403, 17.856576], [121.510403, 17.855228], [121.515793, 17.855228], [121.515793, 17.856576], [121.51714, 17.856576], [121.51714, 17.855228], [121.518488, 17.855228], [121.518488, 17.857923], [121.519835, 17.857923], [121.519835, 17.861966], [121.521183, 17.861966], [121.521183, 17.860618], [121.523878, 17.860618], [121.523878, 17.859271], [121.526573, 17.859271], [121.526573, 17.857923], [121.52792, 17.857923], [121.52792, 17.859271], [121.529268, 17.859271], [121.529268, 17.861966], [121.530615, 17.861966], [121.530615, 17.863313], [121.531963, 17.863313], [121.531963, 17.86466], [121.534658, 17.86466], [121.534658, 17.866008], [121.536005, 17.866008], [121.536005, 17.867355], [121.534658, 17.867355], [121.534658, 17.868703], [121.53331, 17.868703], [121.53331, 17.87005], [121.530615, 17.87005], [121.530615, 17.871398], [121.531963, 17.871398], [121.531963, 17.872745], [121.53331, 17.872745], [121.53331, 17.874093], [121.534658, 17.874093], [121.534658, 17.87544], [121.537353, 17.87544], [121.537353, 17.876788], [121.540047, 17.876788], [121.540047, 17.878135], [121.542742, 17.878135], [121.542742, 17.87544], [121.545437, 17.87544], [121.545437, 17.878135], [121.546785, 17.878135], [121.546785, 17.879483], [121.548132, 17.879483], [121.548132, 17.882178], [121.546785, 17.882178], [121.546785, 17.88083], [121.542742, 17.88083], [121.542742, 17.88622], [121.54409, 17.88622], [121.54409, 17.888915], [121.546785, 17.888915], [121.546785, 17.890262], [121.548132, 17.890262], [121.548132, 17.89161], [121.550827, 17.89161], [121.550827, 17.897], [121.552175, 17.897], [121.552175, 17.898347], [121.553522, 17.898347], [121.553522, 17.899695], [121.556217, 17.899695], [121.556217, 17.901042], [121.55487, 17.901042], [121.55487, 17.90239], [121.553522, 17.90239], [121.553522, 17.903737], [121.55487, 17.903737], [121.55487, 17.905085], [121.556217, 17.905085], [121.556217, 17.909127], [121.55487, 17.909127], [121.55487, 17.910475], [121.553522, 17.910475], [121.553522, 17.911822], [121.557565, 17.911822], [121.557565, 17.910475], [121.56026, 17.910475], [121.56026, 17.911822], [121.566997, 17.911822], [121.566997, 17.91317], [121.565649, 17.91317], [121.565649, 17.914517], [121.564302, 17.914517], [121.564302, 17.915864], [121.562955, 17.915864], [121.562955, 17.917212], [121.565649, 17.917212], [121.565649, 17.915864], [121.566997, 17.915864], [121.566997, 17.917212], [121.568344, 17.917212], [121.568344, 17.918559], [121.566997, 17.918559], [121.566997, 17.922602], [121.565649, 17.922602], [121.565649, 17.923949], [121.569692, 17.923949], [121.569692, 17.926644], [121.573734, 17.926644], [121.573734, 17.929339], [121.571039, 17.929339], [121.571039, 17.930687], [121.572387, 17.930687], [121.572387, 17.932034], [121.573734, 17.932034], [121.573734, 17.934729], [121.575082, 17.934729], [121.575082, 17.930687], [121.579124, 17.930687], [121.579124, 17.933382], [121.580472, 17.933382], [121.580472, 17.940119], [121.585862, 17.940119], [121.585862, 17.942814], [121.588557, 17.942814], [121.588557, 17.945509], [121.587209, 17.945509], [121.587209, 17.946856], [121.585862, 17.946856], [121.585862, 17.953594], [121.587209, 17.953594], [121.587209, 17.954941], [121.588557, 17.954941], [121.588557, 17.956289], [121.589904, 17.956289], [121.589904, 17.957636], [121.591251, 17.957636], [121.591251, 17.956289], [121.592599, 17.956289], [121.592599, 17.958984], [121.591251, 17.958984], [121.591251, 17.960331], [121.589904, 17.960331], [121.589904, 17.961679], [121.592599, 17.961679], [121.592599, 17.964373], [121.591251, 17.964373], [121.591251, 17.963026], [121.589904, 17.963026], [121.589904, 17.965721], [121.588557, 17.965721], [121.588557, 17.964373], [121.587209, 17.964373], [121.587209, 17.963026], [121.585862, 17.963026], [121.585862, 17.965721], [121.587209, 17.965721], [121.587209, 17.967068], [121.592599, 17.967068], [121.592599, 17.968416], [121.591251, 17.968416], [121.591251, 17.969763], [121.589904, 17.969763], [121.589904, 17.971111], [121.587209, 17.971111], [121.587209, 17.973806], [121.584514, 17.973806], [121.584514, 17.975153], [121.583167, 17.975153], [121.583167, 17.973806], [121.581819, 17.973806], [121.581819, 17.972458], [121.580472, 17.972458], [121.580472, 17.971111], [121.579124, 17.971111], [121.579124, 17.975153], [121.576429, 17.975153], [121.576429, 17.976501], [121.577777, 17.976501], [121.577777, 17.977848], [121.576429, 17.977848], [121.576429, 17.979196], [121.575082, 17.979196], [121.575082, 17.977848], [121.573734, 17.977848], [121.573734, 17.975153], [121.566997, 17.975153], [121.566997, 17.973806], [121.565649, 17.973806], [121.565649, 17.972458], [121.56026, 17.972458], [121.56026, 17.975153], [121.558912, 17.975153], [121.558912, 17.971111], [121.561607, 17.971111], [121.561607, 17.969763], [121.558912, 17.969763], [121.558912, 17.968416], [121.564302, 17.968416], [121.564302, 17.969763], [121.566997, 17.969763], [121.566997, 17.971111], [121.568344, 17.971111], [121.568344, 17.969763], [121.569692, 17.969763], [121.569692, 17.967068], [121.571039, 17.967068], [121.571039, 17.965721], [121.572387, 17.965721], [121.572387, 17.964373], [121.573734, 17.964373], [121.573734, 17.963026], [121.566997, 17.963026], [121.566997, 17.964373], [121.568344, 17.964373], [121.568344, 17.967068], [121.565649, 17.967068], [121.565649, 17.965721], [121.562955, 17.965721], [121.562955, 17.964373], [121.561607, 17.964373], [121.561607, 17.963026], [121.55487, 17.963026], [121.55487, 17.964373], [121.556217, 17.964373], [121.556217, 17.967068], [121.55487, 17.967068], [121.55487, 17.965721], [121.553522, 17.965721], [121.553522, 17.963026], [121.552175, 17.963026], [121.552175, 17.961679], [121.550827, 17.961679], [121.550827, 17.958984], [121.54948, 17.958984], [121.54948, 17.956289], [121.548132, 17.956289], [121.548132, 17.954941], [121.546785, 17.954941], [121.546785, 17.953594], [121.545437, 17.953594], [121.545437, 17.952246], [121.54409, 17.952246], [121.54409, 17.949551], [121.542742, 17.949551], [121.542742, 17.946856], [121.541395, 17.946856], [121.541395, 17.945509], [121.542742, 17.945509], [121.542742, 17.944161], [121.5387, 17.944161], [121.5387, 17.942814], [121.537353, 17.942814], [121.537353, 17.941466], [121.536005, 17.941466], [121.536005, 17.940119], [121.534658, 17.940119], [121.534658, 17.937424], [121.536005, 17.937424], [121.536005, 17.936077], [121.534658, 17.936077], [121.534658, 17.933382], [121.53331, 17.933382], [121.53331, 17.934729], [121.531963, 17.934729], [121.531963, 17.936077], [121.530615, 17.936077], [121.530615, 17.934729], [121.529268, 17.934729], [121.529268, 17.937424], [121.52792, 17.937424], [121.52792, 17.938771], [121.526573, 17.938771], [121.526573, 17.937424], [121.525225, 17.937424], [121.525225, 17.933382], [121.529268, 17.933382], [121.529268, 17.932034], [121.52792, 17.932034], [121.52792, 17.929339], [121.530615, 17.929339], [121.530615, 17.927992], [121.529268, 17.927992], [121.529268, 17.926644], [121.526573, 17.926644], [121.526573, 17.927992], [121.523878, 17.927992], [121.523878, 17.926644], [121.52253, 17.926644], [121.52253, 17.929339], [121.518488, 17.929339], [121.518488, 17.930687], [121.523878, 17.930687], [121.523878, 17.933382], [121.52253, 17.933382], [121.52253, 17.934729], [121.521183, 17.934729], [121.521183, 17.936077], [121.523878, 17.936077], [121.523878, 17.937424], [121.52253, 17.937424], [121.52253, 17.940119], [121.521183, 17.940119], [121.521183, 17.941466], [121.518488, 17.941466], [121.518488, 17.940119], [121.51714, 17.940119], [121.51714, 17.938771], [121.514445, 17.938771], [121.514445, 17.940119], [121.515793, 17.940119], [121.515793, 17.941466], [121.51714, 17.941466], [121.51714, 17.942814], [121.514445, 17.942814], [121.514445, 17.944161], [121.51714, 17.944161], [121.51714, 17.945509], [121.518488, 17.945509], [121.518488, 17.948204], [121.521183, 17.948204], [121.521183, 17.949551], [121.52253, 17.949551], [121.52253, 17.950899], [121.525225, 17.950899], [121.525225, 17.952246], [121.526573, 17.952246], [121.526573, 17.953594], [121.52792, 17.953594], [121.52792, 17.954941], [121.529268, 17.954941], [121.529268, 17.956289], [121.52792, 17.956289], [121.52792, 17.960331], [121.526573, 17.960331], [121.526573, 17.958984], [121.525225, 17.958984], [121.525225, 17.957636], [121.526573, 17.957636], [121.526573, 17.956289], [121.52253, 17.956289], [121.52253, 17.958984], [121.519835, 17.958984], [121.519835, 17.963026], [121.521183, 17.963026], [121.521183, 17.960331], [121.52253, 17.960331], [121.52253, 17.964373], [121.525225, 17.964373], [121.525225, 17.965721], [121.523878, 17.965721], [121.523878, 17.968416], [121.525225, 17.968416], [121.525225, 17.969763], [121.526573, 17.969763], [121.526573, 17.971111], [121.52792, 17.971111], [121.52792, 17.969763], [121.530615, 17.969763], [121.530615, 17.971111], [121.529268, 17.971111], [121.529268, 17.972458], [121.530615, 17.972458], [121.530615, 17.973806], [121.529268, 17.973806], [121.529268, 17.977848], [121.530615, 17.977848], [121.530615, 17.979196], [121.531963, 17.979196], [121.531963, 17.977848], [121.53331, 17.977848], [121.53331, 17.976501], [121.534658, 17.976501], [121.534658, 17.977848], [121.536005, 17.977848], [121.536005, 17.980543], [121.537353, 17.980543], [121.537353, 17.981891], [121.542742, 17.981891], [121.542742, 17.983238], [121.54409, 17.983238], [121.54409, 17.984586], [121.542742, 17.984586], [121.542742, 17.988628], [121.541395, 17.988628], [121.541395, 17.987281], [121.537353, 17.987281], [121.537353, 17.988628], [121.536005, 17.988628], [121.536005, 17.99267], [121.5387, 17.99267], [121.5387, 17.994018], [121.536005, 17.994018], [121.536005, 17.995365], [121.53331, 17.995365], [121.53331, 17.99806], [121.534658, 17.99806], [121.534658, 17.999408], [121.536005, 17.999408], [121.536005, 17.99806], [121.537353, 17.99806], [121.537353, 17.999408], [121.5387, 17.999408], [121.5387, 18.000755], [121.537353, 18.000755], [121.537353, 18.002103], [121.536005, 18.002103], [121.536005, 18.004798], [121.541395, 18.004798], [121.541395, 18.006145], [121.540047, 18.006145], [121.540047, 18.007493], [121.5387, 18.007493], [121.5387, 18.00884], [121.542742, 18.00884], [121.542742, 18.011535], [121.54409, 18.011535], [121.54409, 18.00884], [121.545437, 18.00884], [121.545437, 18.006145], [121.546785, 18.006145], [121.546785, 18.010188], [121.548132, 18.010188], [121.548132, 18.011535], [121.54948, 18.011535], [121.54948, 18.015577], [121.552175, 18.015577], [121.552175, 18.012883], [121.553522, 18.012883], [121.553522, 18.011535], [121.557565, 18.011535], [121.557565, 18.012883], [121.558912, 18.012883], [121.558912, 18.01962], [121.561607, 18.01962], [121.561607, 18.020967], [121.562955, 18.020967], [121.562955, 18.01962], [121.564302, 18.01962], [121.564302, 18.023662], [121.566997, 18.023662], [121.566997, 18.02501], [121.569692, 18.02501], [121.569692, 18.026357], [121.568344, 18.026357], [121.568344, 18.027705], [121.566997, 18.027705], [121.566997, 18.029052], [121.564302, 18.029052], [121.564302, 18.031747], [121.562955, 18.031747], [121.562955, 18.029052], [121.561607, 18.029052], [121.561607, 18.0304], [121.558912, 18.0304], [121.558912, 18.029052], [121.55487, 18.029052], [121.55487, 18.026357], [121.552175, 18.026357], [121.552175, 18.027705], [121.54948, 18.027705], [121.54948, 18.029052], [121.546785, 18.029052], [121.546785, 18.027705], [121.54409, 18.027705], [121.54409, 18.026357], [121.542742, 18.026357], [121.542742, 18.029052], [121.541395, 18.029052], [121.541395, 18.0304], [121.54409, 18.0304], [121.54409, 18.031747], [121.5387, 18.031747], [121.5387, 18.026357], [121.537353, 18.026357], [121.537353, 18.02501], [121.536005, 18.02501], [121.536005, 18.026357], [121.534658, 18.026357], [121.534658, 18.027705], [121.536005, 18.027705], [121.536005, 18.029052], [121.534658, 18.029052], [121.534658, 18.031747], [121.529268, 18.031747], [121.529268, 18.027705], [121.530615, 18.027705], [121.530615, 18.026357], [121.529268, 18.026357], [121.529268, 18.02501], [121.52792, 18.02501], [121.52792, 18.027705], [121.526573, 18.027705], [121.526573, 18.026357], [121.525225, 18.026357], [121.525225, 18.029052], [121.523878, 18.029052], [121.523878, 18.027705], [121.52253, 18.027705], [121.52253, 18.023662], [121.521183, 18.023662], [121.521183, 18.02501], [121.518488, 18.02501], [121.518488, 18.026357], [121.51714, 18.026357], [121.51714, 18.02501], [121.515793, 18.02501], [121.515793, 18.026357], [121.513098, 18.026357], [121.513098, 18.023662], [121.511751, 18.023662], [121.511751, 18.022315], [121.514445, 18.022315], [121.514445, 18.01962], [121.510403, 18.01962], [121.510403, 18.016925], [121.509056, 18.016925], [121.509056, 18.015577], [121.507708, 18.015577], [121.507708, 18.016925], [121.506361, 18.016925], [121.506361, 18.01423], [121.505013, 18.01423], [121.505013, 18.012883], [121.503666, 18.012883], [121.503666, 18.011535], [121.502318, 18.011535], [121.502318, 18.012883], [121.499623, 18.012883], [121.499623, 18.010188], [121.498276, 18.010188], [121.498276, 18.006145], [121.495581, 18.006145], [121.495581, 18.010188], [121.494233, 18.010188], [121.494233, 18.00884], [121.492886, 18.00884], [121.492886, 18.007493], [121.494233, 18.007493], [121.494233, 18.00345], [121.495581, 18.00345], [121.495581, 18.000755], [121.491538, 18.000755], [121.491538, 18.002103], [121.490191, 18.002103], [121.490191, 17.99806], [121.491538, 17.99806], [121.491538, 17.996713], [121.488844, 17.996713], [121.488844, 17.995365], [121.490191, 17.995365], [121.490191, 17.994018], [121.488844, 17.994018], [121.488844, 17.99267], [121.487496, 17.99267], [121.487496, 17.988628], [121.486149, 17.988628], [121.486149, 17.989975], [121.484801, 17.989975], [121.484801, 17.988628], [121.482106, 17.988628], [121.482106, 17.987281], [121.479411, 17.987281], [121.479411, 17.985933], [121.482106, 17.985933], [121.482106, 17.984586], [121.480759, 17.984586], [121.480759, 17.983238], [121.479411, 17.983238], [121.479411, 17.981891], [121.476716, 17.981891], [121.476716, 17.979196], [121.479411, 17.979196], [121.479411, 17.977848], [121.478064, 17.977848], [121.478064, 17.976501], [121.476716, 17.976501], [121.476716, 17.977848], [121.475369, 17.977848], [121.475369, 17.979196], [121.472674, 17.979196], [121.472674, 17.980543], [121.469979, 17.980543], [121.469979, 17.979196], [121.471326, 17.979196], [121.471326, 17.977848], [121.469979, 17.977848], [121.469979, 17.976501], [121.468631, 17.976501], [121.468631, 17.975153], [121.472674, 17.975153], [121.472674, 17.973806], [121.474021, 17.973806], [121.474021, 17.972458], [121.472674, 17.972458], [121.472674, 17.969763], [121.471326, 17.969763], [121.471326, 17.967068], [121.467284, 17.967068], [121.467284, 17.965721], [121.465936, 17.965721], [121.465936, 17.964373], [121.464589, 17.964373], [121.464589, 17.965721], [121.463242, 17.965721], [121.463242, 17.968416], [121.464589, 17.968416], [121.464589, 17.969763], [121.463242, 17.969763], [121.463242, 17.975153], [121.459199, 17.975153], [121.459199, 17.976501], [121.456504, 17.976501], [121.456504, 17.975153], [121.453809, 17.975153], [121.453809, 17.971111], [121.452462, 17.971111], [121.452462, 17.967068], [121.453809, 17.967068], [121.453809, 17.964373], [121.452462, 17.964373], [121.452462, 17.963026], [121.449767, 17.963026], [121.449767, 17.961679], [121.448419, 17.961679], [121.448419, 17.958984], [121.449767, 17.958984], [121.449767, 17.953594], [121.448419, 17.953594], [121.448419, 17.954941], [121.447072, 17.954941], [121.447072, 17.956289], [121.444377, 17.956289], [121.444377, 17.953594], [121.445724, 17.953594], [121.445724, 17.952246], [121.447072, 17.952246], [121.447072, 17.949551], [121.445724, 17.949551], [121.445724, 17.950899], [121.444377, 17.950899], [121.444377, 17.952246], [121.441682, 17.952246], [121.441682, 17.949551], [121.440334, 17.949551], [121.440334, 17.946856], [121.438987, 17.946856], [121.438987, 17.942814], [121.440334, 17.942814], [121.440334, 17.940119], [121.441682, 17.940119], [121.441682, 17.941466], [121.444377, 17.941466], [121.444377, 17.940119], [121.445724, 17.940119], [121.445724, 17.941466], [121.447072, 17.941466], [121.447072, 17.938771], [121.443029, 17.938771], [121.443029, 17.937424], [121.441682, 17.937424], [121.441682, 17.933382], [121.440334, 17.933382], [121.440334, 17.938771], [121.43764, 17.938771], [121.43764, 17.941466], [121.436292, 17.941466], [121.436292, 17.937424], [121.43764, 17.937424], [121.43764, 17.933382], [121.43225, 17.933382], [121.43225, 17.932034], [121.430902, 17.932034], [121.430902, 17.930687], [121.429555, 17.930687], [121.429555, 17.929339], [121.428207, 17.929339], [121.428207, 17.927992], [121.42686, 17.927992], [121.42686, 17.926644], [121.425512, 17.926644], [121.425512, 17.923949], [121.424165, 17.923949], [121.424165, 17.922602], [121.422817, 17.922602], [121.422817, 17.923949], [121.42147, 17.923949], [121.42147, 17.922602], [121.420122, 17.922602], [121.420122, 17.921254], [121.41608, 17.921254], [121.41608, 17.919907], [121.414732, 17.919907], [121.414732, 17.918559], [121.412038, 17.918559], [121.412038, 17.919907], [121.41069, 17.919907], [121.41069, 17.918559], [121.409343, 17.918559], [121.409343, 17.922602], [121.41069, 17.922602], [121.41069, 17.921254], [121.412038, 17.921254], [121.412038, 17.922602], [121.413385, 17.922602], [121.413385, 17.923949], [121.41608, 17.923949], [121.41608, 17.925297], [121.417427, 17.925297], [121.417427, 17.926644], [121.418775, 17.926644], [121.418775, 17.927992], [121.420122, 17.927992], [121.420122, 17.929339], [121.42147, 17.929339], [121.42147, 17.930687], [121.422817, 17.930687], [121.422817, 17.932034], [121.425512, 17.932034], [121.425512, 17.933382], [121.42686, 17.933382], [121.42686, 17.934729], [121.428207, 17.934729], [121.428207, 17.937424], [121.429555, 17.937424], [121.429555, 17.940119], [121.428207, 17.940119], [121.428207, 17.942814], [121.430902, 17.942814], [121.430902, 17.944161], [121.43225, 17.944161], [121.43225, 17.945509], [121.433597, 17.945509], [121.433597, 17.948204], [121.434945, 17.948204], [121.434945, 17.950899], [121.436292, 17.950899], [121.436292, 17.952246], [121.43764, 17.952246], [121.43764, 17.954941], [121.438987, 17.954941], [121.438987, 17.957636], [121.440334, 17.957636], [121.440334, 17.968416], [121.443029, 17.968416], [121.443029, 17.971111], [121.444377, 17.971111], [121.444377, 17.975153], [121.445724, 17.975153], [121.445724, 17.977848], [121.444377, 17.977848], [121.444377, 17.980543], [121.445724, 17.980543], [121.445724, 17.979196], [121.448419, 17.979196], [121.448419, 17.980543], [121.447072, 17.980543], [121.447072, 17.987281], [121.448419, 17.987281], [121.448419, 17.988628], [121.449767, 17.988628], [121.449767, 17.987281], [121.451114, 17.987281], [121.451114, 17.985933], [121.452462, 17.985933], [121.452462, 17.987281], [121.453809, 17.987281], [121.453809, 17.988628], [121.457852, 17.988628], [121.457852, 17.989975], [121.459199, 17.989975], [121.459199, 17.99267], [121.460547, 17.99267], [121.460547, 17.988628], [121.461894, 17.988628], [121.461894, 17.987281], [121.463242, 17.987281], [121.463242, 17.989975], [121.461894, 17.989975], [121.461894, 17.994018], [121.463242, 17.994018], [121.463242, 17.995365], [121.461894, 17.995365], [121.461894, 17.996713], [121.460547, 17.996713], [121.460547, 17.995365], [121.459199, 17.995365], [121.459199, 17.994018], [121.456504, 17.994018], [121.456504, 17.995365], [121.455157, 17.995365], [121.455157, 17.99806], [121.456504, 17.99806], [121.456504, 17.996713], [121.457852, 17.996713], [121.457852, 18.002103], [121.456504, 18.002103], [121.456504, 18.00345], [121.455157, 18.00345], [121.455157, 18.004798], [121.453809, 18.004798], [121.453809, 18.011535], [121.452462, 18.011535], [121.452462, 18.012883], [121.451114, 18.012883], [121.451114, 18.01423], [121.456504, 18.01423], [121.456504, 18.012883], [121.457852, 18.012883], [121.457852, 18.011535], [121.459199, 18.011535], [121.459199, 18.012883], [121.461894, 18.012883], [121.461894, 18.01423], [121.463242, 18.01423], [121.463242, 18.016925], [121.461894, 18.016925], [121.461894, 18.015577], [121.460547, 18.015577], [121.460547, 18.020967], [121.459199, 18.020967], [121.459199, 18.02501], [121.460547, 18.02501], [121.460547, 18.026357], [121.456504, 18.026357], [121.456504, 18.027705], [121.453809, 18.027705], [121.453809, 18.029052], [121.456504, 18.029052], [121.456504, 18.0304], [121.457852, 18.0304], [121.457852, 18.029052], [121.459199, 18.029052], [121.459199, 18.031747], [121.460547, 18.031747], [121.460547, 18.033095], [121.455157, 18.033095], [121.455157, 18.034442], [121.456504, 18.034442], [121.456504, 18.03579], [121.455157, 18.03579], [121.455157, 18.037137], [121.457852, 18.037137], [121.457852, 18.038484], [121.461894, 18.038484], [121.461894, 18.039832], [121.463242, 18.039832], [121.463242, 18.041179], [121.464589, 18.041179], [121.464589, 18.042527], [121.461894, 18.042527], [121.461894, 18.043874], [121.463242, 18.043874], [121.463242, 18.045222], [121.464589, 18.045222], [121.464589, 18.043874], [121.465936, 18.043874], [121.465936, 18.045222], [121.467284, 18.045222], [121.467284, 18.041179], [121.469979, 18.041179], [121.469979, 18.039832], [121.468631, 18.039832], [121.468631, 18.038484], [121.465936, 18.038484], [121.465936, 18.037137], [121.464589, 18.037137], [121.464589, 18.034442], [121.465936, 18.034442], [121.465936, 18.031747], [121.467284, 18.031747], [121.467284, 18.033095], [121.468631, 18.033095], [121.468631, 18.034442], [121.469979, 18.034442], [121.469979, 18.037137], [121.472674, 18.037137], [121.472674, 18.038484], [121.475369, 18.038484], [121.475369, 18.039832], [121.478064, 18.039832], [121.478064, 18.041179], [121.479411, 18.041179], [121.479411, 18.038484], [121.476716, 18.038484], [121.476716, 18.03579], [121.475369, 18.03579], [121.475369, 18.0304], [121.479411, 18.0304], [121.479411, 18.031747], [121.484801, 18.031747], [121.484801, 18.03579], [121.486149, 18.03579], [121.486149, 18.037137], [121.487496, 18.037137], [121.487496, 18.038484], [121.490191, 18.038484], [121.490191, 18.039832], [121.491538, 18.039832], [121.491538, 18.041179], [121.492886, 18.041179], [121.492886, 18.043874], [121.495581, 18.043874], [121.495581, 18.045222], [121.496928, 18.045222], [121.496928, 18.043874], [121.498276, 18.043874], [121.498276, 18.045222], [121.499623, 18.045222], [121.499623, 18.046569], [121.503666, 18.046569], [121.503666, 18.050612], [121.502318, 18.050612], [121.502318, 18.051959], [121.500971, 18.051959], [121.500971, 18.053307], [121.499623, 18.053307], [121.499623, 18.051959], [121.495581, 18.051959], [121.495581, 18.050612], [121.494233, 18.050612], [121.494233, 18.049264], [121.492886, 18.049264], [121.492886, 18.050612], [121.490191, 18.050612], [121.490191, 18.049264], [121.488844, 18.049264], [121.488844, 18.047917], [121.487496, 18.047917], [121.487496, 18.046569], [121.486149, 18.046569], [121.486149, 18.045222], [121.484801, 18.045222], [121.484801, 18.043874], [121.483454, 18.043874], [121.483454, 18.042527], [121.479411, 18.042527], [121.479411, 18.043874], [121.478064, 18.043874], [121.478064, 18.045222], [121.475369, 18.045222], [121.475369, 18.043874], [121.472674, 18.043874], [121.472674, 18.045222], [121.474021, 18.045222], [121.474021, 18.046569], [121.479411, 18.046569], [121.479411, 18.049264], [121.482106, 18.049264], [121.482106, 18.051959], [121.483454, 18.051959], [121.483454, 18.050612], [121.484801, 18.050612], [121.484801, 18.051959], [121.486149, 18.051959], [121.486149, 18.053307], [121.487496, 18.053307], [121.487496, 18.051959], [121.491538, 18.051959], [121.491538, 18.056002], [121.492886, 18.056002], [121.492886, 18.057349], [121.498276, 18.057349], [121.498276, 18.060044], [121.495581, 18.060044], [121.495581, 18.062739], [121.494233, 18.062739], [121.494233, 18.065434], [121.492886, 18.065434], [121.492886, 18.066781], [121.491538, 18.066781], [121.491538, 18.068129], [121.490191, 18.068129], [121.490191, 18.066781], [121.480759, 18.066781], [121.480759, 18.068129], [121.478064, 18.068129], [121.478064, 18.069476], [121.475369, 18.069476], [121.475369, 18.070824], [121.474021, 18.070824], [121.474021, 18.072171], [121.469979, 18.072171], [121.469979, 18.070824], [121.468631, 18.070824], [121.468631, 18.072171], [121.467284, 18.072171], [121.467284, 18.074866], [121.465936, 18.074866], [121.465936, 18.076214], [121.463242, 18.076214], [121.463242, 18.077561], [121.461894, 18.077561], [121.461894, 18.076214], [121.460547, 18.076214], [121.460547, 18.074866], [121.459199, 18.074866], [121.459199, 18.073519], [121.457852, 18.073519], [121.457852, 18.072171], [121.456504, 18.072171], [121.456504, 18.070824], [121.455157, 18.070824], [121.455157, 18.074866], [121.456504, 18.074866], [121.456504, 18.076214], [121.459199, 18.076214], [121.459199, 18.078909], [121.460547, 18.078909], [121.460547, 18.080256], [121.461894, 18.080256], [121.461894, 18.081604], [121.460547, 18.081604], [121.460547, 18.082951], [121.457852, 18.082951], [121.457852, 18.084299], [121.457097, 18.084299], [121.463433, 18.090965], [121.474113, 18.092374], [121.475901, 18.09934], [121.489711, 18.100566], [121.493622, 18.103598], [121.498045, 18.104735], [121.5032, 18.10873], [121.504167, 18.112498]], [[121.847271, 18.064086], [121.847271, 18.065434], [121.848619, 18.065434], [121.848619, 18.066781], [121.847271, 18.066781], [121.847271, 18.068129], [121.845924, 18.068129], [121.845924, 18.069476], [121.844576, 18.069476], [121.844576, 18.068129], [121.843229, 18.068129], [121.843229, 18.066781], [121.841881, 18.066781], [121.841881, 18.065434], [121.840534, 18.065434], [121.840534, 18.062739], [121.841881, 18.062739], [121.841881, 18.061392], [121.840534, 18.061392], [121.840534, 18.058697], [121.839186, 18.058697], [121.839186, 18.057349], [121.840534, 18.057349], [121.840534, 18.056002], [121.847271, 18.056002], [121.847271, 18.058697], [121.845924, 18.058697], [121.845924, 18.061392], [121.847271, 18.061392], [121.847271, 18.060044], [121.848619, 18.060044], [121.848619, 18.057349], [121.854009, 18.057349], [121.854009, 18.058697], [121.855356, 18.058697], [121.855356, 18.060044], [121.854009, 18.060044], [121.854009, 18.061392], [121.852661, 18.061392], [121.852661, 18.064086], [121.847271, 18.064086]], [[121.78933, 17.663887], [121.787982, 17.663887], [121.787982, 17.661192], [121.786635, 17.661192], [121.786635, 17.659845], [121.787982, 17.659845], [121.787982, 17.655802], [121.786635, 17.655802], [121.786635, 17.65715], [121.785288, 17.65715], [121.785288, 17.658497], [121.78394, 17.658497], [121.78394, 17.654455], [121.782593, 17.654455], [121.782593, 17.653107], [121.78394, 17.653107], [121.78394, 17.65176], [121.785288, 17.65176], [121.785288, 17.649065], [121.78394, 17.649065], [121.78394, 17.647717], [121.787982, 17.647717], [121.787982, 17.64637], [121.785288, 17.64637], [121.785288, 17.645022], [121.78394, 17.645022], [121.78394, 17.642327], [121.785288, 17.642327], [121.785288, 17.643675], [121.78933, 17.643675], [121.78933, 17.642327], [121.787982, 17.642327], [121.787982, 17.64098], [121.790677, 17.64098], [121.790677, 17.639633], [121.78933, 17.639633], [121.78933, 17.631548], [121.790677, 17.631548], [121.790677, 17.638285], [121.792025, 17.638285], [121.792025, 17.64098], [121.793372, 17.64098], [121.793372, 17.649065], [121.792025, 17.649065], [121.792025, 17.66254], [121.790677, 17.66254], [121.790677, 17.665234], [121.78933, 17.665234], [121.78933, 17.663887]], [[121.965849, 17.14511], [121.965849, 17.143762], [121.964501, 17.143762], [121.964501, 17.142415], [121.961807, 17.142415], [121.961807, 17.141068], [121.964501, 17.141068], [121.964501, 17.13972], [121.967196, 17.13972], [121.967196, 17.141068], [121.968544, 17.141068], [121.968544, 17.14511], [121.965849, 17.14511]], [[121.986061, 16.913345], [121.984714, 16.913345], [121.984714, 16.911997], [121.983366, 16.911997], [121.983366, 16.914692], [121.986061, 16.914692], [121.986061, 16.91604], [121.982019, 16.91604], [121.982019, 16.914692], [121.980671, 16.914692], [121.980671, 16.913345], [121.979324, 16.913345], [121.979324, 16.91065], [121.983366, 16.91065], [121.983366, 16.909302], [121.986061, 16.909302], [121.986061, 16.913345]], [[121.979324, 16.914692], [121.977976, 16.914692], [121.977976, 16.91604], [121.979324, 16.91604], [121.979324, 16.917387], [121.973934, 16.917387], [121.973934, 16.91604], [121.972586, 16.91604], [121.972586, 16.917387], [121.971239, 16.917387], [121.971239, 16.914692], [121.973934, 16.914692], [121.973934, 16.913345], [121.975281, 16.913345], [121.975281, 16.911997], [121.976629, 16.911997], [121.976629, 16.91065], [121.977976, 16.91065], [121.977976, 16.913345], [121.979324, 16.913345], [121.979324, 16.914692]], [[121.969891, 16.87831], [121.964501, 16.87831], [121.964501, 16.879658], [121.961807, 16.879658], [121.961807, 16.87831], [121.960459, 16.87831], [121.960459, 16.875615], [121.965849, 16.875615], [121.965849, 16.876963], [121.969891, 16.876963], [121.969891, 16.87831]], [[121.668057, 16.525272], [121.668057, 16.52662], [121.669405, 16.52662], [121.669405, 16.530662], [121.6721, 16.530662], [121.6721, 16.53201], [121.673447, 16.53201], [121.673447, 16.533357], [121.669405, 16.533357], [121.669405, 16.53201], [121.668057, 16.53201], [121.668057, 16.529315], [121.66671, 16.529315], [121.66671, 16.527967], [121.665362, 16.527967], [121.665362, 16.52662], [121.66671, 16.52662], [121.66671, 16.525272], [121.668057, 16.525272]], [[121.634371, 16.620943], [121.631676, 16.620943], [121.631676, 16.623638], [121.633023, 16.623638], [121.633023, 16.624985], [121.634371, 16.624985], [121.634371, 16.626333], [121.633023, 16.626333], [121.633023, 16.62768], [121.631676, 16.62768], [121.631676, 16.626333], [121.627633, 16.626333], [121.627633, 16.624985], [121.628981, 16.624985], [121.628981, 16.62229], [121.627633, 16.62229], [121.627633, 16.620943], [121.630328, 16.620943], [121.630328, 16.618248], [121.631676, 16.618248], [121.631676, 16.619596], [121.634371, 16.619596], [121.634371, 16.620943]], [[121.584514, 16.567044], [121.587209, 16.567044], [121.587209, 16.565697], [121.592599, 16.565697], [121.592599, 16.569739], [121.591251, 16.569739], [121.591251, 16.568392], [121.580472, 16.568392], [121.580472, 16.567044], [121.581819, 16.567044], [121.581819, 16.565697], [121.584514, 16.565697], [121.584514, 16.567044]], [[121.622243, 16.651935], [121.622243, 16.653282], [121.620896, 16.653282], [121.620896, 16.657325], [121.622243, 16.657325], [121.622243, 16.658672], [121.620896, 16.658672], [121.620896, 16.66002], [121.616853, 16.66002], [121.616853, 16.658672], [121.618201, 16.658672], [121.618201, 16.657325], [121.616853, 16.657325], [121.616853, 16.655977], [121.615506, 16.655977], [121.615506, 16.65463], [121.616853, 16.65463], [121.616853, 16.653282], [121.615506, 16.653282], [121.615506, 16.651935], [121.616853, 16.651935], [121.616853, 16.650587], [121.612811, 16.650587], [121.612811, 16.64924], [121.614158, 16.64924], [121.614158, 16.646545], [121.612811, 16.646545], [121.612811, 16.645197], [121.614158, 16.645197], [121.614158, 16.64385], [121.616853, 16.64385], [121.616853, 16.645197], [121.618201, 16.645197], [121.618201, 16.641155], [121.619548, 16.641155], [121.619548, 16.64385], [121.622243, 16.64385], [121.622243, 16.645197], [121.624938, 16.645197], [121.624938, 16.646545], [121.623591, 16.646545], [121.623591, 16.64924], [121.624938, 16.64924], [121.624938, 16.650587], [121.628981, 16.650587], [121.628981, 16.651935], [121.627633, 16.651935], [121.627633, 16.655977], [121.626286, 16.655977], [121.626286, 16.657325], [121.624938, 16.657325], [121.624938, 16.651935], [121.622243, 16.651935]], [[121.580472, 16.662715], [121.576429, 16.662715], [121.576429, 16.661367], [121.577777, 16.661367], [121.577777, 16.66002], [121.580472, 16.66002], [121.580472, 16.657325], [121.579124, 16.657325], [121.579124, 16.655977], [121.580472, 16.655977], [121.580472, 16.65463], [121.581819, 16.65463], [121.581819, 16.664062], [121.580472, 16.664062], [121.580472, 16.662715]], [[121.612811, 16.66541], [121.612811, 16.664062], [121.610116, 16.664062], [121.610116, 16.66541], [121.608769, 16.66541], [121.608769, 16.664062], [121.606074, 16.664062], [121.606074, 16.662715], [121.607421, 16.662715], [121.607421, 16.66002], [121.608769, 16.66002], [121.608769, 16.661367], [121.610116, 16.661367], [121.610116, 16.66002], [121.611464, 16.66002], [121.611464, 16.662715], [121.612811, 16.662715], [121.612811, 16.661367], [121.615506, 16.661367], [121.615506, 16.664062], [121.618201, 16.664062], [121.618201, 16.666757], [121.616853, 16.666757], [121.616853, 16.668105], [121.615506, 16.668105], [121.615506, 16.669452], [121.618201, 16.669452], [121.618201, 16.670799], [121.615506, 16.670799], [121.615506, 16.673494], [121.611464, 16.673494], [121.611464, 16.670799], [121.610116, 16.670799], [121.610116, 16.669452], [121.614158, 16.669452], [121.614158, 16.66541], [121.612811, 16.66541]], [[121.564302, 17.244823], [121.564302, 17.24617], [121.565649, 17.24617], [121.565649, 17.248865], [121.564302, 17.248865], [121.564302, 17.250213], [121.56026, 17.250213], [121.56026, 17.248865], [121.558912, 17.248865], [121.558912, 17.247518], [121.56026, 17.247518], [121.56026, 17.24617], [121.562955, 17.24617], [121.562955, 17.244823], [121.564302, 17.244823]], [[121.451114, 17.595166], [121.447072, 17.595166], [121.447072, 17.597861], [121.445724, 17.597861], [121.445724, 17.600556], [121.444377, 17.600556], [121.444377, 17.596513], [121.443029, 17.596513], [121.443029, 17.595166], [121.441682, 17.595166], [121.441682, 17.592471], [121.443029, 17.592471], [121.443029, 17.589776], [121.444377, 17.589776], [121.444377, 17.588429], [121.445724, 17.588429], [121.445724, 17.589776], [121.447072, 17.589776], [121.447072, 17.591123], [121.452462, 17.591123], [121.452462, 17.592471], [121.451114, 17.592471], [121.451114, 17.595166]], [[121.55487, 17.604598], [121.55487, 17.607293], [121.558912, 17.607293], [121.558912, 17.608641], [121.557565, 17.608641], [121.557565, 17.611336], [121.556217, 17.611336], [121.556217, 17.616725], [121.553522, 17.616725], [121.553522, 17.612683], [121.55487, 17.612683], [121.55487, 17.611336], [121.553522, 17.611336], [121.553522, 17.604598], [121.55487, 17.604598]], [[121.55487, 17.639633], [121.55487, 17.638285], [121.557565, 17.638285], [121.557565, 17.639633], [121.561607, 17.639633], [121.561607, 17.645022], [121.558912, 17.645022], [121.558912, 17.643675], [121.557565, 17.643675], [121.557565, 17.642327], [121.558912, 17.642327], [121.558912, 17.64098], [121.556217, 17.64098], [121.556217, 17.639633], [121.55487, 17.639633]], [[121.558912, 17.649065], [121.56026, 17.649065], [121.56026, 17.647717], [121.561607, 17.647717], [121.561607, 17.650412], [121.562955, 17.650412], [121.562955, 17.654455], [121.558912, 17.654455], [121.558912, 17.653107], [121.557565, 17.653107], [121.557565, 17.65176], [121.558912, 17.65176], [121.558912, 17.650412], [121.556217, 17.650412], [121.556217, 17.649065], [121.557565, 17.649065], [121.557565, 17.64637], [121.556217, 17.64637], [121.556217, 17.645022], [121.558912, 17.645022], [121.558912, 17.649065]], [[121.576429, 17.845796], [121.575082, 17.845796], [121.575082, 17.844448], [121.572387, 17.844448], [121.572387, 17.841753], [121.571039, 17.841753], [121.571039, 17.839059], [121.569692, 17.839059], [121.569692, 17.835016], [121.571039, 17.835016], [121.571039, 17.836364], [121.572387, 17.836364], [121.572387, 17.835016], [121.573734, 17.835016], [121.573734, 17.836364], [121.577777, 17.836364], [121.577777, 17.837711], [121.580472, 17.837711], [121.580472, 17.833669], [121.579124, 17.833669], [121.579124, 17.835016], [121.576429, 17.835016], [121.576429, 17.833669], [121.573734, 17.833669], [121.573734, 17.832321], [121.572387, 17.832321], [121.572387, 17.833669], [121.568344, 17.833669], [121.568344, 17.826931], [121.566997, 17.826931], [121.566997, 17.818846], [121.569692, 17.818846], [121.569692, 17.820194], [121.571039, 17.820194], [121.571039, 17.821541], [121.572387, 17.821541], [121.572387, 17.824236], [121.573734, 17.824236], [121.573734, 17.822889], [121.575082, 17.822889], [121.575082, 17.816151], [121.572387, 17.816151], [121.572387, 17.817499], [121.568344, 17.817499], [121.568344, 17.816151], [121.566997, 17.816151], [121.566997, 17.813457], [121.571039, 17.813457], [121.571039, 17.809414], [121.572387, 17.809414], [121.572387, 17.806719], [121.573734, 17.806719], [121.573734, 17.809414], [121.575082, 17.809414], [121.575082, 17.810762], [121.576429, 17.810762], [121.576429, 17.812109], [121.577777, 17.812109], [121.577777, 17.814804], [121.576429, 17.814804], [121.576429, 17.817499], [121.577777, 17.817499], [121.577777, 17.816151], [121.580472, 17.816151], [121.580472, 17.810762], [121.579124, 17.810762], [121.579124, 17.808067], [121.576429, 17.808067], [121.576429, 17.805372], [121.577777, 17.805372], [121.577777, 17.804024], [121.571039, 17.804024], [121.571039, 17.802677], [121.572387, 17.802677], [121.572387, 17.798634], [121.577777, 17.798634], [121.577777, 17.799982], [121.579124, 17.799982], [121.579124, 17.798634], [121.580472, 17.798634], [121.580472, 17.797287], [121.577777, 17.797287], [121.577777, 17.794592], [121.576429, 17.794592], [121.576429, 17.795939], [121.575082, 17.795939], [121.575082, 17.793244], [121.577777, 17.793244], [121.577777, 17.791897], [121.580472, 17.791897], [121.580472, 17.790549], [121.581819, 17.790549], [121.581819, 17.791897], [121.583167, 17.791897], [121.583167, 17.790549], [121.584514, 17.790549], [121.584514, 17.791897], [121.585862, 17.791897], [121.585862, 17.793244], [121.583167, 17.793244], [121.583167, 17.794592], [121.581819, 17.794592], [121.581819, 17.795939], [121.583167, 17.795939], [121.583167, 17.797287], [121.584514, 17.797287], [121.584514, 17.799982], [121.583167, 17.799982], [121.583167, 17.801329], [121.581819, 17.801329], [121.581819, 17.802677], [121.584514, 17.802677], [121.584514, 17.804024], [121.583167, 17.804024], [121.583167, 17.805372], [121.584514, 17.805372], [121.584514, 17.806719], [121.585862, 17.806719], [121.585862, 17.810762], [121.584514, 17.810762], [121.584514, 17.816151], [121.585862, 17.816151], [121.585862, 17.814804], [121.587209, 17.814804], [121.587209, 17.820194], [121.585862, 17.820194], [121.585862, 17.821541], [121.588557, 17.821541], [121.588557, 17.822889], [121.587209, 17.822889], [121.587209, 17.825584], [121.589904, 17.825584], [121.589904, 17.824236], [121.592599, 17.824236], [121.592599, 17.826931], [121.591251, 17.826931], [121.591251, 17.828279], [121.588557, 17.828279], [121.588557, 17.829626], [121.589904, 17.829626], [121.589904, 17.832321], [121.592599, 17.832321], [121.592599, 17.835016], [121.595294, 17.835016], [121.595294, 17.836364], [121.597989, 17.836364], [121.597989, 17.839059], [121.593946, 17.839059], [121.593946, 17.837711], [121.592599, 17.837711], [121.592599, 17.836364], [121.589904, 17.836364], [121.589904, 17.839059], [121.591251, 17.839059], [121.591251, 17.841753], [121.593946, 17.841753], [121.593946, 17.843101], [121.595294, 17.843101], [121.595294, 17.844448], [121.596641, 17.844448], [121.596641, 17.845796], [121.599336, 17.845796], [121.599336, 17.843101], [121.602031, 17.843101], [121.602031, 17.844448], [121.604726, 17.844448], [121.604726, 17.847143], [121.599336, 17.847143], [121.599336, 17.848491], [121.603379, 17.848491], [121.603379, 17.849838], [121.602031, 17.849838], [121.602031, 17.853881], [121.600684, 17.853881], [121.600684, 17.856576], [121.603379, 17.856576], [121.603379, 17.855228], [121.604726, 17.855228], [121.604726, 17.857923], [121.603379, 17.857923], [121.603379, 17.861966], [121.600684, 17.861966], [121.600684, 17.863313], [121.603379, 17.863313], [121.603379, 17.867355], [121.610116, 17.867355], [121.610116, 17.868703], [121.608769, 17.868703], [121.608769, 17.87005], [121.610116, 17.87005], [121.610116, 17.872745], [121.608769, 17.872745], [121.608769, 17.874093], [121.607421, 17.874093], [121.607421, 17.876788], [121.608769, 17.876788], [121.608769, 17.879483], [121.607421, 17.879483], [121.607421, 17.884873], [121.606074, 17.884873], [121.606074, 17.890262], [121.604726, 17.890262], [121.604726, 17.892957], [121.602031, 17.892957], [121.602031, 17.894305], [121.600684, 17.894305], [121.600684, 17.895652], [121.596641, 17.895652], [121.596641, 17.892957], [121.595294, 17.892957], [121.595294, 17.89161], [121.596641, 17.89161], [121.596641, 17.890262], [121.597989, 17.890262], [121.597989, 17.888915], [121.599336, 17.888915], [121.599336, 17.88622], [121.602031, 17.88622], [121.602031, 17.884873], [121.600684, 17.884873], [121.600684, 17.883525], [121.599336, 17.883525], [121.599336, 17.884873], [121.597989, 17.884873], [121.597989, 17.88622], [121.596641, 17.88622], [121.596641, 17.888915], [121.595294, 17.888915], [121.595294, 17.890262], [121.593946, 17.890262], [121.593946, 17.88622], [121.595294, 17.88622], [121.595294, 17.884873], [121.596641, 17.884873], [121.596641, 17.883525], [121.597989, 17.883525], [121.597989, 17.88083], [121.596641, 17.88083], [121.596641, 17.879483], [121.593946, 17.879483], [121.593946, 17.88083], [121.592599, 17.88083], [121.592599, 17.879483], [121.589904, 17.879483], [121.589904, 17.878135], [121.593946, 17.878135], [121.593946, 17.876788], [121.597989, 17.876788], [121.597989, 17.878135], [121.599336, 17.878135], [121.599336, 17.88083], [121.600684, 17.88083], [121.600684, 17.879483], [121.604726, 17.879483], [121.604726, 17.882178], [121.606074, 17.882178], [121.606074, 17.878135], [121.604726, 17.878135], [121.604726, 17.876788], [121.603379, 17.876788], [121.603379, 17.87544], [121.600684, 17.87544], [121.600684, 17.876788], [121.599336, 17.876788], [121.599336, 17.87005], [121.600684, 17.87005], [121.600684, 17.868703], [121.597989, 17.868703], [121.597989, 17.86466], [121.596641, 17.86466], [121.596641, 17.867355], [121.595294, 17.867355], [121.595294, 17.868703], [121.593946, 17.868703], [121.593946, 17.87005], [121.592599, 17.87005], [121.592599, 17.871398], [121.588557, 17.871398], [121.588557, 17.87005], [121.587209, 17.87005], [121.587209, 17.867355], [121.585862, 17.867355], [121.585862, 17.86466], [121.584514, 17.86466], [121.584514, 17.857923], [121.583167, 17.857923], [121.583167, 17.856576], [121.581819, 17.856576], [121.581819, 17.857923], [121.579124, 17.857923], [121.579124, 17.855228], [121.577777, 17.855228], [121.577777, 17.849838], [121.576429, 17.849838], [121.576429, 17.851186], [121.575082, 17.851186], [121.575082, 17.848491], [121.576429, 17.848491], [121.576429, 17.845796]], [[121.606074, 17.892957], [121.606074, 17.89161], [121.607421, 17.89161], [121.607421, 17.894305], [121.608769, 17.894305], [121.608769, 17.895652], [121.610116, 17.895652], [121.610116, 17.897], [121.611464, 17.897], [121.611464, 17.894305], [121.610116, 17.894305], [121.610116, 17.892957], [121.614158, 17.892957], [121.614158, 17.89161], [121.612811, 17.89161], [121.612811, 17.887568], [121.614158, 17.887568], [121.614158, 17.88622], [121.610116, 17.88622], [121.610116, 17.884873], [121.611464, 17.884873], [121.611464, 17.882178], [121.610116, 17.882178], [121.610116, 17.88083], [121.611464, 17.88083], [121.611464, 17.879483], [121.612811, 17.879483], [121.612811, 17.878135], [121.611464, 17.878135], [121.611464, 17.876788], [121.615506, 17.876788], [121.615506, 17.87544], [121.618201, 17.87544], [121.618201, 17.876788], [121.619548, 17.876788], [121.619548, 17.872745], [121.616853, 17.872745], [121.616853, 17.87005], [121.620896, 17.87005], [121.620896, 17.868703], [121.619548, 17.868703], [121.619548, 17.860618], [121.620896, 17.860618], [121.620896, 17.867355], [121.622243, 17.867355], [121.622243, 17.87005], [121.623591, 17.87005], [121.623591, 17.874093], [121.620896, 17.874093], [121.620896, 17.87544], [121.622243, 17.87544], [121.622243, 17.876788], [121.623591, 17.876788], [121.623591, 17.878135], [121.624938, 17.878135], [121.624938, 17.88083], [121.626286, 17.88083], [121.626286, 17.882178], [121.627633, 17.882178], [121.627633, 17.884873], [121.628981, 17.884873], [121.628981, 17.88622], [121.630328, 17.88622], [121.630328, 17.890262], [121.628981, 17.890262], [121.628981, 17.887568], [121.627633, 17.887568], [121.627633, 17.88622], [121.624938, 17.88622], [121.624938, 17.884873], [121.623591, 17.884873], [121.623591, 17.883525], [121.622243, 17.883525], [121.622243, 17.882178], [121.619548, 17.882178], [121.619548, 17.884873], [121.618201, 17.884873], [121.618201, 17.88622], [121.620896, 17.88622], [121.620896, 17.887568], [121.619548, 17.887568], [121.619548, 17.890262], [121.616853, 17.890262], [121.616853, 17.888915], [121.615506, 17.888915], [121.615506, 17.892957], [121.616853, 17.892957], [121.616853, 17.894305], [121.614158, 17.894305], [121.614158, 17.897], [121.612811, 17.897], [121.612811, 17.898347], [121.611464, 17.898347], [121.611464, 17.899695], [121.612811, 17.899695], [121.612811, 17.901042], [121.611464, 17.901042], [121.611464, 17.90239], [121.612811, 17.90239], [121.612811, 17.903737], [121.614158, 17.903737], [121.614158, 17.905085], [121.615506, 17.905085], [121.615506, 17.90778], [121.614158, 17.90778], [121.614158, 17.906432], [121.611464, 17.906432], [121.611464, 17.910475], [121.610116, 17.910475], [121.610116, 17.905085], [121.608769, 17.905085], [121.608769, 17.903737], [121.610116, 17.903737], [121.610116, 17.90239], [121.608769, 17.90239], [121.608769, 17.901042], [121.610116, 17.901042], [121.610116, 17.899695], [121.607421, 17.899695], [121.607421, 17.90239], [121.606074, 17.90239], [121.606074, 17.901042], [121.604726, 17.901042], [121.604726, 17.899695], [121.603379, 17.899695], [121.603379, 17.898347], [121.602031, 17.898347], [121.602031, 17.895652], [121.603379, 17.895652], [121.603379, 17.894305], [121.604726, 17.894305], [121.604726, 17.892957], [121.606074, 17.892957]], [[121.51714, 17.832321], [121.51714, 17.835016], [121.518488, 17.835016], [121.518488, 17.837711], [121.515793, 17.837711], [121.515793, 17.839059], [121.514445, 17.839059], [121.514445, 17.836364], [121.513098, 17.836364], [121.513098, 17.832321], [121.514445, 17.832321], [121.514445, 17.829626], [121.513098, 17.829626], [121.513098, 17.828279], [121.518488, 17.828279], [121.518488, 17.832321], [121.51714, 17.832321]], [[121.474021, 17.99267], [121.472674, 17.99267], [121.472674, 17.99806], [121.471326, 17.99806], [121.471326, 17.999408], [121.469979, 17.999408], [121.469979, 18.00345], [121.468631, 18.00345], [121.468631, 18.006145], [121.469979, 18.006145], [121.469979, 18.007493], [121.471326, 18.007493], [121.471326, 18.010188], [121.472674, 18.010188], [121.472674, 18.011535], [121.468631, 18.011535], [121.468631, 18.010188], [121.467284, 18.010188], [121.467284, 18.00884], [121.465936, 18.00884], [121.465936, 18.000755], [121.467284, 18.000755], [121.467284, 17.999408], [121.465936, 17.999408], [121.465936, 17.99806], [121.469979, 17.99806], [121.469979, 17.99267], [121.465936, 17.99267], [121.465936, 17.987281], [121.468631, 17.987281], [121.468631, 17.988628], [121.469979, 17.988628], [121.469979, 17.987281], [121.472674, 17.987281], [121.472674, 17.985933], [121.474021, 17.985933], [121.474021, 17.987281], [121.475369, 17.987281], [121.475369, 17.991323], [121.474021, 17.991323], [121.474021, 17.99267]], [[121.585862, 18.045222], [121.585862, 18.043874], [121.581819, 18.043874], [121.581819, 18.042527], [121.584514, 18.042527], [121.584514, 18.039832], [121.581819, 18.039832], [121.581819, 18.037137], [121.580472, 18.037137], [121.580472, 18.03579], [121.584514, 18.03579], [121.584514, 18.037137], [121.585862, 18.037137], [121.585862, 18.03579], [121.587209, 18.03579], [121.587209, 18.037137], [121.588557, 18.037137], [121.588557, 18.038484], [121.591251, 18.038484], [121.591251, 18.03579], [121.593946, 18.03579], [121.593946, 18.037137], [121.592599, 18.037137], [121.592599, 18.039832], [121.593946, 18.039832], [121.593946, 18.038484], [121.597989, 18.038484], [121.597989, 18.039832], [121.599336, 18.039832], [121.599336, 18.045222], [121.602031, 18.045222], [121.602031, 18.047917], [121.599336, 18.047917], [121.599336, 18.049264], [121.597989, 18.049264], [121.597989, 18.045222], [121.596641, 18.045222], [121.596641, 18.049264], [121.595294, 18.049264], [121.595294, 18.050612], [121.593946, 18.050612], [121.593946, 18.049264], [121.591251, 18.049264], [121.591251, 18.047917], [121.592599, 18.047917], [121.592599, 18.046569], [121.589904, 18.046569], [121.589904, 18.045222], [121.588557, 18.045222], [121.588557, 18.043874], [121.587209, 18.043874], [121.587209, 18.045222], [121.585862, 18.045222]], [[121.529268, 18.057349], [121.529268, 18.053307], [121.534658, 18.053307], [121.534658, 18.054654], [121.536005, 18.054654], [121.536005, 18.058697], [121.5387, 18.058697], [121.5387, 18.060044], [121.540047, 18.060044], [121.540047, 18.061392], [121.5387, 18.061392], [121.5387, 18.062739], [121.536005, 18.062739], [121.536005, 18.064086], [121.534658, 18.064086], [121.534658, 18.062739], [121.53331, 18.062739], [121.53331, 18.061392], [121.531963, 18.061392], [121.531963, 18.057349], [121.529268, 18.057349]], [[121.708482, 16.563002], [121.708482, 16.564349], [121.709829, 16.564349], [121.709829, 16.565697], [121.708482, 16.565697], [121.708482, 16.567044], [121.704439, 16.567044], [121.704439, 16.565697], [121.705787, 16.565697], [121.705787, 16.563002], [121.703092, 16.563002], [121.703092, 16.564349], [121.701744, 16.564349], [121.701744, 16.560307], [121.707134, 16.560307], [121.707134, 16.563002], [121.708482, 16.563002]], [[121.635718, 16.655977], [121.635718, 16.657325], [121.637066, 16.657325], [121.637066, 16.66002], [121.638413, 16.66002], [121.638413, 16.661367], [121.635718, 16.661367], [121.635718, 16.658672], [121.634371, 16.658672], [121.634371, 16.657325], [121.633023, 16.657325], [121.633023, 16.655977], [121.631676, 16.655977], [121.631676, 16.651935], [121.634371, 16.651935], [121.634371, 16.653282], [121.633023, 16.653282], [121.633023, 16.65463], [121.634371, 16.65463], [121.634371, 16.655977], [121.635718, 16.655977]], [[121.754296, 16.692359], [121.754296, 16.693707], [121.751601, 16.693707], [121.751601, 16.688317], [121.754296, 16.688317], [121.754296, 16.686969], [121.755643, 16.686969], [121.755643, 16.692359], [121.754296, 16.692359]], [[121.851314, 16.715266], [121.851314, 16.717961], [121.849966, 16.717961], [121.849966, 16.720656], [121.847271, 16.720656], [121.847271, 16.717961], [121.848619, 16.717961], [121.848619, 16.716614], [121.845924, 16.716614], [121.845924, 16.715266], [121.847271, 16.715266], [121.847271, 16.713919], [121.848619, 16.713919], [121.848619, 16.711224], [121.849966, 16.711224], [121.849966, 16.715266], [121.851314, 16.715266]], [[121.624938, 17.27312], [121.627633, 17.27312], [121.627633, 17.271772], [121.633023, 17.271772], [121.633023, 17.277162], [121.630328, 17.277162], [121.630328, 17.27851], [121.622243, 17.27851], [121.622243, 17.277162], [121.623591, 17.277162], [121.623591, 17.275815], [121.624938, 17.275815], [121.624938, 17.27312]], [[121.841881, 17.298722], [121.841881, 17.297374], [121.847271, 17.297374], [121.847271, 17.298722], [121.845924, 17.298722], [121.845924, 17.301417], [121.841881, 17.301417], [121.841881, 17.302764], [121.839186, 17.302764], [121.839186, 17.304112], [121.836492, 17.304112], [121.836492, 17.301417], [121.837839, 17.301417], [121.837839, 17.298722], [121.839186, 17.298722], [121.839186, 17.300069], [121.840534, 17.300069], [121.840534, 17.298722], [121.841881, 17.298722]], [[121.855356, 17.393045], [121.855356, 17.391697], [121.856704, 17.391697], [121.856704, 17.394392], [121.858051, 17.394392], [121.858051, 17.397087], [121.860746, 17.397087], [121.860746, 17.39574], [121.862094, 17.39574], [121.862094, 17.398435], [121.864788, 17.398435], [121.864788, 17.399782], [121.863441, 17.399782], [121.863441, 17.40113], [121.864788, 17.40113], [121.864788, 17.402477], [121.863441, 17.402477], [121.863441, 17.405172], [121.862094, 17.405172], [121.862094, 17.40113], [121.859399, 17.40113], [121.859399, 17.402477], [121.860746, 17.402477], [121.860746, 17.403825], [121.859399, 17.403825], [121.859399, 17.405172], [121.856704, 17.405172], [121.856704, 17.403825], [121.855356, 17.403825], [121.855356, 17.40113], [121.854009, 17.40113], [121.854009, 17.403825], [121.852661, 17.403825], [121.852661, 17.40652], [121.854009, 17.40652], [121.854009, 17.407867], [121.852661, 17.407867], [121.852661, 17.409215], [121.858051, 17.409215], [121.858051, 17.410562], [121.856704, 17.410562], [121.856704, 17.41191], [121.854009, 17.41191], [121.854009, 17.413257], [121.849966, 17.413257], [121.849966, 17.41191], [121.845924, 17.41191], [121.845924, 17.413257], [121.844576, 17.413257], [121.844576, 17.414605], [121.840534, 17.414605], [121.840534, 17.41191], [121.836492, 17.41191], [121.836492, 17.413257], [121.835144, 17.413257], [121.835144, 17.409215], [121.840534, 17.409215], [121.840534, 17.405172], [121.835144, 17.405172], [121.835144, 17.40652], [121.833797, 17.40652], [121.833797, 17.409215], [121.832449, 17.409215], [121.832449, 17.410562], [121.828407, 17.410562], [121.828407, 17.41191], [121.827059, 17.41191], [121.827059, 17.409215], [121.828407, 17.409215], [121.828407, 17.407867], [121.829754, 17.407867], [121.829754, 17.40652], [121.831102, 17.40652], [121.831102, 17.405172], [121.833797, 17.405172], [121.833797, 17.403825], [121.836492, 17.403825], [121.836492, 17.402477], [121.839186, 17.402477], [121.839186, 17.403825], [121.840534, 17.403825], [121.840534, 17.402477], [121.841881, 17.402477], [121.841881, 17.40113], [121.843229, 17.40113], [121.843229, 17.402477], [121.844576, 17.402477], [121.844576, 17.403825], [121.845924, 17.403825], [121.845924, 17.402477], [121.849966, 17.402477], [121.849966, 17.40113], [121.848619, 17.40113], [121.848619, 17.399782], [121.851314, 17.399782], [121.851314, 17.397087], [121.849966, 17.397087], [121.849966, 17.398435], [121.845924, 17.398435], [121.845924, 17.397087], [121.847271, 17.397087], [121.847271, 17.39574], [121.845924, 17.39574], [121.845924, 17.393045], [121.849966, 17.393045], [121.849966, 17.391697], [121.851314, 17.391697], [121.851314, 17.389003], [121.852661, 17.389003], [121.852661, 17.391697], [121.854009, 17.391697], [121.854009, 17.393045], [121.855356, 17.393045]], [[121.845924, 17.429427], [121.844576, 17.429427], [121.844576, 17.430774], [121.843229, 17.430774], [121.843229, 17.433469], [121.840534, 17.433469], [121.840534, 17.432122], [121.837839, 17.432122], [121.837839, 17.434817], [121.836492, 17.434817], [121.836492, 17.433469], [121.835144, 17.433469], [121.835144, 17.432122], [121.833797, 17.432122], [121.833797, 17.429427], [121.835144, 17.429427], [121.835144, 17.428079], [121.836492, 17.428079], [121.836492, 17.426732], [121.837839, 17.426732], [121.837839, 17.425384], [121.840534, 17.425384], [121.840534, 17.424037], [121.839186, 17.424037], [121.839186, 17.422689], [121.837839, 17.422689], [121.837839, 17.419994], [121.840534, 17.419994], [121.840534, 17.418647], [121.841881, 17.418647], [121.841881, 17.417299], [121.843229, 17.417299], [121.843229, 17.418647], [121.844576, 17.418647], [121.844576, 17.419994], [121.845924, 17.419994], [121.845924, 17.418647], [121.851314, 17.418647], [121.851314, 17.421342], [121.852661, 17.421342], [121.852661, 17.418647], [121.854009, 17.418647], [121.854009, 17.419994], [121.855356, 17.419994], [121.855356, 17.422689], [121.854009, 17.422689], [121.854009, 17.424037], [121.851314, 17.424037], [121.851314, 17.425384], [121.849966, 17.425384], [121.849966, 17.429427], [121.848619, 17.429427], [121.848619, 17.430774], [121.847271, 17.430774], [121.847271, 17.432122], [121.845924, 17.432122], [121.845924, 17.429427]], [[121.635718, 17.677362], [121.635718, 17.676014], [121.637066, 17.676014], [121.637066, 17.677362], [121.638413, 17.677362], [121.638413, 17.676014], [121.63976, 17.676014], [121.63976, 17.680057], [121.637066, 17.680057], [121.637066, 17.678709], [121.635718, 17.678709], [121.635718, 17.680057], [121.633023, 17.680057], [121.633023, 17.684099], [121.630328, 17.684099], [121.630328, 17.682752], [121.628981, 17.682752], [121.628981, 17.680057], [121.630328, 17.680057], [121.630328, 17.677362], [121.635718, 17.677362]], [[121.619548, 17.693531], [121.620896, 17.693531], [121.620896, 17.692184], [121.622243, 17.692184], [121.622243, 17.690836], [121.624938, 17.690836], [121.624938, 17.693531], [121.626286, 17.693531], [121.626286, 17.694879], [121.624938, 17.694879], [121.624938, 17.696226], [121.628981, 17.696226], [121.628981, 17.697574], [121.627633, 17.697574], [121.627633, 17.700269], [121.626286, 17.700269], [121.626286, 17.702964], [121.628981, 17.702964], [121.628981, 17.704311], [121.627633, 17.704311], [121.627633, 17.707006], [121.628981, 17.707006], [121.628981, 17.708354], [121.627633, 17.708354], [121.627633, 17.709701], [121.630328, 17.709701], [121.630328, 17.711049], [121.628981, 17.711049], [121.628981, 17.716438], [121.630328, 17.716438], [121.630328, 17.717786], [121.628981, 17.717786], [121.628981, 17.721828], [121.630328, 17.721828], [121.630328, 17.725871], [121.628981, 17.725871], [121.628981, 17.727218], [121.630328, 17.727218], [121.630328, 17.728566], [121.628981, 17.728566], [121.628981, 17.731261], [121.627633, 17.731261], [121.627633, 17.725871], [121.626286, 17.725871], [121.626286, 17.724523], [121.624938, 17.724523], [121.624938, 17.715091], [121.622243, 17.715091], [121.622243, 17.711049], [121.620896, 17.711049], [121.620896, 17.709701], [121.619548, 17.709701], [121.619548, 17.705659], [121.618201, 17.705659], [121.618201, 17.704311], [121.619548, 17.704311], [121.619548, 17.698921], [121.618201, 17.698921], [121.618201, 17.697574], [121.619548, 17.697574], [121.619548, 17.693531]], [[121.646498, 17.967068], [121.646498, 17.968416], [121.649193, 17.968416], [121.649193, 17.972458], [121.647845, 17.972458], [121.647845, 17.973806], [121.649193, 17.973806], [121.649193, 17.976501], [121.653235, 17.976501], [121.653235, 17.977848], [121.654583, 17.977848], [121.654583, 17.979196], [121.65593, 17.979196], [121.65593, 17.975153], [121.66132, 17.975153], [121.66132, 17.976501], [121.662668, 17.976501], [121.662668, 17.979196], [121.66132, 17.979196], [121.66132, 17.980543], [121.662668, 17.980543], [121.662668, 17.981891], [121.66671, 17.981891], [121.66671, 17.984586], [121.664015, 17.984586], [121.664015, 17.987281], [121.673447, 17.987281], [121.673447, 17.988628], [121.669405, 17.988628], [121.669405, 17.989975], [121.665362, 17.989975], [121.665362, 17.988628], [121.664015, 17.988628], [121.664015, 17.991323], [121.662668, 17.991323], [121.662668, 17.988628], [121.659973, 17.988628], [121.659973, 17.987281], [121.658625, 17.987281], [121.658625, 17.991323], [121.657278, 17.991323], [121.657278, 17.99267], [121.658625, 17.99267], [121.658625, 17.994018], [121.654583, 17.994018], [121.654583, 17.996713], [121.651888, 17.996713], [121.651888, 17.99806], [121.65054, 17.99806], [121.65054, 17.999408], [121.649193, 17.999408], [121.649193, 18.000755], [121.647845, 18.000755], [121.647845, 17.99806], [121.649193, 17.99806], [121.649193, 17.994018], [121.64515, 17.994018], [121.64515, 17.999408], [121.643803, 17.999408], [121.643803, 17.99806], [121.641108, 17.99806], [121.641108, 17.999408], [121.637066, 17.999408], [121.637066, 17.996713], [121.635718, 17.996713], [121.635718, 17.995365], [121.634371, 17.995365], [121.634371, 17.99806], [121.635718, 17.99806], [121.635718, 18.002103], [121.637066, 18.002103], [121.637066, 18.004798], [121.635718, 18.004798], [121.635718, 18.00345], [121.631676, 18.00345], [121.631676, 18.000755], [121.630328, 18.000755], [121.630328, 17.999408], [121.628981, 17.999408], [121.628981, 17.99806], [121.627633, 17.99806], [121.627633, 17.996713], [121.626286, 17.996713], [121.626286, 17.995365], [121.624938, 17.995365], [121.624938, 17.99267], [121.626286, 17.99267], [121.626286, 17.994018], [121.628981, 17.994018], [121.628981, 17.989975], [121.627633, 17.989975], [121.627633, 17.988628], [121.626286, 17.988628], [121.626286, 17.987281], [121.628981, 17.987281], [121.628981, 17.985933], [121.624938, 17.985933], [121.624938, 17.979196], [121.626286, 17.979196], [121.626286, 17.977848], [121.627633, 17.977848], [121.627633, 17.979196], [121.628981, 17.979196], [121.628981, 17.980543], [121.631676, 17.980543], [121.631676, 17.981891], [121.635718, 17.981891], [121.635718, 17.980543], [121.634371, 17.980543], [121.634371, 17.979196], [121.637066, 17.979196], [121.637066, 17.977848], [121.635718, 17.977848], [121.635718, 17.975153], [121.637066, 17.975153], [121.637066, 17.973806], [121.635718, 17.973806], [121.635718, 17.971111], [121.637066, 17.971111], [121.637066, 17.969763], [121.634371, 17.969763], [121.634371, 17.968416], [121.635718, 17.968416], [121.635718, 17.967068], [121.631676, 17.967068], [121.631676, 17.965721], [121.634371, 17.965721], [121.634371, 17.964373], [121.635718, 17.964373], [121.635718, 17.965721], [121.637066, 17.965721], [121.637066, 17.964373], [121.638413, 17.964373], [121.638413, 17.965721], [121.643803, 17.965721], [121.643803, 17.967068], [121.646498, 17.967068]], [[121.80011, 17.988628], [121.80011, 17.989975], [121.801457, 17.989975], [121.801457, 17.991323], [121.804152, 17.991323], [121.804152, 17.99267], [121.801457, 17.99267], [121.801457, 17.994018], [121.798762, 17.994018], [121.798762, 17.99267], [121.797415, 17.99267], [121.797415, 17.989975], [121.79472, 17.989975], [121.79472, 17.988628], [121.80011, 17.988628]], [[121.852661, 18.00345], [121.854009, 18.00345], [121.854009, 18.006145], [121.852661, 18.006145], [121.852661, 18.007493], [121.851314, 18.007493], [121.851314, 18.010188], [121.849966, 18.010188], [121.849966, 18.01423], [121.848619, 18.01423], [121.848619, 18.015577], [121.847271, 18.015577], [121.847271, 18.01423], [121.845924, 18.01423], [121.845924, 18.011535], [121.847271, 18.011535], [121.847271, 18.010188], [121.845924, 18.010188], [121.845924, 18.00884], [121.844576, 18.00884], [121.844576, 18.007493], [121.841881, 18.007493], [121.841881, 18.006145], [121.840534, 18.006145], [121.840534, 18.004798], [121.839186, 18.004798], [121.839186, 18.00345], [121.837839, 18.00345], [121.837839, 18.004798], [121.836492, 18.004798], [121.836492, 18.002103], [121.837839, 18.002103], [121.837839, 18.000755], [121.840534, 18.000755], [121.840534, 17.999408], [121.844576, 17.999408], [121.844576, 18.000755], [121.847271, 18.000755], [121.847271, 18.002103], [121.848619, 18.002103], [121.848619, 18.006145], [121.849966, 18.006145], [121.849966, 18.004798], [121.852661, 18.004798], [121.852661, 18.00345]], [[121.695007, 18.108553], [121.700397, 18.108553], [121.700397, 18.109901], [121.701744, 18.109901], [121.701744, 18.111248], [121.700397, 18.111248], [121.700397, 18.112596], [121.701744, 18.112596], [121.701744, 18.113943], [121.697702, 18.113943], [121.697702, 18.112596], [121.696354, 18.112596], [121.696354, 18.111248], [121.695007, 18.111248], [121.695007, 18.108553]], [[121.915992, 16.804199], [121.921382, 16.804199], [121.921382, 16.805547], [121.915992, 16.805547], [121.915992, 16.806894], [121.91734, 16.806894], [121.91734, 16.808242], [121.913297, 16.808242], [121.913297, 16.809589], [121.91195, 16.809589], [121.91195, 16.806894], [121.913297, 16.806894], [121.913297, 16.805547], [121.914645, 16.805547], [121.914645, 16.802852], [121.915992, 16.802852], [121.915992, 16.804199]], [[121.914645, 16.821716], [121.91195, 16.821716], [121.91195, 16.823064], [121.909255, 16.823064], [121.909255, 16.820369], [121.907908, 16.820369], [121.907908, 16.821716], [121.90656, 16.821716], [121.90656, 16.820369], [121.903865, 16.820369], [121.903865, 16.819021], [121.907908, 16.819021], [121.907908, 16.817674], [121.909255, 16.817674], [121.909255, 16.819021], [121.914645, 16.819021], [121.914645, 16.821716]], [[121.920035, 16.854056], [121.915992, 16.854056], [121.915992, 16.850013], [121.918687, 16.850013], [121.918687, 16.847318], [121.921382, 16.847318], [121.921382, 16.850013], [121.920035, 16.850013], [121.920035, 16.851361], [121.92273, 16.851361], [121.92273, 16.852708], [121.920035, 16.852708], [121.920035, 16.854056]], [[121.957764, 16.976676], [121.956417, 16.976676], [121.956417, 16.972633], [121.955069, 16.972633], [121.955069, 16.971286], [121.956417, 16.971286], [121.956417, 16.968591], [121.955069, 16.968591], [121.955069, 16.967244], [121.957764, 16.967244], [121.957764, 16.969938], [121.959112, 16.969938], [121.959112, 16.971286], [121.957764, 16.971286], [121.957764, 16.972633], [121.959112, 16.972633], [121.959112, 16.979371], [121.960459, 16.979371], [121.960459, 16.982066], [121.959112, 16.982066], [121.959112, 16.980718], [121.956417, 16.980718], [121.956417, 16.979371], [121.955069, 16.979371], [121.955069, 16.978023], [121.957764, 16.978023], [121.957764, 16.976676]], [[121.961807, 16.982066], [121.961807, 16.983413], [121.963154, 16.983413], [121.963154, 16.980718], [121.964501, 16.980718], [121.964501, 16.982066], [121.968544, 16.982066], [121.968544, 16.980718], [121.972586, 16.980718], [121.972586, 16.982066], [121.969891, 16.982066], [121.969891, 16.983413], [121.968544, 16.983413], [121.968544, 16.984761], [121.969891, 16.984761], [121.969891, 16.987456], [121.965849, 16.987456], [121.965849, 16.984761], [121.964501, 16.984761], [121.964501, 16.986108], [121.963154, 16.986108], [121.963154, 16.987456], [121.960459, 16.987456], [121.960459, 16.990151], [121.959112, 16.990151], [121.959112, 16.992846], [121.957764, 16.992846], [121.957764, 16.994193], [121.956417, 16.994193], [121.956417, 16.99554], [121.955069, 16.99554], [121.955069, 16.992846], [121.953722, 16.992846], [121.953722, 16.988803], [121.952374, 16.988803], [121.952374, 16.990151], [121.951027, 16.990151], [121.951027, 16.988803], [121.949679, 16.988803], [121.949679, 16.991498], [121.946984, 16.991498], [121.946984, 16.987456], [121.952374, 16.987456], [121.952374, 16.986108], [121.956417, 16.986108], [121.956417, 16.983413], [121.957764, 16.983413], [121.957764, 16.984761], [121.960459, 16.984761], [121.960459, 16.982066], [121.961807, 16.982066]], [[121.987408, 16.976676], [121.988756, 16.976676], [121.988756, 16.973981], [121.991451, 16.973981], [121.991451, 16.972633], [121.990103, 16.972633], [121.990103, 16.971286], [121.991451, 16.971286], [121.991451, 16.968591], [121.990103, 16.968591], [121.990103, 16.967244], [121.992798, 16.967244], [121.992798, 16.972633], [121.994146, 16.972633], [121.994146, 16.973981], [121.992798, 16.973981], [121.992798, 16.978023], [121.994146, 16.978023], [121.994146, 16.976676], [121.995493, 16.976676], [121.995493, 16.978023], [121.996841, 16.978023], [121.996841, 16.976676], [121.998188, 16.976676], [121.998188, 16.975328], [122.000883, 16.975328], [122.000883, 16.976676], [121.999536, 16.976676], [121.999536, 16.978023], [121.998188, 16.978023], [121.998188, 16.979371], [121.994146, 16.979371], [121.994146, 16.980718], [121.992798, 16.980718], [121.992798, 16.982066], [121.996841, 16.982066], [121.996841, 16.984761], [121.998188, 16.984761], [121.998188, 16.983413], [121.999536, 16.983413], [121.999536, 16.986108], [122.002231, 16.986108], [122.002231, 16.987456], [121.998188, 16.987456], [121.998188, 16.988803], [121.996841, 16.988803], [121.996841, 16.987456], [121.992798, 16.987456], [121.992798, 16.986108], [121.991451, 16.986108], [121.991451, 16.984761], [121.988756, 16.984761], [121.988756, 16.980718], [121.987408, 16.980718], [121.987408, 16.983413], [121.984714, 16.983413], [121.984714, 16.982066], [121.980671, 16.982066], [121.980671, 16.980718], [121.982019, 16.980718], [121.982019, 16.975328], [121.983366, 16.975328], [121.983366, 16.976676], [121.984714, 16.976676], [121.984714, 16.978023], [121.986061, 16.978023], [121.986061, 16.975328], [121.987408, 16.975328], [121.987408, 16.976676]], [[121.934857, 17.003625], [121.934857, 17.004973], [121.936205, 17.004973], [121.936205, 17.00632], [121.934857, 17.00632], [121.934857, 17.010363], [121.936205, 17.010363], [121.936205, 17.009015], [121.937552, 17.009015], [121.937552, 17.010363], [121.938899, 17.010363], [121.938899, 17.01171], [121.93351, 17.01171], [121.93351, 17.010363], [121.932162, 17.010363], [121.932162, 17.013058], [121.93351, 17.013058], [121.93351, 17.015753], [121.932162, 17.015753], [121.932162, 17.014405], [121.929467, 17.014405], [121.929467, 17.013058], [121.92812, 17.013058], [121.92812, 17.01171], [121.926772, 17.01171], [121.926772, 17.014405], [121.925425, 17.014405], [121.925425, 17.015753], [121.926772, 17.015753], [121.926772, 17.0171], [121.92812, 17.0171], [121.92812, 17.019795], [121.924077, 17.019795], [121.924077, 17.021142], [121.92273, 17.021142], [121.92273, 17.018447], [121.921382, 17.018447], [121.921382, 17.0171], [121.920035, 17.0171], [121.920035, 17.018447], [121.918687, 17.018447], [121.918687, 17.019795], [121.91734, 17.019795], [121.91734, 17.015753], [121.914645, 17.015753], [121.914645, 17.0171], [121.913297, 17.0171], [121.913297, 17.013058], [121.907908, 17.013058], [121.907908, 17.014405], [121.909255, 17.014405], [121.909255, 17.015753], [121.903865, 17.015753], [121.903865, 17.0171], [121.905213, 17.0171], [121.905213, 17.018447], [121.907908, 17.018447], [121.907908, 17.019795], [121.909255, 17.019795], [121.909255, 17.018447], [121.910603, 17.018447], [121.910603, 17.019795], [121.91195, 17.019795], [121.91195, 17.018447], [121.914645, 17.018447], [121.914645, 17.019795], [121.913297, 17.019795], [121.913297, 17.02249], [121.91195, 17.02249], [121.91195, 17.023837], [121.910603, 17.023837], [121.910603, 17.025185], [121.913297, 17.025185], [121.913297, 17.02788], [121.915992, 17.02788], [121.915992, 17.029227], [121.921382, 17.029227], [121.921382, 17.030575], [121.914645, 17.030575], [121.914645, 17.029227], [121.913297, 17.029227], [121.913297, 17.031922], [121.910603, 17.031922], [121.910603, 17.030575], [121.909255, 17.030575], [121.909255, 17.023837], [121.90656, 17.023837], [121.90656, 17.02249], [121.90117, 17.02249], [121.90117, 17.021142], [121.899823, 17.021142], [121.899823, 17.0171], [121.90117, 17.0171], [121.90117, 17.014405], [121.902518, 17.014405], [121.902518, 17.013058], [121.903865, 17.013058], [121.903865, 17.01171], [121.91195, 17.01171], [121.91195, 17.009015], [121.913297, 17.009015], [121.913297, 17.010363], [121.914645, 17.010363], [121.914645, 17.01171], [121.91734, 17.01171], [121.91734, 17.013058], [121.918687, 17.013058], [121.918687, 17.014405], [121.921382, 17.014405], [121.921382, 17.013058], [121.92273, 17.013058], [121.92273, 17.01171], [121.925425, 17.01171], [121.925425, 17.009015], [121.92812, 17.009015], [121.92812, 17.00632], [121.929467, 17.00632], [121.929467, 17.003625], [121.932162, 17.003625], [121.932162, 17.004973], [121.93351, 17.004973], [121.93351, 17.003625], [121.934857, 17.003625]], [[121.92273, 17.037312], [121.92273, 17.040007], [121.921382, 17.040007], [121.921382, 17.041355], [121.92273, 17.041355], [121.92273, 17.042702], [121.920035, 17.042702], [121.920035, 17.041355], [121.913297, 17.041355], [121.913297, 17.042702], [121.91195, 17.042702], [121.91195, 17.044049], [121.915992, 17.044049], [121.915992, 17.045397], [121.914645, 17.045397], [121.914645, 17.046744], [121.915992, 17.046744], [121.915992, 17.049439], [121.910603, 17.049439], [121.910603, 17.048092], [121.909255, 17.048092], [121.909255, 17.044049], [121.910603, 17.044049], [121.910603, 17.041355], [121.91195, 17.041355], [121.91195, 17.037312], [121.913297, 17.037312], [121.913297, 17.035965], [121.914645, 17.035965], [121.914645, 17.034617], [121.915992, 17.034617], [121.915992, 17.040007], [121.920035, 17.040007], [121.920035, 17.03866], [121.921382, 17.03866], [121.921382, 17.037312], [121.92273, 17.037312]], [[121.913297, 17.096601], [121.913297, 17.097948], [121.91195, 17.097948], [121.91195, 17.099296], [121.910603, 17.099296], [121.910603, 17.096601], [121.905213, 17.096601], [121.905213, 17.095253], [121.903865, 17.095253], [121.903865, 17.093906], [121.90656, 17.093906], [121.90656, 17.095253], [121.91195, 17.095253], [121.91195, 17.093906], [121.913297, 17.093906], [121.913297, 17.095253], [121.914645, 17.095253], [121.914645, 17.096601], [121.913297, 17.096601]], [[121.995493, 17.122203], [121.995493, 17.120855], [121.996841, 17.120855], [121.996841, 17.119508], [122.002231, 17.119508], [122.002231, 17.120855], [122.003578, 17.120855], [122.003578, 17.12355], [122.002231, 17.12355], [122.002231, 17.124898], [121.999536, 17.124898], [121.999536, 17.12355], [121.998188, 17.12355], [121.998188, 17.122203], [121.995493, 17.122203]], [[121.92812, 17.137025], [121.932162, 17.137025], [121.932162, 17.135678], [121.93351, 17.135678], [121.93351, 17.137025], [121.938899, 17.137025], [121.938899, 17.141068], [121.93351, 17.141068], [121.93351, 17.13972], [121.929467, 17.13972], [121.929467, 17.138373], [121.92812, 17.138373], [121.92812, 17.137025]], [[121.960459, 17.174754], [121.960459, 17.180144], [121.961807, 17.180144], [121.961807, 17.182839], [121.960459, 17.182839], [121.960459, 17.184187], [121.952374, 17.184187], [121.952374, 17.180144], [121.953722, 17.180144], [121.953722, 17.176102], [121.955069, 17.176102], [121.955069, 17.177449], [121.959112, 17.177449], [121.959112, 17.174754], [121.960459, 17.174754]], [[121.897128, 17.25695], [121.897128, 17.255603], [121.898475, 17.255603], [121.898475, 17.252908], [121.90117, 17.252908], [121.90117, 17.25156], [121.898475, 17.25156], [121.898475, 17.250213], [121.897128, 17.250213], [121.897128, 17.252908], [121.891738, 17.252908], [121.891738, 17.25695], [121.89039, 17.25695], [121.89039, 17.255603], [121.883653, 17.255603], [121.883653, 17.254255], [121.887695, 17.254255], [121.887695, 17.252908], [121.886348, 17.252908], [121.886348, 17.25156], [121.887695, 17.25156], [121.887695, 17.250213], [121.89039, 17.250213], [121.89039, 17.247518], [121.891738, 17.247518], [121.891738, 17.244823], [121.89039, 17.244823], [121.89039, 17.242128], [121.891738, 17.242128], [121.891738, 17.240781], [121.894433, 17.240781], [121.894433, 17.242128], [121.893085, 17.242128], [121.893085, 17.24617], [121.894433, 17.24617], [121.894433, 17.247518], [121.897128, 17.247518], [121.897128, 17.243475], [121.903865, 17.243475], [121.903865, 17.244823], [121.905213, 17.244823], [121.905213, 17.247518], [121.90656, 17.247518], [121.90656, 17.248865], [121.910603, 17.248865], [121.910603, 17.24617], [121.91195, 17.24617], [121.91195, 17.244823], [121.913297, 17.244823], [121.913297, 17.243475], [121.91195, 17.243475], [121.91195, 17.240781], [121.913297, 17.240781], [121.913297, 17.242128], [121.914645, 17.242128], [121.914645, 17.243475], [121.915992, 17.243475], [121.915992, 17.24617], [121.918687, 17.24617], [121.918687, 17.247518], [121.920035, 17.247518], [121.920035, 17.248865], [121.921382, 17.248865], [121.921382, 17.250213], [121.92273, 17.250213], [121.92273, 17.25156], [121.925425, 17.25156], [121.925425, 17.252908], [121.92273, 17.252908], [121.92273, 17.254255], [121.921382, 17.254255], [121.921382, 17.252908], [121.914645, 17.252908], [121.914645, 17.254255], [121.91195, 17.254255], [121.91195, 17.255603], [121.910603, 17.255603], [121.910603, 17.25695], [121.909255, 17.25695], [121.909255, 17.258298], [121.90656, 17.258298], [121.90656, 17.259645], [121.90117, 17.259645], [121.90117, 17.260993], [121.899823, 17.260993], [121.899823, 17.259645], [121.89578, 17.259645], [121.89578, 17.25695], [121.897128, 17.25695]], [[121.872873, 17.269077], [121.872873, 17.270425], [121.871526, 17.270425], [121.871526, 17.271772], [121.870178, 17.271772], [121.870178, 17.269077], [121.867483, 17.269077], [121.867483, 17.266383], [121.868831, 17.266383], [121.868831, 17.265035], [121.870178, 17.265035], [121.870178, 17.263688], [121.871526, 17.263688], [121.871526, 17.26234], [121.872873, 17.26234], [121.872873, 17.263688], [121.874221, 17.263688], [121.874221, 17.265035], [121.875568, 17.265035], [121.875568, 17.266383], [121.874221, 17.266383], [121.874221, 17.269077], [121.872873, 17.269077]], [[121.868831, 18.046569], [121.868831, 18.045222], [121.870178, 18.045222], [121.870178, 18.042527], [121.874221, 18.042527], [121.874221, 18.045222], [121.875568, 18.045222], [121.875568, 18.047917], [121.874221, 18.047917], [121.874221, 18.049264], [121.871526, 18.049264], [121.871526, 18.047917], [121.870178, 18.047917], [121.870178, 18.046569], [121.868831, 18.046569]], [[121.883653, 18.082951], [121.879611, 18.082951], [121.879611, 18.081604], [121.878263, 18.081604], [121.878263, 18.078909], [121.882306, 18.078909], [121.882306, 18.077561], [121.883653, 18.077561], [121.883653, 18.082951]]], [[[121.364876, 17.618073], [121.363529, 17.618073], [121.363529, 17.616725], [121.362181, 17.616725], [121.362181, 17.614031], [121.360834, 17.614031], [121.360834, 17.612683], [121.358139, 17.612683], [121.358139, 17.609988], [121.356791, 17.609988], [121.356791, 17.611336], [121.355444, 17.611336], [121.355444, 17.609988], [121.354096, 17.609988], [121.354096, 17.614031], [121.355444, 17.614031], [121.355444, 17.612683], [121.356791, 17.612683], [121.356791, 17.616725], [121.358139, 17.616725], [121.358139, 17.620768], [121.359486, 17.620768], [121.359486, 17.61942], [121.360834, 17.61942], [121.360834, 17.620768], [121.363529, 17.620768], [121.363529, 17.622115], [121.367571, 17.622115], [121.367571, 17.620768], [121.370266, 17.620768], [121.370266, 17.61942], [121.364876, 17.61942], [121.364876, 17.618073]]], [[[121.391825, 17.620768], [121.390478, 17.620768], [121.390478, 17.61942], [121.389131, 17.61942], [121.389131, 17.618073], [121.387783, 17.618073], [121.387783, 17.616725], [121.385088, 17.616725], [121.385088, 17.615378], [121.383741, 17.615378], [121.383741, 17.611336], [121.382393, 17.611336], [121.382393, 17.607293], [121.381046, 17.607293], [121.381046, 17.601903], [121.379698, 17.601903], [121.379698, 17.595166], [121.378351, 17.595166], [121.378351, 17.591123], [121.377003, 17.591123], [121.377003, 17.592471], [121.375656, 17.592471], [121.375656, 17.591123], [121.374308, 17.591123], [121.374308, 17.593818], [121.372961, 17.593818], [121.372961, 17.595166], [121.375656, 17.595166], [121.375656, 17.597861], [121.377003, 17.597861], [121.377003, 17.603251], [121.375656, 17.603251], [121.375656, 17.605946], [121.377003, 17.605946], [121.377003, 17.607293], [121.375656, 17.607293], [121.375656, 17.608641], [121.374308, 17.608641], [121.374308, 17.609988], [121.372961, 17.609988], [121.372961, 17.615378], [121.371613, 17.615378], [121.371613, 17.618073], [121.372961, 17.618073], [121.372961, 17.61942], [121.374308, 17.61942], [121.374308, 17.620768], [121.377003, 17.620768], [121.377003, 17.622115], [121.378351, 17.622115], [121.378351, 17.623463], [121.381046, 17.623463], [121.381046, 17.62481], [121.382393, 17.62481], [121.382393, 17.626158], [121.387783, 17.626158], [121.387783, 17.627505], [121.390478, 17.627505], [121.390478, 17.628853], [121.389131, 17.628853], [121.389131, 17.6302], [121.390478, 17.6302], [121.390478, 17.631548], [121.386436, 17.631548], [121.386436, 17.632895], [121.383741, 17.632895], [121.383741, 17.634243], [121.385088, 17.634243], [121.385088, 17.638285], [121.383741, 17.638285], [121.383741, 17.64098], [121.382393, 17.64098], [121.382393, 17.643675], [121.381046, 17.643675], [121.381046, 17.645022], [121.382393, 17.645022], [121.382393, 17.647717], [121.378351, 17.647717], [121.378351, 17.649065], [121.377003, 17.649065], [121.377003, 17.655802], [121.378351, 17.655802], [121.378351, 17.65176], [121.379698, 17.65176], [121.379698, 17.650412], [121.383741, 17.650412], [121.383741, 17.649065], [121.385088, 17.649065], [121.385088, 17.645022], [121.387783, 17.645022], [121.387783, 17.643675], [121.389131, 17.643675], [121.389131, 17.642327], [121.390478, 17.642327], [121.390478, 17.639633], [121.391825, 17.639633], [121.391825, 17.628853], [121.393173, 17.628853], [121.393173, 17.62481], [121.39452, 17.62481], [121.39452, 17.623463], [121.395868, 17.623463], [121.395868, 17.622115], [121.391825, 17.622115], [121.391825, 17.620768]]], [[[121.387783, 17.826931], [121.389131, 17.826931], [121.389131, 17.828279], [121.386436, 17.828279], [121.386436, 17.829626], [121.390478, 17.829626], [121.390478, 17.824236], [121.386436, 17.824236], [121.386436, 17.822889], [121.379698, 17.822889], [121.379698, 17.824236], [121.382393, 17.824236], [121.382393, 17.825584], [121.387783, 17.825584], [121.387783, 17.826931]]], [[[121.354096, 17.825584], [121.352749, 17.825584], [121.352749, 17.824236], [121.354096, 17.824236], [121.354096, 17.820194], [121.352749, 17.820194], [121.352749, 17.816151], [121.351401, 17.816151], [121.351401, 17.820194], [121.348706, 17.820194], [121.348706, 17.818846], [121.346011, 17.818846], [121.346011, 17.817499], [121.341969, 17.817499], [121.341969, 17.818846], [121.344664, 17.818846], [121.344664, 17.824236], [121.341969, 17.824236], [121.341969, 17.825584], [121.339274, 17.825584], [121.339274, 17.824236], [121.337927, 17.824236], [121.337927, 17.822889], [121.336579, 17.822889], [121.336579, 17.824236], [121.335232, 17.824236], [121.335232, 17.825584], [121.332537, 17.825584], [121.332537, 17.822889], [121.329842, 17.822889], [121.329842, 17.824236], [121.324452, 17.824236], [121.324452, 17.825584], [121.323104, 17.825584], [121.323104, 17.824236], [121.321757, 17.824236], [121.321757, 17.825584], [121.320409, 17.825584], [121.320409, 17.822889], [121.319062, 17.822889], [121.319062, 17.818846], [121.320409, 17.818846], [121.320409, 17.814804], [121.321757, 17.814804], [121.321757, 17.813457], [121.319062, 17.813457], [121.319062, 17.814804], [121.317714, 17.814804], [121.317714, 17.813457], [121.316367, 17.813457], [121.316367, 17.812109], [121.317714, 17.812109], [121.317714, 17.809414], [121.320409, 17.809414], [121.320409, 17.810762], [121.323104, 17.810762], [121.323104, 17.809414], [121.324452, 17.809414], [121.324452, 17.808067], [121.325799, 17.808067], [121.325799, 17.806719], [121.324452, 17.806719], [121.324452, 17.804024], [121.325799, 17.804024], [121.325799, 17.801329], [121.327147, 17.801329], [121.327147, 17.797287], [121.328494, 17.797287], [121.328494, 17.795939], [121.327147, 17.795939], [121.327147, 17.794592], [121.325799, 17.794592], [121.325799, 17.795939], [121.320409, 17.795939], [121.320409, 17.791897], [121.317714, 17.791897], [121.317714, 17.787855], [121.319062, 17.787855], [121.319062, 17.786507], [121.320409, 17.786507], [121.320409, 17.78516], [121.321757, 17.78516], [121.321757, 17.783812], [121.323104, 17.783812], [121.323104, 17.782465], [121.324452, 17.782465], [121.324452, 17.781117], [121.323104, 17.781117], [121.323104, 17.77977], [121.320409, 17.77977], [121.320409, 17.778422], [121.317714, 17.778422], [121.317714, 17.77977], [121.316367, 17.77977], [121.316367, 17.781117], [121.317714, 17.781117], [121.317714, 17.782465], [121.319062, 17.782465], [121.319062, 17.783812], [121.315019, 17.783812], [121.315019, 17.78516], [121.313672, 17.78516], [121.313672, 17.790549], [121.316367, 17.790549], [121.316367, 17.791897], [121.306935, 17.791897], [121.306935, 17.797287], [121.30424, 17.797287], [121.30424, 17.799982], [121.308282, 17.799982], [121.308282, 17.801329], [121.313672, 17.801329], [121.313672, 17.802677], [121.312325, 17.802677], [121.312325, 17.804024], [121.308282, 17.804024], [121.308282, 17.805372], [121.305587, 17.805372], [121.305587, 17.804024], [121.30424, 17.804024], [121.30424, 17.808067], [121.301545, 17.808067], [121.301545, 17.806719], [121.294807, 17.806719], [121.294807, 17.804024], [121.29346, 17.804024], [121.29346, 17.801329], [121.292112, 17.801329], [121.292112, 17.802677], [121.290765, 17.802677], [121.290765, 17.801329], [121.289418, 17.801329], [121.289418, 17.795939], [121.285375, 17.795939], [121.285375, 17.794592], [121.284028, 17.794592], [121.284028, 17.797287], [121.279985, 17.797287], [121.279985, 17.795939], [121.278638, 17.795939], [121.278638, 17.798634], [121.275943, 17.798634], [121.275943, 17.799982], [121.274595, 17.799982], [121.274595, 17.802677], [121.2719, 17.802677], [121.2719, 17.804024], [121.269205, 17.804024], [121.269205, 17.805372], [121.267858, 17.805372], [121.267858, 17.808067], [121.26651, 17.808067], [121.26651, 17.809414], [121.265163, 17.809414], [121.265163, 17.810762], [121.263816, 17.810762], [121.263816, 17.818846], [121.262468, 17.818846], [121.262468, 17.821541], [121.261121, 17.821541], [121.261121, 17.822889], [121.258426, 17.822889], [121.258426, 17.824236], [121.259773, 17.824236], [121.259773, 17.826931], [121.261121, 17.826931], [121.261121, 17.828279], [121.262468, 17.828279], [121.262468, 17.829626], [121.261121, 17.829626], [121.261121, 17.830974], [121.263816, 17.830974], [121.263816, 17.829626], [121.26651, 17.829626], [121.26651, 17.828279], [121.267858, 17.828279], [121.267858, 17.825584], [121.269205, 17.825584], [121.269205, 17.824236], [121.270553, 17.824236], [121.270553, 17.822889], [121.273248, 17.822889], [121.273248, 17.820194], [121.275943, 17.820194], [121.275943, 17.818846], [121.27729, 17.818846], [121.27729, 17.817499], [121.278638, 17.817499], [121.278638, 17.816151], [121.28268, 17.816151], [121.28268, 17.814804], [121.285375, 17.814804], [121.285375, 17.816151], [121.286723, 17.816151], [121.286723, 17.812109], [121.289418, 17.812109], [121.289418, 17.810762], [121.290765, 17.810762], [121.290765, 17.808067], [121.294807, 17.808067], [121.294807, 17.809414], [121.29346, 17.809414], [121.29346, 17.810762], [121.294807, 17.810762], [121.294807, 17.812109], [121.300197, 17.812109], [121.300197, 17.810762], [121.301545, 17.810762], [121.301545, 17.812109], [121.30424, 17.812109], [121.30424, 17.813457], [121.305587, 17.813457], [121.305587, 17.816151], [121.319062, 17.816151], [121.319062, 17.817499], [121.316367, 17.817499], [121.316367, 17.818846], [121.317714, 17.818846], [121.317714, 17.820194], [121.315019, 17.820194], [121.315019, 17.821541], [121.313672, 17.821541], [121.313672, 17.826931], [121.315019, 17.826931], [121.315019, 17.828279], [121.316367, 17.828279], [121.316367, 17.829626], [121.317714, 17.829626], [121.317714, 17.830974], [121.319062, 17.830974], [121.319062, 17.828279], [121.321757, 17.828279], [121.321757, 17.826931], [121.324452, 17.826931], [121.324452, 17.829626], [121.323104, 17.829626], [121.323104, 17.833669], [121.321757, 17.833669], [121.321757, 17.836364], [121.319062, 17.836364], [121.319062, 17.843101], [121.320409, 17.843101], [121.320409, 17.844448], [121.323104, 17.844448], [121.323104, 17.845796], [121.327147, 17.845796], [121.327147, 17.848491], [121.323104, 17.848491], [121.323104, 17.849838], [121.325799, 17.849838], [121.325799, 17.851186], [121.327147, 17.851186], [121.327147, 17.855228], [121.332537, 17.855228], [121.332537, 17.856576], [121.333884, 17.856576], [121.333884, 17.863313], [121.332537, 17.863313], [121.332537, 17.86466], [121.335232, 17.86466], [121.335232, 17.863313], [121.336579, 17.863313], [121.336579, 17.860618], [121.339274, 17.860618], [121.339274, 17.861966], [121.340621, 17.861966], [121.340621, 17.859271], [121.347359, 17.859271], [121.347359, 17.860618], [121.348706, 17.860618], [121.348706, 17.857923], [121.351401, 17.857923], [121.351401, 17.855228], [121.352749, 17.855228], [121.352749, 17.856576], [121.354096, 17.856576], [121.354096, 17.857923], [121.355444, 17.857923], [121.355444, 17.859271], [121.358139, 17.859271], [121.358139, 17.861966], [121.359486, 17.861966], [121.359486, 17.860618], [121.362181, 17.860618], [121.362181, 17.863313], [121.363529, 17.863313], [121.363529, 17.859271], [121.362181, 17.859271], [121.362181, 17.856576], [121.363529, 17.856576], [121.363529, 17.855228], [121.360834, 17.855228], [121.360834, 17.853881], [121.362181, 17.853881], [121.362181, 17.852533], [121.364876, 17.852533], [121.364876, 17.863313], [121.366223, 17.863313], [121.366223, 17.86466], [121.367571, 17.86466], [121.367571, 17.866008], [121.366223, 17.866008], [121.366223, 17.867355], [121.364876, 17.867355], [121.364876, 17.868703], [121.362181, 17.868703], [121.362181, 17.87005], [121.360834, 17.87005], [121.360834, 17.872745], [121.362181, 17.872745], [121.362181, 17.871398], [121.366223, 17.871398], [121.366223, 17.878135], [121.368918, 17.878135], [121.368918, 17.874093], [121.370266, 17.874093], [121.370266, 17.87544], [121.372961, 17.87544], [121.372961, 17.876788], [121.375656, 17.876788], [121.375656, 17.878135], [121.377003, 17.878135], [121.377003, 17.879483], [121.378351, 17.879483], [121.378351, 17.878135], [121.379698, 17.878135], [121.379698, 17.876788], [121.377003, 17.876788], [121.377003, 17.874093], [121.374308, 17.874093], [121.374308, 17.872745], [121.375656, 17.872745], [121.375656, 17.87005], [121.372961, 17.87005], [121.372961, 17.867355], [121.377003, 17.867355], [121.377003, 17.866008], [121.375656, 17.866008], [121.375656, 17.863313], [121.377003, 17.863313], [121.377003, 17.86466], [121.378351, 17.86466], [121.378351, 17.866008], [121.382393, 17.866008], [121.382393, 17.863313], [121.381046, 17.863313], [121.381046, 17.861966], [121.379698, 17.861966], [121.379698, 17.860618], [121.378351, 17.860618], [121.378351, 17.859271], [121.379698, 17.859271], [121.379698, 17.856576], [121.381046, 17.856576], [121.381046, 17.855228], [121.383741, 17.855228], [121.383741, 17.853881], [121.385088, 17.853881], [121.385088, 17.852533], [121.386436, 17.852533], [121.386436, 17.851186], [121.390478, 17.851186], [121.390478, 17.849838], [121.391825, 17.849838], [121.391825, 17.848491], [121.393173, 17.848491], [121.393173, 17.843101], [121.39452, 17.843101], [121.39452, 17.840406], [121.395868, 17.840406], [121.395868, 17.841753], [121.397215, 17.841753], [121.397215, 17.840406], [121.398563, 17.840406], [121.398563, 17.836364], [121.401258, 17.836364], [121.401258, 17.837711], [121.402605, 17.837711], [121.402605, 17.835016], [121.406648, 17.835016], [121.406648, 17.836364], [121.407995, 17.836364], [121.407995, 17.837711], [121.409343, 17.837711], [121.409343, 17.840406], [121.41069, 17.840406], [121.41069, 17.836364], [121.409343, 17.836364], [121.409343, 17.835016], [121.407995, 17.835016], [121.407995, 17.833669], [121.406648, 17.833669], [121.406648, 17.829626], [121.403953, 17.829626], [121.403953, 17.830974], [121.401258, 17.830974], [121.401258, 17.829626], [121.390478, 17.829626], [121.390478, 17.832321], [121.391825, 17.832321], [121.391825, 17.833669], [121.390478, 17.833669], [121.390478, 17.835016], [121.386436, 17.835016], [121.386436, 17.833669], [121.385088, 17.833669], [121.385088, 17.832321], [121.382393, 17.832321], [121.382393, 17.833669], [121.379698, 17.833669], [121.379698, 17.832321], [121.378351, 17.832321], [121.378351, 17.829626], [121.377003, 17.829626], [121.377003, 17.836364], [121.378351, 17.836364], [121.378351, 17.835016], [121.382393, 17.835016], [121.382393, 17.836364], [121.381046, 17.836364], [121.381046, 17.837711], [121.378351, 17.837711], [121.378351, 17.839059], [121.377003, 17.839059], [121.377003, 17.840406], [121.375656, 17.840406], [121.375656, 17.841753], [121.377003, 17.841753], [121.377003, 17.844448], [121.375656, 17.844448], [121.375656, 17.845796], [121.371613, 17.845796], [121.371613, 17.844448], [121.370266, 17.844448], [121.370266, 17.841753], [121.371613, 17.841753], [121.371613, 17.840406], [121.368918, 17.840406], [121.368918, 17.839059], [121.367571, 17.839059], [121.367571, 17.837711], [121.366223, 17.837711], [121.366223, 17.836364], [121.364876, 17.836364], [121.364876, 17.832321], [121.360834, 17.832321], [121.360834, 17.830974], [121.359486, 17.830974], [121.359486, 17.832321], [121.358139, 17.832321], [121.358139, 17.833669], [121.352749, 17.833669], [121.352749, 17.832321], [121.348706, 17.832321], [121.348706, 17.830974], [121.350054, 17.830974], [121.350054, 17.829626], [121.351401, 17.829626], [121.351401, 17.826931], [121.354096, 17.826931], [121.354096, 17.825584]], [[121.352749, 17.836364], [121.356791, 17.836364], [121.356791, 17.835016], [121.360834, 17.835016], [121.360834, 17.839059], [121.358139, 17.839059], [121.358139, 17.841753], [121.352749, 17.841753], [121.352749, 17.843101], [121.351401, 17.843101], [121.351401, 17.841753], [121.350054, 17.841753], [121.350054, 17.843101], [121.348706, 17.843101], [121.348706, 17.840406], [121.347359, 17.840406], [121.347359, 17.839059], [121.346011, 17.839059], [121.346011, 17.840406], [121.344664, 17.840406], [121.344664, 17.839059], [121.343316, 17.839059], [121.343316, 17.837711], [121.339274, 17.837711], [121.339274, 17.835016], [121.340621, 17.835016], [121.340621, 17.833669], [121.344664, 17.833669], [121.344664, 17.832321], [121.347359, 17.832321], [121.347359, 17.833669], [121.352749, 17.833669], [121.352749, 17.836364]], [[121.360834, 17.841753], [121.360834, 17.843101], [121.362181, 17.843101], [121.362181, 17.847143], [121.360834, 17.847143], [121.360834, 17.845796], [121.359486, 17.845796], [121.359486, 17.848491], [121.358139, 17.848491], [121.358139, 17.847143], [121.356791, 17.847143], [121.356791, 17.845796], [121.358139, 17.845796], [121.358139, 17.844448], [121.356791, 17.844448], [121.356791, 17.843101], [121.358139, 17.843101], [121.358139, 17.841753], [121.360834, 17.841753]]], [[[121.308282, 17.837711], [121.308282, 17.836364], [121.306935, 17.836364], [121.306935, 17.839059], [121.30963, 17.839059], [121.30963, 17.840406], [121.310977, 17.840406], [121.310977, 17.841753], [121.312325, 17.841753], [121.312325, 17.840406], [121.313672, 17.840406], [121.313672, 17.837711], [121.315019, 17.837711], [121.315019, 17.839059], [121.316367, 17.839059], [121.316367, 17.837711], [121.317714, 17.837711], [121.317714, 17.830974], [121.316367, 17.830974], [121.316367, 17.833669], [121.315019, 17.833669], [121.315019, 17.835016], [121.312325, 17.835016], [121.312325, 17.836364], [121.310977, 17.836364], [121.310977, 17.837711], [121.308282, 17.837711]]], [[[121.589904, 17.851186], [121.589904, 17.852533], [121.585862, 17.852533], [121.585862, 17.848491], [121.583167, 17.848491], [121.583167, 17.845796], [121.581819, 17.845796], [121.581819, 17.847143], [121.580472, 17.847143], [121.580472, 17.852533], [121.579124, 17.852533], [121.579124, 17.855228], [121.591251, 17.855228], [121.591251, 17.856576], [121.592599, 17.856576], [121.592599, 17.853881], [121.591251, 17.853881], [121.591251, 17.852533], [121.592599, 17.852533], [121.592599, 17.851186], [121.589904, 17.851186]]], [[[121.459199, 17.957636], [121.460547, 17.957636], [121.460547, 17.956289], [121.457852, 17.956289], [121.457852, 17.957636], [121.455157, 17.957636], [121.455157, 17.958984], [121.453809, 17.958984], [121.453809, 17.964373], [121.459199, 17.964373], [121.459199, 17.963026], [121.455157, 17.963026], [121.455157, 17.961679], [121.456504, 17.961679], [121.456504, 17.960331], [121.459199, 17.960331], [121.459199, 17.957636]]], [[[122.061519, 16.832496], [122.061519, 16.833844], [122.065562, 16.833844], [122.065562, 16.836539], [122.066909, 16.836539], [122.066909, 16.837886], [122.068257, 16.837886], [122.068257, 16.835191], [122.066909, 16.835191], [122.066909, 16.833844], [122.068257, 16.833844], [122.068257, 16.832496], [122.066909, 16.832496], [122.066909, 16.831149], [122.062867, 16.831149], [122.062867, 16.832496], [122.061519, 16.832496]]], [[[122.085774, 16.99554], [122.088469, 16.99554], [122.088469, 16.996888], [122.093859, 16.996888], [122.093859, 16.99554], [122.089816, 16.99554], [122.089816, 16.994193], [122.087121, 16.994193], [122.087121, 16.992846], [122.083079, 16.992846], [122.083079, 16.996888], [122.085774, 16.996888], [122.085774, 16.99554]]], [[[122.101944, 16.998235], [122.099249, 16.998235], [122.099249, 16.996888], [122.093859, 16.996888], [122.093859, 16.998235], [122.097901, 16.998235], [122.097901, 16.999583], [122.104639, 16.999583], [122.104639, 16.994193], [122.103291, 16.994193], [122.103291, 16.99554], [122.101944, 16.99554], [122.101944, 16.998235]]], [[[121.828407, 17.693531], [121.827059, 17.693531], [121.827059, 17.696226], [121.829754, 17.696226], [121.829754, 17.697574], [121.831102, 17.697574], [121.831102, 17.698921], [121.835144, 17.698921], [121.835144, 17.697574], [121.833797, 17.697574], [121.833797, 17.696226], [121.831102, 17.696226], [121.831102, 17.693531], [121.829754, 17.693531], [121.829754, 17.692184], [121.828407, 17.692184], [121.828407, 17.693531]]], [[[121.844576, 17.704311], [121.845924, 17.704311], [121.845924, 17.705659], [121.847271, 17.705659], [121.847271, 17.707006], [121.848619, 17.707006], [121.848619, 17.708354], [121.847271, 17.708354], [121.847271, 17.709701], [121.848619, 17.709701], [121.848619, 17.711049], [121.852661, 17.711049], [121.852661, 17.715091], [121.855356, 17.715091], [121.855356, 17.717786], [121.856704, 17.717786], [121.856704, 17.719133], [121.859399, 17.719133], [121.859399, 17.721828], [121.864788, 17.721828], [121.864788, 17.724523], [121.867483, 17.724523], [121.867483, 17.725871], [121.868831, 17.725871], [121.868831, 17.727218], [121.871526, 17.727218], [121.871526, 17.725871], [121.876916, 17.725871], [121.876916, 17.727218], [121.880958, 17.727218], [121.880958, 17.725871], [121.882306, 17.725871], [121.882306, 17.727218], [121.885001, 17.727218], [121.885001, 17.728566], [121.886348, 17.728566], [121.886348, 17.727218], [121.889043, 17.727218], [121.889043, 17.725871], [121.89039, 17.725871], [121.89039, 17.724523], [121.891738, 17.724523], [121.891738, 17.723176], [121.894433, 17.723176], [121.894433, 17.721828], [121.898475, 17.721828], [121.898475, 17.727218], [121.899823, 17.727218], [121.899823, 17.728566], [121.903865, 17.728566], [121.903865, 17.725871], [121.90117, 17.725871], [121.90117, 17.724523], [121.902518, 17.724523], [121.902518, 17.720481], [121.90117, 17.720481], [121.90117, 17.717786], [121.899823, 17.717786], [121.899823, 17.716438], [121.898475, 17.716438], [121.898475, 17.715091], [121.899823, 17.715091], [121.899823, 17.712396], [121.897128, 17.712396], [121.897128, 17.711049], [121.89578, 17.711049], [121.89578, 17.702964], [121.897128, 17.702964], [121.897128, 17.696226], [121.898475, 17.696226], [121.898475, 17.690836], [121.897128, 17.690836], [121.897128, 17.689489], [121.891738, 17.689489], [121.891738, 17.690836], [121.89039, 17.690836], [121.89039, 17.694879], [121.889043, 17.694879], [121.889043, 17.697574], [121.887695, 17.697574], [121.887695, 17.711049], [121.886348, 17.711049], [121.886348, 17.712396], [121.885001, 17.712396], [121.885001, 17.715091], [121.883653, 17.715091], [121.883653, 17.717786], [121.882306, 17.717786], [121.882306, 17.719133], [121.879611, 17.719133], [121.879611, 17.720481], [121.875568, 17.720481], [121.875568, 17.719133], [121.872873, 17.719133], [121.872873, 17.717786], [121.870178, 17.717786], [121.870178, 17.716438], [121.868831, 17.716438], [121.868831, 17.715091], [121.867483, 17.715091], [121.867483, 17.711049], [121.866136, 17.711049], [121.866136, 17.709701], [121.864788, 17.709701], [121.864788, 17.707006], [121.863441, 17.707006], [121.863441, 17.705659], [121.864788, 17.705659], [121.864788, 17.697574], [121.863441, 17.697574], [121.863441, 17.696226], [121.860746, 17.696226], [121.860746, 17.694879], [121.863441, 17.694879], [121.863441, 17.693531], [121.862094, 17.693531], [121.862094, 17.689489], [121.860746, 17.689489], [121.860746, 17.688142], [121.862094, 17.688142], [121.862094, 17.681404], [121.863441, 17.681404], [121.863441, 17.680057], [121.862094, 17.680057], [121.862094, 17.676014], [121.863441, 17.676014], [121.863441, 17.674667], [121.864788, 17.674667], [121.864788, 17.673319], [121.868831, 17.673319], [121.868831, 17.671972], [121.863441, 17.671972], [121.863441, 17.673319], [121.862094, 17.673319], [121.862094, 17.674667], [121.859399, 17.674667], [121.859399, 17.677362], [121.858051, 17.677362], [121.858051, 17.678709], [121.855356, 17.678709], [121.855356, 17.681404], [121.854009, 17.681404], [121.854009, 17.688142], [121.852661, 17.688142], [121.852661, 17.689489], [121.849966, 17.689489], [121.849966, 17.692184], [121.845924, 17.692184], [121.845924, 17.693531], [121.844576, 17.693531], [121.844576, 17.694879], [121.843229, 17.694879], [121.843229, 17.693531], [121.841881, 17.693531], [121.841881, 17.694879], [121.840534, 17.694879], [121.840534, 17.696226], [121.837839, 17.696226], [121.837839, 17.697574], [121.836492, 17.697574], [121.836492, 17.698921], [121.835144, 17.698921], [121.835144, 17.700269], [121.837839, 17.700269], [121.837839, 17.702964], [121.840534, 17.702964], [121.840534, 17.701616], [121.841881, 17.701616], [121.841881, 17.702964], [121.844576, 17.702964], [121.844576, 17.704311]]], [[[121.936205, 17.814804], [121.937552, 17.814804], [121.937552, 17.813457], [121.938899, 17.813457], [121.938899, 17.812109], [121.940247, 17.812109], [121.940247, 17.810762], [121.941594, 17.810762], [121.941594, 17.812109], [121.945637, 17.812109], [121.945637, 17.806719], [121.946984, 17.806719], [121.946984, 17.804024], [121.949679, 17.804024], [121.949679, 17.801329], [121.951027, 17.801329], [121.951027, 17.799982], [121.952374, 17.799982], [121.952374, 17.794592], [121.953722, 17.794592], [121.953722, 17.78516], [121.952374, 17.78516], [121.952374, 17.783812], [121.951027, 17.783812], [121.951027, 17.781117], [121.949679, 17.781117], [121.949679, 17.77977], [121.948332, 17.77977], [121.948332, 17.778422], [121.949679, 17.778422], [121.949679, 17.775727], [121.948332, 17.775727], [121.948332, 17.777075], [121.946984, 17.777075], [121.946984, 17.77977], [121.945637, 17.77977], [121.945637, 17.782465], [121.946984, 17.782465], [121.946984, 17.786507], [121.948332, 17.786507], [121.948332, 17.793244], [121.946984, 17.793244], [121.946984, 17.797287], [121.945637, 17.797287], [121.945637, 17.798634], [121.944289, 17.798634], [121.944289, 17.799982], [121.941594, 17.799982], [121.941594, 17.801329], [121.940247, 17.801329], [121.940247, 17.804024], [121.938899, 17.804024], [121.938899, 17.805372], [121.937552, 17.805372], [121.937552, 17.809414], [121.936205, 17.809414], [121.936205, 17.810762], [121.934857, 17.810762], [121.934857, 17.816151], [121.936205, 17.816151], [121.936205, 17.814804]]], [[[121.851314, 17.930687], [121.852661, 17.930687], [121.852661, 17.927992], [121.856704, 17.927992], [121.856704, 17.926644], [121.858051, 17.926644], [121.858051, 17.925297], [121.855356, 17.925297], [121.855356, 17.923949], [121.852661, 17.923949], [121.852661, 17.926644], [121.848619, 17.926644], [121.848619, 17.927992], [121.851314, 17.927992], [121.851314, 17.930687]]], [[[121.833797, 17.934729], [121.833797, 17.936077], [121.840534, 17.936077], [121.840534, 17.937424], [121.841881, 17.937424], [121.841881, 17.936077], [121.843229, 17.936077], [121.843229, 17.937424], [121.845924, 17.937424], [121.845924, 17.934729], [121.848619, 17.934729], [121.848619, 17.933382], [121.847271, 17.933382], [121.847271, 17.932034], [121.844576, 17.932034], [121.844576, 17.927992], [121.841881, 17.927992], [121.841881, 17.926644], [121.840534, 17.926644], [121.840534, 17.927992], [121.839186, 17.927992], [121.839186, 17.923949], [121.837839, 17.923949], [121.837839, 17.929339], [121.839186, 17.929339], [121.839186, 17.932034], [121.837839, 17.932034], [121.837839, 17.933382], [121.835144, 17.933382], [121.835144, 17.934729], [121.833797, 17.934729]]], [[[121.968544, 18.01423], [121.969891, 18.01423], [121.969891, 18.015577], [121.971239, 18.015577], [121.971239, 18.018272], [121.972586, 18.018272], [121.972586, 18.01962], [121.976629, 18.01962], [121.976629, 18.018272], [121.979324, 18.018272], [121.979324, 18.015577], [121.975281, 18.015577], [121.975281, 18.011535], [121.972586, 18.011535], [121.972586, 18.010188], [121.971239, 18.010188], [121.971239, 18.00884], [121.969891, 18.00884], [121.969891, 18.010188], [121.968544, 18.010188], [121.968544, 18.00884], [121.967196, 18.00884], [121.967196, 18.006145], [121.960459, 18.006145], [121.960459, 18.007493], [121.961807, 18.007493], [121.961807, 18.00884], [121.964501, 18.00884], [121.964501, 18.011535], [121.967196, 18.011535], [121.967196, 18.012883], [121.968544, 18.012883], [121.968544, 18.01423]]], [[[121.920035, 18.029052], [121.920035, 18.027705], [121.91734, 18.027705], [121.91734, 18.026357], [121.914645, 18.026357], [121.914645, 18.02501], [121.915992, 18.02501], [121.915992, 18.023662], [121.913297, 18.023662], [121.913297, 18.026357], [121.907908, 18.026357], [121.907908, 18.027705], [121.909255, 18.027705], [121.909255, 18.029052], [121.907908, 18.029052], [121.907908, 18.0304], [121.909255, 18.0304], [121.909255, 18.031747], [121.914645, 18.031747], [121.914645, 18.0304], [121.913297, 18.0304], [121.913297, 18.029052], [121.915992, 18.029052], [121.915992, 18.0304], [121.91734, 18.0304], [121.91734, 18.029052], [121.920035, 18.029052]]], [[[121.876916, 18.033095], [121.876916, 18.031747], [121.879611, 18.031747], [121.879611, 18.0304], [121.878263, 18.0304], [121.878263, 18.027705], [121.874221, 18.027705], [121.874221, 18.0304], [121.871526, 18.0304], [121.871526, 18.037137], [121.872873, 18.037137], [121.872873, 18.03579], [121.874221, 18.03579], [121.874221, 18.034442], [121.875568, 18.034442], [121.875568, 18.033095], [121.876916, 18.033095]]], [[[121.930815, 18.043874], [121.936205, 18.043874], [121.936205, 18.042527], [121.934857, 18.042527], [121.934857, 18.039832], [121.932162, 18.039832], [121.932162, 18.041179], [121.930815, 18.041179], [121.930815, 18.038484], [121.92812, 18.038484], [121.92812, 18.042527], [121.926772, 18.042527], [121.926772, 18.043874], [121.925425, 18.043874], [121.925425, 18.045222], [121.930815, 18.045222], [121.930815, 18.043874]]], [[[121.862094, 18.076214], [121.864788, 18.076214], [121.864788, 18.077561], [121.866136, 18.077561], [121.866136, 18.074866], [121.864788, 18.074866], [121.864788, 18.068129], [121.863441, 18.068129], [121.863441, 18.069476], [121.859399, 18.069476], [121.859399, 18.074866], [121.862094, 18.074866], [121.862094, 18.076214]]], [[[121.808195, 18.086994], [121.806847, 18.086994], [121.806847, 18.088341], [121.813584, 18.088341], [121.813584, 18.089688], [121.817627, 18.089688], [121.817627, 18.088341], [121.816279, 18.088341], [121.816279, 18.086994], [121.814932, 18.086994], [121.814932, 18.085646], [121.812237, 18.085646], [121.812237, 18.082951], [121.814932, 18.082951], [121.814932, 18.074866], [121.813584, 18.074866], [121.813584, 18.078909], [121.812237, 18.078909], [121.812237, 18.080256], [121.809542, 18.080256], [121.809542, 18.082951], [121.806847, 18.082951], [121.806847, 18.084299], [121.808195, 18.084299], [121.808195, 18.086994]]]]}}]}