{"type": "FeatureCollection", "features": [{"type": "Feature", "properties": {"area_id": "cagayan-de-oro-river-basin", "name": "Cagayan de Oro River Basin", "study_type": "river_basin", "zone": null, "area_ha": 147010.5, "version": 1}, "geometry": {"type": "MultiPolygon", "coordinates": [[[[124.5125, 8.087498], [124.513637, 8.091931], [124.51876, 8.087962], [124.526956, 8.095266], [124.533899, 8.09705], [124.532766, 8.102209], [124.529734, 8.106124], [124.528597, 8.131376], [124.524432, 8.136754], [124.52557, 8.148044], [124.529734, 8.153422], [124.528597, 8.156378], [124.524432, 8.161751], [124.525739, 8.169952], [124.529168, 8.170834], [124.52952, 8.177425], [124.53298, 8.180908], [124.533685, 8.185046], [124.529181, 8.189585], [124.53298, 8.193411], [124.533333, 8.195832], [124.533685, 8.214926], [124.537145, 8.218409], [124.537502, 8.229168], [124.525739, 8.229904], [124.524343, 8.252124], [124.521489, 8.256213], [124.520178, 8.275244], [124.524909, 8.282018], [124.532352, 8.284314], [124.533333, 8.287498], [124.53579, 8.287859], [124.541315, 8.293411], [124.542019, 8.310788], [124.547575, 8.316313], [124.552453, 8.317026], [124.562147, 8.326742], [124.562852, 8.33159], [124.566312, 8.335077], [124.567021, 8.339924], [124.574646, 8.347575], [124.575355, 8.360788], [124.580907, 8.366313], [124.583333, 8.366665], [124.583899, 8.373046], [124.587894, 8.378201], [124.593878, 8.379734], [124.597789, 8.382767], [124.603528, 8.384238], [124.604732, 8.402208], [124.607764, 8.406123], [124.608335, 8.408335], [124.608687, 8.41909], [124.612147, 8.422577], [124.612852, 8.427425], [124.616312, 8.430907], [124.617021, 8.435759], [124.620481, 8.439241], [124.621186, 8.476711], [124.617021, 8.480907], [124.616312, 8.506591], [124.612852, 8.510074], [124.6125, 8.5125], [124.623259, 8.512147], [124.626742, 8.508687], [124.631589, 8.507978], [124.635076, 8.504518], [124.654165, 8.504166], [124.655017, 8.507483], [124.658335, 8.508335], [124.658901, 8.481121], [124.661933, 8.47721], [124.663066, 8.472791], [124.666098, 8.468876], [124.667373, 8.459222], [124.675569, 8.457118], [124.674432, 8.443624], [124.667128, 8.435424], [124.670365, 8.43125], [124.667235, 8.42721], [124.666098, 8.418622], [124.663066, 8.414712], [124.6625, 8.4125], [124.663119, 8.402008], [124.666049, 8.397994], [124.667436, 8.38847], [124.672992, 8.386882], [124.678008, 8.383221], [124.679783, 8.377006], [124.682717, 8.372992], [124.683952, 8.368671], [124.686882, 8.364658], [124.688425, 8.359258], [124.69514, 8.357341], [124.696451, 8.339504], [124.699381, 8.335496], [124.700794, 8.325784], [124.711131, 8.324384], [124.713119, 8.331326], [124.716049, 8.33534], [124.716669, 8.345832], [124.731379, 8.346403], [124.740503, 8.354532], [124.742233, 8.347789], [124.753599, 8.335545], [124.754736, 8.331121], [124.761933, 8.323046], [124.763066, 8.318622], [124.766098, 8.314712], [124.767235, 8.310288], [124.782766, 8.293879], [124.783899, 8.285291], [124.799434, 8.268877], [124.800705, 8.259254], [124.806123, 8.254732], [124.808334, 8.254166], [124.808334, 8.250001], [124.808687, 8.24338], [124.814243, 8.237855], [124.816668, 8.237498], [124.817516, 8.234185], [124.820833, 8.233333], [124.824151, 8.232482], [124.825966, 8.225396], [124.831125, 8.221401], [124.83665, 8.219983], [124.838068, 8.214458], [124.8411, 8.210543], [124.842233, 8.206124], [124.845265, 8.202209], [124.846402, 8.193625], [124.849434, 8.18971], [124.850567, 8.151955], [124.853599, 8.148044], [124.854165, 8.137498], [124.85066, 8.136602], [124.85, 8.129169], [124.849648, 8.126743], [124.846188, 8.123256], [124.845474, 8.118378], [124.839923, 8.112853], [124.812499, 8.1125], [124.812499, 8.108331], [124.812852, 8.093411], [124.816312, 8.089924], [124.817021, 8.026743], [124.825355, 8.018382], [124.824646, 8.014244], [124.821186, 8.010757], [124.820481, 7.997576], [124.817021, 7.994089], [124.816312, 7.989242], [124.812852, 7.985759], [124.812147, 7.980908], [124.808687, 7.977425], [124.807982, 7.972574], [124.804522, 7.969091], [124.803813, 7.964244], [124.800353, 7.960757], [124.8, 7.954167], [124.791666, 7.954167], [124.787502, 7.954167], [124.785076, 7.954519], [124.781593, 7.957979], [124.766669, 7.958332], [124.758335, 7.958332], [124.716669, 7.958332], [124.716308, 7.955875], [124.710756, 7.950354], [124.704165, 7.950002], [124.680907, 7.949645], [124.677424, 7.946185], [124.655909, 7.94548], [124.652426, 7.94202], [124.645831, 7.941668], [124.644984, 7.944981], [124.639455, 7.946399], [124.635544, 7.949431], [124.622791, 7.950568], [124.618876, 7.9536], [124.606123, 7.954733], [124.602213, 7.957765], [124.582588, 7.958902], [124.57721, 7.954733], [124.554166, 7.954167], [124.554166, 7.970835], [124.553599, 7.973042], [124.550567, 7.976957], [124.549435, 7.981376], [124.542131, 7.989576], [124.545265, 7.993621], [124.546402, 8.009272], [124.536918, 8.019912], [124.531121, 8.021401], [124.525632, 8.025981], [124.524432, 8.043875], [124.5214, 8.04779], [124.519982, 8.053315], [124.51316, 8.055067], [124.511934, 8.068877], [124.508901, 8.072788], [124.508335, 8.083334], [124.511648, 8.084185], [124.5125, 8.087498]]]]}}, {"type": "Feature", "properties": {"area_id": "cagayan-de-oro-river-basin__up", "name": "Cagayan de Oro River Basin (upstream)", "study_type": "river_basin", "zone": "up", "area_ha": 143384.4, "version": 1}, "geometry": {"type": "MultiPolygon", "coordinates": [[[[124.513637, 8.091931], [124.51876, 8.087962], [124.526956, 8.095266], [124.533899, 8.09705], [124.532766, 8.102209], [124.529734, 8.106124], [124.528597, 8.131376], [124.524432, 8.136754], [124.52557, 8.148044], [124.529734, 8.153422], [124.528597, 8.156378], [124.524432, 8.161751], [124.525739, 8.169952], [124.529168, 8.170834], [124.52952, 8.177425], [124.53298, 8.180908], [124.533685, 8.185046], [124.529181, 8.189585], [124.53298, 8.193411], [124.533333, 8.195832], [124.533685, 8.214926], [124.537145, 8.218409], [124.537502, 8.229168], [124.525739, 8.229904], [124.524343, 8.252124], [124.521489, 8.256213], [124.520178, 8.275244], [124.524909, 8.282018], [124.532352, 8.284314], [124.533333, 8.287498], [124.53579, 8.287859], [124.541315, 8.293411], [124.542019, 8.310788], [124.547575, 8.316313], [124.552453, 8.317026], [124.562147, 8.326742], [124.562852, 8.33159], [124.566312, 8.335077], [124.567021, 8.339924], [124.574646, 8.347575], [124.575355, 8.360788], [124.580907, 8.366313], [124.583333, 8.366665], [124.583899, 8.373046], [124.587894, 8.378201], [124.593878, 8.379734], [124.597789, 8.382767], [124.603528, 8.384238], [124.604732, 8.402208], [124.607764, 8.406123], [124.608335, 8.408335], [124.608687, 8.41909], [124.612147, 8.422577], [124.612852, 8.427425], [124.616312, 8.430907], [124.617021, 8.435759], [124.620481, 8.439241], [124.62094, 8.463611], [124.621179, 8.463611], [124.621179, 8.463072], [124.621449, 8.463072], [124.621449, 8.462803], [124.622796, 8.462803], [124.622796, 8.462533], [124.623605, 8.462533], [124.623605, 8.461994], [124.624144, 8.461994], [124.624144, 8.461725], [124.625221, 8.461725], [124.625221, 8.461455], [124.62576, 8.461455], [124.62576, 8.461186], [124.62603, 8.461186], [124.62603, 8.460916], [124.626299, 8.460916], [124.626299, 8.459838], [124.626569, 8.459838], [124.626569, 8.459299], [124.627377, 8.459299], [124.627377, 8.460377], [124.627647, 8.460377], [124.627647, 8.461725], [124.627916, 8.461725], [124.627916, 8.462533], [124.628186, 8.462533], [124.628186, 8.463611], [124.627916, 8.463611], [124.627916, 8.46415], [124.627647, 8.46415], [124.627647, 8.46442], [124.627377, 8.46442], [124.627377, 8.465228], [124.627108, 8.465228], [124.627108, 8.466037], [124.626838, 8.466037], [124.626838, 8.467654], [124.627108, 8.467654], [124.627108, 8.468193], [124.627377, 8.468193], [124.627377, 8.468732], [124.627647, 8.468732], [124.627647, 8.469271], [124.627916, 8.469271], [124.627916, 8.46954], [124.628455, 8.46954], [124.628455, 8.46981], [124.628725, 8.46981], [124.628725, 8.470079], [124.628994, 8.470079], [124.628994, 8.470618], [124.629533, 8.470618], [124.629533, 8.470888], [124.630072, 8.470888], [124.630072, 8.471157], [124.630611, 8.471157], [124.630611, 8.471696], [124.63142, 8.471696], [124.63142, 8.471966], [124.631689, 8.471966], [124.631689, 8.472505], [124.631959, 8.472505], [124.631959, 8.472774], [124.631689, 8.472774], [124.631689, 8.473313], [124.63115, 8.473313], [124.63115, 8.473044], [124.630881, 8.473044], [124.630881, 8.472774], [124.630611, 8.472774], [124.630611, 8.472235], [124.630342, 8.472235], [124.630342, 8.471966], [124.630072, 8.471966], [124.630072, 8.471696], [124.629803, 8.471696], [124.629803, 8.471427], [124.629264, 8.471427], [124.629264, 8.471966], [124.628994, 8.471966], [124.628994, 8.472505], [124.628725, 8.472505], [124.628725, 8.474391], [124.628994, 8.474391], [124.628994, 8.475469], [124.628725, 8.475469], [124.628725, 8.476008], [124.628455, 8.476008], [124.628455, 8.476278], [124.627647, 8.476278], [124.627647, 8.476817], [124.627377, 8.476817], [124.627377, 8.477086], [124.628455, 8.477086], [124.628455, 8.477356], [124.628725, 8.477356], [124.628725, 8.477086], [124.628994, 8.477086], [124.628994, 8.476817], [124.629264, 8.476817], [124.629264, 8.476547], [124.629533, 8.476547], [124.629533, 8.476278], [124.629803, 8.476278], [124.629803, 8.476008], [124.630072, 8.476008], [124.630072, 8.475469], [124.630342, 8.475469], [124.630342, 8.4752], [124.630611, 8.4752], [124.630611, 8.47493], [124.63142, 8.47493], [124.63142, 8.474661], [124.631959, 8.474661], [124.631959, 8.474391], [124.632228, 8.474391], [124.632228, 8.474122], [124.632767, 8.474122], [124.632767, 8.473852], [124.633037, 8.473852], [124.633037, 8.473583], [124.633306, 8.473583], [124.633306, 8.473313], [124.633845, 8.473313], [124.633845, 8.473044], [124.634115, 8.473044], [124.634115, 8.472505], [124.634384, 8.472505], [124.634384, 8.471427], [124.633845, 8.471427], [124.633845, 8.471157], [124.632767, 8.471157], [124.632767, 8.470888], [124.632228, 8.470888], [124.632228, 8.470618], [124.631689, 8.470618], [124.631689, 8.470349], [124.63142, 8.470349], [124.63142, 8.470079], [124.63115, 8.470079], [124.63115, 8.46981], [124.630881, 8.46981], [124.630881, 8.46954], [124.630342, 8.46954], [124.630342, 8.469271], [124.629533, 8.469271], [124.629533, 8.469001], [124.629264, 8.469001], [124.629264, 8.468732], [124.628994, 8.468732], [124.628994, 8.468462], [124.628725, 8.468462], [124.628725, 8.467923], [124.628455, 8.467923], [124.628455, 8.467384], [124.628186, 8.467384], [124.628186, 8.466306], [124.628455, 8.466306], [124.628455, 8.465498], [124.628725, 8.465498], [124.628725, 8.465228], [124.628994, 8.465228], [124.628994, 8.46442], [124.629264, 8.46442], [124.629264, 8.463881], [124.629533, 8.463881], [124.629533, 8.462533], [124.629264, 8.462533], [124.629264, 8.458221], [124.629533, 8.458221], [124.629533, 8.457682], [124.629803, 8.457682], [124.629803, 8.456335], [124.630072, 8.456335], [124.630072, 8.456066], [124.630342, 8.456066], [124.630342, 8.455796], [124.63115, 8.455796], [124.63115, 8.455527], [124.63142, 8.455527], [124.63142, 8.455257], [124.631689, 8.455257], [124.631689, 8.454718], [124.631959, 8.454718], [124.631959, 8.45391], [124.632228, 8.45391], [124.632228, 8.45364], [124.632498, 8.45364], [124.632498, 8.453371], [124.633037, 8.453371], [124.633037, 8.453101], [124.633306, 8.453101], [124.633306, 8.452832], [124.633576, 8.452832], [124.633576, 8.452562], [124.633306, 8.452562], [124.633306, 8.452023], [124.632767, 8.452023], [124.632767, 8.451754], [124.632498, 8.451754], [124.632498, 8.451215], [124.632228, 8.451215], [124.632228, 8.450676], [124.631959, 8.450676], [124.631959, 8.449328], [124.631689, 8.449328], [124.631689, 8.44825], [124.63142, 8.44825], [124.63142, 8.447442], [124.63115, 8.447442], [124.63115, 8.446633], [124.630881, 8.446633], [124.630881, 8.446094], [124.630611, 8.446094], [124.630611, 8.445286], [124.630342, 8.445286], [124.630342, 8.444477], [124.630072, 8.444477], [124.630072, 8.442591], [124.629803, 8.442591], [124.629803, 8.442321], [124.629533, 8.442321], [124.629533, 8.441243], [124.629803, 8.441243], [124.629803, 8.440974], [124.630342, 8.440974], [124.630342, 8.440704], [124.630611, 8.440704], [124.630611, 8.440435], [124.630881, 8.440435], [124.630881, 8.439896], [124.63115, 8.439896], [124.63115, 8.439626], [124.63142, 8.439626], [124.63142, 8.439357], [124.631689, 8.439357], [124.631689, 8.438818], [124.631959, 8.438818], [124.631959, 8.438009], [124.63115, 8.438009], [124.63115, 8.438279], [124.630881, 8.438279], [124.630881, 8.438818], [124.630611, 8.438818], [124.630611, 8.439087], [124.630342, 8.439087], [124.630342, 8.439357], [124.630072, 8.439357], [124.630072, 8.439896], [124.629803, 8.439896], [124.629803, 8.440435], [124.629533, 8.440435], [124.629533, 8.440704], [124.628994, 8.440704], [124.628994, 8.440165], [124.628725, 8.440165], [124.628725, 8.434506], [124.628455, 8.434506], [124.628455, 8.433697], [124.628725, 8.433697], [124.628725, 8.433158], [124.628994, 8.433158], [124.628994, 8.432889], [124.629264, 8.432889], [124.629264, 8.432081], [124.629533, 8.432081], [124.629533, 8.429925], [124.629264, 8.429925], [124.629264, 8.429386], [124.628994, 8.429386], [124.628994, 8.428847], [124.628725, 8.428847], [124.628725, 8.428308], [124.628455, 8.428308], [124.628455, 8.427769], [124.628186, 8.427769], [124.628186, 8.42723], [124.627916, 8.42723], [124.627916, 8.426691], [124.627647, 8.426691], [124.627647, 8.425613], [124.627377, 8.425613], [124.627377, 8.425343], [124.627108, 8.425343], [124.627108, 8.425074], [124.626838, 8.425074], [124.626838, 8.424804], [124.626569, 8.424804], [124.626569, 8.424535], [124.62603, 8.424535], [124.62603, 8.424265], [124.625491, 8.424265], [124.625491, 8.423996], [124.625221, 8.423996], [124.625221, 8.423726], [124.624952, 8.423726], [124.624952, 8.422918], [124.625491, 8.422918], [124.625491, 8.422648], [124.62603, 8.422648], [124.62603, 8.422379], [124.626838, 8.422379], [124.626838, 8.422648], [124.627377, 8.422648], [124.627377, 8.423457], [124.627647, 8.423457], [124.627647, 8.423996], [124.627916, 8.423996], [124.627916, 8.424265], [124.627647, 8.424265], [124.627647, 8.424535], [124.627916, 8.424535], [124.627916, 8.425613], [124.628186, 8.425613], [124.628186, 8.425882], [124.628455, 8.425882], [124.628455, 8.426152], [124.628725, 8.426152], [124.628725, 8.426421], [124.629264, 8.426421], [124.629264, 8.426691], [124.629533, 8.426691], [124.629533, 8.42696], [124.629803, 8.42696], [124.629803, 8.42723], [124.630072, 8.42723], [124.630072, 8.427769], [124.630342, 8.427769], [124.630342, 8.428308], [124.630611, 8.428308], [124.630611, 8.430194], [124.630881, 8.430194], [124.630881, 8.431272], [124.63115, 8.431272], [124.63115, 8.432081], [124.63142, 8.432081], [124.63142, 8.43235], [124.631689, 8.43235], [124.631689, 8.432889], [124.63142, 8.432889], [124.63142, 8.433428], [124.631689, 8.433428], [124.631689, 8.433697], [124.63142, 8.433697], [124.63142, 8.434236], [124.631689, 8.434236], [124.631689, 8.433967], [124.631959, 8.433967], [124.631959, 8.433697], [124.632498, 8.433697], [124.632498, 8.433158], [124.632767, 8.433158], [124.632767, 8.432889], [124.632498, 8.432889], [124.632498, 8.43235], [124.631959, 8.43235], [124.631959, 8.431003], [124.631689, 8.431003], [124.631689, 8.430194], [124.63142, 8.430194], [124.63142, 8.429386], [124.631689, 8.429386], [124.631689, 8.428847], [124.63142, 8.428847], [124.63142, 8.428577], [124.631689, 8.428577], [124.631689, 8.428308], [124.63142, 8.428308], [124.63142, 8.42723], [124.63115, 8.42723], [124.63115, 8.42696], [124.630881, 8.42696], [124.630881, 8.426421], [124.630342, 8.426421], [124.630342, 8.426152], [124.630072, 8.426152], [124.630072, 8.425613], [124.629533, 8.425613], [124.629533, 8.425343], [124.629264, 8.425343], [124.629264, 8.425074], [124.628994, 8.425074], [124.628994, 8.424265], [124.628725, 8.424265], [124.628725, 8.423726], [124.628455, 8.423726], [124.628455, 8.42184], [124.628186, 8.42184], [124.628186, 8.42157], [124.627916, 8.42157], [124.627916, 8.421301], [124.62603, 8.421301], [124.62603, 8.42157], [124.623874, 8.42157], [124.623874, 8.42184], [124.622527, 8.42184], [124.622527, 8.422109], [124.621449, 8.422109], [124.621449, 8.422379], [124.621179, 8.422379], [124.621179, 8.422648], [124.62064, 8.422648], [124.62064, 8.422918], [124.619562, 8.422918], [124.619562, 8.422648], [124.619023, 8.422648], [124.619023, 8.422379], [124.618754, 8.422379], [124.618754, 8.422109], [124.618484, 8.422109], [124.618484, 8.42157], [124.618215, 8.42157], [124.618215, 8.419953], [124.618484, 8.419953], [124.618484, 8.419145], [124.618754, 8.419145], [124.618754, 8.418606], [124.619023, 8.418606], [124.619023, 8.418336], [124.619293, 8.418336], [124.619293, 8.418606], [124.619562, 8.418606], [124.619562, 8.419145], [124.619832, 8.419145], [124.619832, 8.419414], [124.620101, 8.419414], [124.620101, 8.419684], [124.62064, 8.419684], [124.62064, 8.419953], [124.621449, 8.419953], [124.621449, 8.419684], [124.621718, 8.419684], [124.621718, 8.419414], [124.622796, 8.419414], [124.622796, 8.419684], [124.623605, 8.419684], [124.623605, 8.419953], [124.623874, 8.419953], [124.623874, 8.419684], [124.624144, 8.419684], [124.624144, 8.419953], [124.624952, 8.419953], [124.624952, 8.419684], [124.625491, 8.419684], [124.625491, 8.419414], [124.62603, 8.419414], [124.62603, 8.418875], [124.626299, 8.418875], [124.626299, 8.418606], [124.626569, 8.418606], [124.626569, 8.418336], [124.626838, 8.418336], [124.626838, 8.418067], [124.627108, 8.418067], [124.627108, 8.417797], [124.628186, 8.417797], [124.628186, 8.418875], [124.628455, 8.418875], [124.628455, 8.419414], [124.628725, 8.419414], [124.628725, 8.419953], [124.628994, 8.419953], [124.628994, 8.420223], [124.629264, 8.420223], [124.629264, 8.420492], [124.629533, 8.420492], [124.629533, 8.421031], [124.630072, 8.421031], [124.630072, 8.421301], [124.63142, 8.421301], [124.63142, 8.421031], [124.631689, 8.421031], [124.631689, 8.420762], [124.631959, 8.420762], [124.631959, 8.420492], [124.632498, 8.420492], [124.632498, 8.420223], [124.633845, 8.420223], [124.633845, 8.420492], [124.636001, 8.420492], [124.636001, 8.420762], [124.636271, 8.420762], [124.636271, 8.421301], [124.63654, 8.421301], [124.63654, 8.42157], [124.637079, 8.42157], [124.637079, 8.421301], [124.637888, 8.421301], [124.637888, 8.42157], [124.638157, 8.42157], [124.638157, 8.422109], [124.638427, 8.422109], [124.638427, 8.422918], [124.638696, 8.422918], [124.638696, 8.423187], [124.639235, 8.423187], [124.639235, 8.423457], [124.639505, 8.423457], [124.639505, 8.423726], [124.639774, 8.423726], [124.639774, 8.423187], [124.640583, 8.423187], [124.640583, 8.422918], [124.640852, 8.422918], [124.640852, 8.423187], [124.6422, 8.423187], [124.6422, 8.423457], [124.642469, 8.423457], [124.642469, 8.423996], [124.643008, 8.423996], [124.643008, 8.424535], [124.643278, 8.424535], [124.643278, 8.425074], [124.643547, 8.425074], [124.643547, 8.426152], [124.643278, 8.426152], [124.643278, 8.42696], [124.643008, 8.42696], [124.643008, 8.428577], [124.643547, 8.428577], [124.643547, 8.429925], [124.643278, 8.429925], [124.643278, 8.430194], [124.643008, 8.430194], [124.643008, 8.430464], [124.642469, 8.430464], [124.642469, 8.430194], [124.6422, 8.430194], [124.6422, 8.429655], [124.64193, 8.429655], [124.64193, 8.428847], [124.641661, 8.428847], [124.641661, 8.428308], [124.641391, 8.428308], [124.641391, 8.428847], [124.641122, 8.428847], [124.641122, 8.429116], [124.640313, 8.429116], [124.640313, 8.429386], [124.640044, 8.429386], [124.640044, 8.429925], [124.640313, 8.429925], [124.640313, 8.430194], [124.640583, 8.430194], [124.640583, 8.431272], [124.640313, 8.431272], [124.640313, 8.431542], [124.640044, 8.431542], [124.640044, 8.431811], [124.639774, 8.431811], [124.639774, 8.43235], [124.639505, 8.43235], [124.639505, 8.432619], [124.639235, 8.432619], [124.639235, 8.432889], [124.638966, 8.432889], [124.638966, 8.433158], [124.638157, 8.433158], [124.638157, 8.433428], [124.637888, 8.433428], [124.637888, 8.433697], [124.637349, 8.433697], [124.637349, 8.43774], [124.637618, 8.43774], [124.637618, 8.439087], [124.637888, 8.439087], [124.637888, 8.439626], [124.638157, 8.439626], [124.638157, 8.439896], [124.638427, 8.439896], [124.638427, 8.440165], [124.638696, 8.440165], [124.638696, 8.440435], [124.638966, 8.440435], [124.638966, 8.440704], [124.639505, 8.440704], [124.639505, 8.440974], [124.639774, 8.440974], [124.639774, 8.441243], [124.640583, 8.441243], [124.640583, 8.440704], [124.640313, 8.440704], [124.640313, 8.440165], [124.640044, 8.440165], [124.640044, 8.439896], [124.639505, 8.439896], [124.639505, 8.439626], [124.639235, 8.439626], [124.639235, 8.439357], [124.638966, 8.439357], [124.638966, 8.438818], [124.638696, 8.438818], [124.638696, 8.434506], [124.638966, 8.434506], [124.638966, 8.434236], [124.640313, 8.434236], [124.640313, 8.433967], [124.640852, 8.433967], [124.640852, 8.433697], [124.641391, 8.433697], [124.641391, 8.433428], [124.642469, 8.433428], [124.642469, 8.433697], [124.643278, 8.433697], [124.643278, 8.433967], [124.643547, 8.433967], [124.643547, 8.434506], [124.643817, 8.434506], [124.643817, 8.435314], [124.644086, 8.435314], [124.644086, 8.435853], [124.643817, 8.435853], [124.643817, 8.436662], [124.644086, 8.436662], [124.644086, 8.436931], [124.644625, 8.436931], [124.644625, 8.438009], [124.644356, 8.438009], [124.644356, 8.438548], [124.644625, 8.438548], [124.644625, 8.438818], [124.644895, 8.438818], [124.644895, 8.439087], [124.645164, 8.439087], [124.645164, 8.439626], [124.644895, 8.439626], [124.644895, 8.439896], [124.645164, 8.439896], [124.645164, 8.440165], [124.644895, 8.440165], [124.644895, 8.440435], [124.644625, 8.440435], [124.644625, 8.440704], [124.644356, 8.440704], [124.644356, 8.440974], [124.644625, 8.440974], [124.644625, 8.442052], [124.645164, 8.442052], [124.645164, 8.442591], [124.644895, 8.442591], [124.644895, 8.44286], [124.644356, 8.44286], [124.644356, 8.44313], [124.644086, 8.44313], [124.644086, 8.443399], [124.644356, 8.443399], [124.644356, 8.443938], [124.646512, 8.443938], [124.646512, 8.443399], [124.64732, 8.443399], [124.64732, 8.443938], [124.647859, 8.443938], [124.647859, 8.444477], [124.648129, 8.444477], [124.648129, 8.444747], [124.648398, 8.444747], [124.648398, 8.445825], [124.647859, 8.445825], [124.647859, 8.446094], [124.64759, 8.446094], [124.64759, 8.446364], [124.64732, 8.446364], [124.64732, 8.446903], [124.647051, 8.446903], [124.647051, 8.447711], [124.646781, 8.447711], [124.646781, 8.44852], [124.647051, 8.44852], [124.647051, 8.448789], [124.64732, 8.448789], [124.64732, 8.450945], [124.647051, 8.450945], [124.647051, 8.452023], [124.646781, 8.452023], [124.646781, 8.455527], [124.646512, 8.455527], [124.646512, 8.456874], [124.646242, 8.456874], [124.646242, 8.457952], [124.645973, 8.457952], [124.645973, 8.45876], [124.645703, 8.45876], [124.645703, 8.459569], [124.645434, 8.459569], [124.645434, 8.460108], [124.645164, 8.460108], [124.645164, 8.460377], [124.644895, 8.460377], [124.644895, 8.460916], [124.644625, 8.460916], [124.644625, 8.461455], [124.644895, 8.461455], [124.644895, 8.461725], [124.644625, 8.461725], [124.644625, 8.462533], [124.644356, 8.462533], [124.644356, 8.46415], [124.644625, 8.46415], [124.644625, 8.46442], [124.645164, 8.46442], [124.645164, 8.464689], [124.645703, 8.464689], [124.645703, 8.464959], [124.646242, 8.464959], [124.646242, 8.465228], [124.646781, 8.465228], [124.646781, 8.465498], [124.64732, 8.465498], [124.64732, 8.465767], [124.64759, 8.465767], [124.64759, 8.466037], [124.647859, 8.466037], [124.647859, 8.466306], [124.648398, 8.466306], [124.648398, 8.466576], [124.648668, 8.466576], [124.648668, 8.466845], [124.649476, 8.466845], [124.649476, 8.467115], [124.649745, 8.467115], [124.649745, 8.467923], [124.650015, 8.467923], [124.650015, 8.468462], [124.650284, 8.468462], [124.650284, 8.468732], [124.650823, 8.468732], [124.650823, 8.469001], [124.651093, 8.469001], [124.651093, 8.469271], [124.651632, 8.469271], [124.651632, 8.46954], [124.651901, 8.46954], [124.651901, 8.469271], [124.652171, 8.469271], [124.652171, 8.46954], [124.65271, 8.46954], [124.65271, 8.46981], [124.653249, 8.46981], [124.653249, 8.470079], [124.654057, 8.470079], [124.654057, 8.470349], [124.654327, 8.470349], [124.654327, 8.470618], [124.654866, 8.470618], [124.654866, 8.470888], [124.655135, 8.470888], [124.655135, 8.471157], [124.655405, 8.471157], [124.655405, 8.471427], [124.655674, 8.471427], [124.655674, 8.471696], [124.656213, 8.471696], [124.656213, 8.471966], [124.657561, 8.471966], [124.657561, 8.471696], [124.65783, 8.471696], [124.65783, 8.471157], [124.657291, 8.471157], [124.657291, 8.471427], [124.657022, 8.471427], [124.657022, 8.471157], [124.656752, 8.471157], [124.656752, 8.470888], [124.655944, 8.470888], [124.655944, 8.470618], [124.655674, 8.470618], [124.655674, 8.470349], [124.655405, 8.470349], [124.655405, 8.470079], [124.655135, 8.470079], [124.655135, 8.46954], [124.654596, 8.46954], [124.654596, 8.469271], [124.654327, 8.469271], [124.654327, 8.469001], [124.652979, 8.469001], [124.652979, 8.468732], [124.651901, 8.468732], [124.651901, 8.468462], [124.651632, 8.468462], [124.651632, 8.468193], [124.651362, 8.468193], [124.651362, 8.467923], [124.651093, 8.467923], [124.651093, 8.467384], [124.650823, 8.467384], [124.650823, 8.466037], [124.651093, 8.466037], [124.651093, 8.465498], [124.648937, 8.465498], [124.648937, 8.465228], [124.648668, 8.465228], [124.648668, 8.464959], [124.648398, 8.464959], [124.648398, 8.464689], [124.648129, 8.464689], [124.648129, 8.46415], [124.648398, 8.46415], [124.648398, 8.463881], [124.649745, 8.463881], [124.649745, 8.463611], [124.650823, 8.463611], [124.650823, 8.463881], [124.651901, 8.463881], [124.651901, 8.463342], [124.651632, 8.463342], [124.651632, 8.462264], [124.652171, 8.462264], [124.652171, 8.461994], [124.65244, 8.461994], [124.65244, 8.461725], [124.65271, 8.461725], [124.65271, 8.461455], [124.652979, 8.461455], [124.652979, 8.461725], [124.653249, 8.461725], [124.653249, 8.461455], [124.653518, 8.461455], [124.653518, 8.461186], [124.653788, 8.461186], [124.653788, 8.460916], [124.654057, 8.460916], [124.654057, 8.460377], [124.654596, 8.460377], [124.654596, 8.459569], [124.654866, 8.459569], [124.654866, 8.45876], [124.654327, 8.45876], [124.654327, 8.458491], [124.654596, 8.458491], [124.654596, 8.458221], [124.654866, 8.458221], [124.654866, 8.457682], [124.655135, 8.457682], [124.655135, 8.457413], [124.655405, 8.457413], [124.655405, 8.457144], [124.656213, 8.457144], [124.656213, 8.457413], [124.656752, 8.457413], [124.656752, 8.458491], [124.657291, 8.458491], [124.657291, 8.45876], [124.657561, 8.45876], [124.657561, 8.45903], [124.65783, 8.45903], [124.65783, 8.459299], [124.6581, 8.459299], [124.6581, 8.459569], [124.659717, 8.459569], [124.659717, 8.459299], [124.660795, 8.459299], [124.660795, 8.460108], [124.660525, 8.460108], [124.660525, 8.460647], [124.660256, 8.460647], [124.660256, 8.461725], [124.659986, 8.461725], [124.659986, 8.462533], [124.660525, 8.462533], [124.660525, 8.462264], [124.660795, 8.462264], [124.660795, 8.462533], [124.661064, 8.462533], [124.661064, 8.463072], [124.661334, 8.463072], [124.661334, 8.463342], [124.661064, 8.463342], [124.661064, 8.464689], [124.660795, 8.464689], [124.660795, 8.464959], [124.660525, 8.464959], [124.660525, 8.465767], [124.660795, 8.465767], [124.660795, 8.466306], [124.661064, 8.466306], [124.661064, 8.466576], [124.661603, 8.466576], [124.661603, 8.466306], [124.661873, 8.466306], [124.661873, 8.465767], [124.662142, 8.465767], [124.662142, 8.464689], [124.661873, 8.464689], [124.661873, 8.463072], [124.662142, 8.463072], [124.662142, 8.462533], [124.662412, 8.462533], [124.662412, 8.461725], [124.662681, 8.461725], [124.662681, 8.461455], [124.66322, 8.461455], [124.66322, 8.461186], [124.663759, 8.461186], [124.663759, 8.461725], [124.664029, 8.461725], [124.664029, 8.461994], [124.664298, 8.461994], [124.664298, 8.462264], [124.664837, 8.462264], [124.664837, 8.462533], [124.665646, 8.462533], [124.665646, 8.462264], [124.666185, 8.462264], [124.666185, 8.461994], [124.666993, 8.461994], [124.666993, 8.460916], [124.667149, 8.460916], [124.667373, 8.459222], [124.675569, 8.457118], [124.674432, 8.443624], [124.667128, 8.435424], [124.670365, 8.43125], [124.667235, 8.42721], [124.666098, 8.418622], [124.663066, 8.414712], [124.6625, 8.4125], [124.663119, 8.402008], [124.666049, 8.397994], [124.667436, 8.38847], [124.672992, 8.386882], [124.678008, 8.383221], [124.679783, 8.377006], [124.682717, 8.372992], [124.683952, 8.368671], [124.686882, 8.364658], [124.688425, 8.359258], [124.69514, 8.357341], [124.696451, 8.339504], [124.699381, 8.335496], [124.700794, 8.325784], [124.711131, 8.324384], [124.713119, 8.331326], [124.716049, 8.33534], [124.716669, 8.345832], [124.731379, 8.346403], [124.740503, 8.354532], [124.742233, 8.347789], [124.753599, 8.335545], [124.754736, 8.331121], [124.761933, 8.323046], [124.763066, 8.318622], [124.766098, 8.314712], [124.767235, 8.310288], [124.782766, 8.293879], [124.783899, 8.285291], [124.799434, 8.268877], [124.800705, 8.259254], [124.806123, 8.254732], [124.808334, 8.254166], [124.808334, 8.250001], [124.808687, 8.24338], [124.814243, 8.237855], [124.816668, 8.237498], [124.817516, 8.234185], [124.820833, 8.233333], [124.824151, 8.232482], [124.825966, 8.225396], [124.831125, 8.221401], [124.83665, 8.219983], [124.838068, 8.214458], [124.8411, 8.210543], [124.842233, 8.206124], [124.845265, 8.202209], [124.846402, 8.193625], [124.849434, 8.18971], [124.850567, 8.151955], [124.853599, 8.148044], [124.854165, 8.137498], [124.85066, 8.136602], [124.85, 8.129169], [124.849648, 8.126743], [124.846188, 8.123256], [124.845474, 8.118378], [124.839923, 8.112853], [124.812499, 8.1125], [124.812499, 8.108331], [124.812852, 8.093411], [124.816312, 8.089924], [124.817021, 8.026743], [124.825355, 8.018382], [124.824646, 8.014244], [124.821186, 8.010757], [124.820481, 7.997576], [124.817021, 7.994089], [124.816312, 7.989242], [124.812852, 7.985759], [124.812147, 7.980908], [124.808687, 7.977425], [124.807982, 7.972574], [124.804522, 7.969091], [124.803813, 7.964244], [124.800353, 7.960757], [124.8, 7.954167], [124.791666, 7.954167], [124.787502, 7.954167], [124.785076, 7.954519], [124.781593, 7.957979], [124.766669, 7.958332], [124.758335, 7.958332], [124.716669, 7.958332], [124.716308, 7.955875], [124.710756, 7.950354], [124.704165, 7.950002], [124.680907, 7.949645], [124.677424, 7.946185], [124.655909, 7.94548], [124.652426, 7.94202], [124.645831, 7.941668], [124.644984, 7.944981], [124.639455, 7.946399], [124.635544, 7.949431], [124.622791, 7.950568], [124.618876, 7.9536], [124.606123, 7.954733], [124.602213, 7.957765], [124.582588, 7.958902], [124.57721, 7.954733], [124.554166, 7.954167], [124.554166, 7.970835], [124.553599, 7.973042], [124.550567, 7.976957], [124.549435, 7.981376], [124.542131, 7.989576], [124.545265, 7.993621], [124.546402, 8.009272], [124.536918, 8.019912], [124.531121, 8.021401], [124.525632, 8.025981], [124.524432, 8.043875], [124.5214, 8.04779], [124.519982, 8.053315], [124.51316, 8.055067], [124.511934, 8.068877], [124.508901, 8.072788], [124.508335, 8.083334], [124.511648, 8.084185], [124.5125, 8.087498], [124.513637, 8.091931]], [[124.603392, 8.316198], [124.603662, 8.316198], [124.603662, 8.316737], [124.603931, 8.316737], [124.603931, 8.317006], [124.604201, 8.317006], [124.604201, 8.319162], [124.60447, 8.319162], [124.60447, 8.319432], [124.60474, 8.319432], [124.60474, 8.324283], [124.605009, 8.324283], [124.605009, 8.324552], [124.605279, 8.324552], [124.605279, 8.325091], [124.605548, 8.325091], [124.605548, 8.326169], [124.605818, 8.326169], [124.605818, 8.326439], [124.606626, 8.326439], [124.606626, 8.326708], [124.606896, 8.326708], [124.606896, 8.327517], [124.606626, 8.327517], [124.606626, 8.328595], [124.606357, 8.328595], [124.606357, 8.329134], [124.605548, 8.329134], [124.605548, 8.329403], [124.604201, 8.329403], [124.604201, 8.329673], [124.603662, 8.329673], [124.603662, 8.329942], [124.603392, 8.329942], [124.603392, 8.33102], [124.603123, 8.33102], [124.603123, 8.331829], [124.602853, 8.331829], [124.602853, 8.332098], [124.602314, 8.332098], [124.602314, 8.331829], [124.601775, 8.331829], [124.601775, 8.329673], [124.602045, 8.329673], [124.602045, 8.329403], [124.602314, 8.329403], [124.602314, 8.329134], [124.602584, 8.329134], [124.602584, 8.328864], [124.603123, 8.328864], [124.603123, 8.328595], [124.603662, 8.328595], [124.603662, 8.328325], [124.604201, 8.328325], [124.604201, 8.327786], [124.60447, 8.327786], [124.60447, 8.326978], [124.60474, 8.326978], [124.60474, 8.326708], [124.60447, 8.326708], [124.60447, 8.3259], [124.604201, 8.3259], [124.604201, 8.325361], [124.603931, 8.325361], [124.603931, 8.324822], [124.603662, 8.324822], [124.603662, 8.324283], [124.603392, 8.324283], [124.603392, 8.322127], [124.603123, 8.322127], [124.603123, 8.321588], [124.602853, 8.321588], [124.602853, 8.320779], [124.602584, 8.320779], [124.602584, 8.32051], [124.602314, 8.32051], [124.602314, 8.319971], [124.602584, 8.319971], [124.602584, 8.319162], [124.602853, 8.319162], [124.602853, 8.318893], [124.603123, 8.318893], [124.603123, 8.317545], [124.602853, 8.317545], [124.602853, 8.315659], [124.603123, 8.315659], [124.603123, 8.315928], [124.603392, 8.315928], [124.603392, 8.316198]], [[124.603662, 8.333984], [124.603931, 8.333984], [124.603931, 8.334793], [124.603662, 8.334793], [124.603662, 8.335332], [124.603123, 8.335332], [124.603123, 8.335601], [124.602853, 8.335601], [124.602853, 8.335871], [124.602584, 8.335871], [124.602584, 8.33614], [124.602314, 8.33614], [124.602314, 8.336679], [124.602045, 8.336679], [124.602045, 8.338566], [124.602314, 8.338566], [124.602314, 8.339374], [124.602584, 8.339374], [124.602584, 8.339913], [124.602853, 8.339913], [124.602853, 8.340183], [124.603392, 8.340183], [124.603392, 8.340452], [124.603662, 8.340452], [124.603662, 8.340722], [124.603931, 8.340722], [124.603931, 8.340991], [124.604201, 8.340991], [124.604201, 8.341261], [124.60474, 8.341261], [124.60474, 8.34153], [124.605548, 8.34153], [124.605548, 8.3418], [124.606087, 8.3418], [124.606087, 8.342069], [124.606357, 8.342069], [124.606357, 8.342339], [124.606626, 8.342339], [124.606626, 8.342608], [124.607165, 8.342608], [124.607165, 8.342878], [124.607435, 8.342878], [124.607435, 8.343147], [124.607974, 8.343147], [124.607974, 8.343417], [124.608243, 8.343417], [124.608243, 8.343686], [124.608513, 8.343686], [124.608513, 8.343956], [124.608782, 8.343956], [124.608782, 8.344225], [124.609052, 8.344225], [124.609052, 8.344495], [124.609321, 8.344495], [124.609321, 8.344764], [124.60986, 8.344764], [124.60986, 8.345034], [124.610669, 8.345034], [124.610669, 8.344764], [124.611208, 8.344764], [124.611208, 8.344495], [124.611477, 8.344495], [124.611477, 8.343956], [124.611747, 8.343956], [124.611747, 8.343686], [124.612016, 8.343686], [124.612016, 8.343417], [124.612825, 8.343417], [124.612825, 8.343956], [124.612555, 8.343956], [124.612555, 8.344764], [124.612286, 8.344764], [124.612286, 8.345034], [124.612016, 8.345034], [124.612016, 8.345573], [124.611747, 8.345573], [124.611747, 8.345842], [124.611477, 8.345842], [124.611477, 8.346112], [124.611208, 8.346112], [124.611208, 8.346381], [124.610938, 8.346381], [124.610938, 8.346651], [124.61013, 8.346651], [124.61013, 8.34692], [124.60986, 8.34692], [124.60986, 8.34719], [124.609321, 8.34719], [124.609321, 8.347729], [124.609052, 8.347729], [124.609052, 8.348268], [124.608782, 8.348268], [124.608782, 8.348807], [124.608513, 8.348807], [124.608513, 8.349076], [124.608243, 8.349076], [124.608243, 8.349346], [124.607974, 8.349346], [124.607974, 8.351771], [124.607704, 8.351771], [124.607704, 8.35231], [124.607435, 8.35231], [124.607435, 8.35258], [124.607165, 8.35258], [124.607165, 8.35231], [124.606896, 8.35231], [124.606896, 8.351232], [124.606626, 8.351232], [124.606626, 8.350963], [124.606357, 8.350963], [124.606357, 8.349615], [124.606087, 8.349615], [124.606087, 8.349346], [124.605548, 8.349346], [124.605548, 8.349076], [124.605279, 8.349076], [124.605279, 8.348807], [124.605009, 8.348807], [124.605009, 8.348537], [124.60474, 8.348537], [124.60474, 8.348268], [124.60447, 8.348268], [124.60447, 8.347729], [124.604201, 8.347729], [124.604201, 8.347459], [124.603931, 8.347459], [124.603931, 8.34719], [124.603662, 8.34719], [124.603662, 8.346651], [124.603392, 8.346651], [124.603392, 8.345573], [124.603123, 8.345573], [124.603123, 8.345034], [124.602853, 8.345034], [124.602853, 8.342878], [124.602584, 8.342878], [124.602584, 8.342608], [124.602314, 8.342608], [124.602314, 8.342339], [124.602045, 8.342339], [124.602045, 8.342069], [124.601506, 8.342069], [124.601506, 8.3418], [124.601236, 8.3418], [124.601236, 8.34153], [124.600967, 8.34153], [124.600967, 8.339644], [124.600697, 8.339644], [124.600697, 8.33641], [124.600967, 8.33641], [124.600967, 8.335601], [124.601236, 8.335601], [124.601236, 8.335332], [124.601506, 8.335332], [124.601506, 8.335062], [124.601775, 8.335062], [124.601775, 8.334793], [124.602045, 8.334793], [124.602045, 8.333984], [124.602314, 8.333984], [124.602314, 8.333176], [124.603392, 8.333176], [124.603392, 8.333715], [124.603662, 8.333715], [124.603662, 8.333984]], [[124.644895, 8.381416], [124.645703, 8.381416], [124.645703, 8.381685], [124.646781, 8.381685], [124.646781, 8.381955], [124.647859, 8.381955], [124.647859, 8.382224], [124.648129, 8.382224], [124.648129, 8.383032], [124.648398, 8.383032], [124.648398, 8.383302], [124.648937, 8.383302], [124.648937, 8.383571], [124.649207, 8.383571], [124.649207, 8.383302], [124.649476, 8.383302], [124.649476, 8.383032], [124.649745, 8.383032], [124.649745, 8.382763], [124.650284, 8.382763], [124.650284, 8.383032], [124.650554, 8.383032], [124.650554, 8.383302], [124.650284, 8.383302], [124.650284, 8.383571], [124.649745, 8.383571], [124.649745, 8.383841], [124.649476, 8.383841], [124.649476, 8.38411], [124.648937, 8.38411], [124.648937, 8.384649], [124.648398, 8.384649], [124.648398, 8.384919], [124.648129, 8.384919], [124.648129, 8.385188], [124.645973, 8.385188], [124.645973, 8.384919], [124.645703, 8.384919], [124.645703, 8.384649], [124.645434, 8.384649], [124.645434, 8.38438], [124.644895, 8.38438], [124.644895, 8.38411], [124.643008, 8.38411], [124.643008, 8.383841], [124.642469, 8.383841], [124.642469, 8.38411], [124.641391, 8.38411], [124.641391, 8.38438], [124.640313, 8.38438], [124.640313, 8.383841], [124.640583, 8.383841], [124.640583, 8.383571], [124.640852, 8.383571], [124.640852, 8.383302], [124.641122, 8.383302], [124.641122, 8.383032], [124.641391, 8.383032], [124.641391, 8.382763], [124.641661, 8.382763], [124.641661, 8.382494], [124.64193, 8.382494], [124.64193, 8.381955], [124.6422, 8.381955], [124.6422, 8.381685], [124.642469, 8.381685], [124.642469, 8.381416], [124.642739, 8.381416], [124.642739, 8.381146], [124.643278, 8.381146], [124.643278, 8.380877], [124.644356, 8.380877], [124.644356, 8.381146], [124.644895, 8.381146], [124.644895, 8.381416]], [[124.622257, 8.399741], [124.622796, 8.399741], [124.622796, 8.399472], [124.623335, 8.399472], [124.623335, 8.400011], [124.623605, 8.400011], [124.623605, 8.401089], [124.623335, 8.401089], [124.623335, 8.401358], [124.623066, 8.401358], [124.623066, 8.401628], [124.621179, 8.401628], [124.621179, 8.401358], [124.617945, 8.401358], [124.617945, 8.401628], [124.617137, 8.401628], [124.617137, 8.401358], [124.616867, 8.401358], [124.616867, 8.401089], [124.616328, 8.401089], [124.616328, 8.400819], [124.61552, 8.400819], [124.61552, 8.40055], [124.61525, 8.40055], [124.61525, 8.40028], [124.614981, 8.40028], [124.614981, 8.400011], [124.614711, 8.400011], [124.614711, 8.399741], [124.614442, 8.399741], [124.614442, 8.399202], [124.614172, 8.399202], [124.614172, 8.398933], [124.613903, 8.398933], [124.613903, 8.398663], [124.613633, 8.398663], [124.613633, 8.398124], [124.613364, 8.398124], [124.613364, 8.397855], [124.613094, 8.397855], [124.613094, 8.397046], [124.612825, 8.397046], [124.612825, 8.395699], [124.612555, 8.395699], [124.612555, 8.394351], [124.612286, 8.394351], [124.612286, 8.393004], [124.612016, 8.393004], [124.612016, 8.392195], [124.611747, 8.392195], [124.611747, 8.391926], [124.611477, 8.391926], [124.611477, 8.391656], [124.611208, 8.391656], [124.611208, 8.3895], [124.610938, 8.3895], [124.610938, 8.388961], [124.610669, 8.388961], [124.610669, 8.388422], [124.610399, 8.388422], [124.610399, 8.386805], [124.610669, 8.386805], [124.610669, 8.385458], [124.61013, 8.385458], [124.61013, 8.385188], [124.609591, 8.385188], [124.609591, 8.384649], [124.61013, 8.384649], [124.61013, 8.38438], [124.60986, 8.38438], [124.60986, 8.38411], [124.61013, 8.38411], [124.61013, 8.382763], [124.610399, 8.382763], [124.610399, 8.382224], [124.610669, 8.382224], [124.610669, 8.381685], [124.611477, 8.381685], [124.611477, 8.383302], [124.611747, 8.383302], [124.611747, 8.38438], [124.612016, 8.38438], [124.612016, 8.384919], [124.612286, 8.384919], [124.612286, 8.385458], [124.612555, 8.385458], [124.612555, 8.385997], [124.613094, 8.385997], [124.613094, 8.387075], [124.613364, 8.387075], [124.613364, 8.387614], [124.613094, 8.387614], [124.613094, 8.387883], [124.613364, 8.387883], [124.613364, 8.388153], [124.614442, 8.388153], [124.614442, 8.387883], [124.614711, 8.387883], [124.614711, 8.387614], [124.614981, 8.387614], [124.614981, 8.386536], [124.61525, 8.386536], [124.61525, 8.385727], [124.614172, 8.385727], [124.614172, 8.385997], [124.613903, 8.385997], [124.613903, 8.385727], [124.613633, 8.385727], [124.613633, 8.385458], [124.613364, 8.385458], [124.613364, 8.38438], [124.613094, 8.38438], [124.613094, 8.383841], [124.612825, 8.383841], [124.612825, 8.383032], [124.612555, 8.383032], [124.612555, 8.378721], [124.612825, 8.378721], [124.612825, 8.377373], [124.613094, 8.377373], [124.613094, 8.376834], [124.613364, 8.376834], [124.613364, 8.375487], [124.613633, 8.375487], [124.613633, 8.374948], [124.613903, 8.374948], [124.613903, 8.374678], [124.614172, 8.374678], [124.614172, 8.3736], [124.614442, 8.3736], [124.614442, 8.373331], [124.614711, 8.373331], [124.614711, 8.372253], [124.614442, 8.372253], [124.614442, 8.371983], [124.614172, 8.371983], [124.614172, 8.371444], [124.613903, 8.371444], [124.613903, 8.371175], [124.614172, 8.371175], [124.614172, 8.370636], [124.614442, 8.370636], [124.614442, 8.370366], [124.614711, 8.370366], [124.614711, 8.370636], [124.61552, 8.370636], [124.61552, 8.370366], [124.616059, 8.370366], [124.616059, 8.370636], [124.616598, 8.370636], [124.616598, 8.371444], [124.616328, 8.371444], [124.616328, 8.373061], [124.616059, 8.373061], [124.616059, 8.37387], [124.616328, 8.37387], [124.616328, 8.374678], [124.616598, 8.374678], [124.616598, 8.375487], [124.616867, 8.375487], [124.616867, 8.376295], [124.616598, 8.376295], [124.616598, 8.376834], [124.616867, 8.376834], [124.616867, 8.377373], [124.617137, 8.377373], [124.617137, 8.377643], [124.617406, 8.377643], [124.617406, 8.382224], [124.617676, 8.382224], [124.617676, 8.382763], [124.617945, 8.382763], [124.617945, 8.383571], [124.617676, 8.383571], [124.617676, 8.383841], [124.616867, 8.383841], [124.616867, 8.38411], [124.61552, 8.38411], [124.61552, 8.384649], [124.61525, 8.384649], [124.61525, 8.385458], [124.616059, 8.385458], [124.616059, 8.385188], [124.616598, 8.385188], [124.616598, 8.384919], [124.617137, 8.384919], [124.617137, 8.384649], [124.618215, 8.384649], [124.618215, 8.38438], [124.618754, 8.38438], [124.618754, 8.38411], [124.619023, 8.38411], [124.619023, 8.383841], [124.619832, 8.383841], [124.619832, 8.383571], [124.62091, 8.383571], [124.62091, 8.383841], [124.622527, 8.383841], [124.622527, 8.383571], [124.624413, 8.383571], [124.624413, 8.383302], [124.624682, 8.383302], [124.624682, 8.383032], [124.625221, 8.383032], [124.625221, 8.382763], [124.62576, 8.382763], [124.62576, 8.382494], [124.62603, 8.382494], [124.62603, 8.382224], [124.626299, 8.382224], [124.626299, 8.381955], [124.626569, 8.381955], [124.626569, 8.381685], [124.626838, 8.381685], [124.626838, 8.381416], [124.627108, 8.381416], [124.627108, 8.381146], [124.627377, 8.381146], [124.627377, 8.380877], [124.627647, 8.380877], [124.627647, 8.380338], [124.627916, 8.380338], [124.627916, 8.379799], [124.628186, 8.379799], [124.628186, 8.37926], [124.628455, 8.37926], [124.628455, 8.37899], [124.628725, 8.37899], [124.628725, 8.378721], [124.628994, 8.378721], [124.628994, 8.378182], [124.629264, 8.378182], [124.629264, 8.377373], [124.628994, 8.377373], [124.628994, 8.377104], [124.628725, 8.377104], [124.628725, 8.376834], [124.628455, 8.376834], [124.628455, 8.376565], [124.627916, 8.376565], [124.627916, 8.376295], [124.627647, 8.376295], [124.627647, 8.376026], [124.627377, 8.376026], [124.627377, 8.375756], [124.627108, 8.375756], [124.627108, 8.375487], [124.626838, 8.375487], [124.626838, 8.375217], [124.62576, 8.375217], [124.62576, 8.374948], [124.625491, 8.374948], [124.625491, 8.374678], [124.625221, 8.374678], [124.625221, 8.374409], [124.624952, 8.374409], [124.624952, 8.37387], [124.624682, 8.37387], [124.624682, 8.372792], [124.624413, 8.372792], [124.624413, 8.372253], [124.624144, 8.372253], [124.624144, 8.371983], [124.623874, 8.371983], [124.623874, 8.371444], [124.623605, 8.371444], [124.623605, 8.370905], [124.623335, 8.370905], [124.623335, 8.370636], [124.623066, 8.370636], [124.623066, 8.370366], [124.622796, 8.370366], [124.622796, 8.370097], [124.622527, 8.370097], [124.622527, 8.369827], [124.622257, 8.369827], [124.622257, 8.369288], [124.621988, 8.369288], [124.621988, 8.36821], [124.621718, 8.36821], [124.621718, 8.367941], [124.621988, 8.367941], [124.621988, 8.367402], [124.622257, 8.367402], [124.622257, 8.366863], [124.622527, 8.366863], [124.622527, 8.366593], [124.622796, 8.366593], [124.622796, 8.366324], [124.623066, 8.366324], [124.623066, 8.365515], [124.623605, 8.365515], [124.623605, 8.365246], [124.624952, 8.365246], [124.624952, 8.364976], [124.625221, 8.364976], [124.625221, 8.364707], [124.62603, 8.364707], [124.62603, 8.364976], [124.626299, 8.364976], [124.626299, 8.365515], [124.62603, 8.365515], [124.62603, 8.366054], [124.62576, 8.366054], [124.62576, 8.366324], [124.625491, 8.366324], [124.625491, 8.366593], [124.625221, 8.366593], [124.625221, 8.366863], [124.624682, 8.366863], [124.624682, 8.367132], [124.624413, 8.367132], [124.624413, 8.367402], [124.624144, 8.367402], [124.624144, 8.367671], [124.623874, 8.367671], [124.623874, 8.36848], [124.624413, 8.36848], [124.624413, 8.368749], [124.625221, 8.368749], [124.625221, 8.369019], [124.62576, 8.369019], [124.62576, 8.369288], [124.62603, 8.369288], [124.62603, 8.369558], [124.626299, 8.369558], [124.626299, 8.369827], [124.626569, 8.369827], [124.626569, 8.370097], [124.626838, 8.370097], [124.626838, 8.370366], [124.627108, 8.370366], [124.627108, 8.370905], [124.627377, 8.370905], [124.627377, 8.371444], [124.627647, 8.371444], [124.627647, 8.371714], [124.627916, 8.371714], [124.627916, 8.371983], [124.628186, 8.371983], [124.628186, 8.3736], [124.627916, 8.3736], [124.627916, 8.37387], [124.628186, 8.37387], [124.628186, 8.374409], [124.628994, 8.374409], [124.628994, 8.374139], [124.629264, 8.374139], [124.629264, 8.374409], [124.629803, 8.374409], [124.629803, 8.374678], [124.630072, 8.374678], [124.630072, 8.375217], [124.630342, 8.375217], [124.630342, 8.376026], [124.630611, 8.376026], [124.630611, 8.376834], [124.630881, 8.376834], [124.630881, 8.377373], [124.63115, 8.377373], [124.63115, 8.378182], [124.630881, 8.378182], [124.630881, 8.378721], [124.630611, 8.378721], [124.630611, 8.380068], [124.630342, 8.380068], [124.630342, 8.381146], [124.629803, 8.381146], [124.629803, 8.381416], [124.628994, 8.381416], [124.628994, 8.381685], [124.628725, 8.381685], [124.628725, 8.381955], [124.628455, 8.381955], [124.628455, 8.382494], [124.628186, 8.382494], [124.628186, 8.382763], [124.627916, 8.382763], [124.627916, 8.383032], [124.627377, 8.383032], [124.627377, 8.383302], [124.626838, 8.383302], [124.626838, 8.383571], [124.62603, 8.383571], [124.62603, 8.383841], [124.62576, 8.383841], [124.62576, 8.38411], [124.625491, 8.38411], [124.625491, 8.38438], [124.625221, 8.38438], [124.625221, 8.384649], [124.624952, 8.384649], [124.624952, 8.384919], [124.624144, 8.384919], [124.624144, 8.385188], [124.622257, 8.385188], [124.622257, 8.385458], [124.621179, 8.385458], [124.621179, 8.385727], [124.619832, 8.385727], [124.619832, 8.385997], [124.619562, 8.385997], [124.619562, 8.386266], [124.619023, 8.386266], [124.619023, 8.386536], [124.618754, 8.386536], [124.618754, 8.386805], [124.618484, 8.386805], [124.618484, 8.387344], [124.618215, 8.387344], [124.618215, 8.387883], [124.617945, 8.387883], [124.617945, 8.388153], [124.617676, 8.388153], [124.617676, 8.388692], [124.617406, 8.388692], [124.617406, 8.388961], [124.617137, 8.388961], [124.617137, 8.3895], [124.616867, 8.3895], [124.616867, 8.390039], [124.616598, 8.390039], [124.616598, 8.390309], [124.616328, 8.390309], [124.616328, 8.390578], [124.615789, 8.390578], [124.615789, 8.390848], [124.61552, 8.390848], [124.61552, 8.391117], [124.61525, 8.391117], [124.61525, 8.391656], [124.614981, 8.391656], [124.614981, 8.392195], [124.614711, 8.392195], [124.614711, 8.392465], [124.614442, 8.392465], [124.614442, 8.392734], [124.614172, 8.392734], [124.614172, 8.393273], [124.613903, 8.393273], [124.613903, 8.395699], [124.613633, 8.395699], [124.613633, 8.395968], [124.613903, 8.395968], [124.613903, 8.396238], [124.613633, 8.396238], [124.613633, 8.396777], [124.613903, 8.396777], [124.613903, 8.397046], [124.614172, 8.397046], [124.614172, 8.397585], [124.614442, 8.397585], [124.614442, 8.397855], [124.614981, 8.397855], [124.614981, 8.398124], [124.61552, 8.398124], [124.61552, 8.398394], [124.616059, 8.398394], [124.616059, 8.398663], [124.616598, 8.398663], [124.616598, 8.398394], [124.616867, 8.398394], [124.616867, 8.398124], [124.616598, 8.398124], [124.616598, 8.397855], [124.616059, 8.397855], [124.616059, 8.397585], [124.615789, 8.397585], [124.615789, 8.397316], [124.61552, 8.397316], [124.61552, 8.397046], [124.61525, 8.397046], [124.61525, 8.396777], [124.614981, 8.396777], [124.614981, 8.395429], [124.61525, 8.395429], [124.61525, 8.394082], [124.61552, 8.394082], [124.61552, 8.393273], [124.615789, 8.393273], [124.615789, 8.393004], [124.616059, 8.393004], [124.616059, 8.392465], [124.616598, 8.392465], [124.616598, 8.392195], [124.616867, 8.392195], [124.616867, 8.392465], [124.617676, 8.392465], [124.617676, 8.392734], [124.619023, 8.392734], [124.619023, 8.392465], [124.620371, 8.392465], [124.620371, 8.392195], [124.62064, 8.392195], [124.62064, 8.392465], [124.621179, 8.392465], [124.621179, 8.392734], [124.621449, 8.392734], [124.621449, 8.393004], [124.621718, 8.393004], [124.621718, 8.393273], [124.622527, 8.393273], [124.622527, 8.393004], [124.623066, 8.393004], [124.623066, 8.392734], [124.623605, 8.392734], [124.623605, 8.392465], [124.623874, 8.392465], [124.623874, 8.392734], [124.624413, 8.392734], [124.624413, 8.393004], [124.624144, 8.393004], [124.624144, 8.393543], [124.623874, 8.393543], [124.623874, 8.394621], [124.623605, 8.394621], [124.623605, 8.395429], [124.623335, 8.395429], [124.623335, 8.395968], [124.623066, 8.395968], [124.623066, 8.397046], [124.622796, 8.397046], [124.622796, 8.397585], [124.622527, 8.397585], [124.622527, 8.397855], [124.622257, 8.397855], [124.622257, 8.398124], [124.621179, 8.398124], [124.621179, 8.397855], [124.620101, 8.397855], [124.620101, 8.397585], [124.619023, 8.397585], [124.619023, 8.397855], [124.618484, 8.397855], [124.618484, 8.398124], [124.618215, 8.398124], [124.618215, 8.398394], [124.617676, 8.398394], [124.617676, 8.398933], [124.618215, 8.398933], [124.618215, 8.399202], [124.618754, 8.399202], [124.618754, 8.398933], [124.619023, 8.398933], [124.619023, 8.398663], [124.620371, 8.398663], [124.620371, 8.398933], [124.62091, 8.398933], [124.62091, 8.399202], [124.621718, 8.399202], [124.621718, 8.399472], [124.622257, 8.399472], [124.622257, 8.399741]], [[124.621179, 8.403245], [124.62091, 8.403245], [124.62091, 8.403514], [124.620371, 8.403514], [124.620371, 8.403784], [124.619832, 8.403784], [124.619832, 8.404053], [124.619562, 8.404053], [124.619562, 8.404323], [124.619293, 8.404323], [124.619293, 8.405131], [124.619023, 8.405131], [124.619023, 8.40567], [124.618754, 8.40567], [124.618754, 8.406209], [124.618484, 8.406209], [124.618484, 8.406748], [124.618215, 8.406748], [124.618215, 8.407826], [124.618484, 8.407826], [124.618484, 8.408634], [124.618754, 8.408634], [124.618754, 8.409443], [124.619023, 8.409443], [124.619023, 8.409982], [124.619293, 8.409982], [124.619293, 8.410251], [124.619562, 8.410251], [124.619562, 8.412946], [124.620101, 8.412946], [124.620101, 8.413216], [124.620371, 8.413216], [124.620371, 8.412407], [124.62064, 8.412407], [124.62064, 8.41106], [124.620371, 8.41106], [124.620371, 8.410251], [124.620101, 8.410251], [124.620101, 8.409173], [124.619832, 8.409173], [124.619832, 8.408634], [124.619562, 8.408634], [124.619562, 8.406479], [124.619832, 8.406479], [124.619832, 8.40594], [124.620101, 8.40594], [124.620101, 8.405401], [124.620371, 8.405401], [124.620371, 8.404862], [124.62064, 8.404862], [124.62064, 8.404592], [124.62091, 8.404592], [124.62091, 8.404323], [124.621718, 8.404323], [124.621718, 8.404592], [124.621988, 8.404592], [124.621988, 8.405401], [124.621718, 8.405401], [124.621718, 8.406748], [124.621449, 8.406748], [124.621449, 8.407018], [124.621718, 8.407018], [124.621718, 8.409443], [124.621449, 8.409443], [124.621449, 8.409982], [124.621179, 8.409982], [124.621179, 8.410521], [124.62091, 8.410521], [124.62091, 8.41106], [124.621179, 8.41106], [124.621179, 8.411329], [124.621449, 8.411329], [124.621449, 8.411868], [124.621718, 8.411868], [124.621718, 8.413755], [124.621449, 8.413755], [124.621449, 8.414294], [124.62091, 8.414294], [124.62091, 8.414563], [124.620101, 8.414563], [124.620101, 8.414024], [124.619562, 8.414024], [124.619562, 8.414563], [124.619023, 8.414563], [124.619023, 8.415641], [124.618754, 8.415641], [124.618754, 8.41618], [124.618484, 8.41618], [124.618484, 8.41645], [124.617945, 8.41645], [124.617945, 8.41618], [124.617676, 8.41618], [124.617676, 8.415102], [124.617406, 8.415102], [124.617406, 8.414563], [124.617137, 8.414563], [124.617137, 8.413755], [124.616867, 8.413755], [124.616867, 8.413216], [124.616598, 8.413216], [124.616598, 8.412946], [124.616328, 8.412946], [124.616328, 8.412407], [124.616059, 8.412407], [124.616059, 8.411868], [124.615789, 8.411868], [124.615789, 8.411329], [124.61552, 8.411329], [124.61552, 8.410521], [124.61525, 8.410521], [124.61525, 8.410251], [124.614981, 8.410251], [124.614981, 8.408634], [124.61525, 8.408634], [124.61525, 8.407826], [124.614981, 8.407826], [124.614981, 8.407557], [124.61525, 8.407557], [124.61525, 8.407018], [124.614981, 8.407018], [124.614981, 8.406479], [124.61525, 8.406479], [124.61525, 8.40567], [124.61552, 8.40567], [124.61552, 8.405401], [124.615789, 8.405401], [124.615789, 8.405131], [124.616059, 8.405131], [124.616059, 8.404862], [124.616328, 8.404862], [124.616328, 8.404592], [124.616598, 8.404592], [124.616598, 8.404323], [124.616867, 8.404323], [124.616867, 8.404053], [124.617406, 8.404053], [124.617406, 8.403784], [124.619023, 8.403784], [124.619023, 8.403514], [124.619293, 8.403514], [124.619293, 8.403245], [124.619562, 8.403245], [124.619562, 8.402975], [124.619832, 8.402975], [124.619832, 8.402706], [124.620101, 8.402706], [124.620101, 8.402436], [124.62091, 8.402436], [124.62091, 8.402706], [124.621179, 8.402706], [124.621179, 8.403245]], [[124.624413, 8.412407], [124.624682, 8.412407], [124.624682, 8.412677], [124.624952, 8.412677], [124.624952, 8.412946], [124.625491, 8.412946], [124.625491, 8.413216], [124.62576, 8.413216], [124.62576, 8.413755], [124.62603, 8.413755], [124.62603, 8.414024], [124.626299, 8.414024], [124.626299, 8.414294], [124.626569, 8.414294], [124.626569, 8.414563], [124.626838, 8.414563], [124.626838, 8.414833], [124.627108, 8.414833], [124.627108, 8.415102], [124.627377, 8.415102], [124.627377, 8.41645], [124.627108, 8.41645], [124.627108, 8.416719], [124.626838, 8.416719], [124.626838, 8.416989], [124.626299, 8.416989], [124.626299, 8.417258], [124.62576, 8.417258], [124.62576, 8.417528], [124.625491, 8.417528], [124.625491, 8.417797], [124.625221, 8.417797], [124.625221, 8.418606], [124.624952, 8.418606], [124.624952, 8.418875], [124.624144, 8.418875], [124.624144, 8.418606], [124.622527, 8.418606], [124.622527, 8.418875], [124.621988, 8.418875], [124.621988, 8.419145], [124.621718, 8.419145], [124.621718, 8.418875], [124.62064, 8.418875], [124.62064, 8.417258], [124.62091, 8.417258], [124.62091, 8.41645], [124.621179, 8.41645], [124.621179, 8.415372], [124.621449, 8.415372], [124.621449, 8.414833], [124.621718, 8.414833], [124.621718, 8.414563], [124.622257, 8.414563], [124.622257, 8.414294], [124.622527, 8.414294], [124.622527, 8.413755], [124.622796, 8.413755], [124.622796, 8.412677], [124.623066, 8.412677], [124.623066, 8.411868], [124.623874, 8.411868], [124.623874, 8.411599], [124.624144, 8.411599], [124.624144, 8.412138], [124.624413, 8.412138], [124.624413, 8.412407]], [[124.628725, 8.445286], [124.628455, 8.445286], [124.628455, 8.446633], [124.628725, 8.446633], [124.628725, 8.447172], [124.629264, 8.447172], [124.629264, 8.447442], [124.629533, 8.447442], [124.629533, 8.447711], [124.629803, 8.447711], [124.629803, 8.44825], [124.630072, 8.44825], [124.630072, 8.449059], [124.630342, 8.449059], [124.630342, 8.450945], [124.630611, 8.450945], [124.630611, 8.452023], [124.630881, 8.452023], [124.630881, 8.453101], [124.630611, 8.453101], [124.630611, 8.45364], [124.628994, 8.45364], [124.628994, 8.45391], [124.628725, 8.45391], [124.628725, 8.455527], [124.628455, 8.455527], [124.628455, 8.456066], [124.628186, 8.456066], [124.628186, 8.456335], [124.627108, 8.456335], [124.627108, 8.456066], [124.626299, 8.456066], [124.626299, 8.455796], [124.62603, 8.455796], [124.62603, 8.455527], [124.62576, 8.455527], [124.62576, 8.454718], [124.625491, 8.454718], [124.625491, 8.45364], [124.62576, 8.45364], [124.62576, 8.453371], [124.62603, 8.453371], [124.62603, 8.45364], [124.626299, 8.45364], [124.626299, 8.453371], [124.626569, 8.453371], [124.626569, 8.452562], [124.626299, 8.452562], [124.626299, 8.451484], [124.626569, 8.451484], [124.626569, 8.450676], [124.626838, 8.450676], [124.626838, 8.449598], [124.627108, 8.449598], [124.627108, 8.449059], [124.626838, 8.449059], [124.626838, 8.448789], [124.627108, 8.448789], [124.627108, 8.44825], [124.626838, 8.44825], [124.626838, 8.445286], [124.627108, 8.445286], [124.627108, 8.444747], [124.627377, 8.444747], [124.627377, 8.443938], [124.627647, 8.443938], [124.627647, 8.443399], [124.628455, 8.443399], [124.628455, 8.443669], [124.628725, 8.443669], [124.628725, 8.445286]]]]}}, {"type": "Feature", "properties": {"area_id": "cagayan-de-oro-river-basin__down", "name": "Cagayan de Oro River Basin (downstream)", "study_type": "river_basin", "zone": "down", "area_ha": 3626.1, "version": 1}, "geometry": {"type": "MultiPolygon", "coordinates": [[[[124.603123, 8.315659], [124.602853, 8.315659], [124.602853, 8.317545], [124.603123, 8.317545], [124.603123, 8.318893], [124.602853, 8.318893], [124.602853, 8.319162], [124.602584, 8.319162], [124.602584, 8.319971], [124.602314, 8.319971], [124.602314, 8.32051], [124.602584, 8.32051], [124.602584, 8.320779], [124.602853, 8.320779], [124.602853, 8.321588], [124.603123, 8.321588], [124.603123, 8.322127], [124.603392, 8.322127], [124.603392, 8.324283], [124.603662, 8.324283], [124.603662, 8.324822], [124.603931, 8.324822], [124.603931, 8.325361], [124.604201, 8.325361], [124.604201, 8.3259], [124.60447, 8.3259], [124.60447, 8.326708], [124.60474, 8.326708], [124.60474, 8.326978], [124.60447, 8.326978], [124.60447, 8.327786], [124.604201, 8.327786], [124.604201, 8.328325], [124.603662, 8.328325], [124.603662, 8.328595], [124.603123, 8.328595], [124.603123, 8.328864], [124.602584, 8.328864], [124.602584, 8.329134], [124.602314, 8.329134], [124.602314, 8.329403], [124.602045, 8.329403], [124.602045, 8.329673], [124.601775, 8.329673], [124.601775, 8.331829], [124.602314, 8.331829], [124.602314, 8.332098], [124.602853, 8.332098], [124.602853, 8.331829], [124.603123, 8.331829], [124.603123, 8.33102], [124.603392, 8.33102], [124.603392, 8.329942], [124.603662, 8.329942], [124.603662, 8.329673], [124.604201, 8.329673], [124.604201, 8.329403], [124.605548, 8.329403], [124.605548, 8.329134], [124.606357, 8.329134], [124.606357, 8.328595], [124.606626, 8.328595], [124.606626, 8.327517], [124.606896, 8.327517], [124.606896, 8.326708], [124.606626, 8.326708], [124.606626, 8.326439], [124.605818, 8.326439], [124.605818, 8.326169], [124.605548, 8.326169], [124.605548, 8.325091], [124.605279, 8.325091], [124.605279, 8.324552], [124.605009, 8.324552], [124.605009, 8.324283], [124.60474, 8.324283], [124.60474, 8.319432], [124.60447, 8.319432], [124.60447, 8.319162], [124.604201, 8.319162], [124.604201, 8.317006], [124.603931, 8.317006], [124.603931, 8.316737], [124.603662, 8.316737], [124.603662, 8.316198], [124.603392, 8.316198], [124.603392, 8.315928], [124.603123, 8.315928], [124.603123, 8.315659]]], [[[124.603392, 8.333176], [124.602314, 8.333176], [124.602314, 8.333984], [124.602045, 8.333984], [124.602045, 8.334793], [124.601775, 8.334793], [124.601775, 8.335062], [124.601506, 8.335062], [124.601506, 8.335332], [124.601236, 8.335332], [124.601236, 8.335601], [124.600967, 8.335601], [124.600967, 8.33641], [124.600697, 8.33641], [124.600697, 8.339644], [124.600967, 8.339644], [124.600967, 8.34153], [124.601236, 8.34153], [124.601236, 8.3418], [124.601506, 8.3418], [124.601506, 8.342069], [124.602045, 8.342069], [124.602045, 8.342339], [124.602314, 8.342339], [124.602314, 8.342608], [124.602584, 8.342608], [124.602584, 8.342878], [124.602853, 8.342878], [124.602853, 8.345034], [124.603123, 8.345034], [124.603123, 8.345573], [124.603392, 8.345573], [124.603392, 8.346651], [124.603662, 8.346651], [124.603662, 8.34719], [124.603931, 8.34719], [124.603931, 8.347459], [124.604201, 8.347459], [124.604201, 8.347729], [124.60447, 8.347729], [124.60447, 8.348268], [124.60474, 8.348268], [124.60474, 8.348537], [124.605009, 8.348537], [124.605009, 8.348807], [124.605279, 8.348807], [124.605279, 8.349076], [124.605548, 8.349076], [124.605548, 8.349346], [124.606087, 8.349346], [124.606087, 8.349615], [124.606357, 8.349615], [124.606357, 8.350963], [124.606626, 8.350963], [124.606626, 8.351232], [124.606896, 8.351232], [124.606896, 8.35231], [124.607165, 8.35231], [124.607165, 8.35258], [124.607435, 8.35258], [124.607435, 8.35231], [124.607704, 8.35231], [124.607704, 8.351771], [124.607974, 8.351771], [124.607974, 8.349346], [124.608243, 8.349346], [124.608243, 8.349076], [124.608513, 8.349076], [124.608513, 8.348807], [124.608782, 8.348807], [124.608782, 8.348268], [124.609052, 8.348268], [124.609052, 8.347729], [124.609321, 8.347729], [124.609321, 8.34719], [124.60986, 8.34719], [124.60986, 8.34692], [124.61013, 8.34692], [124.61013, 8.346651], [124.610938, 8.346651], [124.610938, 8.346381], [124.611208, 8.346381], [124.611208, 8.346112], [124.611477, 8.346112], [124.611477, 8.345842], [124.611747, 8.345842], [124.611747, 8.345573], [124.612016, 8.345573], [124.612016, 8.345034], [124.612286, 8.345034], [124.612286, 8.344764], [124.612555, 8.344764], [124.612555, 8.343956], [124.612825, 8.343956], [124.612825, 8.343417], [124.612016, 8.343417], [124.612016, 8.343686], [124.611747, 8.343686], [124.611747, 8.343956], [124.611477, 8.343956], [124.611477, 8.344495], [124.611208, 8.344495], [124.611208, 8.344764], [124.610669, 8.344764], [124.610669, 8.345034], [124.60986, 8.345034], [124.60986, 8.344764], [124.609321, 8.344764], [124.609321, 8.344495], [124.609052, 8.344495], [124.609052, 8.344225], [124.608782, 8.344225], [124.608782, 8.343956], [124.608513, 8.343956], [124.608513, 8.343686], [124.608243, 8.343686], [124.608243, 8.343417], [124.607974, 8.343417], [124.607974, 8.343147], [124.607435, 8.343147], [124.607435, 8.342878], [124.607165, 8.342878], [124.607165, 8.342608], [124.606626, 8.342608], [124.606626, 8.342339], [124.606357, 8.342339], [124.606357, 8.342069], [124.606087, 8.342069], [124.606087, 8.3418], [124.605548, 8.3418], [124.605548, 8.34153], [124.60474, 8.34153], [124.60474, 8.341261], [124.604201, 8.341261], [124.604201, 8.340991], [124.603931, 8.340991], [124.603931, 8.340722], [124.603662, 8.340722], [124.603662, 8.340452], [124.603392, 8.340452], [124.603392, 8.340183], [124.602853, 8.340183], [124.602853, 8.339913], [124.602584, 8.339913], [124.602584, 8.339374], [124.602314, 8.339374], [124.602314, 8.338566], [124.602045, 8.338566], [124.602045, 8.336679], [124.602314, 8.336679], [124.602314, 8.33614], [124.602584, 8.33614], [124.602584, 8.335871], [124.602853, 8.335871], [124.602853, 8.335601], [124.603123, 8.335601], [124.603123, 8.335332], [124.603662, 8.335332], [124.603662, 8.334793], [124.603931, 8.334793], [124.603931, 8.333984], [124.603662, 8.333984], [124.603662, 8.333715], [124.603392, 8.333715], [124.603392, 8.333176]]], [[[124.644356, 8.380877], [124.643278, 8.380877], [124.643278, 8.381146], [124.642739, 8.381146], [124.642739, 8.381416], [124.642469, 8.381416], [124.642469, 8.381685], [124.6422, 8.381685], [124.6422, 8.381955], [124.64193, 8.381955], [124.64193, 8.382494], [124.641661, 8.382494], [124.641661, 8.382763], [124.641391, 8.382763], [124.641391, 8.383032], [124.641122, 8.383032], [124.641122, 8.383302], [124.640852, 8.383302], [124.640852, 8.383571], [124.640583, 8.383571], [124.640583, 8.383841], [124.640313, 8.383841], [124.640313, 8.38438], [124.641391, 8.38438], [124.641391, 8.38411], [124.642469, 8.38411], [124.642469, 8.383841], [124.643008, 8.383841], [124.643008, 8.38411], [124.644895, 8.38411], [124.644895, 8.38438], [124.645434, 8.38438], [124.645434, 8.384649], [124.645703, 8.384649], [124.645703, 8.384919], [124.645973, 8.384919], [124.645973, 8.385188], [124.648129, 8.385188], [124.648129, 8.384919], [124.648398, 8.384919], [124.648398, 8.384649], [124.648937, 8.384649], [124.648937, 8.38411], [124.649476, 8.38411], [124.649476, 8.383841], [124.649745, 8.383841], [124.649745, 8.383571], [124.650284, 8.383571], [124.650284, 8.383302], [124.650554, 8.383302], [124.650554, 8.383032], [124.650284, 8.383032], [124.650284, 8.382763], [124.649745, 8.382763], [124.649745, 8.383032], [124.649476, 8.383032], [124.649476, 8.383302], [124.649207, 8.383302], [124.649207, 8.383571], [124.648937, 8.383571], [124.648937, 8.383302], [124.648398, 8.383302], [124.648398, 8.383032], [124.648129, 8.383032], [124.648129, 8.382224], [124.647859, 8.382224], [124.647859, 8.381955], [124.646781, 8.381955], [124.646781, 8.381685], [124.645703, 8.381685], [124.645703, 8.381416], [124.644895, 8.381416], [124.644895, 8.381146], [124.644356, 8.381146], [124.644356, 8.380877]]], [[[124.621718, 8.399202], [124.62091, 8.399202], [124.62091, 8.398933], [124.620371, 8.398933], [124.620371, 8.398663], [124.619023, 8.398663], [124.619023, 8.398933], [124.618754, 8.398933], [124.618754, 8.399202], [124.618215, 8.399202], [124.618215, 8.398933], [124.617676, 8.398933], [124.617676, 8.398394], [124.618215, 8.398394], [124.618215, 8.398124], [124.618484, 8.398124], [124.618484, 8.397855], [124.619023, 8.397855], [124.619023, 8.397585], [124.620101, 8.397585], [124.620101, 8.397855], [124.621179, 8.397855], [124.621179, 8.398124], [124.622257, 8.398124], [124.622257, 8.397855], [124.622527, 8.397855], [124.622527, 8.397585], [124.622796, 8.397585], [124.622796, 8.397046], [124.623066, 8.397046], [124.623066, 8.395968], [124.623335, 8.395968], [124.623335, 8.395429], [124.623605, 8.395429], [124.623605, 8.394621], [124.623874, 8.394621], [124.623874, 8.393543], [124.624144, 8.393543], [124.624144, 8.393004], [124.624413, 8.393004], [124.624413, 8.392734], [124.623874, 8.392734], [124.623874, 8.392465], [124.623605, 8.392465], [124.623605, 8.392734], [124.623066, 8.392734], [124.623066, 8.393004], [124.622527, 8.393004], [124.622527, 8.393273], [124.621718, 8.393273], [124.621718, 8.393004], [124.621449, 8.393004], [124.621449, 8.392734], [124.621179, 8.392734], [124.621179, 8.392465], [124.62064, 8.392465], [124.62064, 8.392195], [124.620371, 8.392195], [124.620371, 8.392465], [124.619023, 8.392465], [124.619023, 8.392734], [124.617676, 8.392734], [124.617676, 8.392465], [124.616867, 8.392465], [124.616867, 8.392195], [124.616598, 8.392195], [124.616598, 8.392465], [124.616059, 8.392465], [124.616059, 8.393004], [124.615789, 8.393004], [124.615789, 8.393273], [124.61552, 8.393273], [124.61552, 8.394082], [124.61525, 8.394082], [124.61525, 8.395429], [124.614981, 8.395429], [124.614981, 8.396777], [124.61525, 8.396777], [124.61525, 8.397046], [124.61552, 8.397046], [124.61552, 8.397316], [124.615789, 8.397316], [124.615789, 8.397585], [124.616059, 8.397585], [124.616059, 8.397855], [124.616598, 8.397855], [124.616598, 8.398124], [124.616867, 8.398124], [124.616867, 8.398394], [124.616598, 8.398394], [124.616598, 8.398663], [124.616059, 8.398663], [124.616059, 8.398394], [124.61552, 8.398394], [124.61552, 8.398124], [124.614981, 8.398124], [124.614981, 8.397855], [124.614442, 8.397855], [124.614442, 8.397585], [124.614172, 8.397585], [124.614172, 8.397046], [124.613903, 8.397046], [124.613903, 8.396777], [124.613633, 8.396777], [124.613633, 8.396238], [124.613903, 8.396238], [124.613903, 8.395968], [124.613633, 8.395968], [124.613633, 8.395699], [124.613903, 8.395699], [124.613903, 8.393273], [124.614172, 8.393273], [124.614172, 8.392734], [124.614442, 8.392734], [124.614442, 8.392465], [124.614711, 8.392465], [124.614711, 8.392195], [124.614981, 8.392195], [124.614981, 8.391656], [124.61525, 8.391656], [124.61525, 8.391117], [124.61552, 8.391117], [124.61552, 8.390848], [124.615789, 8.390848], [124.615789, 8.390578], [124.616328, 8.390578], [124.616328, 8.390309], [124.616598, 8.390309], [124.616598, 8.390039], [124.616867, 8.390039], [124.616867, 8.3895], [124.617137, 8.3895], [124.617137, 8.388961], [124.617406, 8.388961], [124.617406, 8.388692], [124.617676, 8.388692], [124.617676, 8.388153], [124.617945, 8.388153], [124.617945, 8.387883], [124.618215, 8.387883], [124.618215, 8.387344], [124.618484, 8.387344], [124.618484, 8.386805], [124.618754, 8.386805], [124.618754, 8.386536], [124.619023, 8.386536], [124.619023, 8.386266], [124.619562, 8.386266], [124.619562, 8.385997], [124.619832, 8.385997], [124.619832, 8.385727], [124.621179, 8.385727], [124.621179, 8.385458], [124.622257, 8.385458], [124.622257, 8.385188], [124.624144, 8.385188], [124.624144, 8.384919], [124.624952, 8.384919], [124.624952, 8.384649], [124.625221, 8.384649], [124.625221, 8.38438], [124.625491, 8.38438], [124.625491, 8.38411], [124.62576, 8.38411], [124.62576, 8.383841], [124.62603, 8.383841], [124.62603, 8.383571], [124.626838, 8.383571], [124.626838, 8.383302], [124.627377, 8.383302], [124.627377, 8.383032], [124.627916, 8.383032], [124.627916, 8.382763], [124.628186, 8.382763], [124.628186, 8.382494], [124.628455, 8.382494], [124.628455, 8.381955], [124.628725, 8.381955], [124.628725, 8.381685], [124.628994, 8.381685], [124.628994, 8.381416], [124.629803, 8.381416], [124.629803, 8.381146], [124.630342, 8.381146], [124.630342, 8.380068], [124.630611, 8.380068], [124.630611, 8.378721], [124.630881, 8.378721], [124.630881, 8.378182], [124.63115, 8.378182], [124.63115, 8.377373], [124.630881, 8.377373], [124.630881, 8.376834], [124.630611, 8.376834], [124.630611, 8.376026], [124.630342, 8.376026], [124.630342, 8.375217], [124.630072, 8.375217], [124.630072, 8.374678], [124.629803, 8.374678], [124.629803, 8.374409], [124.629264, 8.374409], [124.629264, 8.374139], [124.628994, 8.374139], [124.628994, 8.374409], [124.628186, 8.374409], [124.628186, 8.37387], [124.627916, 8.37387], [124.627916, 8.3736], [124.628186, 8.3736], [124.628186, 8.371983], [124.627916, 8.371983], [124.627916, 8.371714], [124.627647, 8.371714], [124.627647, 8.371444], [124.627377, 8.371444], [124.627377, 8.370905], [124.627108, 8.370905], [124.627108, 8.370366], [124.626838, 8.370366], [124.626838, 8.370097], [124.626569, 8.370097], [124.626569, 8.369827], [124.626299, 8.369827], [124.626299, 8.369558], [124.62603, 8.369558], [124.62603, 8.369288], [124.62576, 8.369288], [124.62576, 8.369019], [124.625221, 8.369019], [124.625221, 8.368749], [124.624413, 8.368749], [124.624413, 8.36848], [124.623874, 8.36848], [124.623874, 8.367671], [124.624144, 8.367671], [124.624144, 8.367402], [124.624413, 8.367402], [124.624413, 8.367132], [124.624682, 8.367132], [124.624682, 8.366863], [124.625221, 8.366863], [124.625221, 8.366593], [124.625491, 8.366593], [124.625491, 8.366324], [124.62576, 8.366324], [124.62576, 8.366054], [124.62603, 8.366054], [124.62603, 8.365515], [124.626299, 8.365515], [124.626299, 8.364976], [124.62603, 8.364976], [124.62603, 8.364707], [124.625221, 8.364707], [124.625221, 8.364976], [124.624952, 8.364976], [124.624952, 8.365246], [124.623605, 8.365246], [124.623605, 8.365515], [124.623066, 8.365515], [124.623066, 8.366324], [124.622796, 8.366324], [124.622796, 8.366593], [124.622527, 8.366593], [124.622527, 8.366863], [124.622257, 8.366863], [124.622257, 8.367402], [124.621988, 8.367402], [124.621988, 8.367941], [124.621718, 8.367941], [124.621718, 8.36821], [124.621988, 8.36821], [124.621988, 8.369288], [124.622257, 8.369288], [124.622257, 8.369827], [124.622527, 8.369827], [124.622527, 8.370097], [124.622796, 8.370097], [124.622796, 8.370366], [124.623066, 8.370366], [124.623066, 8.370636], [124.623335, 8.370636], [124.623335, 8.370905], [124.623605, 8.370905], [124.623605, 8.371444], [124.623874, 8.371444], [124.623874, 8.371983], [124.624144, 8.371983], [124.624144, 8.372253], [124.624413, 8.372253], [124.624413, 8.372792], [124.624682, 8.372792], [124.624682, 8.37387], [124.624952, 8.37387], [124.624952, 8.374409], [124.625221, 8.374409], [124.625221, 8.374678], [124.625491, 8.374678], [124.625491, 8.374948], [124.62576, 8.374948], [124.62576, 8.375217], [124.626838, 8.375217], [124.626838, 8.375487], [124.627108, 8.375487], [124.627108, 8.375756], [124.627377, 8.375756], [124.627377, 8.376026], [124.627647, 8.376026], [124.627647, 8.376295], [124.627916, 8.376295], [124.627916, 8.376565], [124.628455, 8.376565], [124.628455, 8.376834], [124.628725, 8.376834], [124.628725, 8.377104], [124.628994, 8.377104], [124.628994, 8.377373], [124.629264, 8.377373], [124.629264, 8.378182], [124.628994, 8.378182], [124.628994, 8.378721], [124.628725, 8.378721], [124.628725, 8.37899], [124.628455, 8.37899], [124.628455, 8.37926], [124.628186, 8.37926], [124.628186, 8.379799], [124.627916, 8.379799], [124.627916, 8.380338], [124.627647, 8.380338], [124.627647, 8.380877], [124.627377, 8.380877], [124.627377, 8.381146], [124.627108, 8.381146], [124.627108, 8.381416], [124.626838, 8.381416], [124.626838, 8.381685], [124.626569, 8.381685], [124.626569, 8.381955], [124.626299, 8.381955], [124.626299, 8.382224], [124.62603, 8.382224], [124.62603, 8.382494], [124.62576, 8.382494], [124.62576, 8.382763], [124.625221, 8.382763], [124.625221, 8.383032], [124.624682, 8.383032], [124.624682, 8.383302], [124.624413, 8.383302], [124.624413, 8.383571], [124.622527, 8.383571], [124.622527, 8.383841], [124.62091, 8.383841], [124.62091, 8.383571], [124.619832, 8.383571], [124.619832, 8.383841], [124.619023, 8.383841], [124.619023, 8.38411], [124.618754, 8.38411], [124.618754, 8.38438], [124.618215, 8.38438], [124.618215, 8.384649], [124.617137, 8.384649], [124.617137, 8.384919], [124.616598, 8.384919], [124.616598, 8.385188], [124.616059, 8.385188], [124.616059, 8.385458], [124.61525, 8.385458], [124.61525, 8.384649], [124.61552, 8.384649], [124.61552, 8.38411], [124.616867, 8.38411], [124.616867, 8.383841], [124.617676, 8.383841], [124.617676, 8.383571], [124.617945, 8.383571], [124.617945, 8.382763], [124.617676, 8.382763], [124.617676, 8.382224], [124.617406, 8.382224], [124.617406, 8.377643], [124.617137, 8.377643], [124.617137, 8.377373], [124.616867, 8.377373], [124.616867, 8.376834], [124.616598, 8.376834], [124.616598, 8.376295], [124.616867, 8.376295], [124.616867, 8.375487], [124.616598, 8.375487], [124.616598, 8.374678], [124.616328, 8.374678], [124.616328, 8.37387], [124.616059, 8.37387], [124.616059, 8.373061], [124.616328, 8.373061], [124.616328, 8.371444], [124.616598, 8.371444], [124.616598, 8.370636], [124.616059, 8.370636], [124.616059, 8.370366], [124.61552, 8.370366], [124.61552, 8.370636], [124.614711, 8.370636], [124.614711, 8.370366], [124.614442, 8.370366], [124.614442, 8.370636], [124.614172, 8.370636], [124.614172, 8.371175], [124.613903, 8.371175], [124.613903, 8.371444], [124.614172, 8.371444], [124.614172, 8.371983], [124.614442, 8.371983], [124.614442, 8.372253], [124.614711, 8.372253], [124.614711, 8.373331], [124.614442, 8.373331], [124.614442, 8.3736], [124.614172, 8.3736], [124.614172, 8.374678], [124.613903, 8.374678], [124.613903, 8.374948], [124.613633, 8.374948], [124.613633, 8.375487], [124.613364, 8.375487], [124.613364, 8.376834], [124.613094, 8.376834], [124.613094, 8.377373], [124.612825, 8.377373], [124.612825, 8.378721], [124.612555, 8.378721], [124.612555, 8.383032], [124.612825, 8.383032], [124.612825, 8.383841], [124.613094, 8.383841], [124.613094, 8.38438], [124.613364, 8.38438], [124.613364, 8.385458], [124.613633, 8.385458], [124.613633, 8.385727], [124.613903, 8.385727], [124.613903, 8.385997], [124.614172, 8.385997], [124.614172, 8.385727], [124.61525, 8.385727], [124.61525, 8.386536], [124.614981, 8.386536], [124.614981, 8.387614], [124.614711, 8.387614], [124.614711, 8.387883], [124.614442, 8.387883], [124.614442, 8.388153], [124.613364, 8.388153], [124.613364, 8.387883], [124.613094, 8.387883], [124.613094, 8.387614], [124.613364, 8.387614], [124.613364, 8.387075], [124.613094, 8.387075], [124.613094, 8.385997], [124.612555, 8.385997], [124.612555, 8.385458], [124.612286, 8.385458], [124.612286, 8.384919], [124.612016, 8.384919], [124.612016, 8.38438], [124.611747, 8.38438], [124.611747, 8.383302], [124.611477, 8.383302], [124.611477, 8.381685], [124.610669, 8.381685], [124.610669, 8.382224], [124.610399, 8.382224], [124.610399, 8.382763], [124.61013, 8.382763], [124.61013, 8.38411], [124.60986, 8.38411], [124.60986, 8.38438], [124.61013, 8.38438], [124.61013, 8.384649], [124.609591, 8.384649], [124.609591, 8.385188], [124.61013, 8.385188], [124.61013, 8.385458], [124.610669, 8.385458], [124.610669, 8.386805], [124.610399, 8.386805], [124.610399, 8.388422], [124.610669, 8.388422], [124.610669, 8.388961], [124.610938, 8.388961], [124.610938, 8.3895], [124.611208, 8.3895], [124.611208, 8.391656], [124.611477, 8.391656], [124.611477, 8.391926], [124.611747, 8.391926], [124.611747, 8.392195], [124.612016, 8.392195], [124.612016, 8.393004], [124.612286, 8.393004], [124.612286, 8.394351], [124.612555, 8.394351], [124.612555, 8.395699], [124.612825, 8.395699], [124.612825, 8.397046], [124.613094, 8.397046], [124.613094, 8.397855], [124.613364, 8.397855], [124.613364, 8.398124], [124.613633, 8.398124], [124.613633, 8.398663], [124.613903, 8.398663], [124.613903, 8.398933], [124.614172, 8.398933], [124.614172, 8.399202], [124.614442, 8.399202], [124.614442, 8.399741], [124.614711, 8.399741], [124.614711, 8.400011], [124.614981, 8.400011], [124.614981, 8.40028], [124.61525, 8.40028], [124.61525, 8.40055], [124.61552, 8.40055], [124.61552, 8.400819], [124.616328, 8.400819], [124.616328, 8.401089], [124.616867, 8.401089], [124.616867, 8.401358], [124.617137, 8.401358], [124.617137, 8.401628], [124.617945, 8.401628], [124.617945, 8.401358], [124.621179, 8.401358], [124.621179, 8.401628], [124.623066, 8.401628], [124.623066, 8.401358], [124.623335, 8.401358], [124.623335, 8.401089], [124.623605, 8.401089], [124.623605, 8.400011], [124.623335, 8.400011], [124.623335, 8.399472], [124.622796, 8.399472], [124.622796, 8.399741], [124.622257, 8.399741], [124.622257, 8.399472], [124.621718, 8.399472], [124.621718, 8.399202]]], [[[124.62091, 8.402436], [124.620101, 8.402436], [124.620101, 8.402706], [124.619832, 8.402706], [124.619832, 8.402975], [124.619562, 8.402975], [124.619562, 8.403245], [124.619293, 8.403245], [124.619293, 8.403514], [124.619023, 8.403514], [124.619023, 8.403784], [124.617406, 8.403784], [124.617406, 8.404053], [124.616867, 8.404053], [124.616867, 8.404323], [124.616598, 8.404323], [124.616598, 8.404592], [124.616328, 8.404592], [124.616328, 8.404862], [124.616059, 8.404862], [124.616059, 8.405131], [124.615789, 8.405131], [124.615789, 8.405401], [124.61552, 8.405401], [124.61552, 8.40567], [124.61525, 8.40567], [124.61525, 8.406479], [124.614981, 8.406479], [124.614981, 8.407018], [124.61525, 8.407018], [124.61525, 8.407557], [124.614981, 8.407557], [124.614981, 8.407826], [124.61525, 8.407826], [124.61525, 8.408634], [124.614981, 8.408634], [124.614981, 8.410251], [124.61525, 8.410251], [124.61525, 8.410521], [124.61552, 8.410521], [124.61552, 8.411329], [124.615789, 8.411329], [124.615789, 8.411868], [124.616059, 8.411868], [124.616059, 8.412407], [124.616328, 8.412407], [124.616328, 8.412946], [124.616598, 8.412946], [124.616598, 8.413216], [124.616867, 8.413216], [124.616867, 8.413755], [124.617137, 8.413755], [124.617137, 8.414563], [124.617406, 8.414563], [124.617406, 8.415102], [124.617676, 8.415102], [124.617676, 8.41618], [124.617945, 8.41618], [124.617945, 8.41645], [124.618484, 8.41645], [124.618484, 8.41618], [124.618754, 8.41618], [124.618754, 8.415641], [124.619023, 8.415641], [124.619023, 8.414563], [124.619562, 8.414563], [124.619562, 8.414024], [124.620101, 8.414024], [124.620101, 8.414563], [124.62091, 8.414563], [124.62091, 8.414294], [124.621449, 8.414294], [124.621449, 8.413755], [124.621718, 8.413755], [124.621718, 8.411868], [124.621449, 8.411868], [124.621449, 8.411329], [124.621179, 8.411329], [124.621179, 8.41106], [124.62091, 8.41106], [124.62091, 8.410521], [124.621179, 8.410521], [124.621179, 8.409982], [124.621449, 8.409982], [124.621449, 8.409443], [124.621718, 8.409443], [124.621718, 8.407018], [124.621449, 8.407018], [124.621449, 8.406748], [124.621718, 8.406748], [124.621718, 8.405401], [124.621988, 8.405401], [124.621988, 8.404592], [124.621718, 8.404592], [124.621718, 8.404323], [124.62091, 8.404323], [124.62091, 8.404592], [124.62064, 8.404592], [124.62064, 8.404862], [124.620371, 8.404862], [124.620371, 8.405401], [124.620101, 8.405401], [124.620101, 8.40594], [124.619832, 8.40594], [124.619832, 8.406479], [124.619562, 8.406479], [124.619562, 8.408634], [124.619832, 8.408634], [124.619832, 8.409173], [124.620101, 8.409173], [124.620101, 8.410251], [124.620371, 8.410251], [124.620371, 8.41106], [124.62064, 8.41106], [124.62064, 8.412407], [124.620371, 8.412407], [124.620371, 8.413216], [124.620101, 8.413216], [124.620101, 8.412946], [124.619562, 8.412946], [124.619562, 8.410251], [124.619293, 8.410251], [124.619293, 8.409982], [124.619023, 8.409982], [124.619023, 8.409443], [124.618754, 8.409443], [124.618754, 8.408634], [124.618484, 8.408634], [124.618484, 8.407826], [124.618215, 8.407826], [124.618215, 8.406748], [124.618484, 8.406748], [124.618484, 8.406209], [124.618754, 8.406209], [124.618754, 8.40567], [124.619023, 8.40567], [124.619023, 8.405131], [124.619293, 8.405131], [124.619293, 8.404323], [124.619562, 8.404323], [124.619562, 8.404053], [124.619832, 8.404053], [124.619832, 8.403784], [124.620371, 8.403784], [124.620371, 8.403514], [124.62091, 8.403514], [124.62091, 8.403245], [124.621179, 8.403245], [124.621179, 8.402706], [124.62091, 8.402706], [124.62091, 8.402436]]], [[[124.624144, 8.411599], [124.623874, 8.411599], [124.623874, 8.411868], [124.623066, 8.411868], [124.623066, 8.412677], [124.622796, 8.412677], [124.622796, 8.413755], [124.622527, 8.413755], [124.622527, 8.414294], [124.622257, 8.414294], [124.622257, 8.414563], [124.621718, 8.414563], [124.621718, 8.414833], [124.621449, 8.414833], [124.621449, 8.415372], [124.621179, 8.415372], [124.621179, 8.41645], [124.62091, 8.41645], [124.62091, 8.417258], [124.62064, 8.417258], [124.62064, 8.418875], [124.621718, 8.418875], [124.621718, 8.419145], [124.621988, 8.419145], [124.621988, 8.418875], [124.622527, 8.418875], [124.622527, 8.418606], [124.624144, 8.418606], [124.624144, 8.418875], [124.624952, 8.418875], [124.624952, 8.418606], [124.625221, 8.418606], [124.625221, 8.417797], [124.625491, 8.417797], [124.625491, 8.417528], [124.62576, 8.417528], [124.62576, 8.417258], [124.626299, 8.417258], [124.626299, 8.416989], [124.626838, 8.416989], [124.626838, 8.416719], [124.627108, 8.416719], [124.627108, 8.41645], [124.627377, 8.41645], [124.627377, 8.415102], [124.627108, 8.415102], [124.627108, 8.414833], [124.626838, 8.414833], [124.626838, 8.414563], [124.626569, 8.414563], [124.626569, 8.414294], [124.626299, 8.414294], [124.626299, 8.414024], [124.62603, 8.414024], [124.62603, 8.413755], [124.62576, 8.413755], [124.62576, 8.413216], [124.625491, 8.413216], [124.625491, 8.412946], [124.624952, 8.412946], [124.624952, 8.412677], [124.624682, 8.412677], [124.624682, 8.412407], [124.624413, 8.412407], [124.624413, 8.412138], [124.624144, 8.412138], [124.624144, 8.411599]]], [[[124.628455, 8.443399], [124.627647, 8.443399], [124.627647, 8.443938], [124.627377, 8.443938], [124.627377, 8.444747], [124.627108, 8.444747], [124.627108, 8.445286], [124.626838, 8.445286], [124.626838, 8.44825], [124.627108, 8.44825], [124.627108, 8.448789], [124.626838, 8.448789], [124.626838, 8.449059], [124.627108, 8.449059], [124.627108, 8.449598], [124.626838, 8.449598], [124.626838, 8.450676], [124.626569, 8.450676], [124.626569, 8.451484], [124.626299, 8.451484], [124.626299, 8.452562], [124.626569, 8.452562], [124.626569, 8.453371], [124.626299, 8.453371], [124.626299, 8.45364], [124.62603, 8.45364], [124.62603, 8.453371], [124.62576, 8.453371], [124.62576, 8.45364], [124.625491, 8.45364], [124.625491, 8.454718], [124.62576, 8.454718], [124.62576, 8.455527], [124.62603, 8.455527], [124.62603, 8.455796], [124.626299, 8.455796], [124.626299, 8.456066], [124.627108, 8.456066], [124.627108, 8.456335], [124.628186, 8.456335], [124.628186, 8.456066], [124.628455, 8.456066], [124.628455, 8.455527], [124.628725, 8.455527], [124.628725, 8.45391], [124.628994, 8.45391], [124.628994, 8.45364], [124.630611, 8.45364], [124.630611, 8.453101], [124.630881, 8.453101], [124.630881, 8.452023], [124.630611, 8.452023], [124.630611, 8.450945], [124.630342, 8.450945], [124.630342, 8.449059], [124.630072, 8.449059], [124.630072, 8.44825], [124.629803, 8.44825], [124.629803, 8.447711], [124.629533, 8.447711], [124.629533, 8.447442], [124.629264, 8.447442], [124.629264, 8.447172], [124.628725, 8.447172], [124.628725, 8.446633], [124.628455, 8.446633], [124.628455, 8.445286], [124.628725, 8.445286], [124.628725, 8.443669], [124.628455, 8.443669], [124.628455, 8.443399]]], [[[124.626742, 8.508687], [124.631589, 8.507978], [124.635076, 8.504518], [124.654165, 8.504166], [124.655017, 8.507483], [124.658335, 8.508335], [124.658901, 8.481121], [124.661933, 8.47721], [124.663066, 8.472791], [124.666098, 8.468876], [124.667149, 8.460916], [124.666993, 8.460916], [124.666993, 8.461994], [124.666185, 8.461994], [124.666185, 8.462264], [124.665646, 8.462264], [124.665646, 8.462533], [124.664837, 8.462533], [124.664837, 8.462264], [124.664298, 8.462264], [124.664298, 8.461994], [124.664029, 8.461994], [124.664029, 8.461725], [124.663759, 8.461725], [124.663759, 8.461186], [124.66322, 8.461186], [124.66322, 8.461455], [124.662681, 8.461455], [124.662681, 8.461725], [124.662412, 8.461725], [124.662412, 8.462533], [124.662142, 8.462533], [124.662142, 8.463072], [124.661873, 8.463072], [124.661873, 8.464689], [124.662142, 8.464689], [124.662142, 8.465767], [124.661873, 8.465767], [124.661873, 8.466306], [124.661603, 8.466306], [124.661603, 8.466576], [124.661064, 8.466576], [124.661064, 8.466306], [124.660795, 8.466306], [124.660795, 8.465767], [124.660525, 8.465767], [124.660525, 8.464959], [124.660795, 8.464959], [124.660795, 8.464689], [124.661064, 8.464689], [124.661064, 8.463342], [124.661334, 8.463342], [124.661334, 8.463072], [124.661064, 8.463072], [124.661064, 8.462533], [124.660795, 8.462533], [124.660795, 8.462264], [124.660525, 8.462264], [124.660525, 8.462533], [124.659986, 8.462533], [124.659986, 8.461725], [124.660256, 8.461725], [124.660256, 8.460647], [124.660525, 8.460647], [124.660525, 8.460108], [124.660795, 8.460108], [124.660795, 8.459299], [124.659717, 8.459299], [124.659717, 8.459569], [124.6581, 8.459569], [124.6581, 8.459299], [124.65783, 8.459299], [124.65783, 8.45903], [124.657561, 8.45903], [124.657561, 8.45876], [124.657291, 8.45876], [124.657291, 8.458491], [124.656752, 8.458491], [124.656752, 8.457413], [124.656213, 8.457413], [124.656213, 8.457144], [124.655405, 8.457144], [124.655405, 8.457413], [124.655135, 8.457413], [124.655135, 8.457682], [124.654866, 8.457682], [124.654866, 8.458221], [124.654596, 8.458221], [124.654596, 8.458491], [124.654327, 8.458491], [124.654327, 8.45876], [124.654866, 8.45876], [124.654866, 8.459569], [124.654596, 8.459569], [124.654596, 8.460377], [124.654057, 8.460377], [124.654057, 8.460916], [124.653788, 8.460916], [124.653788, 8.461186], [124.653518, 8.461186], [124.653518, 8.461455], [124.653249, 8.461455], [124.653249, 8.461725], [124.652979, 8.461725], [124.652979, 8.461455], [124.65271, 8.461455], [124.65271, 8.461725], [124.65244, 8.461725], [124.65244, 8.461994], [124.652171, 8.461994], [124.652171, 8.462264], [124.651632, 8.462264], [124.651632, 8.463342], [124.651901, 8.463342], [124.651901, 8.463881], [124.650823, 8.463881], [124.650823, 8.463611], [124.649745, 8.463611], [124.649745, 8.463881], [124.648398, 8.463881], [124.648398, 8.46415], [124.648129, 8.46415], [124.648129, 8.464689], [124.648398, 8.464689], [124.648398, 8.464959], [124.648668, 8.464959], [124.648668, 8.465228], [124.648937, 8.465228], [124.648937, 8.465498], [124.651093, 8.465498], [124.651093, 8.466037], [124.650823, 8.466037], [124.650823, 8.467384], [124.651093, 8.467384], [124.651093, 8.467923], [124.651362, 8.467923], [124.651362, 8.468193], [124.651632, 8.468193], [124.651632, 8.468462], [124.651901, 8.468462], [124.651901, 8.468732], [124.652979, 8.468732], [124.652979, 8.469001], [124.654327, 8.469001], [124.654327, 8.469271], [124.654596, 8.469271], [124.654596, 8.46954], [124.655135, 8.46954], [124.655135, 8.470079], [124.655405, 8.470079], [124.655405, 8.470349], [124.655674, 8.470349], [124.655674, 8.470618], [124.655944, 8.470618], [124.655944, 8.470888], [124.656752, 8.470888], [124.656752, 8.471157], [124.657022, 8.471157], [124.657022, 8.471427], [124.657291, 8.471427], [124.657291, 8.471157], [124.65783, 8.471157], [124.65783, 8.471696], [124.657561, 8.471696], [124.657561, 8.471966], [124.656213, 8.471966], [124.656213, 8.471696], [124.655674, 8.471696], [124.655674, 8.471427], [124.655405, 8.471427], [124.655405, 8.471157], [124.655135, 8.471157], [124.655135, 8.470888], [124.654866, 8.470888], [124.654866, 8.470618], [124.654327, 8.470618], [124.654327, 8.470349], [124.654057, 8.470349], [124.654057, 8.470079], [124.653249, 8.470079], [124.653249, 8.46981], [124.65271, 8.46981], [124.65271, 8.46954], [124.652171, 8.46954], [124.652171, 8.469271], [124.651901, 8.469271], [124.651901, 8.46954], [124.651632, 8.46954], [124.651632, 8.469271], [124.651093, 8.469271], [124.651093, 8.469001], [124.650823, 8.469001], [124.650823, 8.468732], [124.650284, 8.468732], [124.650284, 8.468462], [124.650015, 8.468462], [124.650015, 8.467923], [124.649745, 8.467923], [124.649745, 8.467115], [124.649476, 8.467115], [124.649476, 8.466845], [124.648668, 8.466845], [124.648668, 8.466576], [124.648398, 8.466576], [124.648398, 8.466306], [124.647859, 8.466306], [124.647859, 8.466037], [124.64759, 8.466037], [124.64759, 8.465767], [124.64732, 8.465767], [124.64732, 8.465498], [124.646781, 8.465498], [124.646781, 8.465228], [124.646242, 8.465228], [124.646242, 8.464959], [124.645703, 8.464959], [124.645703, 8.464689], [124.645164, 8.464689], [124.645164, 8.46442], [124.644625, 8.46442], [124.644625, 8.46415], [124.644356, 8.46415], [124.644356, 8.462533], [124.644625, 8.462533], [124.644625, 8.461725], [124.644895, 8.461725], [124.644895, 8.461455], [124.644625, 8.461455], [124.644625, 8.460916], [124.644895, 8.460916], [124.644895, 8.460377], [124.645164, 8.460377], [124.645164, 8.460108], [124.645434, 8.460108], [124.645434, 8.459569], [124.645703, 8.459569], [124.645703, 8.45876], [124.645973, 8.45876], [124.645973, 8.457952], [124.646242, 8.457952], [124.646242, 8.456874], [124.646512, 8.456874], [124.646512, 8.455527], [124.646781, 8.455527], [124.646781, 8.452023], [124.647051, 8.452023], [124.647051, 8.450945], [124.64732, 8.450945], [124.64732, 8.448789], [124.647051, 8.448789], [124.647051, 8.44852], [124.646781, 8.44852], [124.646781, 8.447711], [124.647051, 8.447711], [124.647051, 8.446903], [124.64732, 8.446903], [124.64732, 8.446364], [124.64759, 8.446364], [124.64759, 8.446094], [124.647859, 8.446094], [124.647859, 8.445825], [124.648398, 8.445825], [124.648398, 8.444747], [124.648129, 8.444747], [124.648129, 8.444477], [124.647859, 8.444477], [124.647859, 8.443938], [124.64732, 8.443938], [124.64732, 8.443399], [124.646512, 8.443399], [124.646512, 8.443938], [124.644356, 8.443938], [124.644356, 8.443399], [124.644086, 8.443399], [124.644086, 8.44313], [124.644356, 8.44313], [124.644356, 8.44286], [124.644895, 8.44286], [124.644895, 8.442591], [124.645164, 8.442591], [124.645164, 8.442052], [124.644625, 8.442052], [124.644625, 8.440974], [124.644356, 8.440974], [124.644356, 8.440704], [124.644625, 8.440704], [124.644625, 8.440435], [124.644895, 8.440435], [124.644895, 8.440165], [124.645164, 8.440165], [124.645164, 8.439896], [124.644895, 8.439896], [124.644895, 8.439626], [124.645164, 8.439626], [124.645164, 8.439087], [124.644895, 8.439087], [124.644895, 8.438818], [124.644625, 8.438818], [124.644625, 8.438548], [124.644356, 8.438548], [124.644356, 8.438009], [124.644625, 8.438009], [124.644625, 8.436931], [124.644086, 8.436931], [124.644086, 8.436662], [124.643817, 8.436662], [124.643817, 8.435853], [124.644086, 8.435853], [124.644086, 8.435314], [124.643817, 8.435314], [124.643817, 8.434506], [124.643547, 8.434506], [124.643547, 8.433967], [124.643278, 8.433967], [124.643278, 8.433697], [124.642469, 8.433697], [124.642469, 8.433428], [124.641391, 8.433428], [124.641391, 8.433697], [124.640852, 8.433697], [124.640852, 8.433967], [124.640313, 8.433967], [124.640313, 8.434236], [124.638966, 8.434236], [124.638966, 8.434506], [124.638696, 8.434506], [124.638696, 8.438818], [124.638966, 8.438818], [124.638966, 8.439357], [124.639235, 8.439357], [124.639235, 8.439626], [124.639505, 8.439626], [124.639505, 8.439896], [124.640044, 8.439896], [124.640044, 8.440165], [124.640313, 8.440165], [124.640313, 8.440704], [124.640583, 8.440704], [124.640583, 8.441243], [124.639774, 8.441243], [124.639774, 8.440974], [124.639505, 8.440974], [124.639505, 8.440704], [124.638966, 8.440704], [124.638966, 8.440435], [124.638696, 8.440435], [124.638696, 8.440165], [124.638427, 8.440165], [124.638427, 8.439896], [124.638157, 8.439896], [124.638157, 8.439626], [124.637888, 8.439626], [124.637888, 8.439087], [124.637618, 8.439087], [124.637618, 8.43774], [124.637349, 8.43774], [124.637349, 8.433697], [124.637888, 8.433697], [124.637888, 8.433428], [124.638157, 8.433428], [124.638157, 8.433158], [124.638966, 8.433158], [124.638966, 8.432889], [124.639235, 8.432889], [124.639235, 8.432619], [124.639505, 8.432619], [124.639505, 8.43235], [124.639774, 8.43235], [124.639774, 8.431811], [124.640044, 8.431811], [124.640044, 8.431542], [124.640313, 8.431542], [124.640313, 8.431272], [124.640583, 8.431272], [124.640583, 8.430194], [124.640313, 8.430194], [124.640313, 8.429925], [124.640044, 8.429925], [124.640044, 8.429386], [124.640313, 8.429386], [124.640313, 8.429116], [124.641122, 8.429116], [124.641122, 8.428847], [124.641391, 8.428847], [124.641391, 8.428308], [124.641661, 8.428308], [124.641661, 8.428847], [124.64193, 8.428847], [124.64193, 8.429655], [124.6422, 8.429655], [124.6422, 8.430194], [124.642469, 8.430194], [124.642469, 8.430464], [124.643008, 8.430464], [124.643008, 8.430194], [124.643278, 8.430194], [124.643278, 8.429925], [124.643547, 8.429925], [124.643547, 8.428577], [124.643008, 8.428577], [124.643008, 8.42696], [124.643278, 8.42696], [124.643278, 8.426152], [124.643547, 8.426152], [124.643547, 8.425074], [124.643278, 8.425074], [124.643278, 8.424535], [124.643008, 8.424535], [124.643008, 8.423996], [124.642469, 8.423996], [124.642469, 8.423457], [124.6422, 8.423457], [124.6422, 8.423187], [124.640852, 8.423187], [124.640852, 8.422918], [124.640583, 8.422918], [124.640583, 8.423187], [124.639774, 8.423187], [124.639774, 8.423726], [124.639505, 8.423726], [124.639505, 8.423457], [124.639235, 8.423457], [124.639235, 8.423187], [124.638696, 8.423187], [124.638696, 8.422918], [124.638427, 8.422918], [124.638427, 8.422109], [124.638157, 8.422109], [124.638157, 8.42157], [124.637888, 8.42157], [124.637888, 8.421301], [124.637079, 8.421301], [124.637079, 8.42157], [124.63654, 8.42157], [124.63654, 8.421301], [124.636271, 8.421301], [124.636271, 8.420762], [124.636001, 8.420762], [124.636001, 8.420492], [124.633845, 8.420492], [124.633845, 8.420223], [124.632498, 8.420223], [124.632498, 8.420492], [124.631959, 8.420492], [124.631959, 8.420762], [124.631689, 8.420762], [124.631689, 8.421031], [124.63142, 8.421031], [124.63142, 8.421301], [124.630072, 8.421301], [124.630072, 8.421031], [124.629533, 8.421031], [124.629533, 8.420492], [124.629264, 8.420492], [124.629264, 8.420223], [124.628994, 8.420223], [124.628994, 8.419953], [124.628725, 8.419953], [124.628725, 8.419414], [124.628455, 8.419414], [124.628455, 8.418875], [124.628186, 8.418875], [124.628186, 8.417797], [124.627108, 8.417797], [124.627108, 8.418067], [124.626838, 8.418067], [124.626838, 8.418336], [124.626569, 8.418336], [124.626569, 8.418606], [124.626299, 8.418606], [124.626299, 8.418875], [124.62603, 8.418875], [124.62603, 8.419414], [124.625491, 8.419414], [124.625491, 8.419684], [124.624952, 8.419684], [124.624952, 8.419953], [124.624144, 8.419953], [124.624144, 8.419684], [124.623874, 8.419684], [124.623874, 8.419953], [124.623605, 8.419953], [124.623605, 8.419684], [124.622796, 8.419684], [124.622796, 8.419414], [124.621718, 8.419414], [124.621718, 8.419684], [124.621449, 8.419684], [124.621449, 8.419953], [124.62064, 8.419953], [124.62064, 8.419684], [124.620101, 8.419684], [124.620101, 8.419414], [124.619832, 8.419414], [124.619832, 8.419145], [124.619562, 8.419145], [124.619562, 8.418606], [124.619293, 8.418606], [124.619293, 8.418336], [124.619023, 8.418336], [124.619023, 8.418606], [124.618754, 8.418606], [124.618754, 8.419145], [124.618484, 8.419145], [124.618484, 8.419953], [124.618215, 8.419953], [124.618215, 8.42157], [124.618484, 8.42157], [124.618484, 8.422109], [124.618754, 8.422109], [124.618754, 8.422379], [124.619023, 8.422379], [124.619023, 8.422648], [124.619562, 8.422648], [124.619562, 8.422918], [124.62064, 8.422918], [124.62064, 8.422648], [124.621179, 8.422648], [124.621179, 8.422379], [124.621449, 8.422379], [124.621449, 8.422109], [124.622527, 8.422109], [124.622527, 8.42184], [124.623874, 8.42184], [124.623874, 8.42157], [124.62603, 8.42157], [124.62603, 8.421301], [124.627916, 8.421301], [124.627916, 8.42157], [124.628186, 8.42157], [124.628186, 8.42184], [124.628455, 8.42184], [124.628455, 8.423726], [124.628725, 8.423726], [124.628725, 8.424265], [124.628994, 8.424265], [124.628994, 8.425074], [124.629264, 8.425074], [124.629264, 8.425343], [124.629533, 8.425343], [124.629533, 8.425613], [124.630072, 8.425613], [124.630072, 8.426152], [124.630342, 8.426152], [124.630342, 8.426421], [124.630881, 8.426421], [124.630881, 8.42696], [124.63115, 8.42696], [124.63115, 8.42723], [124.63142, 8.42723], [124.63142, 8.428308], [124.631689, 8.428308], [124.631689, 8.428577], [124.63142, 8.428577], [124.63142, 8.428847], [124.631689, 8.428847], [124.631689, 8.429386], [124.63142, 8.429386], [124.63142, 8.430194], [124.631689, 8.430194], [124.631689, 8.431003], [124.631959, 8.431003], [124.631959, 8.43235], [124.632498, 8.43235], [124.632498, 8.432889], [124.632767, 8.432889], [124.632767, 8.433158], [124.632498, 8.433158], [124.632498, 8.433697], [124.631959, 8.433697], [124.631959, 8.433967], [124.631689, 8.433967], [124.631689, 8.434236], [124.63142, 8.434236], [124.63142, 8.433697], [124.631689, 8.433697], [124.631689, 8.433428], [124.63142, 8.433428], [124.63142, 8.432889], [124.631689, 8.432889], [124.631689, 8.43235], [124.63142, 8.43235], [124.63142, 8.432081], [124.63115, 8.432081], [124.63115, 8.431272], [124.630881, 8.431272], [124.630881, 8.430194], [124.630611, 8.430194], [124.630611, 8.428308], [124.630342, 8.428308], [124.630342, 8.427769], [124.630072, 8.427769], [124.630072, 8.42723], [124.629803, 8.42723], [124.629803, 8.42696], [124.629533, 8.42696], [124.629533, 8.426691], [124.629264, 8.426691], [124.629264, 8.426421], [124.628725, 8.426421], [124.628725, 8.426152], [124.628455, 8.426152], [124.628455, 8.425882], [124.628186, 8.425882], [124.628186, 8.425613], [124.627916, 8.425613], [124.627916, 8.424535], [124.627647, 8.424535], [124.627647, 8.424265], [124.627916, 8.424265], [124.627916, 8.423996], [124.627647, 8.423996], [124.627647, 8.423457], [124.627377, 8.423457], [124.627377, 8.422648], [124.626838, 8.422648], [124.626838, 8.422379], [124.62603, 8.422379], [124.62603, 8.422648], [124.625491, 8.422648], [124.625491, 8.422918], [124.624952, 8.422918], [124.624952, 8.423726], [124.625221, 8.423726], [124.625221, 8.423996], [124.625491, 8.423996], [124.625491, 8.424265], [124.62603, 8.424265], [124.62603, 8.424535], [124.626569, 8.424535], [124.626569, 8.424804], [124.626838, 8.424804], [124.626838, 8.425074], [124.627108, 8.425074], [124.627108, 8.425343], [124.627377, 8.425343], [124.627377, 8.425613], [124.627647, 8.425613], [124.627647, 8.426691], [124.627916, 8.426691], [124.627916, 8.42723], [124.628186, 8.42723], [124.628186, 8.427769], [124.628455, 8.427769], [124.628455, 8.428308], [124.628725, 8.428308], [124.628725, 8.428847], [124.628994, 8.428847], [124.628994, 8.429386], [124.629264, 8.429386], [124.629264, 8.429925], [124.629533, 8.429925], [124.629533, 8.432081], [124.629264, 8.432081], [124.629264, 8.432889], [124.628994, 8.432889], [124.628994, 8.433158], [124.628725, 8.433158], [124.628725, 8.433697], [124.628455, 8.433697], [124.628455, 8.434506], [124.628725, 8.434506], [124.628725, 8.440165], [124.628994, 8.440165], [124.628994, 8.440704], [124.629533, 8.440704], [124.629533, 8.440435], [124.629803, 8.440435], [124.629803, 8.439896], [124.630072, 8.439896], [124.630072, 8.439357], [124.630342, 8.439357], [124.630342, 8.439087], [124.630611, 8.439087], [124.630611, 8.438818], [124.630881, 8.438818], [124.630881, 8.438279], [124.63115, 8.438279], [124.63115, 8.438009], [124.631959, 8.438009], [124.631959, 8.438818], [124.631689, 8.438818], [124.631689, 8.439357], [124.63142, 8.439357], [124.63142, 8.439626], [124.63115, 8.439626], [124.63115, 8.439896], [124.630881, 8.439896], [124.630881, 8.440435], [124.630611, 8.440435], [124.630611, 8.440704], [124.630342, 8.440704], [124.630342, 8.440974], [124.629803, 8.440974], [124.629803, 8.441243], [124.629533, 8.441243], [124.629533, 8.442321], [124.629803, 8.442321], [124.629803, 8.442591], [124.630072, 8.442591], [124.630072, 8.444477], [124.630342, 8.444477], [124.630342, 8.445286], [124.630611, 8.445286], [124.630611, 8.446094], [124.630881, 8.446094], [124.630881, 8.446633], [124.63115, 8.446633], [124.63115, 8.447442], [124.63142, 8.447442], [124.63142, 8.44825], [124.631689, 8.44825], [124.631689, 8.449328], [124.631959, 8.449328], [124.631959, 8.450676], [124.632228, 8.450676], [124.632228, 8.451215], [124.632498, 8.451215], [124.632498, 8.451754], [124.632767, 8.451754], [124.632767, 8.452023], [124.633306, 8.452023], [124.633306, 8.452562], [124.633576, 8.452562], [124.633576, 8.452832], [124.633306, 8.452832], [124.633306, 8.453101], [124.633037, 8.453101], [124.633037, 8.453371], [124.632498, 8.453371], [124.632498, 8.45364], [124.632228, 8.45364], [124.632228, 8.45391], [124.631959, 8.45391], [124.631959, 8.454718], [124.631689, 8.454718], [124.631689, 8.455257], [124.63142, 8.455257], [124.63142, 8.455527], [124.63115, 8.455527], [124.63115, 8.455796], [124.630342, 8.455796], [124.630342, 8.456066], [124.630072, 8.456066], [124.630072, 8.456335], [124.629803, 8.456335], [124.629803, 8.457682], [124.629533, 8.457682], [124.629533, 8.458221], [124.629264, 8.458221], [124.629264, 8.462533], [124.629533, 8.462533], [124.629533, 8.463881], [124.629264, 8.463881], [124.629264, 8.46442], [124.628994, 8.46442], [124.628994, 8.465228], [124.628725, 8.465228], [124.628725, 8.465498], [124.628455, 8.465498], [124.628455, 8.466306], [124.628186, 8.466306], [124.628186, 8.467384], [124.628455, 8.467384], [124.628455, 8.467923], [124.628725, 8.467923], [124.628725, 8.468462], [124.628994, 8.468462], [124.628994, 8.468732], [124.629264, 8.468732], [124.629264, 8.469001], [124.629533, 8.469001], [124.629533, 8.469271], [124.630342, 8.469271], [124.630342, 8.46954], [124.630881, 8.46954], [124.630881, 8.46981], [124.63115, 8.46981], [124.63115, 8.470079], [124.63142, 8.470079], [124.63142, 8.470349], [124.631689, 8.470349], [124.631689, 8.470618], [124.632228, 8.470618], [124.632228, 8.470888], [124.632767, 8.470888], [124.632767, 8.471157], [124.633845, 8.471157], [124.633845, 8.471427], [124.634384, 8.471427], [124.634384, 8.472505], [124.634115, 8.472505], [124.634115, 8.473044], [124.633845, 8.473044], [124.633845, 8.473313], [124.633306, 8.473313], [124.633306, 8.473583], [124.633037, 8.473583], [124.633037, 8.473852], [124.632767, 8.473852], [124.632767, 8.474122], [124.632228, 8.474122], [124.632228, 8.474391], [124.631959, 8.474391], [124.631959, 8.474661], [124.63142, 8.474661], [124.63142, 8.47493], [124.630611, 8.47493], [124.630611, 8.4752], [124.630342, 8.4752], [124.630342, 8.475469], [124.630072, 8.475469], [124.630072, 8.476008], [124.629803, 8.476008], [124.629803, 8.476278], [124.629533, 8.476278], [124.629533, 8.476547], [124.629264, 8.476547], [124.629264, 8.476817], [124.628994, 8.476817], [124.628994, 8.477086], [124.628725, 8.477086], [124.628725, 8.477356], [124.628455, 8.477356], [124.628455, 8.477086], [124.627377, 8.477086], [124.627377, 8.476817], [124.627647, 8.476817], [124.627647, 8.476278], [124.628455, 8.476278], [124.628455, 8.476008], [124.628725, 8.476008], [124.628725, 8.475469], [124.628994, 8.475469], [124.628994, 8.474391], [124.628725, 8.474391], [124.628725, 8.472505], [124.628994, 8.472505], [124.628994, 8.471966], [124.629264, 8.471966], [124.629264, 8.471427], [124.629803, 8.471427], [124.629803, 8.471696], [124.630072, 8.471696], [124.630072, 8.471966], [124.630342, 8.471966], [124.630342, 8.472235], [124.630611, 8.472235], [124.630611, 8.472774], [124.630881, 8.472774], [124.630881, 8.473044], [124.63115, 8.473044], [124.63115, 8.473313], [124.631689, 8.473313], [124.631689, 8.472774], [124.631959, 8.472774], [124.631959, 8.472505], [124.631689, 8.472505], [124.631689, 8.471966], [124.63142, 8.471966], [124.63142, 8.471696], [124.630611, 8.471696], [124.630611, 8.471157], [124.630072, 8.471157], [124.630072, 8.470888], [124.629533, 8.470888], [124.629533, 8.470618], [124.628994, 8.470618], [124.628994, 8.470079], [124.628725, 8.470079], [124.628725, 8.46981], [124.628455, 8.46981], [124.628455, 8.46954], [124.627916, 8.46954], [124.627916, 8.469271], [124.627647, 8.469271], [124.627647, 8.468732], [124.627377, 8.468732], [124.627377, 8.468193], [124.627108, 8.468193], [124.627108, 8.467654], [124.626838, 8.467654], [124.626838, 8.466037], [124.627108, 8.466037], [124.627108, 8.465228], [124.627377, 8.465228], [124.627377, 8.46442], [124.627647, 8.46442], [124.627647, 8.46415], [124.627916, 8.46415], [124.627916, 8.463611], [124.628186, 8.463611], [124.628186, 8.462533], [124.627916, 8.462533], [124.627916, 8.461725], [124.627647, 8.461725], [124.627647, 8.460377], [124.627377, 8.460377], [124.627377, 8.459299], [124.626569, 8.459299], [124.626569, 8.459838], [124.626299, 8.459838], [124.626299, 8.460916], [124.62603, 8.460916], [124.62603, 8.461186], [124.62576, 8.461186], [124.62576, 8.461455], [124.625221, 8.461455], [124.625221, 8.461725], [124.624144, 8.461725], [124.624144, 8.461994], [124.623605, 8.461994], [124.623605, 8.462533], [124.622796, 8.462533], [124.622796, 8.462803], [124.621449, 8.462803], [124.621449, 8.463072], [124.621179, 8.463072], [124.621179, 8.463611], [124.62094, 8.463611], [124.621186, 8.476711], [124.617021, 8.480907], [124.616312, 8.506591], [124.612852, 8.510074], [124.6125, 8.5125], [124.623259, 8.512147], [124.626742, 8.508687]]]]}}]}