{"type": "FeatureCollection", "features": [{"type": "Feature", "properties": {"area_id": "davao-river-basin", "name": "Davao River Basin", "study_type": "river_basin", "zone": null, "area_ha": 122690.3, "version": 1}, "geometry": {"type": "MultiPolygon", "coordinates": [[[[125.225568, 6.798042], [125.241099, 6.814456], [125.242232, 6.818875], [125.245264, 6.82279], [125.246401, 6.827209], [125.249433, 6.831124], [125.25, 6.837501], [125.250352, 6.860759], [125.257981, 6.868407], [125.258686, 6.877423], [125.262146, 6.88091], [125.262855, 6.889926], [125.266315, 6.893409], [125.266668, 6.904169], [125.266315, 6.90659], [125.252456, 6.920476], [125.25, 6.920832], [125.249433, 6.927209], [125.246401, 6.931124], [125.245264, 6.938437], [125.253598, 6.947788], [125.254735, 6.952211], [125.257865, 6.956251], [125.254735, 6.960291], [125.253317, 6.965816], [125.25, 6.966668], [125.249647, 6.969089], [125.246187, 6.972576], [125.245835, 6.975002], [125.254169, 6.975002], [125.255016, 6.978315], [125.258334, 6.979166], [125.262498, 6.979166], [125.26335, 6.982484], [125.270235, 6.98425], [125.270832, 7.004169], [125.267519, 7.005016], [125.266668, 7.008333], [125.274101, 7.008993], [125.275969, 7.016271], [125.281124, 7.020266], [125.308333, 7.020832], [125.312498, 7.020832], [125.311972, 7.027249], [125.307803, 7.032395], [125.309248, 7.036733], [125.312498, 7.0375], [125.312498, 7.041665], [125.305881, 7.042022], [125.296187, 7.051743], [125.295478, 7.069093], [125.292022, 7.072576], [125.291313, 7.081592], [125.287148, 7.085788], [125.287857, 7.089957], [125.293409, 7.095482], [125.295835, 7.095834], [125.31471, 7.096401], [125.318625, 7.099433], [125.327209, 7.100566], [125.335289, 7.107767], [125.339712, 7.1089], [125.356122, 7.124431], [125.360545, 7.125568], [125.366012, 7.130125], [125.367234, 7.143877], [125.370266, 7.147787], [125.371398, 7.152211], [125.400717, 7.182448], [125.407482, 7.184183], [125.4089, 7.189712], [125.411932, 7.193623], [125.412498, 7.195834], [125.452425, 7.195482], [125.455907, 7.192022], [125.481592, 7.191313], [125.493408, 7.179518], [125.495834, 7.179166], [125.495834, 7.166667], [125.535458, 7.166012], [125.539542, 7.163153], [125.549834, 7.161553], [125.553513, 7.156291], [125.554824, 7.147877], [125.557677, 7.143788], [125.558988, 7.131213], [125.561847, 7.127124], [125.563153, 7.106211], [125.566012, 7.102122], [125.567323, 7.093712], [125.570176, 7.089623], [125.571487, 7.085378], [125.574346, 7.081289], [125.575657, 7.077044], [125.57851, 7.072955], [125.579928, 7.054851], [125.612502, 7.054169], [125.611753, 7.046865], [125.606197, 7.045192], [125.602135, 7.042307], [125.584084, 7.040925], [125.579808, 7.035467], [125.578252, 7.02019], [125.571478, 7.02703], [125.569913, 7.037282], [125.564634, 7.041023], [125.560366, 7.042307], [125.5563, 7.045192], [125.554168, 7.045835], [125.549999, 7.045835], [125.549147, 7.042517], [125.542365, 7.040778], [125.521403, 7.018879], [125.519864, 7.012895], [125.51471, 7.0089], [125.508333, 7.008333], [125.508333, 7.004169], [125.507981, 6.997574], [125.487148, 6.976718], [125.487852, 6.951743], [125.492022, 6.947547], [125.491313, 6.91838], [125.485757, 6.912855], [125.483335, 6.912498], [125.482484, 6.909185], [125.479166, 6.908334], [125.478198, 6.904561], [125.473044, 6.900566], [125.463421, 6.899295], [125.458899, 6.893877], [125.457767, 6.876955], [125.454735, 6.873044], [125.453281, 6.867377], [125.442601, 6.865963], [125.421291, 6.843761], [125.424533, 6.839583], [125.421398, 6.835543], [125.41998, 6.830018], [125.41335, 6.828315], [125.411932, 6.82279], [125.400566, 6.810546], [125.399433, 6.806122], [125.392129, 6.797926], [125.395268, 6.793877], [125.396401, 6.789454], [125.400262, 6.784469], [125.392062, 6.782364], [125.386934, 6.775747], [125.388067, 6.768621], [125.392236, 6.763248], [125.391099, 6.751957], [125.388067, 6.748042], [125.386796, 6.73842], [125.381378, 6.733903], [125.379166, 6.733332], [125.378814, 6.73091], [125.375354, 6.727423], [125.375001, 6.720833], [125.375001, 6.716668], [125.375354, 6.710078], [125.378814, 6.706591], [125.379519, 6.701743], [125.382979, 6.698256], [125.383336, 6.687501], [125.375001, 6.687501], [125.37423, 6.695064], [125.366667, 6.695835], [125.331124, 6.695264], [125.327084, 6.692134], [125.322915, 6.695363], [125.317635, 6.691269], [125.315762, 6.683978], [125.299255, 6.682766], [125.293877, 6.686935], [125.275002, 6.687501], [125.268407, 6.687853], [125.264924, 6.691314], [125.262498, 6.691666], [125.259185, 6.692518], [125.257767, 6.698042], [125.242232, 6.714456], [125.241099, 6.718875], [125.233902, 6.726955], [125.232765, 6.735543], [125.225568, 6.743623], [125.224431, 6.760546], [125.221399, 6.764456], [125.220266, 6.784081], [125.224431, 6.789454], [125.225568, 6.798042]]]]}}, {"type": "Feature", "properties": {"area_id": "davao-river-basin__up", "name": "Davao River Basin (upstream)", "study_type": "river_basin", "zone": "up", "area_ha": 92246.4, "version": 1}, "geometry": {"type": "MultiPolygon", "coordinates": [[[[125.241099, 6.814456], [125.242232, 6.818875], [125.245264, 6.82279], [125.246401, 6.827209], [125.249433, 6.831124], [125.25, 6.837501], [125.250352, 6.860759], [125.257981, 6.868407], [125.258686, 6.877423], [125.262146, 6.88091], [125.262855, 6.889926], [125.266315, 6.893409], [125.266668, 6.904169], [125.266315, 6.90659], [125.252456, 6.920476], [125.25, 6.920832], [125.249433, 6.927209], [125.246401, 6.931124], [125.245264, 6.938437], [125.253598, 6.947788], [125.254735, 6.952211], [125.257865, 6.956251], [125.254735, 6.960291], [125.253317, 6.965816], [125.25, 6.966668], [125.249647, 6.969089], [125.246187, 6.972576], [125.245835, 6.975002], [125.254169, 6.975002], [125.255016, 6.978315], [125.258334, 6.979166], [125.262498, 6.979166], [125.26335, 6.982484], [125.270235, 6.98425], [125.270832, 7.004169], [125.267519, 7.005016], [125.266668, 7.008333], [125.274101, 7.008993], [125.275969, 7.016271], [125.281124, 7.020266], [125.308333, 7.020832], [125.312498, 7.020832], [125.311972, 7.027249], [125.307803, 7.032395], [125.309248, 7.036733], [125.312498, 7.0375], [125.312498, 7.041665], [125.305881, 7.042022], [125.296187, 7.051743], [125.295478, 7.069093], [125.292022, 7.072576], [125.291313, 7.081592], [125.287148, 7.085788], [125.287857, 7.089957], [125.293409, 7.095482], [125.295835, 7.095834], [125.31471, 7.096401], [125.318625, 7.099433], [125.327209, 7.100566], [125.335289, 7.107767], [125.339712, 7.1089], [125.356122, 7.124431], [125.360545, 7.125568], [125.366012, 7.130125], [125.367234, 7.143877], [125.370266, 7.147787], [125.371398, 7.152211], [125.400717, 7.182448], [125.407482, 7.184183], [125.4089, 7.189712], [125.411932, 7.193623], [125.412498, 7.195834], [125.452425, 7.195482], [125.455907, 7.192022], [125.481592, 7.191313], [125.493408, 7.179518], [125.495834, 7.179166], [125.495834, 7.166667], [125.535458, 7.166012], [125.539542, 7.163153], [125.549834, 7.161553], [125.553513, 7.156291], [125.554824, 7.147877], [125.557677, 7.143788], [125.558988, 7.131213], [125.561847, 7.127124], [125.563153, 7.106211], [125.566012, 7.102122], [125.567323, 7.093712], [125.570176, 7.089623], [125.571487, 7.085378], [125.574346, 7.081289], [125.575657, 7.077044], [125.57851, 7.072955], [125.579502, 7.06029], [125.579502, 7.059545], [125.578963, 7.059545], [125.578963, 7.059006], [125.578693, 7.059006], [125.578693, 7.059275], [125.578424, 7.059275], [125.578424, 7.060084], [125.578693, 7.060084], [125.578693, 7.060892], [125.578424, 7.060892], [125.578424, 7.061162], [125.578154, 7.061162], [125.578154, 7.061431], [125.577346, 7.061431], [125.577346, 7.061701], [125.576807, 7.061701], [125.576807, 7.06197], [125.576268, 7.06197], [125.576268, 7.062509], [125.575998, 7.062509], [125.575998, 7.064126], [125.575729, 7.064126], [125.575729, 7.064395], [125.575459, 7.064395], [125.575459, 7.064665], [125.57519, 7.064665], [125.57519, 7.064934], [125.57492, 7.064934], [125.57492, 7.065204], [125.574651, 7.065204], [125.574651, 7.065473], [125.573842, 7.065473], [125.573842, 7.066551], [125.574112, 7.066551], [125.574112, 7.06709], [125.574381, 7.06709], [125.574381, 7.067629], [125.574112, 7.067629], [125.574112, 7.068977], [125.574381, 7.068977], [125.574381, 7.069246], [125.57492, 7.069246], [125.57492, 7.070324], [125.574651, 7.070324], [125.574651, 7.070594], [125.574112, 7.070594], [125.574112, 7.070863], [125.573842, 7.070863], [125.573842, 7.071133], [125.573303, 7.071133], [125.573303, 7.071402], [125.573034, 7.071402], [125.573034, 7.071941], [125.572764, 7.071941], [125.572764, 7.073019], [125.572495, 7.073019], [125.572495, 7.074097], [125.572225, 7.074097], [125.572225, 7.074636], [125.571956, 7.074636], [125.571956, 7.075175], [125.571686, 7.075175], [125.571686, 7.075714], [125.571417, 7.075714], [125.571417, 7.076792], [125.571147, 7.076792], [125.571147, 7.077601], [125.570878, 7.077601], [125.570878, 7.078679], [125.570608, 7.078679], [125.570608, 7.078948], [125.570339, 7.078948], [125.570339, 7.078679], [125.57007, 7.078679], [125.57007, 7.078409], [125.5698, 7.078409], [125.5698, 7.07814], [125.569531, 7.07814], [125.569531, 7.078409], [125.568722, 7.078409], [125.568722, 7.07814], [125.567914, 7.07814], [125.567914, 7.078409], [125.567375, 7.078409], [125.567375, 7.078679], [125.567105, 7.078679], [125.567105, 7.079218], [125.566836, 7.079218], [125.566836, 7.080296], [125.567644, 7.080296], [125.567644, 7.080565], [125.567914, 7.080565], [125.567914, 7.081374], [125.567644, 7.081374], [125.567644, 7.081913], [125.567375, 7.081913], [125.567375, 7.081643], [125.566836, 7.081643], [125.566836, 7.081913], [125.566566, 7.081913], [125.566566, 7.08353], [125.566836, 7.08353], [125.566836, 7.084338], [125.566566, 7.084338], [125.566566, 7.084608], [125.566297, 7.084608], [125.566297, 7.084877], [125.565488, 7.084877], [125.565488, 7.084608], [125.565219, 7.084608], [125.565219, 7.084069], [125.564949, 7.084069], [125.564949, 7.082182], [125.56468, 7.082182], [125.56468, 7.080565], [125.56441, 7.080565], [125.56441, 7.080296], [125.564141, 7.080296], [125.564141, 7.080026], [125.563332, 7.080026], [125.563332, 7.080296], [125.563063, 7.080296], [125.563063, 7.080565], [125.562793, 7.080565], [125.562793, 7.080835], [125.562524, 7.080835], [125.562524, 7.081104], [125.562254, 7.081104], [125.562254, 7.083799], [125.562524, 7.083799], [125.562524, 7.084608], [125.563332, 7.084608], [125.563332, 7.084877], [125.563602, 7.084877], [125.563602, 7.085147], [125.563871, 7.085147], [125.563871, 7.085416], [125.564141, 7.085416], [125.564141, 7.085686], [125.56441, 7.085686], [125.56441, 7.085955], [125.56468, 7.085955], [125.56468, 7.086225], [125.564949, 7.086225], [125.564949, 7.086494], [125.565219, 7.086494], [125.565219, 7.086764], [125.56468, 7.086764], [125.56468, 7.087033], [125.564141, 7.087033], [125.564141, 7.086764], [125.563602, 7.086764], [125.563602, 7.086494], [125.563332, 7.086494], [125.563332, 7.086225], [125.563063, 7.086225], [125.563063, 7.085955], [125.562793, 7.085955], [125.562793, 7.085686], [125.562524, 7.085686], [125.562524, 7.085416], [125.561715, 7.085416], [125.561715, 7.085147], [125.560907, 7.085147], [125.560907, 7.085416], [125.560637, 7.085416], [125.560637, 7.085686], [125.560098, 7.085686], [125.560098, 7.087033], [125.559829, 7.087033], [125.559829, 7.087303], [125.55929, 7.087303], [125.55929, 7.087572], [125.55902, 7.087572], [125.55902, 7.089458], [125.558751, 7.089458], [125.558751, 7.089728], [125.558481, 7.089728], [125.558481, 7.089997], [125.558212, 7.089997], [125.558212, 7.090267], [125.557673, 7.090267], [125.557673, 7.090806], [125.557403, 7.090806], [125.557403, 7.091345], [125.557134, 7.091345], [125.557134, 7.091884], [125.556595, 7.091884], [125.556595, 7.091075], [125.557134, 7.091075], [125.557134, 7.090806], [125.556864, 7.090806], [125.556864, 7.089997], [125.556595, 7.089997], [125.556595, 7.089728], [125.556325, 7.089728], [125.556325, 7.08865], [125.556056, 7.08865], [125.556056, 7.087842], [125.555786, 7.087842], [125.555786, 7.086764], [125.555517, 7.086764], [125.555517, 7.085955], [125.555786, 7.085955], [125.555786, 7.085147], [125.556056, 7.085147], [125.556056, 7.084608], [125.555786, 7.084608], [125.555786, 7.084338], [125.555517, 7.084338], [125.555517, 7.084069], [125.554978, 7.084069], [125.554978, 7.083799], [125.554708, 7.083799], [125.554708, 7.08353], [125.554439, 7.08353], [125.554439, 7.082721], [125.554169, 7.082721], [125.554169, 7.082182], [125.5539, 7.082182], [125.5539, 7.082452], [125.55363, 7.082452], [125.55363, 7.082182], [125.552822, 7.082182], [125.552822, 7.082452], [125.552552, 7.082452], [125.552552, 7.082721], [125.552283, 7.082721], [125.552283, 7.082991], [125.551744, 7.082991], [125.551744, 7.08326], [125.550935, 7.08326], [125.550935, 7.082991], [125.550396, 7.082991], [125.550396, 7.082182], [125.552552, 7.082182], [125.552552, 7.081913], [125.552822, 7.081913], [125.552822, 7.081643], [125.553091, 7.081643], [125.553091, 7.081104], [125.553361, 7.081104], [125.553361, 7.080565], [125.55363, 7.080565], [125.55363, 7.080296], [125.5539, 7.080296], [125.5539, 7.080026], [125.554169, 7.080026], [125.554169, 7.079757], [125.554978, 7.079757], [125.554978, 7.079487], [125.555517, 7.079487], [125.555517, 7.079218], [125.556056, 7.079218], [125.556056, 7.078679], [125.556325, 7.078679], [125.556325, 7.078409], [125.556595, 7.078409], [125.556595, 7.07814], [125.557673, 7.07814], [125.557673, 7.07787], [125.558212, 7.07787], [125.558212, 7.077601], [125.558481, 7.077601], [125.558481, 7.077331], [125.558751, 7.077331], [125.558751, 7.076253], [125.558212, 7.076253], [125.558212, 7.075984], [125.557673, 7.075984], [125.557673, 7.076253], [125.557403, 7.076253], [125.557403, 7.076792], [125.557134, 7.076792], [125.557134, 7.076523], [125.556595, 7.076523], [125.556595, 7.075984], [125.557134, 7.075984], [125.557134, 7.075714], [125.557673, 7.075714], [125.557673, 7.075445], [125.558212, 7.075445], [125.558212, 7.074906], [125.557942, 7.074906], [125.557942, 7.074636], [125.558212, 7.074636], [125.558212, 7.074367], [125.558481, 7.074367], [125.558481, 7.073558], [125.55902, 7.073558], [125.55902, 7.07248], [125.558751, 7.07248], [125.558751, 7.072211], [125.558481, 7.072211], [125.558481, 7.071672], [125.558212, 7.071672], [125.558212, 7.071402], [125.558481, 7.071402], [125.558481, 7.071133], [125.558751, 7.071133], [125.558751, 7.070863], [125.55902, 7.070863], [125.55902, 7.071133], [125.559829, 7.071133], [125.559829, 7.070863], [125.560098, 7.070863], [125.560098, 7.070594], [125.560637, 7.070594], [125.560637, 7.070863], [125.560907, 7.070863], [125.560907, 7.071402], [125.560637, 7.071402], [125.560637, 7.071672], [125.560368, 7.071672], [125.560368, 7.07275], [125.560637, 7.07275], [125.560637, 7.073289], [125.560907, 7.073289], [125.560907, 7.075175], [125.561176, 7.075175], [125.561176, 7.075445], [125.561446, 7.075445], [125.561446, 7.075714], [125.561715, 7.075714], [125.561715, 7.075984], [125.562524, 7.075984], [125.562524, 7.076253], [125.563602, 7.076253], [125.563602, 7.075984], [125.563871, 7.075984], [125.563871, 7.075714], [125.564141, 7.075714], [125.564141, 7.075445], [125.56441, 7.075445], [125.56441, 7.075175], [125.56468, 7.075175], [125.56468, 7.074906], [125.564949, 7.074906], [125.564949, 7.074636], [125.565219, 7.074636], [125.565219, 7.074367], [125.565488, 7.074367], [125.565488, 7.074097], [125.565758, 7.074097], [125.565758, 7.073828], [125.566027, 7.073828], [125.566027, 7.073019], [125.565758, 7.073019], [125.565758, 7.073289], [125.565488, 7.073289], [125.565488, 7.073019], [125.564949, 7.073019], [125.564949, 7.07248], [125.565219, 7.07248], [125.565219, 7.072211], [125.565488, 7.072211], [125.565488, 7.071941], [125.566027, 7.071941], [125.566027, 7.070863], [125.566297, 7.070863], [125.566297, 7.070594], [125.566566, 7.070594], [125.566566, 7.070324], [125.566836, 7.070324], [125.566836, 7.070055], [125.568183, 7.070055], [125.568183, 7.069785], [125.568453, 7.069785], [125.568453, 7.069516], [125.568722, 7.069516], [125.568722, 7.068707], [125.568992, 7.068707], [125.568992, 7.067899], [125.569261, 7.067899], [125.569261, 7.06709], [125.568453, 7.06709], [125.568453, 7.066821], [125.567914, 7.066821], [125.567914, 7.066551], [125.567375, 7.066551], [125.567375, 7.066821], [125.567105, 7.066821], [125.567105, 7.06709], [125.566836, 7.06709], [125.566836, 7.06736], [125.566566, 7.06736], [125.566566, 7.067899], [125.566027, 7.067899], [125.566027, 7.06736], [125.564949, 7.06736], [125.564949, 7.067899], [125.56441, 7.067899], [125.56441, 7.068438], [125.564141, 7.068438], [125.564141, 7.068707], [125.563871, 7.068707], [125.563871, 7.068977], [125.563602, 7.068977], [125.563602, 7.069246], [125.563871, 7.069246], [125.563871, 7.069516], [125.563602, 7.069516], [125.563602, 7.069785], [125.563332, 7.069785], [125.563332, 7.069246], [125.563063, 7.069246], [125.563063, 7.068977], [125.562793, 7.068977], [125.562793, 7.068438], [125.561715, 7.068438], [125.561715, 7.068707], [125.561446, 7.068707], [125.561446, 7.068977], [125.561176, 7.068977], [125.561176, 7.069246], [125.560907, 7.069246], [125.560907, 7.068977], [125.560368, 7.068977], [125.560368, 7.068707], [125.560098, 7.068707], [125.560098, 7.069516], [125.559829, 7.069516], [125.559829, 7.069785], [125.559559, 7.069785], [125.559559, 7.070055], [125.55902, 7.070055], [125.55902, 7.069785], [125.558481, 7.069785], [125.558481, 7.068707], [125.558212, 7.068707], [125.558212, 7.068977], [125.557942, 7.068977], [125.557942, 7.068707], [125.557673, 7.068707], [125.557673, 7.068168], [125.557403, 7.068168], [125.557403, 7.067629], [125.556595, 7.067629], [125.556595, 7.068438], [125.556325, 7.068438], [125.556325, 7.068977], [125.556595, 7.068977], [125.556595, 7.069785], [125.556864, 7.069785], [125.556864, 7.071402], [125.555517, 7.071402], [125.555517, 7.072211], [125.555786, 7.072211], [125.555786, 7.07248], [125.556595, 7.07248], [125.556595, 7.072211], [125.557403, 7.072211], [125.557403, 7.07248], [125.557942, 7.07248], [125.557942, 7.073019], [125.557673, 7.073019], [125.557673, 7.073289], [125.557403, 7.073289], [125.557403, 7.073558], [125.557134, 7.073558], [125.557134, 7.073828], [125.556864, 7.073828], [125.556864, 7.074367], [125.556595, 7.074367], [125.556595, 7.074636], [125.556325, 7.074636], [125.556325, 7.074906], [125.555786, 7.074906], [125.555786, 7.075175], [125.555517, 7.075175], [125.555517, 7.075445], [125.555247, 7.075445], [125.555247, 7.075714], [125.554169, 7.075714], [125.554169, 7.075984], [125.5539, 7.075984], [125.5539, 7.076253], [125.55363, 7.076253], [125.55363, 7.076523], [125.553361, 7.076523], [125.553361, 7.077062], [125.553091, 7.077062], [125.553091, 7.077331], [125.55363, 7.077331], [125.55363, 7.077062], [125.554439, 7.077062], [125.554439, 7.077331], [125.554708, 7.077331], [125.554708, 7.077601], [125.554978, 7.077601], [125.554978, 7.07787], [125.554708, 7.07787], [125.554708, 7.07814], [125.554439, 7.07814], [125.554439, 7.078409], [125.55363, 7.078409], [125.55363, 7.078679], [125.553091, 7.078679], [125.553091, 7.078948], [125.552822, 7.078948], [125.552822, 7.079487], [125.552552, 7.079487], [125.552552, 7.079757], [125.552283, 7.079757], [125.552283, 7.080565], [125.551744, 7.080565], [125.551744, 7.080835], [125.550396, 7.080835], [125.550396, 7.081104], [125.54851, 7.081104], [125.54851, 7.081374], [125.54824, 7.081374], [125.54824, 7.081643], [125.547701, 7.081643], [125.547701, 7.082721], [125.547971, 7.082721], [125.547971, 7.082991], [125.54851, 7.082991], [125.54851, 7.08353], [125.549049, 7.08353], [125.549049, 7.083799], [125.549857, 7.083799], [125.549857, 7.084069], [125.550396, 7.084069], [125.550396, 7.084338], [125.552283, 7.084338], [125.552283, 7.084069], [125.55363, 7.084069], [125.55363, 7.084338], [125.5539, 7.084338], [125.5539, 7.085147], [125.553361, 7.085147], [125.553361, 7.085416], [125.552552, 7.085416], [125.552552, 7.085955], [125.552283, 7.085955], [125.552283, 7.086225], [125.553091, 7.086225], [125.553091, 7.086494], [125.553361, 7.086494], [125.553361, 7.087033], [125.552822, 7.087033], [125.552822, 7.087303], [125.552552, 7.087303], [125.552552, 7.087572], [125.551744, 7.087572], [125.551744, 7.088381], [125.552552, 7.088381], [125.552552, 7.088111], [125.552822, 7.088111], [125.552822, 7.088381], [125.553091, 7.088381], [125.553091, 7.088111], [125.55363, 7.088111], [125.55363, 7.087842], [125.554708, 7.087842], [125.554708, 7.088111], [125.554978, 7.088111], [125.554978, 7.088381], [125.555247, 7.088381], [125.555247, 7.089189], [125.554978, 7.089189], [125.554978, 7.089458], [125.555247, 7.089458], [125.555247, 7.089728], [125.554978, 7.089728], [125.554978, 7.090267], [125.554708, 7.090267], [125.554708, 7.090536], [125.553361, 7.090536], [125.553361, 7.089997], [125.552822, 7.089997], [125.552822, 7.089728], [125.552013, 7.089728], [125.552013, 7.089997], [125.551744, 7.089997], [125.551744, 7.090267], [125.551474, 7.090267], [125.551474, 7.090536], [125.552283, 7.090536], [125.552283, 7.090806], [125.552822, 7.090806], [125.552822, 7.091075], [125.553091, 7.091075], [125.553091, 7.091614], [125.553361, 7.091614], [125.553361, 7.092153], [125.5539, 7.092153], [125.5539, 7.092423], [125.554978, 7.092423], [125.554978, 7.092692], [125.555517, 7.092692], [125.555517, 7.092962], [125.555786, 7.092962], [125.555786, 7.093231], [125.556056, 7.093231], [125.556056, 7.096196], [125.556325, 7.096196], [125.556325, 7.096465], [125.556595, 7.096465], [125.556595, 7.097543], [125.556325, 7.097543], [125.556325, 7.097813], [125.555247, 7.097813], [125.555247, 7.098082], [125.554708, 7.098082], [125.554708, 7.098352], [125.5539, 7.098352], [125.5539, 7.097813], [125.553361, 7.097813], [125.553361, 7.097004], [125.55363, 7.097004], [125.55363, 7.096465], [125.554978, 7.096465], [125.554978, 7.096196], [125.555247, 7.096196], [125.555247, 7.095657], [125.554978, 7.095657], [125.554978, 7.095387], [125.554439, 7.095387], [125.554439, 7.095118], [125.5539, 7.095118], [125.5539, 7.094848], [125.55363, 7.094848], [125.55363, 7.094579], [125.551205, 7.094579], [125.551205, 7.094848], [125.550935, 7.094848], [125.550935, 7.095387], [125.550666, 7.095387], [125.550666, 7.095657], [125.549588, 7.095657], [125.549588, 7.095387], [125.549318, 7.095387], [125.549318, 7.095118], [125.548779, 7.095118], [125.548779, 7.094848], [125.54851, 7.094848], [125.54851, 7.094579], [125.547432, 7.094579], [125.547432, 7.094848], [125.547701, 7.094848], [125.547701, 7.095387], [125.547971, 7.095387], [125.547971, 7.095657], [125.54824, 7.095657], [125.54824, 7.095926], [125.54851, 7.095926], [125.54851, 7.096196], [125.549049, 7.096196], [125.549049, 7.096465], [125.550127, 7.096465], [125.550127, 7.096735], [125.550935, 7.096735], [125.550935, 7.096465], [125.551474, 7.096465], [125.551474, 7.096196], [125.551744, 7.096196], [125.551744, 7.095926], [125.552283, 7.095926], [125.552283, 7.096735], [125.552013, 7.096735], [125.552013, 7.097274], [125.551744, 7.097274], [125.551744, 7.097543], [125.551474, 7.097543], [125.551474, 7.098352], [125.551205, 7.098352], [125.551205, 7.098621], [125.550666, 7.098621], [125.550666, 7.09916], [125.551205, 7.09916], [125.551205, 7.098891], [125.552013, 7.098891], [125.552013, 7.098352], [125.552283, 7.098352], [125.552283, 7.098082], [125.553091, 7.098082], [125.553091, 7.098891], [125.553361, 7.098891], [125.553361, 7.09943], [125.553091, 7.09943], [125.553091, 7.100238], [125.552552, 7.100238], [125.552552, 7.100508], [125.552283, 7.100508], [125.552283, 7.100777], [125.552013, 7.100777], [125.552013, 7.101047], [125.551744, 7.101047], [125.551744, 7.101316], [125.551474, 7.101316], [125.551474, 7.101586], [125.551205, 7.101586], [125.551205, 7.101855], [125.550935, 7.101855], [125.550935, 7.102394], [125.550666, 7.102394], [125.550666, 7.102664], [125.550396, 7.102664], [125.550396, 7.103203], [125.550666, 7.103203], [125.550666, 7.103742], [125.550396, 7.103742], [125.550396, 7.10455], [125.550127, 7.10455], [125.550127, 7.10482], [125.549857, 7.10482], [125.549857, 7.105089], [125.549588, 7.105089], [125.549588, 7.105628], [125.549049, 7.105628], [125.549049, 7.105898], [125.548779, 7.105898], [125.548779, 7.106437], [125.54851, 7.106437], [125.54851, 7.106706], [125.548779, 7.106706], [125.548779, 7.106976], [125.549049, 7.106976], [125.549049, 7.107245], [125.549318, 7.107245], [125.549318, 7.107784], [125.549588, 7.107784], [125.549588, 7.108054], [125.549857, 7.108054], [125.549857, 7.109671], [125.549049, 7.109671], [125.549049, 7.10994], [125.54824, 7.10994], [125.54824, 7.11021], [125.547971, 7.11021], [125.547971, 7.111827], [125.547432, 7.111827], [125.547432, 7.112096], [125.547162, 7.112096], [125.547162, 7.111827], [125.546893, 7.111827], [125.546893, 7.111288], [125.546623, 7.111288], [125.546623, 7.110749], [125.546354, 7.110749], [125.546354, 7.110479], [125.546084, 7.110479], [125.546084, 7.11021], [125.545815, 7.11021], [125.545815, 7.109401], [125.546084, 7.109401], [125.546084, 7.109132], [125.546893, 7.109132], [125.546893, 7.108593], [125.546623, 7.108593], [125.546623, 7.108323], [125.546354, 7.108323], [125.546354, 7.107784], [125.545815, 7.107784], [125.545815, 7.107515], [125.544737, 7.107515], [125.544737, 7.108054], [125.544468, 7.108054], [125.544468, 7.108593], [125.544737, 7.108593], [125.544737, 7.109132], [125.545007, 7.109132], [125.545007, 7.109401], [125.545276, 7.109401], [125.545276, 7.10994], [125.545007, 7.10994], [125.545007, 7.11021], [125.544468, 7.11021], [125.544468, 7.110479], [125.543929, 7.110479], [125.543929, 7.111018], [125.543659, 7.111018], [125.543659, 7.111288], [125.543929, 7.111288], [125.543929, 7.111557], [125.544198, 7.111557], [125.544198, 7.111288], [125.544737, 7.111288], [125.544737, 7.111018], [125.545545, 7.111018], [125.545545, 7.111288], [125.546084, 7.111288], [125.546084, 7.111557], [125.546354, 7.111557], [125.546354, 7.112096], [125.546084, 7.112096], [125.546084, 7.112635], [125.545815, 7.112635], [125.545815, 7.112905], [125.544737, 7.112905], [125.544737, 7.112635], [125.543929, 7.112635], [125.543929, 7.112366], [125.544198, 7.112366], [125.544198, 7.112096], [125.542851, 7.112096], [125.542851, 7.112366], [125.542581, 7.112366], [125.542581, 7.112096], [125.542042, 7.112096], [125.542042, 7.112366], [125.541773, 7.112366], [125.541773, 7.112096], [125.540964, 7.112096], [125.540964, 7.112366], [125.540425, 7.112366], [125.540425, 7.112635], [125.540156, 7.112635], [125.540156, 7.112905], [125.539347, 7.112905], [125.539347, 7.112635], [125.539078, 7.112635], [125.539078, 7.112905], [125.538808, 7.112905], [125.538808, 7.113174], [125.538539, 7.113174], [125.538539, 7.113982], [125.538, 7.113982], [125.538, 7.113444], [125.53773, 7.113444], [125.53773, 7.113174], [125.538, 7.113174], [125.538, 7.112905], [125.538269, 7.112905], [125.538269, 7.111827], [125.538539, 7.111827], [125.538539, 7.111288], [125.538269, 7.111288], [125.538269, 7.111018], [125.537461, 7.111018], [125.537461, 7.111288], [125.537191, 7.111288], [125.537191, 7.112096], [125.536922, 7.112096], [125.536922, 7.112635], [125.536652, 7.112635], [125.536652, 7.112905], [125.536113, 7.112905], [125.536113, 7.112635], [125.534766, 7.112635], [125.534766, 7.112366], [125.534227, 7.112366], [125.534227, 7.112096], [125.533957, 7.112096], [125.533957, 7.111018], [125.534766, 7.111018], [125.534766, 7.110749], [125.535844, 7.110749], [125.535844, 7.110479], [125.536922, 7.110479], [125.536922, 7.11021], [125.537461, 7.11021], [125.537461, 7.109132], [125.537191, 7.109132], [125.537191, 7.108862], [125.535035, 7.108862], [125.535035, 7.109132], [125.534496, 7.109132], [125.534496, 7.109671], [125.534227, 7.109671], [125.534227, 7.10994], [125.533957, 7.10994], [125.533957, 7.11021], [125.533418, 7.11021], [125.533418, 7.110479], [125.533149, 7.110479], [125.533149, 7.110749], [125.53234, 7.110749], [125.53234, 7.110479], [125.532071, 7.110479], [125.532071, 7.11021], [125.53234, 7.11021], [125.53234, 7.108862], [125.53261, 7.108862], [125.53261, 7.108593], [125.532879, 7.108593], [125.532879, 7.108323], [125.533418, 7.108323], [125.533418, 7.108054], [125.533688, 7.108054], [125.533688, 7.107784], [125.534227, 7.107784], [125.534227, 7.107515], [125.533688, 7.107515], [125.533688, 7.107245], [125.532879, 7.107245], [125.532879, 7.106976], [125.53261, 7.106976], [125.53261, 7.106706], [125.53234, 7.106706], [125.53234, 7.106437], [125.530993, 7.106437], [125.530993, 7.106706], [125.530184, 7.106706], [125.530184, 7.106976], [125.529376, 7.106976], [125.529376, 7.106706], [125.529106, 7.106706], [125.529106, 7.106167], [125.528837, 7.106167], [125.528837, 7.105898], [125.528567, 7.105898], [125.528567, 7.105628], [125.528837, 7.105628], [125.528837, 7.105359], [125.529106, 7.105359], [125.529106, 7.105089], [125.529376, 7.105089], [125.529376, 7.10482], [125.529915, 7.10482], [125.529915, 7.10455], [125.530184, 7.10455], [125.530184, 7.104281], [125.530454, 7.104281], [125.530454, 7.104011], [125.530993, 7.104011], [125.530993, 7.103742], [125.531262, 7.103742], [125.531262, 7.103472], [125.531801, 7.103472], [125.531801, 7.103203], [125.532071, 7.103203], [125.532071, 7.102933], [125.531801, 7.102933], [125.531801, 7.102394], [125.531532, 7.102394], [125.531532, 7.102125], [125.531262, 7.102125], [125.531262, 7.101855], [125.530723, 7.101855], [125.530723, 7.101586], [125.530454, 7.101586], [125.530454, 7.101316], [125.528567, 7.101316], [125.528567, 7.101047], [125.528298, 7.101047], [125.528298, 7.100238], [125.529376, 7.100238], [125.529376, 7.100508], [125.530454, 7.100508], [125.530454, 7.100777], [125.533418, 7.100777], [125.533418, 7.100508], [125.533957, 7.100508], [125.533957, 7.099969], [125.533688, 7.099969], [125.533688, 7.099699], [125.533418, 7.099699], [125.533418, 7.09943], [125.533149, 7.09943], [125.533149, 7.098891], [125.532879, 7.098891], [125.532879, 7.098352], [125.53261, 7.098352], [125.53261, 7.098082], [125.531801, 7.098082], [125.531801, 7.098352], [125.530454, 7.098352], [125.530454, 7.098082], [125.529915, 7.098082], [125.529915, 7.097543], [125.529645, 7.097543], [125.529645, 7.097274], [125.529915, 7.097274], [125.529915, 7.097004], [125.53261, 7.097004], [125.53261, 7.096735], [125.532879, 7.096735], [125.532879, 7.095926], [125.53261, 7.095926], [125.53261, 7.095657], [125.530993, 7.095657], [125.530993, 7.095926], [125.530184, 7.095926], [125.530184, 7.095657], [125.529915, 7.095657], [125.529915, 7.095118], [125.529645, 7.095118], [125.529645, 7.094309], [125.529376, 7.094309], [125.529376, 7.09404], [125.529106, 7.09404], [125.529106, 7.093231], [125.528837, 7.093231], [125.528837, 7.092153], [125.527489, 7.092153], [125.527489, 7.091884], [125.52722, 7.091884], [125.52722, 7.091614], [125.52695, 7.091614], [125.52695, 7.091345], [125.526411, 7.091345], [125.526411, 7.091075], [125.526142, 7.091075], [125.526142, 7.090536], [125.525603, 7.090536], [125.525603, 7.090267], [125.525872, 7.090267], [125.525872, 7.089728], [125.526142, 7.089728], [125.526142, 7.088919], [125.525872, 7.088919], [125.525872, 7.088381], [125.525603, 7.088381], [125.525603, 7.088111], [125.525333, 7.088111], [125.525333, 7.087842], [125.525064, 7.087842], [125.525064, 7.088111], [125.524525, 7.088111], [125.524525, 7.088381], [125.523447, 7.088381], [125.523447, 7.088111], [125.523177, 7.088111], [125.523177, 7.087842], [125.522908, 7.087842], [125.522908, 7.087033], [125.522369, 7.087033], [125.522369, 7.087572], [125.52183, 7.087572], [125.52183, 7.087842], [125.52156, 7.087842], [125.52156, 7.08865], [125.521291, 7.08865], [125.521291, 7.088919], [125.521021, 7.088919], [125.521021, 7.089458], [125.520752, 7.089458], [125.520752, 7.089728], [125.520483, 7.089728], [125.520483, 7.089997], [125.519944, 7.089997], [125.519944, 7.090536], [125.519674, 7.090536], [125.519674, 7.090806], [125.519405, 7.090806], [125.519405, 7.091075], [125.519135, 7.091075], [125.519135, 7.091345], [125.517249, 7.091345], [125.517249, 7.091614], [125.51671, 7.091614], [125.51671, 7.091884], [125.51644, 7.091884], [125.51644, 7.092153], [125.516171, 7.092153], [125.516171, 7.092423], [125.514015, 7.092423], [125.514015, 7.092153], [125.513476, 7.092153], [125.513476, 7.091345], [125.513745, 7.091345], [125.513745, 7.091075], [125.514284, 7.091075], [125.514284, 7.090806], [125.514554, 7.090806], [125.514554, 7.090536], [125.514823, 7.090536], [125.514823, 7.089997], [125.515093, 7.089997], [125.515093, 7.089458], [125.515362, 7.089458], [125.515362, 7.088919], [125.515632, 7.088919], [125.515632, 7.08865], [125.515901, 7.08865], [125.515901, 7.088381], [125.517788, 7.088381], [125.517788, 7.08865], [125.518327, 7.08865], [125.518327, 7.088919], [125.518596, 7.088919], [125.518596, 7.089458], [125.518866, 7.089458], [125.518866, 7.089728], [125.519135, 7.089728], [125.519135, 7.089997], [125.519674, 7.089997], [125.519674, 7.089728], [125.519944, 7.089728], [125.519944, 7.088111], [125.520213, 7.088111], [125.520213, 7.087033], [125.520752, 7.087033], [125.520752, 7.086764], [125.521021, 7.086764], [125.521021, 7.086494], [125.521291, 7.086494], [125.521291, 7.085955], [125.52156, 7.085955], [125.52156, 7.085147], [125.521291, 7.085147], [125.521291, 7.084877], [125.521021, 7.084877], [125.521021, 7.085147], [125.519944, 7.085147], [125.519944, 7.085416], [125.519405, 7.085416], [125.519405, 7.085686], [125.518866, 7.085686], [125.518866, 7.085955], [125.514554, 7.085955], [125.514554, 7.085686], [125.514284, 7.085686], [125.514284, 7.085416], [125.514015, 7.085416], [125.514015, 7.084877], [125.513745, 7.084877], [125.513745, 7.084338], [125.513476, 7.084338], [125.513476, 7.084069], [125.51132, 7.084069], [125.51132, 7.084338], [125.509703, 7.084338], [125.509703, 7.085955], [125.509433, 7.085955], [125.509433, 7.086225], [125.508894, 7.086225], [125.508894, 7.085955], [125.508625, 7.085955], [125.508625, 7.085686], [125.508355, 7.085686], [125.508355, 7.084877], [125.508086, 7.084877], [125.508086, 7.084608], [125.507547, 7.084608], [125.507547, 7.084338], [125.507008, 7.084338], [125.507008, 7.084608], [125.506738, 7.084608], [125.506738, 7.084877], [125.506199, 7.084877], [125.506199, 7.085147], [125.50566, 7.085147], [125.50566, 7.085416], [125.505391, 7.085416], [125.505391, 7.085686], [125.504852, 7.085686], [125.504852, 7.085416], [125.504582, 7.085416], [125.504582, 7.085147], [125.502965, 7.085147], [125.502965, 7.084877], [125.502696, 7.084877], [125.502696, 7.084608], [125.502965, 7.084608], [125.502965, 7.084069], [125.503504, 7.084069], [125.503504, 7.083799], [125.503774, 7.083799], [125.503774, 7.08353], [125.504313, 7.08353], [125.504313, 7.08326], [125.504582, 7.08326], [125.504582, 7.082452], [125.504852, 7.082452], [125.504852, 7.081643], [125.505121, 7.081643], [125.505121, 7.081104], [125.504852, 7.081104], [125.504852, 7.080565], [125.504582, 7.080565], [125.504582, 7.080026], [125.504313, 7.080026], [125.504313, 7.079757], [125.503235, 7.079757], [125.503235, 7.080296], [125.502965, 7.080296], [125.502965, 7.080565], [125.502696, 7.080565], [125.502696, 7.080835], [125.502426, 7.080835], [125.502426, 7.081104], [125.501887, 7.081104], [125.501887, 7.081374], [125.501348, 7.081374], [125.501348, 7.081104], [125.501079, 7.081104], [125.501079, 7.080835], [125.500809, 7.080835], [125.500809, 7.080026], [125.50054, 7.080026], [125.50054, 7.07814], [125.500809, 7.07814], [125.500809, 7.077601], [125.501348, 7.077601], [125.501348, 7.077331], [125.502157, 7.077331], [125.502157, 7.077062], [125.502426, 7.077062], [125.502426, 7.075984], [125.502157, 7.075984], [125.502157, 7.075714], [125.501618, 7.075714], [125.501618, 7.075984], [125.501079, 7.075984], [125.501079, 7.076253], [125.500809, 7.076253], [125.500809, 7.075984], [125.50054, 7.075984], [125.50054, 7.074097], [125.50027, 7.074097], [125.50027, 7.073828], [125.500001, 7.073828], [125.500001, 7.073289], [125.499731, 7.073289], [125.499731, 7.073019], [125.499462, 7.073019], [125.499462, 7.071402], [125.499192, 7.071402], [125.499192, 7.070863], [125.498923, 7.070863], [125.498923, 7.070594], [125.498114, 7.070594], [125.498114, 7.070863], [125.497306, 7.070863], [125.497306, 7.070324], [125.497036, 7.070324], [125.497036, 7.069785], [125.497306, 7.069785], [125.497306, 7.069246], [125.497575, 7.069246], [125.497575, 7.068977], [125.497845, 7.068977], [125.497845, 7.067629], [125.497575, 7.067629], [125.497575, 7.066012], [125.497845, 7.066012], [125.497845, 7.064126], [125.497575, 7.064126], [125.497575, 7.063857], [125.497306, 7.063857], [125.497306, 7.063587], [125.496497, 7.063587], [125.496497, 7.063857], [125.495958, 7.063857], [125.495958, 7.063587], [125.495689, 7.063587], [125.495689, 7.06224], [125.49542, 7.06224], [125.49542, 7.06197], [125.494881, 7.06197], [125.494881, 7.061431], [125.494611, 7.061431], [125.494611, 7.060353], [125.494342, 7.060353], [125.494342, 7.059814], [125.494072, 7.059814], [125.494072, 7.059006], [125.493803, 7.059006], [125.493803, 7.058467], [125.493533, 7.058467], [125.493533, 7.058197], [125.493264, 7.058197], [125.493264, 7.057928], [125.492994, 7.057928], [125.492994, 7.057389], [125.492725, 7.057389], [125.492725, 7.05685], [125.492455, 7.05685], [125.492455, 7.055233], [125.492186, 7.055233], [125.492186, 7.054694], [125.491916, 7.054694], [125.491916, 7.054424], [125.491647, 7.054424], [125.491647, 7.053885], [125.491377, 7.053885], [125.491377, 7.051999], [125.491108, 7.051999], [125.491108, 7.05146], [125.490838, 7.05146], [125.490838, 7.049843], [125.490569, 7.049843], [125.490569, 7.049573], [125.490299, 7.049573], [125.490299, 7.049304], [125.489491, 7.049304], [125.489491, 7.049034], [125.489221, 7.049034], [125.489221, 7.048765], [125.488952, 7.048765], [125.488952, 7.048495], [125.488682, 7.048495], [125.488682, 7.048226], [125.488413, 7.048226], [125.488413, 7.047956], [125.487874, 7.047956], [125.487874, 7.047687], [125.487604, 7.047687], [125.487604, 7.047417], [125.487335, 7.047417], [125.487335, 7.046878], [125.487065, 7.046878], [125.487065, 7.0458], [125.486796, 7.0458], [125.486796, 7.045531], [125.486526, 7.045531], [125.486526, 7.045261], [125.486257, 7.045261], [125.486257, 7.044722], [125.485448, 7.044722], [125.485448, 7.045261], [125.485179, 7.045261], [125.485179, 7.0458], [125.484909, 7.0458], [125.484909, 7.046339], [125.48464, 7.046339], [125.48464, 7.046878], [125.48437, 7.046878], [125.48437, 7.047148], [125.483831, 7.047148], [125.483831, 7.046878], [125.483562, 7.046878], [125.483562, 7.046339], [125.483831, 7.046339], [125.483831, 7.04607], [125.484101, 7.04607], [125.484101, 7.044722], [125.483831, 7.044722], [125.483831, 7.043644], [125.483292, 7.043644], [125.483292, 7.043375], [125.483023, 7.043375], [125.483023, 7.042566], [125.483562, 7.042566], [125.483562, 7.042027], [125.483831, 7.042027], [125.483831, 7.041758], [125.484101, 7.041758], [125.484101, 7.039871], [125.48437, 7.039871], [125.48437, 7.039602], [125.48464, 7.039602], [125.48464, 7.039063], [125.483831, 7.039063], [125.483831, 7.039332], [125.483562, 7.039332], [125.483562, 7.039602], [125.483292, 7.039602], [125.483292, 7.040949], [125.483023, 7.040949], [125.483023, 7.041758], [125.482753, 7.041758], [125.482753, 7.042027], [125.481675, 7.042027], [125.481675, 7.042297], [125.481136, 7.042297], [125.481136, 7.042566], [125.480867, 7.042566], [125.480867, 7.042836], [125.480597, 7.042836], [125.480597, 7.043105], [125.480328, 7.043105], [125.480328, 7.043375], [125.480058, 7.043375], [125.480058, 7.043644], [125.479789, 7.043644], [125.479789, 7.045261], [125.479519, 7.045261], [125.479519, 7.045531], [125.478711, 7.045531], [125.478711, 7.045261], [125.478172, 7.045261], [125.478172, 7.044992], [125.478441, 7.044992], [125.478441, 7.044722], [125.478711, 7.044722], [125.478711, 7.044453], [125.47898, 7.044453], [125.47898, 7.044183], [125.478711, 7.044183], [125.478711, 7.043375], [125.47898, 7.043375], [125.47898, 7.043105], [125.478711, 7.043105], [125.478711, 7.042836], [125.478441, 7.042836], [125.478441, 7.042566], [125.478711, 7.042566], [125.478711, 7.042027], [125.479789, 7.042027], [125.479789, 7.041758], [125.480058, 7.041758], [125.480058, 7.040949], [125.480328, 7.040949], [125.480328, 7.04068], [125.480597, 7.04068], [125.480597, 7.04041], [125.480867, 7.04041], [125.480867, 7.040141], [125.481136, 7.040141], [125.481136, 7.039871], [125.481406, 7.039871], [125.481406, 7.039602], [125.481945, 7.039602], [125.481945, 7.039332], [125.482214, 7.039332], [125.482214, 7.039063], [125.482484, 7.039063], [125.482484, 7.038794], [125.482753, 7.038794], [125.482753, 7.038524], [125.483023, 7.038524], [125.483023, 7.037177], [125.481945, 7.037177], [125.481945, 7.037446], [125.481675, 7.037446], [125.481675, 7.038255], [125.481406, 7.038255], [125.481406, 7.038794], [125.481136, 7.038794], [125.481136, 7.039063], [125.480867, 7.039063], [125.480867, 7.039332], [125.480597, 7.039332], [125.480597, 7.039602], [125.480058, 7.039602], [125.480058, 7.039871], [125.479789, 7.039871], [125.479789, 7.040141], [125.479519, 7.040141], [125.479519, 7.04041], [125.47925, 7.04041], [125.47925, 7.04068], [125.47898, 7.04068], [125.47898, 7.040949], [125.478711, 7.040949], [125.478711, 7.041219], [125.478172, 7.041219], [125.478172, 7.041488], [125.476285, 7.041488], [125.476285, 7.041219], [125.476016, 7.041219], [125.476016, 7.040949], [125.475207, 7.040949], [125.475207, 7.04068], [125.474668, 7.04068], [125.474668, 7.04041], [125.474399, 7.04041], [125.474399, 7.040141], [125.474129, 7.040141], [125.474129, 7.039871], [125.47386, 7.039871], [125.47386, 7.039602], [125.47359, 7.039602], [125.47359, 7.038794], [125.473321, 7.038794], [125.473321, 7.038524], [125.473051, 7.038524], [125.473051, 7.038255], [125.472782, 7.038255], [125.472782, 7.037716], [125.472512, 7.037716], [125.472512, 7.037446], [125.472243, 7.037446], [125.472243, 7.036099], [125.472512, 7.036099], [125.472512, 7.035829], [125.473051, 7.035829], [125.473051, 7.03556], [125.473321, 7.03556], [125.473321, 7.03529], [125.47359, 7.03529], [125.47359, 7.034751], [125.473321, 7.034751], [125.473321, 7.034482], [125.472243, 7.034482], [125.472243, 7.033943], [125.471973, 7.033943], [125.471973, 7.033673], [125.472243, 7.033673], [125.472243, 7.032326], [125.471434, 7.032326], [125.471434, 7.031787], [125.471704, 7.031787], [125.471704, 7.031248], [125.471973, 7.031248], [125.471973, 7.0299], [125.471704, 7.0299], [125.471704, 7.029631], [125.471165, 7.029631], [125.471165, 7.0299], [125.470895, 7.0299], [125.470895, 7.03017], [125.470626, 7.03017], [125.470626, 7.030439], [125.470357, 7.030439], [125.470357, 7.03017], [125.470087, 7.03017], [125.470087, 7.0299], [125.470357, 7.0299], [125.470357, 7.029361], [125.470626, 7.029361], [125.470626, 7.028014], [125.470087, 7.028014], [125.470087, 7.027744], [125.469818, 7.027744], [125.469818, 7.027475], [125.469548, 7.027475], [125.469548, 7.026397], [125.469279, 7.026397], [125.469279, 7.025858], [125.469009, 7.025858], [125.469009, 7.025588], [125.46874, 7.025588], [125.46874, 7.025319], [125.467931, 7.025319], [125.467931, 7.024241], [125.468201, 7.024241], [125.468201, 7.023971], [125.469009, 7.023971], [125.469009, 7.023702], [125.469279, 7.023702], [125.469279, 7.023971], [125.469548, 7.023971], [125.469548, 7.023702], [125.470087, 7.023702], [125.470087, 7.023971], [125.470357, 7.023971], [125.470357, 7.024241], [125.470895, 7.024241], [125.470895, 7.023971], [125.471973, 7.023971], [125.471973, 7.023432], [125.472243, 7.023432], [125.472243, 7.023163], [125.470357, 7.023163], [125.470357, 7.023432], [125.469818, 7.023432], [125.469818, 7.023163], [125.469279, 7.023163], [125.469279, 7.022893], [125.469009, 7.022893], [125.469009, 7.022085], [125.469818, 7.022085], [125.469818, 7.022354], [125.470087, 7.022354], [125.470087, 7.022085], [125.470895, 7.022085], [125.470895, 7.021815], [125.471704, 7.021815], [125.471704, 7.022354], [125.471434, 7.022354], [125.471434, 7.022624], [125.471973, 7.022624], [125.471973, 7.022354], [125.472243, 7.022354], [125.472243, 7.022085], [125.472782, 7.022085], [125.472782, 7.021815], [125.472512, 7.021815], [125.472512, 7.021546], [125.473051, 7.021546], [125.473051, 7.021276], [125.473321, 7.021276], [125.473321, 7.020737], [125.47359, 7.020737], [125.47359, 7.021007], [125.47386, 7.021007], [125.47386, 7.020198], [125.474129, 7.020198], [125.474129, 7.019929], [125.473051, 7.019929], [125.473051, 7.020198], [125.470087, 7.020198], [125.470087, 7.019929], [125.469818, 7.019929], [125.469818, 7.019659], [125.469548, 7.019659], [125.469548, 7.01912], [125.469279, 7.01912], [125.469279, 7.018042], [125.469548, 7.018042], [125.469548, 7.016964], [125.469279, 7.016964], [125.469279, 7.016695], [125.469009, 7.016695], [125.469009, 7.016156], [125.46874, 7.016156], [125.46874, 7.015886], [125.46847, 7.015886], [125.46847, 7.014269], [125.469279, 7.014269], [125.469279, 7.014], [125.46874, 7.014], [125.46874, 7.012653], [125.469009, 7.012653], [125.469009, 7.012114], [125.46874, 7.012114], [125.46874, 7.011844], [125.469009, 7.011844], [125.469009, 7.010766], [125.469279, 7.010766], [125.469279, 7.010227], [125.469548, 7.010227], [125.469548, 7.009958], [125.470087, 7.009958], [125.470087, 7.008341], [125.469818, 7.008341], [125.469818, 7.008071], [125.469548, 7.008071], [125.469548, 7.007802], [125.469279, 7.007802], [125.469279, 7.006724], [125.469548, 7.006724], [125.469548, 7.005915], [125.469818, 7.005915], [125.469818, 7.004568], [125.470087, 7.004568], [125.470087, 7.001064], [125.470357, 7.001064], [125.470357, 6.9981], [125.470626, 6.9981], [125.470626, 6.994327], [125.470357, 6.994327], [125.470357, 6.991632], [125.470087, 6.991632], [125.470087, 6.990284], [125.469818, 6.990284], [125.469818, 6.989745], [125.469548, 6.989745], [125.469548, 6.98732], [125.469279, 6.98732], [125.469279, 6.987051], [125.469009, 6.987051], [125.469009, 6.986781], [125.46874, 6.986781], [125.46874, 6.986512], [125.46847, 6.986512], [125.46847, 6.985973], [125.46874, 6.985973], [125.46874, 6.985434], [125.469009, 6.985434], [125.469009, 6.984086], [125.46874, 6.984086], [125.46874, 6.983817], [125.46847, 6.983817], [125.46847, 6.983547], [125.467931, 6.983547], [125.467931, 6.982469], [125.468201, 6.982469], [125.468201, 6.979774], [125.467931, 6.979774], [125.467931, 6.979505], [125.467662, 6.979505], [125.467662, 6.978966], [125.467392, 6.978966], [125.467392, 6.978696], [125.467123, 6.978696], [125.467123, 6.978157], [125.467392, 6.978157], [125.467392, 6.97654], [125.467123, 6.97654], [125.467123, 6.975462], [125.466045, 6.975462], [125.466045, 6.975193], [125.465775, 6.975193], [125.465775, 6.974654], [125.466045, 6.974654], [125.466045, 6.972228], [125.465775, 6.972228], [125.465775, 6.971689], [125.465506, 6.971689], [125.465506, 6.97115], [125.465236, 6.97115], [125.465236, 6.970881], [125.464967, 6.970881], [125.464967, 6.970611], [125.464158, 6.970611], [125.464158, 6.969803], [125.464428, 6.969803], [125.464428, 6.969533], [125.464697, 6.969533], [125.464697, 6.968725], [125.464428, 6.968725], [125.464428, 6.968186], [125.464158, 6.968186], [125.464158, 6.967916], [125.463889, 6.967916], [125.463889, 6.967647], [125.463619, 6.967647], [125.463619, 6.967108], [125.464158, 6.967108], [125.464158, 6.966838], [125.464697, 6.966838], [125.464697, 6.967108], [125.465236, 6.967108], [125.465236, 6.966838], [125.465775, 6.966838], [125.465775, 6.966569], [125.466314, 6.966569], [125.466314, 6.966299], [125.466584, 6.966299], [125.466584, 6.96603], [125.466853, 6.96603], [125.466853, 6.96576], [125.465775, 6.96576], [125.465775, 6.96603], [125.465506, 6.96603], [125.465506, 6.966299], [125.465236, 6.966299], [125.465236, 6.96576], [125.464967, 6.96576], [125.464967, 6.965491], [125.464697, 6.965491], [125.464697, 6.965221], [125.464428, 6.965221], [125.464428, 6.964952], [125.464158, 6.964952], [125.464158, 6.964413], [125.463619, 6.964413], [125.463619, 6.964144], [125.46335, 6.964144], [125.46335, 6.963874], [125.46308, 6.963874], [125.46308, 6.963605], [125.462811, 6.963605], [125.462811, 6.963335], [125.462541, 6.963335], [125.462541, 6.962796], [125.462272, 6.962796], [125.462272, 6.961988], [125.462002, 6.961988], [125.462002, 6.961718], [125.461733, 6.961718], [125.461733, 6.961179], [125.461463, 6.961179], [125.461463, 6.959562], [125.461733, 6.959562], [125.461733, 6.959023], [125.462002, 6.959023], [125.462002, 6.957945], [125.461733, 6.957945], [125.461733, 6.957406], [125.461463, 6.957406], [125.461463, 6.957137], [125.460924, 6.957137], [125.460924, 6.956598], [125.460655, 6.956598], [125.460655, 6.953094], [125.460116, 6.953094], [125.460116, 6.952825], [125.459577, 6.952825], [125.459577, 6.952555], [125.459307, 6.952555], [125.459307, 6.952286], [125.459038, 6.952286], [125.459038, 6.951208], [125.459307, 6.951208], [125.459307, 6.950399], [125.458768, 6.950399], [125.458768, 6.95013], [125.458499, 6.95013], [125.458499, 6.949591], [125.458768, 6.949591], [125.458768, 6.949052], [125.459038, 6.949052], [125.459038, 6.948782], [125.459307, 6.948782], [125.459307, 6.947435], [125.459038, 6.947435], [125.459038, 6.946626], [125.458768, 6.946626], [125.458768, 6.946087], [125.459038, 6.946087], [125.459038, 6.94474], [125.458768, 6.94474], [125.458768, 6.944201], [125.458499, 6.944201], [125.458499, 6.943931], [125.458229, 6.943931], [125.458229, 6.943392], [125.45796, 6.943392], [125.45796, 6.943123], [125.45769, 6.943123], [125.45769, 6.942584], [125.457421, 6.942584], [125.457421, 6.940967], [125.456882, 6.940967], [125.456882, 6.940428], [125.456612, 6.940428], [125.456612, 6.939619], [125.456882, 6.939619], [125.456882, 6.938542], [125.457151, 6.938542], [125.457151, 6.938003], [125.456882, 6.938003], [125.456882, 6.937464], [125.456612, 6.937464], [125.456612, 6.935577], [125.456882, 6.935577], [125.456882, 6.935308], [125.457151, 6.935308], [125.457151, 6.935038], [125.456882, 6.935038], [125.456882, 6.934769], [125.456612, 6.934769], [125.456612, 6.934499], [125.456073, 6.934499], [125.456073, 6.93423], [125.454456, 6.93423], [125.454456, 6.934499], [125.453648, 6.934499], [125.453648, 6.934769], [125.453109, 6.934769], [125.453109, 6.935038], [125.452839, 6.935038], [125.452839, 6.935308], [125.45257, 6.935308], [125.45257, 6.935577], [125.452031, 6.935577], [125.452031, 6.935847], [125.451222, 6.935847], [125.451222, 6.935577], [125.450953, 6.935577], [125.450953, 6.935308], [125.451222, 6.935308], [125.451222, 6.935038], [125.451492, 6.935038], [125.451492, 6.934769], [125.452031, 6.934769], [125.452031, 6.934499], [125.4523, 6.934499], [125.4523, 6.93423], [125.452839, 6.93423], [125.452839, 6.93396], [125.453109, 6.93396], [125.453109, 6.933691], [125.453378, 6.933691], [125.453378, 6.933421], [125.453648, 6.933421], [125.453648, 6.933152], [125.454456, 6.933152], [125.454456, 6.932882], [125.454995, 6.932882], [125.454995, 6.932613], [125.454456, 6.932613], [125.454456, 6.932343], [125.454187, 6.932343], [125.454187, 6.932074], [125.453917, 6.932074], [125.453917, 6.931804], [125.453109, 6.931804], [125.453109, 6.931535], [125.452839, 6.931535], [125.452839, 6.929918], [125.45257, 6.929918], [125.45257, 6.929648], [125.4523, 6.929648], [125.4523, 6.929379], [125.452031, 6.929379], [125.452031, 6.929109], [125.451761, 6.929109], [125.451761, 6.92857], [125.451492, 6.92857], [125.451492, 6.928301], [125.451222, 6.928301], [125.451222, 6.927762], [125.450953, 6.927762], [125.450953, 6.927492], [125.450683, 6.927492], [125.450683, 6.926953], [125.450414, 6.926953], [125.450414, 6.926414], [125.450144, 6.926414], [125.450144, 6.925875], [125.449875, 6.925875], [125.449875, 6.925606], [125.449605, 6.925606], [125.449605, 6.925336], [125.449336, 6.925336], [125.449336, 6.925067], [125.449066, 6.925067], [125.449066, 6.924797], [125.448797, 6.924797], [125.448797, 6.924528], [125.449066, 6.924528], [125.449066, 6.923989], [125.449336, 6.923989], [125.449336, 6.923719], [125.449605, 6.923719], [125.449605, 6.92318], [125.449875, 6.92318], [125.449875, 6.922641], [125.450144, 6.922641], [125.450144, 6.922372], [125.450414, 6.922372], [125.450414, 6.922102], [125.450683, 6.922102], [125.450683, 6.921833], [125.450953, 6.921833], [125.450953, 6.921024], [125.451222, 6.921024], [125.451222, 6.920755], [125.451492, 6.920755], [125.451492, 6.920485], [125.451761, 6.920485], [125.451761, 6.920216], [125.452031, 6.920216], [125.452031, 6.919677], [125.4523, 6.919677], [125.4523, 6.919138], [125.45257, 6.919138], [125.45257, 6.918868], [125.452839, 6.918868], [125.452839, 6.918599], [125.453109, 6.918599], [125.453109, 6.91806], [125.453378, 6.91806], [125.453378, 6.917521], [125.453648, 6.917521], [125.453648, 6.916982], [125.453917, 6.916982], [125.453917, 6.916712], [125.454456, 6.916712], [125.454456, 6.916443], [125.454726, 6.916443], [125.454726, 6.915634], [125.454187, 6.915634], [125.454187, 6.915365], [125.453917, 6.915365], [125.453917, 6.915095], [125.454187, 6.915095], [125.454187, 6.914287], [125.454456, 6.914287], [125.454456, 6.914018], [125.454726, 6.914018], [125.454726, 6.91294], [125.454456, 6.91294], [125.454456, 6.91267], [125.454187, 6.91267], [125.454187, 6.912401], [125.453917, 6.912401], [125.453917, 6.911592], [125.453648, 6.911592], [125.453648, 6.910514], [125.453378, 6.910514], [125.453378, 6.910245], [125.453109, 6.910245], [125.453109, 6.909706], [125.452839, 6.909706], [125.452839, 6.909436], [125.4523, 6.909436], [125.4523, 6.909706], [125.451492, 6.909706], [125.451492, 6.909975], [125.450953, 6.909975], [125.450953, 6.909167], [125.451222, 6.909167], [125.451222, 6.908897], [125.452839, 6.908897], [125.452839, 6.908628], [125.453109, 6.908628], [125.453109, 6.908358], [125.453648, 6.908358], [125.453648, 6.908089], [125.453109, 6.908089], [125.453109, 6.90755], [125.452839, 6.90755], [125.452839, 6.90728], [125.453109, 6.90728], [125.453109, 6.907011], [125.454187, 6.907011], [125.454187, 6.906741], [125.454726, 6.906741], [125.454726, 6.90755], [125.454456, 6.90755], [125.454456, 6.907819], [125.455265, 6.907819], [125.455265, 6.908358], [125.455804, 6.908358], [125.455804, 6.908089], [125.456073, 6.908089], [125.456073, 6.90728], [125.455804, 6.90728], [125.455804, 6.907011], [125.455534, 6.907011], [125.455534, 6.906472], [125.455265, 6.906472], [125.455265, 6.906202], [125.455534, 6.906202], [125.455534, 6.904855], [125.455804, 6.904855], [125.455804, 6.904585], [125.456343, 6.904585], [125.456343, 6.904316], [125.456612, 6.904316], [125.456612, 6.903507], [125.456343, 6.903507], [125.456343, 6.903238], [125.456073, 6.903238], [125.456073, 6.90216], [125.455804, 6.90216], [125.455804, 6.901621], [125.455534, 6.901621], [125.455534, 6.901351], [125.455265, 6.901351], [125.455265, 6.901082], [125.454995, 6.901082], [125.454995, 6.900812], [125.454187, 6.900812], [125.454187, 6.897039], [125.453917, 6.897039], [125.453917, 6.89677], [125.453378, 6.89677], [125.453378, 6.895692], [125.453109, 6.895692], [125.453109, 6.894883], [125.453378, 6.894883], [125.453378, 6.894614], [125.452839, 6.894614], [125.452839, 6.894075], [125.453109, 6.894075], [125.453109, 6.892997], [125.453378, 6.892997], [125.453378, 6.89138], [125.453109, 6.89138], [125.453109, 6.89111], [125.453378, 6.89111], [125.453378, 6.890571], [125.453648, 6.890571], [125.453648, 6.890302], [125.453378, 6.890302], [125.453378, 6.890032], [125.453648, 6.890032], [125.453648, 6.888146], [125.453109, 6.888146], [125.453109, 6.888416], [125.452839, 6.888416], [125.452839, 6.887877], [125.45257, 6.887877], [125.45257, 6.887607], [125.451761, 6.887607], [125.451761, 6.887338], [125.450953, 6.887338], [125.450953, 6.886799], [125.451222, 6.886799], [125.451222, 6.887068], [125.451761, 6.887068], [125.451761, 6.886529], [125.4523, 6.886529], [125.4523, 6.886799], [125.452839, 6.886799], [125.452839, 6.88626], [125.45257, 6.88626], [125.45257, 6.885721], [125.4523, 6.885721], [125.4523, 6.885451], [125.451761, 6.885451], [125.451761, 6.885182], [125.451492, 6.885182], [125.451492, 6.884912], [125.449605, 6.884912], [125.449605, 6.885182], [125.447719, 6.885182], [125.447719, 6.885451], [125.44718, 6.885451], [125.44718, 6.885182], [125.44691, 6.885182], [125.44691, 6.884912], [125.446641, 6.884912], [125.446641, 6.883834], [125.44691, 6.883834], [125.44691, 6.883295], [125.44718, 6.883295], [125.44718, 6.883026], [125.447449, 6.883026], [125.447449, 6.882756], [125.447719, 6.882756], [125.447719, 6.882217], [125.447988, 6.882217], [125.447988, 6.881948], [125.448258, 6.881948], [125.448258, 6.881409], [125.448527, 6.881409], [125.448527, 6.881139], [125.448797, 6.881139], [125.448797, 6.880331], [125.449066, 6.880331], [125.449066, 6.880061], [125.449336, 6.880061], [125.449336, 6.879792], [125.449605, 6.879792], [125.449605, 6.879522], [125.449875, 6.879522], [125.449875, 6.879253], [125.449336, 6.879253], [125.449336, 6.879522], [125.449066, 6.879522], [125.449066, 6.879253], [125.447719, 6.879253], [125.447719, 6.879522], [125.447449, 6.879522], [125.447449, 6.879792], [125.446641, 6.879792], [125.446641, 6.880061], [125.446102, 6.880061], [125.446102, 6.880331], [125.445563, 6.880331], [125.445563, 6.8806], [125.445294, 6.8806], [125.445294, 6.88087], [125.445024, 6.88087], [125.445024, 6.881139], [125.444216, 6.881139], [125.444216, 6.881409], [125.443677, 6.881409], [125.443677, 6.881678], [125.443407, 6.881678], [125.443407, 6.882487], [125.443138, 6.882487], [125.443138, 6.882756], [125.442868, 6.882756], [125.442868, 6.883026], [125.442599, 6.883026], [125.442599, 6.883565], [125.442329, 6.883565], [125.442329, 6.884373], [125.44206, 6.884373], [125.44206, 6.885182], [125.44179, 6.885182], [125.44179, 6.887068], [125.441521, 6.887068], [125.441521, 6.887338], [125.440982, 6.887338], [125.440982, 6.887607], [125.440173, 6.887607], [125.440173, 6.887338], [125.439365, 6.887338], [125.439365, 6.887068], [125.439095, 6.887068], [125.439095, 6.886799], [125.438826, 6.886799], [125.438826, 6.885721], [125.438556, 6.885721], [125.438556, 6.885182], [125.438287, 6.885182], [125.438287, 6.884912], [125.438017, 6.884912], [125.438017, 6.884373], [125.437748, 6.884373], [125.437748, 6.883834], [125.438017, 6.883834], [125.438017, 6.882756], [125.438287, 6.882756], [125.438287, 6.882487], [125.438556, 6.882487], [125.438556, 6.882217], [125.438826, 6.882217], [125.438826, 6.881678], [125.439095, 6.881678], [125.439095, 6.880061], [125.439365, 6.880061], [125.439365, 6.879522], [125.439634, 6.879522], [125.439634, 6.879253], [125.439904, 6.879253], [125.439904, 6.878983], [125.440173, 6.878983], [125.440173, 6.878444], [125.440443, 6.878444], [125.440443, 6.878175], [125.440712, 6.878175], [125.440712, 6.877636], [125.440982, 6.877636], [125.440982, 6.877366], [125.441251, 6.877366], [125.441251, 6.877097], [125.441521, 6.877097], [125.441521, 6.876827], [125.44179, 6.876827], [125.44179, 6.876288], [125.44206, 6.876288], [125.44206, 6.876019], [125.442599, 6.876019], [125.442599, 6.875749], [125.442868, 6.875749], [125.442868, 6.87548], [125.443407, 6.87548], [125.443407, 6.87521], [125.443677, 6.87521], [125.443677, 6.874941], [125.443946, 6.874941], [125.443946, 6.874402], [125.444216, 6.874402], [125.444216, 6.873593], [125.444485, 6.873593], [125.444485, 6.873054], [125.443946, 6.873054], [125.443946, 6.872785], [125.442329, 6.872785], [125.442329, 6.872515], [125.440982, 6.872515], [125.440982, 6.872785], [125.440443, 6.872785], [125.440443, 6.873054], [125.440173, 6.873054], [125.440173, 6.873324], [125.439365, 6.873324], [125.439365, 6.872785], [125.439095, 6.872785], [125.439095, 6.872246], [125.438826, 6.872246], [125.438826, 6.871976], [125.438556, 6.871976], [125.438556, 6.871707], [125.438287, 6.871707], [125.438287, 6.871437], [125.437748, 6.871437], [125.437748, 6.871168], [125.437478, 6.871168], [125.437478, 6.870898], [125.437209, 6.870898], [125.437209, 6.87009], [125.436939, 6.87009], [125.436939, 6.869551], [125.43667, 6.869551], [125.43667, 6.869281], [125.4364, 6.869281], [125.4364, 6.869012], [125.436131, 6.869012], [125.436131, 6.868742], [125.435861, 6.868742], [125.435861, 6.868473], [125.435592, 6.868473], [125.435592, 6.868203], [125.435322, 6.868203], [125.435322, 6.867934], [125.434783, 6.867934], [125.434783, 6.867664], [125.434514, 6.867664], [125.434514, 6.867395], [125.433975, 6.867395], [125.433975, 6.867125], [125.433705, 6.867125], [125.433705, 6.866856], [125.433436, 6.866856], [125.433436, 6.866317], [125.433166, 6.866317], [125.433166, 6.866047], [125.432627, 6.866047], [125.432627, 6.865778], [125.432358, 6.865778], [125.432358, 6.865508], [125.432088, 6.865508], [125.432088, 6.864161], [125.431819, 6.864161], [125.431819, 6.863892], [125.43128, 6.863892], [125.43128, 6.864161], [125.43101, 6.864161], [125.43101, 6.863892], [125.430471, 6.863892], [125.430471, 6.863622], [125.430202, 6.863622], [125.430202, 6.862814], [125.429932, 6.862814], [125.429932, 6.862544], [125.430741, 6.862544], [125.430741, 6.862275], [125.43128, 6.862275], [125.43128, 6.862005], [125.431549, 6.862005], [125.431549, 6.861197], [125.43128, 6.861197], [125.43128, 6.860927], [125.43101, 6.860927], [125.43101, 6.860388], [125.430741, 6.860388], [125.430741, 6.860119], [125.430471, 6.860119], [125.430471, 6.859849], [125.430202, 6.859849], [125.430202, 6.85958], [125.429932, 6.85958], [125.429932, 6.85931], [125.429663, 6.85931], [125.429663, 6.858771], [125.429393, 6.858771], [125.429393, 6.857693], [125.429124, 6.857693], [125.429124, 6.857424], [125.428854, 6.857424], [125.428854, 6.857154], [125.428585, 6.857154], [125.428585, 6.856885], [125.428046, 6.856885], [125.428046, 6.856615], [125.427507, 6.856615], [125.427507, 6.856346], [125.427237, 6.856346], [125.427237, 6.855537], [125.426968, 6.855537], [125.426968, 6.855268], [125.427237, 6.855268], [125.427237, 6.854998], [125.426698, 6.854998], [125.426698, 6.854729], [125.426429, 6.854729], [125.426429, 6.853381], [125.426159, 6.853381], [125.426159, 6.852842], [125.42589, 6.852842], [125.42589, 6.852573], [125.42562, 6.852573], [125.42562, 6.852303], [125.424003, 6.852303], [125.424003, 6.852034], [125.423464, 6.852034], [125.423464, 6.851764], [125.423195, 6.851764], [125.423195, 6.851495], [125.422925, 6.851495], [125.422925, 6.851225], [125.422656, 6.851225], [125.422656, 6.850956], [125.421308, 6.850956], [125.421308, 6.851225], [125.420231, 6.851225], [125.420231, 6.851495], [125.419422, 6.851495], [125.419422, 6.851764], [125.419153, 6.851764], [125.419153, 6.852303], [125.418883, 6.852303], [125.418883, 6.852842], [125.418344, 6.852842], [125.418344, 6.852573], [125.418075, 6.852573], [125.418075, 6.850956], [125.417805, 6.850956], [125.417805, 6.849878], [125.417536, 6.849878], [125.417536, 6.849608], [125.417266, 6.849608], [125.417266, 6.849339], [125.415649, 6.849339], [125.415649, 6.849069], [125.41538, 6.849069], [125.41538, 6.849339], [125.414841, 6.849339], [125.414841, 6.849069], [125.414571, 6.849069], [125.414571, 6.8488], [125.414032, 6.8488], [125.414032, 6.84853], [125.413493, 6.84853], [125.413493, 6.848261], [125.413224, 6.848261], [125.413224, 6.84853], [125.412685, 6.84853], [125.412685, 6.8488], [125.412415, 6.8488], [125.412415, 6.849069], [125.412146, 6.849069], [125.412146, 6.849608], [125.411876, 6.849608], [125.411876, 6.849878], [125.411607, 6.849878], [125.411607, 6.850417], [125.411068, 6.850417], [125.411068, 6.850956], [125.410259, 6.850956], [125.410259, 6.850686], [125.40999, 6.850686], [125.40999, 6.849339], [125.410259, 6.849339], [125.410259, 6.848261], [125.40999, 6.848261], [125.40999, 6.847991], [125.409451, 6.847991], [125.409451, 6.848261], [125.409181, 6.848261], [125.409181, 6.84853], [125.409451, 6.84853], [125.409451, 6.8488], [125.409181, 6.8488], [125.409181, 6.849069], [125.408373, 6.849069], [125.408373, 6.847991], [125.408912, 6.847991], [125.408912, 6.847183], [125.409181, 6.847183], [125.409181, 6.846913], [125.408373, 6.846913], [125.408373, 6.847183], [125.408103, 6.847183], [125.408103, 6.847452], [125.407834, 6.847452], [125.407834, 6.847722], [125.407564, 6.847722], [125.407564, 6.847991], [125.407295, 6.847991], [125.407295, 6.84853], [125.407025, 6.84853], [125.407025, 6.8488], [125.406217, 6.8488], [125.406217, 6.84853], [125.405947, 6.84853], [125.405947, 6.848261], [125.405678, 6.848261], [125.405678, 6.847991], [125.405408, 6.847991], [125.405408, 6.847722], [125.404869, 6.847722], [125.404869, 6.847452], [125.40433, 6.847452], [125.40433, 6.847183], [125.403791, 6.847183], [125.403791, 6.846913], [125.403252, 6.846913], [125.403252, 6.846644], [125.402983, 6.846644], [125.402983, 6.846374], [125.402444, 6.846374], [125.402444, 6.846644], [125.401905, 6.846644], [125.401905, 6.847183], [125.400557, 6.847183], [125.400557, 6.846913], [125.400018, 6.846913], [125.400018, 6.846644], [125.399479, 6.846644], [125.399479, 6.846374], [125.39921, 6.846374], [125.39921, 6.846105], [125.39894, 6.846105], [125.39894, 6.844757], [125.398671, 6.844757], [125.398671, 6.844488], [125.396784, 6.844488], [125.396784, 6.844218], [125.395707, 6.844218], [125.395707, 6.843949], [125.394898, 6.843949], [125.394898, 6.843679], [125.394359, 6.843679], [125.394359, 6.843949], [125.393281, 6.843949], [125.393281, 6.84341], [125.393012, 6.84341], [125.393012, 6.842332], [125.392473, 6.842332], [125.392473, 6.842062], [125.391664, 6.842062], [125.391664, 6.841793], [125.391395, 6.841793], [125.391395, 6.841523], [125.391125, 6.841523], [125.391125, 6.841254], [125.390586, 6.841254], [125.390586, 6.840984], [125.390317, 6.840984], [125.390317, 6.840715], [125.390047, 6.840715], [125.390047, 6.840445], [125.389239, 6.840445], [125.389239, 6.839906], [125.388969, 6.839906], [125.388969, 6.838829], [125.389239, 6.838829], [125.389239, 6.838559], [125.388969, 6.838559], [125.388969, 6.83802], [125.3887, 6.83802], [125.3887, 6.837481], [125.38843, 6.837481], [125.38843, 6.836134], [125.388161, 6.836134], [125.388161, 6.835595], [125.387891, 6.835595], [125.387891, 6.835325], [125.385735, 6.835325], [125.385735, 6.835595], [125.38304, 6.835595], [125.38304, 6.835325], [125.382501, 6.835325], [125.382501, 6.834247], [125.383579, 6.834247], [125.383579, 6.833169], [125.38331, 6.833169], [125.38331, 6.833439], [125.382232, 6.833439], [125.382232, 6.832361], [125.381962, 6.832361], [125.381962, 6.83263], [125.381423, 6.83263], [125.381423, 6.8329], [125.381154, 6.8329], [125.381154, 6.833169], [125.379806, 6.833169], [125.379806, 6.8329], [125.379537, 6.8329], [125.379537, 6.83263], [125.378998, 6.83263], [125.378998, 6.832361], [125.378459, 6.832361], [125.378459, 6.832091], [125.378189, 6.832091], [125.378189, 6.831822], [125.37792, 6.831822], [125.37792, 6.831552], [125.37765, 6.831552], [125.37765, 6.830744], [125.377381, 6.830744], [125.377381, 6.831013], [125.377111, 6.831013], [125.377111, 6.830744], [125.376842, 6.830744], [125.376842, 6.831013], [125.376303, 6.831013], [125.376303, 6.830744], [125.375494, 6.830744], [125.375494, 6.829935], [125.375764, 6.829935], [125.375764, 6.829666], [125.376303, 6.829666], [125.376303, 6.829396], [125.376572, 6.829396], [125.376572, 6.828857], [125.376842, 6.828857], [125.376842, 6.828588], [125.376572, 6.828588], [125.376572, 6.828318], [125.375764, 6.828318], [125.375764, 6.826432], [125.375494, 6.826432], [125.375494, 6.826162], [125.375225, 6.826162], [125.375225, 6.825893], [125.374955, 6.825893], [125.374955, 6.824545], [125.375225, 6.824545], [125.375225, 6.823737], [125.374955, 6.823737], [125.374955, 6.823467], [125.374686, 6.823467], [125.374686, 6.823198], [125.374416, 6.823198], [125.374416, 6.822659], [125.374147, 6.822659], [125.374147, 6.82185], [125.374416, 6.82185], [125.374416, 6.820772], [125.374147, 6.820772], [125.374147, 6.820233], [125.373877, 6.820233], [125.373877, 6.818886], [125.374147, 6.818886], [125.374147, 6.818347], [125.374416, 6.818347], [125.374416, 6.817808], [125.374686, 6.817808], [125.374686, 6.817538], [125.374416, 6.817538], [125.374416, 6.81673], [125.374686, 6.81673], [125.374686, 6.816999], [125.375764, 6.816999], [125.375764, 6.81673], [125.376033, 6.81673], [125.376033, 6.815652], [125.375764, 6.815652], [125.375764, 6.815382], [125.375494, 6.815382], [125.375494, 6.815113], [125.375225, 6.815113], [125.375225, 6.814844], [125.374955, 6.814844], [125.374955, 6.814574], [125.374686, 6.814574], [125.374686, 6.814305], [125.374955, 6.814305], [125.374955, 6.813496], [125.375225, 6.813496], [125.375225, 6.813227], [125.374955, 6.813227], [125.374955, 6.812688], [125.374686, 6.812688], [125.374686, 6.812149], [125.374955, 6.812149], [125.374955, 6.81134], [125.375225, 6.81134], [125.375225, 6.809993], [125.375494, 6.809993], [125.375494, 6.809454], [125.375764, 6.809454], [125.375764, 6.808915], [125.376033, 6.808915], [125.376033, 6.808106], [125.375494, 6.808106], [125.375494, 6.807028], [125.375764, 6.807028], [125.375764, 6.806489], [125.376572, 6.806489], [125.376572, 6.80622], [125.376842, 6.80622], [125.376842, 6.805681], [125.376572, 6.805681], [125.376572, 6.803525], [125.376842, 6.803525], [125.376842, 6.803255], [125.377111, 6.803255], [125.377111, 6.802986], [125.377381, 6.802986], [125.377381, 6.802716], [125.37765, 6.802716], [125.37765, 6.802447], [125.379267, 6.802447], [125.379267, 6.802177], [125.379537, 6.802177], [125.379537, 6.801908], [125.379806, 6.801908], [125.379806, 6.801638], [125.380076, 6.801638], [125.380076, 6.801369], [125.380615, 6.801369], [125.380615, 6.801099], [125.381154, 6.801099], [125.381154, 6.80083], [125.381423, 6.80083], [125.381423, 6.80056], [125.381693, 6.80056], [125.381693, 6.800291], [125.381962, 6.800291], [125.381962, 6.800021], [125.382232, 6.800021], [125.382232, 6.799752], [125.382771, 6.799752], [125.382771, 6.799482], [125.38331, 6.799482], [125.38331, 6.799213], [125.383579, 6.799213], [125.383579, 6.798943], [125.383849, 6.798943], [125.383849, 6.798674], [125.384118, 6.798674], [125.384118, 6.798404], [125.384388, 6.798404], [125.384388, 6.798135], [125.384657, 6.798135], [125.384657, 6.797865], [125.384927, 6.797865], [125.384927, 6.797596], [125.385196, 6.797596], [125.385196, 6.797326], [125.385466, 6.797326], [125.385466, 6.797057], [125.385735, 6.797057], [125.385735, 6.796787], [125.386005, 6.796787], [125.386005, 6.796518], [125.386274, 6.796518], [125.386274, 6.796248], [125.386813, 6.796248], [125.386813, 6.795979], [125.387352, 6.795979], [125.387352, 6.795709], [125.387622, 6.795709], [125.387622, 6.79544], [125.387891, 6.79544], [125.387891, 6.79517], [125.38843, 6.79517], [125.38843, 6.794631], [125.3887, 6.794631], [125.3887, 6.794362], [125.38843, 6.794362], [125.38843, 6.794092], [125.388161, 6.794092], [125.388161, 6.794362], [125.387622, 6.794362], [125.387622, 6.794631], [125.387083, 6.794631], [125.387083, 6.794901], [125.386544, 6.794901], [125.386544, 6.79517], [125.386005, 6.79517], [125.386005, 6.79544], [125.385196, 6.79544], [125.385196, 6.795709], [125.384388, 6.795709], [125.384388, 6.795979], [125.384118, 6.795979], [125.384118, 6.796248], [125.383579, 6.796248], [125.383579, 6.796518], [125.38304, 6.796518], [125.38304, 6.796787], [125.381962, 6.796787], [125.381962, 6.796248], [125.381693, 6.796248], [125.381693, 6.79544], [125.381423, 6.79544], [125.381423, 6.794631], [125.381154, 6.794631], [125.381154, 6.793823], [125.380884, 6.793823], [125.380884, 6.792475], [125.380615, 6.792475], [125.380615, 6.792206], [125.380884, 6.792206], [125.380884, 6.790858], [125.381423, 6.790858], [125.381423, 6.790589], [125.38304, 6.790589], [125.38304, 6.790319], [125.38331, 6.790319], [125.38331, 6.789781], [125.38304, 6.789781], [125.38304, 6.789511], [125.382501, 6.789511], [125.382501, 6.789242], [125.382232, 6.789242], [125.382232, 6.788972], [125.381693, 6.788972], [125.381693, 6.788703], [125.381423, 6.788703], [125.381423, 6.788433], [125.378998, 6.788433], [125.378998, 6.788164], [125.378459, 6.788164], [125.378459, 6.787625], [125.378189, 6.787625], [125.378189, 6.787355], [125.37792, 6.787355], [125.37792, 6.787625], [125.37765, 6.787625], [125.37765, 6.787086], [125.377381, 6.787086], [125.377381, 6.785738], [125.37765, 6.785738], [125.37765, 6.785199], [125.378189, 6.785199], [125.378189, 6.78493], [125.37792, 6.78493], [125.37792, 6.783852], [125.37765, 6.783852], [125.37765, 6.783582], [125.377111, 6.783582], [125.377111, 6.783852], [125.376842, 6.783852], [125.376842, 6.784121], [125.376303, 6.784121], [125.376303, 6.784391], [125.375764, 6.784391], [125.375764, 6.78493], [125.375494, 6.78493], [125.375494, 6.785199], [125.374147, 6.785199], [125.374147, 6.78493], [125.373338, 6.78493], [125.373338, 6.78466], [125.373069, 6.78466], [125.373069, 6.784391], [125.372799, 6.784391], [125.372799, 6.784121], [125.37253, 6.784121], [125.37253, 6.783852], [125.37226, 6.783852], [125.37226, 6.783582], [125.371183, 6.783582], [125.371183, 6.783313], [125.370644, 6.783313], [125.370644, 6.783043], [125.370374, 6.783043], [125.370374, 6.782774], [125.370105, 6.782774], [125.370105, 6.781965], [125.370374, 6.781965], [125.370374, 6.781696], [125.370644, 6.781696], [125.370644, 6.781426], [125.370913, 6.781426], [125.370913, 6.780887], [125.371183, 6.780887], [125.371183, 6.780618], [125.371452, 6.780618], [125.371452, 6.780348], [125.371721, 6.780348], [125.371721, 6.780079], [125.371991, 6.780079], [125.371991, 6.779809], [125.371721, 6.779809], [125.371721, 6.77954], [125.371991, 6.77954], [125.371991, 6.77927], [125.37226, 6.77927], [125.37226, 6.778462], [125.37253, 6.778462], [125.37253, 6.778192], [125.372799, 6.778192], [125.372799, 6.777923], [125.373877, 6.777923], [125.373877, 6.777114], [125.373608, 6.777114], [125.373608, 6.776845], [125.373338, 6.776845], [125.373338, 6.776575], [125.373069, 6.776575], [125.373069, 6.776306], [125.37253, 6.776306], [125.37253, 6.776575], [125.37226, 6.776575], [125.37226, 6.776845], [125.371991, 6.776845], [125.371991, 6.777114], [125.371721, 6.777114], [125.371721, 6.777384], [125.371452, 6.777384], [125.371452, 6.777653], [125.371183, 6.777653], [125.371183, 6.777923], [125.370913, 6.777923], [125.370913, 6.778192], [125.370644, 6.778192], [125.370644, 6.778731], [125.370374, 6.778731], [125.370374, 6.779001], [125.370105, 6.779001], [125.370105, 6.77927], [125.369835, 6.77927], [125.369835, 6.77954], [125.369566, 6.77954], [125.369566, 6.779809], [125.368757, 6.779809], [125.368757, 6.77954], [125.368488, 6.77954], [125.368488, 6.779001], [125.368218, 6.779001], [125.368218, 6.778462], [125.367949, 6.778462], [125.367949, 6.778192], [125.367679, 6.778192], [125.367679, 6.777114], [125.36741, 6.777114], [125.36741, 6.776845], [125.367679, 6.776845], [125.367679, 6.776575], [125.367949, 6.776575], [125.367949, 6.776306], [125.368218, 6.776306], [125.368218, 6.776036], [125.368488, 6.776036], [125.368488, 6.775767], [125.369027, 6.775767], [125.369027, 6.775497], [125.369296, 6.775497], [125.369296, 6.775228], [125.369566, 6.775228], [125.369566, 6.774958], [125.369835, 6.774958], [125.369835, 6.774689], [125.370105, 6.774689], [125.370105, 6.774419], [125.370644, 6.774419], [125.370644, 6.77388], [125.370913, 6.77388], [125.370913, 6.773341], [125.370644, 6.773341], [125.370644, 6.773072], [125.371721, 6.773072], [125.371721, 6.772802], [125.371991, 6.772802], [125.371991, 6.772263], [125.37226, 6.772263], [125.37226, 6.771724], [125.37253, 6.771724], [125.37253, 6.771455], [125.372799, 6.771455], [125.372799, 6.771185], [125.37226, 6.771185], [125.37226, 6.771455], [125.371452, 6.771455], [125.371452, 6.771724], [125.371183, 6.771724], [125.371183, 6.771994], [125.370913, 6.771994], [125.370913, 6.772263], [125.370644, 6.772263], [125.370644, 6.772533], [125.370374, 6.772533], [125.370374, 6.772802], [125.369835, 6.772802], [125.369835, 6.773072], [125.369296, 6.773072], [125.369296, 6.773341], [125.369027, 6.773341], [125.369027, 6.773611], [125.368757, 6.773611], [125.368757, 6.77388], [125.368488, 6.77388], [125.368488, 6.77415], [125.368218, 6.77415], [125.368218, 6.774689], [125.367949, 6.774689], [125.367949, 6.775228], [125.367679, 6.775228], [125.367679, 6.775497], [125.36741, 6.775497], [125.36741, 6.775767], [125.36714, 6.775767], [125.36714, 6.776036], [125.366871, 6.776036], [125.366871, 6.775767], [125.366062, 6.775767], [125.366062, 6.775497], [125.365793, 6.775497], [125.365793, 6.775228], [125.365523, 6.775228], [125.365523, 6.774419], [125.365254, 6.774419], [125.365254, 6.77388], [125.364984, 6.77388], [125.364984, 6.773611], [125.364715, 6.773611], [125.364715, 6.773341], [125.364176, 6.773341], [125.364176, 6.773072], [125.362828, 6.773072], [125.362828, 6.772533], [125.362559, 6.772533], [125.362559, 6.771724], [125.362828, 6.771724], [125.362828, 6.770916], [125.362559, 6.770916], [125.362559, 6.770646], [125.362828, 6.770646], [125.362828, 6.769299], [125.363098, 6.769299], [125.363098, 6.769029], [125.363367, 6.769029], [125.363367, 6.76849], [125.363637, 6.76849], [125.363637, 6.767951], [125.364176, 6.767951], [125.364176, 6.767412], [125.364445, 6.767412], [125.364445, 6.767143], [125.364715, 6.767143], [125.364715, 6.766873], [125.364984, 6.766873], [125.364984, 6.766604], [125.365254, 6.766604], [125.365254, 6.766334], [125.365523, 6.766334], [125.365523, 6.766065], [125.365793, 6.766065], [125.365793, 6.765526], [125.365523, 6.765526], [125.365523, 6.764987], [125.365254, 6.764987], [125.365254, 6.764448], [125.365523, 6.764448], [125.365523, 6.763909], [125.365793, 6.763909], [125.365793, 6.762562], [125.365523, 6.762562], [125.365523, 6.762831], [125.365254, 6.762831], [125.365254, 6.763101], [125.364984, 6.763101], [125.364984, 6.76337], [125.363906, 6.76337], [125.363906, 6.763101], [125.363637, 6.763101], [125.363637, 6.762831], [125.363367, 6.762831], [125.363367, 6.762562], [125.363098, 6.762562], [125.363098, 6.762292], [125.362828, 6.762292], [125.362828, 6.762023], [125.361211, 6.762023], [125.361211, 6.762292], [125.360942, 6.762292], [125.360942, 6.762562], [125.360672, 6.762562], [125.360672, 6.763101], [125.360403, 6.763101], [125.360403, 6.76337], [125.360133, 6.76337], [125.360133, 6.76364], [125.359864, 6.76364], [125.359864, 6.764179], [125.359594, 6.764179], [125.359594, 6.764987], [125.359055, 6.764987], [125.359055, 6.764718], [125.357708, 6.764718], [125.357708, 6.765256], [125.35663, 6.765256], [125.35663, 6.764718], [125.35636, 6.764718], [125.35636, 6.764448], [125.355552, 6.764448], [125.355552, 6.764718], [125.355013, 6.764718], [125.355013, 6.764987], [125.354743, 6.764987], [125.354743, 6.765526], [125.354474, 6.765526], [125.354474, 6.767951], [125.353396, 6.767951], [125.353396, 6.767412], [125.353126, 6.767412], [125.353126, 6.766873], [125.353396, 6.766873], [125.353396, 6.765795], [125.353126, 6.765795], [125.353126, 6.765256], [125.352587, 6.765256], [125.352587, 6.764987], [125.352318, 6.764987], [125.352318, 6.764718], [125.352048, 6.764718], [125.352048, 6.764448], [125.351509, 6.764448], [125.351509, 6.764179], [125.350431, 6.764179], [125.350431, 6.763909], [125.348006, 6.763909], [125.348006, 6.764179], [125.347736, 6.764179], [125.347736, 6.764448], [125.347467, 6.764448], [125.347467, 6.766604], [125.347197, 6.766604], [125.347197, 6.766873], [125.346928, 6.766873], [125.346928, 6.767143], [125.346389, 6.767143], [125.346389, 6.767412], [125.34612, 6.767412], [125.34612, 6.767682], [125.34585, 6.767682], [125.34585, 6.768221], [125.345581, 6.768221], [125.345581, 6.770107], [125.345311, 6.770107], [125.345311, 6.770646], [125.344772, 6.770646], [125.344772, 6.771185], [125.344503, 6.771185], [125.344503, 6.772263], [125.344233, 6.772263], [125.344233, 6.774419], [125.344503, 6.774419], [125.344503, 6.774958], [125.345042, 6.774958], [125.345042, 6.775228], [125.346658, 6.775228], [125.346658, 6.775497], [125.346928, 6.775497], [125.346928, 6.776036], [125.346658, 6.776036], [125.346658, 6.776306], [125.345311, 6.776306], [125.345311, 6.776575], [125.345042, 6.776575], [125.345042, 6.777653], [125.345311, 6.777653], [125.345311, 6.778192], [125.345042, 6.778192], [125.345042, 6.778462], [125.345311, 6.778462], [125.345311, 6.779001], [125.345042, 6.779001], [125.345042, 6.778731], [125.344772, 6.778731], [125.344772, 6.778462], [125.344233, 6.778462], [125.344233, 6.778731], [125.343694, 6.778731], [125.343694, 6.779001], [125.343425, 6.779001], [125.343425, 6.77927], [125.343155, 6.77927], [125.343155, 6.77954], [125.342886, 6.77954], [125.342886, 6.779809], [125.342616, 6.779809], [125.342616, 6.780079], [125.342347, 6.780079], [125.342347, 6.780618], [125.342077, 6.780618], [125.342077, 6.780887], [125.341538, 6.780887], [125.341538, 6.780618], [125.34073, 6.780618], [125.34073, 6.780348], [125.339921, 6.780348], [125.339921, 6.781157], [125.339382, 6.781157], [125.339382, 6.781426], [125.339652, 6.781426], [125.339652, 6.781696], [125.339921, 6.781696], [125.339921, 6.782774], [125.339652, 6.782774], [125.339652, 6.783313], [125.339382, 6.783313], [125.339382, 6.784121], [125.339652, 6.784121], [125.339652, 6.785199], [125.339382, 6.785199], [125.339382, 6.785738], [125.339113, 6.785738], [125.339113, 6.786816], [125.339382, 6.786816], [125.339382, 6.787355], [125.339113, 6.787355], [125.339113, 6.788164], [125.338843, 6.788164], [125.338843, 6.788703], [125.338574, 6.788703], [125.338574, 6.789511], [125.338304, 6.789511], [125.338304, 6.790589], [125.338574, 6.790589], [125.338574, 6.791128], [125.338843, 6.791128], [125.338843, 6.791667], [125.338574, 6.791667], [125.338574, 6.792206], [125.338304, 6.792206], [125.338304, 6.793284], [125.338035, 6.793284], [125.338035, 6.794092], [125.337765, 6.794092], [125.337765, 6.794631], [125.337226, 6.794631], [125.337226, 6.794901], [125.336957, 6.794901], [125.336957, 6.79517], [125.336687, 6.79517], [125.336687, 6.795979], [125.336418, 6.795979], [125.336418, 6.797326], [125.336148, 6.797326], [125.336148, 6.797596], [125.335879, 6.797596], [125.335879, 6.798135], [125.334262, 6.798135], [125.334262, 6.798404], [125.333992, 6.798404], [125.333992, 6.798674], [125.333453, 6.798674], [125.333453, 6.798943], [125.333184, 6.798943], [125.333184, 6.799213], [125.332645, 6.799213], [125.332645, 6.799752], [125.332375, 6.799752], [125.332375, 6.800291], [125.332106, 6.800291], [125.332106, 6.80056], [125.331297, 6.80056], [125.331297, 6.800291], [125.330758, 6.800291], [125.330758, 6.80056], [125.330489, 6.80056], [125.330489, 6.801099], [125.330219, 6.801099], [125.330219, 6.801369], [125.32968, 6.801369], [125.32968, 6.801638], [125.328872, 6.801638], [125.328872, 6.801908], [125.327524, 6.801908], [125.327524, 6.802177], [125.327255, 6.802177], [125.327255, 6.802447], [125.325368, 6.802447], [125.325368, 6.802716], [125.323482, 6.802716], [125.323482, 6.802986], [125.323212, 6.802986], [125.323212, 6.803255], [125.322943, 6.803255], [125.322943, 6.803525], [125.322673, 6.803525], [125.322673, 6.803794], [125.322404, 6.803794], [125.322404, 6.803525], [125.321326, 6.803525], [125.321326, 6.803255], [125.320787, 6.803255], [125.320787, 6.803525], [125.319709, 6.803525], [125.319709, 6.803255], [125.31917, 6.803255], [125.31917, 6.803525], [125.318631, 6.803525], [125.318631, 6.803794], [125.317553, 6.803794], [125.317553, 6.803255], [125.317284, 6.803255], [125.317284, 6.802716], [125.317014, 6.802716], [125.317014, 6.802447], [125.316475, 6.802447], [125.316475, 6.802716], [125.315397, 6.802716], [125.315397, 6.802447], [125.315128, 6.802447], [125.315128, 6.801908], [125.315397, 6.801908], [125.315397, 6.801638], [125.315667, 6.801638], [125.315667, 6.801369], [125.315936, 6.801369], [125.315936, 6.80083], [125.316206, 6.80083], [125.316206, 6.80056], [125.315936, 6.80056], [125.315936, 6.798943], [125.315667, 6.798943], [125.315667, 6.798404], [125.315397, 6.798404], [125.315397, 6.797865], [125.315128, 6.797865], [125.315128, 6.797596], [125.314589, 6.797596], [125.314589, 6.797326], [125.31378, 6.797326], [125.31378, 6.797596], [125.312433, 6.797596], [125.312433, 6.797326], [125.311624, 6.797326], [125.311624, 6.797057], [125.311085, 6.797057], [125.311085, 6.796787], [125.310546, 6.796787], [125.310546, 6.796248], [125.310277, 6.796248], [125.310277, 6.795979], [125.310007, 6.795979], [125.310007, 6.79544], [125.309738, 6.79544], [125.309738, 6.794901], [125.309468, 6.794901], [125.309468, 6.794092], [125.309199, 6.794092], [125.309199, 6.793823], [125.30866, 6.793823], [125.30866, 6.793553], [125.308121, 6.793553], [125.308121, 6.792745], [125.307851, 6.792745], [125.307851, 6.792475], [125.307582, 6.792475], [125.307582, 6.792206], [125.307043, 6.792206], [125.307043, 6.792475], [125.306504, 6.792475], [125.306504, 6.792745], [125.306234, 6.792745], [125.306234, 6.793014], [125.304887, 6.793014], [125.304887, 6.792745], [125.304348, 6.792745], [125.304348, 6.792475], [125.304078, 6.792475], [125.304078, 6.792206], [125.303809, 6.792206], [125.303809, 6.791667], [125.303539, 6.791667], [125.303539, 6.791397], [125.301383, 6.791397], [125.301383, 6.791128], [125.300844, 6.791128], [125.300844, 6.790858], [125.300305, 6.790858], [125.300305, 6.790589], [125.300036, 6.790589], [125.300036, 6.790319], [125.299766, 6.790319], [125.299766, 6.789781], [125.300036, 6.789781], [125.300036, 6.787894], [125.299766, 6.787894], [125.299766, 6.787625], [125.299497, 6.787625], [125.299497, 6.787355], [125.298958, 6.787355], [125.298958, 6.787086], [125.298688, 6.787086], [125.298688, 6.786816], [125.298149, 6.786816], [125.298149, 6.786277], [125.29761, 6.786277], [125.29761, 6.786547], [125.297341, 6.786547], [125.297341, 6.787625], [125.297071, 6.787625], [125.297071, 6.787894], [125.296802, 6.787894], [125.296802, 6.788164], [125.295724, 6.788164], [125.295724, 6.787894], [125.295455, 6.787894], [125.295455, 6.787355], [125.295724, 6.787355], [125.295724, 6.786277], [125.295994, 6.786277], [125.295994, 6.785738], [125.296263, 6.785738], [125.296263, 6.784121], [125.295994, 6.784121], [125.295994, 6.783582], [125.295724, 6.783582], [125.295724, 6.782774], [125.295455, 6.782774], [125.295455, 6.782235], [125.295185, 6.782235], [125.295185, 6.780348], [125.294916, 6.780348], [125.294916, 6.780079], [125.294646, 6.780079], [125.294646, 6.779809], [125.294377, 6.779809], [125.294377, 6.77954], [125.293838, 6.77954], [125.293838, 6.77927], [125.293299, 6.77927], [125.293299, 6.779001], [125.29276, 6.779001], [125.29276, 6.778731], [125.291682, 6.778731], [125.291682, 6.779001], [125.290604, 6.779001], [125.290604, 6.778731], [125.290334, 6.778731], [125.290334, 6.777923], [125.290065, 6.777923], [125.290065, 6.777384], [125.289795, 6.777384], [125.289795, 6.776845], [125.289526, 6.776845], [125.289526, 6.776575], [125.289256, 6.776575], [125.289256, 6.776306], [125.288987, 6.776306], [125.288987, 6.776036], [125.288448, 6.776036], [125.288448, 6.775767], [125.288178, 6.775767], [125.288178, 6.775497], [125.287639, 6.775497], [125.287639, 6.775228], [125.28737, 6.775228], [125.28737, 6.774958], [125.2871, 6.774958], [125.2871, 6.774689], [125.286831, 6.774689], [125.286831, 6.774419], [125.286561, 6.774419], [125.286561, 6.77415], [125.286292, 6.77415], [125.286292, 6.77388], [125.286022, 6.77388], [125.286022, 6.773611], [125.285753, 6.773611], [125.285753, 6.773341], [125.285483, 6.773341], [125.285483, 6.773072], [125.285214, 6.773072], [125.285214, 6.771455], [125.284944, 6.771455], [125.284944, 6.771185], [125.284675, 6.771185], [125.284675, 6.770916], [125.284405, 6.770916], [125.284405, 6.770646], [125.284136, 6.770646], [125.284136, 6.770377], [125.283597, 6.770377], [125.283597, 6.770107], [125.283058, 6.770107], [125.283058, 6.769838], [125.28198, 6.769838], [125.28198, 6.770107], [125.281171, 6.770107], [125.281171, 6.769838], [125.280632, 6.769838], [125.280632, 6.769299], [125.280363, 6.769299], [125.280363, 6.76849], [125.280093, 6.76849], [125.280093, 6.768221], [125.279824, 6.768221], [125.279824, 6.767951], [125.279554, 6.767951], [125.279554, 6.767682], [125.279285, 6.767682], [125.279285, 6.767412], [125.279015, 6.767412], [125.279015, 6.766873], [125.278746, 6.766873], [125.278746, 6.766334], [125.278476, 6.766334], [125.278476, 6.766065], [125.278207, 6.766065], [125.278207, 6.765795], [125.277937, 6.765795], [125.277937, 6.765526], [125.277398, 6.765526], [125.277398, 6.765256], [125.277129, 6.765256], [125.277129, 6.764987], [125.27659, 6.764987], [125.27659, 6.764718], [125.27632, 6.764718], [125.27632, 6.764448], [125.275781, 6.764448], [125.275781, 6.764179], [125.275512, 6.764179], [125.275512, 6.763909], [125.275242, 6.763909], [125.275242, 6.76364], [125.273625, 6.76364], [125.273625, 6.763909], [125.272547, 6.763909], [125.272547, 6.764179], [125.272008, 6.764179], [125.272008, 6.763909], [125.2712, 6.763909], [125.2712, 6.76337], [125.270931, 6.76337], [125.270931, 6.763101], [125.270661, 6.763101], [125.270661, 6.762831], [125.270392, 6.762831], [125.270392, 6.762562], [125.270122, 6.762562], [125.270122, 6.762292], [125.269853, 6.762292], [125.269853, 6.762023], [125.267697, 6.762023], [125.267697, 6.761484], [125.267427, 6.761484], [125.267427, 6.760945], [125.267158, 6.760945], [125.267158, 6.760675], [125.266888, 6.760675], [125.266888, 6.760406], [125.266349, 6.760406], [125.266349, 6.760675], [125.26608, 6.760675], [125.26608, 6.760945], [125.26581, 6.760945], [125.26581, 6.762292], [125.265541, 6.762292], [125.265541, 6.762831], [125.265271, 6.762831], [125.265271, 6.763101], [125.265002, 6.763101], [125.265002, 6.76337], [125.264463, 6.76337], [125.264463, 6.763909], [125.264193, 6.763909], [125.264193, 6.764448], [125.264463, 6.764448], [125.264463, 6.766334], [125.263654, 6.766334], [125.263654, 6.766065], [125.263115, 6.766065], [125.263115, 6.766334], [125.262846, 6.766334], [125.262846, 6.766873], [125.262576, 6.766873], [125.262576, 6.76876], [125.261498, 6.76876], [125.261498, 6.768221], [125.261229, 6.768221], [125.261229, 6.767682], [125.261498, 6.767682], [125.261498, 6.766873], [125.261768, 6.766873], [125.261768, 6.766604], [125.262037, 6.766604], [125.262037, 6.766065], [125.262307, 6.766065], [125.262307, 6.765526], [125.262576, 6.765526], [125.262576, 6.764718], [125.262846, 6.764718], [125.262846, 6.76364], [125.262576, 6.76364], [125.262576, 6.76337], [125.262307, 6.76337], [125.262307, 6.763101], [125.262037, 6.763101], [125.262037, 6.761753], [125.261768, 6.761753], [125.261768, 6.760675], [125.261498, 6.760675], [125.261498, 6.759058], [125.26042, 6.759058], [125.26042, 6.759328], [125.260151, 6.759328], [125.260151, 6.759867], [125.259881, 6.759867], [125.259881, 6.760406], [125.259612, 6.760406], [125.259612, 6.760945], [125.259342, 6.760945], [125.259342, 6.761753], [125.259073, 6.761753], [125.259073, 6.763101], [125.258803, 6.763101], [125.258803, 6.76364], [125.258534, 6.76364], [125.258534, 6.763909], [125.257995, 6.763909], [125.257995, 6.764179], [125.257456, 6.764179], [125.257456, 6.764718], [125.257186, 6.764718], [125.257186, 6.764987], [125.256917, 6.764987], [125.256917, 6.765256], [125.256647, 6.765256], [125.256647, 6.765795], [125.256378, 6.765795], [125.256378, 6.766065], [125.253952, 6.766065], [125.253952, 6.766334], [125.253413, 6.766334], [125.253413, 6.766065], [125.253144, 6.766065], [125.253144, 6.765795], [125.252874, 6.765795], [125.252874, 6.765526], [125.252605, 6.765526], [125.252605, 6.765256], [125.252335, 6.765256], [125.252335, 6.764987], [125.251527, 6.764987], [125.251527, 6.765256], [125.250718, 6.765256], [125.250718, 6.765526], [125.249371, 6.765526], [125.249371, 6.765795], [125.248832, 6.765795], [125.248832, 6.766334], [125.248562, 6.766334], [125.248562, 6.766873], [125.248293, 6.766873], [125.248293, 6.767143], [125.248023, 6.767143], [125.248023, 6.767412], [125.247215, 6.767412], [125.247215, 6.76876], [125.247484, 6.76876], [125.247484, 6.769029], [125.247754, 6.769029], [125.247754, 6.769299], [125.248023, 6.769299], [125.248023, 6.769568], [125.248293, 6.769568], [125.248293, 6.770107], [125.247484, 6.770107], [125.247484, 6.769838], [125.247215, 6.769838], [125.247215, 6.769568], [125.246945, 6.769568], [125.246945, 6.769029], [125.246676, 6.769029], [125.246676, 6.769299], [125.246407, 6.769299], [125.246407, 6.769029], [125.245868, 6.769029], [125.245868, 6.769299], [125.245598, 6.769299], [125.245598, 6.769568], [125.245329, 6.769568], [125.245329, 6.769838], [125.245059, 6.769838], [125.245059, 6.770107], [125.24452, 6.770107], [125.24452, 6.770377], [125.244251, 6.770377], [125.244251, 6.770646], [125.243173, 6.770646], [125.243173, 6.770377], [125.242634, 6.770377], [125.242634, 6.770646], [125.241556, 6.770646], [125.241556, 6.770107], [125.241286, 6.770107], [125.241286, 6.767682], [125.241556, 6.767682], [125.241556, 6.767143], [125.241825, 6.767143], [125.241825, 6.766873], [125.242095, 6.766873], [125.242095, 6.766604], [125.242364, 6.766604], [125.242364, 6.766065], [125.242634, 6.766065], [125.242634, 6.764718], [125.242364, 6.764718], [125.242364, 6.764448], [125.242095, 6.764448], [125.242095, 6.763909], [125.242903, 6.763909], [125.242903, 6.76364], [125.243173, 6.76364], [125.243173, 6.762562], [125.242903, 6.762562], [125.242903, 6.762292], [125.242634, 6.762292], [125.242634, 6.762562], [125.242364, 6.762562], [125.242364, 6.76337], [125.242095, 6.76337], [125.242095, 6.76364], [125.241286, 6.76364], [125.241286, 6.76337], [125.241556, 6.76337], [125.241556, 6.762831], [125.241286, 6.762831], [125.241286, 6.762292], [125.241017, 6.762292], [125.241017, 6.762023], [125.240747, 6.762023], [125.240747, 6.761753], [125.240208, 6.761753], [125.240208, 6.761484], [125.239939, 6.761484], [125.239939, 6.761753], [125.23913, 6.761753], [125.23913, 6.762023], [125.238591, 6.762023], [125.238591, 6.762292], [125.238052, 6.762292], [125.238052, 6.762562], [125.237244, 6.762562], [125.237244, 6.762831], [125.235627, 6.762831], [125.235627, 6.762562], [125.235357, 6.762562], [125.235357, 6.762292], [125.235088, 6.762292], [125.235088, 6.762023], [125.234549, 6.762023], [125.234549, 6.762292], [125.234279, 6.762292], [125.234279, 6.762562], [125.23401, 6.762562], [125.23401, 6.763101], [125.233471, 6.763101], [125.233471, 6.76337], [125.232932, 6.76337], [125.232932, 6.763101], [125.230776, 6.763101], [125.230776, 6.76337], [125.230506, 6.76337], [125.230506, 6.763909], [125.230237, 6.763909], [125.230237, 6.765526], [125.230506, 6.765526], [125.230506, 6.766334], [125.230237, 6.766334], [125.230237, 6.766604], [125.229698, 6.766604], [125.229698, 6.766334], [125.229428, 6.766334], [125.229428, 6.765795], [125.229159, 6.765795], [125.229159, 6.765256], [125.228889, 6.765256], [125.228889, 6.764987], [125.22862, 6.764987], [125.22862, 6.764448], [125.22835, 6.764448], [125.22835, 6.762831], [125.22862, 6.762831], [125.22862, 6.761484], [125.22835, 6.761484], [125.22835, 6.761214], [125.227811, 6.761214], [125.227811, 6.760945], [125.227272, 6.760945], [125.227272, 6.761214], [125.227003, 6.761214], [125.227003, 6.761484], [125.225925, 6.761484], [125.225925, 6.761214], [125.225655, 6.761214], [125.225655, 6.760945], [125.225925, 6.760945], [125.225925, 6.760675], [125.226733, 6.760675], [125.226733, 6.760406], [125.227003, 6.760406], [125.227003, 6.759597], [125.226194, 6.759597], [125.226194, 6.759328], [125.225655, 6.759328], [125.225655, 6.75798], [125.225386, 6.75798], [125.225386, 6.757711], [125.225116, 6.757711], [125.225116, 6.757441], [125.22464, 6.757441], [125.224431, 6.760546], [125.221399, 6.764456], [125.220266, 6.784081], [125.224431, 6.789454], [125.225568, 6.798042], [125.241099, 6.814456]], [[125.54339, 7.114521], [125.54339, 7.114791], [125.543659, 7.114791], [125.543659, 7.11506], [125.543929, 7.11506], [125.543929, 7.116138], [125.545545, 7.116138], [125.545545, 7.115869], [125.546354, 7.115869], [125.546354, 7.116138], [125.546623, 7.116138], [125.546623, 7.116677], [125.546893, 7.116677], [125.546893, 7.117216], [125.546623, 7.117216], [125.546623, 7.117755], [125.545276, 7.117755], [125.545276, 7.117486], [125.545007, 7.117486], [125.545007, 7.117755], [125.544737, 7.117755], [125.544737, 7.118025], [125.544468, 7.118025], [125.544468, 7.118294], [125.543659, 7.118294], [125.543659, 7.118564], [125.542312, 7.118564], [125.542312, 7.118833], [125.540695, 7.118833], [125.540695, 7.119103], [125.540425, 7.119103], [125.540425, 7.119372], [125.540156, 7.119372], [125.540156, 7.119911], [125.540425, 7.119911], [125.540425, 7.120181], [125.540695, 7.120181], [125.540695, 7.12045], [125.542581, 7.12045], [125.542581, 7.12072], [125.54312, 7.12072], [125.54312, 7.120989], [125.54339, 7.120989], [125.54339, 7.121259], [125.543929, 7.121259], [125.543929, 7.121798], [125.543659, 7.121798], [125.543659, 7.122067], [125.54312, 7.122067], [125.54312, 7.121798], [125.541503, 7.121798], [125.541503, 7.121528], [125.540156, 7.121528], [125.540156, 7.121798], [125.538808, 7.121798], [125.538808, 7.122067], [125.538539, 7.122067], [125.538539, 7.121798], [125.53773, 7.121798], [125.53773, 7.121528], [125.537461, 7.121528], [125.537461, 7.121259], [125.537191, 7.121259], [125.537191, 7.120989], [125.536652, 7.120989], [125.536652, 7.121259], [125.536383, 7.121259], [125.536383, 7.121528], [125.535844, 7.121528], [125.535844, 7.121798], [125.534766, 7.121798], [125.534766, 7.121528], [125.534496, 7.121528], [125.534496, 7.121259], [125.534227, 7.121259], [125.534227, 7.12072], [125.533957, 7.12072], [125.533957, 7.119911], [125.534227, 7.119911], [125.534227, 7.119642], [125.535035, 7.119642], [125.535035, 7.119372], [125.535574, 7.119372], [125.535574, 7.119103], [125.536113, 7.119103], [125.536113, 7.118833], [125.537461, 7.118833], [125.537461, 7.118564], [125.53773, 7.118564], [125.53773, 7.118294], [125.538, 7.118294], [125.538, 7.117755], [125.538269, 7.117755], [125.538269, 7.116408], [125.538539, 7.116408], [125.538539, 7.115869], [125.538269, 7.115869], [125.538269, 7.115599], [125.538539, 7.115599], [125.538539, 7.11533], [125.539078, 7.11533], [125.539078, 7.114791], [125.540695, 7.114791], [125.540695, 7.114252], [125.541234, 7.114252], [125.541234, 7.113982], [125.541503, 7.113982], [125.541503, 7.113713], [125.541773, 7.113713], [125.541773, 7.113444], [125.542581, 7.113444], [125.542581, 7.113982], [125.542851, 7.113982], [125.542851, 7.114252], [125.54312, 7.114252], [125.54312, 7.114521], [125.54339, 7.114521]], [[125.54312, 7.124762], [125.54312, 7.12584], [125.542851, 7.12584], [125.542851, 7.12611], [125.542581, 7.12611], [125.542581, 7.126649], [125.542312, 7.126649], [125.542312, 7.127188], [125.542042, 7.127188], [125.542042, 7.127457], [125.542312, 7.127457], [125.542312, 7.127727], [125.542042, 7.127727], [125.542042, 7.129344], [125.542312, 7.129344], [125.542312, 7.129883], [125.542581, 7.129883], [125.542581, 7.129613], [125.54312, 7.129613], [125.54312, 7.129344], [125.54339, 7.129344], [125.54339, 7.129074], [125.543659, 7.129074], [125.543659, 7.128805], [125.544198, 7.128805], [125.544198, 7.129074], [125.544468, 7.129074], [125.544468, 7.130961], [125.544198, 7.130961], [125.544198, 7.13123], [125.542312, 7.13123], [125.542312, 7.131769], [125.542042, 7.131769], [125.542042, 7.132039], [125.541773, 7.132039], [125.541773, 7.132308], [125.541503, 7.132308], [125.541503, 7.132578], [125.541234, 7.132578], [125.541234, 7.132847], [125.540964, 7.132847], [125.540964, 7.133117], [125.540695, 7.133117], [125.540695, 7.133386], [125.540156, 7.133386], [125.540156, 7.133656], [125.539886, 7.133656], [125.539886, 7.133925], [125.539617, 7.133925], [125.539617, 7.134195], [125.539078, 7.134195], [125.539078, 7.133925], [125.538539, 7.133925], [125.538539, 7.133386], [125.538269, 7.133386], [125.538269, 7.133117], [125.53773, 7.133117], [125.53773, 7.132847], [125.537191, 7.132847], [125.537191, 7.133117], [125.536652, 7.133117], [125.536652, 7.132847], [125.536383, 7.132847], [125.536383, 7.132578], [125.536652, 7.132578], [125.536652, 7.132308], [125.53773, 7.132308], [125.53773, 7.132039], [125.539347, 7.132039], [125.539347, 7.131769], [125.539617, 7.131769], [125.539617, 7.1315], [125.539886, 7.1315], [125.539886, 7.130422], [125.539617, 7.130422], [125.539617, 7.130152], [125.539347, 7.130152], [125.539347, 7.127457], [125.539617, 7.127457], [125.539617, 7.127188], [125.539886, 7.127188], [125.539886, 7.126918], [125.540425, 7.126918], [125.540425, 7.126649], [125.540695, 7.126649], [125.540695, 7.127188], [125.540964, 7.127188], [125.540964, 7.12584], [125.541503, 7.12584], [125.541503, 7.125301], [125.541773, 7.125301], [125.541773, 7.125032], [125.542042, 7.125032], [125.542042, 7.124762], [125.541503, 7.124762], [125.541503, 7.124493], [125.540425, 7.124493], [125.540425, 7.124762], [125.53773, 7.124762], [125.53773, 7.124223], [125.537461, 7.124223], [125.537461, 7.123684], [125.53773, 7.123684], [125.53773, 7.123145], [125.538539, 7.123145], [125.538539, 7.122876], [125.539886, 7.122876], [125.539886, 7.122606], [125.540964, 7.122606], [125.540964, 7.122876], [125.542312, 7.122876], [125.542312, 7.123145], [125.542851, 7.123145], [125.542851, 7.124762], [125.54312, 7.124762]]], [[[125.54851, 7.063318], [125.548779, 7.063318], [125.548779, 7.063587], [125.549049, 7.063587], [125.549049, 7.064665], [125.54851, 7.064665], [125.54851, 7.064934], [125.547162, 7.064934], [125.547162, 7.065204], [125.546354, 7.065204], [125.546354, 7.064934], [125.545545, 7.064934], [125.545545, 7.064665], [125.544737, 7.064665], [125.544737, 7.064395], [125.543929, 7.064395], [125.543929, 7.064665], [125.54339, 7.064665], [125.54339, 7.064934], [125.542851, 7.064934], [125.542851, 7.065204], [125.542312, 7.065204], [125.542312, 7.065473], [125.541773, 7.065473], [125.541773, 7.065743], [125.541503, 7.065743], [125.541503, 7.066012], [125.540964, 7.066012], [125.540964, 7.066282], [125.540695, 7.066282], [125.540695, 7.066821], [125.540425, 7.066821], [125.540425, 7.06736], [125.540156, 7.06736], [125.540156, 7.067899], [125.539886, 7.067899], [125.539886, 7.068168], [125.539617, 7.068168], [125.539617, 7.068438], [125.539347, 7.068438], [125.539347, 7.068977], [125.539617, 7.068977], [125.539617, 7.069246], [125.540156, 7.069246], [125.540156, 7.068977], [125.540695, 7.068977], [125.540695, 7.069246], [125.540964, 7.069246], [125.540964, 7.069785], [125.540695, 7.069785], [125.540695, 7.070863], [125.540964, 7.070863], [125.540964, 7.071402], [125.541234, 7.071402], [125.541234, 7.071133], [125.541503, 7.071133], [125.541503, 7.070863], [125.541773, 7.070863], [125.541773, 7.070324], [125.542042, 7.070324], [125.542042, 7.070055], [125.542312, 7.070055], [125.542312, 7.068438], [125.542581, 7.068438], [125.542581, 7.067899], [125.542851, 7.067899], [125.542851, 7.06736], [125.54312, 7.06736], [125.54312, 7.06709], [125.54339, 7.06709], [125.54339, 7.066821], [125.543929, 7.066821], [125.543929, 7.066551], [125.544468, 7.066551], [125.544468, 7.066821], [125.546893, 7.066821], [125.546893, 7.06709], [125.549318, 7.06709], [125.549318, 7.06736], [125.549588, 7.06736], [125.549588, 7.06709], [125.549857, 7.06709], [125.549857, 7.065473], [125.550127, 7.065473], [125.550127, 7.063857], [125.550396, 7.063857], [125.550396, 7.063318], [125.550127, 7.063318], [125.550127, 7.063048], [125.549588, 7.063048], [125.549588, 7.062779], [125.549318, 7.062779], [125.549318, 7.062509], [125.549049, 7.062509], [125.549049, 7.061701], [125.54824, 7.061701], [125.54824, 7.06197], [125.547971, 7.06197], [125.547971, 7.062779], [125.54824, 7.062779], [125.54824, 7.063048], [125.54851, 7.063048], [125.54851, 7.063318]]]]}}, {"type": "Feature", "properties": {"area_id": "davao-river-basin__down", "name": "Davao River Basin (downstream)", "study_type": "river_basin", "zone": "down", "area_ha": 30443.9, "version": 1}, "geometry": {"type": "MultiPolygon", "coordinates": [[[[125.602135, 7.042307], [125.584084, 7.040925], [125.579808, 7.035467], [125.578252, 7.02019], [125.571478, 7.02703], [125.569913, 7.037282], [125.564634, 7.041023], [125.560366, 7.042307], [125.5563, 7.045192], [125.554168, 7.045835], [125.549999, 7.045835], [125.549147, 7.042517], [125.542365, 7.040778], [125.521403, 7.018879], [125.519864, 7.012895], [125.51471, 7.0089], [125.508333, 7.008333], [125.508333, 7.004169], [125.507981, 6.997574], [125.487148, 6.976718], [125.487852, 6.951743], [125.492022, 6.947547], [125.491313, 6.91838], [125.485757, 6.912855], [125.483335, 6.912498], [125.482484, 6.909185], [125.479166, 6.908334], [125.478198, 6.904561], [125.473044, 6.900566], [125.463421, 6.899295], [125.458899, 6.893877], [125.457767, 6.876955], [125.454735, 6.873044], [125.453281, 6.867377], [125.442601, 6.865963], [125.421291, 6.843761], [125.424533, 6.839583], [125.421398, 6.835543], [125.41998, 6.830018], [125.41335, 6.828315], [125.411932, 6.82279], [125.400566, 6.810546], [125.399433, 6.806122], [125.392129, 6.797926], [125.395268, 6.793877], [125.396401, 6.789454], [125.400262, 6.784469], [125.392062, 6.782364], [125.386934, 6.775747], [125.388067, 6.768621], [125.392236, 6.763248], [125.391099, 6.751957], [125.388067, 6.748042], [125.386796, 6.73842], [125.381378, 6.733903], [125.379166, 6.733332], [125.378814, 6.73091], [125.375354, 6.727423], [125.375001, 6.720833], [125.375001, 6.716668], [125.375354, 6.710078], [125.378814, 6.706591], [125.379519, 6.701743], [125.382979, 6.698256], [125.383336, 6.687501], [125.375001, 6.687501], [125.37423, 6.695064], [125.366667, 6.695835], [125.331124, 6.695264], [125.327084, 6.692134], [125.322915, 6.695363], [125.317635, 6.691269], [125.315762, 6.683978], [125.299255, 6.682766], [125.293877, 6.686935], [125.275002, 6.687501], [125.268407, 6.687853], [125.264924, 6.691314], [125.262498, 6.691666], [125.259185, 6.692518], [125.257767, 6.698042], [125.242232, 6.714456], [125.241099, 6.718875], [125.233902, 6.726955], [125.232765, 6.735543], [125.225568, 6.743623], [125.22464, 6.757441], [125.225116, 6.757441], [125.225116, 6.757711], [125.225386, 6.757711], [125.225386, 6.75798], [125.225655, 6.75798], [125.225655, 6.759328], [125.226194, 6.759328], [125.226194, 6.759597], [125.227003, 6.759597], [125.227003, 6.760406], [125.226733, 6.760406], [125.226733, 6.760675], [125.225925, 6.760675], [125.225925, 6.760945], [125.225655, 6.760945], [125.225655, 6.761214], [125.225925, 6.761214], [125.225925, 6.761484], [125.227003, 6.761484], [125.227003, 6.761214], [125.227272, 6.761214], [125.227272, 6.760945], [125.227811, 6.760945], [125.227811, 6.761214], [125.22835, 6.761214], [125.22835, 6.761484], [125.22862, 6.761484], [125.22862, 6.762831], [125.22835, 6.762831], [125.22835, 6.764448], [125.22862, 6.764448], [125.22862, 6.764987], [125.228889, 6.764987], [125.228889, 6.765256], [125.229159, 6.765256], [125.229159, 6.765795], [125.229428, 6.765795], [125.229428, 6.766334], [125.229698, 6.766334], [125.229698, 6.766604], [125.230237, 6.766604], [125.230237, 6.766334], [125.230506, 6.766334], [125.230506, 6.765526], [125.230237, 6.765526], [125.230237, 6.763909], [125.230506, 6.763909], [125.230506, 6.76337], [125.230776, 6.76337], [125.230776, 6.763101], [125.232932, 6.763101], [125.232932, 6.76337], [125.233471, 6.76337], [125.233471, 6.763101], [125.23401, 6.763101], [125.23401, 6.762562], [125.234279, 6.762562], [125.234279, 6.762292], [125.234549, 6.762292], [125.234549, 6.762023], [125.235088, 6.762023], [125.235088, 6.762292], [125.235357, 6.762292], [125.235357, 6.762562], [125.235627, 6.762562], [125.235627, 6.762831], [125.237244, 6.762831], [125.237244, 6.762562], [125.238052, 6.762562], [125.238052, 6.762292], [125.238591, 6.762292], [125.238591, 6.762023], [125.23913, 6.762023], [125.23913, 6.761753], [125.239939, 6.761753], [125.239939, 6.761484], [125.240208, 6.761484], [125.240208, 6.761753], [125.240747, 6.761753], [125.240747, 6.762023], [125.241017, 6.762023], [125.241017, 6.762292], [125.241286, 6.762292], [125.241286, 6.762831], [125.241556, 6.762831], [125.241556, 6.76337], [125.241286, 6.76337], [125.241286, 6.76364], [125.242095, 6.76364], [125.242095, 6.76337], [125.242364, 6.76337], [125.242364, 6.762562], [125.242634, 6.762562], [125.242634, 6.762292], [125.242903, 6.762292], [125.242903, 6.762562], [125.243173, 6.762562], [125.243173, 6.76364], [125.242903, 6.76364], [125.242903, 6.763909], [125.242095, 6.763909], [125.242095, 6.764448], [125.242364, 6.764448], [125.242364, 6.764718], [125.242634, 6.764718], [125.242634, 6.766065], [125.242364, 6.766065], [125.242364, 6.766604], [125.242095, 6.766604], [125.242095, 6.766873], [125.241825, 6.766873], [125.241825, 6.767143], [125.241556, 6.767143], [125.241556, 6.767682], [125.241286, 6.767682], [125.241286, 6.770107], [125.241556, 6.770107], [125.241556, 6.770646], [125.242634, 6.770646], [125.242634, 6.770377], [125.243173, 6.770377], [125.243173, 6.770646], [125.244251, 6.770646], [125.244251, 6.770377], [125.24452, 6.770377], [125.24452, 6.770107], [125.245059, 6.770107], [125.245059, 6.769838], [125.245329, 6.769838], [125.245329, 6.769568], [125.245598, 6.769568], [125.245598, 6.769299], [125.245868, 6.769299], [125.245868, 6.769029], [125.246407, 6.769029], [125.246407, 6.769299], [125.246676, 6.769299], [125.246676, 6.769029], [125.246945, 6.769029], [125.246945, 6.769568], [125.247215, 6.769568], [125.247215, 6.769838], [125.247484, 6.769838], [125.247484, 6.770107], [125.248293, 6.770107], [125.248293, 6.769568], [125.248023, 6.769568], [125.248023, 6.769299], [125.247754, 6.769299], [125.247754, 6.769029], [125.247484, 6.769029], [125.247484, 6.76876], [125.247215, 6.76876], [125.247215, 6.767412], [125.248023, 6.767412], [125.248023, 6.767143], [125.248293, 6.767143], [125.248293, 6.766873], [125.248562, 6.766873], [125.248562, 6.766334], [125.248832, 6.766334], [125.248832, 6.765795], [125.249371, 6.765795], [125.249371, 6.765526], [125.250718, 6.765526], [125.250718, 6.765256], [125.251527, 6.765256], [125.251527, 6.764987], [125.252335, 6.764987], [125.252335, 6.765256], [125.252605, 6.765256], [125.252605, 6.765526], [125.252874, 6.765526], [125.252874, 6.765795], [125.253144, 6.765795], [125.253144, 6.766065], [125.253413, 6.766065], [125.253413, 6.766334], [125.253952, 6.766334], [125.253952, 6.766065], [125.256378, 6.766065], [125.256378, 6.765795], [125.256647, 6.765795], [125.256647, 6.765256], [125.256917, 6.765256], [125.256917, 6.764987], [125.257186, 6.764987], [125.257186, 6.764718], [125.257456, 6.764718], [125.257456, 6.764179], [125.257995, 6.764179], [125.257995, 6.763909], [125.258534, 6.763909], [125.258534, 6.76364], [125.258803, 6.76364], [125.258803, 6.763101], [125.259073, 6.763101], [125.259073, 6.761753], [125.259342, 6.761753], [125.259342, 6.760945], [125.259612, 6.760945], [125.259612, 6.760406], [125.259881, 6.760406], [125.259881, 6.759867], [125.260151, 6.759867], [125.260151, 6.759328], [125.26042, 6.759328], [125.26042, 6.759058], [125.261498, 6.759058], [125.261498, 6.760675], [125.261768, 6.760675], [125.261768, 6.761753], [125.262037, 6.761753], [125.262037, 6.763101], [125.262307, 6.763101], [125.262307, 6.76337], [125.262576, 6.76337], [125.262576, 6.76364], [125.262846, 6.76364], [125.262846, 6.764718], [125.262576, 6.764718], [125.262576, 6.765526], [125.262307, 6.765526], [125.262307, 6.766065], [125.262037, 6.766065], [125.262037, 6.766604], [125.261768, 6.766604], [125.261768, 6.766873], [125.261498, 6.766873], [125.261498, 6.767682], [125.261229, 6.767682], [125.261229, 6.768221], [125.261498, 6.768221], [125.261498, 6.76876], [125.262576, 6.76876], [125.262576, 6.766873], [125.262846, 6.766873], [125.262846, 6.766334], [125.263115, 6.766334], [125.263115, 6.766065], [125.263654, 6.766065], [125.263654, 6.766334], [125.264463, 6.766334], [125.264463, 6.764448], [125.264193, 6.764448], [125.264193, 6.763909], [125.264463, 6.763909], [125.264463, 6.76337], [125.265002, 6.76337], [125.265002, 6.763101], [125.265271, 6.763101], [125.265271, 6.762831], [125.265541, 6.762831], [125.265541, 6.762292], [125.26581, 6.762292], [125.26581, 6.760945], [125.26608, 6.760945], [125.26608, 6.760675], [125.266349, 6.760675], [125.266349, 6.760406], [125.266888, 6.760406], [125.266888, 6.760675], [125.267158, 6.760675], [125.267158, 6.760945], [125.267427, 6.760945], [125.267427, 6.761484], [125.267697, 6.761484], [125.267697, 6.762023], [125.269853, 6.762023], [125.269853, 6.762292], [125.270122, 6.762292], [125.270122, 6.762562], [125.270392, 6.762562], [125.270392, 6.762831], [125.270661, 6.762831], [125.270661, 6.763101], [125.270931, 6.763101], [125.270931, 6.76337], [125.2712, 6.76337], [125.2712, 6.763909], [125.272008, 6.763909], [125.272008, 6.764179], [125.272547, 6.764179], [125.272547, 6.763909], [125.273625, 6.763909], [125.273625, 6.76364], [125.275242, 6.76364], [125.275242, 6.763909], [125.275512, 6.763909], [125.275512, 6.764179], [125.275781, 6.764179], [125.275781, 6.764448], [125.27632, 6.764448], [125.27632, 6.764718], [125.27659, 6.764718], [125.27659, 6.764987], [125.277129, 6.764987], [125.277129, 6.765256], [125.277398, 6.765256], [125.277398, 6.765526], [125.277937, 6.765526], [125.277937, 6.765795], [125.278207, 6.765795], [125.278207, 6.766065], [125.278476, 6.766065], [125.278476, 6.766334], [125.278746, 6.766334], [125.278746, 6.766873], [125.279015, 6.766873], [125.279015, 6.767412], [125.279285, 6.767412], [125.279285, 6.767682], [125.279554, 6.767682], [125.279554, 6.767951], [125.279824, 6.767951], [125.279824, 6.768221], [125.280093, 6.768221], [125.280093, 6.76849], [125.280363, 6.76849], [125.280363, 6.769299], [125.280632, 6.769299], [125.280632, 6.769838], [125.281171, 6.769838], [125.281171, 6.770107], [125.28198, 6.770107], [125.28198, 6.769838], [125.283058, 6.769838], [125.283058, 6.770107], [125.283597, 6.770107], [125.283597, 6.770377], [125.284136, 6.770377], [125.284136, 6.770646], [125.284405, 6.770646], [125.284405, 6.770916], [125.284675, 6.770916], [125.284675, 6.771185], [125.284944, 6.771185], [125.284944, 6.771455], [125.285214, 6.771455], [125.285214, 6.773072], [125.285483, 6.773072], [125.285483, 6.773341], [125.285753, 6.773341], [125.285753, 6.773611], [125.286022, 6.773611], [125.286022, 6.77388], [125.286292, 6.77388], [125.286292, 6.77415], [125.286561, 6.77415], [125.286561, 6.774419], [125.286831, 6.774419], [125.286831, 6.774689], [125.2871, 6.774689], [125.2871, 6.774958], [125.28737, 6.774958], [125.28737, 6.775228], [125.287639, 6.775228], [125.287639, 6.775497], [125.288178, 6.775497], [125.288178, 6.775767], [125.288448, 6.775767], [125.288448, 6.776036], [125.288987, 6.776036], [125.288987, 6.776306], [125.289256, 6.776306], [125.289256, 6.776575], [125.289526, 6.776575], [125.289526, 6.776845], [125.289795, 6.776845], [125.289795, 6.777384], [125.290065, 6.777384], [125.290065, 6.777923], [125.290334, 6.777923], [125.290334, 6.778731], [125.290604, 6.778731], [125.290604, 6.779001], [125.291682, 6.779001], [125.291682, 6.778731], [125.29276, 6.778731], [125.29276, 6.779001], [125.293299, 6.779001], [125.293299, 6.77927], [125.293838, 6.77927], [125.293838, 6.77954], [125.294377, 6.77954], [125.294377, 6.779809], [125.294646, 6.779809], [125.294646, 6.780079], [125.294916, 6.780079], [125.294916, 6.780348], [125.295185, 6.780348], [125.295185, 6.782235], [125.295455, 6.782235], [125.295455, 6.782774], [125.295724, 6.782774], [125.295724, 6.783582], [125.295994, 6.783582], [125.295994, 6.784121], [125.296263, 6.784121], [125.296263, 6.785738], [125.295994, 6.785738], [125.295994, 6.786277], [125.295724, 6.786277], [125.295724, 6.787355], [125.295455, 6.787355], [125.295455, 6.787894], [125.295724, 6.787894], [125.295724, 6.788164], [125.296802, 6.788164], [125.296802, 6.787894], [125.297071, 6.787894], [125.297071, 6.787625], [125.297341, 6.787625], [125.297341, 6.786547], [125.29761, 6.786547], [125.29761, 6.786277], [125.298149, 6.786277], [125.298149, 6.786816], [125.298688, 6.786816], [125.298688, 6.787086], [125.298958, 6.787086], [125.298958, 6.787355], [125.299497, 6.787355], [125.299497, 6.787625], [125.299766, 6.787625], [125.299766, 6.787894], [125.300036, 6.787894], [125.300036, 6.789781], [125.299766, 6.789781], [125.299766, 6.790319], [125.300036, 6.790319], [125.300036, 6.790589], [125.300305, 6.790589], [125.300305, 6.790858], [125.300844, 6.790858], [125.300844, 6.791128], [125.301383, 6.791128], [125.301383, 6.791397], [125.303539, 6.791397], [125.303539, 6.791667], [125.303809, 6.791667], [125.303809, 6.792206], [125.304078, 6.792206], [125.304078, 6.792475], [125.304348, 6.792475], [125.304348, 6.792745], [125.304887, 6.792745], [125.304887, 6.793014], [125.306234, 6.793014], [125.306234, 6.792745], [125.306504, 6.792745], [125.306504, 6.792475], [125.307043, 6.792475], [125.307043, 6.792206], [125.307582, 6.792206], [125.307582, 6.792475], [125.307851, 6.792475], [125.307851, 6.792745], [125.308121, 6.792745], [125.308121, 6.793553], [125.30866, 6.793553], [125.30866, 6.793823], [125.309199, 6.793823], [125.309199, 6.794092], [125.309468, 6.794092], [125.309468, 6.794901], [125.309738, 6.794901], [125.309738, 6.79544], [125.310007, 6.79544], [125.310007, 6.795979], [125.310277, 6.795979], [125.310277, 6.796248], [125.310546, 6.796248], [125.310546, 6.796787], [125.311085, 6.796787], [125.311085, 6.797057], [125.311624, 6.797057], [125.311624, 6.797326], [125.312433, 6.797326], [125.312433, 6.797596], [125.31378, 6.797596], [125.31378, 6.797326], [125.314589, 6.797326], [125.314589, 6.797596], [125.315128, 6.797596], [125.315128, 6.797865], [125.315397, 6.797865], [125.315397, 6.798404], [125.315667, 6.798404], [125.315667, 6.798943], [125.315936, 6.798943], [125.315936, 6.80056], [125.316206, 6.80056], [125.316206, 6.80083], [125.315936, 6.80083], [125.315936, 6.801369], [125.315667, 6.801369], [125.315667, 6.801638], [125.315397, 6.801638], [125.315397, 6.801908], [125.315128, 6.801908], [125.315128, 6.802447], [125.315397, 6.802447], [125.315397, 6.802716], [125.316475, 6.802716], [125.316475, 6.802447], [125.317014, 6.802447], [125.317014, 6.802716], [125.317284, 6.802716], [125.317284, 6.803255], [125.317553, 6.803255], [125.317553, 6.803794], [125.318631, 6.803794], [125.318631, 6.803525], [125.31917, 6.803525], [125.31917, 6.803255], [125.319709, 6.803255], [125.319709, 6.803525], [125.320787, 6.803525], [125.320787, 6.803255], [125.321326, 6.803255], [125.321326, 6.803525], [125.322404, 6.803525], [125.322404, 6.803794], [125.322673, 6.803794], [125.322673, 6.803525], [125.322943, 6.803525], [125.322943, 6.803255], [125.323212, 6.803255], [125.323212, 6.802986], [125.323482, 6.802986], [125.323482, 6.802716], [125.325368, 6.802716], [125.325368, 6.802447], [125.327255, 6.802447], [125.327255, 6.802177], [125.327524, 6.802177], [125.327524, 6.801908], [125.328872, 6.801908], [125.328872, 6.801638], [125.32968, 6.801638], [125.32968, 6.801369], [125.330219, 6.801369], [125.330219, 6.801099], [125.330489, 6.801099], [125.330489, 6.80056], [125.330758, 6.80056], [125.330758, 6.800291], [125.331297, 6.800291], [125.331297, 6.80056], [125.332106, 6.80056], [125.332106, 6.800291], [125.332375, 6.800291], [125.332375, 6.799752], [125.332645, 6.799752], [125.332645, 6.799213], [125.333184, 6.799213], [125.333184, 6.798943], [125.333453, 6.798943], [125.333453, 6.798674], [125.333992, 6.798674], [125.333992, 6.798404], [125.334262, 6.798404], [125.334262, 6.798135], [125.335879, 6.798135], [125.335879, 6.797596], [125.336148, 6.797596], [125.336148, 6.797326], [125.336418, 6.797326], [125.336418, 6.795979], [125.336687, 6.795979], [125.336687, 6.79517], [125.336957, 6.79517], [125.336957, 6.794901], [125.337226, 6.794901], [125.337226, 6.794631], [125.337765, 6.794631], [125.337765, 6.794092], [125.338035, 6.794092], [125.338035, 6.793284], [125.338304, 6.793284], [125.338304, 6.792206], [125.338574, 6.792206], [125.338574, 6.791667], [125.338843, 6.791667], [125.338843, 6.791128], [125.338574, 6.791128], [125.338574, 6.790589], [125.338304, 6.790589], [125.338304, 6.789511], [125.338574, 6.789511], [125.338574, 6.788703], [125.338843, 6.788703], [125.338843, 6.788164], [125.339113, 6.788164], [125.339113, 6.787355], [125.339382, 6.787355], [125.339382, 6.786816], [125.339113, 6.786816], [125.339113, 6.785738], [125.339382, 6.785738], [125.339382, 6.785199], [125.339652, 6.785199], [125.339652, 6.784121], [125.339382, 6.784121], [125.339382, 6.783313], [125.339652, 6.783313], [125.339652, 6.782774], [125.339921, 6.782774], [125.339921, 6.781696], [125.339652, 6.781696], [125.339652, 6.781426], [125.339382, 6.781426], [125.339382, 6.781157], [125.339921, 6.781157], [125.339921, 6.780348], [125.34073, 6.780348], [125.34073, 6.780618], [125.341538, 6.780618], [125.341538, 6.780887], [125.342077, 6.780887], [125.342077, 6.780618], [125.342347, 6.780618], [125.342347, 6.780079], [125.342616, 6.780079], [125.342616, 6.779809], [125.342886, 6.779809], [125.342886, 6.77954], [125.343155, 6.77954], [125.343155, 6.77927], [125.343425, 6.77927], [125.343425, 6.779001], [125.343694, 6.779001], [125.343694, 6.778731], [125.344233, 6.778731], [125.344233, 6.778462], [125.344772, 6.778462], [125.344772, 6.778731], [125.345042, 6.778731], [125.345042, 6.779001], [125.345311, 6.779001], [125.345311, 6.778462], [125.345042, 6.778462], [125.345042, 6.778192], [125.345311, 6.778192], [125.345311, 6.777653], [125.345042, 6.777653], [125.345042, 6.776575], [125.345311, 6.776575], [125.345311, 6.776306], [125.346658, 6.776306], [125.346658, 6.776036], [125.346928, 6.776036], [125.346928, 6.775497], [125.346658, 6.775497], [125.346658, 6.775228], [125.345042, 6.775228], [125.345042, 6.774958], [125.344503, 6.774958], [125.344503, 6.774419], [125.344233, 6.774419], [125.344233, 6.772263], [125.344503, 6.772263], [125.344503, 6.771185], [125.344772, 6.771185], [125.344772, 6.770646], [125.345311, 6.770646], [125.345311, 6.770107], [125.345581, 6.770107], [125.345581, 6.768221], [125.34585, 6.768221], [125.34585, 6.767682], [125.34612, 6.767682], [125.34612, 6.767412], [125.346389, 6.767412], [125.346389, 6.767143], [125.346928, 6.767143], [125.346928, 6.766873], [125.347197, 6.766873], [125.347197, 6.766604], [125.347467, 6.766604], [125.347467, 6.764448], [125.347736, 6.764448], [125.347736, 6.764179], [125.348006, 6.764179], [125.348006, 6.763909], [125.350431, 6.763909], [125.350431, 6.764179], [125.351509, 6.764179], [125.351509, 6.764448], [125.352048, 6.764448], [125.352048, 6.764718], [125.352318, 6.764718], [125.352318, 6.764987], [125.352587, 6.764987], [125.352587, 6.765256], [125.353126, 6.765256], [125.353126, 6.765795], [125.353396, 6.765795], [125.353396, 6.766873], [125.353126, 6.766873], [125.353126, 6.767412], [125.353396, 6.767412], [125.353396, 6.767951], [125.354474, 6.767951], [125.354474, 6.765526], [125.354743, 6.765526], [125.354743, 6.764987], [125.355013, 6.764987], [125.355013, 6.764718], [125.355552, 6.764718], [125.355552, 6.764448], [125.35636, 6.764448], [125.35636, 6.764718], [125.35663, 6.764718], [125.35663, 6.765256], [125.357708, 6.765256], [125.357708, 6.764718], [125.359055, 6.764718], [125.359055, 6.764987], [125.359594, 6.764987], [125.359594, 6.764179], [125.359864, 6.764179], [125.359864, 6.76364], [125.360133, 6.76364], [125.360133, 6.76337], [125.360403, 6.76337], [125.360403, 6.763101], [125.360672, 6.763101], [125.360672, 6.762562], [125.360942, 6.762562], [125.360942, 6.762292], [125.361211, 6.762292], [125.361211, 6.762023], [125.362828, 6.762023], [125.362828, 6.762292], [125.363098, 6.762292], [125.363098, 6.762562], [125.363367, 6.762562], [125.363367, 6.762831], [125.363637, 6.762831], [125.363637, 6.763101], [125.363906, 6.763101], [125.363906, 6.76337], [125.364984, 6.76337], [125.364984, 6.763101], [125.365254, 6.763101], [125.365254, 6.762831], [125.365523, 6.762831], [125.365523, 6.762562], [125.365793, 6.762562], [125.365793, 6.763909], [125.365523, 6.763909], [125.365523, 6.764448], [125.365254, 6.764448], [125.365254, 6.764987], [125.365523, 6.764987], [125.365523, 6.765526], [125.365793, 6.765526], [125.365793, 6.766065], [125.365523, 6.766065], [125.365523, 6.766334], [125.365254, 6.766334], [125.365254, 6.766604], [125.364984, 6.766604], [125.364984, 6.766873], [125.364715, 6.766873], [125.364715, 6.767143], [125.364445, 6.767143], [125.364445, 6.767412], [125.364176, 6.767412], [125.364176, 6.767951], [125.363637, 6.767951], [125.363637, 6.76849], [125.363367, 6.76849], [125.363367, 6.769029], [125.363098, 6.769029], [125.363098, 6.769299], [125.362828, 6.769299], [125.362828, 6.770646], [125.362559, 6.770646], [125.362559, 6.770916], [125.362828, 6.770916], [125.362828, 6.771724], [125.362559, 6.771724], [125.362559, 6.772533], [125.362828, 6.772533], [125.362828, 6.773072], [125.364176, 6.773072], [125.364176, 6.773341], [125.364715, 6.773341], [125.364715, 6.773611], [125.364984, 6.773611], [125.364984, 6.77388], [125.365254, 6.77388], [125.365254, 6.774419], [125.365523, 6.774419], [125.365523, 6.775228], [125.365793, 6.775228], [125.365793, 6.775497], [125.366062, 6.775497], [125.366062, 6.775767], [125.366871, 6.775767], [125.366871, 6.776036], [125.36714, 6.776036], [125.36714, 6.775767], [125.36741, 6.775767], [125.36741, 6.775497], [125.367679, 6.775497], [125.367679, 6.775228], [125.367949, 6.775228], [125.367949, 6.774689], [125.368218, 6.774689], [125.368218, 6.77415], [125.368488, 6.77415], [125.368488, 6.77388], [125.368757, 6.77388], [125.368757, 6.773611], [125.369027, 6.773611], [125.369027, 6.773341], [125.369296, 6.773341], [125.369296, 6.773072], [125.369835, 6.773072], [125.369835, 6.772802], [125.370374, 6.772802], [125.370374, 6.772533], [125.370644, 6.772533], [125.370644, 6.772263], [125.370913, 6.772263], [125.370913, 6.771994], [125.371183, 6.771994], [125.371183, 6.771724], [125.371452, 6.771724], [125.371452, 6.771455], [125.37226, 6.771455], [125.37226, 6.771185], [125.372799, 6.771185], [125.372799, 6.771455], [125.37253, 6.771455], [125.37253, 6.771724], [125.37226, 6.771724], [125.37226, 6.772263], [125.371991, 6.772263], [125.371991, 6.772802], [125.371721, 6.772802], [125.371721, 6.773072], [125.370644, 6.773072], [125.370644, 6.773341], [125.370913, 6.773341], [125.370913, 6.77388], [125.370644, 6.77388], [125.370644, 6.774419], [125.370105, 6.774419], [125.370105, 6.774689], [125.369835, 6.774689], [125.369835, 6.774958], [125.369566, 6.774958], [125.369566, 6.775228], [125.369296, 6.775228], [125.369296, 6.775497], [125.369027, 6.775497], [125.369027, 6.775767], [125.368488, 6.775767], [125.368488, 6.776036], [125.368218, 6.776036], [125.368218, 6.776306], [125.367949, 6.776306], [125.367949, 6.776575], [125.367679, 6.776575], [125.367679, 6.776845], [125.36741, 6.776845], [125.36741, 6.777114], [125.367679, 6.777114], [125.367679, 6.778192], [125.367949, 6.778192], [125.367949, 6.778462], [125.368218, 6.778462], [125.368218, 6.779001], [125.368488, 6.779001], [125.368488, 6.77954], [125.368757, 6.77954], [125.368757, 6.779809], [125.369566, 6.779809], [125.369566, 6.77954], [125.369835, 6.77954], [125.369835, 6.77927], [125.370105, 6.77927], [125.370105, 6.779001], [125.370374, 6.779001], [125.370374, 6.778731], [125.370644, 6.778731], [125.370644, 6.778192], [125.370913, 6.778192], [125.370913, 6.777923], [125.371183, 6.777923], [125.371183, 6.777653], [125.371452, 6.777653], [125.371452, 6.777384], [125.371721, 6.777384], [125.371721, 6.777114], [125.371991, 6.777114], [125.371991, 6.776845], [125.37226, 6.776845], [125.37226, 6.776575], [125.37253, 6.776575], [125.37253, 6.776306], [125.373069, 6.776306], [125.373069, 6.776575], [125.373338, 6.776575], [125.373338, 6.776845], [125.373608, 6.776845], [125.373608, 6.777114], [125.373877, 6.777114], [125.373877, 6.777923], [125.372799, 6.777923], [125.372799, 6.778192], [125.37253, 6.778192], [125.37253, 6.778462], [125.37226, 6.778462], [125.37226, 6.77927], [125.371991, 6.77927], [125.371991, 6.77954], [125.371721, 6.77954], [125.371721, 6.779809], [125.371991, 6.779809], [125.371991, 6.780079], [125.371721, 6.780079], [125.371721, 6.780348], [125.371452, 6.780348], [125.371452, 6.780618], [125.371183, 6.780618], [125.371183, 6.780887], [125.370913, 6.780887], [125.370913, 6.781426], [125.370644, 6.781426], [125.370644, 6.781696], [125.370374, 6.781696], [125.370374, 6.781965], [125.370105, 6.781965], [125.370105, 6.782774], [125.370374, 6.782774], [125.370374, 6.783043], [125.370644, 6.783043], [125.370644, 6.783313], [125.371183, 6.783313], [125.371183, 6.783582], [125.37226, 6.783582], [125.37226, 6.783852], [125.37253, 6.783852], [125.37253, 6.784121], [125.372799, 6.784121], [125.372799, 6.784391], [125.373069, 6.784391], [125.373069, 6.78466], [125.373338, 6.78466], [125.373338, 6.78493], [125.374147, 6.78493], [125.374147, 6.785199], [125.375494, 6.785199], [125.375494, 6.78493], [125.375764, 6.78493], [125.375764, 6.784391], [125.376303, 6.784391], [125.376303, 6.784121], [125.376842, 6.784121], [125.376842, 6.783852], [125.377111, 6.783852], [125.377111, 6.783582], [125.37765, 6.783582], [125.37765, 6.783852], [125.37792, 6.783852], [125.37792, 6.78493], [125.378189, 6.78493], [125.378189, 6.785199], [125.37765, 6.785199], [125.37765, 6.785738], [125.377381, 6.785738], [125.377381, 6.787086], [125.37765, 6.787086], [125.37765, 6.787625], [125.37792, 6.787625], [125.37792, 6.787355], [125.378189, 6.787355], [125.378189, 6.787625], [125.378459, 6.787625], [125.378459, 6.788164], [125.378998, 6.788164], [125.378998, 6.788433], [125.381423, 6.788433], [125.381423, 6.788703], [125.381693, 6.788703], [125.381693, 6.788972], [125.382232, 6.788972], [125.382232, 6.789242], [125.382501, 6.789242], [125.382501, 6.789511], [125.38304, 6.789511], [125.38304, 6.789781], [125.38331, 6.789781], [125.38331, 6.790319], [125.38304, 6.790319], [125.38304, 6.790589], [125.381423, 6.790589], [125.381423, 6.790858], [125.380884, 6.790858], [125.380884, 6.792206], [125.380615, 6.792206], [125.380615, 6.792475], [125.380884, 6.792475], [125.380884, 6.793823], [125.381154, 6.793823], [125.381154, 6.794631], [125.381423, 6.794631], [125.381423, 6.79544], [125.381693, 6.79544], [125.381693, 6.796248], [125.381962, 6.796248], [125.381962, 6.796787], [125.38304, 6.796787], [125.38304, 6.796518], [125.383579, 6.796518], [125.383579, 6.796248], [125.384118, 6.796248], [125.384118, 6.795979], [125.384388, 6.795979], [125.384388, 6.795709], [125.385196, 6.795709], [125.385196, 6.79544], [125.386005, 6.79544], [125.386005, 6.79517], [125.386544, 6.79517], [125.386544, 6.794901], [125.387083, 6.794901], [125.387083, 6.794631], [125.387622, 6.794631], [125.387622, 6.794362], [125.388161, 6.794362], [125.388161, 6.794092], [125.38843, 6.794092], [125.38843, 6.794362], [125.3887, 6.794362], [125.3887, 6.794631], [125.38843, 6.794631], [125.38843, 6.79517], [125.387891, 6.79517], [125.387891, 6.79544], [125.387622, 6.79544], [125.387622, 6.795709], [125.387352, 6.795709], [125.387352, 6.795979], [125.386813, 6.795979], [125.386813, 6.796248], [125.386274, 6.796248], [125.386274, 6.796518], [125.386005, 6.796518], [125.386005, 6.796787], [125.385735, 6.796787], [125.385735, 6.797057], [125.385466, 6.797057], [125.385466, 6.797326], [125.385196, 6.797326], [125.385196, 6.797596], [125.384927, 6.797596], [125.384927, 6.797865], [125.384657, 6.797865], [125.384657, 6.798135], [125.384388, 6.798135], [125.384388, 6.798404], [125.384118, 6.798404], [125.384118, 6.798674], [125.383849, 6.798674], [125.383849, 6.798943], [125.383579, 6.798943], [125.383579, 6.799213], [125.38331, 6.799213], [125.38331, 6.799482], [125.382771, 6.799482], [125.382771, 6.799752], [125.382232, 6.799752], [125.382232, 6.800021], [125.381962, 6.800021], [125.381962, 6.800291], [125.381693, 6.800291], [125.381693, 6.80056], [125.381423, 6.80056], [125.381423, 6.80083], [125.381154, 6.80083], [125.381154, 6.801099], [125.380615, 6.801099], [125.380615, 6.801369], [125.380076, 6.801369], [125.380076, 6.801638], [125.379806, 6.801638], [125.379806, 6.801908], [125.379537, 6.801908], [125.379537, 6.802177], [125.379267, 6.802177], [125.379267, 6.802447], [125.37765, 6.802447], [125.37765, 6.802716], [125.377381, 6.802716], [125.377381, 6.802986], [125.377111, 6.802986], [125.377111, 6.803255], [125.376842, 6.803255], [125.376842, 6.803525], [125.376572, 6.803525], [125.376572, 6.805681], [125.376842, 6.805681], [125.376842, 6.80622], [125.376572, 6.80622], [125.376572, 6.806489], [125.375764, 6.806489], [125.375764, 6.807028], [125.375494, 6.807028], [125.375494, 6.808106], [125.376033, 6.808106], [125.376033, 6.808915], [125.375764, 6.808915], [125.375764, 6.809454], [125.375494, 6.809454], [125.375494, 6.809993], [125.375225, 6.809993], [125.375225, 6.81134], [125.374955, 6.81134], [125.374955, 6.812149], [125.374686, 6.812149], [125.374686, 6.812688], [125.374955, 6.812688], [125.374955, 6.813227], [125.375225, 6.813227], [125.375225, 6.813496], [125.374955, 6.813496], [125.374955, 6.814305], [125.374686, 6.814305], [125.374686, 6.814574], [125.374955, 6.814574], [125.374955, 6.814844], [125.375225, 6.814844], [125.375225, 6.815113], [125.375494, 6.815113], [125.375494, 6.815382], [125.375764, 6.815382], [125.375764, 6.815652], [125.376033, 6.815652], [125.376033, 6.81673], [125.375764, 6.81673], [125.375764, 6.816999], [125.374686, 6.816999], [125.374686, 6.81673], [125.374416, 6.81673], [125.374416, 6.817538], [125.374686, 6.817538], [125.374686, 6.817808], [125.374416, 6.817808], [125.374416, 6.818347], [125.374147, 6.818347], [125.374147, 6.818886], [125.373877, 6.818886], [125.373877, 6.820233], [125.374147, 6.820233], [125.374147, 6.820772], [125.374416, 6.820772], [125.374416, 6.82185], [125.374147, 6.82185], [125.374147, 6.822659], [125.374416, 6.822659], [125.374416, 6.823198], [125.374686, 6.823198], [125.374686, 6.823467], [125.374955, 6.823467], [125.374955, 6.823737], [125.375225, 6.823737], [125.375225, 6.824545], [125.374955, 6.824545], [125.374955, 6.825893], [125.375225, 6.825893], [125.375225, 6.826162], [125.375494, 6.826162], [125.375494, 6.826432], [125.375764, 6.826432], [125.375764, 6.828318], [125.376572, 6.828318], [125.376572, 6.828588], [125.376842, 6.828588], [125.376842, 6.828857], [125.376572, 6.828857], [125.376572, 6.829396], [125.376303, 6.829396], [125.376303, 6.829666], [125.375764, 6.829666], [125.375764, 6.829935], [125.375494, 6.829935], [125.375494, 6.830744], [125.376303, 6.830744], [125.376303, 6.831013], [125.376842, 6.831013], [125.376842, 6.830744], [125.377111, 6.830744], [125.377111, 6.831013], [125.377381, 6.831013], [125.377381, 6.830744], [125.37765, 6.830744], [125.37765, 6.831552], [125.37792, 6.831552], [125.37792, 6.831822], [125.378189, 6.831822], [125.378189, 6.832091], [125.378459, 6.832091], [125.378459, 6.832361], [125.378998, 6.832361], [125.378998, 6.83263], [125.379537, 6.83263], [125.379537, 6.8329], [125.379806, 6.8329], [125.379806, 6.833169], [125.381154, 6.833169], [125.381154, 6.8329], [125.381423, 6.8329], [125.381423, 6.83263], [125.381962, 6.83263], [125.381962, 6.832361], [125.382232, 6.832361], [125.382232, 6.833439], [125.38331, 6.833439], [125.38331, 6.833169], [125.383579, 6.833169], [125.383579, 6.834247], [125.382501, 6.834247], [125.382501, 6.835325], [125.38304, 6.835325], [125.38304, 6.835595], [125.385735, 6.835595], [125.385735, 6.835325], [125.387891, 6.835325], [125.387891, 6.835595], [125.388161, 6.835595], [125.388161, 6.836134], [125.38843, 6.836134], [125.38843, 6.837481], [125.3887, 6.837481], [125.3887, 6.83802], [125.388969, 6.83802], [125.388969, 6.838559], [125.389239, 6.838559], [125.389239, 6.838829], [125.388969, 6.838829], [125.388969, 6.839906], [125.389239, 6.839906], [125.389239, 6.840445], [125.390047, 6.840445], [125.390047, 6.840715], [125.390317, 6.840715], [125.390317, 6.840984], [125.390586, 6.840984], [125.390586, 6.841254], [125.391125, 6.841254], [125.391125, 6.841523], [125.391395, 6.841523], [125.391395, 6.841793], [125.391664, 6.841793], [125.391664, 6.842062], [125.392473, 6.842062], [125.392473, 6.842332], [125.393012, 6.842332], [125.393012, 6.84341], [125.393281, 6.84341], [125.393281, 6.843949], [125.394359, 6.843949], [125.394359, 6.843679], [125.394898, 6.843679], [125.394898, 6.843949], [125.395707, 6.843949], [125.395707, 6.844218], [125.396784, 6.844218], [125.396784, 6.844488], [125.398671, 6.844488], [125.398671, 6.844757], [125.39894, 6.844757], [125.39894, 6.846105], [125.39921, 6.846105], [125.39921, 6.846374], [125.399479, 6.846374], [125.399479, 6.846644], [125.400018, 6.846644], [125.400018, 6.846913], [125.400557, 6.846913], [125.400557, 6.847183], [125.401905, 6.847183], [125.401905, 6.846644], [125.402444, 6.846644], [125.402444, 6.846374], [125.402983, 6.846374], [125.402983, 6.846644], [125.403252, 6.846644], [125.403252, 6.846913], [125.403791, 6.846913], [125.403791, 6.847183], [125.40433, 6.847183], [125.40433, 6.847452], [125.404869, 6.847452], [125.404869, 6.847722], [125.405408, 6.847722], [125.405408, 6.847991], [125.405678, 6.847991], [125.405678, 6.848261], [125.405947, 6.848261], [125.405947, 6.84853], [125.406217, 6.84853], [125.406217, 6.8488], [125.407025, 6.8488], [125.407025, 6.84853], [125.407295, 6.84853], [125.407295, 6.847991], [125.407564, 6.847991], [125.407564, 6.847722], [125.407834, 6.847722], [125.407834, 6.847452], [125.408103, 6.847452], [125.408103, 6.847183], [125.408373, 6.847183], [125.408373, 6.846913], [125.409181, 6.846913], [125.409181, 6.847183], [125.408912, 6.847183], [125.408912, 6.847991], [125.408373, 6.847991], [125.408373, 6.849069], [125.409181, 6.849069], [125.409181, 6.8488], [125.409451, 6.8488], [125.409451, 6.84853], [125.409181, 6.84853], [125.409181, 6.848261], [125.409451, 6.848261], [125.409451, 6.847991], [125.40999, 6.847991], [125.40999, 6.848261], [125.410259, 6.848261], [125.410259, 6.849339], [125.40999, 6.849339], [125.40999, 6.850686], [125.410259, 6.850686], [125.410259, 6.850956], [125.411068, 6.850956], [125.411068, 6.850417], [125.411607, 6.850417], [125.411607, 6.849878], [125.411876, 6.849878], [125.411876, 6.849608], [125.412146, 6.849608], [125.412146, 6.849069], [125.412415, 6.849069], [125.412415, 6.8488], [125.412685, 6.8488], [125.412685, 6.84853], [125.413224, 6.84853], [125.413224, 6.848261], [125.413493, 6.848261], [125.413493, 6.84853], [125.414032, 6.84853], [125.414032, 6.8488], [125.414571, 6.8488], [125.414571, 6.849069], [125.414841, 6.849069], [125.414841, 6.849339], [125.41538, 6.849339], [125.41538, 6.849069], [125.415649, 6.849069], [125.415649, 6.849339], [125.417266, 6.849339], [125.417266, 6.849608], [125.417536, 6.849608], [125.417536, 6.849878], [125.417805, 6.849878], [125.417805, 6.850956], [125.418075, 6.850956], [125.418075, 6.852573], [125.418344, 6.852573], [125.418344, 6.852842], [125.418883, 6.852842], [125.418883, 6.852303], [125.419153, 6.852303], [125.419153, 6.851764], [125.419422, 6.851764], [125.419422, 6.851495], [125.420231, 6.851495], [125.420231, 6.851225], [125.421308, 6.851225], [125.421308, 6.850956], [125.422656, 6.850956], [125.422656, 6.851225], [125.422925, 6.851225], [125.422925, 6.851495], [125.423195, 6.851495], [125.423195, 6.851764], [125.423464, 6.851764], [125.423464, 6.852034], [125.424003, 6.852034], [125.424003, 6.852303], [125.42562, 6.852303], [125.42562, 6.852573], [125.42589, 6.852573], [125.42589, 6.852842], [125.426159, 6.852842], [125.426159, 6.853381], [125.426429, 6.853381], [125.426429, 6.854729], [125.426698, 6.854729], [125.426698, 6.854998], [125.427237, 6.854998], [125.427237, 6.855268], [125.426968, 6.855268], [125.426968, 6.855537], [125.427237, 6.855537], [125.427237, 6.856346], [125.427507, 6.856346], [125.427507, 6.856615], [125.428046, 6.856615], [125.428046, 6.856885], [125.428585, 6.856885], [125.428585, 6.857154], [125.428854, 6.857154], [125.428854, 6.857424], [125.429124, 6.857424], [125.429124, 6.857693], [125.429393, 6.857693], [125.429393, 6.858771], [125.429663, 6.858771], [125.429663, 6.85931], [125.429932, 6.85931], [125.429932, 6.85958], [125.430202, 6.85958], [125.430202, 6.859849], [125.430471, 6.859849], [125.430471, 6.860119], [125.430741, 6.860119], [125.430741, 6.860388], [125.43101, 6.860388], [125.43101, 6.860927], [125.43128, 6.860927], [125.43128, 6.861197], [125.431549, 6.861197], [125.431549, 6.862005], [125.43128, 6.862005], [125.43128, 6.862275], [125.430741, 6.862275], [125.430741, 6.862544], [125.429932, 6.862544], [125.429932, 6.862814], [125.430202, 6.862814], [125.430202, 6.863622], [125.430471, 6.863622], [125.430471, 6.863892], [125.43101, 6.863892], [125.43101, 6.864161], [125.43128, 6.864161], [125.43128, 6.863892], [125.431819, 6.863892], [125.431819, 6.864161], [125.432088, 6.864161], [125.432088, 6.865508], [125.432358, 6.865508], [125.432358, 6.865778], [125.432627, 6.865778], [125.432627, 6.866047], [125.433166, 6.866047], [125.433166, 6.866317], [125.433436, 6.866317], [125.433436, 6.866856], [125.433705, 6.866856], [125.433705, 6.867125], [125.433975, 6.867125], [125.433975, 6.867395], [125.434514, 6.867395], [125.434514, 6.867664], [125.434783, 6.867664], [125.434783, 6.867934], [125.435322, 6.867934], [125.435322, 6.868203], [125.435592, 6.868203], [125.435592, 6.868473], [125.435861, 6.868473], [125.435861, 6.868742], [125.436131, 6.868742], [125.436131, 6.869012], [125.4364, 6.869012], [125.4364, 6.869281], [125.43667, 6.869281], [125.43667, 6.869551], [125.436939, 6.869551], [125.436939, 6.87009], [125.437209, 6.87009], [125.437209, 6.870898], [125.437478, 6.870898], [125.437478, 6.871168], [125.437748, 6.871168], [125.437748, 6.871437], [125.438287, 6.871437], [125.438287, 6.871707], [125.438556, 6.871707], [125.438556, 6.871976], [125.438826, 6.871976], [125.438826, 6.872246], [125.439095, 6.872246], [125.439095, 6.872785], [125.439365, 6.872785], [125.439365, 6.873324], [125.440173, 6.873324], [125.440173, 6.873054], [125.440443, 6.873054], [125.440443, 6.872785], [125.440982, 6.872785], [125.440982, 6.872515], [125.442329, 6.872515], [125.442329, 6.872785], [125.443946, 6.872785], [125.443946, 6.873054], [125.444485, 6.873054], [125.444485, 6.873593], [125.444216, 6.873593], [125.444216, 6.874402], [125.443946, 6.874402], [125.443946, 6.874941], [125.443677, 6.874941], [125.443677, 6.87521], [125.443407, 6.87521], [125.443407, 6.87548], [125.442868, 6.87548], [125.442868, 6.875749], [125.442599, 6.875749], [125.442599, 6.876019], [125.44206, 6.876019], [125.44206, 6.876288], [125.44179, 6.876288], [125.44179, 6.876827], [125.441521, 6.876827], [125.441521, 6.877097], [125.441251, 6.877097], [125.441251, 6.877366], [125.440982, 6.877366], [125.440982, 6.877636], [125.440712, 6.877636], [125.440712, 6.878175], [125.440443, 6.878175], [125.440443, 6.878444], [125.440173, 6.878444], [125.440173, 6.878983], [125.439904, 6.878983], [125.439904, 6.879253], [125.439634, 6.879253], [125.439634, 6.879522], [125.439365, 6.879522], [125.439365, 6.880061], [125.439095, 6.880061], [125.439095, 6.881678], [125.438826, 6.881678], [125.438826, 6.882217], [125.438556, 6.882217], [125.438556, 6.882487], [125.438287, 6.882487], [125.438287, 6.882756], [125.438017, 6.882756], [125.438017, 6.883834], [125.437748, 6.883834], [125.437748, 6.884373], [125.438017, 6.884373], [125.438017, 6.884912], [125.438287, 6.884912], [125.438287, 6.885182], [125.438556, 6.885182], [125.438556, 6.885721], [125.438826, 6.885721], [125.438826, 6.886799], [125.439095, 6.886799], [125.439095, 6.887068], [125.439365, 6.887068], [125.439365, 6.887338], [125.440173, 6.887338], [125.440173, 6.887607], [125.440982, 6.887607], [125.440982, 6.887338], [125.441521, 6.887338], [125.441521, 6.887068], [125.44179, 6.887068], [125.44179, 6.885182], [125.44206, 6.885182], [125.44206, 6.884373], [125.442329, 6.884373], [125.442329, 6.883565], [125.442599, 6.883565], [125.442599, 6.883026], [125.442868, 6.883026], [125.442868, 6.882756], [125.443138, 6.882756], [125.443138, 6.882487], [125.443407, 6.882487], [125.443407, 6.881678], [125.443677, 6.881678], [125.443677, 6.881409], [125.444216, 6.881409], [125.444216, 6.881139], [125.445024, 6.881139], [125.445024, 6.88087], [125.445294, 6.88087], [125.445294, 6.8806], [125.445563, 6.8806], [125.445563, 6.880331], [125.446102, 6.880331], [125.446102, 6.880061], [125.446641, 6.880061], [125.446641, 6.879792], [125.447449, 6.879792], [125.447449, 6.879522], [125.447719, 6.879522], [125.447719, 6.879253], [125.449066, 6.879253], [125.449066, 6.879522], [125.449336, 6.879522], [125.449336, 6.879253], [125.449875, 6.879253], [125.449875, 6.879522], [125.449605, 6.879522], [125.449605, 6.879792], [125.449336, 6.879792], [125.449336, 6.880061], [125.449066, 6.880061], [125.449066, 6.880331], [125.448797, 6.880331], [125.448797, 6.881139], [125.448527, 6.881139], [125.448527, 6.881409], [125.448258, 6.881409], [125.448258, 6.881948], [125.447988, 6.881948], [125.447988, 6.882217], [125.447719, 6.882217], [125.447719, 6.882756], [125.447449, 6.882756], [125.447449, 6.883026], [125.44718, 6.883026], [125.44718, 6.883295], [125.44691, 6.883295], [125.44691, 6.883834], [125.446641, 6.883834], [125.446641, 6.884912], [125.44691, 6.884912], [125.44691, 6.885182], [125.44718, 6.885182], [125.44718, 6.885451], [125.447719, 6.885451], [125.447719, 6.885182], [125.449605, 6.885182], [125.449605, 6.884912], [125.451492, 6.884912], [125.451492, 6.885182], [125.451761, 6.885182], [125.451761, 6.885451], [125.4523, 6.885451], [125.4523, 6.885721], [125.45257, 6.885721], [125.45257, 6.88626], [125.452839, 6.88626], [125.452839, 6.886799], [125.4523, 6.886799], [125.4523, 6.886529], [125.451761, 6.886529], [125.451761, 6.887068], [125.451222, 6.887068], [125.451222, 6.886799], [125.450953, 6.886799], [125.450953, 6.887338], [125.451761, 6.887338], [125.451761, 6.887607], [125.45257, 6.887607], [125.45257, 6.887877], [125.452839, 6.887877], [125.452839, 6.888416], [125.453109, 6.888416], [125.453109, 6.888146], [125.453648, 6.888146], [125.453648, 6.890032], [125.453378, 6.890032], [125.453378, 6.890302], [125.453648, 6.890302], [125.453648, 6.890571], [125.453378, 6.890571], [125.453378, 6.89111], [125.453109, 6.89111], [125.453109, 6.89138], [125.453378, 6.89138], [125.453378, 6.892997], [125.453109, 6.892997], [125.453109, 6.894075], [125.452839, 6.894075], [125.452839, 6.894614], [125.453378, 6.894614], [125.453378, 6.894883], [125.453109, 6.894883], [125.453109, 6.895692], [125.453378, 6.895692], [125.453378, 6.89677], [125.453917, 6.89677], [125.453917, 6.897039], [125.454187, 6.897039], [125.454187, 6.900812], [125.454995, 6.900812], [125.454995, 6.901082], [125.455265, 6.901082], [125.455265, 6.901351], [125.455534, 6.901351], [125.455534, 6.901621], [125.455804, 6.901621], [125.455804, 6.90216], [125.456073, 6.90216], [125.456073, 6.903238], [125.456343, 6.903238], [125.456343, 6.903507], [125.456612, 6.903507], [125.456612, 6.904316], [125.456343, 6.904316], [125.456343, 6.904585], [125.455804, 6.904585], [125.455804, 6.904855], [125.455534, 6.904855], [125.455534, 6.906202], [125.455265, 6.906202], [125.455265, 6.906472], [125.455534, 6.906472], [125.455534, 6.907011], [125.455804, 6.907011], [125.455804, 6.90728], [125.456073, 6.90728], [125.456073, 6.908089], [125.455804, 6.908089], [125.455804, 6.908358], [125.455265, 6.908358], [125.455265, 6.907819], [125.454456, 6.907819], [125.454456, 6.90755], [125.454726, 6.90755], [125.454726, 6.906741], [125.454187, 6.906741], [125.454187, 6.907011], [125.453109, 6.907011], [125.453109, 6.90728], [125.452839, 6.90728], [125.452839, 6.90755], [125.453109, 6.90755], [125.453109, 6.908089], [125.453648, 6.908089], [125.453648, 6.908358], [125.453109, 6.908358], [125.453109, 6.908628], [125.452839, 6.908628], [125.452839, 6.908897], [125.451222, 6.908897], [125.451222, 6.909167], [125.450953, 6.909167], [125.450953, 6.909975], [125.451492, 6.909975], [125.451492, 6.909706], [125.4523, 6.909706], [125.4523, 6.909436], [125.452839, 6.909436], [125.452839, 6.909706], [125.453109, 6.909706], [125.453109, 6.910245], [125.453378, 6.910245], [125.453378, 6.910514], [125.453648, 6.910514], [125.453648, 6.911592], [125.453917, 6.911592], [125.453917, 6.912401], [125.454187, 6.912401], [125.454187, 6.91267], [125.454456, 6.91267], [125.454456, 6.91294], [125.454726, 6.91294], [125.454726, 6.914018], [125.454456, 6.914018], [125.454456, 6.914287], [125.454187, 6.914287], [125.454187, 6.915095], [125.453917, 6.915095], [125.453917, 6.915365], [125.454187, 6.915365], [125.454187, 6.915634], [125.454726, 6.915634], [125.454726, 6.916443], [125.454456, 6.916443], [125.454456, 6.916712], [125.453917, 6.916712], [125.453917, 6.916982], [125.453648, 6.916982], [125.453648, 6.917521], [125.453378, 6.917521], [125.453378, 6.91806], [125.453109, 6.91806], [125.453109, 6.918599], [125.452839, 6.918599], [125.452839, 6.918868], [125.45257, 6.918868], [125.45257, 6.919138], [125.4523, 6.919138], [125.4523, 6.919677], [125.452031, 6.919677], [125.452031, 6.920216], [125.451761, 6.920216], [125.451761, 6.920485], [125.451492, 6.920485], [125.451492, 6.920755], [125.451222, 6.920755], [125.451222, 6.921024], [125.450953, 6.921024], [125.450953, 6.921833], [125.450683, 6.921833], [125.450683, 6.922102], [125.450414, 6.922102], [125.450414, 6.922372], [125.450144, 6.922372], [125.450144, 6.922641], [125.449875, 6.922641], [125.449875, 6.92318], [125.449605, 6.92318], [125.449605, 6.923719], [125.449336, 6.923719], [125.449336, 6.923989], [125.449066, 6.923989], [125.449066, 6.924528], [125.448797, 6.924528], [125.448797, 6.924797], [125.449066, 6.924797], [125.449066, 6.925067], [125.449336, 6.925067], [125.449336, 6.925336], [125.449605, 6.925336], [125.449605, 6.925606], [125.449875, 6.925606], [125.449875, 6.925875], [125.450144, 6.925875], [125.450144, 6.926414], [125.450414, 6.926414], [125.450414, 6.926953], [125.450683, 6.926953], [125.450683, 6.927492], [125.450953, 6.927492], [125.450953, 6.927762], [125.451222, 6.927762], [125.451222, 6.928301], [125.451492, 6.928301], [125.451492, 6.92857], [125.451761, 6.92857], [125.451761, 6.929109], [125.452031, 6.929109], [125.452031, 6.929379], [125.4523, 6.929379], [125.4523, 6.929648], [125.45257, 6.929648], [125.45257, 6.929918], [125.452839, 6.929918], [125.452839, 6.931535], [125.453109, 6.931535], [125.453109, 6.931804], [125.453917, 6.931804], [125.453917, 6.932074], [125.454187, 6.932074], [125.454187, 6.932343], [125.454456, 6.932343], [125.454456, 6.932613], [125.454995, 6.932613], [125.454995, 6.932882], [125.454456, 6.932882], [125.454456, 6.933152], [125.453648, 6.933152], [125.453648, 6.933421], [125.453378, 6.933421], [125.453378, 6.933691], [125.453109, 6.933691], [125.453109, 6.93396], [125.452839, 6.93396], [125.452839, 6.93423], [125.4523, 6.93423], [125.4523, 6.934499], [125.452031, 6.934499], [125.452031, 6.934769], [125.451492, 6.934769], [125.451492, 6.935038], [125.451222, 6.935038], [125.451222, 6.935308], [125.450953, 6.935308], [125.450953, 6.935577], [125.451222, 6.935577], [125.451222, 6.935847], [125.452031, 6.935847], [125.452031, 6.935577], [125.45257, 6.935577], [125.45257, 6.935308], [125.452839, 6.935308], [125.452839, 6.935038], [125.453109, 6.935038], [125.453109, 6.934769], [125.453648, 6.934769], [125.453648, 6.934499], [125.454456, 6.934499], [125.454456, 6.93423], [125.456073, 6.93423], [125.456073, 6.934499], [125.456612, 6.934499], [125.456612, 6.934769], [125.456882, 6.934769], [125.456882, 6.935038], [125.457151, 6.935038], [125.457151, 6.935308], [125.456882, 6.935308], [125.456882, 6.935577], [125.456612, 6.935577], [125.456612, 6.937464], [125.456882, 6.937464], [125.456882, 6.938003], [125.457151, 6.938003], [125.457151, 6.938542], [125.456882, 6.938542], [125.456882, 6.939619], [125.456612, 6.939619], [125.456612, 6.940428], [125.456882, 6.940428], [125.456882, 6.940967], [125.457421, 6.940967], [125.457421, 6.942584], [125.45769, 6.942584], [125.45769, 6.943123], [125.45796, 6.943123], [125.45796, 6.943392], [125.458229, 6.943392], [125.458229, 6.943931], [125.458499, 6.943931], [125.458499, 6.944201], [125.458768, 6.944201], [125.458768, 6.94474], [125.459038, 6.94474], [125.459038, 6.946087], [125.458768, 6.946087], [125.458768, 6.946626], [125.459038, 6.946626], [125.459038, 6.947435], [125.459307, 6.947435], [125.459307, 6.948782], [125.459038, 6.948782], [125.459038, 6.949052], [125.458768, 6.949052], [125.458768, 6.949591], [125.458499, 6.949591], [125.458499, 6.95013], [125.458768, 6.95013], [125.458768, 6.950399], [125.459307, 6.950399], [125.459307, 6.951208], [125.459038, 6.951208], [125.459038, 6.952286], [125.459307, 6.952286], [125.459307, 6.952555], [125.459577, 6.952555], [125.459577, 6.952825], [125.460116, 6.952825], [125.460116, 6.953094], [125.460655, 6.953094], [125.460655, 6.956598], [125.460924, 6.956598], [125.460924, 6.957137], [125.461463, 6.957137], [125.461463, 6.957406], [125.461733, 6.957406], [125.461733, 6.957945], [125.462002, 6.957945], [125.462002, 6.959023], [125.461733, 6.959023], [125.461733, 6.959562], [125.461463, 6.959562], [125.461463, 6.961179], [125.461733, 6.961179], [125.461733, 6.961718], [125.462002, 6.961718], [125.462002, 6.961988], [125.462272, 6.961988], [125.462272, 6.962796], [125.462541, 6.962796], [125.462541, 6.963335], [125.462811, 6.963335], [125.462811, 6.963605], [125.46308, 6.963605], [125.46308, 6.963874], [125.46335, 6.963874], [125.46335, 6.964144], [125.463619, 6.964144], [125.463619, 6.964413], [125.464158, 6.964413], [125.464158, 6.964952], [125.464428, 6.964952], [125.464428, 6.965221], [125.464697, 6.965221], [125.464697, 6.965491], [125.464967, 6.965491], [125.464967, 6.96576], [125.465236, 6.96576], [125.465236, 6.966299], [125.465506, 6.966299], [125.465506, 6.96603], [125.465775, 6.96603], [125.465775, 6.96576], [125.466853, 6.96576], [125.466853, 6.96603], [125.466584, 6.96603], [125.466584, 6.966299], [125.466314, 6.966299], [125.466314, 6.966569], [125.465775, 6.966569], [125.465775, 6.966838], [125.465236, 6.966838], [125.465236, 6.967108], [125.464697, 6.967108], [125.464697, 6.966838], [125.464158, 6.966838], [125.464158, 6.967108], [125.463619, 6.967108], [125.463619, 6.967647], [125.463889, 6.967647], [125.463889, 6.967916], [125.464158, 6.967916], [125.464158, 6.968186], [125.464428, 6.968186], [125.464428, 6.968725], [125.464697, 6.968725], [125.464697, 6.969533], [125.464428, 6.969533], [125.464428, 6.969803], [125.464158, 6.969803], [125.464158, 6.970611], [125.464967, 6.970611], [125.464967, 6.970881], [125.465236, 6.970881], [125.465236, 6.97115], [125.465506, 6.97115], [125.465506, 6.971689], [125.465775, 6.971689], [125.465775, 6.972228], [125.466045, 6.972228], [125.466045, 6.974654], [125.465775, 6.974654], [125.465775, 6.975193], [125.466045, 6.975193], [125.466045, 6.975462], [125.467123, 6.975462], [125.467123, 6.97654], [125.467392, 6.97654], [125.467392, 6.978157], [125.467123, 6.978157], [125.467123, 6.978696], [125.467392, 6.978696], [125.467392, 6.978966], [125.467662, 6.978966], [125.467662, 6.979505], [125.467931, 6.979505], [125.467931, 6.979774], [125.468201, 6.979774], [125.468201, 6.982469], [125.467931, 6.982469], [125.467931, 6.983547], [125.46847, 6.983547], [125.46847, 6.983817], [125.46874, 6.983817], [125.46874, 6.984086], [125.469009, 6.984086], [125.469009, 6.985434], [125.46874, 6.985434], [125.46874, 6.985973], [125.46847, 6.985973], [125.46847, 6.986512], [125.46874, 6.986512], [125.46874, 6.986781], [125.469009, 6.986781], [125.469009, 6.987051], [125.469279, 6.987051], [125.469279, 6.98732], [125.469548, 6.98732], [125.469548, 6.989745], [125.469818, 6.989745], [125.469818, 6.990284], [125.470087, 6.990284], [125.470087, 6.991632], [125.470357, 6.991632], [125.470357, 6.994327], [125.470626, 6.994327], [125.470626, 6.9981], [125.470357, 6.9981], [125.470357, 7.001064], [125.470087, 7.001064], [125.470087, 7.004568], [125.469818, 7.004568], [125.469818, 7.005915], [125.469548, 7.005915], [125.469548, 7.006724], [125.469279, 7.006724], [125.469279, 7.007802], [125.469548, 7.007802], [125.469548, 7.008071], [125.469818, 7.008071], [125.469818, 7.008341], [125.470087, 7.008341], [125.470087, 7.009958], [125.469548, 7.009958], [125.469548, 7.010227], [125.469279, 7.010227], [125.469279, 7.010766], [125.469009, 7.010766], [125.469009, 7.011844], [125.46874, 7.011844], [125.46874, 7.012114], [125.469009, 7.012114], [125.469009, 7.012653], [125.46874, 7.012653], [125.46874, 7.014], [125.469279, 7.014], [125.469279, 7.014269], [125.46847, 7.014269], [125.46847, 7.015886], [125.46874, 7.015886], [125.46874, 7.016156], [125.469009, 7.016156], [125.469009, 7.016695], [125.469279, 7.016695], [125.469279, 7.016964], [125.469548, 7.016964], [125.469548, 7.018042], [125.469279, 7.018042], [125.469279, 7.01912], [125.469548, 7.01912], [125.469548, 7.019659], [125.469818, 7.019659], [125.469818, 7.019929], [125.470087, 7.019929], [125.470087, 7.020198], [125.473051, 7.020198], [125.473051, 7.019929], [125.474129, 7.019929], [125.474129, 7.020198], [125.47386, 7.020198], [125.47386, 7.021007], [125.47359, 7.021007], [125.47359, 7.020737], [125.473321, 7.020737], [125.473321, 7.021276], [125.473051, 7.021276], [125.473051, 7.021546], [125.472512, 7.021546], [125.472512, 7.021815], [125.472782, 7.021815], [125.472782, 7.022085], [125.472243, 7.022085], [125.472243, 7.022354], [125.471973, 7.022354], [125.471973, 7.022624], [125.471434, 7.022624], [125.471434, 7.022354], [125.471704, 7.022354], [125.471704, 7.021815], [125.470895, 7.021815], [125.470895, 7.022085], [125.470087, 7.022085], [125.470087, 7.022354], [125.469818, 7.022354], [125.469818, 7.022085], [125.469009, 7.022085], [125.469009, 7.022893], [125.469279, 7.022893], [125.469279, 7.023163], [125.469818, 7.023163], [125.469818, 7.023432], [125.470357, 7.023432], [125.470357, 7.023163], [125.472243, 7.023163], [125.472243, 7.023432], [125.471973, 7.023432], [125.471973, 7.023971], [125.470895, 7.023971], [125.470895, 7.024241], [125.470357, 7.024241], [125.470357, 7.023971], [125.470087, 7.023971], [125.470087, 7.023702], [125.469548, 7.023702], [125.469548, 7.023971], [125.469279, 7.023971], [125.469279, 7.023702], [125.469009, 7.023702], [125.469009, 7.023971], [125.468201, 7.023971], [125.468201, 7.024241], [125.467931, 7.024241], [125.467931, 7.025319], [125.46874, 7.025319], [125.46874, 7.025588], [125.469009, 7.025588], [125.469009, 7.025858], [125.469279, 7.025858], [125.469279, 7.026397], [125.469548, 7.026397], [125.469548, 7.027475], [125.469818, 7.027475], [125.469818, 7.027744], [125.470087, 7.027744], [125.470087, 7.028014], [125.470626, 7.028014], [125.470626, 7.029361], [125.470357, 7.029361], [125.470357, 7.0299], [125.470087, 7.0299], [125.470087, 7.03017], [125.470357, 7.03017], [125.470357, 7.030439], [125.470626, 7.030439], [125.470626, 7.03017], [125.470895, 7.03017], [125.470895, 7.0299], [125.471165, 7.0299], [125.471165, 7.029631], [125.471704, 7.029631], [125.471704, 7.0299], [125.471973, 7.0299], [125.471973, 7.031248], [125.471704, 7.031248], [125.471704, 7.031787], [125.471434, 7.031787], [125.471434, 7.032326], [125.472243, 7.032326], [125.472243, 7.033673], [125.471973, 7.033673], [125.471973, 7.033943], [125.472243, 7.033943], [125.472243, 7.034482], [125.473321, 7.034482], [125.473321, 7.034751], [125.47359, 7.034751], [125.47359, 7.03529], [125.473321, 7.03529], [125.473321, 7.03556], [125.473051, 7.03556], [125.473051, 7.035829], [125.472512, 7.035829], [125.472512, 7.036099], [125.472243, 7.036099], [125.472243, 7.037446], [125.472512, 7.037446], [125.472512, 7.037716], [125.472782, 7.037716], [125.472782, 7.038255], [125.473051, 7.038255], [125.473051, 7.038524], [125.473321, 7.038524], [125.473321, 7.038794], [125.47359, 7.038794], [125.47359, 7.039602], [125.47386, 7.039602], [125.47386, 7.039871], [125.474129, 7.039871], [125.474129, 7.040141], [125.474399, 7.040141], [125.474399, 7.04041], [125.474668, 7.04041], [125.474668, 7.04068], [125.475207, 7.04068], [125.475207, 7.040949], [125.476016, 7.040949], [125.476016, 7.041219], [125.476285, 7.041219], [125.476285, 7.041488], [125.478172, 7.041488], [125.478172, 7.041219], [125.478711, 7.041219], [125.478711, 7.040949], [125.47898, 7.040949], [125.47898, 7.04068], [125.47925, 7.04068], [125.47925, 7.04041], [125.479519, 7.04041], [125.479519, 7.040141], [125.479789, 7.040141], [125.479789, 7.039871], [125.480058, 7.039871], [125.480058, 7.039602], [125.480597, 7.039602], [125.480597, 7.039332], [125.480867, 7.039332], [125.480867, 7.039063], [125.481136, 7.039063], [125.481136, 7.038794], [125.481406, 7.038794], [125.481406, 7.038255], [125.481675, 7.038255], [125.481675, 7.037446], [125.481945, 7.037446], [125.481945, 7.037177], [125.483023, 7.037177], [125.483023, 7.038524], [125.482753, 7.038524], [125.482753, 7.038794], [125.482484, 7.038794], [125.482484, 7.039063], [125.482214, 7.039063], [125.482214, 7.039332], [125.481945, 7.039332], [125.481945, 7.039602], [125.481406, 7.039602], [125.481406, 7.039871], [125.481136, 7.039871], [125.481136, 7.040141], [125.480867, 7.040141], [125.480867, 7.04041], [125.480597, 7.04041], [125.480597, 7.04068], [125.480328, 7.04068], [125.480328, 7.040949], [125.480058, 7.040949], [125.480058, 7.041758], [125.479789, 7.041758], [125.479789, 7.042027], [125.478711, 7.042027], [125.478711, 7.042566], [125.478441, 7.042566], [125.478441, 7.042836], [125.478711, 7.042836], [125.478711, 7.043105], [125.47898, 7.043105], [125.47898, 7.043375], [125.478711, 7.043375], [125.478711, 7.044183], [125.47898, 7.044183], [125.47898, 7.044453], [125.478711, 7.044453], [125.478711, 7.044722], [125.478441, 7.044722], [125.478441, 7.044992], [125.478172, 7.044992], [125.478172, 7.045261], [125.478711, 7.045261], [125.478711, 7.045531], [125.479519, 7.045531], [125.479519, 7.045261], [125.479789, 7.045261], [125.479789, 7.043644], [125.480058, 7.043644], [125.480058, 7.043375], [125.480328, 7.043375], [125.480328, 7.043105], [125.480597, 7.043105], [125.480597, 7.042836], [125.480867, 7.042836], [125.480867, 7.042566], [125.481136, 7.042566], [125.481136, 7.042297], [125.481675, 7.042297], [125.481675, 7.042027], [125.482753, 7.042027], [125.482753, 7.041758], [125.483023, 7.041758], [125.483023, 7.040949], [125.483292, 7.040949], [125.483292, 7.039602], [125.483562, 7.039602], [125.483562, 7.039332], [125.483831, 7.039332], [125.483831, 7.039063], [125.48464, 7.039063], [125.48464, 7.039602], [125.48437, 7.039602], [125.48437, 7.039871], [125.484101, 7.039871], [125.484101, 7.041758], [125.483831, 7.041758], [125.483831, 7.042027], [125.483562, 7.042027], [125.483562, 7.042566], [125.483023, 7.042566], [125.483023, 7.043375], [125.483292, 7.043375], [125.483292, 7.043644], [125.483831, 7.043644], [125.483831, 7.044722], [125.484101, 7.044722], [125.484101, 7.04607], [125.483831, 7.04607], [125.483831, 7.046339], [125.483562, 7.046339], [125.483562, 7.046878], [125.483831, 7.046878], [125.483831, 7.047148], [125.48437, 7.047148], [125.48437, 7.046878], [125.48464, 7.046878], [125.48464, 7.046339], [125.484909, 7.046339], [125.484909, 7.0458], [125.485179, 7.0458], [125.485179, 7.045261], [125.485448, 7.045261], [125.485448, 7.044722], [125.486257, 7.044722], [125.486257, 7.045261], [125.486526, 7.045261], [125.486526, 7.045531], [125.486796, 7.045531], [125.486796, 7.0458], [125.487065, 7.0458], [125.487065, 7.046878], [125.487335, 7.046878], [125.487335, 7.047417], [125.487604, 7.047417], [125.487604, 7.047687], [125.487874, 7.047687], [125.487874, 7.047956], [125.488413, 7.047956], [125.488413, 7.048226], [125.488682, 7.048226], [125.488682, 7.048495], [125.488952, 7.048495], [125.488952, 7.048765], [125.489221, 7.048765], [125.489221, 7.049034], [125.489491, 7.049034], [125.489491, 7.049304], [125.490299, 7.049304], [125.490299, 7.049573], [125.490569, 7.049573], [125.490569, 7.049843], [125.490838, 7.049843], [125.490838, 7.05146], [125.491108, 7.05146], [125.491108, 7.051999], [125.491377, 7.051999], [125.491377, 7.053885], [125.491647, 7.053885], [125.491647, 7.054424], [125.491916, 7.054424], [125.491916, 7.054694], [125.492186, 7.054694], [125.492186, 7.055233], [125.492455, 7.055233], [125.492455, 7.05685], [125.492725, 7.05685], [125.492725, 7.057389], [125.492994, 7.057389], [125.492994, 7.057928], [125.493264, 7.057928], [125.493264, 7.058197], [125.493533, 7.058197], [125.493533, 7.058467], [125.493803, 7.058467], [125.493803, 7.059006], [125.494072, 7.059006], [125.494072, 7.059814], [125.494342, 7.059814], [125.494342, 7.060353], [125.494611, 7.060353], [125.494611, 7.061431], [125.494881, 7.061431], [125.494881, 7.06197], [125.49542, 7.06197], [125.49542, 7.06224], [125.495689, 7.06224], [125.495689, 7.063587], [125.495958, 7.063587], [125.495958, 7.063857], [125.496497, 7.063857], [125.496497, 7.063587], [125.497306, 7.063587], [125.497306, 7.063857], [125.497575, 7.063857], [125.497575, 7.064126], [125.497845, 7.064126], [125.497845, 7.066012], [125.497575, 7.066012], [125.497575, 7.067629], [125.497845, 7.067629], [125.497845, 7.068977], [125.497575, 7.068977], [125.497575, 7.069246], [125.497306, 7.069246], [125.497306, 7.069785], [125.497036, 7.069785], [125.497036, 7.070324], [125.497306, 7.070324], [125.497306, 7.070863], [125.498114, 7.070863], [125.498114, 7.070594], [125.498923, 7.070594], [125.498923, 7.070863], [125.499192, 7.070863], [125.499192, 7.071402], [125.499462, 7.071402], [125.499462, 7.073019], [125.499731, 7.073019], [125.499731, 7.073289], [125.500001, 7.073289], [125.500001, 7.073828], [125.50027, 7.073828], [125.50027, 7.074097], [125.50054, 7.074097], [125.50054, 7.075984], [125.500809, 7.075984], [125.500809, 7.076253], [125.501079, 7.076253], [125.501079, 7.075984], [125.501618, 7.075984], [125.501618, 7.075714], [125.502157, 7.075714], [125.502157, 7.075984], [125.502426, 7.075984], [125.502426, 7.077062], [125.502157, 7.077062], [125.502157, 7.077331], [125.501348, 7.077331], [125.501348, 7.077601], [125.500809, 7.077601], [125.500809, 7.07814], [125.50054, 7.07814], [125.50054, 7.080026], [125.500809, 7.080026], [125.500809, 7.080835], [125.501079, 7.080835], [125.501079, 7.081104], [125.501348, 7.081104], [125.501348, 7.081374], [125.501887, 7.081374], [125.501887, 7.081104], [125.502426, 7.081104], [125.502426, 7.080835], [125.502696, 7.080835], [125.502696, 7.080565], [125.502965, 7.080565], [125.502965, 7.080296], [125.503235, 7.080296], [125.503235, 7.079757], [125.504313, 7.079757], [125.504313, 7.080026], [125.504582, 7.080026], [125.504582, 7.080565], [125.504852, 7.080565], [125.504852, 7.081104], [125.505121, 7.081104], [125.505121, 7.081643], [125.504852, 7.081643], [125.504852, 7.082452], [125.504582, 7.082452], [125.504582, 7.08326], [125.504313, 7.08326], [125.504313, 7.08353], [125.503774, 7.08353], [125.503774, 7.083799], [125.503504, 7.083799], [125.503504, 7.084069], [125.502965, 7.084069], [125.502965, 7.084608], [125.502696, 7.084608], [125.502696, 7.084877], [125.502965, 7.084877], [125.502965, 7.085147], [125.504582, 7.085147], [125.504582, 7.085416], [125.504852, 7.085416], [125.504852, 7.085686], [125.505391, 7.085686], [125.505391, 7.085416], [125.50566, 7.085416], [125.50566, 7.085147], [125.506199, 7.085147], [125.506199, 7.084877], [125.506738, 7.084877], [125.506738, 7.084608], [125.507008, 7.084608], [125.507008, 7.084338], [125.507547, 7.084338], [125.507547, 7.084608], [125.508086, 7.084608], [125.508086, 7.084877], [125.508355, 7.084877], [125.508355, 7.085686], [125.508625, 7.085686], [125.508625, 7.085955], [125.508894, 7.085955], [125.508894, 7.086225], [125.509433, 7.086225], [125.509433, 7.085955], [125.509703, 7.085955], [125.509703, 7.084338], [125.51132, 7.084338], [125.51132, 7.084069], [125.513476, 7.084069], [125.513476, 7.084338], [125.513745, 7.084338], [125.513745, 7.084877], [125.514015, 7.084877], [125.514015, 7.085416], [125.514284, 7.085416], [125.514284, 7.085686], [125.514554, 7.085686], [125.514554, 7.085955], [125.518866, 7.085955], [125.518866, 7.085686], [125.519405, 7.085686], [125.519405, 7.085416], [125.519944, 7.085416], [125.519944, 7.085147], [125.521021, 7.085147], [125.521021, 7.084877], [125.521291, 7.084877], [125.521291, 7.085147], [125.52156, 7.085147], [125.52156, 7.085955], [125.521291, 7.085955], [125.521291, 7.086494], [125.521021, 7.086494], [125.521021, 7.086764], [125.520752, 7.086764], [125.520752, 7.087033], [125.520213, 7.087033], [125.520213, 7.088111], [125.519944, 7.088111], [125.519944, 7.089728], [125.519674, 7.089728], [125.519674, 7.089997], [125.519135, 7.089997], [125.519135, 7.089728], [125.518866, 7.089728], [125.518866, 7.089458], [125.518596, 7.089458], [125.518596, 7.088919], [125.518327, 7.088919], [125.518327, 7.08865], [125.517788, 7.08865], [125.517788, 7.088381], [125.515901, 7.088381], [125.515901, 7.08865], [125.515632, 7.08865], [125.515632, 7.088919], [125.515362, 7.088919], [125.515362, 7.089458], [125.515093, 7.089458], [125.515093, 7.089997], [125.514823, 7.089997], [125.514823, 7.090536], [125.514554, 7.090536], [125.514554, 7.090806], [125.514284, 7.090806], [125.514284, 7.091075], [125.513745, 7.091075], [125.513745, 7.091345], [125.513476, 7.091345], [125.513476, 7.092153], [125.514015, 7.092153], [125.514015, 7.092423], [125.516171, 7.092423], [125.516171, 7.092153], [125.51644, 7.092153], [125.51644, 7.091884], [125.51671, 7.091884], [125.51671, 7.091614], [125.517249, 7.091614], [125.517249, 7.091345], [125.519135, 7.091345], [125.519135, 7.091075], [125.519405, 7.091075], [125.519405, 7.090806], [125.519674, 7.090806], [125.519674, 7.090536], [125.519944, 7.090536], [125.519944, 7.089997], [125.520483, 7.089997], [125.520483, 7.089728], [125.520752, 7.089728], [125.520752, 7.089458], [125.521021, 7.089458], [125.521021, 7.088919], [125.521291, 7.088919], [125.521291, 7.08865], [125.52156, 7.08865], [125.52156, 7.087842], [125.52183, 7.087842], [125.52183, 7.087572], [125.522369, 7.087572], [125.522369, 7.087033], [125.522908, 7.087033], [125.522908, 7.087842], [125.523177, 7.087842], [125.523177, 7.088111], [125.523447, 7.088111], [125.523447, 7.088381], [125.524525, 7.088381], [125.524525, 7.088111], [125.525064, 7.088111], [125.525064, 7.087842], [125.525333, 7.087842], [125.525333, 7.088111], [125.525603, 7.088111], [125.525603, 7.088381], [125.525872, 7.088381], [125.525872, 7.088919], [125.526142, 7.088919], [125.526142, 7.089728], [125.525872, 7.089728], [125.525872, 7.090267], [125.525603, 7.090267], [125.525603, 7.090536], [125.526142, 7.090536], [125.526142, 7.091075], [125.526411, 7.091075], [125.526411, 7.091345], [125.52695, 7.091345], [125.52695, 7.091614], [125.52722, 7.091614], [125.52722, 7.091884], [125.527489, 7.091884], [125.527489, 7.092153], [125.528837, 7.092153], [125.528837, 7.093231], [125.529106, 7.093231], [125.529106, 7.09404], [125.529376, 7.09404], [125.529376, 7.094309], [125.529645, 7.094309], [125.529645, 7.095118], [125.529915, 7.095118], [125.529915, 7.095657], [125.530184, 7.095657], [125.530184, 7.095926], [125.530993, 7.095926], [125.530993, 7.095657], [125.53261, 7.095657], [125.53261, 7.095926], [125.532879, 7.095926], [125.532879, 7.096735], [125.53261, 7.096735], [125.53261, 7.097004], [125.529915, 7.097004], [125.529915, 7.097274], [125.529645, 7.097274], [125.529645, 7.097543], [125.529915, 7.097543], [125.529915, 7.098082], [125.530454, 7.098082], [125.530454, 7.098352], [125.531801, 7.098352], [125.531801, 7.098082], [125.53261, 7.098082], [125.53261, 7.098352], [125.532879, 7.098352], [125.532879, 7.098891], [125.533149, 7.098891], [125.533149, 7.09943], [125.533418, 7.09943], [125.533418, 7.099699], [125.533688, 7.099699], [125.533688, 7.099969], [125.533957, 7.099969], [125.533957, 7.100508], [125.533418, 7.100508], [125.533418, 7.100777], [125.530454, 7.100777], [125.530454, 7.100508], [125.529376, 7.100508], [125.529376, 7.100238], [125.528298, 7.100238], [125.528298, 7.101047], [125.528567, 7.101047], [125.528567, 7.101316], [125.530454, 7.101316], [125.530454, 7.101586], [125.530723, 7.101586], [125.530723, 7.101855], [125.531262, 7.101855], [125.531262, 7.102125], [125.531532, 7.102125], [125.531532, 7.102394], [125.531801, 7.102394], [125.531801, 7.102933], [125.532071, 7.102933], [125.532071, 7.103203], [125.531801, 7.103203], [125.531801, 7.103472], [125.531262, 7.103472], [125.531262, 7.103742], [125.530993, 7.103742], [125.530993, 7.104011], [125.530454, 7.104011], [125.530454, 7.104281], [125.530184, 7.104281], [125.530184, 7.10455], [125.529915, 7.10455], [125.529915, 7.10482], [125.529376, 7.10482], [125.529376, 7.105089], [125.529106, 7.105089], [125.529106, 7.105359], [125.528837, 7.105359], [125.528837, 7.105628], [125.528567, 7.105628], [125.528567, 7.105898], [125.528837, 7.105898], [125.528837, 7.106167], [125.529106, 7.106167], [125.529106, 7.106706], [125.529376, 7.106706], [125.529376, 7.106976], [125.530184, 7.106976], [125.530184, 7.106706], [125.530993, 7.106706], [125.530993, 7.106437], [125.53234, 7.106437], [125.53234, 7.106706], [125.53261, 7.106706], [125.53261, 7.106976], [125.532879, 7.106976], [125.532879, 7.107245], [125.533688, 7.107245], [125.533688, 7.107515], [125.534227, 7.107515], [125.534227, 7.107784], [125.533688, 7.107784], [125.533688, 7.108054], [125.533418, 7.108054], [125.533418, 7.108323], [125.532879, 7.108323], [125.532879, 7.108593], [125.53261, 7.108593], [125.53261, 7.108862], [125.53234, 7.108862], [125.53234, 7.11021], [125.532071, 7.11021], [125.532071, 7.110479], [125.53234, 7.110479], [125.53234, 7.110749], [125.533149, 7.110749], [125.533149, 7.110479], [125.533418, 7.110479], [125.533418, 7.11021], [125.533957, 7.11021], [125.533957, 7.10994], [125.534227, 7.10994], [125.534227, 7.109671], [125.534496, 7.109671], [125.534496, 7.109132], [125.535035, 7.109132], [125.535035, 7.108862], [125.537191, 7.108862], [125.537191, 7.109132], [125.537461, 7.109132], [125.537461, 7.11021], [125.536922, 7.11021], [125.536922, 7.110479], [125.535844, 7.110479], [125.535844, 7.110749], [125.534766, 7.110749], [125.534766, 7.111018], [125.533957, 7.111018], [125.533957, 7.112096], [125.534227, 7.112096], [125.534227, 7.112366], [125.534766, 7.112366], [125.534766, 7.112635], [125.536113, 7.112635], [125.536113, 7.112905], [125.536652, 7.112905], [125.536652, 7.112635], [125.536922, 7.112635], [125.536922, 7.112096], [125.537191, 7.112096], [125.537191, 7.111288], [125.537461, 7.111288], [125.537461, 7.111018], [125.538269, 7.111018], [125.538269, 7.111288], [125.538539, 7.111288], [125.538539, 7.111827], [125.538269, 7.111827], [125.538269, 7.112905], [125.538, 7.112905], [125.538, 7.113174], [125.53773, 7.113174], [125.53773, 7.113444], [125.538, 7.113444], [125.538, 7.113982], [125.538539, 7.113982], [125.538539, 7.113174], [125.538808, 7.113174], [125.538808, 7.112905], [125.539078, 7.112905], [125.539078, 7.112635], [125.539347, 7.112635], [125.539347, 7.112905], [125.540156, 7.112905], [125.540156, 7.112635], [125.540425, 7.112635], [125.540425, 7.112366], [125.540964, 7.112366], [125.540964, 7.112096], [125.541773, 7.112096], [125.541773, 7.112366], [125.542042, 7.112366], [125.542042, 7.112096], [125.542581, 7.112096], [125.542581, 7.112366], [125.542851, 7.112366], [125.542851, 7.112096], [125.544198, 7.112096], [125.544198, 7.112366], [125.543929, 7.112366], [125.543929, 7.112635], [125.544737, 7.112635], [125.544737, 7.112905], [125.545815, 7.112905], [125.545815, 7.112635], [125.546084, 7.112635], [125.546084, 7.112096], [125.546354, 7.112096], [125.546354, 7.111557], [125.546084, 7.111557], [125.546084, 7.111288], [125.545545, 7.111288], [125.545545, 7.111018], [125.544737, 7.111018], [125.544737, 7.111288], [125.544198, 7.111288], [125.544198, 7.111557], [125.543929, 7.111557], [125.543929, 7.111288], [125.543659, 7.111288], [125.543659, 7.111018], [125.543929, 7.111018], [125.543929, 7.110479], [125.544468, 7.110479], [125.544468, 7.11021], [125.545007, 7.11021], [125.545007, 7.10994], [125.545276, 7.10994], [125.545276, 7.109401], [125.545007, 7.109401], [125.545007, 7.109132], [125.544737, 7.109132], [125.544737, 7.108593], [125.544468, 7.108593], [125.544468, 7.108054], [125.544737, 7.108054], [125.544737, 7.107515], [125.545815, 7.107515], [125.545815, 7.107784], [125.546354, 7.107784], [125.546354, 7.108323], [125.546623, 7.108323], [125.546623, 7.108593], [125.546893, 7.108593], [125.546893, 7.109132], [125.546084, 7.109132], [125.546084, 7.109401], [125.545815, 7.109401], [125.545815, 7.11021], [125.546084, 7.11021], [125.546084, 7.110479], [125.546354, 7.110479], [125.546354, 7.110749], [125.546623, 7.110749], [125.546623, 7.111288], [125.546893, 7.111288], [125.546893, 7.111827], [125.547162, 7.111827], [125.547162, 7.112096], [125.547432, 7.112096], [125.547432, 7.111827], [125.547971, 7.111827], [125.547971, 7.11021], [125.54824, 7.11021], [125.54824, 7.10994], [125.549049, 7.10994], [125.549049, 7.109671], [125.549857, 7.109671], [125.549857, 7.108054], [125.549588, 7.108054], [125.549588, 7.107784], [125.549318, 7.107784], [125.549318, 7.107245], [125.549049, 7.107245], [125.549049, 7.106976], [125.548779, 7.106976], [125.548779, 7.106706], [125.54851, 7.106706], [125.54851, 7.106437], [125.548779, 7.106437], [125.548779, 7.105898], [125.549049, 7.105898], [125.549049, 7.105628], [125.549588, 7.105628], [125.549588, 7.105089], [125.549857, 7.105089], [125.549857, 7.10482], [125.550127, 7.10482], [125.550127, 7.10455], [125.550396, 7.10455], [125.550396, 7.103742], [125.550666, 7.103742], [125.550666, 7.103203], [125.550396, 7.103203], [125.550396, 7.102664], [125.550666, 7.102664], [125.550666, 7.102394], [125.550935, 7.102394], [125.550935, 7.101855], [125.551205, 7.101855], [125.551205, 7.101586], [125.551474, 7.101586], [125.551474, 7.101316], [125.551744, 7.101316], [125.551744, 7.101047], [125.552013, 7.101047], [125.552013, 7.100777], [125.552283, 7.100777], [125.552283, 7.100508], [125.552552, 7.100508], [125.552552, 7.100238], [125.553091, 7.100238], [125.553091, 7.09943], [125.553361, 7.09943], [125.553361, 7.098891], [125.553091, 7.098891], [125.553091, 7.098082], [125.552283, 7.098082], [125.552283, 7.098352], [125.552013, 7.098352], [125.552013, 7.098891], [125.551205, 7.098891], [125.551205, 7.09916], [125.550666, 7.09916], [125.550666, 7.098621], [125.551205, 7.098621], [125.551205, 7.098352], [125.551474, 7.098352], [125.551474, 7.097543], [125.551744, 7.097543], [125.551744, 7.097274], [125.552013, 7.097274], [125.552013, 7.096735], [125.552283, 7.096735], [125.552283, 7.095926], [125.551744, 7.095926], [125.551744, 7.096196], [125.551474, 7.096196], [125.551474, 7.096465], [125.550935, 7.096465], [125.550935, 7.096735], [125.550127, 7.096735], [125.550127, 7.096465], [125.549049, 7.096465], [125.549049, 7.096196], [125.54851, 7.096196], [125.54851, 7.095926], [125.54824, 7.095926], [125.54824, 7.095657], [125.547971, 7.095657], [125.547971, 7.095387], [125.547701, 7.095387], [125.547701, 7.094848], [125.547432, 7.094848], [125.547432, 7.094579], [125.54851, 7.094579], [125.54851, 7.094848], [125.548779, 7.094848], [125.548779, 7.095118], [125.549318, 7.095118], [125.549318, 7.095387], [125.549588, 7.095387], [125.549588, 7.095657], [125.550666, 7.095657], [125.550666, 7.095387], [125.550935, 7.095387], [125.550935, 7.094848], [125.551205, 7.094848], [125.551205, 7.094579], [125.55363, 7.094579], [125.55363, 7.094848], [125.5539, 7.094848], [125.5539, 7.095118], [125.554439, 7.095118], [125.554439, 7.095387], [125.554978, 7.095387], [125.554978, 7.095657], [125.555247, 7.095657], [125.555247, 7.096196], [125.554978, 7.096196], [125.554978, 7.096465], [125.55363, 7.096465], [125.55363, 7.097004], [125.553361, 7.097004], [125.553361, 7.097813], [125.5539, 7.097813], [125.5539, 7.098352], [125.554708, 7.098352], [125.554708, 7.098082], [125.555247, 7.098082], [125.555247, 7.097813], [125.556325, 7.097813], [125.556325, 7.097543], [125.556595, 7.097543], [125.556595, 7.096465], [125.556325, 7.096465], [125.556325, 7.096196], [125.556056, 7.096196], [125.556056, 7.093231], [125.555786, 7.093231], [125.555786, 7.092962], [125.555517, 7.092962], [125.555517, 7.092692], [125.554978, 7.092692], [125.554978, 7.092423], [125.5539, 7.092423], [125.5539, 7.092153], [125.553361, 7.092153], [125.553361, 7.091614], [125.553091, 7.091614], [125.553091, 7.091075], [125.552822, 7.091075], [125.552822, 7.090806], [125.552283, 7.090806], [125.552283, 7.090536], [125.551474, 7.090536], [125.551474, 7.090267], [125.551744, 7.090267], [125.551744, 7.089997], [125.552013, 7.089997], [125.552013, 7.089728], [125.552822, 7.089728], [125.552822, 7.089997], [125.553361, 7.089997], [125.553361, 7.090536], [125.554708, 7.090536], [125.554708, 7.090267], [125.554978, 7.090267], [125.554978, 7.089728], [125.555247, 7.089728], [125.555247, 7.089458], [125.554978, 7.089458], [125.554978, 7.089189], [125.555247, 7.089189], [125.555247, 7.088381], [125.554978, 7.088381], [125.554978, 7.088111], [125.554708, 7.088111], [125.554708, 7.087842], [125.55363, 7.087842], [125.55363, 7.088111], [125.553091, 7.088111], [125.553091, 7.088381], [125.552822, 7.088381], [125.552822, 7.088111], [125.552552, 7.088111], [125.552552, 7.088381], [125.551744, 7.088381], [125.551744, 7.087572], [125.552552, 7.087572], [125.552552, 7.087303], [125.552822, 7.087303], [125.552822, 7.087033], [125.553361, 7.087033], [125.553361, 7.086494], [125.553091, 7.086494], [125.553091, 7.086225], [125.552283, 7.086225], [125.552283, 7.085955], [125.552552, 7.085955], [125.552552, 7.085416], [125.553361, 7.085416], [125.553361, 7.085147], [125.5539, 7.085147], [125.5539, 7.084338], [125.55363, 7.084338], [125.55363, 7.084069], [125.552283, 7.084069], [125.552283, 7.084338], [125.550396, 7.084338], [125.550396, 7.084069], [125.549857, 7.084069], [125.549857, 7.083799], [125.549049, 7.083799], [125.549049, 7.08353], [125.54851, 7.08353], [125.54851, 7.082991], [125.547971, 7.082991], [125.547971, 7.082721], [125.547701, 7.082721], [125.547701, 7.081643], [125.54824, 7.081643], [125.54824, 7.081374], [125.54851, 7.081374], [125.54851, 7.081104], [125.550396, 7.081104], [125.550396, 7.080835], [125.551744, 7.080835], [125.551744, 7.080565], [125.552283, 7.080565], [125.552283, 7.079757], [125.552552, 7.079757], [125.552552, 7.079487], [125.552822, 7.079487], [125.552822, 7.078948], [125.553091, 7.078948], [125.553091, 7.078679], [125.55363, 7.078679], [125.55363, 7.078409], [125.554439, 7.078409], [125.554439, 7.07814], [125.554708, 7.07814], [125.554708, 7.07787], [125.554978, 7.07787], [125.554978, 7.077601], [125.554708, 7.077601], [125.554708, 7.077331], [125.554439, 7.077331], [125.554439, 7.077062], [125.55363, 7.077062], [125.55363, 7.077331], [125.553091, 7.077331], [125.553091, 7.077062], [125.553361, 7.077062], [125.553361, 7.076523], [125.55363, 7.076523], [125.55363, 7.076253], [125.5539, 7.076253], [125.5539, 7.075984], [125.554169, 7.075984], [125.554169, 7.075714], [125.555247, 7.075714], [125.555247, 7.075445], [125.555517, 7.075445], [125.555517, 7.075175], [125.555786, 7.075175], [125.555786, 7.074906], [125.556325, 7.074906], [125.556325, 7.074636], [125.556595, 7.074636], [125.556595, 7.074367], [125.556864, 7.074367], [125.556864, 7.073828], [125.557134, 7.073828], [125.557134, 7.073558], [125.557403, 7.073558], [125.557403, 7.073289], [125.557673, 7.073289], [125.557673, 7.073019], [125.557942, 7.073019], [125.557942, 7.07248], [125.557403, 7.07248], [125.557403, 7.072211], [125.556595, 7.072211], [125.556595, 7.07248], [125.555786, 7.07248], [125.555786, 7.072211], [125.555517, 7.072211], [125.555517, 7.071402], [125.556864, 7.071402], [125.556864, 7.069785], [125.556595, 7.069785], [125.556595, 7.068977], [125.556325, 7.068977], [125.556325, 7.068438], [125.556595, 7.068438], [125.556595, 7.067629], [125.557403, 7.067629], [125.557403, 7.068168], [125.557673, 7.068168], [125.557673, 7.068707], [125.557942, 7.068707], [125.557942, 7.068977], [125.558212, 7.068977], [125.558212, 7.068707], [125.558481, 7.068707], [125.558481, 7.069785], [125.55902, 7.069785], [125.55902, 7.070055], [125.559559, 7.070055], [125.559559, 7.069785], [125.559829, 7.069785], [125.559829, 7.069516], [125.560098, 7.069516], [125.560098, 7.068707], [125.560368, 7.068707], [125.560368, 7.068977], [125.560907, 7.068977], [125.560907, 7.069246], [125.561176, 7.069246], [125.561176, 7.068977], [125.561446, 7.068977], [125.561446, 7.068707], [125.561715, 7.068707], [125.561715, 7.068438], [125.562793, 7.068438], [125.562793, 7.068977], [125.563063, 7.068977], [125.563063, 7.069246], [125.563332, 7.069246], [125.563332, 7.069785], [125.563602, 7.069785], [125.563602, 7.069516], [125.563871, 7.069516], [125.563871, 7.069246], [125.563602, 7.069246], [125.563602, 7.068977], [125.563871, 7.068977], [125.563871, 7.068707], [125.564141, 7.068707], [125.564141, 7.068438], [125.56441, 7.068438], [125.56441, 7.067899], [125.564949, 7.067899], [125.564949, 7.06736], [125.566027, 7.06736], [125.566027, 7.067899], [125.566566, 7.067899], [125.566566, 7.06736], [125.566836, 7.06736], [125.566836, 7.06709], [125.567105, 7.06709], [125.567105, 7.066821], [125.567375, 7.066821], [125.567375, 7.066551], [125.567914, 7.066551], [125.567914, 7.066821], [125.568453, 7.066821], [125.568453, 7.06709], [125.569261, 7.06709], [125.569261, 7.067899], [125.568992, 7.067899], [125.568992, 7.068707], [125.568722, 7.068707], [125.568722, 7.069516], [125.568453, 7.069516], [125.568453, 7.069785], [125.568183, 7.069785], [125.568183, 7.070055], [125.566836, 7.070055], [125.566836, 7.070324], [125.566566, 7.070324], [125.566566, 7.070594], [125.566297, 7.070594], [125.566297, 7.070863], [125.566027, 7.070863], [125.566027, 7.071941], [125.565488, 7.071941], [125.565488, 7.072211], [125.565219, 7.072211], [125.565219, 7.07248], [125.564949, 7.07248], [125.564949, 7.073019], [125.565488, 7.073019], [125.565488, 7.073289], [125.565758, 7.073289], [125.565758, 7.073019], [125.566027, 7.073019], [125.566027, 7.073828], [125.565758, 7.073828], [125.565758, 7.074097], [125.565488, 7.074097], [125.565488, 7.074367], [125.565219, 7.074367], [125.565219, 7.074636], [125.564949, 7.074636], [125.564949, 7.074906], [125.56468, 7.074906], [125.56468, 7.075175], [125.56441, 7.075175], [125.56441, 7.075445], [125.564141, 7.075445], [125.564141, 7.075714], [125.563871, 7.075714], [125.563871, 7.075984], [125.563602, 7.075984], [125.563602, 7.076253], [125.562524, 7.076253], [125.562524, 7.075984], [125.561715, 7.075984], [125.561715, 7.075714], [125.561446, 7.075714], [125.561446, 7.075445], [125.561176, 7.075445], [125.561176, 7.075175], [125.560907, 7.075175], [125.560907, 7.073289], [125.560637, 7.073289], [125.560637, 7.07275], [125.560368, 7.07275], [125.560368, 7.071672], [125.560637, 7.071672], [125.560637, 7.071402], [125.560907, 7.071402], [125.560907, 7.070863], [125.560637, 7.070863], [125.560637, 7.070594], [125.560098, 7.070594], [125.560098, 7.070863], [125.559829, 7.070863], [125.559829, 7.071133], [125.55902, 7.071133], [125.55902, 7.070863], [125.558751, 7.070863], [125.558751, 7.071133], [125.558481, 7.071133], [125.558481, 7.071402], [125.558212, 7.071402], [125.558212, 7.071672], [125.558481, 7.071672], [125.558481, 7.072211], [125.558751, 7.072211], [125.558751, 7.07248], [125.55902, 7.07248], [125.55902, 7.073558], [125.558481, 7.073558], [125.558481, 7.074367], [125.558212, 7.074367], [125.558212, 7.074636], [125.557942, 7.074636], [125.557942, 7.074906], [125.558212, 7.074906], [125.558212, 7.075445], [125.557673, 7.075445], [125.557673, 7.075714], [125.557134, 7.075714], [125.557134, 7.075984], [125.556595, 7.075984], [125.556595, 7.076523], [125.557134, 7.076523], [125.557134, 7.076792], [125.557403, 7.076792], [125.557403, 7.076253], [125.557673, 7.076253], [125.557673, 7.075984], [125.558212, 7.075984], [125.558212, 7.076253], [125.558751, 7.076253], [125.558751, 7.077331], [125.558481, 7.077331], [125.558481, 7.077601], [125.558212, 7.077601], [125.558212, 7.07787], [125.557673, 7.07787], [125.557673, 7.07814], [125.556595, 7.07814], [125.556595, 7.078409], [125.556325, 7.078409], [125.556325, 7.078679], [125.556056, 7.078679], [125.556056, 7.079218], [125.555517, 7.079218], [125.555517, 7.079487], [125.554978, 7.079487], [125.554978, 7.079757], [125.554169, 7.079757], [125.554169, 7.080026], [125.5539, 7.080026], [125.5539, 7.080296], [125.55363, 7.080296], [125.55363, 7.080565], [125.553361, 7.080565], [125.553361, 7.081104], [125.553091, 7.081104], [125.553091, 7.081643], [125.552822, 7.081643], [125.552822, 7.081913], [125.552552, 7.081913], [125.552552, 7.082182], [125.550396, 7.082182], [125.550396, 7.082991], [125.550935, 7.082991], [125.550935, 7.08326], [125.551744, 7.08326], [125.551744, 7.082991], [125.552283, 7.082991], [125.552283, 7.082721], [125.552552, 7.082721], [125.552552, 7.082452], [125.552822, 7.082452], [125.552822, 7.082182], [125.55363, 7.082182], [125.55363, 7.082452], [125.5539, 7.082452], [125.5539, 7.082182], [125.554169, 7.082182], [125.554169, 7.082721], [125.554439, 7.082721], [125.554439, 7.08353], [125.554708, 7.08353], [125.554708, 7.083799], [125.554978, 7.083799], [125.554978, 7.084069], [125.555517, 7.084069], [125.555517, 7.084338], [125.555786, 7.084338], [125.555786, 7.084608], [125.556056, 7.084608], [125.556056, 7.085147], [125.555786, 7.085147], [125.555786, 7.085955], [125.555517, 7.085955], [125.555517, 7.086764], [125.555786, 7.086764], [125.555786, 7.087842], [125.556056, 7.087842], [125.556056, 7.08865], [125.556325, 7.08865], [125.556325, 7.089728], [125.556595, 7.089728], [125.556595, 7.089997], [125.556864, 7.089997], [125.556864, 7.090806], [125.557134, 7.090806], [125.557134, 7.091075], [125.556595, 7.091075], [125.556595, 7.091884], [125.557134, 7.091884], [125.557134, 7.091345], [125.557403, 7.091345], [125.557403, 7.090806], [125.557673, 7.090806], [125.557673, 7.090267], [125.558212, 7.090267], [125.558212, 7.089997], [125.558481, 7.089997], [125.558481, 7.089728], [125.558751, 7.089728], [125.558751, 7.089458], [125.55902, 7.089458], [125.55902, 7.087572], [125.55929, 7.087572], [125.55929, 7.087303], [125.559829, 7.087303], [125.559829, 7.087033], [125.560098, 7.087033], [125.560098, 7.085686], [125.560637, 7.085686], [125.560637, 7.085416], [125.560907, 7.085416], [125.560907, 7.085147], [125.561715, 7.085147], [125.561715, 7.085416], [125.562524, 7.085416], [125.562524, 7.085686], [125.562793, 7.085686], [125.562793, 7.085955], [125.563063, 7.085955], [125.563063, 7.086225], [125.563332, 7.086225], [125.563332, 7.086494], [125.563602, 7.086494], [125.563602, 7.086764], [125.564141, 7.086764], [125.564141, 7.087033], [125.56468, 7.087033], [125.56468, 7.086764], [125.565219, 7.086764], [125.565219, 7.086494], [125.564949, 7.086494], [125.564949, 7.086225], [125.56468, 7.086225], [125.56468, 7.085955], [125.56441, 7.085955], [125.56441, 7.085686], [125.564141, 7.085686], [125.564141, 7.085416], [125.563871, 7.085416], [125.563871, 7.085147], [125.563602, 7.085147], [125.563602, 7.084877], [125.563332, 7.084877], [125.563332, 7.084608], [125.562524, 7.084608], [125.562524, 7.083799], [125.562254, 7.083799], [125.562254, 7.081104], [125.562524, 7.081104], [125.562524, 7.080835], [125.562793, 7.080835], [125.562793, 7.080565], [125.563063, 7.080565], [125.563063, 7.080296], [125.563332, 7.080296], [125.563332, 7.080026], [125.564141, 7.080026], [125.564141, 7.080296], [125.56441, 7.080296], [125.56441, 7.080565], [125.56468, 7.080565], [125.56468, 7.082182], [125.564949, 7.082182], [125.564949, 7.084069], [125.565219, 7.084069], [125.565219, 7.084608], [125.565488, 7.084608], [125.565488, 7.084877], [125.566297, 7.084877], [125.566297, 7.084608], [125.566566, 7.084608], [125.566566, 7.084338], [125.566836, 7.084338], [125.566836, 7.08353], [125.566566, 7.08353], [125.566566, 7.081913], [125.566836, 7.081913], [125.566836, 7.081643], [125.567375, 7.081643], [125.567375, 7.081913], [125.567644, 7.081913], [125.567644, 7.081374], [125.567914, 7.081374], [125.567914, 7.080565], [125.567644, 7.080565], [125.567644, 7.080296], [125.566836, 7.080296], [125.566836, 7.079218], [125.567105, 7.079218], [125.567105, 7.078679], [125.567375, 7.078679], [125.567375, 7.078409], [125.567914, 7.078409], [125.567914, 7.07814], [125.568722, 7.07814], [125.568722, 7.078409], [125.569531, 7.078409], [125.569531, 7.07814], [125.5698, 7.07814], [125.5698, 7.078409], [125.57007, 7.078409], [125.57007, 7.078679], [125.570339, 7.078679], [125.570339, 7.078948], [125.570608, 7.078948], [125.570608, 7.078679], [125.570878, 7.078679], [125.570878, 7.077601], [125.571147, 7.077601], [125.571147, 7.076792], [125.571417, 7.076792], [125.571417, 7.075714], [125.571686, 7.075714], [125.571686, 7.075175], [125.571956, 7.075175], [125.571956, 7.074636], [125.572225, 7.074636], [125.572225, 7.074097], [125.572495, 7.074097], [125.572495, 7.073019], [125.572764, 7.073019], [125.572764, 7.071941], [125.573034, 7.071941], [125.573034, 7.071402], [125.573303, 7.071402], [125.573303, 7.071133], [125.573842, 7.071133], [125.573842, 7.070863], [125.574112, 7.070863], [125.574112, 7.070594], [125.574651, 7.070594], [125.574651, 7.070324], [125.57492, 7.070324], [125.57492, 7.069246], [125.574381, 7.069246], [125.574381, 7.068977], [125.574112, 7.068977], [125.574112, 7.067629], [125.574381, 7.067629], [125.574381, 7.06709], [125.574112, 7.06709], [125.574112, 7.066551], [125.573842, 7.066551], [125.573842, 7.065473], [125.574651, 7.065473], [125.574651, 7.065204], [125.57492, 7.065204], [125.57492, 7.064934], [125.57519, 7.064934], [125.57519, 7.064665], [125.575459, 7.064665], [125.575459, 7.064395], [125.575729, 7.064395], [125.575729, 7.064126], [125.575998, 7.064126], [125.575998, 7.062509], [125.576268, 7.062509], [125.576268, 7.06197], [125.576807, 7.06197], [125.576807, 7.061701], [125.577346, 7.061701], [125.577346, 7.061431], [125.578154, 7.061431], [125.578154, 7.061162], [125.578424, 7.061162], [125.578424, 7.060892], [125.578693, 7.060892], [125.578693, 7.060084], [125.578424, 7.060084], [125.578424, 7.059275], [125.578693, 7.059275], [125.578693, 7.059006], [125.578963, 7.059006], [125.578963, 7.059545], [125.579502, 7.059545], [125.579502, 7.06029], [125.579928, 7.054851], [125.612502, 7.054169], [125.611753, 7.046865], [125.606197, 7.045192], [125.602135, 7.042307]], [[125.54824, 7.062779], [125.547971, 7.062779], [125.547971, 7.06197], [125.54824, 7.06197], [125.54824, 7.061701], [125.549049, 7.061701], [125.549049, 7.062509], [125.549318, 7.062509], [125.549318, 7.062779], [125.549588, 7.062779], [125.549588, 7.063048], [125.550127, 7.063048], [125.550127, 7.063318], [125.550396, 7.063318], [125.550396, 7.063857], [125.550127, 7.063857], [125.550127, 7.065473], [125.549857, 7.065473], [125.549857, 7.06709], [125.549588, 7.06709], [125.549588, 7.06736], [125.549318, 7.06736], [125.549318, 7.06709], [125.546893, 7.06709], [125.546893, 7.066821], [125.544468, 7.066821], [125.544468, 7.066551], [125.543929, 7.066551], [125.543929, 7.066821], [125.54339, 7.066821], [125.54339, 7.06709], [125.54312, 7.06709], [125.54312, 7.06736], [125.542851, 7.06736], [125.542851, 7.067899], [125.542581, 7.067899], [125.542581, 7.068438], [125.542312, 7.068438], [125.542312, 7.070055], [125.542042, 7.070055], [125.542042, 7.070324], [125.541773, 7.070324], [125.541773, 7.070863], [125.541503, 7.070863], [125.541503, 7.071133], [125.541234, 7.071133], [125.541234, 7.071402], [125.540964, 7.071402], [125.540964, 7.070863], [125.540695, 7.070863], [125.540695, 7.069785], [125.540964, 7.069785], [125.540964, 7.069246], [125.540695, 7.069246], [125.540695, 7.068977], [125.540156, 7.068977], [125.540156, 7.069246], [125.539617, 7.069246], [125.539617, 7.068977], [125.539347, 7.068977], [125.539347, 7.068438], [125.539617, 7.068438], [125.539617, 7.068168], [125.539886, 7.068168], [125.539886, 7.067899], [125.540156, 7.067899], [125.540156, 7.06736], [125.540425, 7.06736], [125.540425, 7.066821], [125.540695, 7.066821], [125.540695, 7.066282], [125.540964, 7.066282], [125.540964, 7.066012], [125.541503, 7.066012], [125.541503, 7.065743], [125.541773, 7.065743], [125.541773, 7.065473], [125.542312, 7.065473], [125.542312, 7.065204], [125.542851, 7.065204], [125.542851, 7.064934], [125.54339, 7.064934], [125.54339, 7.064665], [125.543929, 7.064665], [125.543929, 7.064395], [125.544737, 7.064395], [125.544737, 7.064665], [125.545545, 7.064665], [125.545545, 7.064934], [125.546354, 7.064934], [125.546354, 7.065204], [125.547162, 7.065204], [125.547162, 7.064934], [125.54851, 7.064934], [125.54851, 7.064665], [125.549049, 7.064665], [125.549049, 7.063587], [125.548779, 7.063587], [125.548779, 7.063318], [125.54851, 7.063318], [125.54851, 7.063048], [125.54824, 7.063048], [125.54824, 7.062779]]], [[[125.542851, 7.114252], [125.542851, 7.113982], [125.542581, 7.113982], [125.542581, 7.113444], [125.541773, 7.113444], [125.541773, 7.113713], [125.541503, 7.113713], [125.541503, 7.113982], [125.541234, 7.113982], [125.541234, 7.114252], [125.540695, 7.114252], [125.540695, 7.114791], [125.539078, 7.114791], [125.539078, 7.11533], [125.538539, 7.11533], [125.538539, 7.115599], [125.538269, 7.115599], [125.538269, 7.115869], [125.538539, 7.115869], [125.538539, 7.116408], [125.538269, 7.116408], [125.538269, 7.117755], [125.538, 7.117755], [125.538, 7.118294], [125.53773, 7.118294], [125.53773, 7.118564], [125.537461, 7.118564], [125.537461, 7.118833], [125.536113, 7.118833], [125.536113, 7.119103], [125.535574, 7.119103], [125.535574, 7.119372], [125.535035, 7.119372], [125.535035, 7.119642], [125.534227, 7.119642], [125.534227, 7.119911], [125.533957, 7.119911], [125.533957, 7.12072], [125.534227, 7.12072], [125.534227, 7.121259], [125.534496, 7.121259], [125.534496, 7.121528], [125.534766, 7.121528], [125.534766, 7.121798], [125.535844, 7.121798], [125.535844, 7.121528], [125.536383, 7.121528], [125.536383, 7.121259], [125.536652, 7.121259], [125.536652, 7.120989], [125.537191, 7.120989], [125.537191, 7.121259], [125.537461, 7.121259], [125.537461, 7.121528], [125.53773, 7.121528], [125.53773, 7.121798], [125.538539, 7.121798], [125.538539, 7.122067], [125.538808, 7.122067], [125.538808, 7.121798], [125.540156, 7.121798], [125.540156, 7.121528], [125.541503, 7.121528], [125.541503, 7.121798], [125.54312, 7.121798], [125.54312, 7.122067], [125.543659, 7.122067], [125.543659, 7.121798], [125.543929, 7.121798], [125.543929, 7.121259], [125.54339, 7.121259], [125.54339, 7.120989], [125.54312, 7.120989], [125.54312, 7.12072], [125.542581, 7.12072], [125.542581, 7.12045], [125.540695, 7.12045], [125.540695, 7.120181], [125.540425, 7.120181], [125.540425, 7.119911], [125.540156, 7.119911], [125.540156, 7.119372], [125.540425, 7.119372], [125.540425, 7.119103], [125.540695, 7.119103], [125.540695, 7.118833], [125.542312, 7.118833], [125.542312, 7.118564], [125.543659, 7.118564], [125.543659, 7.118294], [125.544468, 7.118294], [125.544468, 7.118025], [125.544737, 7.118025], [125.544737, 7.117755], [125.545007, 7.117755], [125.545007, 7.117486], [125.545276, 7.117486], [125.545276, 7.117755], [125.546623, 7.117755], [125.546623, 7.117216], [125.546893, 7.117216], [125.546893, 7.116677], [125.546623, 7.116677], [125.546623, 7.116138], [125.546354, 7.116138], [125.546354, 7.115869], [125.545545, 7.115869], [125.545545, 7.116138], [125.543929, 7.116138], [125.543929, 7.11506], [125.543659, 7.11506], [125.543659, 7.114791], [125.54339, 7.114791], [125.54339, 7.114521], [125.54312, 7.114521], [125.54312, 7.114252], [125.542851, 7.114252]]], [[[125.542312, 7.123145], [125.542312, 7.122876], [125.540964, 7.122876], [125.540964, 7.122606], [125.539886, 7.122606], [125.539886, 7.122876], [125.538539, 7.122876], [125.538539, 7.123145], [125.53773, 7.123145], [125.53773, 7.123684], [125.537461, 7.123684], [125.537461, 7.124223], [125.53773, 7.124223], [125.53773, 7.124762], [125.540425, 7.124762], [125.540425, 7.124493], [125.541503, 7.124493], [125.541503, 7.124762], [125.542042, 7.124762], [125.542042, 7.125032], [125.541773, 7.125032], [125.541773, 7.125301], [125.541503, 7.125301], [125.541503, 7.12584], [125.540964, 7.12584], [125.540964, 7.127188], [125.540695, 7.127188], [125.540695, 7.126649], [125.540425, 7.126649], [125.540425, 7.126918], [125.539886, 7.126918], [125.539886, 7.127188], [125.539617, 7.127188], [125.539617, 7.127457], [125.539347, 7.127457], [125.539347, 7.130152], [125.539617, 7.130152], [125.539617, 7.130422], [125.539886, 7.130422], [125.539886, 7.1315], [125.539617, 7.1315], [125.539617, 7.131769], [125.539347, 7.131769], [125.539347, 7.132039], [125.53773, 7.132039], [125.53773, 7.132308], [125.536652, 7.132308], [125.536652, 7.132578], [125.536383, 7.132578], [125.536383, 7.132847], [125.536652, 7.132847], [125.536652, 7.133117], [125.537191, 7.133117], [125.537191, 7.132847], [125.53773, 7.132847], [125.53773, 7.133117], [125.538269, 7.133117], [125.538269, 7.133386], [125.538539, 7.133386], [125.538539, 7.133925], [125.539078, 7.133925], [125.539078, 7.134195], [125.539617, 7.134195], [125.539617, 7.133925], [125.539886, 7.133925], [125.539886, 7.133656], [125.540156, 7.133656], [125.540156, 7.133386], [125.540695, 7.133386], [125.540695, 7.133117], [125.540964, 7.133117], [125.540964, 7.132847], [125.541234, 7.132847], [125.541234, 7.132578], [125.541503, 7.132578], [125.541503, 7.132308], [125.541773, 7.132308], [125.541773, 7.132039], [125.542042, 7.132039], [125.542042, 7.131769], [125.542312, 7.131769], [125.542312, 7.13123], [125.544198, 7.13123], [125.544198, 7.130961], [125.544468, 7.130961], [125.544468, 7.129074], [125.544198, 7.129074], [125.544198, 7.128805], [125.543659, 7.128805], [125.543659, 7.129074], [125.54339, 7.129074], [125.54339, 7.129344], [125.54312, 7.129344], [125.54312, 7.129613], [125.542581, 7.129613], [125.542581, 7.129883], [125.542312, 7.129883], [125.542312, 7.129344], [125.542042, 7.129344], [125.542042, 7.127727], [125.542312, 7.127727], [125.542312, 7.127457], [125.542042, 7.127457], [125.542042, 7.127188], [125.542312, 7.127188], [125.542312, 7.126649], [125.542581, 7.126649], [125.542581, 7.12611], [125.542851, 7.12611], [125.542851, 7.12584], [125.54312, 7.12584], [125.54312, 7.124762], [125.542851, 7.124762], [125.542851, 7.123145], [125.542312, 7.123145]]]]}}]}