{"type": "FeatureCollection", "features": [{"type": "Feature", "properties": {"area_id": "jalaur-river-basin", "name": "Jalaur River Basin", "study_type": "river_basin", "zone": null, "area_ha": 171254.5, "version": 1}, "geometry": {"type": "MultiPolygon", "coordinates": [[[[122.265768, 11.153505], [122.266665, 11.15], [122.274999, 11.15], [122.275886, 11.15346], [122.28657, 11.154869], [122.295265, 11.164456], [122.296402, 11.173045], [122.299435, 11.176955], [122.300567, 11.181379], [122.303599, 11.185289], [122.304732, 11.202212], [122.307764, 11.206122], [122.308901, 11.210546], [122.311934, 11.214456], [122.313467, 11.220436], [122.318622, 11.224431], [122.320834, 11.225002], [122.32326, 11.224645], [122.327456, 11.220481], [122.344093, 11.221185], [122.347575, 11.224645], [122.350001, 11.225002], [122.350567, 11.22279], [122.353599, 11.218875], [122.355017, 11.21335], [122.360542, 11.211932], [122.364457, 11.2089], [122.390757, 11.207719], [122.392585, 11.200584], [122.403229, 11.1911], [122.410542, 11.192232], [122.414582, 11.195362], [122.418751, 11.192134], [122.424254, 11.196401], [122.435544, 11.195264], [122.440922, 11.1911], [122.443878, 11.192232], [122.449252, 11.196401], [122.464711, 11.195264], [122.468622, 11.192232], [122.470834, 11.191666], [122.471458, 11.180077], [122.47721, 11.178601], [122.481121, 11.175568], [122.485544, 11.174431], [122.489455, 11.171399], [122.495171, 11.169932], [122.495831, 11.162499], [122.502426, 11.162851], [122.505909, 11.166311], [122.510756, 11.16702], [122.514243, 11.170481], [122.520833, 11.170833], [122.521921, 11.174641], [122.535339, 11.186881], [122.53966, 11.188116], [122.543673, 11.191051], [122.552159, 11.192286], [122.556172, 11.195215], [122.562388, 11.19699], [122.566049, 11.202007], [122.568033, 11.208949], [122.572992, 11.207714], [122.578699, 11.203549], [122.581326, 11.204785], [122.589508, 11.211883], [122.607527, 11.213208], [122.609101, 11.22403], [122.616552, 11.226157], [122.620218, 11.231173], [122.6216, 11.240694], [122.624998, 11.241666], [122.628507, 11.240765], [122.629823, 11.225974], [122.639454, 11.217234], [122.643878, 11.216097], [122.652087, 11.208784], [122.664457, 11.220267], [122.673045, 11.221399], [122.678418, 11.225568], [122.690716, 11.224333], [122.695265, 11.218875], [122.695835, 11.212499], [122.71076, 11.212856], [122.714242, 11.216311], [122.71909, 11.21702], [122.726741, 11.224645], [122.745835, 11.225002], [122.746745, 11.221448], [122.773986, 11.220222], [122.782766, 11.210546], [122.783903, 11.201958], [122.786935, 11.198042], [122.788353, 11.192518], [122.793878, 11.1911], [122.803228, 11.182765], [122.827209, 11.183903], [122.832587, 11.188067], [122.843877, 11.186935], [122.847917, 11.1838], [122.851957, 11.186935], [122.858334, 11.187501], [122.859186, 11.184183], [122.86471, 11.182765], [122.868621, 11.179733], [122.873044, 11.178601], [122.876955, 11.175568], [122.887501, 11.175002], [122.886935, 11.168621], [122.878601, 11.159271], [122.879733, 11.151958], [122.883283, 11.147378], [122.867841, 11.132931], [122.866668, 11.137501], [122.864242, 11.137149], [122.86076, 11.133689], [122.856622, 11.13298], [122.852426, 11.137149], [122.835789, 11.137853], [122.831593, 11.133689], [122.826741, 11.13298], [122.823259, 11.129519], [122.820833, 11.129167], [122.820833, 11.124998], [122.818407, 11.124646], [122.81076, 11.117021], [122.791666, 11.116668], [122.790765, 11.120178], [122.776215, 11.121399], [122.774431, 11.114457], [122.761852, 11.100905], [122.756122, 11.099434], [122.752212, 11.096402], [122.746495, 11.094935], [122.745264, 11.081125], [122.738067, 11.073045], [122.736935, 11.065919], [122.7411, 11.060546], [122.741666, 11.058334], [122.739508, 11.057714], [122.725823, 11.045229], [122.724195, 11.034068], [122.716668, 11.033332], [122.717235, 11.026956], [122.720267, 11.023045], [122.721399, 11.010287], [122.729733, 11.000937], [122.728543, 10.980171], [122.718875, 10.9714], [122.709222, 10.970124], [122.707416, 10.963083], [122.698043, 10.954736], [122.695835, 10.954165], [122.696451, 10.943673], [122.69938, 10.93966], [122.700812, 10.929854], [122.72416, 10.928481], [122.728547, 10.922992], [122.729782, 10.918675], [122.733952, 10.912968], [122.732717, 10.910341], [122.729782, 10.906328], [122.728547, 10.902007], [122.725618, 10.897994], [122.724284, 10.884318], [122.71678, 10.882173], [122.713119, 10.877161], [122.711884, 10.868671], [122.70895, 10.864662], [122.707714, 10.860341], [122.704785, 10.856328], [122.704165, 10.845831], [122.713141, 10.844917], [122.711723, 10.829752], [122.697967, 10.817311], [122.688264, 10.815831], [122.686725, 10.800741], [122.667417, 10.79926], [122.663141, 10.793803], [122.661469, 10.788247], [122.654165, 10.787502], [122.654165, 10.779168], [122.647788, 10.779734], [122.642634, 10.783729], [122.6411, 10.789709], [122.633796, 10.797909], [122.637038, 10.802092], [122.629734, 10.810288], [122.628316, 10.815817], [122.622791, 10.817235], [122.614711, 10.824432], [122.609186, 10.82585], [122.607768, 10.831375], [122.599416, 10.840748], [122.593624, 10.842233], [122.585544, 10.849434], [122.580019, 10.850852], [122.578249, 10.857746], [122.55, 10.858335], [122.549073, 10.861572], [122.543673, 10.863119], [122.53966, 10.866049], [122.534104, 10.867636], [122.532717, 10.877161], [122.528838, 10.882472], [122.5174, 10.884135], [122.516049, 10.897994], [122.513119, 10.902007], [122.512499, 10.904165], [122.508995, 10.905066], [122.507764, 10.918876], [122.504736, 10.922791], [122.504165, 10.924998], [122.503314, 10.928316], [122.500001, 10.929168], [122.497789, 10.929734], [122.492634, 10.933729], [122.490757, 10.941042], [122.468622, 10.942233], [122.464711, 10.945265], [122.43529, 10.946402], [122.42721, 10.953599], [122.422791, 10.954736], [122.413204, 10.963431], [122.411808, 10.973977], [122.407394, 10.975569], [122.398043, 10.967235], [122.393624, 10.966098], [122.389709, 10.963066], [122.382588, 10.961933], [122.37721, 10.966098], [122.364457, 10.967235], [122.356377, 10.974432], [122.347789, 10.975569], [122.339709, 10.982766], [122.332396, 10.983898], [122.323046, 10.975569], [122.3125, 10.974998], [122.313066, 11.002212], [122.316098, 11.006123], [122.317235, 11.02795], [122.3125, 11.029167], [122.3125, 11.041666], [122.309182, 11.042518], [122.308335, 11.045835], [122.305017, 11.046683], [122.304166, 11.05], [122.304732, 11.060546], [122.307764, 11.064457], [122.308941, 11.094921], [122.31596, 11.096723], [122.317235, 11.106377], [122.320268, 11.110292], [122.320834, 11.112499], [122.320834, 11.120833], [122.319924, 11.124374], [122.299252, 11.125569], [122.293749, 11.121301], [122.28847, 11.125395], [122.28665, 11.132485], [122.281121, 11.133903], [122.27721, 11.136935], [122.272792, 11.138067], [122.268876, 11.1411], [122.260288, 11.142232], [122.254821, 11.146794], [122.254166, 11.154165], [122.258335, 11.154165], [122.265768, 11.153505]]]]}}, {"type": "Feature", "properties": {"area_id": "jalaur-river-basin__up", "name": "Jalaur River Basin (upstream)", "study_type": "river_basin", "zone": "up", "area_ha": 75666.5, "version": 1}, "geometry": {"type": "MultiPolygon", "coordinates": [[[[122.266665, 11.15], [122.274999, 11.15], [122.275886, 11.15346], [122.28657, 11.154869], [122.295265, 11.164456], [122.296402, 11.173045], [122.299435, 11.176955], [122.300567, 11.181379], [122.303599, 11.185289], [122.304732, 11.202212], [122.307764, 11.206122], [122.308901, 11.210546], [122.311934, 11.214456], [122.313467, 11.220436], [122.318622, 11.224431], [122.320834, 11.225002], [122.32326, 11.224645], [122.327456, 11.220481], [122.344093, 11.221185], [122.347575, 11.224645], [122.350001, 11.225002], [122.350567, 11.22279], [122.353599, 11.218875], [122.355017, 11.21335], [122.360542, 11.211932], [122.364457, 11.2089], [122.390757, 11.207719], [122.392585, 11.200584], [122.403229, 11.1911], [122.410542, 11.192232], [122.414582, 11.195362], [122.418751, 11.192134], [122.424254, 11.196401], [122.435544, 11.195264], [122.440922, 11.1911], [122.443878, 11.192232], [122.449252, 11.196401], [122.464711, 11.195264], [122.468622, 11.192232], [122.470834, 11.191666], [122.471458, 11.180077], [122.47721, 11.178601], [122.481121, 11.175568], [122.485544, 11.174431], [122.489455, 11.171399], [122.495171, 11.169932], [122.495831, 11.162499], [122.502426, 11.162851], [122.505909, 11.166311], [122.509689, 11.166864], [122.509689, 11.166103], [122.50942, 11.166103], [122.50942, 11.165295], [122.509689, 11.165295], [122.509689, 11.165025], [122.510497, 11.165025], [122.510497, 11.165295], [122.510767, 11.165295], [122.510767, 11.166103], [122.511036, 11.166103], [122.511036, 11.166373], [122.511306, 11.166373], [122.511306, 11.166642], [122.511845, 11.166642], [122.511845, 11.166373], [122.512114, 11.166373], [122.512114, 11.165564], [122.512384, 11.165564], [122.512384, 11.164217], [122.511306, 11.164217], [122.511306, 11.163947], [122.510767, 11.163947], [122.510767, 11.163408], [122.510497, 11.163408], [122.510497, 11.162869], [122.509958, 11.162869], [122.509958, 11.1626], [122.50915, 11.1626], [122.50915, 11.16233], [122.508611, 11.16233], [122.508611, 11.162061], [122.508342, 11.162061], [122.508342, 11.16233], [122.506455, 11.16233], [122.506455, 11.162061], [122.506186, 11.162061], [122.506186, 11.161252], [122.506725, 11.161252], [122.506725, 11.160983], [122.506994, 11.160983], [122.506994, 11.160713], [122.507264, 11.160713], [122.507264, 11.160444], [122.507533, 11.160444], [122.507533, 11.160174], [122.507803, 11.160174], [122.507803, 11.159905], [122.508072, 11.159905], [122.508072, 11.159635], [122.508611, 11.159635], [122.508611, 11.159366], [122.508881, 11.159366], [122.508881, 11.159096], [122.50915, 11.159096], [122.50915, 11.158827], [122.509958, 11.158827], [122.509958, 11.159096], [122.510228, 11.159096], [122.510228, 11.159366], [122.510497, 11.159366], [122.510497, 11.159635], [122.510767, 11.159635], [122.510767, 11.159905], [122.511036, 11.159905], [122.511036, 11.160174], [122.511575, 11.160174], [122.511575, 11.159905], [122.511845, 11.159905], [122.511845, 11.159366], [122.511575, 11.159366], [122.511575, 11.158827], [122.511306, 11.158827], [122.511306, 11.158557], [122.511036, 11.158557], [122.511036, 11.158288], [122.510767, 11.158288], [122.510767, 11.157479], [122.511036, 11.157479], [122.511036, 11.156671], [122.510228, 11.156671], [122.510228, 11.15694], [122.509958, 11.15694], [122.509958, 11.157749], [122.509689, 11.157749], [122.509689, 11.158018], [122.50942, 11.158018], [122.50942, 11.158288], [122.509689, 11.158288], [122.509689, 11.158557], [122.508342, 11.158557], [122.508342, 11.158827], [122.507264, 11.158827], [122.507264, 11.159096], [122.506725, 11.159096], [122.506725, 11.159366], [122.506455, 11.159366], [122.506455, 11.159635], [122.505916, 11.159635], [122.505916, 11.159905], [122.505377, 11.159905], [122.505377, 11.159635], [122.505108, 11.159635], [122.505108, 11.159096], [122.505647, 11.159096], [122.505647, 11.158827], [122.506186, 11.158827], [122.506186, 11.158557], [122.506455, 11.158557], [122.506455, 11.158288], [122.506994, 11.158288], [122.506994, 11.158018], [122.508072, 11.158018], [122.508072, 11.157749], [122.508342, 11.157749], [122.508342, 11.158018], [122.508611, 11.158018], [122.508611, 11.157479], [122.508881, 11.157479], [122.508881, 11.15721], [122.50915, 11.15721], [122.50915, 11.156671], [122.50942, 11.156671], [122.50942, 11.156132], [122.509689, 11.156132], [122.509689, 11.155862], [122.509958, 11.155862], [122.509958, 11.155323], [122.510228, 11.155323], [122.510228, 11.154515], [122.511036, 11.154515], [122.511036, 11.154784], [122.512114, 11.154784], [122.512114, 11.155054], [122.512384, 11.155054], [122.512384, 11.154784], [122.512923, 11.154784], [122.512923, 11.154245], [122.513192, 11.154245], [122.513192, 11.153706], [122.513462, 11.153706], [122.513462, 11.153167], [122.513731, 11.153167], [122.513731, 11.152898], [122.514001, 11.152898], [122.514001, 11.152628], [122.51427, 11.152628], [122.51427, 11.152359], [122.51454, 11.152359], [122.51454, 11.152089], [122.515079, 11.152089], [122.515079, 11.15182], [122.515618, 11.15182], [122.515618, 11.151281], [122.515079, 11.151281], [122.515079, 11.151011], [122.514809, 11.151011], [122.514809, 11.151281], [122.51454, 11.151281], [122.51454, 11.151011], [122.51427, 11.151011], [122.51427, 11.150742], [122.514001, 11.150742], [122.514001, 11.150472], [122.512923, 11.150472], [122.512923, 11.151281], [122.513192, 11.151281], [122.513192, 11.152628], [122.512923, 11.152628], [122.512923, 11.152898], [122.512653, 11.152898], [122.512653, 11.153167], [122.511575, 11.153167], [122.511575, 11.152898], [122.511306, 11.152898], [122.511306, 11.15155], [122.511575, 11.15155], [122.511575, 11.151281], [122.511845, 11.151281], [122.511845, 11.150742], [122.511575, 11.150742], [122.511575, 11.150472], [122.511306, 11.150472], [122.511306, 11.150742], [122.510767, 11.150742], [122.510767, 11.151011], [122.510228, 11.151011], [122.510228, 11.151281], [122.509689, 11.151281], [122.509689, 11.15155], [122.508342, 11.15155], [122.508342, 11.151281], [122.507803, 11.151281], [122.507803, 11.151011], [122.507533, 11.151011], [122.507533, 11.150203], [122.506994, 11.150203], [122.506994, 11.149933], [122.506725, 11.149933], [122.506725, 11.150203], [122.506455, 11.150203], [122.506455, 11.150472], [122.504569, 11.150472], [122.504569, 11.150203], [122.50403, 11.150203], [122.50403, 11.150472], [122.50376, 11.150472], [122.50376, 11.151011], [122.503491, 11.151011], [122.503491, 11.15155], [122.503221, 11.15155], [122.503221, 11.15182], [122.502952, 11.15182], [122.502952, 11.152359], [122.503221, 11.152359], [122.503221, 11.153437], [122.502952, 11.153437], [122.502952, 11.153706], [122.502413, 11.153706], [122.502413, 11.153437], [122.502143, 11.153437], [122.502143, 11.153167], [122.501874, 11.153167], [122.501874, 11.152089], [122.501604, 11.152089], [122.501604, 11.15182], [122.500526, 11.15182], [122.500526, 11.152089], [122.500257, 11.152089], [122.500257, 11.152359], [122.499987, 11.152359], [122.499987, 11.153976], [122.500257, 11.153976], [122.500257, 11.154515], [122.500526, 11.154515], [122.500526, 11.155323], [122.499718, 11.155323], [122.499718, 11.154784], [122.499448, 11.154784], [122.499448, 11.154515], [122.499179, 11.154515], [122.499179, 11.154245], [122.498909, 11.154245], [122.498909, 11.153976], [122.497831, 11.153976], [122.497831, 11.154245], [122.497562, 11.154245], [122.497562, 11.154515], [122.496753, 11.154515], [122.496753, 11.154784], [122.495945, 11.154784], [122.495945, 11.155054], [122.495406, 11.155054], [122.495406, 11.155323], [122.495136, 11.155323], [122.495136, 11.155593], [122.493789, 11.155593], [122.493789, 11.15694], [122.493519, 11.15694], [122.493519, 11.15721], [122.492711, 11.15721], [122.492711, 11.157479], [122.492441, 11.157479], [122.492441, 11.157749], [122.492172, 11.157749], [122.492172, 11.159366], [122.491902, 11.159366], [122.491902, 11.159905], [122.491363, 11.159905], [122.491363, 11.160983], [122.491094, 11.160983], [122.491094, 11.161791], [122.490824, 11.161791], [122.490824, 11.162061], [122.490555, 11.162061], [122.490555, 11.16233], [122.490285, 11.16233], [122.490285, 11.162869], [122.490016, 11.162869], [122.490016, 11.163947], [122.489746, 11.163947], [122.489746, 11.164217], [122.489477, 11.164217], [122.489477, 11.164486], [122.489207, 11.164486], [122.489207, 11.164217], [122.488938, 11.164217], [122.488938, 11.163947], [122.488668, 11.163947], [122.488668, 11.163408], [122.488399, 11.163408], [122.488399, 11.163139], [122.488129, 11.163139], [122.488129, 11.1626], [122.487051, 11.1626], [122.487051, 11.162869], [122.486782, 11.162869], [122.486782, 11.163139], [122.486512, 11.163139], [122.486512, 11.163408], [122.486243, 11.163408], [122.486243, 11.163678], [122.485973, 11.163678], [122.485973, 11.163947], [122.485434, 11.163947], [122.485434, 11.164217], [122.485165, 11.164217], [122.485165, 11.164486], [122.484626, 11.164486], [122.484626, 11.164756], [122.484087, 11.164756], [122.484087, 11.165025], [122.483279, 11.165025], [122.483279, 11.165295], [122.483009, 11.165295], [122.483009, 11.165564], [122.481931, 11.165564], [122.481931, 11.165295], [122.481123, 11.165295], [122.481123, 11.165564], [122.480853, 11.165564], [122.480853, 11.166103], [122.480584, 11.166103], [122.480584, 11.166642], [122.480853, 11.166642], [122.480853, 11.16799], [122.480584, 11.16799], [122.480584, 11.168259], [122.480314, 11.168259], [122.480314, 11.168529], [122.480045, 11.168529], [122.480045, 11.168798], [122.479506, 11.168798], [122.479506, 11.169068], [122.478158, 11.169068], [122.478158, 11.168798], [122.477889, 11.168798], [122.477889, 11.168529], [122.477619, 11.168529], [122.477619, 11.167451], [122.47735, 11.167451], [122.47735, 11.167181], [122.47708, 11.167181], [122.47708, 11.166912], [122.475194, 11.166912], [122.475194, 11.167181], [122.474385, 11.167181], [122.474385, 11.166912], [122.473577, 11.166912], [122.473577, 11.167181], [122.473038, 11.167181], [122.473038, 11.167451], [122.472768, 11.167451], [122.472768, 11.16799], [122.472499, 11.16799], [122.472499, 11.168259], [122.472768, 11.168259], [122.472768, 11.168529], [122.473307, 11.168529], [122.473307, 11.169068], [122.473577, 11.169068], [122.473577, 11.169337], [122.473307, 11.169337], [122.473307, 11.169607], [122.472499, 11.169607], [122.472499, 11.168798], [122.472229, 11.168798], [122.472229, 11.168529], [122.47196, 11.168529], [122.47196, 11.168259], [122.471421, 11.168259], [122.471421, 11.16799], [122.471151, 11.16799], [122.471151, 11.16772], [122.471421, 11.16772], [122.471421, 11.167181], [122.47169, 11.167181], [122.47169, 11.166912], [122.47196, 11.166912], [122.47196, 11.165564], [122.472229, 11.165564], [122.472229, 11.163947], [122.472499, 11.163947], [122.472499, 11.163408], [122.472768, 11.163408], [122.472768, 11.16233], [122.472499, 11.16233], [122.472499, 11.162061], [122.47196, 11.162061], [122.47196, 11.161791], [122.47169, 11.161791], [122.47169, 11.161522], [122.471421, 11.161522], [122.471421, 11.161252], [122.471151, 11.161252], [122.471151, 11.160983], [122.470882, 11.160983], [122.470882, 11.160713], [122.470612, 11.160713], [122.470612, 11.159635], [122.470882, 11.159635], [122.470882, 11.158827], [122.470612, 11.158827], [122.470612, 11.158288], [122.470343, 11.158288], [122.470343, 11.158018], [122.470073, 11.158018], [122.470073, 11.157749], [122.469804, 11.157749], [122.469804, 11.157479], [122.469265, 11.157479], [122.469265, 11.15721], [122.468187, 11.15721], [122.468187, 11.15694], [122.467109, 11.15694], [122.467109, 11.156671], [122.466839, 11.156671], [122.466839, 11.156401], [122.46657, 11.156401], [122.46657, 11.156132], [122.4663, 11.156132], [122.4663, 11.155862], [122.466031, 11.155862], [122.466031, 11.155593], [122.465761, 11.155593], [122.465761, 11.155054], [122.465492, 11.155054], [122.465492, 11.154515], [122.465761, 11.154515], [122.465761, 11.153976], [122.465492, 11.153976], [122.465492, 11.153706], [122.464953, 11.153706], [122.464953, 11.153976], [122.464683, 11.153976], [122.464683, 11.154245], [122.464144, 11.154245], [122.464144, 11.154515], [122.463875, 11.154515], [122.463875, 11.154784], [122.463605, 11.154784], [122.463605, 11.154515], [122.463336, 11.154515], [122.463336, 11.153976], [122.463066, 11.153976], [122.463066, 11.153706], [122.462527, 11.153706], [122.462527, 11.153437], [122.461988, 11.153437], [122.461988, 11.153167], [122.461719, 11.153167], [122.461719, 11.152898], [122.461449, 11.152898], [122.461449, 11.152359], [122.46118, 11.152359], [122.46118, 11.152089], [122.46091, 11.152089], [122.46091, 11.15155], [122.460641, 11.15155], [122.460641, 11.151281], [122.460371, 11.151281], [122.460371, 11.150742], [122.460102, 11.150742], [122.460102, 11.149933], [122.459832, 11.149933], [122.459832, 11.149664], [122.460102, 11.149664], [122.460102, 11.148586], [122.460371, 11.148586], [122.460371, 11.14616], [122.460641, 11.14616], [122.460641, 11.145621], [122.460371, 11.145621], [122.460371, 11.145082], [122.460102, 11.145082], [122.460102, 11.144813], [122.459832, 11.144813], [122.459832, 11.144274], [122.459563, 11.144274], [122.459563, 11.144005], [122.459294, 11.144005], [122.459294, 11.143735], [122.459024, 11.143735], [122.459024, 11.143466], [122.458485, 11.143466], [122.458485, 11.143196], [122.458216, 11.143196], [122.458216, 11.142927], [122.457946, 11.142927], [122.457946, 11.142657], [122.457677, 11.142657], [122.457677, 11.142388], [122.457407, 11.142388], [122.457407, 11.142657], [122.456599, 11.142657], [122.456599, 11.142927], [122.456329, 11.142927], [122.456329, 11.143196], [122.45606, 11.143196], [122.45606, 11.143466], [122.45579, 11.143466], [122.45579, 11.143735], [122.455521, 11.143735], [122.455521, 11.144005], [122.455251, 11.144005], [122.455251, 11.144274], [122.454982, 11.144274], [122.454982, 11.144544], [122.454173, 11.144544], [122.454173, 11.144274], [122.453904, 11.144274], [122.453904, 11.144005], [122.454173, 11.144005], [122.454173, 11.143735], [122.454443, 11.143735], [122.454443, 11.143196], [122.454712, 11.143196], [122.454712, 11.142927], [122.454982, 11.142927], [122.454982, 11.142388], [122.455251, 11.142388], [122.455251, 11.141849], [122.455521, 11.141849], [122.455521, 11.141579], [122.45579, 11.141579], [122.45579, 11.140501], [122.45606, 11.140501], [122.45606, 11.139423], [122.45579, 11.139423], [122.45579, 11.138884], [122.455521, 11.138884], [122.455521, 11.138615], [122.45579, 11.138615], [122.45579, 11.138076], [122.45606, 11.138076], [122.45606, 11.137537], [122.456329, 11.137537], [122.456329, 11.136459], [122.456599, 11.136459], [122.456599, 11.13592], [122.456868, 11.13592], [122.456868, 11.13565], [122.457407, 11.13565], [122.457407, 11.135381], [122.457946, 11.135381], [122.457946, 11.135111], [122.458755, 11.135111], [122.458755, 11.134842], [122.459563, 11.134842], [122.459563, 11.134572], [122.460102, 11.134572], [122.460102, 11.134303], [122.460371, 11.134303], [122.460371, 11.134033], [122.460641, 11.134033], [122.460641, 11.133764], [122.46118, 11.133764], [122.46118, 11.133494], [122.461988, 11.133494], [122.461988, 11.133225], [122.463605, 11.133225], [122.463605, 11.133494], [122.464683, 11.133494], [122.464683, 11.133225], [122.465222, 11.133225], [122.465222, 11.132955], [122.465492, 11.132955], [122.465492, 11.132686], [122.466031, 11.132686], [122.466031, 11.132416], [122.46657, 11.132416], [122.46657, 11.132147], [122.468187, 11.132147], [122.468187, 11.132416], [122.468456, 11.132416], [122.468456, 11.132686], [122.468726, 11.132686], [122.468726, 11.133225], [122.468456, 11.133225], [122.468456, 11.133764], [122.468187, 11.133764], [122.468187, 11.134033], [122.467917, 11.134033], [122.467917, 11.134842], [122.468187, 11.134842], [122.468187, 11.135111], [122.468456, 11.135111], [122.468456, 11.135381], [122.468995, 11.135381], [122.468995, 11.13565], [122.469265, 11.13565], [122.469265, 11.13592], [122.469534, 11.13592], [122.469534, 11.137267], [122.469804, 11.137267], [122.469804, 11.137537], [122.470073, 11.137537], [122.470073, 11.137806], [122.470343, 11.137806], [122.470343, 11.138345], [122.470612, 11.138345], [122.470612, 11.138615], [122.470882, 11.138615], [122.470882, 11.138884], [122.471151, 11.138884], [122.471151, 11.139423], [122.471421, 11.139423], [122.471421, 11.140232], [122.471151, 11.140232], [122.471151, 11.140771], [122.470882, 11.140771], [122.470882, 11.141579], [122.470612, 11.141579], [122.470612, 11.142388], [122.470343, 11.142388], [122.470343, 11.142927], [122.470073, 11.142927], [122.470073, 11.144005], [122.470343, 11.144005], [122.470343, 11.144544], [122.470882, 11.144544], [122.470882, 11.144813], [122.471151, 11.144813], [122.471151, 11.145082], [122.47169, 11.145082], [122.47169, 11.144813], [122.47196, 11.144813], [122.47196, 11.144544], [122.472229, 11.144544], [122.472229, 11.144274], [122.472499, 11.144274], [122.472499, 11.144005], [122.472768, 11.144005], [122.472768, 11.143466], [122.473038, 11.143466], [122.473038, 11.142657], [122.473577, 11.142657], [122.473577, 11.143196], [122.474116, 11.143196], [122.474116, 11.143466], [122.475463, 11.143466], [122.475463, 11.143196], [122.475733, 11.143196], [122.475733, 11.143466], [122.476272, 11.143466], [122.476272, 11.143735], [122.476541, 11.143735], [122.476541, 11.144005], [122.478967, 11.144005], [122.478967, 11.144274], [122.479506, 11.144274], [122.479506, 11.144544], [122.480045, 11.144544], [122.480045, 11.144813], [122.480853, 11.144813], [122.480853, 11.144544], [122.481123, 11.144544], [122.481123, 11.144274], [122.481392, 11.144274], [122.481392, 11.143466], [122.480853, 11.143466], [122.480853, 11.143196], [122.480314, 11.143196], [122.480314, 11.142927], [122.480045, 11.142927], [122.480045, 11.142657], [122.479775, 11.142657], [122.479775, 11.142388], [122.479506, 11.142388], [122.479506, 11.142118], [122.479236, 11.142118], [122.479236, 11.141579], [122.478967, 11.141579], [122.478967, 11.140771], [122.479236, 11.140771], [122.479236, 11.140232], [122.478967, 11.140232], [122.478967, 11.139693], [122.477889, 11.139693], [122.477889, 11.139962], [122.476811, 11.139962], [122.476811, 11.138884], [122.47735, 11.138884], [122.47735, 11.138615], [122.478158, 11.138615], [122.478158, 11.138345], [122.478697, 11.138345], [122.478697, 11.138076], [122.478967, 11.138076], [122.478967, 11.137806], [122.478697, 11.137806], [122.478697, 11.137537], [122.478158, 11.137537], [122.478158, 11.137267], [122.47708, 11.137267], [122.47708, 11.136998], [122.476811, 11.136998], [122.476811, 11.136728], [122.476272, 11.136728], [122.476272, 11.136189], [122.476002, 11.136189], [122.476002, 11.13592], [122.476272, 11.13592], [122.476272, 11.13565], [122.476541, 11.13565], [122.476541, 11.135381], [122.478428, 11.135381], [122.478428, 11.135111], [122.478967, 11.135111], [122.478967, 11.134842], [122.479506, 11.134842], [122.479506, 11.135111], [122.479775, 11.135111], [122.479775, 11.136459], [122.480045, 11.136459], [122.480045, 11.139423], [122.480314, 11.139423], [122.480314, 11.141579], [122.480584, 11.141579], [122.480584, 11.141849], [122.480853, 11.141849], [122.480853, 11.141579], [122.481662, 11.141579], [122.481662, 11.14131], [122.482201, 11.14131], [122.482201, 11.14104], [122.483009, 11.14104], [122.483009, 11.139962], [122.48274, 11.139962], [122.48274, 11.139693], [122.48247, 11.139693], [122.48247, 11.139423], [122.482201, 11.139423], [122.482201, 11.139154], [122.481931, 11.139154], [122.481931, 11.138615], [122.481662, 11.138615], [122.481662, 11.138345], [122.481931, 11.138345], [122.481931, 11.138076], [122.48247, 11.138076], [122.48247, 11.137806], [122.483009, 11.137806], [122.483009, 11.138076], [122.483279, 11.138076], [122.483279, 11.137806], [122.483548, 11.137806], [122.483548, 11.137537], [122.483818, 11.137537], [122.483818, 11.13592], [122.483548, 11.13592], [122.483548, 11.13565], [122.483009, 11.13565], [122.483009, 11.135381], [122.481392, 11.135381], [122.481392, 11.135111], [122.481123, 11.135111], [122.481123, 11.134303], [122.481392, 11.134303], [122.481392, 11.134033], [122.481662, 11.134033], [122.481662, 11.133494], [122.481931, 11.133494], [122.481931, 11.133225], [122.482201, 11.133225], [122.482201, 11.132955], [122.48247, 11.132955], [122.48247, 11.132686], [122.483009, 11.132686], [122.483009, 11.132955], [122.483279, 11.132955], [122.483279, 11.133225], [122.483548, 11.133225], [122.483548, 11.133764], [122.483818, 11.133764], [122.483818, 11.134572], [122.484087, 11.134572], [122.484087, 11.134842], [122.484357, 11.134842], [122.484357, 11.135111], [122.484895, 11.135111], [122.484895, 11.134842], [122.485165, 11.134842], [122.485165, 11.134572], [122.485434, 11.134572], [122.485434, 11.134303], [122.485704, 11.134303], [122.485704, 11.134033], [122.487051, 11.134033], [122.487051, 11.134303], [122.487321, 11.134303], [122.487321, 11.134572], [122.488399, 11.134572], [122.488399, 11.134303], [122.488938, 11.134303], [122.488938, 11.132686], [122.488668, 11.132686], [122.488668, 11.132416], [122.488399, 11.132416], [122.488399, 11.132147], [122.486782, 11.132147], [122.486782, 11.131608], [122.486512, 11.131608], [122.486512, 11.131338], [122.486782, 11.131338], [122.486782, 11.131069], [122.487321, 11.131069], [122.487321, 11.130799], [122.48759, 11.130799], [122.48759, 11.13026], [122.48786, 11.13026], [122.48786, 11.129721], [122.488129, 11.129721], [122.488129, 11.129182], [122.48786, 11.129182], [122.48786, 11.128913], [122.485973, 11.128913], [122.485973, 11.128643], [122.485704, 11.128643], [122.485704, 11.128374], [122.485434, 11.128374], [122.485434, 11.128104], [122.485165, 11.128104], [122.485165, 11.127835], [122.484895, 11.127835], [122.484895, 11.127565], [122.484626, 11.127565], [122.484626, 11.127296], [122.485165, 11.127296], [122.485165, 11.127026], [122.485434, 11.127026], [122.485434, 11.127296], [122.485973, 11.127296], [122.485973, 11.127565], [122.48759, 11.127565], [122.48759, 11.127026], [122.48786, 11.127026], [122.48786, 11.126757], [122.488129, 11.126757], [122.488129, 11.126487], [122.488399, 11.126487], [122.488399, 11.126757], [122.488668, 11.126757], [122.488668, 11.127026], [122.489477, 11.127026], [122.489477, 11.126757], [122.489746, 11.126757], [122.489746, 11.126487], [122.490555, 11.126487], [122.490555, 11.126757], [122.490824, 11.126757], [122.490824, 11.127565], [122.490285, 11.127565], [122.490285, 11.127835], [122.489477, 11.127835], [122.489477, 11.128104], [122.489207, 11.128104], [122.489207, 11.129452], [122.489477, 11.129452], [122.489477, 11.129721], [122.490285, 11.129721], [122.490285, 11.129452], [122.490824, 11.129452], [122.490824, 11.129182], [122.491363, 11.129182], [122.491363, 11.129991], [122.491094, 11.129991], [122.491094, 11.13026], [122.490824, 11.13026], [122.490824, 11.130799], [122.490555, 11.130799], [122.490555, 11.131608], [122.491094, 11.131608], [122.491094, 11.131877], [122.491633, 11.131877], [122.491633, 11.132147], [122.491902, 11.132147], [122.491902, 11.133225], [122.491633, 11.133225], [122.491633, 11.133494], [122.491363, 11.133494], [122.491363, 11.133764], [122.491633, 11.133764], [122.491633, 11.134033], [122.490824, 11.134033], [122.490824, 11.134842], [122.491094, 11.134842], [122.491094, 11.134572], [122.491363, 11.134572], [122.491363, 11.134303], [122.491902, 11.134303], [122.491902, 11.134033], [122.49298, 11.134033], [122.49298, 11.134303], [122.494328, 11.134303], [122.494328, 11.134033], [122.494597, 11.134033], [122.494597, 11.133764], [122.494867, 11.133764], [122.494867, 11.133494], [122.495136, 11.133494], [122.495136, 11.133225], [122.495406, 11.133225], [122.495406, 11.132955], [122.495675, 11.132955], [122.495675, 11.132686], [122.495945, 11.132686], [122.495945, 11.132416], [122.496214, 11.132416], [122.496214, 11.132147], [122.496484, 11.132147], [122.496484, 11.131877], [122.496753, 11.131877], [122.496753, 11.131338], [122.497023, 11.131338], [122.497023, 11.13053], [122.497562, 11.13053], [122.497562, 11.129991], [122.498101, 11.129991], [122.498101, 11.129721], [122.49837, 11.129721], [122.49837, 11.129182], [122.49864, 11.129182], [122.49864, 11.128913], [122.498909, 11.128913], [122.498909, 11.129182], [122.499179, 11.129182], [122.499179, 11.129452], [122.499718, 11.129452], [122.499718, 11.129721], [122.499987, 11.129721], [122.499987, 11.129991], [122.500526, 11.129991], [122.500526, 11.13026], [122.500796, 11.13026], [122.500796, 11.13053], [122.501065, 11.13053], [122.501065, 11.130799], [122.501335, 11.130799], [122.501335, 11.131069], [122.502143, 11.131069], [122.502143, 11.130799], [122.502682, 11.130799], [122.502682, 11.13053], [122.505916, 11.13053], [122.505916, 11.129721], [122.505647, 11.129721], [122.505647, 11.129452], [122.505377, 11.129452], [122.505377, 11.128643], [122.505108, 11.128643], [122.505108, 11.128374], [122.504838, 11.128374], [122.504838, 11.128104], [122.50403, 11.128104], [122.50403, 11.127835], [122.503491, 11.127835], [122.503491, 11.128104], [122.502952, 11.128104], [122.502952, 11.127835], [122.501874, 11.127835], [122.501874, 11.127565], [122.501065, 11.127565], [122.501065, 11.127296], [122.500796, 11.127296], [122.500796, 11.127026], [122.500257, 11.127026], [122.500257, 11.126757], [122.498101, 11.126757], [122.498101, 11.127026], [122.497562, 11.127026], [122.497562, 11.126757], [122.497023, 11.126757], [122.497023, 11.126487], [122.496753, 11.126487], [122.496753, 11.126218], [122.495675, 11.126218], [122.495675, 11.126487], [122.495406, 11.126487], [122.495406, 11.126757], [122.494328, 11.126757], [122.494328, 11.126487], [122.493789, 11.126487], [122.493789, 11.126218], [122.493519, 11.126218], [122.493519, 11.12514], [122.493789, 11.12514], [122.493789, 11.12487], [122.494058, 11.12487], [122.494058, 11.124601], [122.495136, 11.124601], [122.495136, 11.12487], [122.495406, 11.12487], [122.495406, 11.12514], [122.497023, 11.12514], [122.497023, 11.124601], [122.497292, 11.124601], [122.497292, 11.123792], [122.497023, 11.123792], [122.497023, 11.123253], [122.495675, 11.123253], [122.495675, 11.123523], [122.494597, 11.123523], [122.494597, 11.122445], [122.496214, 11.122445], [122.496214, 11.122175], [122.496753, 11.122175], [122.496753, 11.121906], [122.497292, 11.121906], [122.497292, 11.121636], [122.498101, 11.121636], [122.498101, 11.121906], [122.49837, 11.121906], [122.49837, 11.122175], [122.499448, 11.122175], [122.499448, 11.121906], [122.499718, 11.121906], [122.499718, 11.121636], [122.499987, 11.121636], [122.499987, 11.121367], [122.500526, 11.121367], [122.500526, 11.121097], [122.500796, 11.121097], [122.500796, 11.121367], [122.501065, 11.121367], [122.501065, 11.121906], [122.500796, 11.121906], [122.500796, 11.122714], [122.500526, 11.122714], [122.500526, 11.123253], [122.500257, 11.123253], [122.500257, 11.123792], [122.499987, 11.123792], [122.499987, 11.124062], [122.500257, 11.124062], [122.500257, 11.124331], [122.500526, 11.124331], [122.500526, 11.12487], [122.500796, 11.12487], [122.500796, 11.12514], [122.501065, 11.12514], [122.501065, 11.125409], [122.501335, 11.125409], [122.501335, 11.125679], [122.501604, 11.125679], [122.501604, 11.125948], [122.502143, 11.125948], [122.502143, 11.126218], [122.502952, 11.126218], [122.502952, 11.125948], [122.503491, 11.125948], [122.503491, 11.125409], [122.50403, 11.125409], [122.50403, 11.12514], [122.504569, 11.12514], [122.504569, 11.125409], [122.504838, 11.125409], [122.504838, 11.126218], [122.505108, 11.126218], [122.505108, 11.126757], [122.505647, 11.126757], [122.505647, 11.127026], [122.505916, 11.127026], [122.505916, 11.126757], [122.506455, 11.126757], [122.506455, 11.127026], [122.506994, 11.127026], [122.506994, 11.127296], [122.507264, 11.127296], [122.507264, 11.127565], [122.507533, 11.127565], [122.507533, 11.128104], [122.507803, 11.128104], [122.507803, 11.128374], [122.508072, 11.128374], [122.508072, 11.128643], [122.50942, 11.128643], [122.50942, 11.128374], [122.510767, 11.128374], [122.510767, 11.128643], [122.511306, 11.128643], [122.511306, 11.128913], [122.511575, 11.128913], [122.511575, 11.129452], [122.512114, 11.129452], [122.512114, 11.129721], [122.512384, 11.129721], [122.512384, 11.129452], [122.512923, 11.129452], [122.512923, 11.129182], [122.513192, 11.129182], [122.513192, 11.128913], [122.513462, 11.128913], [122.513462, 11.128643], [122.514001, 11.128643], [122.514001, 11.128374], [122.51454, 11.128374], [122.51454, 11.128104], [122.514809, 11.128104], [122.514809, 11.127835], [122.515079, 11.127835], [122.515079, 11.127565], [122.514809, 11.127565], [122.514809, 11.127026], [122.512384, 11.127026], [122.512384, 11.126757], [122.512114, 11.126757], [122.512114, 11.126218], [122.513192, 11.126218], [122.513192, 11.125948], [122.513462, 11.125948], [122.513462, 11.125409], [122.513731, 11.125409], [122.513731, 11.12514], [122.514809, 11.12514], [122.514809, 11.125409], [122.515079, 11.125409], [122.515079, 11.12514], [122.515348, 11.12514], [122.515348, 11.123792], [122.515079, 11.123792], [122.515079, 11.123523], [122.514001, 11.123523], [122.514001, 11.123253], [122.513462, 11.123253], [122.513462, 11.122984], [122.512923, 11.122984], [122.512923, 11.122714], [122.512114, 11.122714], [122.512114, 11.122445], [122.511845, 11.122445], [122.511845, 11.122175], [122.511575, 11.122175], [122.511575, 11.121636], [122.511306, 11.121636], [122.511306, 11.121097], [122.511036, 11.121097], [122.511036, 11.120828], [122.510767, 11.120828], [122.510767, 11.120558], [122.510497, 11.120558], [122.510497, 11.120289], [122.509689, 11.120289], [122.509689, 11.120558], [122.50942, 11.120558], [122.50942, 11.120828], [122.50915, 11.120828], [122.50915, 11.121097], [122.508881, 11.121097], [122.508881, 11.121367], [122.508342, 11.121367], [122.508342, 11.121097], [122.508072, 11.121097], [122.508072, 11.120289], [122.508342, 11.120289], [122.508342, 11.12002], [122.508072, 11.12002], [122.508072, 11.119481], [122.508342, 11.119481], [122.508342, 11.118942], [122.508881, 11.118942], [122.508881, 11.118672], [122.510228, 11.118672], [122.510228, 11.118942], [122.511306, 11.118942], [122.511306, 11.119211], [122.511575, 11.119211], [122.511575, 11.119481], [122.512653, 11.119481], [122.512653, 11.118672], [122.512384, 11.118672], [122.512384, 11.118403], [122.511845, 11.118403], [122.511845, 11.118672], [122.511575, 11.118672], [122.511575, 11.118403], [122.511036, 11.118403], [122.511036, 11.118133], [122.510767, 11.118133], [122.510767, 11.117864], [122.510497, 11.117864], [122.510497, 11.117594], [122.509958, 11.117594], [122.509958, 11.117325], [122.509689, 11.117325], [122.509689, 11.116786], [122.50942, 11.116786], [122.50942, 11.115169], [122.50915, 11.115169], [122.50915, 11.114899], [122.508881, 11.114899], [122.508881, 11.115438], [122.508611, 11.115438], [122.508611, 11.115977], [122.508342, 11.115977], [122.508342, 11.116247], [122.507533, 11.116247], [122.507533, 11.116516], [122.506994, 11.116516], [122.506994, 11.116786], [122.506725, 11.116786], [122.506725, 11.117055], [122.505647, 11.117055], [122.505647, 11.116786], [122.505377, 11.116786], [122.505377, 11.116516], [122.50403, 11.116516], [122.50403, 11.116786], [122.50376, 11.116786], [122.50376, 11.117055], [122.503491, 11.117055], [122.503491, 11.117594], [122.502682, 11.117594], [122.502682, 11.117325], [122.502413, 11.117325], [122.502413, 11.115708], [122.501874, 11.115708], [122.501874, 11.115977], [122.501335, 11.115977], [122.501335, 11.116247], [122.501065, 11.116247], [122.501065, 11.116786], [122.501335, 11.116786], [122.501335, 11.117864], [122.501065, 11.117864], [122.501065, 11.118133], [122.500796, 11.118133], [122.500796, 11.118403], [122.500526, 11.118403], [122.500526, 11.118133], [122.499987, 11.118133], [122.499987, 11.117864], [122.499448, 11.117864], [122.499448, 11.118133], [122.497562, 11.118133], [122.497562, 11.117864], [122.497023, 11.117864], [122.497023, 11.117594], [122.496753, 11.117594], [122.496753, 11.117325], [122.496214, 11.117325], [122.496214, 11.117055], [122.495945, 11.117055], [122.495945, 11.116786], [122.495406, 11.116786], [122.495406, 11.116516], [122.495136, 11.116516], [122.495136, 11.115977], [122.494597, 11.115977], [122.494597, 11.115708], [122.493789, 11.115708], [122.493789, 11.115977], [122.49298, 11.115977], [122.49298, 11.115708], [122.492711, 11.115708], [122.492711, 11.11463], [122.492441, 11.11463], [122.492441, 11.113821], [122.490555, 11.113821], [122.490555, 11.113552], [122.490016, 11.113552], [122.490016, 11.113821], [122.489746, 11.113821], [122.489746, 11.114091], [122.489477, 11.114091], [122.489477, 11.11463], [122.489207, 11.11463], [122.489207, 11.114899], [122.488938, 11.114899], [122.488938, 11.115977], [122.489207, 11.115977], [122.489207, 11.116247], [122.489477, 11.116247], [122.489477, 11.116516], [122.490016, 11.116516], [122.490016, 11.116786], [122.491363, 11.116786], [122.491363, 11.117055], [122.491633, 11.117055], [122.491633, 11.116786], [122.491902, 11.116786], [122.491902, 11.117055], [122.492441, 11.117055], [122.492441, 11.116786], [122.49298, 11.116786], [122.49298, 11.117055], [122.49325, 11.117055], [122.49325, 11.117594], [122.492711, 11.117594], [122.492711, 11.117864], [122.492441, 11.117864], [122.492441, 11.118133], [122.492172, 11.118133], [122.492172, 11.117864], [122.491902, 11.117864], [122.491902, 11.118133], [122.491363, 11.118133], [122.491363, 11.117864], [122.490285, 11.117864], [122.490285, 11.118133], [122.490016, 11.118133], [122.490016, 11.118672], [122.490285, 11.118672], [122.490285, 11.119211], [122.491094, 11.119211], [122.491094, 11.118942], [122.491363, 11.118942], [122.491363, 11.119211], [122.491633, 11.119211], [122.491633, 11.119481], [122.491902, 11.119481], [122.491902, 11.120558], [122.491633, 11.120558], [122.491633, 11.120828], [122.491363, 11.120828], [122.491363, 11.121367], [122.491094, 11.121367], [122.491094, 11.121636], [122.490824, 11.121636], [122.490824, 11.122175], [122.491094, 11.122175], [122.491094, 11.123792], [122.490824, 11.123792], [122.490824, 11.124062], [122.490555, 11.124062], [122.490555, 11.124331], [122.488938, 11.124331], [122.488938, 11.124601], [122.487321, 11.124601], [122.487321, 11.124331], [122.486512, 11.124331], [122.486512, 11.124062], [122.486243, 11.124062], [122.486243, 11.123792], [122.485704, 11.123792], [122.485704, 11.122714], [122.485973, 11.122714], [122.485973, 11.122175], [122.486243, 11.122175], [122.486243, 11.121097], [122.485973, 11.121097], [122.485973, 11.12002], [122.486243, 11.12002], [122.486243, 11.119211], [122.486512, 11.119211], [122.486512, 11.118133], [122.485704, 11.118133], [122.485704, 11.118403], [122.485434, 11.118403], [122.485434, 11.118942], [122.485165, 11.118942], [122.485165, 11.120558], [122.485434, 11.120558], [122.485434, 11.120828], [122.485165, 11.120828], [122.485165, 11.121906], [122.484895, 11.121906], [122.484895, 11.122175], [122.484626, 11.122175], [122.484626, 11.122714], [122.484087, 11.122714], [122.484087, 11.122984], [122.483818, 11.122984], [122.483818, 11.123523], [122.483548, 11.123523], [122.483548, 11.123792], [122.483818, 11.123792], [122.483818, 11.124062], [122.484087, 11.124062], [122.484087, 11.124601], [122.483818, 11.124601], [122.483818, 11.12487], [122.48274, 11.12487], [122.48274, 11.12514], [122.48247, 11.12514], [122.48247, 11.125409], [122.481931, 11.125409], [122.481931, 11.125679], [122.480853, 11.125679], [122.480853, 11.125409], [122.480584, 11.125409], [122.480584, 11.12514], [122.480045, 11.12514], [122.480045, 11.126757], [122.479775, 11.126757], [122.479775, 11.127026], [122.479506, 11.127026], [122.479506, 11.127296], [122.478967, 11.127296], [122.478967, 11.127565], [122.478697, 11.127565], [122.478697, 11.127835], [122.478428, 11.127835], [122.478428, 11.127565], [122.477889, 11.127565], [122.477889, 11.127296], [122.477619, 11.127296], [122.477619, 11.127026], [122.47735, 11.127026], [122.47735, 11.127565], [122.476811, 11.127565], [122.476811, 11.127835], [122.476541, 11.127835], [122.476541, 11.127565], [122.476272, 11.127565], [122.476272, 11.126757], [122.476002, 11.126757], [122.476002, 11.126487], [122.474655, 11.126487], [122.474655, 11.126757], [122.474385, 11.126757], [122.474385, 11.128643], [122.474116, 11.128643], [122.474116, 11.128913], [122.473307, 11.128913], [122.473307, 11.128643], [122.472768, 11.128643], [122.472768, 11.128374], [122.47196, 11.128374], [122.47196, 11.128643], [122.470882, 11.128643], [122.470882, 11.128913], [122.470612, 11.128913], [122.470612, 11.128643], [122.470343, 11.128643], [122.470343, 11.128104], [122.470073, 11.128104], [122.470073, 11.127296], [122.470343, 11.127296], [122.470343, 11.127026], [122.471151, 11.127026], [122.471151, 11.127296], [122.47196, 11.127296], [122.47196, 11.127026], [122.473038, 11.127026], [122.473038, 11.126757], [122.473307, 11.126757], [122.473307, 11.126487], [122.473577, 11.126487], [122.473577, 11.12514], [122.473846, 11.12514], [122.473846, 11.12487], [122.474385, 11.12487], [122.474385, 11.124601], [122.474655, 11.124601], [122.474655, 11.12487], [122.475733, 11.12487], [122.475733, 11.124601], [122.476002, 11.124601], [122.476002, 11.123523], [122.476272, 11.123523], [122.476272, 11.123253], [122.476541, 11.123253], [122.476541, 11.122984], [122.476811, 11.122984], [122.476811, 11.122714], [122.47708, 11.122714], [122.47708, 11.122445], [122.47735, 11.122445], [122.47735, 11.121906], [122.477619, 11.121906], [122.477619, 11.121636], [122.477889, 11.121636], [122.477889, 11.121367], [122.477619, 11.121367], [122.477619, 11.121097], [122.47735, 11.121097], [122.47735, 11.120828], [122.47708, 11.120828], [122.47708, 11.121097], [122.476811, 11.121097], [122.476811, 11.121367], [122.476272, 11.121367], [122.476272, 11.121636], [122.476002, 11.121636], [122.476002, 11.121906], [122.475733, 11.121906], [122.475733, 11.122175], [122.475463, 11.122175], [122.475463, 11.122445], [122.475194, 11.122445], [122.475194, 11.122714], [122.474655, 11.122714], [122.474655, 11.122984], [122.472499, 11.122984], [122.472499, 11.123253], [122.47169, 11.123253], [122.47169, 11.122445], [122.473038, 11.122445], [122.473038, 11.122175], [122.473307, 11.122175], [122.473307, 11.121906], [122.473577, 11.121906], [122.473577, 11.121636], [122.473846, 11.121636], [122.473846, 11.121367], [122.474116, 11.121367], [122.474116, 11.121097], [122.474385, 11.121097], [122.474385, 11.120289], [122.474655, 11.120289], [122.474655, 11.11975], [122.474924, 11.11975], [122.474924, 11.119481], [122.475194, 11.119481], [122.475194, 11.119211], [122.475463, 11.119211], [122.475463, 11.118133], [122.474385, 11.118133], [122.474385, 11.118403], [122.474116, 11.118403], [122.474116, 11.118672], [122.473846, 11.118672], [122.473846, 11.118942], [122.473577, 11.118942], [122.473577, 11.119481], [122.473307, 11.119481], [122.473307, 11.11975], [122.473038, 11.11975], [122.473038, 11.120289], [122.472768, 11.120289], [122.472768, 11.120558], [122.47169, 11.120558], [122.47169, 11.120289], [122.471421, 11.120289], [122.471421, 11.12002], [122.471151, 11.12002], [122.471151, 11.11975], [122.470882, 11.11975], [122.470882, 11.119481], [122.471151, 11.119481], [122.471151, 11.118942], [122.471421, 11.118942], [122.471421, 11.117055], [122.47169, 11.117055], [122.47169, 11.113821], [122.471421, 11.113821], [122.471421, 11.113282], [122.471151, 11.113282], [122.471151, 11.112743], [122.470882, 11.112743], [122.470882, 11.112474], [122.470073, 11.112474], [122.470073, 11.113282], [122.469804, 11.113282], [122.469804, 11.113821], [122.469534, 11.113821], [122.469534, 11.114091], [122.468995, 11.114091], [122.468995, 11.113013], [122.468726, 11.113013], [122.468726, 11.112743], [122.466839, 11.112743], [122.466839, 11.112474], [122.466031, 11.112474], [122.466031, 11.112743], [122.465492, 11.112743], [122.465492, 11.113013], [122.465222, 11.113013], [122.465222, 11.112474], [122.464953, 11.112474], [122.464953, 11.112204], [122.465222, 11.112204], [122.465222, 11.110857], [122.464953, 11.110857], [122.464953, 11.110587], [122.464683, 11.110587], [122.464683, 11.110318], [122.464414, 11.110318], [122.464414, 11.110857], [122.464144, 11.110857], [122.464144, 11.111396], [122.463875, 11.111396], [122.463875, 11.111665], [122.463605, 11.111665], [122.463605, 11.112204], [122.463336, 11.112204], [122.463336, 11.112474], [122.463066, 11.112474], [122.463066, 11.113552], [122.462797, 11.113552], [122.462797, 11.11436], [122.462527, 11.11436], [122.462527, 11.11463], [122.462258, 11.11463], [122.462258, 11.115169], [122.461988, 11.115169], [122.461988, 11.115708], [122.461449, 11.115708], [122.461449, 11.115977], [122.46118, 11.115977], [122.46118, 11.115708], [122.46091, 11.115708], [122.46091, 11.11463], [122.460641, 11.11463], [122.460641, 11.113821], [122.459563, 11.113821], [122.459563, 11.114091], [122.459294, 11.114091], [122.459294, 11.11436], [122.458755, 11.11436], [122.458755, 11.11463], [122.457946, 11.11463], [122.457946, 11.11436], [122.45579, 11.11436], [122.45579, 11.113821], [122.455521, 11.113821], [122.455521, 11.113552], [122.455251, 11.113552], [122.455251, 11.113282], [122.454982, 11.113282], [122.454982, 11.113013], [122.454443, 11.113013], [122.454443, 11.112743], [122.453634, 11.112743], [122.453634, 11.112474], [122.451478, 11.112474], [122.451478, 11.112743], [122.450939, 11.112743], [122.450939, 11.112474], [122.4504, 11.112474], [122.4504, 11.111396], [122.450131, 11.111396], [122.450131, 11.110587], [122.449861, 11.110587], [122.449861, 11.110048], [122.449322, 11.110048], [122.449322, 11.109779], [122.448244, 11.109779], [122.448244, 11.110048], [122.447436, 11.110048], [122.447436, 11.110318], [122.447166, 11.110318], [122.447166, 11.110048], [122.444741, 11.110048], [122.444741, 11.109779], [122.444202, 11.109779], [122.444202, 11.109509], [122.443393, 11.109509], [122.443393, 11.109779], [122.443124, 11.109779], [122.443124, 11.110318], [122.442854, 11.110318], [122.442854, 11.110587], [122.442315, 11.110587], [122.442315, 11.110048], [122.442046, 11.110048], [122.442046, 11.109779], [122.441776, 11.109779], [122.441776, 11.10897], [122.442315, 11.10897], [122.442315, 11.108431], [122.442585, 11.108431], [122.442585, 11.108162], [122.442315, 11.108162], [122.442315, 11.107892], [122.442046, 11.107892], [122.442046, 11.107623], [122.441776, 11.107623], [122.441776, 11.107353], [122.441237, 11.107353], [122.441237, 11.107084], [122.440968, 11.107084], [122.440968, 11.106545], [122.440429, 11.106545], [122.440429, 11.106006], [122.440698, 11.106006], [122.440698, 11.105467], [122.440968, 11.105467], [122.440968, 11.105197], [122.441507, 11.105197], [122.441507, 11.105467], [122.442315, 11.105467], [122.442315, 11.105197], [122.442585, 11.105197], [122.442585, 11.104658], [122.442315, 11.104658], [122.442315, 11.104119], [122.442046, 11.104119], [122.442046, 11.10385], [122.441776, 11.10385], [122.441776, 11.103311], [122.442046, 11.103311], [122.442046, 11.103041], [122.441776, 11.103041], [122.441776, 11.102772], [122.442854, 11.102772], [122.442854, 11.103041], [122.443124, 11.103041], [122.443124, 11.103311], [122.444202, 11.103311], [122.444202, 11.10358], [122.44501, 11.10358], [122.44501, 11.10385], [122.445549, 11.10385], [122.445549, 11.104119], [122.446627, 11.104119], [122.446627, 11.10385], [122.447166, 11.10385], [122.447166, 11.103311], [122.447436, 11.103311], [122.447436, 11.102502], [122.447705, 11.102502], [122.447705, 11.101963], [122.448514, 11.101963], [122.448514, 11.102233], [122.449053, 11.102233], [122.449053, 11.102502], [122.449322, 11.102502], [122.449322, 11.102772], [122.449592, 11.102772], [122.449592, 11.103041], [122.449861, 11.103041], [122.449861, 11.10358], [122.450131, 11.10358], [122.450131, 11.103041], [122.450939, 11.103041], [122.450939, 11.102772], [122.451748, 11.102772], [122.451748, 11.103041], [122.452017, 11.103041], [122.452017, 11.10385], [122.452556, 11.10385], [122.452556, 11.10358], [122.45579, 11.10358], [122.45579, 11.10385], [122.45606, 11.10385], [122.45606, 11.104119], [122.457138, 11.104119], [122.457138, 11.102502], [122.457407, 11.102502], [122.457407, 11.102233], [122.457677, 11.102233], [122.457677, 11.101963], [122.458755, 11.101963], [122.458755, 11.101694], [122.459563, 11.101694], [122.459563, 11.101963], [122.460102, 11.101963], [122.460102, 11.102233], [122.461719, 11.102233], [122.461719, 11.102502], [122.461988, 11.102502], [122.461988, 11.102772], [122.462258, 11.102772], [122.462258, 11.103311], [122.462527, 11.103311], [122.462527, 11.10385], [122.462797, 11.10385], [122.462797, 11.104119], [122.463066, 11.104119], [122.463066, 11.104389], [122.463336, 11.104389], [122.463336, 11.104658], [122.463605, 11.104658], [122.463605, 11.104928], [122.465492, 11.104928], [122.465492, 11.105197], [122.466031, 11.105197], [122.466031, 11.105467], [122.467648, 11.105467], [122.467648, 11.105197], [122.467917, 11.105197], [122.467917, 11.105467], [122.468726, 11.105467], [122.468726, 11.105736], [122.47196, 11.105736], [122.47196, 11.105467], [122.472229, 11.105467], [122.472229, 11.105197], [122.472499, 11.105197], [122.472499, 11.104658], [122.472768, 11.104658], [122.472768, 11.104389], [122.472499, 11.104389], [122.472499, 11.10358], [122.472229, 11.10358], [122.472229, 11.103311], [122.47196, 11.103311], [122.47196, 11.103041], [122.47169, 11.103041], [122.47169, 11.102772], [122.471421, 11.102772], [122.471421, 11.102502], [122.471151, 11.102502], [122.471151, 11.102233], [122.470882, 11.102233], [122.470882, 11.101963], [122.471151, 11.101963], [122.471151, 11.101424], [122.471421, 11.101424], [122.471421, 11.099807], [122.47169, 11.099807], [122.47169, 11.099268], [122.47196, 11.099268], [122.47196, 11.098729], [122.472768, 11.098729], [122.472768, 11.098999], [122.473038, 11.098999], [122.473038, 11.099807], [122.473307, 11.099807], [122.473307, 11.101694], [122.473577, 11.101694], [122.473577, 11.101963], [122.473846, 11.101963], [122.473846, 11.10358], [122.473577, 11.10358], [122.473577, 11.104658], [122.473846, 11.104658], [122.473846, 11.104928], [122.474116, 11.104928], [122.474116, 11.105197], [122.475463, 11.105197], [122.475463, 11.104928], [122.475733, 11.104928], [122.475733, 11.104658], [122.476002, 11.104658], [122.476002, 11.104389], [122.476272, 11.104389], [122.476272, 11.104119], [122.476541, 11.104119], [122.476541, 11.102502], [122.476272, 11.102502], [122.476272, 11.101963], [122.476541, 11.101963], [122.476541, 11.102233], [122.476811, 11.102233], [122.476811, 11.102502], [122.47708, 11.102502], [122.47708, 11.103041], [122.47735, 11.103041], [122.47735, 11.103311], [122.477889, 11.103311], [122.477889, 11.10358], [122.478428, 11.10358], [122.478428, 11.103311], [122.478697, 11.103311], [122.478697, 11.10358], [122.478967, 11.10358], [122.478967, 11.10385], [122.479236, 11.10385], [122.479236, 11.104389], [122.478967, 11.104389], [122.478967, 11.106006], [122.479506, 11.106006], [122.479506, 11.106275], [122.480584, 11.106275], [122.480584, 11.106545], [122.481123, 11.106545], [122.481123, 11.106814], [122.481662, 11.106814], [122.481662, 11.107084], [122.481931, 11.107084], [122.481931, 11.106814], [122.482201, 11.106814], [122.482201, 11.106545], [122.48247, 11.106545], [122.48247, 11.106275], [122.482201, 11.106275], [122.482201, 11.105736], [122.481931, 11.105736], [122.481931, 11.105467], [122.481662, 11.105467], [122.481662, 11.104658], [122.481392, 11.104658], [122.481392, 11.104389], [122.481662, 11.104389], [122.481662, 11.103041], [122.481931, 11.103041], [122.481931, 11.102502], [122.48247, 11.102502], [122.48247, 11.104658], [122.48274, 11.104658], [122.48274, 11.105197], [122.483009, 11.105197], [122.483009, 11.106275], [122.483279, 11.106275], [122.483279, 11.106545], [122.484087, 11.106545], [122.484087, 11.106814], [122.484895, 11.106814], [122.484895, 11.107084], [122.485165, 11.107084], [122.485165, 11.106814], [122.485704, 11.106814], [122.485704, 11.106545], [122.485973, 11.106545], [122.485973, 11.106006], [122.486512, 11.106006], [122.486512, 11.106275], [122.48759, 11.106275], [122.48759, 11.106006], [122.488938, 11.106006], [122.488938, 11.106545], [122.490016, 11.106545], [122.490016, 11.106814], [122.490285, 11.106814], [122.490285, 11.106545], [122.491633, 11.106545], [122.491633, 11.105736], [122.490824, 11.105736], [122.490824, 11.105467], [122.490016, 11.105467], [122.490016, 11.105197], [122.489746, 11.105197], [122.489746, 11.104928], [122.489477, 11.104928], [122.489477, 11.104658], [122.489207, 11.104658], [122.489207, 11.104389], [122.488938, 11.104389], [122.488938, 11.104119], [122.488399, 11.104119], [122.488399, 11.10385], [122.488668, 11.10385], [122.488668, 11.10358], [122.489746, 11.10358], [122.489746, 11.10385], [122.490555, 11.10385], [122.490555, 11.104119], [122.490824, 11.104119], [122.490824, 11.104389], [122.491363, 11.104389], [122.491363, 11.104658], [122.491633, 11.104658], [122.491633, 11.104928], [122.492441, 11.104928], [122.492441, 11.104658], [122.492711, 11.104658], [122.492711, 11.104389], [122.492441, 11.104389], [122.492441, 11.10385], [122.492172, 11.10385], [122.492172, 11.103311], [122.492441, 11.103311], [122.492441, 11.102772], [122.492711, 11.102772], [122.492711, 11.102502], [122.493519, 11.102502], [122.493519, 11.102772], [122.493789, 11.102772], [122.493789, 11.103041], [122.494328, 11.103041], [122.494328, 11.102772], [122.494597, 11.102772], [122.494597, 11.102233], [122.494328, 11.102233], [122.494328, 11.101155], [122.494058, 11.101155], [122.494058, 11.100616], [122.493519, 11.100616], [122.493519, 11.100346], [122.49298, 11.100346], [122.49298, 11.100077], [122.492172, 11.100077], [122.492172, 11.100346], [122.491902, 11.100346], [122.491902, 11.100077], [122.491094, 11.100077], [122.491094, 11.099807], [122.490824, 11.099807], [122.490824, 11.099538], [122.489477, 11.099538], [122.489477, 11.099268], [122.488668, 11.099268], [122.488668, 11.098999], [122.488129, 11.098999], [122.488129, 11.098729], [122.48786, 11.098729], [122.48786, 11.09819], [122.488129, 11.09819], [122.488129, 11.097921], [122.488399, 11.097921], [122.488399, 11.096843], [122.488129, 11.096843], [122.488129, 11.095495], [122.487051, 11.095495], [122.487051, 11.096843], [122.485973, 11.096843], [122.485973, 11.096304], [122.485704, 11.096304], [122.485704, 11.096034], [122.485973, 11.096034], [122.485973, 11.095226], [122.485434, 11.095226], [122.485434, 11.094957], [122.485165, 11.094957], [122.485165, 11.094687], [122.484895, 11.094687], [122.484895, 11.093879], [122.484626, 11.093879], [122.484626, 11.089028], [122.484895, 11.089028], [122.484895, 11.08795], [122.484626, 11.08795], [122.484626, 11.08768], [122.484357, 11.08768], [122.484357, 11.087411], [122.484087, 11.087411], [122.484087, 11.087141], [122.483548, 11.087141], [122.483548, 11.086872], [122.48274, 11.086872], [122.48274, 11.087141], [122.48247, 11.087141], [122.48247, 11.088219], [122.482201, 11.088219], [122.482201, 11.088489], [122.481931, 11.088489], [122.481931, 11.089297], [122.481662, 11.089297], [122.481662, 11.090645], [122.481392, 11.090645], [122.481392, 11.091184], [122.481123, 11.091184], [122.481123, 11.091723], [122.480853, 11.091723], [122.480853, 11.091992], [122.480584, 11.091992], [122.480584, 11.092262], [122.479775, 11.092262], [122.479775, 11.09334], [122.480045, 11.09334], [122.480045, 11.093879], [122.480314, 11.093879], [122.480314, 11.094148], [122.480045, 11.094148], [122.480045, 11.094687], [122.479775, 11.094687], [122.479775, 11.094418], [122.479236, 11.094418], [122.479236, 11.094148], [122.478697, 11.094148], [122.478697, 11.093879], [122.478428, 11.093879], [122.478428, 11.093609], [122.478697, 11.093609], [122.478697, 11.092531], [122.478428, 11.092531], [122.478428, 11.092262], [122.477619, 11.092262], [122.477619, 11.092531], [122.47708, 11.092531], [122.47708, 11.094957], [122.476811, 11.094957], [122.476811, 11.095495], [122.476002, 11.095495], [122.476002, 11.095226], [122.475733, 11.095226], [122.475733, 11.094148], [122.475463, 11.094148], [122.475463, 11.093879], [122.475194, 11.093879], [122.475194, 11.09334], [122.475463, 11.09334], [122.475463, 11.091723], [122.475194, 11.091723], [122.475194, 11.091453], [122.474655, 11.091453], [122.474655, 11.091723], [122.474385, 11.091723], [122.474385, 11.091992], [122.474116, 11.091992], [122.474116, 11.092262], [122.473307, 11.092262], [122.473307, 11.091992], [122.472229, 11.091992], [122.472229, 11.092262], [122.47196, 11.092262], [122.47196, 11.092531], [122.47169, 11.092531], [122.47169, 11.093609], [122.47196, 11.093609], [122.47196, 11.094418], [122.47169, 11.094418], [122.47169, 11.094687], [122.470073, 11.094687], [122.470073, 11.094418], [122.468995, 11.094418], [122.468995, 11.094687], [122.468726, 11.094687], [122.468726, 11.094957], [122.468456, 11.094957], [122.468456, 11.095765], [122.468187, 11.095765], [122.468187, 11.096034], [122.467378, 11.096034], [122.467378, 11.094687], [122.467648, 11.094687], [122.467648, 11.094418], [122.467378, 11.094418], [122.467378, 11.094148], [122.465492, 11.094148], [122.465492, 11.094418], [122.463605, 11.094418], [122.463605, 11.093609], [122.464144, 11.093609], [122.464144, 11.09334], [122.465222, 11.09334], [122.465222, 11.09307], [122.465761, 11.09307], [122.465761, 11.092801], [122.466031, 11.092801], [122.466031, 11.092262], [122.4663, 11.092262], [122.4663, 11.091992], [122.46657, 11.091992], [122.46657, 11.091453], [122.467109, 11.091453], [122.467109, 11.091184], [122.468456, 11.091184], [122.468456, 11.091453], [122.468995, 11.091453], [122.468995, 11.091723], [122.470073, 11.091723], [122.470073, 11.091184], [122.470343, 11.091184], [122.470343, 11.090645], [122.470612, 11.090645], [122.470612, 11.089567], [122.470882, 11.089567], [122.470882, 11.089297], [122.47196, 11.089297], [122.47196, 11.089028], [122.472499, 11.089028], [122.472499, 11.088758], [122.472768, 11.088758], [122.472768, 11.088489], [122.473038, 11.088489], [122.473038, 11.08795], [122.470882, 11.08795], [122.470882, 11.08768], [122.470343, 11.08768], [122.470343, 11.087411], [122.469804, 11.087411], [122.469804, 11.087141], [122.468187, 11.087141], [122.468187, 11.087411], [122.467917, 11.087411], [122.467917, 11.08768], [122.467648, 11.08768], [122.467648, 11.08795], [122.467378, 11.08795], [122.467378, 11.088219], [122.46657, 11.088219], [122.46657, 11.087141], [122.466839, 11.087141], [122.466839, 11.086872], [122.467109, 11.086872], [122.467109, 11.086333], [122.467378, 11.086333], [122.467378, 11.086063], [122.467648, 11.086063], [122.467648, 11.085524], [122.46657, 11.085524], [122.46657, 11.085255], [122.4663, 11.085255], [122.4663, 11.083099], [122.466031, 11.083099], [122.466031, 11.082829], [122.465761, 11.082829], [122.465761, 11.08256], [122.465222, 11.08256], [122.465222, 11.08229], [122.464953, 11.08229], [122.464953, 11.080134], [122.464683, 11.080134], [122.464683, 11.079326], [122.464144, 11.079326], [122.464144, 11.078787], [122.464953, 11.078787], [122.464953, 11.079056], [122.465761, 11.079056], [122.465761, 11.078787], [122.466031, 11.078787], [122.466031, 11.077978], [122.465761, 11.077978], [122.465761, 11.077709], [122.465492, 11.077709], [122.465492, 11.077439], [122.465222, 11.077439], [122.465222, 11.0769], [122.464953, 11.0769], [122.464953, 11.075822], [122.464683, 11.075822], [122.464683, 11.073936], [122.464414, 11.073936], [122.464414, 11.073666], [122.464144, 11.073666], [122.464144, 11.073397], [122.463875, 11.073397], [122.463875, 11.073127], [122.463605, 11.073127], [122.463605, 11.072858], [122.463336, 11.072858], [122.463336, 11.072588], [122.463066, 11.072588], [122.463066, 11.072319], [122.462527, 11.072319], [122.462527, 11.072049], [122.461449, 11.072049], [122.461449, 11.07178], [122.46118, 11.07178], [122.46118, 11.07151], [122.46091, 11.07151], [122.46091, 11.070702], [122.460641, 11.070702], [122.460641, 11.070163], [122.460371, 11.070163], [122.460371, 11.068546], [122.460102, 11.068546], [122.460102, 11.068277], [122.459832, 11.068277], [122.459832, 11.067738], [122.459563, 11.067738], [122.459563, 11.067468], [122.459294, 11.067468], [122.459294, 11.06666], [122.459024, 11.06666], [122.459024, 11.06639], [122.458485, 11.06639], [122.458485, 11.066121], [122.458216, 11.066121], [122.458216, 11.065582], [122.457946, 11.065582], [122.457946, 11.065312], [122.457677, 11.065312], [122.457677, 11.065043], [122.456868, 11.065043], [122.456868, 11.065312], [122.456329, 11.065312], [122.456329, 11.065582], [122.45579, 11.065582], [122.45579, 11.065312], [122.455251, 11.065312], [122.455251, 11.064773], [122.454982, 11.064773], [122.454982, 11.064504], [122.454712, 11.064504], [122.454712, 11.062887], [122.454443, 11.062887], [122.454443, 11.062617], [122.453365, 11.062617], [122.453365, 11.062348], [122.451748, 11.062348], [122.451748, 11.062078], [122.451478, 11.062078], [122.451478, 11.061809], [122.451209, 11.061809], [122.451209, 11.061539], [122.450939, 11.061539], [122.450939, 11.061], [122.45067, 11.061], [122.45067, 11.060731], [122.4504, 11.060731], [122.4504, 11.060461], [122.450131, 11.060461], [122.450131, 11.060192], [122.449861, 11.060192], [122.449861, 11.059922], [122.449592, 11.059922], [122.449592, 11.058575], [122.449322, 11.058575], [122.449322, 11.058844], [122.448514, 11.058844], [122.448514, 11.059114], [122.448783, 11.059114], [122.448783, 11.059383], [122.448514, 11.059383], [122.448514, 11.059653], [122.448244, 11.059653], [122.448244, 11.058844], [122.447975, 11.058844], [122.447975, 11.057766], [122.447705, 11.057766], [122.447705, 11.056688], [122.447975, 11.056688], [122.447975, 11.056419], [122.448244, 11.056419], [122.448244, 11.056149], [122.448514, 11.056149], [122.448514, 11.05588], [122.449322, 11.05588], [122.449322, 11.05561], [122.449592, 11.05561], [122.449592, 11.055341], [122.450131, 11.055341], [122.450131, 11.055071], [122.45067, 11.055071], [122.45067, 11.054802], [122.451478, 11.054802], [122.451478, 11.055071], [122.451748, 11.055071], [122.451748, 11.05561], [122.452017, 11.05561], [122.452017, 11.056419], [122.452287, 11.056419], [122.452287, 11.056688], [122.453365, 11.056688], [122.453365, 11.056419], [122.454173, 11.056419], [122.454173, 11.056149], [122.454443, 11.056149], [122.454443, 11.05588], [122.454712, 11.05588], [122.454712, 11.05561], [122.454982, 11.05561], [122.454982, 11.055341], [122.455251, 11.055341], [122.455251, 11.055071], [122.455521, 11.055071], [122.455521, 11.054802], [122.45579, 11.054802], [122.45579, 11.054532], [122.456599, 11.054532], [122.456599, 11.054802], [122.457138, 11.054802], [122.457138, 11.055071], [122.458485, 11.055071], [122.458485, 11.054802], [122.459024, 11.054802], [122.459024, 11.054532], [122.459294, 11.054532], [122.459294, 11.054263], [122.460641, 11.054263], [122.460641, 11.054532], [122.461449, 11.054532], [122.461449, 11.054802], [122.461719, 11.054802], [122.461719, 11.055071], [122.461988, 11.055071], [122.461988, 11.05561], [122.462258, 11.05561], [122.462258, 11.056688], [122.462527, 11.056688], [122.462527, 11.058036], [122.462797, 11.058036], [122.462797, 11.058844], [122.463066, 11.058844], [122.463066, 11.059114], [122.463336, 11.059114], [122.463336, 11.059383], [122.463875, 11.059383], [122.463875, 11.059653], [122.464683, 11.059653], [122.464683, 11.059922], [122.466031, 11.059922], [122.466031, 11.060192], [122.4663, 11.060192], [122.4663, 11.060461], [122.46657, 11.060461], [122.46657, 11.061], [122.466839, 11.061], [122.466839, 11.061809], [122.467109, 11.061809], [122.467109, 11.062078], [122.467378, 11.062078], [122.467378, 11.062348], [122.470882, 11.062348], [122.470882, 11.062078], [122.471151, 11.062078], [122.471151, 11.061809], [122.471421, 11.061809], [122.471421, 11.061539], [122.47196, 11.061539], [122.47196, 11.06127], [122.473038, 11.06127], [122.473038, 11.061539], [122.473307, 11.061539], [122.473307, 11.061809], [122.473577, 11.061809], [122.473577, 11.062078], [122.473846, 11.062078], [122.473846, 11.062348], [122.474116, 11.062348], [122.474116, 11.062617], [122.474655, 11.062617], [122.474655, 11.063156], [122.474924, 11.063156], [122.474924, 11.064234], [122.474655, 11.064234], [122.474655, 11.064504], [122.473846, 11.064504], [122.473846, 11.064773], [122.473307, 11.064773], [122.473307, 11.065043], [122.473038, 11.065043], [122.473038, 11.067738], [122.473307, 11.067738], [122.473307, 11.068007], [122.474924, 11.068007], [122.474924, 11.068277], [122.475194, 11.068277], [122.475194, 11.068816], [122.474924, 11.068816], [122.474924, 11.069085], [122.474655, 11.069085], [122.474655, 11.069355], [122.474385, 11.069355], [122.474385, 11.069624], [122.474116, 11.069624], [122.474116, 11.069894], [122.473846, 11.069894], [122.473846, 11.070163], [122.473307, 11.070163], [122.473307, 11.070432], [122.473038, 11.070432], [122.473038, 11.070971], [122.472768, 11.070971], [122.472768, 11.07151], [122.473038, 11.07151], [122.473038, 11.072049], [122.474116, 11.072049], [122.474116, 11.07178], [122.474385, 11.07178], [122.474385, 11.07151], [122.474924, 11.07151], [122.474924, 11.071241], [122.475733, 11.071241], [122.475733, 11.07151], [122.476002, 11.07151], [122.476002, 11.07178], [122.476272, 11.07178], [122.476272, 11.072049], [122.47735, 11.072049], [122.47735, 11.072319], [122.479236, 11.072319], [122.479236, 11.072588], [122.479506, 11.072588], [122.479506, 11.072858], [122.480045, 11.072858], [122.480045, 11.073127], [122.480584, 11.073127], [122.480584, 11.073397], [122.480853, 11.073397], [122.480853, 11.073666], [122.481123, 11.073666], [122.481123, 11.073936], [122.481392, 11.073936], [122.481392, 11.074205], [122.481662, 11.074205], [122.481662, 11.074475], [122.481931, 11.074475], [122.481931, 11.074744], [122.482201, 11.074744], [122.482201, 11.075014], [122.48247, 11.075014], [122.48247, 11.075283], [122.48274, 11.075283], [122.48274, 11.076361], [122.483009, 11.076361], [122.483009, 11.07717], [122.483279, 11.07717], [122.483279, 11.077439], [122.483818, 11.077439], [122.483818, 11.07717], [122.484357, 11.07717], [122.484357, 11.0769], [122.484626, 11.0769], [122.484626, 11.076631], [122.484895, 11.076631], [122.484895, 11.076361], [122.485165, 11.076361], [122.485165, 11.07717], [122.484895, 11.07717], [122.484895, 11.079326], [122.485165, 11.079326], [122.485165, 11.079595], [122.486243, 11.079595], [122.486243, 11.078787], [122.486512, 11.078787], [122.486512, 11.0769], [122.48759, 11.0769], [122.48759, 11.076631], [122.48786, 11.076631], [122.48786, 11.076361], [122.488129, 11.076361], [122.488129, 11.076092], [122.488399, 11.076092], [122.488399, 11.075822], [122.488938, 11.075822], [122.488938, 11.075553], [122.489207, 11.075553], [122.489207, 11.075283], [122.489477, 11.075283], [122.489477, 11.075014], [122.489746, 11.075014], [122.489746, 11.074744], [122.491094, 11.074744], [122.491094, 11.075014], [122.491363, 11.075014], [122.491363, 11.075283], [122.491633, 11.075283], [122.491633, 11.075553], [122.491902, 11.075553], [122.491902, 11.076092], [122.492172, 11.076092], [122.492172, 11.076361], [122.492441, 11.076361], [122.492441, 11.076631], [122.494328, 11.076631], [122.494328, 11.0769], [122.494597, 11.0769], [122.494597, 11.07717], [122.495675, 11.07717], [122.495675, 11.077439], [122.496214, 11.077439], [122.496214, 11.077709], [122.496484, 11.077709], [122.496484, 11.078517], [122.496753, 11.078517], [122.496753, 11.080404], [122.497023, 11.080404], [122.497023, 11.080673], [122.497292, 11.080673], [122.497292, 11.080943], [122.498909, 11.080943], [122.498909, 11.081482], [122.499179, 11.081482], [122.499179, 11.08229], [122.498909, 11.08229], [122.498909, 11.082829], [122.499179, 11.082829], [122.499179, 11.083099], [122.499987, 11.083099], [122.499987, 11.082829], [122.500526, 11.082829], [122.500526, 11.08256], [122.501065, 11.08256], [122.501065, 11.08229], [122.501604, 11.08229], [122.501604, 11.08256], [122.502413, 11.08256], [122.502413, 11.082829], [122.502952, 11.082829], [122.502952, 11.083099], [122.503221, 11.083099], [122.503221, 11.083368], [122.503491, 11.083368], [122.503491, 11.083907], [122.50376, 11.083907], [122.50376, 11.084177], [122.50403, 11.084177], [122.50403, 11.084716], [122.504299, 11.084716], [122.504299, 11.084985], [122.504569, 11.084985], [122.504569, 11.085524], [122.504838, 11.085524], [122.504838, 11.086602], [122.505108, 11.086602], [122.505108, 11.086872], [122.505377, 11.086872], [122.505377, 11.087141], [122.505647, 11.087141], [122.505647, 11.08768], [122.505916, 11.08768], [122.505916, 11.08795], [122.507533, 11.08795], [122.507533, 11.08768], [122.508072, 11.08768], [122.508072, 11.087411], [122.508611, 11.087411], [122.508611, 11.08768], [122.50915, 11.08768], [122.50915, 11.088219], [122.508881, 11.088219], [122.508881, 11.088758], [122.508611, 11.088758], [122.508611, 11.089297], [122.508342, 11.089297], [122.508342, 11.090106], [122.508611, 11.090106], [122.508611, 11.090645], [122.508881, 11.090645], [122.508881, 11.090914], [122.50915, 11.090914], [122.50915, 11.091184], [122.510497, 11.091184], [122.510497, 11.090914], [122.510767, 11.090914], [122.510767, 11.090375], [122.511036, 11.090375], [122.511036, 11.089297], [122.511575, 11.089297], [122.511575, 11.089028], [122.511845, 11.089028], [122.511845, 11.089297], [122.512114, 11.089297], [122.512114, 11.089567], [122.512384, 11.089567], [122.512384, 11.089836], [122.513462, 11.089836], [122.513462, 11.089567], [122.513731, 11.089567], [122.513731, 11.089836], [122.51427, 11.089836], [122.51427, 11.090375], [122.51454, 11.090375], [122.51454, 11.091453], [122.514809, 11.091453], [122.514809, 11.092531], [122.515079, 11.092531], [122.515079, 11.092801], [122.515348, 11.092801], [122.515348, 11.09307], [122.515887, 11.09307], [122.515887, 11.092801], [122.516157, 11.092801], [122.516157, 11.091453], [122.516426, 11.091453], [122.516426, 11.091184], [122.516696, 11.091184], [122.516696, 11.090914], [122.516965, 11.090914], [122.516965, 11.091184], [122.517774, 11.091184], [122.517774, 11.091453], [122.518043, 11.091453], [122.518043, 11.091723], [122.518582, 11.091723], [122.518582, 11.091992], [122.519391, 11.091992], [122.519391, 11.091723], [122.51966, 11.091723], [122.51966, 11.091453], [122.520469, 11.091453], [122.520469, 11.091184], [122.521816, 11.091184], [122.521816, 11.091453], [122.522086, 11.091453], [122.522086, 11.091723], [122.521816, 11.091723], [122.521816, 11.09307], [122.522086, 11.09307], [122.522086, 11.093609], [122.522355, 11.093609], [122.522355, 11.094687], [122.522625, 11.094687], [122.522625, 11.094957], [122.522894, 11.094957], [122.522894, 11.095226], [122.523433, 11.095226], [122.523433, 11.094957], [122.523972, 11.094957], [122.523972, 11.095226], [122.524781, 11.095226], [122.524781, 11.095495], [122.52505, 11.095495], [122.52505, 11.095226], [122.52532, 11.095226], [122.52532, 11.094687], [122.525589, 11.094687], [122.525589, 11.094148], [122.525859, 11.094148], [122.525859, 11.093609], [122.526128, 11.093609], [122.526128, 11.092262], [122.526398, 11.092262], [122.526398, 11.091992], [122.528015, 11.091992], [122.528015, 11.091453], [122.527745, 11.091453], [122.527745, 11.090914], [122.527476, 11.090914], [122.527476, 11.090375], [122.527206, 11.090375], [122.527206, 11.089028], [122.527476, 11.089028], [122.527476, 11.088758], [122.528284, 11.088758], [122.528284, 11.088489], [122.528554, 11.088489], [122.528554, 11.08795], [122.528823, 11.08795], [122.528823, 11.08768], [122.529093, 11.08768], [122.529093, 11.087411], [122.529362, 11.087411], [122.529362, 11.08768], [122.529632, 11.08768], [122.529632, 11.08795], [122.529901, 11.08795], [122.529901, 11.088758], [122.529632, 11.088758], [122.529632, 11.089836], [122.529901, 11.089836], [122.529901, 11.090106], [122.53071, 11.090106], [122.53071, 11.089836], [122.530979, 11.089836], [122.530979, 11.090106], [122.531249, 11.090106], [122.531249, 11.089836], [122.532327, 11.089836], [122.532327, 11.089567], [122.532866, 11.089567], [122.532866, 11.089297], [122.533135, 11.089297], [122.533135, 11.089028], [122.533405, 11.089028], [122.533405, 11.088219], [122.533135, 11.088219], [122.533135, 11.08795], [122.532596, 11.08795], [122.532596, 11.08768], [122.532327, 11.08768], [122.532327, 11.08795], [122.532057, 11.08795], [122.532057, 11.08768], [122.530979, 11.08768], [122.530979, 11.087141], [122.53071, 11.087141], [122.53071, 11.085794], [122.530979, 11.085794], [122.530979, 11.084985], [122.53071, 11.084985], [122.53071, 11.084446], [122.530979, 11.084446], [122.530979, 11.083099], [122.53071, 11.083099], [122.53071, 11.082829], [122.529901, 11.082829], [122.529901, 11.083099], [122.529632, 11.083099], [122.529632, 11.083368], [122.529093, 11.083368], [122.529093, 11.083638], [122.528554, 11.083638], [122.528554, 11.083907], [122.528015, 11.083907], [122.528015, 11.083638], [122.527745, 11.083638], [122.527745, 11.083368], [122.527476, 11.083368], [122.527476, 11.081751], [122.527206, 11.081751], [122.527206, 11.081482], [122.526937, 11.081482], [122.526937, 11.081212], [122.526667, 11.081212], [122.526667, 11.080673], [122.526398, 11.080673], [122.526398, 11.080404], [122.526667, 11.080404], [122.526667, 11.079326], [122.526398, 11.079326], [122.526398, 11.079056], [122.524242, 11.079056], [122.524242, 11.078517], [122.523972, 11.078517], [122.523972, 11.078248], [122.523703, 11.078248], [122.523703, 11.078517], [122.523433, 11.078517], [122.523433, 11.078787], [122.523164, 11.078787], [122.523164, 11.080134], [122.522894, 11.080134], [122.522894, 11.080404], [122.522625, 11.080404], [122.522625, 11.080673], [122.522086, 11.080673], [122.522086, 11.080943], [122.521547, 11.080943], [122.521547, 11.081212], [122.521277, 11.081212], [122.521277, 11.081482], [122.521008, 11.081482], [122.521008, 11.081751], [122.518852, 11.081751], [122.518852, 11.082021], [122.518582, 11.082021], [122.518582, 11.081751], [122.518313, 11.081751], [122.518313, 11.081482], [122.518043, 11.081482], [122.518043, 11.081212], [122.518313, 11.081212], [122.518313, 11.080943], [122.518582, 11.080943], [122.518582, 11.080673], [122.518852, 11.080673], [122.518852, 11.080404], [122.519391, 11.080404], [122.519391, 11.080134], [122.51993, 11.080134], [122.51993, 11.079865], [122.520469, 11.079865], [122.520469, 11.079595], [122.520738, 11.079595], [122.520738, 11.078787], [122.520469, 11.078787], [122.520469, 11.078248], [122.520199, 11.078248], [122.520199, 11.077978], [122.51966, 11.077978], [122.51966, 11.077709], [122.517504, 11.077709], [122.517504, 11.077439], [122.516426, 11.077439], [122.516426, 11.07717], [122.514809, 11.07717], [122.514809, 11.077439], [122.51427, 11.077439], [122.51427, 11.07717], [122.513192, 11.07717], [122.513192, 11.077439], [122.511575, 11.077439], [122.511575, 11.07717], [122.511306, 11.07717], [122.511306, 11.076631], [122.511575, 11.076631], [122.511575, 11.076361], [122.511845, 11.076361], [122.511845, 11.075822], [122.512114, 11.075822], [122.512114, 11.075553], [122.514001, 11.075553], [122.514001, 11.075283], [122.51427, 11.075283], [122.51427, 11.075014], [122.51454, 11.075014], [122.51454, 11.074744], [122.514809, 11.074744], [122.514809, 11.074475], [122.515079, 11.074475], [122.515079, 11.073936], [122.515348, 11.073936], [122.515348, 11.072049], [122.515079, 11.072049], [122.515079, 11.07178], [122.514809, 11.07178], [122.514809, 11.07151], [122.51454, 11.07151], [122.51454, 11.071241], [122.51427, 11.071241], [122.51427, 11.070971], [122.514001, 11.070971], [122.514001, 11.070702], [122.513192, 11.070702], [122.513192, 11.070432], [122.512653, 11.070432], [122.512653, 11.070163], [122.512384, 11.070163], [122.512384, 11.069894], [122.512114, 11.069894], [122.512114, 11.069624], [122.511845, 11.069624], [122.511845, 11.069355], [122.511575, 11.069355], [122.511575, 11.069085], [122.511306, 11.069085], [122.511306, 11.068816], [122.511036, 11.068816], [122.511036, 11.068546], [122.510767, 11.068546], [122.510767, 11.068277], [122.50942, 11.068277], [122.50942, 11.068007], [122.508881, 11.068007], [122.508881, 11.067738], [122.508342, 11.067738], [122.508342, 11.067468], [122.507803, 11.067468], [122.507803, 11.067199], [122.507533, 11.067199], [122.507533, 11.066929], [122.506994, 11.066929], [122.506994, 11.06666], [122.505647, 11.06666], [122.505647, 11.066929], [122.504569, 11.066929], [122.504569, 11.06666], [122.504299, 11.06666], [122.504299, 11.065851], [122.504569, 11.065851], [122.504569, 11.065312], [122.504838, 11.065312], [122.504838, 11.065043], [122.505108, 11.065043], [122.505108, 11.064773], [122.506994, 11.064773], [122.506994, 11.065043], [122.507264, 11.065043], [122.507264, 11.065312], [122.507533, 11.065312], [122.507533, 11.065582], [122.508342, 11.065582], [122.508342, 11.065312], [122.510767, 11.065312], [122.510767, 11.065043], [122.511306, 11.065043], [122.511306, 11.064773], [122.511036, 11.064773], [122.511036, 11.064504], [122.510767, 11.064504], [122.510767, 11.063965], [122.510497, 11.063965], [122.510497, 11.063426], [122.510228, 11.063426], [122.510228, 11.063156], [122.509958, 11.063156], [122.509958, 11.062887], [122.508881, 11.062887], [122.508881, 11.062617], [122.507803, 11.062617], [122.507803, 11.062887], [122.504569, 11.062887], [122.504569, 11.062617], [122.503491, 11.062617], [122.503491, 11.062348], [122.502952, 11.062348], [122.502952, 11.062078], [122.502682, 11.062078], [122.502682, 11.061809], [122.502413, 11.061809], [122.502413, 11.06127], [122.502143, 11.06127], [122.502143, 11.060192], [122.501874, 11.060192], [122.501874, 11.059653], [122.501604, 11.059653], [122.501604, 11.059383], [122.501335, 11.059383], [122.501335, 11.056958], [122.501604, 11.056958], [122.501604, 11.056419], [122.501874, 11.056419], [122.501874, 11.056149], [122.501604, 11.056149], [122.501604, 11.05588], [122.501335, 11.05588], [122.501335, 11.055071], [122.501604, 11.055071], [122.501604, 11.054802], [122.502143, 11.054802], [122.502143, 11.054532], [122.502952, 11.054532], [122.502952, 11.054263], [122.503221, 11.054263], [122.503221, 11.053993], [122.503491, 11.053993], [122.503491, 11.053724], [122.504299, 11.053724], [122.504299, 11.053993], [122.505377, 11.053993], [122.505377, 11.054263], [122.506455, 11.054263], [122.506455, 11.053993], [122.506725, 11.053993], [122.506725, 11.053724], [122.506994, 11.053724], [122.506994, 11.052376], [122.506725, 11.052376], [122.506725, 11.052107], [122.506455, 11.052107], [122.506455, 11.051568], [122.506186, 11.051568], [122.506186, 11.051298], [122.506455, 11.051298], [122.506455, 11.05022], [122.505647, 11.05022], [122.505647, 11.049951], [122.505377, 11.049951], [122.505377, 11.049681], [122.505108, 11.049681], [122.505108, 11.049412], [122.504838, 11.049412], [122.504838, 11.049142], [122.504569, 11.049142], [122.504569, 11.048873], [122.50403, 11.048873], [122.50403, 11.049142], [122.503491, 11.049142], [122.503491, 11.049412], [122.503221, 11.049412], [122.503221, 11.049951], [122.502952, 11.049951], [122.502952, 11.05049], [122.502682, 11.05049], [122.502682, 11.051029], [122.502413, 11.051029], [122.502413, 11.051298], [122.502143, 11.051298], [122.502143, 11.051568], [122.500257, 11.051568], [122.500257, 11.052376], [122.499987, 11.052376], [122.499987, 11.052646], [122.499448, 11.052646], [122.499448, 11.052915], [122.499179, 11.052915], [122.499179, 11.053724], [122.498909, 11.053724], [122.498909, 11.054263], [122.49837, 11.054263], [122.49837, 11.053993], [122.498101, 11.053993], [122.498101, 11.053724], [122.497562, 11.053724], [122.497562, 11.052376], [122.497831, 11.052376], [122.497831, 11.052107], [122.499179, 11.052107], [122.499179, 11.051837], [122.499448, 11.051837], [122.499448, 11.051568], [122.499718, 11.051568], [122.499718, 11.050759], [122.499987, 11.050759], [122.499987, 11.05049], [122.500257, 11.05049], [122.500257, 11.05022], [122.500526, 11.05022], [122.500526, 11.049412], [122.500796, 11.049412], [122.500796, 11.048873], [122.501065, 11.048873], [122.501065, 11.048603], [122.501335, 11.048603], [122.501335, 11.048064], [122.501065, 11.048064], [122.501065, 11.047795], [122.500796, 11.047795], [122.500796, 11.047525], [122.500526, 11.047525], [122.500526, 11.047256], [122.500257, 11.047256], [122.500257, 11.046986], [122.499987, 11.046986], [122.499987, 11.046178], [122.499718, 11.046178], [122.499718, 11.045908], [122.499179, 11.045908], [122.499179, 11.046178], [122.498909, 11.046178], [122.498909, 11.047256], [122.497023, 11.047256], [122.497023, 11.047525], [122.496753, 11.047525], [122.496753, 11.047795], [122.496484, 11.047795], [122.496484, 11.048064], [122.496214, 11.048064], [122.496214, 11.048334], [122.495675, 11.048334], [122.495675, 11.048603], [122.495406, 11.048603], [122.495406, 11.048873], [122.493789, 11.048873], [122.493789, 11.049142], [122.49325, 11.049142], [122.49325, 11.048873], [122.49298, 11.048873], [122.49298, 11.048603], [122.492711, 11.048603], [122.492711, 11.047525], [122.492441, 11.047525], [122.492441, 11.047256], [122.492172, 11.047256], [122.492172, 11.046986], [122.491902, 11.046986], [122.491902, 11.046717], [122.491633, 11.046717], [122.491633, 11.046447], [122.490555, 11.046447], [122.490555, 11.047795], [122.490824, 11.047795], [122.490824, 11.049412], [122.490555, 11.049412], [122.490555, 11.049681], [122.490285, 11.049681], [122.490285, 11.05022], [122.490016, 11.05022], [122.490016, 11.05049], [122.489746, 11.05049], [122.489746, 11.050759], [122.488938, 11.050759], [122.488938, 11.05049], [122.488668, 11.05049], [122.488668, 11.048873], [122.488129, 11.048873], [122.488129, 11.049142], [122.487321, 11.049142], [122.487321, 11.048873], [122.487051, 11.048873], [122.487051, 11.048064], [122.487321, 11.048064], [122.487321, 11.047795], [122.48759, 11.047795], [122.48759, 11.047525], [122.48786, 11.047525], [122.48786, 11.047256], [122.488129, 11.047256], [122.488129, 11.046447], [122.487051, 11.046447], [122.487051, 11.046717], [122.486512, 11.046717], [122.486512, 11.046986], [122.486243, 11.046986], [122.486243, 11.047256], [122.485973, 11.047256], [122.485973, 11.047525], [122.484895, 11.047525], [122.484895, 11.046986], [122.485165, 11.046986], [122.485165, 11.046717], [122.485434, 11.046717], [122.485434, 11.046447], [122.485704, 11.046447], [122.485704, 11.046178], [122.485973, 11.046178], [122.485973, 11.045639], [122.486243, 11.045639], [122.486243, 11.044831], [122.486512, 11.044831], [122.486512, 11.044292], [122.486243, 11.044292], [122.486243, 11.044022], [122.485973, 11.044022], [122.485973, 11.043753], [122.485704, 11.043753], [122.485704, 11.044022], [122.485165, 11.044022], [122.485165, 11.044292], [122.484087, 11.044292], [122.484087, 11.043483], [122.484357, 11.043483], [122.484357, 11.043214], [122.484895, 11.043214], [122.484895, 11.042944], [122.485434, 11.042944], [122.485434, 11.042675], [122.488399, 11.042675], [122.488399, 11.042405], [122.489477, 11.042405], [122.489477, 11.042136], [122.490285, 11.042136], [122.490285, 11.041866], [122.490555, 11.041866], [122.490555, 11.041597], [122.490285, 11.041597], [122.490285, 11.041058], [122.489207, 11.041058], [122.489207, 11.041327], [122.487321, 11.041327], [122.487321, 11.041597], [122.487051, 11.041597], [122.487051, 11.041327], [122.486782, 11.041327], [122.486782, 11.040788], [122.487051, 11.040788], [122.487051, 11.040519], [122.487321, 11.040519], [122.487321, 11.03971], [122.487051, 11.03971], [122.487051, 11.039441], [122.486243, 11.039441], [122.486243, 11.03971], [122.485973, 11.03971], [122.485973, 11.03998], [122.485704, 11.03998], [122.485704, 11.040249], [122.485434, 11.040249], [122.485434, 11.040788], [122.485165, 11.040788], [122.485165, 11.041058], [122.484895, 11.041058], [122.484895, 11.041327], [122.483548, 11.041327], [122.483548, 11.041597], [122.48274, 11.041597], [122.48274, 11.041327], [122.48247, 11.041327], [122.48247, 11.040249], [122.48274, 11.040249], [122.48274, 11.03998], [122.483009, 11.03998], [122.483009, 11.03971], [122.483548, 11.03971], [122.483548, 11.039441], [122.483818, 11.039441], [122.483818, 11.039171], [122.484087, 11.039171], [122.484087, 11.038902], [122.484357, 11.038902], [122.484357, 11.038632], [122.484895, 11.038632], [122.484895, 11.038363], [122.486243, 11.038363], [122.486243, 11.038632], [122.486512, 11.038632], [122.486512, 11.038363], [122.487321, 11.038363], [122.487321, 11.038632], [122.48786, 11.038632], [122.48786, 11.038902], [122.488129, 11.038902], [122.488129, 11.039171], [122.488399, 11.039171], [122.488399, 11.039441], [122.488668, 11.039441], [122.488668, 11.039171], [122.488938, 11.039171], [122.488938, 11.038902], [122.488668, 11.038902], [122.488668, 11.037824], [122.488399, 11.037824], [122.488399, 11.037285], [122.48786, 11.037285], [122.48786, 11.037015], [122.48759, 11.037015], [122.48759, 11.036746], [122.487321, 11.036746], [122.487321, 11.036207], [122.487051, 11.036207], [122.487051, 11.035668], [122.487321, 11.035668], [122.487321, 11.035129], [122.48759, 11.035129], [122.48759, 11.034859], [122.48786, 11.034859], [122.48786, 11.03459], [122.488129, 11.03459], [122.488129, 11.033242], [122.488399, 11.033242], [122.488399, 11.032973], [122.488129, 11.032973], [122.488129, 11.032703], [122.486782, 11.032703], [122.486782, 11.032973], [122.486512, 11.032973], [122.486512, 11.033242], [122.486243, 11.033242], [122.486243, 11.03459], [122.485973, 11.03459], [122.485973, 11.035937], [122.485704, 11.035937], [122.485704, 11.036476], [122.484895, 11.036476], [122.484895, 11.036746], [122.484357, 11.036746], [122.484357, 11.037015], [122.484087, 11.037015], [122.484087, 11.037285], [122.483818, 11.037285], [122.483818, 11.037554], [122.483548, 11.037554], [122.483548, 11.037824], [122.48274, 11.037824], [122.48274, 11.038093], [122.48247, 11.038093], [122.48247, 11.038363], [122.482201, 11.038363], [122.482201, 11.038902], [122.481392, 11.038902], [122.481392, 11.038093], [122.481123, 11.038093], [122.481123, 11.037824], [122.480853, 11.037824], [122.480853, 11.037554], [122.480584, 11.037554], [122.480584, 11.037015], [122.480853, 11.037015], [122.480853, 11.036746], [122.481123, 11.036746], [122.481123, 11.036476], [122.481392, 11.036476], [122.481392, 11.035937], [122.481123, 11.035937], [122.481123, 11.035668], [122.480584, 11.035668], [122.480584, 11.035937], [122.480314, 11.035937], [122.480314, 11.036207], [122.480045, 11.036207], [122.480045, 11.036746], [122.479506, 11.036746], [122.479506, 11.037015], [122.478967, 11.037015], [122.478967, 11.037285], [122.478697, 11.037285], [122.478697, 11.038632], [122.478428, 11.038632], [122.478428, 11.039441], [122.478158, 11.039441], [122.478158, 11.03998], [122.478428, 11.03998], [122.478428, 11.041327], [122.477889, 11.041327], [122.477889, 11.041597], [122.477619, 11.041597], [122.477619, 11.041866], [122.47735, 11.041866], [122.47735, 11.043214], [122.47708, 11.043214], [122.47708, 11.043483], [122.476541, 11.043483], [122.476541, 11.043214], [122.476272, 11.043214], [122.476272, 11.042675], [122.476002, 11.042675], [122.476002, 11.041866], [122.475733, 11.041866], [122.475733, 11.041327], [122.474385, 11.041327], [122.474385, 11.041058], [122.474116, 11.041058], [122.474116, 11.03971], [122.473846, 11.03971], [122.473846, 11.039441], [122.473307, 11.039441], [122.473307, 11.039171], [122.473038, 11.039171], [122.473038, 11.038902], [122.473307, 11.038902], [122.473307, 11.038632], [122.473577, 11.038632], [122.473577, 11.038363], [122.474924, 11.038363], [122.474924, 11.038093], [122.475463, 11.038093], [122.475463, 11.037824], [122.475733, 11.037824], [122.475733, 11.037554], [122.476002, 11.037554], [122.476002, 11.037015], [122.475733, 11.037015], [122.475733, 11.036746], [122.475463, 11.036746], [122.475463, 11.036476], [122.475194, 11.036476], [122.475194, 11.036207], [122.474924, 11.036207], [122.474924, 11.035937], [122.474655, 11.035937], [122.474655, 11.03432], [122.474924, 11.03432], [122.474924, 11.033781], [122.475194, 11.033781], [122.475194, 11.033512], [122.476272, 11.033512], [122.476272, 11.033781], [122.47708, 11.033781], [122.47708, 11.034051], [122.477889, 11.034051], [122.477889, 11.03432], [122.478428, 11.03432], [122.478428, 11.034051], [122.478697, 11.034051], [122.478697, 11.033781], [122.478967, 11.033781], [122.478967, 11.033512], [122.479236, 11.033512], [122.479236, 11.032973], [122.479506, 11.032973], [122.479506, 11.032434], [122.479236, 11.032434], [122.479236, 11.032164], [122.478967, 11.032164], [122.478967, 11.031895], [122.478697, 11.031895], [122.478697, 11.031625], [122.477889, 11.031625], [122.477889, 11.031356], [122.47735, 11.031356], [122.47735, 11.030547], [122.479775, 11.030547], [122.479775, 11.030278], [122.480045, 11.030278], [122.480045, 11.028661], [122.479506, 11.028661], [122.479506, 11.028391], [122.478967, 11.028391], [122.478967, 11.028661], [122.47735, 11.028661], [122.47735, 11.02893], [122.476811, 11.02893], [122.476811, 11.0292], [122.476002, 11.0292], [122.476002, 11.029469], [122.475733, 11.029469], [122.475733, 11.029739], [122.475463, 11.029739], [122.475463, 11.030008], [122.475194, 11.030008], [122.475194, 11.030278], [122.474924, 11.030278], [122.474924, 11.030547], [122.474655, 11.030547], [122.474655, 11.030817], [122.474385, 11.030817], [122.474385, 11.031086], [122.474116, 11.031086], [122.474116, 11.031356], [122.473577, 11.031356], [122.473577, 11.031625], [122.473307, 11.031625], [122.473307, 11.031895], [122.473038, 11.031895], [122.473038, 11.033512], [122.472768, 11.033512], [122.472768, 11.033781], [122.472499, 11.033781], [122.472499, 11.034051], [122.472229, 11.034051], [122.472229, 11.035129], [122.472499, 11.035129], [122.472499, 11.036207], [122.47169, 11.036207], [122.47169, 11.035668], [122.471421, 11.035668], [122.471421, 11.034859], [122.471151, 11.034859], [122.471151, 11.03432], [122.470882, 11.03432], [122.470882, 11.033781], [122.470073, 11.033781], [122.470073, 11.034051], [122.469265, 11.034051], [122.469265, 11.032434], [122.468995, 11.032434], [122.468995, 11.031895], [122.46657, 11.031895], [122.46657, 11.031625], [122.464953, 11.031625], [122.464953, 11.030278], [122.465222, 11.030278], [122.465222, 11.029739], [122.466031, 11.029739], [122.466031, 11.029469], [122.469534, 11.029469], [122.469534, 11.0292], [122.470073, 11.0292], [122.470073, 11.028122], [122.469804, 11.028122], [122.469804, 11.027852], [122.468995, 11.027852], [122.468995, 11.028122], [122.467109, 11.028122], [122.467109, 11.027852], [122.466839, 11.027852], [122.466839, 11.027583], [122.46657, 11.027583], [122.46657, 11.027313], [122.4663, 11.027313], [122.4663, 11.027044], [122.466031, 11.027044], [122.466031, 11.026505], [122.465761, 11.026505], [122.465761, 11.026235], [122.465492, 11.026235], [122.465492, 11.025966], [122.465222, 11.025966], [122.465222, 11.025696], [122.464953, 11.025696], [122.464953, 11.025427], [122.464414, 11.025427], [122.464414, 11.025157], [122.463875, 11.025157], [122.463875, 11.024888], [122.463605, 11.024888], [122.463605, 11.024618], [122.463066, 11.024618], [122.463066, 11.024079], [122.462797, 11.024079], [122.462797, 11.023271], [122.464144, 11.023271], [122.464144, 11.023001], [122.464953, 11.023001], [122.464953, 11.023271], [122.465222, 11.023271], [122.465222, 11.024079], [122.465492, 11.024079], [122.465492, 11.024349], [122.465761, 11.024349], [122.465761, 11.024618], [122.4663, 11.024618], [122.4663, 11.024888], [122.466839, 11.024888], [122.466839, 11.025157], [122.467109, 11.025157], [122.467109, 11.025427], [122.467917, 11.025427], [122.467917, 11.025157], [122.468187, 11.025157], [122.468187, 11.024618], [122.468456, 11.024618], [122.468456, 11.024349], [122.468187, 11.024349], [122.468187, 11.02381], [122.467917, 11.02381], [122.467917, 11.023271], [122.467648, 11.023271], [122.467648, 11.023001], [122.467917, 11.023001], [122.467917, 11.022732], [122.468726, 11.022732], [122.468726, 11.023001], [122.468995, 11.023001], [122.468995, 11.023271], [122.469804, 11.023271], [122.469804, 11.02354], [122.470343, 11.02354], [122.470343, 11.02381], [122.470612, 11.02381], [122.470612, 11.024349], [122.470882, 11.024349], [122.470882, 11.024618], [122.47169, 11.024618], [122.47169, 11.024349], [122.47196, 11.024349], [122.47196, 11.02354], [122.472229, 11.02354], [122.472229, 11.023001], [122.47196, 11.023001], [122.47196, 11.022462], [122.471421, 11.022462], [122.471421, 11.022193], [122.471151, 11.022193], [122.471151, 11.021923], [122.470882, 11.021923], [122.470882, 11.020845], [122.47196, 11.020845], [122.47196, 11.020307], [122.472229, 11.020307], [122.472229, 11.019498], [122.472499, 11.019498], [122.472499, 11.01869], [122.47196, 11.01869], [122.47196, 11.01842], [122.471421, 11.01842], [122.471421, 11.018151], [122.470073, 11.018151], [122.470073, 11.01842], [122.469265, 11.01842], [122.469265, 11.018151], [122.468726, 11.018151], [122.468726, 11.017612], [122.468456, 11.017612], [122.468456, 11.017073], [122.467917, 11.017073], [122.467917, 11.016803], [122.467648, 11.016803], [122.467648, 11.016534], [122.467109, 11.016534], [122.467109, 11.016264], [122.466839, 11.016264], [122.466839, 11.015186], [122.4663, 11.015186], [122.4663, 11.014917], [122.465761, 11.014917], [122.465761, 11.014647], [122.465222, 11.014647], [122.465222, 11.014378], [122.464953, 11.014378], [122.464953, 11.014108], [122.465222, 11.014108], [122.465222, 11.013839], [122.466839, 11.013839], [122.466839, 11.013569], [122.467109, 11.013569], [122.467109, 11.0133], [122.467378, 11.0133], [122.467378, 11.012222], [122.467648, 11.012222], [122.467648, 11.011952], [122.468187, 11.011952], [122.468187, 11.012222], [122.468456, 11.012222], [122.468456, 11.012761], [122.468187, 11.012761], [122.468187, 11.014378], [122.468456, 11.014378], [122.468456, 11.014647], [122.468726, 11.014647], [122.468726, 11.014917], [122.470882, 11.014917], [122.470882, 11.015725], [122.471421, 11.015725], [122.471421, 11.015995], [122.473038, 11.015995], [122.473038, 11.015725], [122.474116, 11.015725], [122.474116, 11.015995], [122.474385, 11.015995], [122.474385, 11.016534], [122.474655, 11.016534], [122.474655, 11.019768], [122.474924, 11.019768], [122.474924, 11.020037], [122.476272, 11.020037], [122.476272, 11.019768], [122.476541, 11.019768], [122.476541, 11.019229], [122.476811, 11.019229], [122.476811, 11.017342], [122.47735, 11.017342], [122.47735, 11.01869], [122.477619, 11.01869], [122.477619, 11.018959], [122.478158, 11.018959], [122.478158, 11.020307], [122.477889, 11.020307], [122.477889, 11.021384], [122.478158, 11.021384], [122.478158, 11.021923], [122.478428, 11.021923], [122.478428, 11.022193], [122.478697, 11.022193], [122.478697, 11.022462], [122.478967, 11.022462], [122.478967, 11.022732], [122.479236, 11.022732], [122.479236, 11.023001], [122.480045, 11.023001], [122.480045, 11.023271], [122.481123, 11.023271], [122.481123, 11.023001], [122.481392, 11.023001], [122.481392, 11.022732], [122.481662, 11.022732], [122.481662, 11.022462], [122.481931, 11.022462], [122.481931, 11.021115], [122.481662, 11.021115], [122.481662, 11.020845], [122.481392, 11.020845], [122.481392, 11.020307], [122.481662, 11.020307], [122.481662, 11.020037], [122.481931, 11.020037], [122.481931, 11.020307], [122.482201, 11.020307], [122.482201, 11.020037], [122.48274, 11.020037], [122.48274, 11.019498], [122.484087, 11.019498], [122.484087, 11.019768], [122.484357, 11.019768], [122.484357, 11.020037], [122.484626, 11.020037], [122.484626, 11.020307], [122.484895, 11.020307], [122.484895, 11.020576], [122.485704, 11.020576], [122.485704, 11.020307], [122.485973, 11.020307], [122.485973, 11.019498], [122.485434, 11.019498], [122.485434, 11.019229], [122.485165, 11.019229], [122.485165, 11.018959], [122.484895, 11.018959], [122.484895, 11.01869], [122.484626, 11.01869], [122.484626, 11.01842], [122.483818, 11.01842], [122.483818, 11.018151], [122.481662, 11.018151], [122.481662, 11.017881], [122.480045, 11.017881], [122.480045, 11.017612], [122.479775, 11.017612], [122.479775, 11.017342], [122.479506, 11.017342], [122.479506, 11.017073], [122.479236, 11.017073], [122.479236, 11.016803], [122.478967, 11.016803], [122.478967, 11.015995], [122.480853, 11.015995], [122.480853, 11.015725], [122.481123, 11.015725], [122.481123, 11.014917], [122.480853, 11.014917], [122.480853, 11.014108], [122.480584, 11.014108], [122.480584, 11.013839], [122.480314, 11.013839], [122.480314, 11.013569], [122.478967, 11.013569], [122.478967, 11.013839], [122.47708, 11.013839], [122.47708, 11.013569], [122.476811, 11.013569], [122.476811, 11.0133], [122.476541, 11.0133], [122.476541, 11.011413], [122.476811, 11.011413], [122.476811, 11.011144], [122.47735, 11.011144], [122.47735, 11.011413], [122.477889, 11.011413], [122.477889, 11.011683], [122.478158, 11.011683], [122.478158, 11.012222], [122.478428, 11.012222], [122.478428, 11.012491], [122.479506, 11.012491], [122.479506, 11.011683], [122.480853, 11.011683], [122.480853, 11.011952], [122.481123, 11.011952], [122.481123, 11.011683], [122.481662, 11.011683], [122.481662, 11.011413], [122.481931, 11.011413], [122.481931, 11.011144], [122.482201, 11.011144], [122.482201, 11.010605], [122.48247, 11.010605], [122.48247, 11.009527], [122.482201, 11.009527], [122.482201, 11.00791], [122.48247, 11.00791], [122.48247, 11.00764], [122.483009, 11.00764], [122.483009, 11.007371], [122.484357, 11.007371], [122.484357, 11.00764], [122.484626, 11.00764], [122.484626, 11.00791], [122.484895, 11.00791], [122.484895, 11.008718], [122.484626, 11.008718], [122.484626, 11.010066], [122.484895, 11.010066], [122.484895, 11.011144], [122.485165, 11.011144], [122.485165, 11.011413], [122.485973, 11.011413], [122.485973, 11.011144], [122.486243, 11.011144], [122.486243, 11.011413], [122.486512, 11.011413], [122.486512, 11.01303], [122.486782, 11.01303], [122.486782, 11.013569], [122.48786, 11.013569], [122.48786, 11.0133], [122.488938, 11.0133], [122.488938, 11.013569], [122.489207, 11.013569], [122.489207, 11.014378], [122.488938, 11.014378], [122.488938, 11.014647], [122.488668, 11.014647], [122.488668, 11.014917], [122.488399, 11.014917], [122.488399, 11.015186], [122.48786, 11.015186], [122.48786, 11.015725], [122.48759, 11.015725], [122.48759, 11.016264], [122.48786, 11.016264], [122.48786, 11.016534], [122.488938, 11.016534], [122.488938, 11.016803], [122.490555, 11.016803], [122.490555, 11.016534], [122.490824, 11.016534], [122.490824, 11.017073], [122.490555, 11.017073], [122.490555, 11.017342], [122.490285, 11.017342], [122.490285, 11.017612], [122.490555, 11.017612], [122.490555, 11.017881], [122.490285, 11.017881], [122.490285, 11.018151], [122.488938, 11.018151], [122.488938, 11.01842], [122.488668, 11.01842], [122.488668, 11.018959], [122.488938, 11.018959], [122.488938, 11.019229], [122.489746, 11.019229], [122.489746, 11.01869], [122.490016, 11.01869], [122.490016, 11.01842], [122.490285, 11.01842], [122.490285, 11.01869], [122.490555, 11.01869], [122.490555, 11.018959], [122.490824, 11.018959], [122.490824, 11.019229], [122.491094, 11.019229], [122.491094, 11.019498], [122.491633, 11.019498], [122.491633, 11.019229], [122.491902, 11.019229], [122.491902, 11.01869], [122.492172, 11.01869], [122.492172, 11.01842], [122.492441, 11.01842], [122.492441, 11.018151], [122.49325, 11.018151], [122.49325, 11.017342], [122.493519, 11.017342], [122.493519, 11.017073], [122.494058, 11.017073], [122.494058, 11.016803], [122.494328, 11.016803], [122.494328, 11.016534], [122.495945, 11.016534], [122.495945, 11.016264], [122.496753, 11.016264], [122.496753, 11.015995], [122.497023, 11.015995], [122.497023, 11.016264], [122.49864, 11.016264], [122.49864, 11.016534], [122.498909, 11.016534], [122.498909, 11.016803], [122.49864, 11.016803], [122.49864, 11.017612], [122.497562, 11.017612], [122.497562, 11.017342], [122.497023, 11.017342], [122.497023, 11.017073], [122.496484, 11.017073], [122.496484, 11.017342], [122.496214, 11.017342], [122.496214, 11.017612], [122.495945, 11.017612], [122.495945, 11.017881], [122.495675, 11.017881], [122.495675, 11.01869], [122.495945, 11.01869], [122.495945, 11.018959], [122.496214, 11.018959], [122.496214, 11.019498], [122.496484, 11.019498], [122.496484, 11.019768], [122.496753, 11.019768], [122.496753, 11.020037], [122.497023, 11.020037], [122.497023, 11.020307], [122.497292, 11.020307], [122.497292, 11.020576], [122.497562, 11.020576], [122.497562, 11.020307], [122.497831, 11.020307], [122.497831, 11.020576], [122.499448, 11.020576], [122.499448, 11.021115], [122.499718, 11.021115], [122.499718, 11.021384], [122.499987, 11.021384], [122.499987, 11.021654], [122.500257, 11.021654], [122.500257, 11.021923], [122.500796, 11.021923], [122.500796, 11.022193], [122.501065, 11.022193], [122.501065, 11.022462], [122.501874, 11.022462], [122.501874, 11.022193], [122.503491, 11.022193], [122.503491, 11.022462], [122.50376, 11.022462], [122.50376, 11.022732], [122.50403, 11.022732], [122.50403, 11.023001], [122.504299, 11.023001], [122.504299, 11.023271], [122.504569, 11.023271], [122.504569, 11.02354], [122.505108, 11.02354], [122.505108, 11.02381], [122.505647, 11.02381], [122.505647, 11.024079], [122.506186, 11.024079], [122.506186, 11.024349], [122.507533, 11.024349], [122.507533, 11.024079], [122.507803, 11.024079], [122.507803, 11.02381], [122.508881, 11.02381], [122.508881, 11.02354], [122.50915, 11.02354], [122.50915, 11.023271], [122.509689, 11.023271], [122.509689, 11.022732], [122.509958, 11.022732], [122.509958, 11.022462], [122.509689, 11.022462], [122.509689, 11.021654], [122.50942, 11.021654], [122.50942, 11.021384], [122.509689, 11.021384], [122.509689, 11.021115], [122.510228, 11.021115], [122.510228, 11.020307], [122.511845, 11.020307], [122.511845, 11.020576], [122.512653, 11.020576], [122.512653, 11.020307], [122.513192, 11.020307], [122.513192, 11.020037], [122.513462, 11.020037], [122.513462, 11.019498], [122.513731, 11.019498], [122.513731, 11.019229], [122.513462, 11.019229], [122.513462, 11.01869], [122.513192, 11.01869], [122.513192, 11.01842], [122.513462, 11.01842], [122.513462, 11.018151], [122.513731, 11.018151], [122.513731, 11.017881], [122.51454, 11.017881], [122.51454, 11.017612], [122.514809, 11.017612], [122.514809, 11.017342], [122.515079, 11.017342], [122.515079, 11.017073], [122.515348, 11.017073], [122.515348, 11.017342], [122.515887, 11.017342], [122.515887, 11.017612], [122.515348, 11.017612], [122.515348, 11.017881], [122.515079, 11.017881], [122.515079, 11.018151], [122.514809, 11.018151], [122.514809, 11.01869], [122.51454, 11.01869], [122.51454, 11.018959], [122.51427, 11.018959], [122.51427, 11.019229], [122.514001, 11.019229], [122.514001, 11.020037], [122.51454, 11.020037], [122.51454, 11.020307], [122.515618, 11.020307], [122.515618, 11.020037], [122.516696, 11.020037], [122.516696, 11.020307], [122.517235, 11.020307], [122.517235, 11.020576], [122.518313, 11.020576], [122.518313, 11.020307], [122.518582, 11.020307], [122.518582, 11.020037], [122.518313, 11.020037], [122.518313, 11.019768], [122.517504, 11.019768], [122.517504, 11.019229], [122.517235, 11.019229], [122.517235, 11.018959], [122.517504, 11.018959], [122.517504, 11.01869], [122.518043, 11.01869], [122.518043, 11.01842], [122.518852, 11.01842], [122.518852, 11.018151], [122.519121, 11.018151], [122.519121, 11.017881], [122.519391, 11.017881], [122.519391, 11.01842], [122.519121, 11.01842], [122.519121, 11.01869], [122.518852, 11.01869], [122.518852, 11.019229], [122.518313, 11.019229], [122.518313, 11.019498], [122.518852, 11.019498], [122.518852, 11.019768], [122.519391, 11.019768], [122.519391, 11.019498], [122.520199, 11.019498], [122.520199, 11.019229], [122.520738, 11.019229], [122.520738, 11.019498], [122.521277, 11.019498], [122.521277, 11.020037], [122.521547, 11.020037], [122.521547, 11.020307], [122.522086, 11.020307], [122.522086, 11.020037], [122.522355, 11.020037], [122.522355, 11.018959], [122.522894, 11.018959], [122.522894, 11.01869], [122.523433, 11.01869], [122.523433, 11.01842], [122.523164, 11.01842], [122.523164, 11.018151], [122.522894, 11.018151], [122.522894, 11.017612], [122.523164, 11.017612], [122.523164, 11.017342], [122.522894, 11.017342], [122.522894, 11.017073], [122.522625, 11.017073], [122.522625, 11.016803], [122.522355, 11.016803], [122.522355, 11.017073], [122.521816, 11.017073], [122.521816, 11.016803], [122.521547, 11.016803], [122.521547, 11.017342], [122.522086, 11.017342], [122.522086, 11.017612], [122.520738, 11.017612], [122.520738, 11.016534], [122.521277, 11.016534], [122.521277, 11.016264], [122.521816, 11.016264], [122.521816, 11.015456], [122.521547, 11.015456], [122.521547, 11.015186], [122.520469, 11.015186], [122.520469, 11.015456], [122.520199, 11.015456], [122.520199, 11.015725], [122.51966, 11.015725], [122.51966, 11.016264], [122.519391, 11.016264], [122.519391, 11.015995], [122.518852, 11.015995], [122.518852, 11.013569], [122.518582, 11.013569], [122.518582, 11.01303], [122.516965, 11.01303], [122.516965, 11.0133], [122.516696, 11.0133], [122.516696, 11.013569], [122.516426, 11.013569], [122.516426, 11.013839], [122.515887, 11.013839], [122.515887, 11.014108], [122.515618, 11.014108], [122.515618, 11.014378], [122.515079, 11.014378], [122.515079, 11.014647], [122.514809, 11.014647], [122.514809, 11.014917], [122.51454, 11.014917], [122.51454, 11.015186], [122.51427, 11.015186], [122.51427, 11.015456], [122.514001, 11.015456], [122.514001, 11.015725], [122.513731, 11.015725], [122.513731, 11.015995], [122.513462, 11.015995], [122.513462, 11.016264], [122.513192, 11.016264], [122.513192, 11.016534], [122.512653, 11.016534], [122.512653, 11.016803], [122.512384, 11.016803], [122.512384, 11.016534], [122.511845, 11.016534], [122.511845, 11.016803], [122.511306, 11.016803], [122.511306, 11.017073], [122.510767, 11.017073], [122.510767, 11.017881], [122.511036, 11.017881], [122.511036, 11.01842], [122.511306, 11.01842], [122.511306, 11.01869], [122.511036, 11.01869], [122.511036, 11.019229], [122.510767, 11.019229], [122.510767, 11.019498], [122.510497, 11.019498], [122.510497, 11.019768], [122.509958, 11.019768], [122.509958, 11.020037], [122.50915, 11.020037], [122.50915, 11.019768], [122.50942, 11.019768], [122.50942, 11.017881], [122.50915, 11.017881], [122.50915, 11.016803], [122.510228, 11.016803], [122.510228, 11.016534], [122.511036, 11.016534], [122.511036, 11.015995], [122.511306, 11.015995], [122.511306, 11.014378], [122.510767, 11.014378], [122.510767, 11.014108], [122.509689, 11.014108], [122.509689, 11.014378], [122.508611, 11.014378], [122.508611, 11.014108], [122.507264, 11.014108], [122.507264, 11.014647], [122.505377, 11.014647], [122.505377, 11.014917], [122.504838, 11.014917], [122.504838, 11.015456], [122.50376, 11.015456], [122.50376, 11.014917], [122.503491, 11.014917], [122.503491, 11.014647], [122.503221, 11.014647], [122.503221, 11.014378], [122.502952, 11.014378], [122.502952, 11.014108], [122.502682, 11.014108], [122.502682, 11.013839], [122.502413, 11.013839], [122.502413, 11.0133], [122.502143, 11.0133], [122.502143, 11.01303], [122.502413, 11.01303], [122.502413, 11.012491], [122.502143, 11.012491], [122.502143, 11.012222], [122.500796, 11.012222], [122.500796, 11.012491], [122.500526, 11.012491], [122.500526, 11.012761], [122.498909, 11.012761], [122.498909, 11.01303], [122.49837, 11.01303], [122.49837, 11.012761], [122.498101, 11.012761], [122.498101, 11.012222], [122.497831, 11.012222], [122.497831, 11.011952], [122.497562, 11.011952], [122.497562, 11.011683], [122.497292, 11.011683], [122.497292, 11.011413], [122.497023, 11.011413], [122.497023, 11.010605], [122.495675, 11.010605], [122.495675, 11.011683], [122.495945, 11.011683], [122.495945, 11.012222], [122.496214, 11.012222], [122.496214, 11.012761], [122.496484, 11.012761], [122.496484, 11.0133], [122.496753, 11.0133], [122.496753, 11.013569], [122.496484, 11.013569], [122.496484, 11.013839], [122.495406, 11.013839], [122.495406, 11.014108], [122.495136, 11.014108], [122.495136, 11.014378], [122.494867, 11.014378], [122.494867, 11.014647], [122.494597, 11.014647], [122.494597, 11.014917], [122.494328, 11.014917], [122.494328, 11.015186], [122.49298, 11.015186], [122.49298, 11.014917], [122.492711, 11.014917], [122.492711, 11.013839], [122.49298, 11.013839], [122.49298, 11.0133], [122.493789, 11.0133], [122.493789, 11.013569], [122.494867, 11.013569], [122.494867, 11.0133], [122.495136, 11.0133], [122.495136, 11.012491], [122.494867, 11.012491], [122.494867, 11.010874], [122.494328, 11.010874], [122.494328, 11.010605], [122.494058, 11.010605], [122.494058, 11.010874], [122.493519, 11.010874], [122.493519, 11.010335], [122.49325, 11.010335], [122.49325, 11.010066], [122.493519, 11.010066], [122.493519, 11.009257], [122.493789, 11.009257], [122.493789, 11.008988], [122.494328, 11.008988], [122.494328, 11.008718], [122.495945, 11.008718], [122.495945, 11.008449], [122.496214, 11.008449], [122.496214, 11.008718], [122.496753, 11.008718], [122.496753, 11.008449], [122.497023, 11.008449], [122.497023, 11.008718], [122.498101, 11.008718], [122.498101, 11.008449], [122.49837, 11.008449], [122.49837, 11.00791], [122.49864, 11.00791], [122.49864, 11.007371], [122.498909, 11.007371], [122.498909, 11.006293], [122.499448, 11.006293], [122.499448, 11.006023], [122.501065, 11.006023], [122.501065, 11.006293], [122.501335, 11.006293], [122.501335, 11.006832], [122.501604, 11.006832], [122.501604, 11.007101], [122.501874, 11.007101], [122.501874, 11.007371], [122.502952, 11.007371], [122.502952, 11.007101], [122.503221, 11.007101], [122.503221, 11.006293], [122.50376, 11.006293], [122.50376, 11.004945], [122.50403, 11.004945], [122.50403, 11.004406], [122.50376, 11.004406], [122.50376, 11.004137], [122.50403, 11.004137], [122.50403, 11.00252], [122.50376, 11.00252], [122.50376, 11.001981], [122.50403, 11.001981], [122.50403, 11.001172], [122.504569, 11.001172], [122.504569, 11.001442], [122.504838, 11.001442], [122.504838, 11.001981], [122.505108, 11.001981], [122.505108, 11.00225], [122.505377, 11.00225], [122.505377, 11.00252], [122.505647, 11.00252], [122.505647, 11.002789], [122.506186, 11.002789], [122.506186, 11.00252], [122.506455, 11.00252], [122.506455, 11.00225], [122.506725, 11.00225], [122.506725, 11.002789], [122.506994, 11.002789], [122.506994, 11.00252], [122.507533, 11.00252], [122.507533, 11.002789], [122.507803, 11.002789], [122.507803, 11.003867], [122.508072, 11.003867], [122.508072, 11.004137], [122.508342, 11.004137], [122.508342, 11.004406], [122.508881, 11.004406], [122.508881, 11.004676], [122.50915, 11.004676], [122.50915, 11.004945], [122.50942, 11.004945], [122.50942, 11.005484], [122.509689, 11.005484], [122.509689, 11.006023], [122.509958, 11.006023], [122.509958, 11.006562], [122.510228, 11.006562], [122.510228, 11.006832], [122.510767, 11.006832], [122.510767, 11.007101], [122.511306, 11.007101], [122.511306, 11.00764], [122.511845, 11.00764], [122.511845, 11.007371], [122.511575, 11.007371], [122.511575, 11.006832], [122.511306, 11.006832], [122.511306, 11.006023], [122.511845, 11.006023], [122.511845, 11.005754], [122.512114, 11.005754], [122.512114, 11.006023], [122.512384, 11.006023], [122.512384, 11.006293], [122.512653, 11.006293], [122.512653, 11.007101], [122.513731, 11.007101], [122.513731, 11.007371], [122.514001, 11.007371], [122.514001, 11.008179], [122.51454, 11.008179], [122.51454, 11.008718], [122.514809, 11.008718], [122.514809, 11.010066], [122.515079, 11.010066], [122.515079, 11.010605], [122.515618, 11.010605], [122.515618, 11.010874], [122.516696, 11.010874], [122.516696, 11.011144], [122.516965, 11.011144], [122.516965, 11.011413], [122.517504, 11.011413], [122.517504, 11.011683], [122.518043, 11.011683], [122.518043, 11.011952], [122.518852, 11.011952], [122.518852, 11.012222], [122.519121, 11.012222], [122.519121, 11.012491], [122.519391, 11.012491], [122.519391, 11.012761], [122.51966, 11.012761], [122.51966, 11.0133], [122.51993, 11.0133], [122.51993, 11.013569], [122.521277, 11.013569], [122.521277, 11.013839], [122.521816, 11.013839], [122.521816, 11.014108], [122.522355, 11.014108], [122.522355, 11.014378], [122.524511, 11.014378], [122.524511, 11.014108], [122.52532, 11.014108], [122.52532, 11.013839], [122.525589, 11.013839], [122.525589, 11.0133], [122.52532, 11.0133], [122.52532, 11.01303], [122.52505, 11.01303], [122.52505, 11.012491], [122.52532, 11.012491], [122.52532, 11.012222], [122.526128, 11.012222], [122.526128, 11.012491], [122.526667, 11.012491], [122.526667, 11.011952], [122.526398, 11.011952], [122.526398, 11.011683], [122.526128, 11.011683], [122.526128, 11.011952], [122.52532, 11.011952], [122.52532, 11.011683], [122.52505, 11.011683], [122.52505, 11.011952], [122.523433, 11.011952], [122.523433, 11.011683], [122.523164, 11.011683], [122.523164, 11.011413], [122.522355, 11.011413], [122.522355, 11.011683], [122.522086, 11.011683], [122.522086, 11.011952], [122.522355, 11.011952], [122.522355, 11.012222], [122.522625, 11.012222], [122.522625, 11.012761], [122.522086, 11.012761], [122.522086, 11.01303], [122.521816, 11.01303], [122.521816, 11.012761], [122.521547, 11.012761], [122.521547, 11.012491], [122.521277, 11.012491], [122.521277, 11.011952], [122.521547, 11.011952], [122.521547, 11.011144], [122.521816, 11.011144], [122.521816, 11.010874], [122.522355, 11.010874], [122.522355, 11.010335], [122.522625, 11.010335], [122.522625, 11.010066], [122.522894, 11.010066], [122.522894, 11.009796], [122.523972, 11.009796], [122.523972, 11.010066], [122.524242, 11.010066], [122.524242, 11.010335], [122.52532, 11.010335], [122.52532, 11.010066], [122.525589, 11.010066], [122.525589, 11.009527], [122.525859, 11.009527], [122.525859, 11.009257], [122.526128, 11.009257], [122.526128, 11.008718], [122.526667, 11.008718], [122.526667, 11.00764], [122.526398, 11.00764], [122.526398, 11.007371], [122.525859, 11.007371], [122.525859, 11.007101], [122.525589, 11.007101], [122.525589, 11.006832], [122.52532, 11.006832], [122.52532, 11.006562], [122.52505, 11.006562], [122.52505, 11.005484], [122.524781, 11.005484], [122.524781, 11.004945], [122.525859, 11.004945], [122.525859, 11.004406], [122.525589, 11.004406], [122.525589, 11.004137], [122.525859, 11.004137], [122.525859, 11.003867], [122.525589, 11.003867], [122.525589, 11.003059], [122.525859, 11.003059], [122.525859, 11.003328], [122.526398, 11.003328], [122.526398, 11.004676], [122.526667, 11.004676], [122.526667, 11.004406], [122.527476, 11.004406], [122.527476, 11.004676], [122.528015, 11.004676], [122.528015, 11.004945], [122.527745, 11.004945], [122.527745, 11.005215], [122.527476, 11.005215], [122.527476, 11.005484], [122.526667, 11.005484], [122.526667, 11.005754], [122.526128, 11.005754], [122.526128, 11.006023], [122.526398, 11.006023], [122.526398, 11.006562], [122.526667, 11.006562], [122.526667, 11.007101], [122.526937, 11.007101], [122.526937, 11.006832], [122.527745, 11.006832], [122.527745, 11.006562], [122.528284, 11.006562], [122.528284, 11.006293], [122.528554, 11.006293], [122.528554, 11.006023], [122.528823, 11.006023], [122.528823, 11.005754], [122.529362, 11.005754], [122.529362, 11.005215], [122.529093, 11.005215], [122.529093, 11.004945], [122.528554, 11.004945], [122.528554, 11.004676], [122.529093, 11.004676], [122.529093, 11.004406], [122.528823, 11.004406], [122.528823, 11.004137], [122.528554, 11.004137], [122.528554, 11.003867], [122.529632, 11.003867], [122.529632, 11.003328], [122.529362, 11.003328], [122.529362, 11.002789], [122.528823, 11.002789], [122.528823, 11.003328], [122.528554, 11.003328], [122.528554, 11.003059], [122.527745, 11.003059], [122.527745, 11.002789], [122.527476, 11.002789], [122.527476, 11.00252], [122.527206, 11.00252], [122.527206, 11.001981], [122.526667, 11.001981], [122.526667, 11.001711], [122.52505, 11.001711], [122.52505, 11.001442], [122.524781, 11.001442], [122.524781, 11.001172], [122.524511, 11.001172], [122.524511, 11.000903], [122.524242, 11.000903], [122.524242, 11.000094], [122.523972, 11.000094], [122.523972, 10.998747], [122.523703, 10.998747], [122.523703, 10.998477], [122.523433, 10.998477], [122.523433, 10.998208], [122.523703, 10.998208], [122.523703, 10.997669], [122.523433, 10.997669], [122.523433, 10.99713], [122.523164, 10.99713], [122.523164, 10.998477], [122.522894, 10.998477], [122.522894, 10.999555], [122.522625, 10.999555], [122.522625, 11.000094], [122.522355, 11.000094], [122.522355, 11.000903], [122.522625, 11.000903], [122.522625, 11.001442], [122.523433, 11.001442], [122.523433, 11.001711], [122.523972, 11.001711], [122.523972, 11.00225], [122.524242, 11.00225], [122.524242, 11.00252], [122.524511, 11.00252], [122.524511, 11.003328], [122.524242, 11.003328], [122.524242, 11.003598], [122.523972, 11.003598], [122.523972, 11.004406], [122.523703, 11.004406], [122.523703, 11.004137], [122.523164, 11.004137], [122.523164, 11.004406], [122.522625, 11.004406], [122.522625, 11.004137], [122.522086, 11.004137], [122.522086, 11.004406], [122.521816, 11.004406], [122.521816, 11.004137], [122.521547, 11.004137], [122.521547, 11.004406], [122.521008, 11.004406], [122.521008, 11.005484], [122.521277, 11.005484], [122.521277, 11.005754], [122.520738, 11.005754], [122.520738, 11.004676], [122.520469, 11.004676], [122.520469, 11.006023], [122.51966, 11.006023], [122.51966, 11.005484], [122.520199, 11.005484], [122.520199, 11.005215], [122.51993, 11.005215], [122.51993, 11.004945], [122.519391, 11.004945], [122.519391, 11.005215], [122.519121, 11.005215], [122.519121, 11.004945], [122.518852, 11.004945], [122.518852, 11.004676], [122.518582, 11.004676], [122.518582, 11.004945], [122.518313, 11.004945], [122.518313, 11.004406], [122.518582, 11.004406], [122.518582, 11.004137], [122.518852, 11.004137], [122.518852, 11.003598], [122.51966, 11.003598], [122.51966, 11.003328], [122.51993, 11.003328], [122.51993, 11.003598], [122.520199, 11.003598], [122.520199, 11.003328], [122.521547, 11.003328], [122.521547, 11.003059], [122.521816, 11.003059], [122.521816, 11.00225], [122.521547, 11.00225], [122.521547, 11.001981], [122.521277, 11.001981], [122.521277, 11.000633], [122.520469, 11.000633], [122.520469, 11.000903], [122.51993, 11.000903], [122.51993, 11.000633], [122.51966, 11.000633], [122.51966, 11.000094], [122.520199, 11.000094], [122.520199, 10.999825], [122.520469, 10.999825], [122.520469, 10.999286], [122.520199, 10.999286], [122.520199, 10.998477], [122.519391, 10.998477], [122.519391, 10.997938], [122.518043, 10.997938], [122.518043, 10.998208], [122.515887, 10.998208], [122.515887, 10.997669], [122.515618, 10.997669], [122.515618, 10.99713], [122.515887, 10.99713], [122.515887, 10.99686], [122.516965, 10.99686], [122.516965, 10.99713], [122.518043, 10.99713], [122.518043, 10.99686], [122.518582, 10.99686], [122.518582, 10.995513], [122.518313, 10.995513], [122.518313, 10.995244], [122.517774, 10.995244], [122.517774, 10.994974], [122.517504, 10.994974], [122.517504, 10.994705], [122.516696, 10.994705], [122.516696, 10.994435], [122.516157, 10.994435], [122.516157, 10.994166], [122.515618, 10.994166], [122.515618, 10.993896], [122.515348, 10.993896], [122.515348, 10.993627], [122.515887, 10.993627], [122.515887, 10.993357], [122.516965, 10.993357], [122.516965, 10.993627], [122.517504, 10.993627], [122.517504, 10.994166], [122.517774, 10.994166], [122.517774, 10.994435], [122.518043, 10.994435], [122.518043, 10.994705], [122.518313, 10.994705], [122.518313, 10.994974], [122.520199, 10.994974], [122.520199, 10.995244], [122.521008, 10.995244], [122.521008, 10.994974], [122.521277, 10.994974], [122.521277, 10.994166], [122.521547, 10.994166], [122.521547, 10.993627], [122.522355, 10.993627], [122.522355, 10.993896], [122.522625, 10.993896], [122.522625, 10.994166], [122.524781, 10.994166], [122.524781, 10.994435], [122.52505, 10.994435], [122.52505, 10.994705], [122.526937, 10.994705], [122.526937, 10.994435], [122.528823, 10.994435], [122.528823, 10.994166], [122.529093, 10.994166], [122.529093, 10.993627], [122.528823, 10.993627], [122.528823, 10.993357], [122.528284, 10.993357], [122.528284, 10.993088], [122.528015, 10.993088], [122.528015, 10.992549], [122.528284, 10.992549], [122.528284, 10.992279], [122.528015, 10.992279], [122.528015, 10.99201], [122.526937, 10.99201], [122.526937, 10.992818], [122.526398, 10.992818], [122.526398, 10.993627], [122.525589, 10.993627], [122.525589, 10.993357], [122.52532, 10.993357], [122.52532, 10.992818], [122.525589, 10.992818], [122.525589, 10.992279], [122.52505, 10.992279], [122.52505, 10.99201], [122.524781, 10.99201], [122.524781, 10.99174], [122.524511, 10.99174], [122.524511, 10.992279], [122.524781, 10.992279], [122.524781, 10.992549], [122.524242, 10.992549], [122.524242, 10.993088], [122.523972, 10.993088], [122.523972, 10.993357], [122.523703, 10.993357], [122.523703, 10.993088], [122.522894, 10.993088], [122.522894, 10.992279], [122.522625, 10.992279], [122.522625, 10.990662], [122.523433, 10.990662], [122.523433, 10.990932], [122.523703, 10.990932], [122.523703, 10.991201], [122.524511, 10.991201], [122.524511, 10.990393], [122.524242, 10.990393], [122.524242, 10.990123], [122.524511, 10.990123], [122.524511, 10.989584], [122.524781, 10.989584], [122.524781, 10.989315], [122.524511, 10.989315], [122.524511, 10.989045], [122.524781, 10.989045], [122.524781, 10.988776], [122.52505, 10.988776], [122.52505, 10.988237], [122.524242, 10.988237], [122.524242, 10.988506], [122.523703, 10.988506], [122.523703, 10.988237], [122.523972, 10.988237], [122.523972, 10.987967], [122.524242, 10.987967], [122.524242, 10.987698], [122.524511, 10.987698], [122.524511, 10.986889], [122.524242, 10.986889], [122.524242, 10.98662], [122.524511, 10.98662], [122.524511, 10.98635], [122.52532, 10.98635], [122.52532, 10.98662], [122.526128, 10.98662], [122.526128, 10.987698], [122.525859, 10.987698], [122.525859, 10.987967], [122.526128, 10.987967], [122.526128, 10.989045], [122.526398, 10.989045], [122.526398, 10.989584], [122.526667, 10.989584], [122.526667, 10.989854], [122.526937, 10.989854], [122.526937, 10.989584], [122.527206, 10.989584], [122.527206, 10.988506], [122.526937, 10.988506], [122.526937, 10.987698], [122.526667, 10.987698], [122.526667, 10.987428], [122.526937, 10.987428], [122.526937, 10.98635], [122.526398, 10.98635], [122.526398, 10.985542], [122.526128, 10.985542], [122.526128, 10.983925], [122.526398, 10.983925], [122.526398, 10.983386], [122.526128, 10.983386], [122.526128, 10.983116], [122.525859, 10.983116], [122.525859, 10.982847], [122.524781, 10.982847], [122.524781, 10.983116], [122.524511, 10.983116], [122.524511, 10.982847], [122.524242, 10.982847], [122.524242, 10.982308], [122.523972, 10.982308], [122.523972, 10.982577], [122.523703, 10.982577], [122.523703, 10.983116], [122.523972, 10.983116], [122.523972, 10.983386], [122.523703, 10.983386], [122.523703, 10.983655], [122.524242, 10.983655], [122.524242, 10.984194], [122.523972, 10.984194], [122.523972, 10.983925], [122.523433, 10.983925], [122.523433, 10.984194], [122.523703, 10.984194], [122.523703, 10.984464], [122.523972, 10.984464], [122.523972, 10.985542], [122.523433, 10.985542], [122.523433, 10.985003], [122.523164, 10.985003], [122.523164, 10.984733], [122.522625, 10.984733], [122.522625, 10.984464], [122.522894, 10.984464], [122.522894, 10.983925], [122.522625, 10.983925], [122.522625, 10.983655], [122.522355, 10.983655], [122.522355, 10.982847], [122.522086, 10.982847], [122.522086, 10.982308], [122.521547, 10.982308], [122.521547, 10.981769], [122.521277, 10.981769], [122.521277, 10.98123], [122.521547, 10.98123], [122.521547, 10.98096], [122.521816, 10.98096], [122.521816, 10.98123], [122.522086, 10.98123], [122.522086, 10.981499], [122.522625, 10.981499], [122.522625, 10.98123], [122.522355, 10.98123], [122.522355, 10.980421], [122.522625, 10.980421], [122.522625, 10.979613], [122.522355, 10.979613], [122.522355, 10.978804], [122.522086, 10.978804], [122.522086, 10.977996], [122.522625, 10.977996], [122.522625, 10.977457], [122.522894, 10.977457], [122.522894, 10.97557], [122.523164, 10.97557], [122.523164, 10.975301], [122.523433, 10.975301], [122.523433, 10.975031], [122.523972, 10.975031], [122.523972, 10.974223], [122.522894, 10.974223], [122.522894, 10.974492], [122.522625, 10.974492], [122.522625, 10.974762], [122.522355, 10.974762], [122.522355, 10.975031], [122.521547, 10.975031], [122.521547, 10.974762], [122.521277, 10.974762], [122.521277, 10.974492], [122.520738, 10.974492], [122.520738, 10.974223], [122.520199, 10.974223], [122.520199, 10.973953], [122.51966, 10.973953], [122.51966, 10.972875], [122.519391, 10.972875], [122.519391, 10.972606], [122.519121, 10.972606], [122.519121, 10.972336], [122.518582, 10.972336], [122.518582, 10.972606], [122.517774, 10.972606], [122.517774, 10.972336], [122.516965, 10.972336], [122.516965, 10.972606], [122.516426, 10.972606], [122.516426, 10.972336], [122.516157, 10.972336], [122.516157, 10.972875], [122.515887, 10.972875], [122.515887, 10.972606], [122.515348, 10.972606], [122.515348, 10.972875], [122.515079, 10.972875], [122.515079, 10.973145], [122.514809, 10.973145], [122.514809, 10.973414], [122.51454, 10.973414], [122.51454, 10.974492], [122.514809, 10.974492], [122.514809, 10.975031], [122.515618, 10.975031], [122.515618, 10.97557], [122.515887, 10.97557], [122.515887, 10.975301], [122.516157, 10.975301], [122.516157, 10.975031], [122.516965, 10.975031], [122.516965, 10.975301], [122.517235, 10.975301], [122.517235, 10.97557], [122.517504, 10.97557], [122.517504, 10.976109], [122.516965, 10.976109], [122.516965, 10.976379], [122.516426, 10.976379], [122.516426, 10.976109], [122.516157, 10.976109], [122.516157, 10.976379], [122.515618, 10.976379], [122.515618, 10.976109], [122.515348, 10.976109], [122.515348, 10.97584], [122.515079, 10.97584], [122.515079, 10.97557], [122.51427, 10.97557], [122.51427, 10.97584], [122.513192, 10.97584], [122.513192, 10.97557], [122.512923, 10.97557], [122.512923, 10.975301], [122.512653, 10.975301], [122.512653, 10.975031], [122.511306, 10.975031], [122.511306, 10.975301], [122.511036, 10.975301], [122.511036, 10.97557], [122.510767, 10.97557], [122.510767, 10.976109], [122.510497, 10.976109], [122.510497, 10.976648], [122.510228, 10.976648], [122.510228, 10.976918], [122.509689, 10.976918], [122.509689, 10.977187], [122.50942, 10.977187], [122.50942, 10.977457], [122.508881, 10.977457], [122.508881, 10.977996], [122.508611, 10.977996], [122.508611, 10.979074], [122.508881, 10.979074], [122.508881, 10.979613], [122.50915, 10.979613], [122.50915, 10.980152], [122.50942, 10.980152], [122.50942, 10.980421], [122.509689, 10.980421], [122.509689, 10.98096], [122.510228, 10.98096], [122.510228, 10.98123], [122.510497, 10.98123], [122.510497, 10.981499], [122.511036, 10.981499], [122.511036, 10.982038], [122.511306, 10.982038], [122.511306, 10.982577], [122.511575, 10.982577], [122.511575, 10.982847], [122.511306, 10.982847], [122.511306, 10.983116], [122.511036, 10.983116], [122.511036, 10.983386], [122.510497, 10.983386], [122.510497, 10.984464], [122.510228, 10.984464], [122.510228, 10.981499], [122.509958, 10.981499], [122.509958, 10.98123], [122.509689, 10.98123], [122.509689, 10.981499], [122.508342, 10.981499], [122.508342, 10.981769], [122.507803, 10.981769], [122.507803, 10.982038], [122.507533, 10.982038], [122.507533, 10.982308], [122.506994, 10.982308], [122.506994, 10.982577], [122.506455, 10.982577], [122.506455, 10.982847], [122.505916, 10.982847], [122.505916, 10.983925], [122.506186, 10.983925], [122.506186, 10.984194], [122.506455, 10.984194], [122.506455, 10.984464], [122.506725, 10.984464], [122.506725, 10.984733], [122.506994, 10.984733], [122.506994, 10.985811], [122.506725, 10.985811], [122.506725, 10.986081], [122.506455, 10.986081], [122.506455, 10.98635], [122.506186, 10.98635], [122.506186, 10.987159], [122.506455, 10.987159], [122.506455, 10.987428], [122.506725, 10.987428], [122.506725, 10.987967], [122.506994, 10.987967], [122.506994, 10.989045], [122.506455, 10.989045], [122.506455, 10.990123], [122.506725, 10.990123], [122.506725, 10.990662], [122.506994, 10.990662], [122.506994, 10.99201], [122.506455, 10.99201], [122.506455, 10.992279], [122.506186, 10.992279], [122.506186, 10.99201], [122.505647, 10.99201], [122.505647, 10.991471], [122.505108, 10.991471], [122.505108, 10.99174], [122.504569, 10.99174], [122.504569, 10.992279], [122.504299, 10.992279], [122.504299, 10.993088], [122.504569, 10.993088], [122.504569, 10.993357], [122.504838, 10.993357], [122.504838, 10.994705], [122.504569, 10.994705], [122.504569, 10.994974], [122.50403, 10.994974], [122.50403, 10.995244], [122.502682, 10.995244], [122.502682, 10.995513], [122.502413, 10.995513], [122.502413, 10.998477], [122.502682, 10.998477], [122.502682, 10.999286], [122.502413, 10.999286], [122.502413, 10.999825], [122.502143, 10.999825], [122.502143, 11.000094], [122.501874, 11.000094], [122.501874, 11.000364], [122.501604, 11.000364], [122.501604, 11.000903], [122.501335, 11.000903], [122.501335, 11.001442], [122.501065, 11.001442], [122.501065, 11.001711], [122.500526, 11.001711], [122.500526, 11.001981], [122.500257, 11.001981], [122.500257, 11.00225], [122.499987, 11.00225], [122.499987, 11.00252], [122.499179, 11.00252], [122.499179, 11.002789], [122.498101, 11.002789], [122.498101, 11.003059], [122.497831, 11.003059], [122.497831, 11.003328], [122.497562, 11.003328], [122.497562, 11.003598], [122.497292, 11.003598], [122.497292, 11.004137], [122.497023, 11.004137], [122.497023, 11.004406], [122.496753, 11.004406], [122.496753, 11.004945], [122.496484, 11.004945], [122.496484, 11.005215], [122.496214, 11.005215], [122.496214, 11.004945], [122.495675, 11.004945], [122.495675, 11.004406], [122.495945, 11.004406], [122.495945, 11.004137], [122.496214, 11.004137], [122.496214, 11.001711], [122.496484, 11.001711], [122.496484, 11.001442], [122.498101, 11.001442], [122.498101, 11.001172], [122.498909, 11.001172], [122.498909, 11.000903], [122.499179, 11.000903], [122.499179, 11.000633], [122.499448, 11.000633], [122.499448, 11.000094], [122.499179, 11.000094], [122.499179, 10.999825], [122.49837, 10.999825], [122.49837, 10.999555], [122.498101, 10.999555], [122.498101, 10.998747], [122.499179, 10.998747], [122.499179, 10.998477], [122.499448, 10.998477], [122.499448, 10.998747], [122.499987, 10.998747], [122.499987, 10.999016], [122.500796, 10.999016], [122.500796, 10.998208], [122.501065, 10.998208], [122.501065, 10.995782], [122.500796, 10.995782], [122.500796, 10.995244], [122.500526, 10.995244], [122.500526, 10.994974], [122.500257, 10.994974], [122.500257, 10.994705], [122.500526, 10.994705], [122.500526, 10.994435], [122.501065, 10.994435], [122.501065, 10.994166], [122.501335, 10.994166], [122.501335, 10.993896], [122.501604, 10.993896], [122.501604, 10.993627], [122.501874, 10.993627], [122.501874, 10.993088], [122.502143, 10.993088], [122.502143, 10.992549], [122.501874, 10.992549], [122.501874, 10.992279], [122.500796, 10.992279], [122.500796, 10.992549], [122.500257, 10.992549], [122.500257, 10.992818], [122.499718, 10.992818], [122.499718, 10.993088], [122.499179, 10.993088], [122.499179, 10.993357], [122.498909, 10.993357], [122.498909, 10.993896], [122.49864, 10.993896], [122.49864, 10.994974], [122.49837, 10.994974], [122.49837, 10.995244], [122.497831, 10.995244], [122.497831, 10.995513], [122.496753, 10.995513], [122.496753, 10.995782], [122.496484, 10.995782], [122.496484, 10.995513], [122.496214, 10.995513], [122.496214, 10.994705], [122.496484, 10.994705], [122.496484, 10.994435], [122.496753, 10.994435], [122.496753, 10.994166], [122.497023, 10.994166], [122.497023, 10.993896], [122.497292, 10.993896], [122.497292, 10.993627], [122.497831, 10.993627], [122.497831, 10.993357], [122.49837, 10.993357], [122.49837, 10.992818], [122.49864, 10.992818], [122.49864, 10.992549], [122.49837, 10.992549], [122.49837, 10.992279], [122.498101, 10.992279], [122.498101, 10.99201], [122.497292, 10.99201], [122.497292, 10.992279], [122.497023, 10.992279], [122.497023, 10.992549], [122.496753, 10.992549], [122.496753, 10.992818], [122.496484, 10.992818], [122.496484, 10.993088], [122.496214, 10.993088], [122.496214, 10.993357], [122.495675, 10.993357], [122.495675, 10.993088], [122.495406, 10.993088], [122.495406, 10.992818], [122.495136, 10.992818], [122.495136, 10.992279], [122.495406, 10.992279], [122.495406, 10.99201], [122.495136, 10.99201], [122.495136, 10.99174], [122.494597, 10.99174], [122.494597, 10.99201], [122.494058, 10.99201], [122.494058, 10.992279], [122.493789, 10.992279], [122.493789, 10.992549], [122.493519, 10.992549], [122.493519, 10.992818], [122.492711, 10.992818], [122.492711, 10.992549], [122.492441, 10.992549], [122.492441, 10.992279], [122.491902, 10.992279], [122.491902, 10.99201], [122.491633, 10.99201], [122.491633, 10.99174], [122.491363, 10.99174], [122.491363, 10.991471], [122.491094, 10.991471], [122.491094, 10.991201], [122.490555, 10.991201], [122.490555, 10.992279], [122.490824, 10.992279], [122.490824, 10.992818], [122.490555, 10.992818], [122.490555, 10.993088], [122.490285, 10.993088], [122.490285, 10.993357], [122.490016, 10.993357], [122.490016, 10.993627], [122.489746, 10.993627], [122.489746, 10.994166], [122.490016, 10.994166], [122.490016, 10.994435], [122.490285, 10.994435], [122.490285, 10.994705], [122.490824, 10.994705], [122.490824, 10.994974], [122.491094, 10.994974], [122.491094, 10.995244], [122.491363, 10.995244], [122.491363, 10.995782], [122.491094, 10.995782], [122.491094, 10.996052], [122.490824, 10.996052], [122.490824, 10.996321], [122.490016, 10.996321], [122.490016, 10.998747], [122.489746, 10.998747], [122.489746, 10.999286], [122.489477, 10.999286], [122.489477, 10.999555], [122.488399, 10.999555], [122.488399, 10.999286], [122.488129, 10.999286], [122.488129, 10.999016], [122.48786, 10.999016], [122.48786, 10.996052], [122.486782, 10.996052], [122.486782, 10.995782], [122.486512, 10.995782], [122.486512, 10.995513], [122.485434, 10.995513], [122.485434, 10.996052], [122.485165, 10.996052], [122.485165, 10.99713], [122.485434, 10.99713], [122.485434, 10.997399], [122.485704, 10.997399], [122.485704, 10.997938], [122.485434, 10.997938], [122.485434, 10.998477], [122.485165, 10.998477], [122.485165, 10.999016], [122.484895, 10.999016], [122.484895, 10.999555], [122.484087, 10.999555], [122.484087, 10.999286], [122.483818, 10.999286], [122.483818, 10.998208], [122.483548, 10.998208], [122.483548, 10.99686], [122.483818, 10.99686], [122.483818, 10.996052], [122.483548, 10.996052], [122.483548, 10.995782], [122.483279, 10.995782], [122.483279, 10.996052], [122.48247, 10.996052], [122.48247, 10.996321], [122.482201, 10.996321], [122.482201, 10.996052], [122.481392, 10.996052], [122.481392, 10.996321], [122.481123, 10.996321], [122.481123, 10.996591], [122.480853, 10.996591], [122.480853, 10.997399], [122.481123, 10.997399], [122.481123, 10.998747], [122.480584, 10.998747], [122.480584, 10.998477], [122.480314, 10.998477], [122.480314, 10.998208], [122.479775, 10.998208], [122.479775, 10.997938], [122.479506, 10.997938], [122.479506, 10.997669], [122.479236, 10.997669], [122.479236, 10.99686], [122.478967, 10.99686], [122.478967, 10.996052], [122.479236, 10.996052], [122.479236, 10.995513], [122.479775, 10.995513], [122.479775, 10.995244], [122.480314, 10.995244], [122.480314, 10.994974], [122.480584, 10.994974], [122.480584, 10.994705], [122.480853, 10.994705], [122.480853, 10.994435], [122.481392, 10.994435], [122.481392, 10.994166], [122.481662, 10.994166], [122.481662, 10.993357], [122.481931, 10.993357], [122.481931, 10.993088], [122.482201, 10.993088], [122.482201, 10.992818], [122.48247, 10.992818], [122.48247, 10.992549], [122.483009, 10.992549], [122.483009, 10.992279], [122.483279, 10.992279], [122.483279, 10.99201], [122.483548, 10.99201], [122.483548, 10.991471], [122.483818, 10.991471], [122.483818, 10.990932], [122.483548, 10.990932], [122.483548, 10.990662], [122.482201, 10.990662], [122.482201, 10.990932], [122.481662, 10.990932], [122.481662, 10.991201], [122.481392, 10.991201], [122.481392, 10.991471], [122.480853, 10.991471], [122.480853, 10.99174], [122.480314, 10.99174], [122.480314, 10.99201], [122.479775, 10.99201], [122.479775, 10.993088], [122.479506, 10.993088], [122.479506, 10.993627], [122.479236, 10.993627], [122.479236, 10.993896], [122.477889, 10.993896], [122.477889, 10.994166], [122.477619, 10.994166], [122.477619, 10.994705], [122.47735, 10.994705], [122.47735, 10.996321], [122.47708, 10.996321], [122.47708, 10.996591], [122.476811, 10.996591], [122.476811, 10.99686], [122.476002, 10.99686], [122.476002, 10.99713], [122.475733, 10.99713], [122.475733, 10.997669], [122.476002, 10.997669], [122.476002, 10.997938], [122.476272, 10.997938], [122.476272, 10.998477], [122.476541, 10.998477], [122.476541, 10.998747], [122.476811, 10.998747], [122.476811, 10.999016], [122.47708, 10.999016], [122.47708, 10.999825], [122.476811, 10.999825], [122.476811, 11.000094], [122.476272, 11.000094], [122.476272, 11.000364], [122.476002, 11.000364], [122.476002, 11.000633], [122.475733, 11.000633], [122.475733, 11.000364], [122.475463, 11.000364], [122.475463, 10.999016], [122.475194, 10.999016], [122.475194, 10.998747], [122.474924, 10.998747], [122.474924, 10.998477], [122.473577, 10.998477], [122.473577, 10.999016], [122.473307, 10.999016], [122.473307, 10.999555], [122.473038, 10.999555], [122.473038, 10.999825], [122.472499, 10.999825], [122.472499, 10.999555], [122.472229, 10.999555], [122.472229, 10.999286], [122.47196, 10.999286], [122.47196, 10.999016], [122.47169, 10.999016], [122.47169, 10.998747], [122.471421, 10.998747], [122.471421, 10.999016], [122.471151, 10.999016], [122.471151, 10.999825], [122.471421, 10.999825], [122.471421, 11.000903], [122.471151, 11.000903], [122.471151, 11.001172], [122.470612, 11.001172], [122.470612, 11.000903], [122.470343, 11.000903], [122.470343, 11.000633], [122.469804, 11.000633], [122.469804, 11.000903], [122.469534, 11.000903], [122.469534, 11.001442], [122.469265, 11.001442], [122.469265, 11.00225], [122.468995, 11.00225], [122.468995, 11.003328], [122.469265, 11.003328], [122.469265, 11.004137], [122.469534, 11.004137], [122.469534, 11.004676], [122.469265, 11.004676], [122.469265, 11.004945], [122.469534, 11.004945], [122.469534, 11.005754], [122.469265, 11.005754], [122.469265, 11.006023], [122.468726, 11.006023], [122.468726, 11.004676], [122.468456, 11.004676], [122.468456, 11.004137], [122.468187, 11.004137], [122.468187, 11.003867], [122.467917, 11.003867], [122.467917, 11.003598], [122.467648, 11.003598], [122.467648, 11.001172], [122.467917, 11.001172], [122.467917, 11.000633], [122.468187, 11.000633], [122.468187, 11.000364], [122.468456, 11.000364], [122.468456, 10.999555], [122.467648, 10.999555], [122.467648, 10.999286], [122.465492, 10.999286], [122.465492, 10.999555], [122.464683, 10.999555], [122.464683, 10.999825], [122.464414, 10.999825], [122.464414, 11.000364], [122.463875, 11.000364], [122.463875, 11.000633], [122.463066, 11.000633], [122.463066, 11.000364], [122.461988, 11.000364], [122.461988, 11.000094], [122.461449, 11.000094], [122.461449, 10.999555], [122.46118, 10.999555], [122.46118, 10.999286], [122.460641, 10.999286], [122.460641, 10.999016], [122.459832, 10.999016], [122.459832, 10.998747], [122.459563, 10.998747], [122.459563, 10.998477], [122.459294, 10.998477], [122.459294, 10.998208], [122.459024, 10.998208], [122.459024, 10.997938], [122.457407, 10.997938], [122.457407, 10.998208], [122.457138, 10.998208], [122.457138, 10.998477], [122.456868, 10.998477], [122.456868, 10.998747], [122.45579, 10.998747], [122.45579, 10.997938], [122.45606, 10.997938], [122.45606, 10.997669], [122.456329, 10.997669], [122.456329, 10.997399], [122.456868, 10.997399], [122.456868, 10.99686], [122.456599, 10.99686], [122.456599, 10.996591], [122.456329, 10.996591], [122.456329, 10.996052], [122.45579, 10.996052], [122.45579, 10.994974], [122.45606, 10.994974], [122.45606, 10.994705], [122.457138, 10.994705], [122.457138, 10.994974], [122.458755, 10.994974], [122.458755, 10.994705], [122.459024, 10.994705], [122.459024, 10.994435], [122.46118, 10.994435], [122.46118, 10.994705], [122.462527, 10.994705], [122.462527, 10.994974], [122.464144, 10.994974], [122.464144, 10.995244], [122.464683, 10.995244], [122.464683, 10.995513], [122.464953, 10.995513], [122.464953, 10.995782], [122.466031, 10.995782], [122.466031, 10.994435], [122.465761, 10.994435], [122.465761, 10.994166], [122.465492, 10.994166], [122.465492, 10.993896], [122.465222, 10.993896], [122.465222, 10.993627], [122.464953, 10.993627], [122.464953, 10.993357], [122.464683, 10.993357], [122.464683, 10.99201], [122.464953, 10.99201], [122.464953, 10.990662], [122.464683, 10.990662], [122.464683, 10.990393], [122.463875, 10.990393], [122.463875, 10.990123], [122.463605, 10.990123], [122.463605, 10.989854], [122.463336, 10.989854], [122.463336, 10.989045], [122.463605, 10.989045], [122.463605, 10.988776], [122.464953, 10.988776], [122.464953, 10.988237], [122.464683, 10.988237], [122.464683, 10.987967], [122.464144, 10.987967], [122.464144, 10.987698], [122.463875, 10.987698], [122.463875, 10.98662], [122.464144, 10.98662], [122.464144, 10.985811], [122.463875, 10.985811], [122.463875, 10.984733], [122.463605, 10.984733], [122.463605, 10.984464], [122.463875, 10.984464], [122.463875, 10.984194], [122.463605, 10.984194], [122.463605, 10.983925], [122.462797, 10.983925], [122.462797, 10.983386], [122.462527, 10.983386], [122.462527, 10.983116], [122.462797, 10.983116], [122.462797, 10.982847], [122.463336, 10.982847], [122.463336, 10.982577], [122.463875, 10.982577], [122.463875, 10.982308], [122.464414, 10.982308], [122.464414, 10.982038], [122.464683, 10.982038], [122.464683, 10.981769], [122.464953, 10.981769], [122.464953, 10.981499], [122.465222, 10.981499], [122.465222, 10.98123], [122.465492, 10.98123], [122.465492, 10.980691], [122.465761, 10.980691], [122.465761, 10.980421], [122.466031, 10.980421], [122.466031, 10.979613], [122.4663, 10.979613], [122.4663, 10.979074], [122.466031, 10.979074], [122.466031, 10.977996], [122.4663, 10.977996], [122.4663, 10.977726], [122.46657, 10.977726], [122.46657, 10.977457], [122.466839, 10.977457], [122.466839, 10.976648], [122.46657, 10.976648], [122.46657, 10.97584], [122.466839, 10.97584], [122.466839, 10.975301], [122.467378, 10.975301], [122.467378, 10.975031], [122.467917, 10.975031], [122.467917, 10.974762], [122.468187, 10.974762], [122.468187, 10.974223], [122.468456, 10.974223], [122.468456, 10.973684], [122.468726, 10.973684], [122.468726, 10.973414], [122.469265, 10.973414], [122.469265, 10.973684], [122.470073, 10.973684], [122.470073, 10.973414], [122.470343, 10.973414], [122.470343, 10.971797], [122.470612, 10.971797], [122.470612, 10.97045], [122.470882, 10.97045], [122.470882, 10.970181], [122.472229, 10.970181], [122.472229, 10.969911], [122.473307, 10.969911], [122.473307, 10.970181], [122.474116, 10.970181], [122.474116, 10.97045], [122.474924, 10.97045], [122.474924, 10.97072], [122.475463, 10.97072], [122.475463, 10.970989], [122.476272, 10.970989], [122.476272, 10.97072], [122.476811, 10.97072], [122.476811, 10.97045], [122.47708, 10.97045], [122.47708, 10.970181], [122.47735, 10.970181], [122.47735, 10.969911], [122.477889, 10.969911], [122.477889, 10.969642], [122.478428, 10.969642], [122.478428, 10.969911], [122.478967, 10.969911], [122.478967, 10.970181], [122.479236, 10.970181], [122.479236, 10.97045], [122.479775, 10.97045], [122.479775, 10.97072], [122.480045, 10.97072], [122.480045, 10.970989], [122.480584, 10.970989], [122.480584, 10.97072], [122.480853, 10.97072], [122.480853, 10.968833], [122.481123, 10.968833], [122.481123, 10.968564], [122.481392, 10.968564], [122.481392, 10.968294], [122.481931, 10.968294], [122.481931, 10.968025], [122.482201, 10.968025], [122.482201, 10.967486], [122.481931, 10.967486], [122.481931, 10.967216], [122.480853, 10.967216], [122.480853, 10.966947], [122.480584, 10.966947], [122.480584, 10.966408], [122.480314, 10.966408], [122.480314, 10.966138], [122.480045, 10.966138], [122.480045, 10.965869], [122.479775, 10.965869], [122.479775, 10.965599], [122.479236, 10.965599], [122.479236, 10.96533], [122.478428, 10.96533], [122.478428, 10.964791], [122.478697, 10.964791], [122.478697, 10.964521], [122.479236, 10.964521], [122.479236, 10.964252], [122.479775, 10.964252], [122.479775, 10.963982], [122.482201, 10.963982], [122.482201, 10.964252], [122.483009, 10.964252], [122.483009, 10.964521], [122.484895, 10.964521], [122.484895, 10.963982], [122.485165, 10.963982], [122.485165, 10.963713], [122.484895, 10.963713], [122.484895, 10.962635], [122.485165, 10.962635], [122.485165, 10.962096], [122.485434, 10.962096], [122.485434, 10.961826], [122.485704, 10.961826], [122.485704, 10.961287], [122.485973, 10.961287], [122.485973, 10.960479], [122.485704, 10.960479], [122.485704, 10.960209], [122.485434, 10.960209], [122.485434, 10.95994], [122.483818, 10.95994], [122.483818, 10.960209], [122.48247, 10.960209], [122.48247, 10.960479], [122.481931, 10.960479], [122.481931, 10.960748], [122.481123, 10.960748], [122.481123, 10.960479], [122.480853, 10.960479], [122.480853, 10.960209], [122.480045, 10.960209], [122.480045, 10.960748], [122.479775, 10.960748], [122.479775, 10.961287], [122.479236, 10.961287], [122.479236, 10.961826], [122.478967, 10.961826], [122.478967, 10.962904], [122.478697, 10.962904], [122.478697, 10.963174], [122.477619, 10.963174], [122.477619, 10.962904], [122.47735, 10.962904], [122.47735, 10.962635], [122.476272, 10.962635], [122.476272, 10.962365], [122.475733, 10.962365], [122.475733, 10.961287], [122.477889, 10.961287], [122.477889, 10.960748], [122.478158, 10.960748], [122.478158, 10.960209], [122.477889, 10.960209], [122.477889, 10.95967], [122.477619, 10.95967], [122.477619, 10.959131], [122.47708, 10.959131], [122.47708, 10.958862], [122.476272, 10.958862], [122.476272, 10.958592], [122.475733, 10.958592], [122.475733, 10.958323], [122.475463, 10.958323], [122.475463, 10.957784], [122.475194, 10.957784], [122.475194, 10.956975], [122.474116, 10.956975], [122.474116, 10.957245], [122.473846, 10.957245], [122.473846, 10.957514], [122.473577, 10.957514], [122.473577, 10.958323], [122.473307, 10.958323], [122.473307, 10.95967], [122.473038, 10.95967], [122.473038, 10.95994], [122.472499, 10.95994], [122.472499, 10.95967], [122.472229, 10.95967], [122.472229, 10.959401], [122.47196, 10.959401], [122.47196, 10.959131], [122.471151, 10.959131], [122.471151, 10.959401], [122.470612, 10.959401], [122.470612, 10.95967], [122.470343, 10.95967], [122.470343, 10.95994], [122.470073, 10.95994], [122.470073, 10.960209], [122.469804, 10.960209], [122.469804, 10.960479], [122.469265, 10.960479], [122.469265, 10.960748], [122.468995, 10.960748], [122.468995, 10.961018], [122.468726, 10.961018], [122.468726, 10.961287], [122.468456, 10.961287], [122.468456, 10.961557], [122.468187, 10.961557], [122.468187, 10.961826], [122.467917, 10.961826], [122.467917, 10.962096], [122.467648, 10.962096], [122.467648, 10.962365], [122.467378, 10.962365], [122.467378, 10.962635], [122.466839, 10.962635], [122.466839, 10.962365], [122.46657, 10.962365], [122.46657, 10.961287], [122.465761, 10.961287], [122.465761, 10.961557], [122.465492, 10.961557], [122.465492, 10.961826], [122.465222, 10.961826], [122.465222, 10.962096], [122.464953, 10.962096], [122.464953, 10.962365], [122.464683, 10.962365], [122.464683, 10.962635], [122.464414, 10.962635], [122.464414, 10.962904], [122.464144, 10.962904], [122.464144, 10.963174], [122.463875, 10.963174], [122.463875, 10.963443], [122.463605, 10.963443], [122.463605, 10.963713], [122.463336, 10.963713], [122.463336, 10.963982], [122.463066, 10.963982], [122.463066, 10.964252], [122.462797, 10.964252], [122.462797, 10.964521], [122.462258, 10.964521], [122.462258, 10.964791], [122.461719, 10.964791], [122.461719, 10.96506], [122.460641, 10.96506], [122.460641, 10.96533], [122.460371, 10.96533], [122.460371, 10.966677], [122.460102, 10.966677], [122.460102, 10.966947], [122.459832, 10.966947], [122.459832, 10.967216], [122.457407, 10.967216], [122.457407, 10.966947], [122.456868, 10.966947], [122.456868, 10.966677], [122.456599, 10.966677], [122.456599, 10.966408], [122.456329, 10.966408], [122.456329, 10.965869], [122.455521, 10.965869], [122.455521, 10.965599], [122.454443, 10.965599], [122.454443, 10.96533], [122.452826, 10.96533], [122.452826, 10.96506], [122.452556, 10.96506], [122.452556, 10.964791], [122.452287, 10.964791], [122.452287, 10.964521], [122.451748, 10.964521], [122.451748, 10.964252], [122.451478, 10.964252], [122.451478, 10.963982], [122.450939, 10.963982], [122.450939, 10.963443], [122.451209, 10.963443], [122.451209, 10.962904], [122.451478, 10.962904], [122.451478, 10.962635], [122.451748, 10.962635], [122.451748, 10.962096], [122.452017, 10.962096], [122.452017, 10.961287], [122.452556, 10.961287], [122.452556, 10.961018], [122.453095, 10.961018], [122.453095, 10.960748], [122.453365, 10.960748], [122.453365, 10.960479], [122.453634, 10.960479], [122.453634, 10.960209], [122.453904, 10.960209], [122.453904, 10.95994], [122.454443, 10.95994], [122.454443, 10.95967], [122.454982, 10.95967], [122.454982, 10.959401], [122.455251, 10.959401], [122.455251, 10.957784], [122.455521, 10.957784], [122.455521, 10.957514], [122.45579, 10.957514], [122.45579, 10.957245], [122.456329, 10.957245], [122.456329, 10.956975], [122.456599, 10.956975], [122.456599, 10.956436], [122.456868, 10.956436], [122.456868, 10.955897], [122.457138, 10.955897], [122.457138, 10.955628], [122.457407, 10.955628], [122.457407, 10.955358], [122.457677, 10.955358], [122.457677, 10.955089], [122.458485, 10.955089], [122.458485, 10.954819], [122.459563, 10.954819], [122.459563, 10.95455], [122.459832, 10.95455], [122.459832, 10.954011], [122.459563, 10.954011], [122.459563, 10.953741], [122.459294, 10.953741], [122.459294, 10.953472], [122.459024, 10.953472], [122.459024, 10.953202], [122.458755, 10.953202], [122.458755, 10.952124], [122.458485, 10.952124], [122.458485, 10.951316], [122.458755, 10.951316], [122.458755, 10.951046], [122.460102, 10.951046], [122.460102, 10.950777], [122.460641, 10.950777], [122.460641, 10.951046], [122.46091, 10.951046], [122.46091, 10.951316], [122.46118, 10.951316], [122.46118, 10.951855], [122.461449, 10.951855], [122.461449, 10.952124], [122.462527, 10.952124], [122.462527, 10.951855], [122.463066, 10.951855], [122.463066, 10.951585], [122.463605, 10.951585], [122.463605, 10.951316], [122.463875, 10.951316], [122.463875, 10.951046], [122.464414, 10.951046], [122.464414, 10.950777], [122.464683, 10.950777], [122.464683, 10.950507], [122.466839, 10.950507], [122.466839, 10.950238], [122.467648, 10.950238], [122.467648, 10.949968], [122.468726, 10.949968], [122.468726, 10.949699], [122.469265, 10.949699], [122.469265, 10.949429], [122.469534, 10.949429], [122.469534, 10.94916], [122.469804, 10.94916], [122.469804, 10.948621], [122.470073, 10.948621], [122.470073, 10.948082], [122.470343, 10.948082], [122.470343, 10.947812], [122.470882, 10.947812], [122.470882, 10.947543], [122.471151, 10.947543], [122.471151, 10.947273], [122.471421, 10.947273], [122.471421, 10.946734], [122.47169, 10.946734], [122.47169, 10.946195], [122.47196, 10.946195], [122.47196, 10.945118], [122.47169, 10.945118], [122.47169, 10.943501], [122.47196, 10.943501], [122.47196, 10.943231], [122.472229, 10.943231], [122.472229, 10.942962], [122.473307, 10.942962], [122.473307, 10.943501], [122.473577, 10.943501], [122.473577, 10.94377], [122.473307, 10.94377], [122.473307, 10.945118], [122.473577, 10.945118], [122.473577, 10.945387], [122.474385, 10.945387], [122.474385, 10.945118], [122.474655, 10.945118], [122.474655, 10.944848], [122.474924, 10.944848], [122.474924, 10.944309], [122.475194, 10.944309], [122.475194, 10.94404], [122.475463, 10.94404], [122.475463, 10.94377], [122.475733, 10.94377], [122.475733, 10.94404], [122.476002, 10.94404], [122.476002, 10.944309], [122.476541, 10.944309], [122.476541, 10.944579], [122.476811, 10.944579], [122.476811, 10.944848], [122.47708, 10.944848], [122.47708, 10.944579], [122.478158, 10.944579], [122.478158, 10.944848], [122.478697, 10.944848], [122.478697, 10.945118], [122.478967, 10.945118], [122.478967, 10.945387], [122.479506, 10.945387], [122.479506, 10.945657], [122.480045, 10.945657], [122.480045, 10.945926], [122.480314, 10.945926], [122.480314, 10.946195], [122.480584, 10.946195], [122.480584, 10.946465], [122.480853, 10.946465], [122.480853, 10.946734], [122.481392, 10.946734], [122.481392, 10.947004], [122.481662, 10.947004], [122.481662, 10.947273], [122.481931, 10.947273], [122.481931, 10.947543], [122.482201, 10.947543], [122.482201, 10.947812], [122.48274, 10.947812], [122.48274, 10.947543], [122.483009, 10.947543], [122.483009, 10.947273], [122.484626, 10.947273], [122.484626, 10.947543], [122.485704, 10.947543], [122.485704, 10.947273], [122.485973, 10.947273], [122.485973, 10.945926], [122.486243, 10.945926], [122.486243, 10.945657], [122.486782, 10.945657], [122.486782, 10.945926], [122.487051, 10.945926], [122.487051, 10.946465], [122.487321, 10.946465], [122.487321, 10.947004], [122.489477, 10.947004], [122.489477, 10.947273], [122.490555, 10.947273], [122.490555, 10.947543], [122.491363, 10.947543], [122.491363, 10.947273], [122.491902, 10.947273], [122.491902, 10.945926], [122.491633, 10.945926], [122.491633, 10.945387], [122.491363, 10.945387], [122.491363, 10.945118], [122.491633, 10.945118], [122.491633, 10.944579], [122.491902, 10.944579], [122.491902, 10.944309], [122.492711, 10.944309], [122.492711, 10.944579], [122.49325, 10.944579], [122.49325, 10.944848], [122.493519, 10.944848], [122.493519, 10.945118], [122.493789, 10.945118], [122.493789, 10.945657], [122.494058, 10.945657], [122.494058, 10.946195], [122.494328, 10.946195], [122.494328, 10.946465], [122.494597, 10.946465], [122.494597, 10.946734], [122.496214, 10.946734], [122.496214, 10.946465], [122.496753, 10.946465], [122.496753, 10.946195], [122.497023, 10.946195], [122.497023, 10.945926], [122.496753, 10.945926], [122.496753, 10.945657], [122.496214, 10.945657], [122.496214, 10.945387], [122.495945, 10.945387], [122.495945, 10.943501], [122.495675, 10.943501], [122.495675, 10.942692], [122.495406, 10.942692], [122.495406, 10.942153], [122.495675, 10.942153], [122.495675, 10.941614], [122.495945, 10.941614], [122.495945, 10.939728], [122.496214, 10.939728], [122.496214, 10.939458], [122.496484, 10.939458], [122.496484, 10.939189], [122.497023, 10.939189], [122.497023, 10.939458], [122.497831, 10.939458], [122.497831, 10.939728], [122.49837, 10.939728], [122.49837, 10.939458], [122.49864, 10.939458], [122.49864, 10.939189], [122.499179, 10.939189], [122.499179, 10.938919], [122.499448, 10.938919], [122.499448, 10.93865], [122.499718, 10.93865], [122.499718, 10.93838], [122.499987, 10.93838], [122.499987, 10.937033], [122.500526, 10.937033], [122.500526, 10.936763], [122.500796, 10.936763], [122.500796, 10.937033], [122.501604, 10.937033], [122.501604, 10.936763], [122.501874, 10.936763], [122.501874, 10.936494], [122.502143, 10.936494], [122.502143, 10.935416], [122.502413, 10.935416], [122.502413, 10.935146], [122.50376, 10.935146], [122.50376, 10.934877], [122.504299, 10.934877], [122.504299, 10.933799], [122.50403, 10.933799], [122.50403, 10.933529], [122.50376, 10.933529], [122.50376, 10.93299], [122.50403, 10.93299], [122.50403, 10.932451], [122.507533, 10.932451], [122.507533, 10.932182], [122.508072, 10.932182], [122.508072, 10.931912], [122.508611, 10.931912], [122.508611, 10.931643], [122.508881, 10.931643], [122.508881, 10.931373], [122.50915, 10.931373], [122.50915, 10.931104], [122.50942, 10.931104], [122.50942, 10.930834], [122.509958, 10.930834], [122.509958, 10.930565], [122.510767, 10.930565], [122.510767, 10.930295], [122.511036, 10.930295], [122.511036, 10.929487], [122.511306, 10.929487], [122.511306, 10.929217], [122.511575, 10.929217], [122.511575, 10.92787], [122.511306, 10.92787], [122.511306, 10.927331], [122.511575, 10.927331], [122.511575, 10.927061], [122.512384, 10.927061], [122.512384, 10.927331], [122.512923, 10.927331], [122.512923, 10.9276], [122.513731, 10.9276], [122.513731, 10.927331], [122.514001, 10.927331], [122.514001, 10.926792], [122.513731, 10.926792], [122.513731, 10.926253], [122.513462, 10.926253], [122.513462, 10.925175], [122.513731, 10.925175], [122.513731, 10.924905], [122.514001, 10.924905], [122.514001, 10.924636], [122.515079, 10.924636], [122.515079, 10.924366], [122.515348, 10.924366], [122.515348, 10.924097], [122.515618, 10.924097], [122.515618, 10.923827], [122.516426, 10.923827], [122.516426, 10.923558], [122.516696, 10.923558], [122.516696, 10.923288], [122.517235, 10.923288], [122.517235, 10.923019], [122.517504, 10.923019], [122.517504, 10.922749], [122.518043, 10.922749], [122.518043, 10.92248], [122.518852, 10.92248], [122.518852, 10.921941], [122.519121, 10.921941], [122.519121, 10.921671], [122.518582, 10.921671], [122.518582, 10.921402], [122.518313, 10.921402], [122.518313, 10.921132], [122.518043, 10.921132], [122.518043, 10.920324], [122.518313, 10.920324], [122.518313, 10.920055], [122.518582, 10.920055], [122.518582, 10.919785], [122.518852, 10.919785], [122.518852, 10.919516], [122.519391, 10.919516], [122.519391, 10.919246], [122.520199, 10.919246], [122.520199, 10.918977], [122.522355, 10.918977], [122.522355, 10.918438], [122.522625, 10.918438], [122.522625, 10.917629], [122.522894, 10.917629], [122.522894, 10.91736], [122.523164, 10.91736], [122.523164, 10.91709], [122.523703, 10.91709], [122.523703, 10.916821], [122.523972, 10.916821], [122.523972, 10.916282], [122.523703, 10.916282], [122.523703, 10.915743], [122.523972, 10.915743], [122.523972, 10.914934], [122.524242, 10.914934], [122.524242, 10.914395], [122.524511, 10.914395], [122.524511, 10.914126], [122.52505, 10.914126], [122.52505, 10.914395], [122.52532, 10.914395], [122.52532, 10.914126], [122.525859, 10.914126], [122.525859, 10.913587], [122.526128, 10.913587], [122.526128, 10.912778], [122.525859, 10.912778], [122.525859, 10.912509], [122.525589, 10.912509], [122.525589, 10.912239], [122.524781, 10.912239], [122.524781, 10.912778], [122.524511, 10.912778], [122.524511, 10.913317], [122.524242, 10.913317], [122.524242, 10.913587], [122.523972, 10.913587], [122.523972, 10.913856], [122.523164, 10.913856], [122.523164, 10.914126], [122.522894, 10.914126], [122.522894, 10.914395], [122.522625, 10.914395], [122.522625, 10.914665], [122.522086, 10.914665], [122.522086, 10.914395], [122.521816, 10.914395], [122.521816, 10.913856], [122.521547, 10.913856], [122.521547, 10.913587], [122.521008, 10.913587], [122.521008, 10.913317], [122.520738, 10.913317], [122.520738, 10.913587], [122.520469, 10.913587], [122.520469, 10.913856], [122.520199, 10.913856], [122.520199, 10.915743], [122.51993, 10.915743], [122.51993, 10.916012], [122.51966, 10.916012], [122.51966, 10.916282], [122.519121, 10.916282], [122.519121, 10.916551], [122.518852, 10.916551], [122.518852, 10.916821], [122.518582, 10.916821], [122.518582, 10.91736], [122.518313, 10.91736], [122.518313, 10.917629], [122.517774, 10.917629], [122.517774, 10.91736], [122.517504, 10.91736], [122.517504, 10.916821], [122.517235, 10.916821], [122.517235, 10.916551], [122.516965, 10.916551], [122.516965, 10.916012], [122.516696, 10.916012], [122.516696, 10.915743], [122.516426, 10.915743], [122.516426, 10.915473], [122.516157, 10.915473], [122.516157, 10.915204], [122.515618, 10.915204], [122.515618, 10.915473], [122.515079, 10.915473], [122.515079, 10.917629], [122.514809, 10.917629], [122.514809, 10.917899], [122.51454, 10.917899], [122.51454, 10.918168], [122.514001, 10.918168], [122.514001, 10.918438], [122.513462, 10.918438], [122.513462, 10.918707], [122.512923, 10.918707], [122.512923, 10.918438], [122.512653, 10.918438], [122.512653, 10.917629], [122.512923, 10.917629], [122.512923, 10.916821], [122.513192, 10.916821], [122.513192, 10.916282], [122.513462, 10.916282], [122.513462, 10.915743], [122.513192, 10.915743], [122.513192, 10.915204], [122.512653, 10.915204], [122.512653, 10.915743], [122.512384, 10.915743], [122.512384, 10.916012], [122.511845, 10.916012], [122.511845, 10.915743], [122.511575, 10.915743], [122.511575, 10.915204], [122.511845, 10.915204], [122.511845, 10.914665], [122.512114, 10.914665], [122.512114, 10.914395], [122.511036, 10.914395], [122.511036, 10.914934], [122.510767, 10.914934], [122.510767, 10.915743], [122.510497, 10.915743], [122.510497, 10.916012], [122.50942, 10.916012], [122.50942, 10.916282], [122.508072, 10.916282], [122.508072, 10.916821], [122.507947, 10.916821], [122.507764, 10.918876], [122.504736, 10.922791], [122.504165, 10.924998], [122.503314, 10.928316], [122.500001, 10.929168], [122.497789, 10.929734], [122.492634, 10.933729], [122.490757, 10.941042], [122.468622, 10.942233], [122.464711, 10.945265], [122.43529, 10.946402], [122.42721, 10.953599], [122.422791, 10.954736], [122.413204, 10.963431], [122.411808, 10.973977], [122.407394, 10.975569], [122.398043, 10.967235], [122.393624, 10.966098], [122.389709, 10.963066], [122.382588, 10.961933], [122.37721, 10.966098], [122.364457, 10.967235], [122.356377, 10.974432], [122.347789, 10.975569], [122.339709, 10.982766], [122.332396, 10.983898], [122.323046, 10.975569], [122.3125, 10.974998], [122.313066, 11.002212], [122.316098, 11.006123], [122.317235, 11.02795], [122.3125, 11.029167], [122.3125, 11.041666], [122.309182, 11.042518], [122.308335, 11.045835], [122.305017, 11.046683], [122.304166, 11.05], [122.304732, 11.060546], [122.307764, 11.064457], [122.308941, 11.094921], [122.31596, 11.096723], [122.317235, 11.106377], [122.320268, 11.110292], [122.320834, 11.112499], [122.320834, 11.120833], [122.319924, 11.124374], [122.299252, 11.125569], [122.293749, 11.121301], [122.28847, 11.125395], [122.28665, 11.132485], [122.281121, 11.133903], [122.27721, 11.136935], [122.272792, 11.138067], [122.268876, 11.1411], [122.260288, 11.142232], [122.254821, 11.146794], [122.254166, 11.154165], [122.258335, 11.154165], [122.265768, 11.153505], [122.266665, 11.15]]], [[[122.521921, 11.174641], [122.52497, 11.177422], [122.52532, 11.177422], [122.52532, 11.176883], [122.525589, 11.176883], [122.525589, 11.176613], [122.525859, 11.176613], [122.525859, 11.176344], [122.526398, 11.176344], [122.526398, 11.176074], [122.526667, 11.176074], [122.526667, 11.175805], [122.526937, 11.175805], [122.526937, 11.176074], [122.528284, 11.176074], [122.528284, 11.176344], [122.528823, 11.176344], [122.528823, 11.176613], [122.529093, 11.176613], [122.529093, 11.177152], [122.529362, 11.177152], [122.529362, 11.177961], [122.529632, 11.177961], [122.529632, 11.1785], [122.529901, 11.1785], [122.529901, 11.178769], [122.530171, 11.178769], [122.530171, 11.1785], [122.53044, 11.1785], [122.53044, 11.177152], [122.53071, 11.177152], [122.53071, 11.176883], [122.531249, 11.176883], [122.531249, 11.176613], [122.532057, 11.176613], [122.532057, 11.176344], [122.532596, 11.176344], [122.532596, 11.176074], [122.533135, 11.176074], [122.533135, 11.175266], [122.533405, 11.175266], [122.533405, 11.174188], [122.533135, 11.174188], [122.533135, 11.173918], [122.532866, 11.173918], [122.532866, 11.173649], [122.533135, 11.173649], [122.533135, 11.173379], [122.532596, 11.173379], [122.532596, 11.173649], [122.532327, 11.173649], [122.532327, 11.173918], [122.532057, 11.173918], [122.532057, 11.174727], [122.531788, 11.174727], [122.531788, 11.174996], [122.531518, 11.174996], [122.531518, 11.175266], [122.531249, 11.175266], [122.531249, 11.175535], [122.530171, 11.175535], [122.530171, 11.175266], [122.529901, 11.175266], [122.529901, 11.174996], [122.529632, 11.174996], [122.529632, 11.174727], [122.529093, 11.174727], [122.529093, 11.174457], [122.528823, 11.174457], [122.528823, 11.17311], [122.528554, 11.17311], [122.528554, 11.17284], [122.528284, 11.17284], [122.528284, 11.172571], [122.527745, 11.172571], [122.527745, 11.17284], [122.527476, 11.17284], [122.527476, 11.172571], [122.526667, 11.172571], [122.526667, 11.172301], [122.526398, 11.172301], [122.526398, 11.171762], [122.525859, 11.171762], [122.525859, 11.171493], [122.525589, 11.171493], [122.525589, 11.171762], [122.52532, 11.171762], [122.52532, 11.172032], [122.52505, 11.172032], [122.52505, 11.172301], [122.525589, 11.172301], [122.525589, 11.17311], [122.525859, 11.17311], [122.525859, 11.173379], [122.526128, 11.173379], [122.526128, 11.17311], [122.526937, 11.17311], [122.526937, 11.173379], [122.527206, 11.173379], [122.527206, 11.173649], [122.527476, 11.173649], [122.527476, 11.174727], [122.527206, 11.174727], [122.527206, 11.174996], [122.526937, 11.174996], [122.526937, 11.175266], [122.526128, 11.175266], [122.526128, 11.174996], [122.525859, 11.174996], [122.525859, 11.174457], [122.525589, 11.174457], [122.525589, 11.173649], [122.52532, 11.173649], [122.52532, 11.173379], [122.52505, 11.173379], [122.52505, 11.17311], [122.524781, 11.17311], [122.524781, 11.17284], [122.524511, 11.17284], [122.524511, 11.171762], [122.524242, 11.171762], [122.524242, 11.171223], [122.523972, 11.171223], [122.523972, 11.170145], [122.523703, 11.170145], [122.523703, 11.169607], [122.523972, 11.169607], [122.523972, 11.169337], [122.524242, 11.169337], [122.524242, 11.169607], [122.524781, 11.169607], [122.524781, 11.169876], [122.52532, 11.169876], [122.52532, 11.170145], [122.526128, 11.170145], [122.526128, 11.169607], [122.526398, 11.169607], [122.526398, 11.168798], [122.525859, 11.168798], [122.525859, 11.168529], [122.52505, 11.168529], [122.52505, 11.168259], [122.524781, 11.168259], [122.524781, 11.16799], [122.524511, 11.16799], [122.524511, 11.16772], [122.522894, 11.16772], [122.522894, 11.16799], [122.522355, 11.16799], [122.522355, 11.168259], [122.521008, 11.168259], [122.521008, 11.16799], [122.520738, 11.16799], [122.520738, 11.167451], [122.520469, 11.167451], [122.520469, 11.166912], [122.520199, 11.166912], [122.520199, 11.166642], [122.519121, 11.166642], [122.519121, 11.166912], [122.518582, 11.166912], [122.518582, 11.167451], [122.518313, 11.167451], [122.518313, 11.16799], [122.518582, 11.16799], [122.518582, 11.168259], [122.519391, 11.168259], [122.519391, 11.16799], [122.51966, 11.16799], [122.51966, 11.168259], [122.51993, 11.168259], [122.51993, 11.168529], [122.520199, 11.168529], [122.520199, 11.169607], [122.51993, 11.169607], [122.51993, 11.170415], [122.519391, 11.170415], [122.519391, 11.170684], [122.520469, 11.170684], [122.520469, 11.170814], [122.520833, 11.170833], [122.521921, 11.174641]]], [[[122.578699, 11.203549], [122.581326, 11.204785], [122.585509, 11.208414], [122.586225, 11.208414], [122.586225, 11.208144], [122.586495, 11.208144], [122.586495, 11.207875], [122.586764, 11.207875], [122.586764, 11.207605], [122.587034, 11.207605], [122.587034, 11.207066], [122.587303, 11.207066], [122.587303, 11.206258], [122.587034, 11.206258], [122.587034, 11.205988], [122.585956, 11.205988], [122.585956, 11.206258], [122.585417, 11.206258], [122.585417, 11.206527], [122.58407, 11.206527], [122.58407, 11.206258], [122.5838, 11.206258], [122.5838, 11.20518], [122.58407, 11.20518], [122.58407, 11.20491], [122.584878, 11.20491], [122.584878, 11.203832], [122.584608, 11.203832], [122.584608, 11.203563], [122.584339, 11.203563], [122.584339, 11.203024], [122.58407, 11.203024], [122.58407, 11.202754], [122.583531, 11.202754], [122.583531, 11.202485], [122.582722, 11.202485], [122.582722, 11.202754], [122.581914, 11.202754], [122.581914, 11.202215], [122.580297, 11.202215], [122.580297, 11.201946], [122.580027, 11.201946], [122.580027, 11.200598], [122.580566, 11.200598], [122.580566, 11.200329], [122.582183, 11.200329], [122.582183, 11.19979], [122.582453, 11.19979], [122.582453, 11.19952], [122.582992, 11.19952], [122.582992, 11.199251], [122.583531, 11.199251], [122.583531, 11.19952], [122.58407, 11.19952], [122.58407, 11.19979], [122.584339, 11.19979], [122.584339, 11.200059], [122.584878, 11.200059], [122.584878, 11.200329], [122.585686, 11.200329], [122.585686, 11.19979], [122.585956, 11.19979], [122.585956, 11.197095], [122.587034, 11.197095], [122.587034, 11.196825], [122.587303, 11.196825], [122.587303, 11.196286], [122.587034, 11.196286], [122.587034, 11.195747], [122.586764, 11.195747], [122.586764, 11.196017], [122.586495, 11.196017], [122.586495, 11.195747], [122.585956, 11.195747], [122.585956, 11.195478], [122.585686, 11.195478], [122.585686, 11.195208], [122.585417, 11.195208], [122.585417, 11.194939], [122.584878, 11.194939], [122.584878, 11.195208], [122.584608, 11.195208], [122.584608, 11.196286], [122.584339, 11.196286], [122.584339, 11.196556], [122.58407, 11.196556], [122.58407, 11.196825], [122.583531, 11.196825], [122.583531, 11.196556], [122.583261, 11.196556], [122.583261, 11.194939], [122.582992, 11.194939], [122.582992, 11.19467], [122.583261, 11.19467], [122.583261, 11.194131], [122.5838, 11.194131], [122.5838, 11.193861], [122.58407, 11.193861], [122.58407, 11.193592], [122.584339, 11.193592], [122.584339, 11.193322], [122.58407, 11.193322], [122.58407, 11.193053], [122.5838, 11.193053], [122.5838, 11.192783], [122.583531, 11.192783], [122.583531, 11.193053], [122.583261, 11.193053], [122.583261, 11.193322], [122.582992, 11.193322], [122.582992, 11.193861], [122.582722, 11.193861], [122.582722, 11.194131], [122.582453, 11.194131], [122.582453, 11.1944], [122.581914, 11.1944], [122.581914, 11.19467], [122.581644, 11.19467], [122.581644, 11.194939], [122.581375, 11.194939], [122.581375, 11.195208], [122.580836, 11.195208], [122.580836, 11.194939], [122.580566, 11.194939], [122.580566, 11.19467], [122.580297, 11.19467], [122.580297, 11.1944], [122.579488, 11.1944], [122.579488, 11.19467], [122.57868, 11.19467], [122.57868, 11.194939], [122.57841, 11.194939], [122.57841, 11.195478], [122.578141, 11.195478], [122.578141, 11.196017], [122.577871, 11.196017], [122.577871, 11.197364], [122.577602, 11.197364], [122.577602, 11.197903], [122.577332, 11.197903], [122.577332, 11.198173], [122.577063, 11.198173], [122.577063, 11.197903], [122.576524, 11.197903], [122.576524, 11.197364], [122.575985, 11.197364], [122.575985, 11.197095], [122.575176, 11.197095], [122.575176, 11.196825], [122.574907, 11.196825], [122.574907, 11.196556], [122.574637, 11.196556], [122.574637, 11.196286], [122.573829, 11.196286], [122.573829, 11.196556], [122.573559, 11.196556], [122.573559, 11.196286], [122.57329, 11.196286], [122.57329, 11.196825], [122.572751, 11.196825], [122.572751, 11.197095], [122.572212, 11.197095], [122.572212, 11.197903], [122.572481, 11.197903], [122.572481, 11.198173], [122.572751, 11.198173], [122.572751, 11.198712], [122.572481, 11.198712], [122.572481, 11.198981], [122.572212, 11.198981], [122.572212, 11.199251], [122.571403, 11.199251], [122.571403, 11.19952], [122.571134, 11.19952], [122.571134, 11.200059], [122.571403, 11.200059], [122.571403, 11.200329], [122.57329, 11.200329], [122.57329, 11.200598], [122.573559, 11.200598], [122.573559, 11.200868], [122.573829, 11.200868], [122.573829, 11.201946], [122.573559, 11.201946], [122.573559, 11.202215], [122.57329, 11.202215], [122.57329, 11.202485], [122.572751, 11.202485], [122.572751, 11.203024], [122.572481, 11.203024], [122.572481, 11.204102], [122.572212, 11.204102], [122.572212, 11.204371], [122.571942, 11.204371], [122.571942, 11.20518], [122.571673, 11.20518], [122.571673, 11.206797], [122.571942, 11.206797], [122.571942, 11.207066], [122.572212, 11.207066], [122.572212, 11.207605], [122.572481, 11.207605], [122.572481, 11.207841], [122.572992, 11.207714], [122.578699, 11.203549]]], [[[122.624998, 11.241666], [122.628507, 11.240765], [122.629823, 11.225974], [122.632848, 11.223229], [122.632848, 11.222697], [122.632579, 11.222697], [122.632579, 11.222966], [122.632309, 11.222966], [122.632309, 11.223236], [122.631231, 11.223236], [122.631231, 11.222966], [122.630962, 11.222966], [122.630962, 11.222697], [122.630692, 11.222697], [122.630692, 11.222427], [122.630423, 11.222427], [122.630423, 11.222158], [122.629614, 11.222158], [122.629614, 11.221888], [122.627189, 11.221888], [122.627189, 11.222158], [122.626919, 11.222158], [122.626919, 11.222427], [122.626111, 11.222427], [122.626111, 11.222697], [122.625572, 11.222697], [122.625572, 11.222966], [122.625302, 11.222966], [122.625302, 11.223236], [122.625033, 11.223236], [122.625033, 11.223505], [122.624763, 11.223505], [122.624763, 11.223775], [122.624494, 11.223775], [122.624494, 11.224044], [122.624224, 11.224044], [122.624224, 11.224314], [122.623955, 11.224314], [122.623955, 11.224853], [122.624224, 11.224853], [122.624224, 11.225392], [122.624494, 11.225392], [122.624494, 11.225661], [122.624224, 11.225661], [122.624224, 11.2262], [122.623955, 11.2262], [122.623955, 11.22647], [122.623685, 11.22647], [122.623685, 11.226739], [122.623416, 11.226739], [122.623416, 11.227817], [122.623685, 11.227817], [122.623685, 11.228087], [122.623955, 11.228087], [122.623955, 11.228356], [122.624494, 11.228356], [122.624494, 11.228626], [122.625033, 11.228626], [122.625033, 11.229434], [122.624763, 11.229434], [122.624763, 11.229704], [122.624224, 11.229704], [122.624224, 11.229973], [122.623955, 11.229973], [122.623955, 11.231051], [122.624224, 11.231051], [122.624224, 11.232129], [122.623955, 11.232129], [122.623955, 11.232668], [122.623685, 11.232668], [122.623685, 11.233207], [122.623416, 11.233207], [122.623416, 11.233477], [122.623146, 11.233477], [122.623146, 11.233746], [122.622877, 11.233746], [122.622877, 11.234016], [122.621799, 11.234016], [122.621799, 11.234285], [122.620721, 11.234285], [122.620721, 11.234637], [122.6216, 11.240694], [122.624998, 11.241666]]], [[[122.678418, 11.225568], [122.690716, 11.224333], [122.695265, 11.218875], [122.695835, 11.212499], [122.71076, 11.212856], [122.714242, 11.216311], [122.71909, 11.21702], [122.726741, 11.224645], [122.731483, 11.224734], [122.731483, 11.224583], [122.731753, 11.224583], [122.731753, 11.222966], [122.731483, 11.222966], [122.731483, 11.222697], [122.730944, 11.222697], [122.730944, 11.222427], [122.730675, 11.222427], [122.730675, 11.222158], [122.730405, 11.222158], [122.730405, 11.221349], [122.730675, 11.221349], [122.730675, 11.220271], [122.730944, 11.220271], [122.730944, 11.220002], [122.731214, 11.220002], [122.731214, 11.219732], [122.731483, 11.219732], [122.731483, 11.218655], [122.731214, 11.218655], [122.731214, 11.218385], [122.730944, 11.218385], [122.730944, 11.218655], [122.728788, 11.218655], [122.728788, 11.218116], [122.729058, 11.218116], [122.729058, 11.217846], [122.729327, 11.217846], [122.729327, 11.217577], [122.729597, 11.217577], [122.729597, 11.217307], [122.729866, 11.217307], [122.729866, 11.217038], [122.729597, 11.217038], [122.729597, 11.21596], [122.729327, 11.21596], [122.729327, 11.21569], [122.729058, 11.21569], [122.729058, 11.214612], [122.729597, 11.214612], [122.729597, 11.214343], [122.730136, 11.214343], [122.730136, 11.214073], [122.730405, 11.214073], [122.730405, 11.213804], [122.730675, 11.213804], [122.730675, 11.213265], [122.730944, 11.213265], [122.730944, 11.212995], [122.731214, 11.212995], [122.731214, 11.212456], [122.731483, 11.212456], [122.731483, 11.211378], [122.731753, 11.211378], [122.731753, 11.2103], [122.731483, 11.2103], [122.731483, 11.209761], [122.731214, 11.209761], [122.731214, 11.208953], [122.730944, 11.208953], [122.730944, 11.208683], [122.730675, 11.208683], [122.730675, 11.208144], [122.730405, 11.208144], [122.730405, 11.207875], [122.730136, 11.207875], [122.730136, 11.207605], [122.729866, 11.207605], [122.729866, 11.207066], [122.729597, 11.207066], [122.729597, 11.206797], [122.729327, 11.206797], [122.729327, 11.205988], [122.729058, 11.205988], [122.729058, 11.205449], [122.728519, 11.205449], [122.728519, 11.20518], [122.728249, 11.20518], [122.728249, 11.205449], [122.72798, 11.205449], [122.72798, 11.205719], [122.72771, 11.205719], [122.72771, 11.206527], [122.72798, 11.206527], [122.72798, 11.207066], [122.728249, 11.207066], [122.728249, 11.210031], [122.72798, 11.210031], [122.72798, 11.21057], [122.72771, 11.21057], [122.72771, 11.211109], [122.727441, 11.211109], [122.727441, 11.211378], [122.726632, 11.211378], [122.726632, 11.211109], [122.726363, 11.211109], [122.726363, 11.210839], [122.725554, 11.210839], [122.725554, 11.211109], [122.725285, 11.211109], [122.725285, 11.211378], [122.725015, 11.211378], [122.725015, 11.211648], [122.724746, 11.211648], [122.724746, 11.211917], [122.725015, 11.211917], [122.725015, 11.212187], [122.726093, 11.212187], [122.726093, 11.212456], [122.726363, 11.212456], [122.726363, 11.213534], [122.726093, 11.213534], [122.726093, 11.215151], [122.726363, 11.215151], [122.726363, 11.215421], [122.726093, 11.215421], [122.726093, 11.21569], [122.725824, 11.21569], [122.725824, 11.21596], [122.725285, 11.21596], [122.725285, 11.21569], [122.724746, 11.21569], [122.724746, 11.215151], [122.724476, 11.215151], [122.724476, 11.214343], [122.724207, 11.214343], [122.724207, 11.214073], [122.722051, 11.214073], [122.722051, 11.214343], [122.721512, 11.214343], [122.721512, 11.214612], [122.720164, 11.214612], [122.720164, 11.214343], [122.719895, 11.214343], [122.719895, 11.214073], [122.719625, 11.214073], [122.719625, 11.213804], [122.719356, 11.213804], [122.719356, 11.213534], [122.719625, 11.213534], [122.719625, 11.213265], [122.719895, 11.213265], [122.719895, 11.212456], [122.718817, 11.212456], [122.718817, 11.212187], [122.718278, 11.212187], [122.718278, 11.211917], [122.718008, 11.211917], [122.718008, 11.211648], [122.716391, 11.211648], [122.716391, 11.211378], [122.716122, 11.211378], [122.716122, 11.209761], [122.715852, 11.209761], [122.715852, 11.209492], [122.715583, 11.209492], [122.715583, 11.208683], [122.715852, 11.208683], [122.715852, 11.208414], [122.71693, 11.208414], [122.71693, 11.208144], [122.7172, 11.208144], [122.7172, 11.207875], [122.717739, 11.207875], [122.717739, 11.207605], [122.719086, 11.207605], [122.719086, 11.207336], [122.720703, 11.207336], [122.720703, 11.207066], [122.720973, 11.207066], [122.720973, 11.206527], [122.720703, 11.206527], [122.720703, 11.206258], [122.719625, 11.206258], [122.719625, 11.205988], [122.718547, 11.205988], [122.718547, 11.205719], [122.718008, 11.205719], [122.718008, 11.205449], [122.717739, 11.205449], [122.717739, 11.20518], [122.717469, 11.20518], [122.717469, 11.204641], [122.7172, 11.204641], [122.7172, 11.204102], [122.71693, 11.204102], [122.71693, 11.203832], [122.716661, 11.203832], [122.716661, 11.203293], [122.716122, 11.203293], [122.716122, 11.203024], [122.715852, 11.203024], [122.715852, 11.202754], [122.715583, 11.202754], [122.715583, 11.202485], [122.715313, 11.202485], [122.715313, 11.202215], [122.715044, 11.202215], [122.715044, 11.201946], [122.714774, 11.201946], [122.714774, 11.201676], [122.713966, 11.201676], [122.713966, 11.201946], [122.713696, 11.201946], [122.713696, 11.202215], [122.713427, 11.202215], [122.713427, 11.202754], [122.713157, 11.202754], [122.713157, 11.203024], [122.712888, 11.203024], [122.712888, 11.205449], [122.712618, 11.205449], [122.712618, 11.205719], [122.712349, 11.205719], [122.712349, 11.205988], [122.711001, 11.205988], [122.711001, 11.206258], [122.710193, 11.206258], [122.710193, 11.205719], [122.709923, 11.205719], [122.709923, 11.20518], [122.709654, 11.20518], [122.709654, 11.20491], [122.709384, 11.20491], [122.709384, 11.204641], [122.709115, 11.204641], [122.709115, 11.204371], [122.709384, 11.204371], [122.709384, 11.203832], [122.709654, 11.203832], [122.709654, 11.202754], [122.709384, 11.202754], [122.709384, 11.202215], [122.708576, 11.202215], [122.708576, 11.202485], [122.707768, 11.202485], [122.707768, 11.202754], [122.707229, 11.202754], [122.707229, 11.203024], [122.706151, 11.203024], [122.706151, 11.203293], [122.705881, 11.203293], [122.705881, 11.203563], [122.705612, 11.203563], [122.705612, 11.205449], [122.705342, 11.205449], [122.705342, 11.205719], [122.705073, 11.205719], [122.705073, 11.205988], [122.704264, 11.205988], [122.704264, 11.205719], [122.703725, 11.205719], [122.703725, 11.205449], [122.703456, 11.205449], [122.703456, 11.20491], [122.702917, 11.20491], [122.702917, 11.204641], [122.702647, 11.204641], [122.702647, 11.203832], [122.702917, 11.203832], [122.702917, 11.203024], [122.703725, 11.203024], [122.703725, 11.202754], [122.704264, 11.202754], [122.704264, 11.202215], [122.704534, 11.202215], [122.704534, 11.201946], [122.704803, 11.201946], [122.704803, 11.201676], [122.705073, 11.201676], [122.705073, 11.201407], [122.70642, 11.201407], [122.70642, 11.201137], [122.706959, 11.201137], [122.706959, 11.200868], [122.707229, 11.200868], [122.707229, 11.200598], [122.707498, 11.200598], [122.707498, 11.19979], [122.707229, 11.19979], [122.707229, 11.199251], [122.706959, 11.199251], [122.706959, 11.198173], [122.70669, 11.198173], [122.70669, 11.197634], [122.706151, 11.197634], [122.706151, 11.197364], [122.705881, 11.197364], [122.705881, 11.197634], [122.705612, 11.197634], [122.705612, 11.197903], [122.705342, 11.197903], [122.705342, 11.198173], [122.704534, 11.198173], [122.704534, 11.197903], [122.704264, 11.197903], [122.704264, 11.197095], [122.703995, 11.197095], [122.703995, 11.196825], [122.704264, 11.196825], [122.704264, 11.196556], [122.704534, 11.196556], [122.704534, 11.196286], [122.705073, 11.196286], [122.705073, 11.195208], [122.704803, 11.195208], [122.704803, 11.19467], [122.704534, 11.19467], [122.704534, 11.1944], [122.704264, 11.1944], [122.704264, 11.194131], [122.703995, 11.194131], [122.703995, 11.193861], [122.703725, 11.193861], [122.703725, 11.193592], [122.703456, 11.193592], [122.703456, 11.193053], [122.703186, 11.193053], [122.703186, 11.192514], [122.702917, 11.192514], [122.702917, 11.192244], [122.701569, 11.192244], [122.701569, 11.191975], [122.700491, 11.191975], [122.700491, 11.191705], [122.699144, 11.191705], [122.699144, 11.191975], [122.698066, 11.191975], [122.698066, 11.192244], [122.697796, 11.192244], [122.697796, 11.191975], [122.697257, 11.191975], [122.697257, 11.191705], [122.69564, 11.191705], [122.69564, 11.191975], [122.695371, 11.191975], [122.695371, 11.192244], [122.695101, 11.192244], [122.695101, 11.192514], [122.694832, 11.192514], [122.694832, 11.193592], [122.694293, 11.193592], [122.694293, 11.193861], [122.694023, 11.193861], [122.694023, 11.193592], [122.693484, 11.193592], [122.693484, 11.193322], [122.693215, 11.193322], [122.693215, 11.193053], [122.692945, 11.193053], [122.692945, 11.192514], [122.692676, 11.192514], [122.692676, 11.192244], [122.692406, 11.192244], [122.692406, 11.191975], [122.691598, 11.191975], [122.691598, 11.192514], [122.691867, 11.192514], [122.691867, 11.193053], [122.692406, 11.193053], [122.692406, 11.1944], [122.692137, 11.1944], [122.692137, 11.196017], [122.691867, 11.196017], [122.691867, 11.196286], [122.691328, 11.196286], [122.691328, 11.196825], [122.691059, 11.196825], [122.691059, 11.197095], [122.690789, 11.197095], [122.690789, 11.197634], [122.69052, 11.197634], [122.69052, 11.197903], [122.69025, 11.197903], [122.69025, 11.199251], [122.69052, 11.199251], [122.69052, 11.19952], [122.690789, 11.19952], [122.690789, 11.19979], [122.691328, 11.19979], [122.691328, 11.200059], [122.691598, 11.200059], [122.691598, 11.201137], [122.691867, 11.201137], [122.691867, 11.201407], [122.692406, 11.201407], [122.692406, 11.201676], [122.692945, 11.201676], [122.692945, 11.201946], [122.693484, 11.201946], [122.693484, 11.202485], [122.692406, 11.202485], [122.692406, 11.202215], [122.691867, 11.202215], [122.691867, 11.202485], [122.69052, 11.202485], [122.69052, 11.202215], [122.69025, 11.202215], [122.69025, 11.201137], [122.689981, 11.201137], [122.689981, 11.200868], [122.689711, 11.200868], [122.689711, 11.200329], [122.689442, 11.200329], [122.689442, 11.200059], [122.689172, 11.200059], [122.689172, 11.19979], [122.688903, 11.19979], [122.688903, 11.19952], [122.688633, 11.19952], [122.688633, 11.199251], [122.688364, 11.199251], [122.688364, 11.198981], [122.688094, 11.198981], [122.688094, 11.198712], [122.687825, 11.198712], [122.687825, 11.198442], [122.687286, 11.198442], [122.687286, 11.198173], [122.687016, 11.198173], [122.687016, 11.197903], [122.686477, 11.197903], [122.686477, 11.197634], [122.685669, 11.197634], [122.685669, 11.197364], [122.685399, 11.197364], [122.685399, 11.197634], [122.68486, 11.197634], [122.68486, 11.197364], [122.684591, 11.197364], [122.684591, 11.197095], [122.683782, 11.197095], [122.683782, 11.196825], [122.682435, 11.196825], [122.682435, 11.197364], [122.683244, 11.197364], [122.683244, 11.197903], [122.683513, 11.197903], [122.683513, 11.198981], [122.683244, 11.198981], [122.683244, 11.19952], [122.682974, 11.19952], [122.682974, 11.200059], [122.682705, 11.200059], [122.682705, 11.201676], [122.682974, 11.201676], [122.682974, 11.201946], [122.682705, 11.201946], [122.682705, 11.202754], [122.682435, 11.202754], [122.682435, 11.203563], [122.682166, 11.203563], [122.682166, 11.204641], [122.681896, 11.204641], [122.681896, 11.20491], [122.681627, 11.20491], [122.681627, 11.20518], [122.681088, 11.20518], [122.681088, 11.20491], [122.680549, 11.20491], [122.680549, 11.204641], [122.678932, 11.204641], [122.678932, 11.20491], [122.678662, 11.20491], [122.678662, 11.20518], [122.678393, 11.20518], [122.678393, 11.206258], [122.678662, 11.206258], [122.678662, 11.207875], [122.678932, 11.207875], [122.678932, 11.208144], [122.680549, 11.208144], [122.680549, 11.208414], [122.680818, 11.208414], [122.680818, 11.2103], [122.680549, 11.2103], [122.680549, 11.210839], [122.680279, 11.210839], [122.680279, 11.211109], [122.68001, 11.211109], [122.68001, 11.211648], [122.67974, 11.211648], [122.67974, 11.212995], [122.679471, 11.212995], [122.679471, 11.213265], [122.679201, 11.213265], [122.679201, 11.213534], [122.678932, 11.213534], [122.678932, 11.213804], [122.678393, 11.213804], [122.678393, 11.214073], [122.677584, 11.214073], [122.677584, 11.214343], [122.677045, 11.214343], [122.677045, 11.215151], [122.678123, 11.215151], [122.678123, 11.21596], [122.677584, 11.21596], [122.677584, 11.216229], [122.677315, 11.216229], [122.677315, 11.216768], [122.677045, 11.216768], [122.677045, 11.217577], [122.677315, 11.217577], [122.677315, 11.218385], [122.677584, 11.218385], [122.677584, 11.218924], [122.677854, 11.218924], [122.677854, 11.220002], [122.677584, 11.220002], [122.677584, 11.220271], [122.677315, 11.220271], [122.677315, 11.22108], [122.676776, 11.22108], [122.676776, 11.22081], [122.676506, 11.22081], [122.676506, 11.220541], [122.676237, 11.220541], [122.676237, 11.219732], [122.675967, 11.219732], [122.675967, 11.219194], [122.675428, 11.219194], [122.675428, 11.218655], [122.675159, 11.218655], [122.675159, 11.218385], [122.67462, 11.218385], [122.67462, 11.218116], [122.673542, 11.218116], [122.673542, 11.218385], [122.673272, 11.218385], [122.673272, 11.218655], [122.673003, 11.218655], [122.673003, 11.218924], [122.672733, 11.218924], [122.672733, 11.219194], [122.672464, 11.219194], [122.672464, 11.219463], [122.672194, 11.219463], [122.672194, 11.219732], [122.671925, 11.219732], [122.671925, 11.220541], [122.671655, 11.220541], [122.671655, 11.22081], [122.671386, 11.22081], [122.671386, 11.22108], [122.671655, 11.22108], [122.671655, 11.221216], [122.673045, 11.221399], [122.678418, 11.225568]]], [[[122.745835, 11.225002], [122.746745, 11.221448], [122.773986, 11.220222], [122.782766, 11.210546], [122.783903, 11.201958], [122.786935, 11.198042], [122.788353, 11.192518], [122.793878, 11.1911], [122.803228, 11.182765], [122.827209, 11.183903], [122.832587, 11.188067], [122.843877, 11.186935], [122.847917, 11.1838], [122.851957, 11.186935], [122.858334, 11.187501], [122.859186, 11.184183], [122.86471, 11.182765], [122.868621, 11.179733], [122.873044, 11.178601], [122.876955, 11.175568], [122.887501, 11.175002], [122.886935, 11.168621], [122.878601, 11.159271], [122.879733, 11.151958], [122.883283, 11.147378], [122.867841, 11.132931], [122.866668, 11.137501], [122.864242, 11.137149], [122.86076, 11.133689], [122.856622, 11.13298], [122.852426, 11.137149], [122.835789, 11.137853], [122.831593, 11.133689], [122.826741, 11.13298], [122.823259, 11.129519], [122.820833, 11.129167], [122.820833, 11.124998], [122.818407, 11.124646], [122.81076, 11.117021], [122.791666, 11.116668], [122.790765, 11.120178], [122.776215, 11.121399], [122.774431, 11.114457], [122.761852, 11.100905], [122.756122, 11.099434], [122.752212, 11.096402], [122.746495, 11.094935], [122.746281, 11.092531], [122.746036, 11.092531], [122.746036, 11.092262], [122.745766, 11.092262], [122.745766, 11.091992], [122.745497, 11.091992], [122.745497, 11.091723], [122.745227, 11.091723], [122.745227, 11.091453], [122.744958, 11.091453], [122.744958, 11.091184], [122.744688, 11.091184], [122.744688, 11.090914], [122.744419, 11.090914], [122.744419, 11.090645], [122.744149, 11.090645], [122.744149, 11.090375], [122.74388, 11.090375], [122.74388, 11.089836], [122.743341, 11.089836], [122.743341, 11.089567], [122.743071, 11.089567], [122.743071, 11.089297], [122.742532, 11.089297], [122.742532, 11.089028], [122.741185, 11.089028], [122.741185, 11.089567], [122.740915, 11.089567], [122.740915, 11.090106], [122.740646, 11.090106], [122.740646, 11.091453], [122.740915, 11.091453], [122.740915, 11.093609], [122.741185, 11.093609], [122.741185, 11.093879], [122.741454, 11.093879], [122.741454, 11.094148], [122.741724, 11.094148], [122.741724, 11.094418], [122.742263, 11.094418], [122.742263, 11.094687], [122.742802, 11.094687], [122.742802, 11.094957], [122.744149, 11.094957], [122.744149, 11.094687], [122.744419, 11.094687], [122.744419, 11.094418], [122.745227, 11.094418], [122.745227, 11.095765], [122.745497, 11.095765], [122.745497, 11.096034], [122.745766, 11.096034], [122.745766, 11.096304], [122.746036, 11.096304], [122.746036, 11.096573], [122.746305, 11.096573], [122.746305, 11.096843], [122.747114, 11.096843], [122.747114, 11.097112], [122.747922, 11.097112], [122.747922, 11.097382], [122.748192, 11.097382], [122.748192, 11.097921], [122.747653, 11.097921], [122.747653, 11.098999], [122.747922, 11.098999], [122.747922, 11.099807], [122.746844, 11.099807], [122.746844, 11.100077], [122.746575, 11.100077], [122.746575, 11.100616], [122.746844, 11.100616], [122.746844, 11.101155], [122.747114, 11.101155], [122.747114, 11.101694], [122.747383, 11.101694], [122.747383, 11.102502], [122.746844, 11.102502], [122.746844, 11.102772], [122.746305, 11.102772], [122.746305, 11.103041], [122.745766, 11.103041], [122.745766, 11.103311], [122.745497, 11.103311], [122.745497, 11.10358], [122.745227, 11.10358], [122.745227, 11.10385], [122.744958, 11.10385], [122.744958, 11.104119], [122.744688, 11.104119], [122.744688, 11.104389], [122.744419, 11.104389], [122.744419, 11.104658], [122.744149, 11.104658], [122.744149, 11.104928], [122.74388, 11.104928], [122.74388, 11.105197], [122.74361, 11.105197], [122.74361, 11.105467], [122.743341, 11.105467], [122.743341, 11.105736], [122.743071, 11.105736], [122.743071, 11.107084], [122.743341, 11.107084], [122.743341, 11.107623], [122.74361, 11.107623], [122.74361, 11.108431], [122.743341, 11.108431], [122.743341, 11.108701], [122.743071, 11.108701], [122.743071, 11.10897], [122.742802, 11.10897], [122.742802, 11.10924], [122.742532, 11.10924], [122.742532, 11.109509], [122.742263, 11.109509], [122.742263, 11.110048], [122.740915, 11.110048], [122.740915, 11.109779], [122.740376, 11.109779], [122.740376, 11.10924], [122.740107, 11.10924], [122.740107, 11.10897], [122.739298, 11.10897], [122.739298, 11.10924], [122.739029, 11.10924], [122.739029, 11.110048], [122.738759, 11.110048], [122.738759, 11.110587], [122.73849, 11.110587], [122.73849, 11.110857], [122.737681, 11.110857], [122.737681, 11.111126], [122.737412, 11.111126], [122.737412, 11.111396], [122.737142, 11.111396], [122.737142, 11.112204], [122.736873, 11.112204], [122.736873, 11.112743], [122.736334, 11.112743], [122.736334, 11.113013], [122.736064, 11.113013], [122.736064, 11.113282], [122.735795, 11.113282], [122.735795, 11.113821], [122.735525, 11.113821], [122.735525, 11.114091], [122.735256, 11.114091], [122.735256, 11.11463], [122.734986, 11.11463], [122.734986, 11.115977], [122.734717, 11.115977], [122.734717, 11.116247], [122.734447, 11.116247], [122.734447, 11.116516], [122.734178, 11.116516], [122.734178, 11.116786], [122.733908, 11.116786], [122.733908, 11.117594], [122.734178, 11.117594], [122.734178, 11.117864], [122.734447, 11.117864], [122.734447, 11.118133], [122.734717, 11.118133], [122.734717, 11.118403], [122.734986, 11.118403], [122.734986, 11.118672], [122.735256, 11.118672], [122.735256, 11.118942], [122.735525, 11.118942], [122.735525, 11.119481], [122.735795, 11.119481], [122.735795, 11.11975], [122.736064, 11.11975], [122.736064, 11.12002], [122.736603, 11.12002], [122.736603, 11.11975], [122.737412, 11.11975], [122.737412, 11.119481], [122.737681, 11.119481], [122.737681, 11.119211], [122.73822, 11.119211], [122.73822, 11.118942], [122.739029, 11.118942], [122.739029, 11.118672], [122.739837, 11.118672], [122.739837, 11.118403], [122.740915, 11.118403], [122.740915, 11.118672], [122.741454, 11.118672], [122.741454, 11.118942], [122.741724, 11.118942], [122.741724, 11.119211], [122.74388, 11.119211], [122.74388, 11.118942], [122.745497, 11.118942], [122.745497, 11.119211], [122.745766, 11.119211], [122.745766, 11.119481], [122.746036, 11.119481], [122.746036, 11.121097], [122.746305, 11.121097], [122.746305, 11.121906], [122.746575, 11.121906], [122.746575, 11.123523], [122.746844, 11.123523], [122.746844, 11.124062], [122.747114, 11.124062], [122.747114, 11.124331], [122.747383, 11.124331], [122.747383, 11.124601], [122.747922, 11.124601], [122.747922, 11.124331], [122.748461, 11.124331], [122.748461, 11.123792], [122.74927, 11.123792], [122.74927, 11.12514], [122.749, 11.12514], [122.749, 11.125948], [122.74927, 11.125948], [122.74927, 11.126757], [122.749, 11.126757], [122.749, 11.127026], [122.748731, 11.127026], [122.748731, 11.127296], [122.748461, 11.127296], [122.748461, 11.127026], [122.747383, 11.127026], [122.747383, 11.126757], [122.746844, 11.126757], [122.746844, 11.126487], [122.746305, 11.126487], [122.746305, 11.126218], [122.745766, 11.126218], [122.745766, 11.125948], [122.744688, 11.125948], [122.744688, 11.125679], [122.744419, 11.125679], [122.744419, 11.12487], [122.744149, 11.12487], [122.744149, 11.124601], [122.74388, 11.124601], [122.74388, 11.124331], [122.74361, 11.124331], [122.74361, 11.124062], [122.743071, 11.124062], [122.743071, 11.123792], [122.742802, 11.123792], [122.742802, 11.123523], [122.742532, 11.123523], [122.742532, 11.123253], [122.742263, 11.123253], [122.742263, 11.122445], [122.742532, 11.122445], [122.742532, 11.121636], [122.742263, 11.121636], [122.742263, 11.121367], [122.741993, 11.121367], [122.741993, 11.121097], [122.741185, 11.121097], [122.741185, 11.120828], [122.740376, 11.120828], [122.740376, 11.120558], [122.739298, 11.120558], [122.739298, 11.120828], [122.736334, 11.120828], [122.736334, 11.120558], [122.735795, 11.120558], [122.735795, 11.120289], [122.735256, 11.120289], [122.735256, 11.12002], [122.73337, 11.12002], [122.73337, 11.11975], [122.732022, 11.11975], [122.732022, 11.12002], [122.731753, 11.12002], [122.731753, 11.120289], [122.731483, 11.120289], [122.731483, 11.120558], [122.731214, 11.120558], [122.731214, 11.120828], [122.730944, 11.120828], [122.730944, 11.121097], [122.730136, 11.121097], [122.730136, 11.121367], [122.729597, 11.121367], [122.729597, 11.121097], [122.729327, 11.121097], [122.729327, 11.120828], [122.729058, 11.120828], [122.729058, 11.120289], [122.728788, 11.120289], [122.728788, 11.11975], [122.72798, 11.11975], [122.72798, 11.12002], [122.72771, 11.12002], [122.72771, 11.120289], [122.727441, 11.120289], [122.727441, 11.120828], [122.727171, 11.120828], [122.727171, 11.121636], [122.726902, 11.121636], [122.726902, 11.121906], [122.726632, 11.121906], [122.726632, 11.122175], [122.726363, 11.122175], [122.726363, 11.122445], [122.726093, 11.122445], [122.726093, 11.122714], [122.725824, 11.122714], [122.725824, 11.122984], [122.725554, 11.122984], [122.725554, 11.123253], [122.724746, 11.123253], [122.724746, 11.123523], [122.724476, 11.123523], [122.724476, 11.123792], [122.724207, 11.123792], [122.724207, 11.124331], [122.723937, 11.124331], [122.723937, 11.12487], [122.723668, 11.12487], [122.723668, 11.12514], [122.723398, 11.12514], [122.723398, 11.125679], [122.723129, 11.125679], [122.723129, 11.125948], [122.72259, 11.125948], [122.72259, 11.126218], [122.721512, 11.126218], [122.721512, 11.126487], [122.720973, 11.126487], [122.720973, 11.126757], [122.720703, 11.126757], [122.720703, 11.127565], [122.720973, 11.127565], [122.720973, 11.127835], [122.721242, 11.127835], [122.721242, 11.128104], [122.721512, 11.128104], [122.721512, 11.128374], [122.721781, 11.128374], [122.721781, 11.129182], [122.721512, 11.129182], [122.721512, 11.13053], [122.721242, 11.13053], [122.721242, 11.131069], [122.720973, 11.131069], [122.720973, 11.131877], [122.720703, 11.131877], [122.720703, 11.133764], [122.720973, 11.133764], [122.720973, 11.134303], [122.721242, 11.134303], [122.721242, 11.134572], [122.721512, 11.134572], [122.721512, 11.134842], [122.722051, 11.134842], [122.722051, 11.135111], [122.72232, 11.135111], [122.72232, 11.134842], [122.723398, 11.134842], [122.723398, 11.135111], [122.723937, 11.135111], [122.723937, 11.135381], [122.724207, 11.135381], [122.724207, 11.13565], [122.724476, 11.13565], [122.724476, 11.13592], [122.724746, 11.13592], [122.724746, 11.136189], [122.725015, 11.136189], [122.725015, 11.136998], [122.725285, 11.136998], [122.725285, 11.137267], [122.725554, 11.137267], [122.725554, 11.137537], [122.726363, 11.137537], [122.726363, 11.137806], [122.727171, 11.137806], [122.727171, 11.137537], [122.728788, 11.137537], [122.728788, 11.137806], [122.730405, 11.137806], [122.730405, 11.137537], [122.730675, 11.137537], [122.730675, 11.137267], [122.731214, 11.137267], [122.731214, 11.136998], [122.732561, 11.136998], [122.732561, 11.136728], [122.732831, 11.136728], [122.732831, 11.136459], [122.7331, 11.136459], [122.7331, 11.136189], [122.73337, 11.136189], [122.73337, 11.13592], [122.733639, 11.13592], [122.733639, 11.13565], [122.734717, 11.13565], [122.734717, 11.13592], [122.734986, 11.13592], [122.734986, 11.136189], [122.735525, 11.136189], [122.735525, 11.13592], [122.735795, 11.13592], [122.735795, 11.13565], [122.736064, 11.13565], [122.736064, 11.134572], [122.736334, 11.134572], [122.736334, 11.130799], [122.736603, 11.130799], [122.736603, 11.129991], [122.736873, 11.129991], [122.736873, 11.129721], [122.737142, 11.129721], [122.737142, 11.129452], [122.737412, 11.129452], [122.737412, 11.129182], [122.73822, 11.129182], [122.73822, 11.129452], [122.738759, 11.129452], [122.738759, 11.129991], [122.739029, 11.129991], [122.739029, 11.13053], [122.739568, 11.13053], [122.739568, 11.130799], [122.739298, 11.130799], [122.739298, 11.132416], [122.740107, 11.132416], [122.740107, 11.132686], [122.739837, 11.132686], [122.739837, 11.132955], [122.739568, 11.132955], [122.739568, 11.133225], [122.739029, 11.133225], [122.739029, 11.133494], [122.738759, 11.133494], [122.738759, 11.134572], [122.739568, 11.134572], [122.739568, 11.134842], [122.740376, 11.134842], [122.740376, 11.135111], [122.740915, 11.135111], [122.740915, 11.136189], [122.740646, 11.136189], [122.740646, 11.137537], [122.740915, 11.137537], [122.740915, 11.137806], [122.741185, 11.137806], [122.741185, 11.138076], [122.741454, 11.138076], [122.741454, 11.138615], [122.741724, 11.138615], [122.741724, 11.138884], [122.741993, 11.138884], [122.741993, 11.139154], [122.742263, 11.139154], [122.742263, 11.139693], [122.742532, 11.139693], [122.742532, 11.140771], [122.742802, 11.140771], [122.742802, 11.14131], [122.743071, 11.14131], [122.743071, 11.142388], [122.742802, 11.142388], [122.742802, 11.142657], [122.742532, 11.142657], [122.742532, 11.142927], [122.741724, 11.142927], [122.741724, 11.142657], [122.741454, 11.142657], [122.741454, 11.142388], [122.740915, 11.142388], [122.740915, 11.142118], [122.740107, 11.142118], [122.740107, 11.142388], [122.736064, 11.142388], [122.736064, 11.142657], [122.734447, 11.142657], [122.734447, 11.142388], [122.733908, 11.142388], [122.733908, 11.142657], [122.732831, 11.142657], [122.732831, 11.142927], [122.731483, 11.142927], [122.731483, 11.142657], [122.730675, 11.142657], [122.730675, 11.143466], [122.731214, 11.143466], [122.731214, 11.143735], [122.731483, 11.143735], [122.731483, 11.145082], [122.731214, 11.145082], [122.731214, 11.145352], [122.730136, 11.145352], [122.730136, 11.145621], [122.726632, 11.145621], [122.726632, 11.145352], [122.724746, 11.145352], [122.724746, 11.145621], [122.724476, 11.145621], [122.724476, 11.145891], [122.724746, 11.145891], [122.724746, 11.14616], [122.724476, 11.14616], [122.724476, 11.147777], [122.724746, 11.147777], [122.724746, 11.148316], [122.725015, 11.148316], [122.725015, 11.148586], [122.725285, 11.148586], [122.725285, 11.148855], [122.724746, 11.148855], [122.724746, 11.148586], [122.723668, 11.148586], [122.723668, 11.148316], [122.723129, 11.148316], [122.723129, 11.148047], [122.722859, 11.148047], [122.722859, 11.147777], [122.72232, 11.147777], [122.72232, 11.147508], [122.721512, 11.147508], [122.721512, 11.147238], [122.721242, 11.147238], [122.721242, 11.146969], [122.720973, 11.146969], [122.720973, 11.146699], [122.720434, 11.146699], [122.720434, 11.14643], [122.719625, 11.14643], [122.719625, 11.147238], [122.718547, 11.147238], [122.718547, 11.147508], [122.718278, 11.147508], [122.718278, 11.147777], [122.718008, 11.147777], [122.718008, 11.148316], [122.718278, 11.148316], [122.718278, 11.148855], [122.718817, 11.148855], [122.718817, 11.149125], [122.719356, 11.149125], [122.719356, 11.149664], [122.719625, 11.149664], [122.719625, 11.149933], [122.719356, 11.149933], [122.719356, 11.150203], [122.719086, 11.150203], [122.719086, 11.150472], [122.718817, 11.150472], [122.718817, 11.152089], [122.718547, 11.152089], [122.718547, 11.152359], [122.718008, 11.152359], [122.718008, 11.152628], [122.717739, 11.152628], [122.717739, 11.153167], [122.717469, 11.153167], [122.717469, 11.154515], [122.717739, 11.154515], [122.717739, 11.154784], [122.718008, 11.154784], [122.718008, 11.155054], [122.718278, 11.155054], [122.718278, 11.155323], [122.718547, 11.155323], [122.718547, 11.155862], [122.718817, 11.155862], [122.718817, 11.156132], [122.719086, 11.156132], [122.719086, 11.156401], [122.719356, 11.156401], [122.719356, 11.156671], [122.719625, 11.156671], [122.719625, 11.15694], [122.719895, 11.15694], [122.719895, 11.157479], [122.720164, 11.157479], [122.720164, 11.158018], [122.720703, 11.158018], [122.720703, 11.158288], [122.721781, 11.158288], [122.721781, 11.158557], [122.72259, 11.158557], [122.72259, 11.158288], [122.723937, 11.158288], [122.723937, 11.158557], [122.725554, 11.158557], [122.725554, 11.158827], [122.725824, 11.158827], [122.725824, 11.159096], [122.726093, 11.159096], [122.726093, 11.159635], [122.726363, 11.159635], [122.726363, 11.160713], [122.726632, 11.160713], [122.726632, 11.161252], [122.727441, 11.161252], [122.727441, 11.160983], [122.72798, 11.160983], [122.72798, 11.160713], [122.728249, 11.160713], [122.728249, 11.160444], [122.728519, 11.160444], [122.728519, 11.160174], [122.728788, 11.160174], [122.728788, 11.159905], [122.729058, 11.159905], [122.729058, 11.159366], [122.729327, 11.159366], [122.729327, 11.159096], [122.729597, 11.159096], [122.729597, 11.158557], [122.729866, 11.158557], [122.729866, 11.157749], [122.729597, 11.157749], [122.729597, 11.157479], [122.729327, 11.157479], [122.729327, 11.15721], [122.729058, 11.15721], [122.729058, 11.156671], [122.728788, 11.156671], [122.728788, 11.156401], [122.729058, 11.156401], [122.729058, 11.156132], [122.729597, 11.156132], [122.729597, 11.155862], [122.730136, 11.155862], [122.730136, 11.153167], [122.729866, 11.153167], [122.729866, 11.152359], [122.729597, 11.152359], [122.729597, 11.15182], [122.729866, 11.15182], [122.729866, 11.15155], [122.730944, 11.15155], [122.730944, 11.15182], [122.731753, 11.15182], [122.731753, 11.152089], [122.732292, 11.152089], [122.732292, 11.152359], [122.732831, 11.152359], [122.732831, 11.152628], [122.733639, 11.152628], [122.733639, 11.152359], [122.733908, 11.152359], [122.733908, 11.152089], [122.734178, 11.152089], [122.734178, 11.15182], [122.734447, 11.15182], [122.734447, 11.151281], [122.734717, 11.151281], [122.734717, 11.151011], [122.736603, 11.151011], [122.736603, 11.151281], [122.73822, 11.151281], [122.73822, 11.15155], [122.73849, 11.15155], [122.73849, 11.15182], [122.738759, 11.15182], [122.738759, 11.152089], [122.739298, 11.152089], [122.739298, 11.152359], [122.741185, 11.152359], [122.741185, 11.152089], [122.741724, 11.152089], [122.741724, 11.15182], [122.741993, 11.15182], [122.741993, 11.152089], [122.742263, 11.152089], [122.742263, 11.152359], [122.742532, 11.152359], [122.742532, 11.153976], [122.742802, 11.153976], [122.742802, 11.154515], [122.743071, 11.154515], [122.743071, 11.154784], [122.743341, 11.154784], [122.743341, 11.155054], [122.74361, 11.155054], [122.74361, 11.155323], [122.74388, 11.155323], [122.74388, 11.155593], [122.744149, 11.155593], [122.744149, 11.156401], [122.744419, 11.156401], [122.744419, 11.156671], [122.745227, 11.156671], [122.745227, 11.156401], [122.745497, 11.156401], [122.745497, 11.155862], [122.745766, 11.155862], [122.745766, 11.155593], [122.746036, 11.155593], [122.746036, 11.153976], [122.746575, 11.153976], [122.746575, 11.153167], [122.746844, 11.153167], [122.746844, 11.152898], [122.747114, 11.152898], [122.747114, 11.152359], [122.747653, 11.152359], [122.747653, 11.152628], [122.748192, 11.152628], [122.748192, 11.152898], [122.748731, 11.152898], [122.748731, 11.153167], [122.749, 11.153167], [122.749, 11.153437], [122.74927, 11.153437], [122.74927, 11.153976], [122.749, 11.153976], [122.749, 11.154515], [122.748731, 11.154515], [122.748731, 11.154784], [122.749, 11.154784], [122.749, 11.155323], [122.74927, 11.155323], [122.74927, 11.155593], [122.749539, 11.155593], [122.749539, 11.155862], [122.749809, 11.155862], [122.749809, 11.156401], [122.750078, 11.156401], [122.750078, 11.156671], [122.750348, 11.156671], [122.750348, 11.15694], [122.750617, 11.15694], [122.750617, 11.15721], [122.750887, 11.15721], [122.750887, 11.157479], [122.751156, 11.157479], [122.751156, 11.157749], [122.751965, 11.157749], [122.751965, 11.157479], [122.752504, 11.157479], [122.752504, 11.15721], [122.752773, 11.15721], [122.752773, 11.156671], [122.753043, 11.156671], [122.753043, 11.156401], [122.753312, 11.156401], [122.753312, 11.156132], [122.753582, 11.156132], [122.753582, 11.155862], [122.753851, 11.155862], [122.753851, 11.155593], [122.754121, 11.155593], [122.754121, 11.155323], [122.75439, 11.155323], [122.75439, 11.155054], [122.75466, 11.155054], [122.75466, 11.154784], [122.754929, 11.154784], [122.754929, 11.154515], [122.755199, 11.154515], [122.755199, 11.153976], [122.755738, 11.153976], [122.755738, 11.153706], [122.756546, 11.153706], [122.756546, 11.153437], [122.757085, 11.153437], [122.757085, 11.153167], [122.757355, 11.153167], [122.757355, 11.152898], [122.758432, 11.152898], [122.758432, 11.152628], [122.759241, 11.152628], [122.759241, 11.152359], [122.75951, 11.152359], [122.75951, 11.152089], [122.75978, 11.152089], [122.75978, 11.151011], [122.760049, 11.151011], [122.760049, 11.150742], [122.760319, 11.150742], [122.760319, 11.151011], [122.760858, 11.151011], [122.760858, 11.151281], [122.761127, 11.151281], [122.761127, 11.15155], [122.761397, 11.15155], [122.761397, 11.15182], [122.761666, 11.15182], [122.761666, 11.152089], [122.762744, 11.152089], [122.762744, 11.152359], [122.763014, 11.152359], [122.763014, 11.152628], [122.763283, 11.152628], [122.763283, 11.153167], [122.763014, 11.153167], [122.763014, 11.153437], [122.762744, 11.153437], [122.762744, 11.153706], [122.762205, 11.153706], [122.762205, 11.153976], [122.761397, 11.153976], [122.761397, 11.154245], [122.761127, 11.154245], [122.761127, 11.155593], [122.761397, 11.155593], [122.761397, 11.155862], [122.761666, 11.155862], [122.761666, 11.156132], [122.762744, 11.156132], [122.762744, 11.155862], [122.763822, 11.155862], [122.763822, 11.155593], [122.764361, 11.155593], [122.764361, 11.155323], [122.764631, 11.155323], [122.764631, 11.155054], [122.7649, 11.155054], [122.7649, 11.154784], [122.76517, 11.154784], [122.76517, 11.154245], [122.765439, 11.154245], [122.765439, 11.153437], [122.765709, 11.153437], [122.765709, 11.152628], [122.765978, 11.152628], [122.765978, 11.152089], [122.766248, 11.152089], [122.766248, 11.15155], [122.766517, 11.15155], [122.766517, 11.151011], [122.766787, 11.151011], [122.766787, 11.149933], [122.767056, 11.149933], [122.767056, 11.149394], [122.767326, 11.149394], [122.767326, 11.148855], [122.767056, 11.148855], [122.767056, 11.148047], [122.766787, 11.148047], [122.766787, 11.146969], [122.766517, 11.146969], [122.766517, 11.14643], [122.766248, 11.14643], [122.766248, 11.14616], [122.765978, 11.14616], [122.765978, 11.145621], [122.766248, 11.145621], [122.766248, 11.144274], [122.765978, 11.144274], [122.765978, 11.142118], [122.766248, 11.142118], [122.766248, 11.141849], [122.766787, 11.141849], [122.766787, 11.142118], [122.767326, 11.142118], [122.767326, 11.142657], [122.767595, 11.142657], [122.767595, 11.142927], [122.767865, 11.142927], [122.767865, 11.143196], [122.768134, 11.143196], [122.768134, 11.143466], [122.768404, 11.143466], [122.768404, 11.143735], [122.768673, 11.143735], [122.768673, 11.144005], [122.768943, 11.144005], [122.768943, 11.144274], [122.769212, 11.144274], [122.769212, 11.144544], [122.769482, 11.144544], [122.769482, 11.144813], [122.770021, 11.144813], [122.770021, 11.145082], [122.77029, 11.145082], [122.77029, 11.145352], [122.771099, 11.145352], [122.771099, 11.145621], [122.771638, 11.145621], [122.771638, 11.145891], [122.772177, 11.145891], [122.772177, 11.14616], [122.772446, 11.14616], [122.772446, 11.14643], [122.772716, 11.14643], [122.772716, 11.147238], [122.772446, 11.147238], [122.772446, 11.147777], [122.772716, 11.147777], [122.772716, 11.148316], [122.772985, 11.148316], [122.772985, 11.148855], [122.773255, 11.148855], [122.773255, 11.149125], [122.773524, 11.149125], [122.773524, 11.149394], [122.773794, 11.149394], [122.773794, 11.149933], [122.774063, 11.149933], [122.774063, 11.151281], [122.774333, 11.151281], [122.774333, 11.15155], [122.774063, 11.15155], [122.774063, 11.15182], [122.773794, 11.15182], [122.773794, 11.152089], [122.773524, 11.152089], [122.773524, 11.153437], [122.773794, 11.153437], [122.773794, 11.153706], [122.776489, 11.153706], [122.776489, 11.153437], [122.777028, 11.153437], [122.777028, 11.153706], [122.777297, 11.153706], [122.777297, 11.154245], [122.776758, 11.154245], [122.776758, 11.154515], [122.776219, 11.154515], [122.776219, 11.154784], [122.77568, 11.154784], [122.77568, 11.155054], [122.775411, 11.155054], [122.775411, 11.155323], [122.775141, 11.155323], [122.775141, 11.155862], [122.775411, 11.155862], [122.775411, 11.156132], [122.77568, 11.156132], [122.77568, 11.156401], [122.777297, 11.156401], [122.777297, 11.156671], [122.778106, 11.156671], [122.778106, 11.15694], [122.778375, 11.15694], [122.778375, 11.15721], [122.778645, 11.15721], [122.778645, 11.157479], [122.778914, 11.157479], [122.778914, 11.157749], [122.779184, 11.157749], [122.779184, 11.158018], [122.780531, 11.158018], [122.780531, 11.158288], [122.78134, 11.158288], [122.78134, 11.158557], [122.782148, 11.158557], [122.782148, 11.158827], [122.783765, 11.158827], [122.783765, 11.158557], [122.784034, 11.158557], [122.784034, 11.158288], [122.784573, 11.158288], [122.784573, 11.158827], [122.784843, 11.158827], [122.784843, 11.159096], [122.785112, 11.159096], [122.785112, 11.159366], [122.785651, 11.159366], [122.785651, 11.159635], [122.786999, 11.159635], [122.786999, 11.159905], [122.787538, 11.159905], [122.787538, 11.160174], [122.787807, 11.160174], [122.787807, 11.160444], [122.788077, 11.160444], [122.788077, 11.160983], [122.788346, 11.160983], [122.788346, 11.161252], [122.788616, 11.161252], [122.788616, 11.161522], [122.788885, 11.161522], [122.788885, 11.1626], [122.787807, 11.1626], [122.787807, 11.16233], [122.787268, 11.16233], [122.787268, 11.162061], [122.786999, 11.162061], [122.786999, 11.161791], [122.78646, 11.161791], [122.78646, 11.161522], [122.785921, 11.161522], [122.785921, 11.161252], [122.784573, 11.161252], [122.784573, 11.161522], [122.782687, 11.161522], [122.782687, 11.161252], [122.782418, 11.161252], [122.782418, 11.160983], [122.781609, 11.160983], [122.781609, 11.160713], [122.78134, 11.160713], [122.78134, 11.160983], [122.780801, 11.160983], [122.780801, 11.161252], [122.778106, 11.161252], [122.778106, 11.160713], [122.777836, 11.160713], [122.777836, 11.159635], [122.777567, 11.159635], [122.777567, 11.159366], [122.776219, 11.159366], [122.776219, 11.159096], [122.775411, 11.159096], [122.775411, 11.158827], [122.774872, 11.158827], [122.774872, 11.158557], [122.774333, 11.158557], [122.774333, 11.158288], [122.774063, 11.158288], [122.774063, 11.157749], [122.773794, 11.157749], [122.773794, 11.157479], [122.773524, 11.157479], [122.773524, 11.15694], [122.773255, 11.15694], [122.773255, 11.155054], [122.772985, 11.155054], [122.772985, 11.154784], [122.772716, 11.154784], [122.772716, 11.154515], [122.772446, 11.154515], [122.772446, 11.154245], [122.772177, 11.154245], [122.772177, 11.153976], [122.771907, 11.153976], [122.771907, 11.153706], [122.771368, 11.153706], [122.771368, 11.153437], [122.768943, 11.153437], [122.768943, 11.153706], [122.768673, 11.153706], [122.768673, 11.153976], [122.768404, 11.153976], [122.768404, 11.154515], [122.768134, 11.154515], [122.768134, 11.154784], [122.767865, 11.154784], [122.767865, 11.155054], [122.767595, 11.155054], [122.767595, 11.155593], [122.767326, 11.155593], [122.767326, 11.155862], [122.767056, 11.155862], [122.767056, 11.156401], [122.766787, 11.156401], [122.766787, 11.156671], [122.766517, 11.156671], [122.766517, 11.15694], [122.766248, 11.15694], [122.766248, 11.15721], [122.765978, 11.15721], [122.765978, 11.157479], [122.765709, 11.157479], [122.765709, 11.157749], [122.765439, 11.157749], [122.765439, 11.158288], [122.76517, 11.158288], [122.76517, 11.158827], [122.7649, 11.158827], [122.7649, 11.159366], [122.764361, 11.159366], [122.764361, 11.159635], [122.764092, 11.159635], [122.764092, 11.159905], [122.763822, 11.159905], [122.763822, 11.161252], [122.763553, 11.161252], [122.763553, 11.16233], [122.763822, 11.16233], [122.763822, 11.162869], [122.763553, 11.162869], [122.763553, 11.163139], [122.762205, 11.163139], [122.762205, 11.162061], [122.762475, 11.162061], [122.762475, 11.160174], [122.762205, 11.160174], [122.762205, 11.159905], [122.761397, 11.159905], [122.761397, 11.159635], [122.760858, 11.159635], [122.760858, 11.159366], [122.760319, 11.159366], [122.760319, 11.159096], [122.75978, 11.159096], [122.75978, 11.158827], [122.758971, 11.158827], [122.758971, 11.158557], [122.758163, 11.158557], [122.758163, 11.158288], [122.757894, 11.158288], [122.757894, 11.158018], [122.757624, 11.158018], [122.757624, 11.157749], [122.757355, 11.157749], [122.757355, 11.157479], [122.756277, 11.157479], [122.756277, 11.157749], [122.754929, 11.157749], [122.754929, 11.158018], [122.75466, 11.158018], [122.75466, 11.158288], [122.75439, 11.158288], [122.75439, 11.158557], [122.753851, 11.158557], [122.753851, 11.158827], [122.753582, 11.158827], [122.753582, 11.159096], [122.751965, 11.159096], [122.751965, 11.160174], [122.752234, 11.160174], [122.752234, 11.160713], [122.751695, 11.160713], [122.751695, 11.160983], [122.751426, 11.160983], [122.751426, 11.161522], [122.751156, 11.161522], [122.751156, 11.1626], [122.750617, 11.1626], [122.750617, 11.163139], [122.749809, 11.163139], [122.749809, 11.163408], [122.747922, 11.163408], [122.747922, 11.163139], [122.747383, 11.163139], [122.747383, 11.1626], [122.747114, 11.1626], [122.747114, 11.162061], [122.746844, 11.162061], [122.746844, 11.161791], [122.746575, 11.161791], [122.746575, 11.161522], [122.745766, 11.161522], [122.745766, 11.161252], [122.745227, 11.161252], [122.745227, 11.161522], [122.744149, 11.161522], [122.744149, 11.161252], [122.74361, 11.161252], [122.74361, 11.160983], [122.743341, 11.160983], [122.743341, 11.160713], [122.742802, 11.160713], [122.742802, 11.160444], [122.742263, 11.160444], [122.742263, 11.160174], [122.741993, 11.160174], [122.741993, 11.159905], [122.741724, 11.159905], [122.741724, 11.159635], [122.741454, 11.159635], [122.741454, 11.159366], [122.741185, 11.159366], [122.741185, 11.15721], [122.740915, 11.15721], [122.740915, 11.156132], [122.740646, 11.156132], [122.740646, 11.155593], [122.740376, 11.155593], [122.740376, 11.155323], [122.73849, 11.155323], [122.73849, 11.155593], [122.73822, 11.155593], [122.73822, 11.157479], [122.73849, 11.157479], [122.73849, 11.157749], [122.738759, 11.157749], [122.738759, 11.158288], [122.739298, 11.158288], [122.739298, 11.159905], [122.739029, 11.159905], [122.739029, 11.160983], [122.739298, 11.160983], [122.739298, 11.16233], [122.739568, 11.16233], [122.739568, 11.164217], [122.739298, 11.164217], [122.739298, 11.163947], [122.738759, 11.163947], [122.738759, 11.163408], [122.73849, 11.163408], [122.73849, 11.163139], [122.73822, 11.163139], [122.73822, 11.1626], [122.737951, 11.1626], [122.737951, 11.16233], [122.737681, 11.16233], [122.737681, 11.162061], [122.737142, 11.162061], [122.737142, 11.161791], [122.736603, 11.161791], [122.736603, 11.161522], [122.736064, 11.161522], [122.736064, 11.161252], [122.734986, 11.161252], [122.734986, 11.16233], [122.735256, 11.16233], [122.735256, 11.1626], [122.735525, 11.1626], [122.735525, 11.164486], [122.735256, 11.164486], [122.735256, 11.165025], [122.734986, 11.165025], [122.734986, 11.165564], [122.734717, 11.165564], [122.734717, 11.166103], [122.734447, 11.166103], [122.734447, 11.166373], [122.734178, 11.166373], [122.734178, 11.166642], [122.733639, 11.166642], [122.733639, 11.166912], [122.73337, 11.166912], [122.73337, 11.167181], [122.7331, 11.167181], [122.7331, 11.167451], [122.732831, 11.167451], [122.732831, 11.16799], [122.732561, 11.16799], [122.732561, 11.169607], [122.734717, 11.169607], [122.734717, 11.169876], [122.734986, 11.169876], [122.734986, 11.170145], [122.735256, 11.170145], [122.735256, 11.171223], [122.73337, 11.171223], [122.73337, 11.170954], [122.732831, 11.170954], [122.732831, 11.170684], [122.732561, 11.170684], [122.732561, 11.170415], [122.732292, 11.170415], [122.732292, 11.170145], [122.731753, 11.170145], [122.731753, 11.169876], [122.731483, 11.169876], [122.731483, 11.169607], [122.730944, 11.169607], [122.730944, 11.169337], [122.730675, 11.169337], [122.730675, 11.169068], [122.730405, 11.169068], [122.730405, 11.168798], [122.730136, 11.168798], [122.730136, 11.168529], [122.729866, 11.168529], [122.729866, 11.16799], [122.729327, 11.16799], [122.729327, 11.16772], [122.729058, 11.16772], [122.729058, 11.16799], [122.728519, 11.16799], [122.728519, 11.168529], [122.727441, 11.168529], [122.727441, 11.16799], [122.727171, 11.16799], [122.727171, 11.16772], [122.726632, 11.16772], [122.726632, 11.167451], [122.725285, 11.167451], [122.725285, 11.16772], [122.725015, 11.16772], [122.725015, 11.16799], [122.724476, 11.16799], [122.724476, 11.168259], [122.724207, 11.168259], [122.724207, 11.168529], [122.723937, 11.168529], [122.723937, 11.169068], [122.722859, 11.169068], [122.722859, 11.168798], [122.72259, 11.168798], [122.72259, 11.168529], [122.72232, 11.168529], [122.72232, 11.16799], [122.722051, 11.16799], [122.722051, 11.167451], [122.721512, 11.167451], [122.721512, 11.167181], [122.720703, 11.167181], [122.720703, 11.167451], [122.720164, 11.167451], [122.720164, 11.166103], [122.720434, 11.166103], [122.720434, 11.165834], [122.720703, 11.165834], [122.720703, 11.165025], [122.720973, 11.165025], [122.720973, 11.164486], [122.721242, 11.164486], [122.721242, 11.163678], [122.720973, 11.163678], [122.720973, 11.163408], [122.721242, 11.163408], [122.721242, 11.162869], [122.721512, 11.162869], [122.721512, 11.1626], [122.722051, 11.1626], [122.722051, 11.16233], [122.72232, 11.16233], [122.72232, 11.162061], [122.72259, 11.162061], [122.72259, 11.161252], [122.72232, 11.161252], [122.72232, 11.160983], [122.722051, 11.160983], [122.722051, 11.160713], [122.720973, 11.160713], [122.720973, 11.160983], [122.720703, 11.160983], [122.720703, 11.161522], [122.720434, 11.161522], [122.720434, 11.161791], [122.720164, 11.161791], [122.720164, 11.162061], [122.718817, 11.162061], [122.718817, 11.16233], [122.718278, 11.16233], [122.718278, 11.1626], [122.718008, 11.1626], [122.718008, 11.163139], [122.717739, 11.163139], [122.717739, 11.163678], [122.717469, 11.163678], [122.717469, 11.163947], [122.71693, 11.163947], [122.71693, 11.164217], [122.716122, 11.164217], [122.716122, 11.164486], [122.715852, 11.164486], [122.715852, 11.164756], [122.715313, 11.164756], [122.715313, 11.165025], [122.715044, 11.165025], [122.715044, 11.165295], [122.714774, 11.165295], [122.714774, 11.165564], [122.714235, 11.165564], [122.714235, 11.165834], [122.713966, 11.165834], [122.713966, 11.166373], [122.713696, 11.166373], [122.713696, 11.168259], [122.713966, 11.168259], [122.713966, 11.168529], [122.714235, 11.168529], [122.714235, 11.168798], [122.714505, 11.168798], [122.714505, 11.169068], [122.714774, 11.169068], [122.714774, 11.169337], [122.715044, 11.169337], [122.715044, 11.169607], [122.715313, 11.169607], [122.715313, 11.169876], [122.715852, 11.169876], [122.715852, 11.170145], [122.716391, 11.170145], [122.716391, 11.170415], [122.716661, 11.170415], [122.716661, 11.170684], [122.71693, 11.170684], [122.71693, 11.170954], [122.717469, 11.170954], [122.717469, 11.171493], [122.7172, 11.171493], [122.7172, 11.171762], [122.717469, 11.171762], [122.717469, 11.172571], [122.717739, 11.172571], [122.717739, 11.17284], [122.718008, 11.17284], [122.718008, 11.17311], [122.718278, 11.17311], [122.718278, 11.173379], [122.718817, 11.173379], [122.718817, 11.173649], [122.719356, 11.173649], [122.719356, 11.173918], [122.719625, 11.173918], [122.719625, 11.174188], [122.719895, 11.174188], [122.719895, 11.174457], [122.720164, 11.174457], [122.720164, 11.174727], [122.720434, 11.174727], [122.720434, 11.174996], [122.720703, 11.174996], [122.720703, 11.175266], [122.721242, 11.175266], [122.721242, 11.174996], [122.721781, 11.174996], [122.721781, 11.174727], [122.72232, 11.174727], [122.72232, 11.175535], [122.722051, 11.175535], [122.722051, 11.176074], [122.721781, 11.176074], [122.721781, 11.176344], [122.721512, 11.176344], [122.721512, 11.176613], [122.721242, 11.176613], [122.721242, 11.176883], [122.720973, 11.176883], [122.720973, 11.178769], [122.721242, 11.178769], [122.721242, 11.180386], [122.720973, 11.180386], [122.720973, 11.180656], [122.720703, 11.180656], [122.720703, 11.181195], [122.720434, 11.181195], [122.720434, 11.181464], [122.720164, 11.181464], [122.720164, 11.181734], [122.719356, 11.181734], [122.719356, 11.181464], [122.718817, 11.181464], [122.718817, 11.181195], [122.718278, 11.181195], [122.718278, 11.180925], [122.718008, 11.180925], [122.718008, 11.181195], [122.717739, 11.181195], [122.717739, 11.181734], [122.717469, 11.181734], [122.717469, 11.182273], [122.7172, 11.182273], [122.7172, 11.182542], [122.715852, 11.182542], [122.715852, 11.182273], [122.714505, 11.182273], [122.714505, 11.183081], [122.714774, 11.183081], [122.714774, 11.18362], [122.715044, 11.18362], [122.715044, 11.18389], [122.715313, 11.18389], [122.715313, 11.184429], [122.715583, 11.184429], [122.715583, 11.184698], [122.715852, 11.184698], [122.715852, 11.184968], [122.716122, 11.184968], [122.716122, 11.185237], [122.716661, 11.185237], [122.716661, 11.185776], [122.71693, 11.185776], [122.71693, 11.186315], [122.7172, 11.186315], [122.7172, 11.187124], [122.717469, 11.187124], [122.717469, 11.18928], [122.717739, 11.18928], [122.717739, 11.189549], [122.717469, 11.189549], [122.717469, 11.190897], [122.717739, 11.190897], [122.717739, 11.191166], [122.718278, 11.191166], [122.718278, 11.190897], [122.718547, 11.190897], [122.718547, 11.190088], [122.718278, 11.190088], [122.718278, 11.189819], [122.718547, 11.189819], [122.718547, 11.18928], [122.718817, 11.18928], [122.718817, 11.18901], [122.719086, 11.18901], [122.719086, 11.188741], [122.719356, 11.188741], [122.719356, 11.186585], [122.719625, 11.186585], [122.719625, 11.186046], [122.719895, 11.186046], [122.719895, 11.185507], [122.720164, 11.185507], [122.720164, 11.184429], [122.720703, 11.184429], [122.720703, 11.184159], [122.721512, 11.184159], [122.721512, 11.18389], [122.722051, 11.18389], [122.722051, 11.18362], [122.72232, 11.18362], [122.72232, 11.183351], [122.72259, 11.183351], [122.72259, 11.183081], [122.722859, 11.183081], [122.722859, 11.182812], [122.723668, 11.182812], [122.723668, 11.183081], [122.723937, 11.183081], [122.723937, 11.184159], [122.724207, 11.184159], [122.724207, 11.184698], [122.724476, 11.184698], [122.724476, 11.185237], [122.724746, 11.185237], [122.724746, 11.185776], [122.725015, 11.185776], [122.725015, 11.186046], [122.725285, 11.186046], [122.725285, 11.186315], [122.725554, 11.186315], [122.725554, 11.186585], [122.725824, 11.186585], [122.725824, 11.186854], [122.726093, 11.186854], [122.726093, 11.187393], [122.726363, 11.187393], [122.726363, 11.188202], [122.726632, 11.188202], [122.726632, 11.190897], [122.726902, 11.190897], [122.726902, 11.191436], [122.727171, 11.191436], [122.727171, 11.191705], [122.72771, 11.191705], [122.72771, 11.191975], [122.728249, 11.191975], [122.728249, 11.192244], [122.728519, 11.192244], [122.728519, 11.192514], [122.728788, 11.192514], [122.728788, 11.192783], [122.728519, 11.192783], [122.728519, 11.1944], [122.728249, 11.1944], [122.728249, 11.196286], [122.728519, 11.196286], [122.728519, 11.197095], [122.728788, 11.197095], [122.728788, 11.197634], [122.729058, 11.197634], [122.729058, 11.197903], [122.729866, 11.197903], [122.729866, 11.197634], [122.730136, 11.197634], [122.730136, 11.197364], [122.730405, 11.197364], [122.730405, 11.196825], [122.730675, 11.196825], [122.730675, 11.195747], [122.730944, 11.195747], [122.730944, 11.195478], [122.731214, 11.195478], [122.731214, 11.195208], [122.731483, 11.195208], [122.731483, 11.194939], [122.731753, 11.194939], [122.731753, 11.193861], [122.731483, 11.193861], [122.731483, 11.193592], [122.731214, 11.193592], [122.731214, 11.193322], [122.730944, 11.193322], [122.730944, 11.192783], [122.730675, 11.192783], [122.730675, 11.190088], [122.730944, 11.190088], [122.730944, 11.189819], [122.731483, 11.189819], [122.731483, 11.190088], [122.731753, 11.190088], [122.731753, 11.190627], [122.732022, 11.190627], [122.732022, 11.191166], [122.732292, 11.191166], [122.732292, 11.191436], [122.732561, 11.191436], [122.732561, 11.191975], [122.732831, 11.191975], [122.732831, 11.193053], [122.7331, 11.193053], [122.7331, 11.193592], [122.73337, 11.193592], [122.73337, 11.193861], [122.734986, 11.193861], [122.734986, 11.193592], [122.735795, 11.193592], [122.735795, 11.193322], [122.736873, 11.193322], [122.736873, 11.193053], [122.737142, 11.193053], [122.737142, 11.192783], [122.737412, 11.192783], [122.737412, 11.192244], [122.737681, 11.192244], [122.737681, 11.191975], [122.737951, 11.191975], [122.737951, 11.191705], [122.73822, 11.191705], [122.73822, 11.191166], [122.73849, 11.191166], [122.73849, 11.190897], [122.738759, 11.190897], [122.738759, 11.190627], [122.739029, 11.190627], [122.739029, 11.190088], [122.739298, 11.190088], [122.739298, 11.189819], [122.739568, 11.189819], [122.739568, 11.18928], [122.739837, 11.18928], [122.739837, 11.188471], [122.739568, 11.188471], [122.739568, 11.188202], [122.739298, 11.188202], [122.739298, 11.187663], [122.739029, 11.187663], [122.739029, 11.187124], [122.739298, 11.187124], [122.739298, 11.186315], [122.739568, 11.186315], [122.739568, 11.186046], [122.739298, 11.186046], [122.739298, 11.185237], [122.739568, 11.185237], [122.739568, 11.184968], [122.740376, 11.184968], [122.740376, 11.185237], [122.740646, 11.185237], [122.740646, 11.185776], [122.740915, 11.185776], [122.740915, 11.186854], [122.741185, 11.186854], [122.741185, 11.188202], [122.741454, 11.188202], [122.741454, 11.188471], [122.741993, 11.188471], [122.741993, 11.188202], [122.742263, 11.188202], [122.742263, 11.187932], [122.742532, 11.187932], [122.742532, 11.186585], [122.742263, 11.186585], [122.742263, 11.185507], [122.742532, 11.185507], [122.742532, 11.184159], [122.742802, 11.184159], [122.742802, 11.18389], [122.74361, 11.18389], [122.74361, 11.184159], [122.744688, 11.184159], [122.744688, 11.182812], [122.744419, 11.182812], [122.744419, 11.182003], [122.744149, 11.182003], [122.744149, 11.181195], [122.74388, 11.181195], [122.74388, 11.180386], [122.744149, 11.180386], [122.744149, 11.179847], [122.744419, 11.179847], [122.744419, 11.179578], [122.744688, 11.179578], [122.744688, 11.179308], [122.744419, 11.179308], [122.744419, 11.1785], [122.745227, 11.1785], [122.745227, 11.179847], [122.745497, 11.179847], [122.745497, 11.180386], [122.746575, 11.180386], [122.746575, 11.180117], [122.746844, 11.180117], [122.746844, 11.179847], [122.747114, 11.179847], [122.747114, 11.179578], [122.748192, 11.179578], [122.748192, 11.179308], [122.748461, 11.179308], [122.748461, 11.179039], [122.748731, 11.179039], [122.748731, 11.17823], [122.748461, 11.17823], [122.748461, 11.176074], [122.748192, 11.176074], [122.748192, 11.175535], [122.747922, 11.175535], [122.747922, 11.174457], [122.747653, 11.174457], [122.747653, 11.17284], [122.747922, 11.17284], [122.747922, 11.172571], [122.748731, 11.172571], [122.748731, 11.172301], [122.74927, 11.172301], [122.74927, 11.172032], [122.749539, 11.172032], [122.749539, 11.171762], [122.749809, 11.171762], [122.749809, 11.171493], [122.750348, 11.171493], [122.750348, 11.171762], [122.750617, 11.171762], [122.750617, 11.172032], [122.750348, 11.172032], [122.750348, 11.172571], [122.750078, 11.172571], [122.750078, 11.17284], [122.749809, 11.17284], [122.749809, 11.17311], [122.749539, 11.17311], [122.749539, 11.173649], [122.749809, 11.173649], [122.749809, 11.174727], [122.749539, 11.174727], [122.749539, 11.175266], [122.74927, 11.175266], [122.74927, 11.176613], [122.749539, 11.176613], [122.749539, 11.177152], [122.749809, 11.177152], [122.749809, 11.177422], [122.750078, 11.177422], [122.750078, 11.177961], [122.750348, 11.177961], [122.750348, 11.17823], [122.750617, 11.17823], [122.750617, 11.1785], [122.751156, 11.1785], [122.751156, 11.178769], [122.751426, 11.178769], [122.751426, 11.179578], [122.751156, 11.179578], [122.751156, 11.180117], [122.750887, 11.180117], [122.750887, 11.180386], [122.750617, 11.180386], [122.750617, 11.180656], [122.750348, 11.180656], [122.750348, 11.180925], [122.749809, 11.180925], [122.749809, 11.181195], [122.74927, 11.181195], [122.74927, 11.181464], [122.748461, 11.181464], [122.748461, 11.181734], [122.747922, 11.181734], [122.747922, 11.182003], [122.747653, 11.182003], [122.747653, 11.182273], [122.747383, 11.182273], [122.747383, 11.18362], [122.747114, 11.18362], [122.747114, 11.184159], [122.746844, 11.184159], [122.746844, 11.185776], [122.747114, 11.185776], [122.747114, 11.186046], [122.747922, 11.186046], [122.747922, 11.185776], [122.748192, 11.185776], [122.748192, 11.185507], [122.748731, 11.185507], [122.748731, 11.184968], [122.74927, 11.184968], [122.74927, 11.184698], [122.749539, 11.184698], [122.749539, 11.184429], [122.750348, 11.184429], [122.750348, 11.184968], [122.750078, 11.184968], [122.750078, 11.185507], [122.750887, 11.185507], [122.750887, 11.185237], [122.751426, 11.185237], [122.751426, 11.184968], [122.751695, 11.184968], [122.751695, 11.184698], [122.751965, 11.184698], [122.751965, 11.184429], [122.752234, 11.184429], [122.752234, 11.183351], [122.752504, 11.183351], [122.752504, 11.182542], [122.752773, 11.182542], [122.752773, 11.182273], [122.753851, 11.182273], [122.753851, 11.182003], [122.754121, 11.182003], [122.754121, 11.181734], [122.75466, 11.181734], [122.75466, 11.181195], [122.755199, 11.181195], [122.755199, 11.180925], [122.755468, 11.180925], [122.755468, 11.180656], [122.755738, 11.180656], [122.755738, 11.179847], [122.756007, 11.179847], [122.756007, 11.178769], [122.756277, 11.178769], [122.756277, 11.1785], [122.757624, 11.1785], [122.757624, 11.178769], [122.757894, 11.178769], [122.757894, 11.179308], [122.758163, 11.179308], [122.758163, 11.179847], [122.759241, 11.179847], [122.759241, 11.179578], [122.75978, 11.179578], [122.75978, 11.179308], [122.760049, 11.179308], [122.760049, 11.179039], [122.760319, 11.179039], [122.760319, 11.178769], [122.760588, 11.178769], [122.760588, 11.1785], [122.760858, 11.1785], [122.760858, 11.177961], [122.761127, 11.177961], [122.761127, 11.177152], [122.761397, 11.177152], [122.761397, 11.176883], [122.761666, 11.176883], [122.761666, 11.177152], [122.762205, 11.177152], [122.762205, 11.177691], [122.762475, 11.177691], [122.762475, 11.17823], [122.762744, 11.17823], [122.762744, 11.179847], [122.762205, 11.179847], [122.762205, 11.180117], [122.761127, 11.180117], [122.761127, 11.180386], [122.760588, 11.180386], [122.760588, 11.180656], [122.760319, 11.180656], [122.760319, 11.180925], [122.760049, 11.180925], [122.760049, 11.181195], [122.75951, 11.181195], [122.75951, 11.181464], [122.759241, 11.181464], [122.759241, 11.181734], [122.758971, 11.181734], [122.758971, 11.182812], [122.759241, 11.182812], [122.759241, 11.183081], [122.75951, 11.183081], [122.75951, 11.183351], [122.760319, 11.183351], [122.760319, 11.18389], [122.75951, 11.18389], [122.75951, 11.184159], [122.759241, 11.184159], [122.759241, 11.184429], [122.758971, 11.184429], [122.758971, 11.184698], [122.758702, 11.184698], [122.758702, 11.184968], [122.758432, 11.184968], [122.758432, 11.185237], [122.758163, 11.185237], [122.758163, 11.186046], [122.758432, 11.186046], [122.758432, 11.186854], [122.758163, 11.186854], [122.758163, 11.187124], [122.757624, 11.187124], [122.757624, 11.187393], [122.757355, 11.187393], [122.757355, 11.188741], [122.757624, 11.188741], [122.757624, 11.189549], [122.757894, 11.189549], [122.757894, 11.190088], [122.758163, 11.190088], [122.758163, 11.190627], [122.758432, 11.190627], [122.758432, 11.190897], [122.758702, 11.190897], [122.758702, 11.191436], [122.758971, 11.191436], [122.758971, 11.191705], [122.759241, 11.191705], [122.759241, 11.192244], [122.75951, 11.192244], [122.75951, 11.19467], [122.759241, 11.19467], [122.759241, 11.195208], [122.758971, 11.195208], [122.758971, 11.196556], [122.758702, 11.196556], [122.758702, 11.196825], [122.758971, 11.196825], [122.758971, 11.199251], [122.758702, 11.199251], [122.758702, 11.19979], [122.758432, 11.19979], [122.758432, 11.201407], [122.758702, 11.201407], [122.758702, 11.201946], [122.758432, 11.201946], [122.758432, 11.203832], [122.758702, 11.203832], [122.758702, 11.20518], [122.758971, 11.20518], [122.758971, 11.205449], [122.759241, 11.205449], [122.759241, 11.205988], [122.75951, 11.205988], [122.75951, 11.206258], [122.75978, 11.206258], [122.75978, 11.206527], [122.760049, 11.206527], [122.760049, 11.206797], [122.760319, 11.206797], [122.760319, 11.207066], [122.761127, 11.207066], [122.761127, 11.206797], [122.762205, 11.206797], [122.762205, 11.207066], [122.762744, 11.207066], [122.762744, 11.207875], [122.762475, 11.207875], [122.762475, 11.208414], [122.761936, 11.208414], [122.761936, 11.208683], [122.761397, 11.208683], [122.761397, 11.208953], [122.75951, 11.208953], [122.75951, 11.209222], [122.758702, 11.209222], [122.758702, 11.208683], [122.758432, 11.208683], [122.758432, 11.207066], [122.758163, 11.207066], [122.758163, 11.206258], [122.758432, 11.206258], [122.758432, 11.205449], [122.758163, 11.205449], [122.758163, 11.20518], [122.757894, 11.20518], [122.757894, 11.20491], [122.757355, 11.20491], [122.757355, 11.204641], [122.756007, 11.204641], [122.756007, 11.204371], [122.755738, 11.204371], [122.755738, 11.203563], [122.755468, 11.203563], [122.755468, 11.202215], [122.755199, 11.202215], [122.755199, 11.201946], [122.754929, 11.201946], [122.754929, 11.201676], [122.75466, 11.201676], [122.75466, 11.201946], [122.754121, 11.201946], [122.754121, 11.202215], [122.753851, 11.202215], [122.753851, 11.202485], [122.753582, 11.202485], [122.753582, 11.202754], [122.753312, 11.202754], [122.753312, 11.203563], [122.753043, 11.203563], [122.753043, 11.204102], [122.752504, 11.204102], [122.752504, 11.203832], [122.751965, 11.203832], [122.751965, 11.203293], [122.751695, 11.203293], [122.751695, 11.202485], [122.751426, 11.202485], [122.751426, 11.202215], [122.750887, 11.202215], [122.750887, 11.201946], [122.750617, 11.201946], [122.750617, 11.202215], [122.750348, 11.202215], [122.750348, 11.202485], [122.749809, 11.202485], [122.749809, 11.202215], [122.749539, 11.202215], [122.749539, 11.201946], [122.74927, 11.201946], [122.74927, 11.201676], [122.748731, 11.201676], [122.748731, 11.201137], [122.748461, 11.201137], [122.748461, 11.200868], [122.747383, 11.200868], [122.747383, 11.201137], [122.747114, 11.201137], [122.747114, 11.201407], [122.746575, 11.201407], [122.746575, 11.201137], [122.746305, 11.201137], [122.746305, 11.199251], [122.746036, 11.199251], [122.746036, 11.198442], [122.745766, 11.198442], [122.745766, 11.198173], [122.745497, 11.198173], [122.745497, 11.197903], [122.745766, 11.197903], [122.745766, 11.197095], [122.746036, 11.197095], [122.746036, 11.196825], [122.746305, 11.196825], [122.746305, 11.195208], [122.746575, 11.195208], [122.746575, 11.193053], [122.746844, 11.193053], [122.746844, 11.192514], [122.747114, 11.192514], [122.747114, 11.192244], [122.747922, 11.192244], [122.747922, 11.191975], [122.748192, 11.191975], [122.748192, 11.191436], [122.748461, 11.191436], [122.748461, 11.190358], [122.747922, 11.190358], [122.747922, 11.190088], [122.746305, 11.190088], [122.746305, 11.190358], [122.746036, 11.190358], [122.746036, 11.190897], [122.745766, 11.190897], [122.745766, 11.191166], [122.744958, 11.191166], [122.744958, 11.190897], [122.74388, 11.190897], [122.74388, 11.191166], [122.74361, 11.191166], [122.74361, 11.191436], [122.740915, 11.191436], [122.740915, 11.191705], [122.740376, 11.191705], [122.740376, 11.191975], [122.740107, 11.191975], [122.740107, 11.192244], [122.739568, 11.192244], [122.739568, 11.192514], [122.739298, 11.192514], [122.739298, 11.193053], [122.739029, 11.193053], [122.739029, 11.193592], [122.738759, 11.193592], [122.738759, 11.1944], [122.73849, 11.1944], [122.73849, 11.19467], [122.736873, 11.19467], [122.736873, 11.194939], [122.736334, 11.194939], [122.736334, 11.195208], [122.735795, 11.195208], [122.735795, 11.195478], [122.734447, 11.195478], [122.734447, 11.195747], [122.733908, 11.195747], [122.733908, 11.196017], [122.73337, 11.196017], [122.73337, 11.196286], [122.7331, 11.196286], [122.7331, 11.196825], [122.732831, 11.196825], [122.732831, 11.198712], [122.7331, 11.198712], [122.7331, 11.198981], [122.73337, 11.198981], [122.73337, 11.19979], [122.733639, 11.19979], [122.733639, 11.200598], [122.732022, 11.200598], [122.732022, 11.200329], [122.731483, 11.200329], [122.731483, 11.200598], [122.730944, 11.200598], [122.730944, 11.201676], [122.731214, 11.201676], [122.731214, 11.201946], [122.731753, 11.201946], [122.731753, 11.202215], [122.732022, 11.202215], [122.732022, 11.202485], [122.732561, 11.202485], [122.732561, 11.202754], [122.732831, 11.202754], [122.732831, 11.203024], [122.7331, 11.203024], [122.7331, 11.203293], [122.73337, 11.203293], [122.73337, 11.203832], [122.733639, 11.203832], [122.733639, 11.204371], [122.733908, 11.204371], [122.733908, 11.20518], [122.734178, 11.20518], [122.734178, 11.205988], [122.734717, 11.205988], [122.734717, 11.206258], [122.735256, 11.206258], [122.735256, 11.207066], [122.734178, 11.207066], [122.734178, 11.207336], [122.733639, 11.207336], [122.733639, 11.208414], [122.733908, 11.208414], [122.733908, 11.208953], [122.734178, 11.208953], [122.734178, 11.21057], [122.734447, 11.21057], [122.734447, 11.211648], [122.734717, 11.211648], [122.734717, 11.212187], [122.734986, 11.212187], [122.734986, 11.212456], [122.735256, 11.212456], [122.735256, 11.212995], [122.735525, 11.212995], [122.735525, 11.214073], [122.735256, 11.214073], [122.735256, 11.214343], [122.734717, 11.214343], [122.734717, 11.214882], [122.734447, 11.214882], [122.734447, 11.215151], [122.734717, 11.215151], [122.734717, 11.21569], [122.734986, 11.21569], [122.734986, 11.216229], [122.735256, 11.216229], [122.735256, 11.217846], [122.735525, 11.217846], [122.735525, 11.218385], [122.736064, 11.218385], [122.736064, 11.218924], [122.734986, 11.218924], [122.734986, 11.219194], [122.734447, 11.219194], [122.734447, 11.219732], [122.734178, 11.219732], [122.734178, 11.22108], [122.734447, 11.22108], [122.734447, 11.221619], [122.734717, 11.221619], [122.734717, 11.221888], [122.734986, 11.221888], [122.734986, 11.222966], [122.734717, 11.222966], [122.734717, 11.223505], [122.734447, 11.223505], [122.734447, 11.223775], [122.734178, 11.223775], [122.734178, 11.224044], [122.733908, 11.224044], [122.733908, 11.224583], [122.733639, 11.224583], [122.733639, 11.224774], [122.745835, 11.225002]]], [[[122.736935, 11.065919], [122.7411, 11.060546], [122.741666, 11.058334], [122.739508, 11.057714], [122.725823, 11.045229], [122.724195, 11.034068], [122.716668, 11.033332], [122.717235, 11.026956], [122.720267, 11.023045], [122.721399, 11.010287], [122.729733, 11.000937], [122.728543, 10.980171], [122.724066, 10.976109], [122.723937, 10.976109], [122.723937, 10.976379], [122.723668, 10.976379], [122.723668, 10.976648], [122.723129, 10.976648], [122.723129, 10.976918], [122.722859, 10.976918], [122.722859, 10.977187], [122.72259, 10.977187], [122.72259, 10.978804], [122.72232, 10.978804], [122.72232, 10.979074], [122.721781, 10.979074], [122.721781, 10.978804], [122.721512, 10.978804], [122.721512, 10.978535], [122.721242, 10.978535], [122.721242, 10.978265], [122.720973, 10.978265], [122.720973, 10.977726], [122.721242, 10.977726], [122.721242, 10.977187], [122.720973, 10.977187], [122.720973, 10.976918], [122.720703, 10.976918], [122.720703, 10.976648], [122.719895, 10.976648], [122.719895, 10.976918], [122.719086, 10.976918], [122.719086, 10.976648], [122.718278, 10.976648], [122.718278, 10.977457], [122.718008, 10.977457], [122.718008, 10.979074], [122.718278, 10.979074], [122.718278, 10.979343], [122.718547, 10.979343], [122.718547, 10.979613], [122.718817, 10.979613], [122.718817, 10.979882], [122.719086, 10.979882], [122.719086, 10.980152], [122.719625, 10.980152], [122.719625, 10.980421], [122.719895, 10.980421], [122.719895, 10.980691], [122.720164, 10.980691], [122.720164, 10.981769], [122.719895, 10.981769], [122.719895, 10.982038], [122.719625, 10.982038], [122.719625, 10.982308], [122.719086, 10.982308], [122.719086, 10.983386], [122.718817, 10.983386], [122.718817, 10.983655], [122.719356, 10.983655], [122.719356, 10.983925], [122.719625, 10.983925], [122.719625, 10.984464], [122.719356, 10.984464], [122.719356, 10.984733], [122.718817, 10.984733], [122.718817, 10.985003], [122.718547, 10.985003], [122.718547, 10.984464], [122.718278, 10.984464], [122.718278, 10.983655], [122.718547, 10.983655], [122.718547, 10.983386], [122.718008, 10.983386], [122.718008, 10.983116], [122.717739, 10.983116], [122.717739, 10.982847], [122.717469, 10.982847], [122.717469, 10.982577], [122.7172, 10.982577], [122.7172, 10.982308], [122.71693, 10.982308], [122.71693, 10.982038], [122.716661, 10.982038], [122.716661, 10.981769], [122.716391, 10.981769], [122.716391, 10.981499], [122.716122, 10.981499], [122.716122, 10.98123], [122.714774, 10.98123], [122.714774, 10.98096], [122.714505, 10.98096], [122.714505, 10.98123], [122.714235, 10.98123], [122.714235, 10.98096], [122.713696, 10.98096], [122.713696, 10.98123], [122.713427, 10.98123], [122.713427, 10.981499], [122.713157, 10.981499], [122.713157, 10.981769], [122.712888, 10.981769], [122.712888, 10.984194], [122.713157, 10.984194], [122.713157, 10.984464], [122.713696, 10.984464], [122.713696, 10.984733], [122.714505, 10.984733], [122.714505, 10.985003], [122.715044, 10.985003], [122.715044, 10.985272], [122.715313, 10.985272], [122.715313, 10.985542], [122.715852, 10.985542], [122.715852, 10.985811], [122.716122, 10.985811], [122.716122, 10.98635], [122.715852, 10.98635], [122.715852, 10.98662], [122.714774, 10.98662], [122.714774, 10.986889], [122.714235, 10.986889], [122.714235, 10.987159], [122.713966, 10.987159], [122.713966, 10.987698], [122.713696, 10.987698], [122.713696, 10.988237], [122.713427, 10.988237], [122.713427, 10.988506], [122.713157, 10.988506], [122.713157, 10.988776], [122.713427, 10.988776], [122.713427, 10.989045], [122.713696, 10.989045], [122.713696, 10.989315], [122.714235, 10.989315], [122.714235, 10.989584], [122.714774, 10.989584], [122.714774, 10.989854], [122.715044, 10.989854], [122.715044, 10.990123], [122.716122, 10.990123], [122.716122, 10.990393], [122.716391, 10.990393], [122.716391, 10.990932], [122.716661, 10.990932], [122.716661, 10.991201], [122.71693, 10.991201], [122.71693, 10.991471], [122.717469, 10.991471], [122.717469, 10.99174], [122.718278, 10.99174], [122.718278, 10.99201], [122.718547, 10.99201], [122.718547, 10.99174], [122.719625, 10.99174], [122.719625, 10.991471], [122.720973, 10.991471], [122.720973, 10.99174], [122.721242, 10.99174], [122.721242, 10.99201], [122.721512, 10.99201], [122.721512, 10.992549], [122.721781, 10.992549], [122.721781, 10.992818], [122.722051, 10.992818], [122.722051, 10.993088], [122.72232, 10.993088], [122.72232, 10.993627], [122.721781, 10.993627], [122.721781, 10.993896], [122.719625, 10.993896], [122.719625, 10.994166], [122.719356, 10.994166], [122.719356, 10.995244], [122.719086, 10.995244], [122.719086, 10.996052], [122.718817, 10.996052], [122.718817, 10.996591], [122.719356, 10.996591], [122.719356, 10.99713], [122.719625, 10.99713], [122.719625, 10.997399], [122.719895, 10.997399], [122.719895, 10.998208], [122.719625, 10.998208], [122.719625, 10.998477], [122.719356, 10.998477], [122.719356, 10.998747], [122.718817, 10.998747], [122.718817, 10.999825], [122.719086, 10.999825], [122.719086, 11.000364], [122.719356, 11.000364], [122.719356, 11.000633], [122.719625, 11.000633], [122.719625, 11.000903], [122.719895, 11.000903], [122.719895, 11.001442], [122.720164, 11.001442], [122.720164, 11.00252], [122.720434, 11.00252], [122.720434, 11.003059], [122.720703, 11.003059], [122.720703, 11.003328], [122.720973, 11.003328], [122.720973, 11.003867], [122.721242, 11.003867], [122.721242, 11.004137], [122.721512, 11.004137], [122.721512, 11.004676], [122.721242, 11.004676], [122.721242, 11.004945], [122.720973, 11.004945], [122.720973, 11.005215], [122.720703, 11.005215], [122.720703, 11.005484], [122.719895, 11.005484], [122.719895, 11.005754], [122.719356, 11.005754], [122.719356, 11.006023], [122.719086, 11.006023], [122.719086, 11.006293], [122.718817, 11.006293], [122.718817, 11.006562], [122.718547, 11.006562], [122.718547, 11.006832], [122.718008, 11.006832], [122.718008, 11.007101], [122.717469, 11.007101], [122.717469, 11.007371], [122.7172, 11.007371], [122.7172, 11.00764], [122.716661, 11.00764], [122.716661, 11.00791], [122.715583, 11.00791], [122.715583, 11.00764], [122.714774, 11.00764], [122.714774, 11.008179], [122.715583, 11.008179], [122.715583, 11.008449], [122.715852, 11.008449], [122.715852, 11.008718], [122.716122, 11.008718], [122.716122, 11.009257], [122.715852, 11.009257], [122.715852, 11.009796], [122.715583, 11.009796], [122.715583, 11.010066], [122.715044, 11.010066], [122.715044, 11.010335], [122.714774, 11.010335], [122.714774, 11.010605], [122.714505, 11.010605], [122.714505, 11.010874], [122.714235, 11.010874], [122.714235, 11.011413], [122.714505, 11.011413], [122.714505, 11.012222], [122.714774, 11.012222], [122.714774, 11.012761], [122.714505, 11.012761], [122.714505, 11.01303], [122.713696, 11.01303], [122.713696, 11.0133], [122.713427, 11.0133], [122.713427, 11.013569], [122.713157, 11.013569], [122.713157, 11.014647], [122.712888, 11.014647], [122.712888, 11.014378], [122.712618, 11.014378], [122.712618, 11.014108], [122.712349, 11.014108], [122.712349, 11.013839], [122.712079, 11.013839], [122.712079, 11.013569], [122.71154, 11.013569], [122.71154, 11.0133], [122.711271, 11.0133], [122.711271, 11.012761], [122.711001, 11.012761], [122.711001, 11.012491], [122.710732, 11.012491], [122.710732, 11.011952], [122.710462, 11.011952], [122.710462, 11.011683], [122.710732, 11.011683], [122.710732, 11.009796], [122.710462, 11.009796], [122.710462, 11.007371], [122.710732, 11.007371], [122.710732, 11.007101], [122.711001, 11.007101], [122.711001, 11.006832], [122.712079, 11.006832], [122.712079, 11.006562], [122.713157, 11.006562], [122.713157, 11.006293], [122.713427, 11.006293], [122.713427, 11.006023], [122.713696, 11.006023], [122.713696, 11.005215], [122.713966, 11.005215], [122.713966, 11.004945], [122.714235, 11.004945], [122.714235, 11.004676], [122.714505, 11.004676], [122.714505, 11.004137], [122.714774, 11.004137], [122.714774, 11.003867], [122.715044, 11.003867], [122.715044, 11.003598], [122.715313, 11.003598], [122.715313, 11.003059], [122.715583, 11.003059], [122.715583, 11.00252], [122.715852, 11.00252], [122.715852, 11.000903], [122.715583, 11.000903], [122.715583, 11.000633], [122.715313, 11.000633], [122.715313, 11.000364], [122.715044, 11.000364], [122.715044, 10.999825], [122.714774, 10.999825], [122.714774, 10.999286], [122.714505, 10.999286], [122.714505, 10.997399], [122.714235, 10.997399], [122.714235, 10.99686], [122.713966, 10.99686], [122.713966, 10.996591], [122.713696, 10.996591], [122.713696, 10.996052], [122.713427, 10.996052], [122.713427, 10.995244], [122.713157, 10.995244], [122.713157, 10.994974], [122.712888, 10.994974], [122.712888, 10.994705], [122.71154, 10.994705], [122.71154, 10.994435], [122.710732, 10.994435], [122.710732, 10.994705], [122.710462, 10.994705], [122.710462, 10.995244], [122.709384, 10.995244], [122.709384, 10.994974], [122.709115, 10.994974], [122.709115, 10.994435], [122.708845, 10.994435], [122.708845, 10.993627], [122.708576, 10.993627], [122.708576, 10.993357], [122.708307, 10.993357], [122.708307, 10.993088], [122.708037, 10.993088], [122.708037, 10.993357], [122.707498, 10.993357], [122.707498, 10.993627], [122.707768, 10.993627], [122.707768, 10.994705], [122.707229, 10.994705], [122.707229, 10.994974], [122.70669, 10.994974], [122.70669, 10.994705], [122.706151, 10.994705], [122.706151, 10.994435], [122.705881, 10.994435], [122.705881, 10.994166], [122.705612, 10.994166], [122.705612, 10.993627], [122.705073, 10.993627], [122.705073, 10.993357], [122.704534, 10.993357], [122.704534, 10.993088], [122.704264, 10.993088], [122.704264, 10.991471], [122.703995, 10.991471], [122.703995, 10.991201], [122.703725, 10.991201], [122.703725, 10.990662], [122.703456, 10.990662], [122.703456, 10.990393], [122.703186, 10.990393], [122.703186, 10.990123], [122.702647, 10.990123], [122.702647, 10.989854], [122.702378, 10.989854], [122.702378, 10.990123], [122.702108, 10.990123], [122.702108, 10.989854], [122.701569, 10.989854], [122.701569, 10.990123], [122.70103, 10.990123], [122.70103, 10.989854], [122.700222, 10.989854], [122.700222, 10.989584], [122.699413, 10.989584], [122.699413, 10.989854], [122.698874, 10.989854], [122.698874, 10.990123], [122.698605, 10.990123], [122.698605, 10.991201], [122.698874, 10.991201], [122.698874, 10.99174], [122.699144, 10.99174], [122.699144, 10.99201], [122.699413, 10.99201], [122.699413, 10.992279], [122.699683, 10.992279], [122.699683, 10.992549], [122.700222, 10.992549], [122.700222, 10.992818], [122.70103, 10.992818], [122.70103, 10.993088], [122.7013, 10.993088], [122.7013, 10.993357], [122.701839, 10.993357], [122.701839, 10.993896], [122.702108, 10.993896], [122.702108, 10.994166], [122.703995, 10.994166], [122.703995, 10.994705], [122.704264, 10.994705], [122.704264, 10.995513], [122.703456, 10.995513], [122.703456, 10.994974], [122.703186, 10.994974], [122.703186, 10.994705], [122.702917, 10.994705], [122.702917, 10.994435], [122.702378, 10.994435], [122.702378, 10.99713], [122.7013, 10.99713], [122.7013, 10.997399], [122.70103, 10.997399], [122.70103, 10.99713], [122.700761, 10.99713], [122.700761, 10.997669], [122.700491, 10.997669], [122.700491, 10.997938], [122.700761, 10.997938], [122.700761, 10.998747], [122.700491, 10.998747], [122.700491, 10.999825], [122.700222, 10.999825], [122.700222, 11.000364], [122.700491, 11.000364], [122.700491, 11.000633], [122.700761, 11.000633], [122.700761, 11.001172], [122.70103, 11.001172], [122.70103, 11.001442], [122.701569, 11.001442], [122.701569, 11.001711], [122.7013, 11.001711], [122.7013, 11.001981], [122.701569, 11.001981], [122.701569, 11.00252], [122.702108, 11.00252], [122.702108, 11.003059], [122.702378, 11.003059], [122.702378, 11.003328], [122.703186, 11.003328], [122.703186, 11.003598], [122.703456, 11.003598], [122.703456, 11.004676], [122.703186, 11.004676], [122.703186, 11.006562], [122.702917, 11.006562], [122.702917, 11.007101], [122.702647, 11.007101], [122.702647, 11.006832], [122.702108, 11.006832], [122.702108, 11.006562], [122.701839, 11.006562], [122.701839, 11.007371], [122.701569, 11.007371], [122.701569, 11.00764], [122.701839, 11.00764], [122.701839, 11.008179], [122.702108, 11.008179], [122.702108, 11.008988], [122.702378, 11.008988], [122.702378, 11.010605], [122.702108, 11.010605], [122.702108, 11.011144], [122.701839, 11.011144], [122.701839, 11.012222], [122.701569, 11.012222], [122.701569, 11.013569], [122.701839, 11.013569], [122.701839, 11.013839], [122.701569, 11.013839], [122.701569, 11.014108], [122.700761, 11.014108], [122.700761, 11.014378], [122.700222, 11.014378], [122.700222, 11.014647], [122.699952, 11.014647], [122.699952, 11.015456], [122.699683, 11.015456], [122.699683, 11.017342], [122.699144, 11.017342], [122.699144, 11.017612], [122.698335, 11.017612], [122.698335, 11.017881], [122.697796, 11.017881], [122.697796, 11.01842], [122.697527, 11.01842], [122.697527, 11.019498], [122.697796, 11.019498], [122.697796, 11.019768], [122.698066, 11.019768], [122.698066, 11.020037], [122.700222, 11.020037], [122.700222, 11.019768], [122.700491, 11.019768], [122.700491, 11.019498], [122.7013, 11.019498], [122.7013, 11.021115], [122.70103, 11.021115], [122.70103, 11.021654], [122.700761, 11.021654], [122.700761, 11.021923], [122.700491, 11.021923], [122.700491, 11.022193], [122.700222, 11.022193], [122.700222, 11.024079], [122.698335, 11.024079], [122.698335, 11.024349], [122.697527, 11.024349], [122.697527, 11.024618], [122.697257, 11.024618], [122.697257, 11.025696], [122.697527, 11.025696], [122.697527, 11.028122], [122.697796, 11.028122], [122.697796, 11.028391], [122.698066, 11.028391], [122.698066, 11.028661], [122.698605, 11.028661], [122.698605, 11.02893], [122.699144, 11.02893], [122.699144, 11.029469], [122.699683, 11.029469], [122.699683, 11.029739], [122.699952, 11.029739], [122.699952, 11.030008], [122.700222, 11.030008], [122.700222, 11.030278], [122.700761, 11.030278], [122.700761, 11.030547], [122.70103, 11.030547], [122.70103, 11.030817], [122.7013, 11.030817], [122.7013, 11.031086], [122.701569, 11.031086], [122.701569, 11.031356], [122.702108, 11.031356], [122.702108, 11.031625], [122.704803, 11.031625], [122.704803, 11.031895], [122.705342, 11.031895], [122.705342, 11.032164], [122.705881, 11.032164], [122.705881, 11.031895], [122.70642, 11.031895], [122.70642, 11.031625], [122.707768, 11.031625], [122.707768, 11.031895], [122.708037, 11.031895], [122.708037, 11.032434], [122.707768, 11.032434], [122.707768, 11.032703], [122.706959, 11.032703], [122.706959, 11.032973], [122.70642, 11.032973], [122.70642, 11.033242], [122.705881, 11.033242], [122.705881, 11.033512], [122.705342, 11.033512], [122.705342, 11.033242], [122.702378, 11.033242], [122.702378, 11.033512], [122.702108, 11.033512], [122.702108, 11.033781], [122.701839, 11.033781], [122.701839, 11.034051], [122.701569, 11.034051], [122.701569, 11.03432], [122.700761, 11.03432], [122.700761, 11.03459], [122.699952, 11.03459], [122.699952, 11.034859], [122.699683, 11.034859], [122.699683, 11.035668], [122.699952, 11.035668], [122.699952, 11.036476], [122.700222, 11.036476], [122.700222, 11.037015], [122.700491, 11.037015], [122.700491, 11.037285], [122.700761, 11.037285], [122.700761, 11.037554], [122.7013, 11.037554], [122.7013, 11.037824], [122.701839, 11.037824], [122.701839, 11.038093], [122.702378, 11.038093], [122.702378, 11.038363], [122.702647, 11.038363], [122.702647, 11.038632], [122.702917, 11.038632], [122.702917, 11.03971], [122.701569, 11.03971], [122.701569, 11.039171], [122.7013, 11.039171], [122.7013, 11.038902], [122.700761, 11.038902], [122.700761, 11.038632], [122.700222, 11.038632], [122.700222, 11.038902], [122.698605, 11.038902], [122.698605, 11.039171], [122.698066, 11.039171], [122.698066, 11.039441], [122.697796, 11.039441], [122.697796, 11.041327], [122.698066, 11.041327], [122.698066, 11.043214], [122.698335, 11.043214], [122.698335, 11.043483], [122.698605, 11.043483], [122.698605, 11.044292], [122.698874, 11.044292], [122.698874, 11.044561], [122.699144, 11.044561], [122.699144, 11.0451], [122.699413, 11.0451], [122.699413, 11.04537], [122.699952, 11.04537], [122.699952, 11.045908], [122.700222, 11.045908], [122.700222, 11.049142], [122.699952, 11.049142], [122.699952, 11.049412], [122.699683, 11.049412], [122.699683, 11.049951], [122.699952, 11.049951], [122.699952, 11.049681], [122.700491, 11.049681], [122.700491, 11.049951], [122.700761, 11.049951], [122.700761, 11.05022], [122.700491, 11.05022], [122.700491, 11.05049], [122.700222, 11.05049], [122.700222, 11.051029], [122.700761, 11.051029], [122.700761, 11.051298], [122.70103, 11.051298], [122.70103, 11.051568], [122.7013, 11.051568], [122.7013, 11.052376], [122.701839, 11.052376], [122.701839, 11.052646], [122.702647, 11.052646], [122.702647, 11.052376], [122.702917, 11.052376], [122.702917, 11.051837], [122.703186, 11.051837], [122.703186, 11.050759], [122.703456, 11.050759], [122.703456, 11.05022], [122.702917, 11.05022], [122.702917, 11.05049], [122.702647, 11.05049], [122.702647, 11.050759], [122.702378, 11.050759], [122.702378, 11.051029], [122.702108, 11.051029], [122.702108, 11.051298], [122.701839, 11.051298], [122.701839, 11.051568], [122.701569, 11.051568], [122.701569, 11.050759], [122.701839, 11.050759], [122.701839, 11.05049], [122.7013, 11.05049], [122.7013, 11.050759], [122.700761, 11.050759], [122.700761, 11.05049], [122.70103, 11.05049], [122.70103, 11.05022], [122.7013, 11.05022], [122.7013, 11.049681], [122.701569, 11.049681], [122.701569, 11.049412], [122.701839, 11.049412], [122.701839, 11.049142], [122.702917, 11.049142], [122.702917, 11.049412], [122.703995, 11.049412], [122.703995, 11.049142], [122.704264, 11.049142], [122.704264, 11.048873], [122.704534, 11.048873], [122.704534, 11.048603], [122.704803, 11.048603], [122.704803, 11.048064], [122.705073, 11.048064], [122.705073, 11.047795], [122.705342, 11.047795], [122.705342, 11.047525], [122.705612, 11.047525], [122.705612, 11.046986], [122.70669, 11.046986], [122.70669, 11.047256], [122.707229, 11.047256], [122.707229, 11.047525], [122.708037, 11.047525], [122.708037, 11.047795], [122.708576, 11.047795], [122.708576, 11.047525], [122.708845, 11.047525], [122.708845, 11.047256], [122.709115, 11.047256], [122.709115, 11.046717], [122.708845, 11.046717], [122.708845, 11.04537], [122.709115, 11.04537], [122.709115, 11.044831], [122.709384, 11.044831], [122.709384, 11.044292], [122.709654, 11.044292], [122.709654, 11.043753], [122.709923, 11.043753], [122.709923, 11.043483], [122.710193, 11.043483], [122.710193, 11.042944], [122.710462, 11.042944], [122.710462, 11.042136], [122.710193, 11.042136], [122.710193, 11.041327], [122.710462, 11.041327], [122.710462, 11.041058], [122.710732, 11.041058], [122.710732, 11.040788], [122.711001, 11.040788], [122.711001, 11.040249], [122.710732, 11.040249], [122.710732, 11.039171], [122.711001, 11.039171], [122.711001, 11.038902], [122.711271, 11.038902], [122.711271, 11.038632], [122.71181, 11.038632], [122.71181, 11.038902], [122.712349, 11.038902], [122.712349, 11.039171], [122.712618, 11.039171], [122.712618, 11.039441], [122.712888, 11.039441], [122.712888, 11.03998], [122.712618, 11.03998], [122.712618, 11.040249], [122.712079, 11.040249], [122.712079, 11.040519], [122.71181, 11.040519], [122.71181, 11.041866], [122.712079, 11.041866], [122.712079, 11.042136], [122.712618, 11.042136], [122.712618, 11.042405], [122.713696, 11.042405], [122.713696, 11.042675], [122.714235, 11.042675], [122.714235, 11.042944], [122.714505, 11.042944], [122.714505, 11.043214], [122.715313, 11.043214], [122.715313, 11.043483], [122.714774, 11.043483], [122.714774, 11.043753], [122.714505, 11.043753], [122.714505, 11.044022], [122.713427, 11.044022], [122.713427, 11.044292], [122.713157, 11.044292], [122.713157, 11.044561], [122.712888, 11.044561], [122.712888, 11.044831], [122.712618, 11.044831], [122.712618, 11.0451], [122.712349, 11.0451], [122.712349, 11.04537], [122.712079, 11.04537], [122.712079, 11.045639], [122.71181, 11.045639], [122.71181, 11.046447], [122.712079, 11.046447], [122.712079, 11.046717], [122.712349, 11.046717], [122.712349, 11.048334], [122.712618, 11.048334], [122.712618, 11.048603], [122.712888, 11.048603], [122.712888, 11.048873], [122.713157, 11.048873], [122.713157, 11.049142], [122.714505, 11.049142], [122.714505, 11.048873], [122.715583, 11.048873], [122.715583, 11.049142], [122.7172, 11.049142], [122.7172, 11.048873], [122.717739, 11.048873], [122.717739, 11.048603], [122.718008, 11.048603], [122.718008, 11.048334], [122.718278, 11.048334], [122.718278, 11.048064], [122.718547, 11.048064], [122.718547, 11.047525], [122.718817, 11.047525], [122.718817, 11.047256], [122.719086, 11.047256], [122.719086, 11.046986], [122.719625, 11.046986], [122.719625, 11.046717], [122.720703, 11.046717], [122.720703, 11.047525], [122.720434, 11.047525], [122.720434, 11.048064], [122.720164, 11.048064], [122.720164, 11.048603], [122.719895, 11.048603], [122.719895, 11.048873], [122.719625, 11.048873], [122.719625, 11.049412], [122.719086, 11.049412], [122.719086, 11.049681], [122.718008, 11.049681], [122.718008, 11.049951], [122.717739, 11.049951], [122.717739, 11.05022], [122.717469, 11.05022], [122.717469, 11.05049], [122.71693, 11.05049], [122.71693, 11.050759], [122.716122, 11.050759], [122.716122, 11.051029], [122.715313, 11.051029], [122.715313, 11.051298], [122.715044, 11.051298], [122.715044, 11.051568], [122.714505, 11.051568], [122.714505, 11.051837], [122.714235, 11.051837], [122.714235, 11.052376], [122.713966, 11.052376], [122.713966, 11.052646], [122.712888, 11.052646], [122.712888, 11.052376], [122.712349, 11.052376], [122.712349, 11.052646], [122.71181, 11.052646], [122.71181, 11.052915], [122.711271, 11.052915], [122.711271, 11.053185], [122.710732, 11.053185], [122.710732, 11.053454], [122.710462, 11.053454], [122.710462, 11.053724], [122.710193, 11.053724], [122.710193, 11.054532], [122.709384, 11.054532], [122.709384, 11.054263], [122.709115, 11.054263], [122.709115, 11.053724], [122.708845, 11.053724], [122.708845, 11.053185], [122.708576, 11.053185], [122.708576, 11.052915], [122.708037, 11.052915], [122.708037, 11.052646], [122.705881, 11.052646], [122.705881, 11.052915], [122.705612, 11.052915], [122.705612, 11.052646], [122.705342, 11.052646], [122.705342, 11.052915], [122.705073, 11.052915], [122.705073, 11.054532], [122.705342, 11.054532], [122.705342, 11.054802], [122.705612, 11.054802], [122.705612, 11.055071], [122.705881, 11.055071], [122.705881, 11.055341], [122.70642, 11.055341], [122.70642, 11.05561], [122.70669, 11.05561], [122.70669, 11.05588], [122.706959, 11.05588], [122.706959, 11.056419], [122.707229, 11.056419], [122.707229, 11.056688], [122.707498, 11.056688], [122.707498, 11.057227], [122.707768, 11.057227], [122.707768, 11.058305], [122.706151, 11.058305], [122.706151, 11.058036], [122.705881, 11.058036], [122.705881, 11.057766], [122.705612, 11.057766], [122.705612, 11.057497], [122.705342, 11.057497], [122.705342, 11.056688], [122.705073, 11.056688], [122.705073, 11.056149], [122.704264, 11.056149], [122.704264, 11.056419], [122.702917, 11.056419], [122.702917, 11.056149], [122.702647, 11.056149], [122.702647, 11.05588], [122.702378, 11.05588], [122.702378, 11.05561], [122.702108, 11.05561], [122.702108, 11.055071], [122.701839, 11.055071], [122.701839, 11.054532], [122.7013, 11.054532], [122.7013, 11.054263], [122.700491, 11.054263], [122.700491, 11.054802], [122.700761, 11.054802], [122.700761, 11.055071], [122.70103, 11.055071], [122.70103, 11.055341], [122.7013, 11.055341], [122.7013, 11.05588], [122.701569, 11.05588], [122.701569, 11.056419], [122.7013, 11.056419], [122.7013, 11.056688], [122.700491, 11.056688], [122.700491, 11.056149], [122.700222, 11.056149], [122.700222, 11.05588], [122.699144, 11.05588], [122.699144, 11.056149], [122.698874, 11.056149], [122.698874, 11.056419], [122.699144, 11.056419], [122.699144, 11.056958], [122.699683, 11.056958], [122.699683, 11.057227], [122.699952, 11.057227], [122.699952, 11.057766], [122.700222, 11.057766], [122.700222, 11.058575], [122.700491, 11.058575], [122.700491, 11.058844], [122.700761, 11.058844], [122.700761, 11.059114], [122.70103, 11.059114], [122.70103, 11.059383], [122.7013, 11.059383], [122.7013, 11.059922], [122.701569, 11.059922], [122.701569, 11.060192], [122.701839, 11.060192], [122.701839, 11.060461], [122.702108, 11.060461], [122.702108, 11.061], [122.702378, 11.061], [122.702378, 11.061539], [122.702647, 11.061539], [122.702647, 11.062617], [122.702917, 11.062617], [122.702917, 11.062887], [122.703456, 11.062887], [122.703456, 11.063156], [122.704264, 11.063156], [122.704264, 11.064234], [122.703995, 11.064234], [122.703995, 11.064504], [122.703725, 11.064504], [122.703725, 11.065312], [122.703995, 11.065312], [122.703995, 11.065851], [122.704264, 11.065851], [122.704264, 11.066121], [122.704534, 11.066121], [122.704534, 11.065851], [122.704803, 11.065851], [122.704803, 11.065582], [122.705881, 11.065582], [122.705881, 11.065851], [122.706151, 11.065851], [122.706151, 11.067199], [122.70642, 11.067199], [122.70642, 11.067738], [122.70669, 11.067738], [122.70669, 11.068007], [122.707229, 11.068007], [122.707229, 11.067738], [122.708307, 11.067738], [122.708307, 11.068007], [122.708845, 11.068007], [122.708845, 11.069085], [122.708576, 11.069085], [122.708576, 11.069624], [122.708307, 11.069624], [122.708307, 11.070163], [122.708037, 11.070163], [122.708037, 11.070432], [122.707768, 11.070432], [122.707768, 11.070971], [122.707498, 11.070971], [122.707498, 11.07151], [122.707229, 11.07151], [122.707229, 11.07178], [122.706959, 11.07178], [122.706959, 11.072049], [122.70669, 11.072049], [122.70669, 11.072319], [122.706151, 11.072319], [122.706151, 11.072588], [122.705881, 11.072588], [122.705881, 11.072858], [122.705612, 11.072858], [122.705612, 11.074205], [122.705342, 11.074205], [122.705342, 11.076092], [122.705073, 11.076092], [122.705073, 11.076361], [122.704534, 11.076361], [122.704534, 11.076092], [122.704264, 11.076092], [122.704264, 11.075822], [122.703725, 11.075822], [122.703725, 11.075553], [122.703186, 11.075553], [122.703186, 11.076361], [122.703456, 11.076361], [122.703456, 11.076631], [122.703725, 11.076631], [122.703725, 11.0769], [122.703995, 11.0769], [122.703995, 11.07717], [122.704264, 11.07717], [122.704264, 11.077439], [122.704803, 11.077439], [122.704803, 11.077709], [122.705612, 11.077709], [122.705612, 11.077439], [122.707768, 11.077439], [122.707768, 11.07717], [122.708307, 11.07717], [122.708307, 11.0769], [122.708576, 11.0769], [122.708576, 11.076631], [122.709115, 11.076631], [122.709115, 11.076092], [122.709384, 11.076092], [122.709384, 11.075822], [122.709654, 11.075822], [122.709654, 11.074205], [122.709923, 11.074205], [122.709923, 11.073397], [122.709654, 11.073397], [122.709654, 11.072319], [122.709923, 11.072319], [122.709923, 11.071241], [122.710193, 11.071241], [122.710193, 11.070971], [122.71154, 11.070971], [122.71154, 11.071241], [122.712079, 11.071241], [122.712079, 11.07151], [122.712618, 11.07151], [122.712618, 11.071241], [122.712888, 11.071241], [122.712888, 11.070702], [122.713157, 11.070702], [122.713157, 11.070163], [122.712888, 11.070163], [122.712888, 11.069624], [122.712349, 11.069624], [122.712349, 11.069355], [122.712079, 11.069355], [122.712079, 11.067738], [122.712349, 11.067738], [122.712349, 11.067468], [122.712618, 11.067468], [122.712618, 11.067199], [122.715313, 11.067199], [122.715313, 11.067468], [122.716122, 11.067468], [122.716122, 11.068277], [122.716391, 11.068277], [122.716391, 11.068546], [122.716122, 11.068546], [122.716122, 11.069085], [122.716391, 11.069085], [122.716391, 11.069355], [122.716661, 11.069355], [122.716661, 11.069894], [122.71693, 11.069894], [122.71693, 11.070702], [122.7172, 11.070702], [122.7172, 11.071241], [122.717469, 11.071241], [122.717469, 11.07178], [122.717739, 11.07178], [122.717739, 11.072319], [122.718278, 11.072319], [122.718278, 11.072588], [122.718547, 11.072588], [122.718547, 11.073397], [122.718817, 11.073397], [122.718817, 11.073666], [122.719086, 11.073666], [122.719086, 11.073936], [122.719895, 11.073936], [122.719895, 11.074205], [122.720434, 11.074205], [122.720434, 11.074475], [122.720703, 11.074475], [122.720703, 11.074205], [122.720973, 11.074205], [122.720973, 11.073936], [122.721242, 11.073936], [122.721242, 11.073397], [122.721512, 11.073397], [122.721512, 11.073936], [122.721781, 11.073936], [122.721781, 11.074205], [122.722051, 11.074205], [122.722051, 11.075553], [122.721781, 11.075553], [122.721781, 11.076092], [122.721512, 11.076092], [122.721512, 11.076361], [122.721242, 11.076361], [122.721242, 11.076631], [122.720973, 11.076631], [122.720973, 11.07717], [122.721242, 11.07717], [122.721242, 11.077978], [122.721512, 11.077978], [122.721512, 11.078517], [122.721781, 11.078517], [122.721781, 11.078787], [122.72232, 11.078787], [122.72232, 11.079056], [122.72259, 11.079056], [122.72259, 11.079326], [122.722859, 11.079326], [122.722859, 11.079056], [122.723937, 11.079056], [122.723937, 11.078787], [122.724207, 11.078787], [122.724207, 11.078517], [122.724746, 11.078517], [122.724746, 11.078248], [122.725285, 11.078248], [122.725285, 11.078517], [122.725554, 11.078517], [122.725554, 11.078787], [122.725824, 11.078787], [122.725824, 11.079056], [122.726093, 11.079056], [122.726093, 11.079595], [122.726363, 11.079595], [122.726363, 11.079865], [122.726632, 11.079865], [122.726632, 11.080134], [122.726902, 11.080134], [122.726902, 11.080404], [122.72771, 11.080404], [122.72771, 11.080673], [122.72798, 11.080673], [122.72798, 11.081482], [122.72771, 11.081482], [122.72771, 11.081751], [122.727441, 11.081751], [122.727441, 11.082829], [122.72771, 11.082829], [122.72771, 11.083368], [122.72798, 11.083368], [122.72798, 11.083638], [122.728249, 11.083638], [122.728249, 11.083907], [122.729327, 11.083907], [122.729327, 11.084177], [122.730136, 11.084177], [122.730136, 11.084446], [122.730675, 11.084446], [122.730675, 11.084716], [122.732831, 11.084716], [122.732831, 11.084177], [122.7331, 11.084177], [122.7331, 11.083907], [122.73337, 11.083907], [122.73337, 11.083638], [122.734178, 11.083638], [122.734178, 11.083907], [122.734447, 11.083907], [122.734447, 11.084446], [122.734717, 11.084446], [122.734717, 11.084716], [122.734986, 11.084716], [122.734986, 11.084446], [122.735256, 11.084446], [122.735256, 11.084177], [122.735525, 11.084177], [122.735525, 11.083638], [122.735795, 11.083638], [122.735795, 11.083368], [122.736334, 11.083368], [122.736334, 11.083099], [122.736873, 11.083099], [122.736873, 11.082829], [122.737142, 11.082829], [122.737142, 11.08256], [122.737412, 11.08256], [122.737412, 11.082021], [122.737681, 11.082021], [122.737681, 11.081212], [122.737951, 11.081212], [122.737951, 11.080673], [122.73822, 11.080673], [122.73822, 11.080134], [122.73849, 11.080134], [122.73849, 11.079595], [122.738759, 11.079595], [122.738759, 11.079326], [122.739837, 11.079326], [122.739837, 11.080134], [122.740107, 11.080134], [122.740107, 11.080673], [122.739837, 11.080673], [122.739837, 11.081212], [122.740107, 11.081212], [122.740107, 11.081482], [122.741185, 11.081482], [122.741185, 11.080943], [122.741454, 11.080943], [122.741454, 11.080134], [122.741724, 11.080134], [122.741724, 11.079865], [122.741993, 11.079865], [122.741993, 11.079595], [122.742263, 11.079595], [122.742263, 11.077756], [122.738067, 11.073045], [122.736935, 11.065919]], [[122.714235, 11.057497], [122.714235, 11.05588], [122.713966, 11.05588], [122.713966, 11.055341], [122.713696, 11.055341], [122.713696, 11.055071], [122.713966, 11.055071], [122.713966, 11.054802], [122.714505, 11.054802], [122.714505, 11.055071], [122.714774, 11.055071], [122.714774, 11.055341], [122.715044, 11.055341], [122.715044, 11.05561], [122.715583, 11.05561], [122.715583, 11.05588], [122.716391, 11.05588], [122.716391, 11.056149], [122.7172, 11.056149], [122.7172, 11.05588], [122.718008, 11.05588], [122.718008, 11.05561], [122.720434, 11.05561], [122.720434, 11.055341], [122.720703, 11.055341], [122.720703, 11.054802], [122.720973, 11.054802], [122.720973, 11.053185], [122.721242, 11.053185], [122.721242, 11.052376], [122.721512, 11.052376], [122.721512, 11.052107], [122.72232, 11.052107], [122.72232, 11.052915], [122.72259, 11.052915], [122.72259, 11.053185], [122.722859, 11.053185], [122.722859, 11.053454], [122.725015, 11.053454], [122.725015, 11.053724], [122.726093, 11.053724], [122.726093, 11.053454], [122.726632, 11.053454], [122.726632, 11.053185], [122.726902, 11.053185], [122.726902, 11.052376], [122.726632, 11.052376], [122.726632, 11.052107], [122.726902, 11.052107], [122.726902, 11.051837], [122.728519, 11.051837], [122.728519, 11.051298], [122.728788, 11.051298], [122.728788, 11.051029], [122.729597, 11.051029], [122.729597, 11.051568], [122.729866, 11.051568], [122.729866, 11.051837], [122.730136, 11.051837], [122.730136, 11.052107], [122.730675, 11.052107], [122.730675, 11.052376], [122.730944, 11.052376], [122.730944, 11.052646], [122.730405, 11.052646], [122.730405, 11.052376], [122.729597, 11.052376], [122.729597, 11.052646], [122.728519, 11.052646], [122.728519, 11.053454], [122.728788, 11.053454], [122.728788, 11.053724], [122.729058, 11.053724], [122.729058, 11.053993], [122.729327, 11.053993], [122.729327, 11.055341], [122.72798, 11.055341], [122.72798, 11.055071], [122.727441, 11.055071], [122.727441, 11.055341], [122.727171, 11.055341], [122.727171, 11.05561], [122.725824, 11.05561], [122.725824, 11.055341], [122.724476, 11.055341], [122.724476, 11.055071], [122.724207, 11.055071], [122.724207, 11.055341], [122.72232, 11.055341], [122.72232, 11.05561], [122.722051, 11.05561], [122.722051, 11.05588], [122.721781, 11.05588], [122.721781, 11.056149], [122.721512, 11.056149], [122.721512, 11.058036], [122.721781, 11.058036], [122.721781, 11.058575], [122.722051, 11.058575], [122.722051, 11.058844], [122.72232, 11.058844], [122.72232, 11.059114], [122.72259, 11.059114], [122.72259, 11.059383], [122.723129, 11.059383], [122.723129, 11.059114], [122.724476, 11.059114], [122.724476, 11.059383], [122.724746, 11.059383], [122.724746, 11.059653], [122.726093, 11.059653], [122.726093, 11.059922], [122.727441, 11.059922], [122.727441, 11.059653], [122.728249, 11.059653], [122.728249, 11.059922], [122.728519, 11.059922], [122.728519, 11.060192], [122.730675, 11.060192], [122.730675, 11.061], [122.730944, 11.061], [122.730944, 11.06127], [122.731214, 11.06127], [122.731214, 11.061539], [122.732022, 11.061539], [122.732022, 11.061809], [122.732292, 11.061809], [122.732292, 11.062348], [122.731753, 11.062348], [122.731753, 11.062617], [122.731214, 11.062617], [122.731214, 11.062348], [122.730675, 11.062348], [122.730675, 11.062078], [122.730136, 11.062078], [122.730136, 11.061809], [122.729327, 11.061809], [122.729327, 11.062078], [122.72771, 11.062078], [122.72771, 11.061809], [122.727441, 11.061809], [122.727441, 11.061539], [122.727171, 11.061539], [122.727171, 11.06127], [122.726632, 11.06127], [122.726632, 11.061539], [122.726363, 11.061539], [122.726363, 11.061809], [122.726093, 11.061809], [122.726093, 11.062617], [122.725824, 11.062617], [122.725824, 11.063156], [122.725554, 11.063156], [122.725554, 11.063426], [122.725015, 11.063426], [122.725015, 11.062348], [122.725285, 11.062348], [122.725285, 11.06127], [122.725015, 11.06127], [122.725015, 11.060731], [122.724476, 11.060731], [122.724476, 11.060461], [122.723937, 11.060461], [122.723937, 11.060731], [122.723668, 11.060731], [122.723668, 11.061], [122.722859, 11.061], [122.722859, 11.060731], [122.72259, 11.060731], [122.72259, 11.060461], [122.72232, 11.060461], [122.72232, 11.060192], [122.720434, 11.060192], [122.720434, 11.059922], [122.720164, 11.059922], [122.720164, 11.059653], [122.719895, 11.059653], [122.719895, 11.059383], [122.719625, 11.059383], [122.719625, 11.058575], [122.719895, 11.058575], [122.719895, 11.056958], [122.719625, 11.056958], [122.719625, 11.056688], [122.719356, 11.056688], [122.719356, 11.056419], [122.718278, 11.056419], [122.718278, 11.056688], [122.717739, 11.056688], [122.717739, 11.056958], [122.7172, 11.056958], [122.7172, 11.057497], [122.716661, 11.057497], [122.716661, 11.058305], [122.7172, 11.058305], [122.7172, 11.058844], [122.717469, 11.058844], [122.717469, 11.059114], [122.7172, 11.059114], [122.7172, 11.059383], [122.71693, 11.059383], [122.71693, 11.059653], [122.716661, 11.059653], [122.716661, 11.060192], [122.71693, 11.060192], [122.71693, 11.060731], [122.7172, 11.060731], [122.7172, 11.06127], [122.717469, 11.06127], [122.717469, 11.061539], [122.717739, 11.061539], [122.717739, 11.062078], [122.716661, 11.062078], [122.716661, 11.061809], [122.716391, 11.061809], [122.716391, 11.061539], [122.715313, 11.061539], [122.715313, 11.061809], [122.715044, 11.061809], [122.715044, 11.061539], [122.714774, 11.061539], [122.714774, 11.06127], [122.715044, 11.06127], [122.715044, 11.060192], [122.715313, 11.060192], [122.715313, 11.059114], [122.715044, 11.059114], [122.715044, 11.058844], [122.714774, 11.058844], [122.714774, 11.058575], [122.713966, 11.058575], [122.713966, 11.058305], [122.713696, 11.058305], [122.713696, 11.058036], [122.713966, 11.058036], [122.713966, 11.057497], [122.714235, 11.057497]]], [[[122.696179, 10.947273], [122.695101, 10.947273], [122.695101, 10.947004], [122.692945, 10.947004], [122.692945, 10.947273], [122.692406, 10.947273], [122.692406, 10.947543], [122.692137, 10.947543], [122.692137, 10.947812], [122.691598, 10.947812], [122.691598, 10.948082], [122.691328, 10.948082], [122.691328, 10.948351], [122.691059, 10.948351], [122.691059, 10.94889], [122.690789, 10.94889], [122.690789, 10.949429], [122.69052, 10.949429], [122.69052, 10.949968], [122.69025, 10.949968], [122.69025, 10.950238], [122.689981, 10.950238], [122.689981, 10.950507], [122.689711, 10.950507], [122.689711, 10.951046], [122.689442, 10.951046], [122.689442, 10.951316], [122.689172, 10.951316], [122.689172, 10.951855], [122.689442, 10.951855], [122.689442, 10.952124], [122.689711, 10.952124], [122.689711, 10.952394], [122.69025, 10.952394], [122.69025, 10.952663], [122.691059, 10.952663], [122.691059, 10.952933], [122.691598, 10.952933], [122.691598, 10.952663], [122.691867, 10.952663], [122.691867, 10.952394], [122.692676, 10.952394], [122.692676, 10.952124], [122.692945, 10.952124], [122.692945, 10.951855], [122.692676, 10.951855], [122.692676, 10.950238], [122.692406, 10.950238], [122.692406, 10.949968], [122.692945, 10.949968], [122.692945, 10.949699], [122.695371, 10.949699], [122.695371, 10.949968], [122.69564, 10.949968], [122.69564, 10.950777], [122.696034, 10.950777], [122.696179, 10.948302], [122.696179, 10.947273]]], [[[122.516965, 10.888597], [122.516965, 10.889602], [122.517774, 10.889602], [122.517774, 10.889871], [122.518852, 10.889871], [122.518852, 10.889602], [122.519121, 10.889602], [122.519121, 10.889332], [122.519391, 10.889332], [122.519391, 10.888793], [122.519121, 10.888793], [122.519121, 10.887176], [122.51993, 10.887176], [122.51993, 10.887715], [122.520199, 10.887715], [122.520199, 10.888254], [122.521277, 10.888254], [122.521277, 10.888524], [122.522086, 10.888524], [122.522086, 10.888254], [122.521816, 10.888254], [122.521816, 10.887715], [122.521547, 10.887715], [122.521547, 10.887176], [122.522086, 10.887176], [122.522086, 10.886907], [122.523164, 10.886907], [122.523164, 10.887176], [122.523433, 10.887176], [122.523433, 10.887446], [122.523703, 10.887446], [122.523703, 10.887715], [122.524511, 10.887715], [122.524511, 10.887446], [122.52532, 10.887446], [122.52532, 10.887715], [122.525589, 10.887715], [122.525589, 10.887985], [122.526128, 10.887985], [122.526128, 10.888254], [122.527206, 10.888254], [122.527206, 10.887985], [122.527745, 10.887985], [122.527745, 10.887715], [122.529901, 10.887715], [122.529901, 10.887985], [122.53044, 10.887985], [122.53044, 10.887446], [122.530171, 10.887446], [122.530171, 10.887176], [122.529632, 10.887176], [122.529632, 10.886907], [122.528284, 10.886907], [122.528284, 10.887176], [122.527745, 10.887176], [122.527745, 10.887446], [122.527476, 10.887446], [122.527476, 10.887715], [122.527206, 10.887715], [122.527206, 10.887446], [122.526398, 10.887446], [122.526398, 10.887176], [122.526128, 10.887176], [122.526128, 10.886637], [122.525859, 10.886637], [122.525859, 10.886368], [122.525589, 10.886368], [122.525589, 10.886098], [122.52505, 10.886098], [122.52505, 10.885829], [122.523972, 10.885829], [122.523972, 10.88529], [122.524242, 10.88529], [122.524242, 10.88502], [122.524511, 10.88502], [122.524511, 10.884751], [122.524781, 10.884751], [122.524781, 10.884212], [122.52505, 10.884212], [122.52505, 10.883673], [122.52532, 10.883673], [122.52532, 10.883134], [122.524287, 10.883134], [122.5174, 10.884135], [122.516965, 10.888597]]], [[[122.523972, 11.01869], [122.52532, 11.01869], [122.52532, 11.018959], [122.525589, 11.018959], [122.525589, 11.019229], [122.525859, 11.019229], [122.525859, 11.019498], [122.526128, 11.019498], [122.526128, 11.019768], [122.526398, 11.019768], [122.526398, 11.020037], [122.526667, 11.020037], [122.526667, 11.020307], [122.527745, 11.020307], [122.527745, 11.020037], [122.528284, 11.020037], [122.528284, 11.019498], [122.528015, 11.019498], [122.528015, 11.019229], [122.527745, 11.019229], [122.527745, 11.01842], [122.528284, 11.01842], [122.528284, 11.018151], [122.528554, 11.018151], [122.528554, 11.017881], [122.529901, 11.017881], [122.529901, 11.017612], [122.53071, 11.017612], [122.53071, 11.017342], [122.531788, 11.017342], [122.531788, 11.017073], [122.532327, 11.017073], [122.532327, 11.016803], [122.532596, 11.016803], [122.532596, 11.016534], [122.533944, 11.016534], [122.533944, 11.016264], [122.534482, 11.016264], [122.534482, 11.016534], [122.534752, 11.016534], [122.534752, 11.016264], [122.535021, 11.016264], [122.535021, 11.015995], [122.535291, 11.015995], [122.535291, 11.015456], [122.535021, 11.015456], [122.535021, 11.015186], [122.533405, 11.015186], [122.533405, 11.015456], [122.533135, 11.015456], [122.533135, 11.016264], [122.532596, 11.016264], [122.532596, 11.015995], [122.531518, 11.015995], [122.531518, 11.015186], [122.532327, 11.015186], [122.532327, 11.014917], [122.532057, 11.014917], [122.532057, 11.014378], [122.532327, 11.014378], [122.532327, 11.014647], [122.532596, 11.014647], [122.532596, 11.014917], [122.533405, 11.014917], [122.533405, 11.014647], [122.533674, 11.014647], [122.533674, 11.014378], [122.533405, 11.014378], [122.533405, 11.013569], [122.533135, 11.013569], [122.533135, 11.013839], [122.532866, 11.013839], [122.532866, 11.013569], [122.532596, 11.013569], [122.532596, 11.01303], [122.532866, 11.01303], [122.532866, 11.012491], [122.534752, 11.012491], [122.534752, 11.012222], [122.535291, 11.012222], [122.535291, 11.011952], [122.53556, 11.011952], [122.53556, 11.010874], [122.535291, 11.010874], [122.535291, 11.010605], [122.534752, 11.010605], [122.534752, 11.010335], [122.533674, 11.010335], [122.533674, 11.010066], [122.533405, 11.010066], [122.533405, 11.010335], [122.532596, 11.010335], [122.532596, 11.010605], [122.531518, 11.010605], [122.531518, 11.010335], [122.531788, 11.010335], [122.531788, 11.009796], [122.531518, 11.009796], [122.531518, 11.009527], [122.530171, 11.009527], [122.530171, 11.009796], [122.53044, 11.009796], [122.53044, 11.010066], [122.530171, 11.010066], [122.530171, 11.010874], [122.53044, 11.010874], [122.53044, 11.011144], [122.530171, 11.011144], [122.530171, 11.011413], [122.531518, 11.011413], [122.531518, 11.011683], [122.531249, 11.011683], [122.531249, 11.011952], [122.531788, 11.011952], [122.531788, 11.012761], [122.531249, 11.012761], [122.531249, 11.01303], [122.53071, 11.01303], [122.53071, 11.0133], [122.53044, 11.0133], [122.53044, 11.013569], [122.529901, 11.013569], [122.529901, 11.0133], [122.529632, 11.0133], [122.529632, 11.013569], [122.529093, 11.013569], [122.529093, 11.014917], [122.529632, 11.014917], [122.529632, 11.015186], [122.529901, 11.015186], [122.529901, 11.014917], [122.53044, 11.014917], [122.53044, 11.015186], [122.53071, 11.015186], [122.53071, 11.015456], [122.530979, 11.015456], [122.530979, 11.015725], [122.531249, 11.015725], [122.531249, 11.015995], [122.530979, 11.015995], [122.530979, 11.016264], [122.53071, 11.016264], [122.53071, 11.016534], [122.529901, 11.016534], [122.529901, 11.016264], [122.529632, 11.016264], [122.529632, 11.016534], [122.529093, 11.016534], [122.529093, 11.016264], [122.528554, 11.016264], [122.528554, 11.015995], [122.528015, 11.015995], [122.528015, 11.016264], [122.526398, 11.016264], [122.526398, 11.015995], [122.525589, 11.015995], [122.525589, 11.016264], [122.52505, 11.016264], [122.52505, 11.016534], [122.524781, 11.016534], [122.524781, 11.017073], [122.524511, 11.017073], [122.524511, 11.017342], [122.524242, 11.017342], [122.524242, 11.017612], [122.523703, 11.017612], [122.523703, 11.017881], [122.523433, 11.017881], [122.523433, 11.01842], [122.523972, 11.01842], [122.523972, 11.01869]]], [[[122.542837, 10.945657], [122.542837, 10.945926], [122.542567, 10.945926], [122.542567, 10.946195], [122.542298, 10.946195], [122.542298, 10.947273], [122.543106, 10.947273], [122.543106, 10.947543], [122.54122, 10.947543], [122.54122, 10.948082], [122.541489, 10.948082], [122.541489, 10.94889], [122.541759, 10.94889], [122.541759, 10.94916], [122.542298, 10.94916], [122.542298, 10.949429], [122.543645, 10.949429], [122.543645, 10.94916], [122.543915, 10.94916], [122.543915, 10.948621], [122.543645, 10.948621], [122.543645, 10.948351], [122.544184, 10.948351], [122.544184, 10.948082], [122.544723, 10.948082], [122.544723, 10.949429], [122.544993, 10.949429], [122.544993, 10.949968], [122.545532, 10.949968], [122.545532, 10.950238], [122.54661, 10.950238], [122.54661, 10.949968], [122.547149, 10.949968], [122.547149, 10.950238], [122.547688, 10.950238], [122.547688, 10.949968], [122.548227, 10.949968], [122.548227, 10.949699], [122.549574, 10.949699], [122.549574, 10.949429], [122.549844, 10.949429], [122.549844, 10.94916], [122.550113, 10.94916], [122.550113, 10.94889], [122.550383, 10.94889], [122.550383, 10.947543], [122.549844, 10.947543], [122.549844, 10.947273], [122.549574, 10.947273], [122.549574, 10.947543], [122.549305, 10.947543], [122.549305, 10.947812], [122.549574, 10.947812], [122.549574, 10.948082], [122.548766, 10.948082], [122.548766, 10.948351], [122.548227, 10.948351], [122.548227, 10.947812], [122.547149, 10.947812], [122.547149, 10.948351], [122.546879, 10.948351], [122.546879, 10.948621], [122.54661, 10.948621], [122.54661, 10.94889], [122.54634, 10.94889], [122.54634, 10.948621], [122.546071, 10.948621], [122.546071, 10.948351], [122.545801, 10.948351], [122.545801, 10.948082], [122.545532, 10.948082], [122.545532, 10.947273], [122.545262, 10.947273], [122.545262, 10.947004], [122.544993, 10.947004], [122.544993, 10.946734], [122.544723, 10.946734], [122.544723, 10.945926], [122.544993, 10.945926], [122.544993, 10.945657], [122.545262, 10.945657], [122.545262, 10.945118], [122.544993, 10.945118], [122.544993, 10.944848], [122.545262, 10.944848], [122.545262, 10.94377], [122.54661, 10.94377], [122.54661, 10.943501], [122.546879, 10.943501], [122.546879, 10.942962], [122.54661, 10.942962], [122.54661, 10.942692], [122.54634, 10.942692], [122.54634, 10.942962], [122.545801, 10.942962], [122.545801, 10.943231], [122.545532, 10.943231], [122.545532, 10.943501], [122.544184, 10.943501], [122.544184, 10.94377], [122.543915, 10.94377], [122.543915, 10.944309], [122.543645, 10.944309], [122.543645, 10.945118], [122.543376, 10.945118], [122.543376, 10.945387], [122.543106, 10.945387], [122.543106, 10.945657], [122.542837, 10.945657]]], [[[122.543645, 10.953472], [122.543645, 10.953202], [122.543915, 10.953202], [122.543915, 10.952933], [122.544184, 10.952933], [122.544184, 10.952663], [122.544454, 10.952663], [122.544454, 10.952394], [122.544723, 10.952394], [122.544723, 10.952124], [122.543915, 10.952124], [122.543915, 10.951585], [122.544184, 10.951585], [122.544184, 10.951316], [122.543915, 10.951316], [122.543915, 10.951046], [122.543376, 10.951046], [122.543376, 10.951316], [122.542837, 10.951316], [122.542837, 10.951585], [122.54095, 10.951585], [122.54095, 10.952124], [122.540681, 10.952124], [122.540681, 10.951585], [122.540411, 10.951585], [122.540411, 10.951316], [122.540142, 10.951316], [122.540142, 10.951046], [122.540411, 10.951046], [122.540411, 10.950507], [122.540681, 10.950507], [122.540681, 10.94916], [122.540411, 10.94916], [122.540411, 10.94889], [122.539603, 10.94889], [122.539603, 10.950238], [122.539872, 10.950238], [122.539872, 10.950777], [122.539333, 10.950777], [122.539333, 10.951046], [122.539064, 10.951046], [122.539064, 10.951316], [122.538255, 10.951316], [122.538255, 10.951046], [122.537986, 10.951046], [122.537986, 10.951585], [122.537716, 10.951585], [122.537716, 10.951316], [122.537447, 10.951316], [122.537447, 10.950507], [122.537716, 10.950507], [122.537716, 10.949968], [122.537986, 10.949968], [122.537986, 10.949699], [122.538255, 10.949699], [122.538255, 10.94916], [122.538525, 10.94916], [122.538525, 10.948621], [122.538255, 10.948621], [122.538255, 10.948351], [122.538525, 10.948351], [122.538525, 10.948082], [122.539333, 10.948082], [122.539333, 10.947812], [122.539064, 10.947812], [122.539064, 10.947543], [122.539603, 10.947543], [122.539603, 10.947273], [122.539872, 10.947273], [122.539872, 10.947004], [122.539603, 10.947004], [122.539603, 10.946734], [122.539064, 10.946734], [122.539064, 10.946195], [122.538794, 10.946195], [122.538794, 10.945926], [122.537716, 10.945926], [122.537716, 10.946195], [122.537447, 10.946195], [122.537447, 10.946734], [122.537986, 10.946734], [122.537986, 10.947004], [122.538255, 10.947004], [122.538255, 10.947273], [122.538525, 10.947273], [122.538525, 10.947812], [122.538255, 10.947812], [122.538255, 10.948082], [122.537986, 10.948082], [122.537986, 10.948351], [122.537716, 10.948351], [122.537716, 10.94889], [122.537177, 10.94889], [122.537177, 10.949699], [122.536908, 10.949699], [122.536908, 10.950238], [122.536638, 10.950238], [122.536638, 10.950507], [122.536369, 10.950507], [122.536369, 10.950777], [122.536099, 10.950777], [122.536099, 10.951585], [122.536369, 10.951585], [122.536369, 10.951855], [122.537177, 10.951855], [122.537177, 10.952124], [122.537716, 10.952124], [122.537716, 10.952394], [122.538255, 10.952394], [122.538255, 10.952124], [122.538525, 10.952124], [122.538525, 10.952663], [122.539064, 10.952663], [122.539064, 10.953472], [122.538794, 10.953472], [122.538794, 10.954011], [122.539064, 10.954011], [122.539064, 10.954819], [122.539333, 10.954819], [122.539333, 10.955089], [122.539603, 10.955089], [122.539603, 10.955628], [122.540142, 10.955628], [122.540142, 10.956167], [122.540411, 10.956167], [122.540411, 10.956436], [122.540681, 10.956436], [122.540681, 10.956975], [122.54122, 10.956975], [122.54122, 10.957245], [122.541489, 10.957245], [122.541489, 10.956975], [122.542028, 10.956975], [122.542028, 10.956436], [122.541759, 10.956436], [122.541759, 10.956167], [122.541489, 10.956167], [122.541489, 10.955897], [122.54122, 10.955897], [122.54122, 10.955628], [122.541489, 10.955628], [122.541489, 10.955358], [122.541759, 10.955358], [122.541759, 10.955089], [122.542028, 10.955089], [122.542028, 10.95428], [122.542298, 10.95428], [122.542298, 10.95455], [122.542837, 10.95455], [122.542837, 10.95428], [122.543915, 10.95428], [122.543915, 10.953472], [122.543645, 10.953472]]], [[[122.493789, 10.961826], [122.493789, 10.961557], [122.494058, 10.961557], [122.494058, 10.961287], [122.494597, 10.961287], [122.494597, 10.961018], [122.494867, 10.961018], [122.494867, 10.960209], [122.494597, 10.960209], [122.494597, 10.95994], [122.493519, 10.95994], [122.493519, 10.95967], [122.49325, 10.95967], [122.49325, 10.959401], [122.492172, 10.959401], [122.492172, 10.95967], [122.491902, 10.95967], [122.491902, 10.95994], [122.491633, 10.95994], [122.491633, 10.960209], [122.491363, 10.960209], [122.491363, 10.960748], [122.491094, 10.960748], [122.491094, 10.962096], [122.490555, 10.962096], [122.490555, 10.961826], [122.490285, 10.961826], [122.490285, 10.961557], [122.490555, 10.961557], [122.490555, 10.961018], [122.490285, 10.961018], [122.490285, 10.960479], [122.490016, 10.960479], [122.490016, 10.960209], [122.489746, 10.960209], [122.489746, 10.95967], [122.488668, 10.95967], [122.488668, 10.95994], [122.488399, 10.95994], [122.488399, 10.960209], [122.488129, 10.960209], [122.488129, 10.960479], [122.48786, 10.960479], [122.48786, 10.961287], [122.48759, 10.961287], [122.48759, 10.962096], [122.48786, 10.962096], [122.48786, 10.962365], [122.488129, 10.962365], [122.488129, 10.962635], [122.488399, 10.962635], [122.488399, 10.962904], [122.488668, 10.962904], [122.488668, 10.963174], [122.488938, 10.963174], [122.488938, 10.963443], [122.489207, 10.963443], [122.489207, 10.963982], [122.489477, 10.963982], [122.489477, 10.964521], [122.489207, 10.964521], [122.489207, 10.96533], [122.488938, 10.96533], [122.488938, 10.965869], [122.488668, 10.965869], [122.488668, 10.966138], [122.488399, 10.966138], [122.488399, 10.966408], [122.488129, 10.966408], [122.488129, 10.966677], [122.48786, 10.966677], [122.48786, 10.967216], [122.488129, 10.967216], [122.488129, 10.967755], [122.488399, 10.967755], [122.488399, 10.968294], [122.488668, 10.968294], [122.488668, 10.969103], [122.488938, 10.969103], [122.488938, 10.969372], [122.489746, 10.969372], [122.489746, 10.969642], [122.490285, 10.969642], [122.490285, 10.969372], [122.490555, 10.969372], [122.490555, 10.969103], [122.490285, 10.969103], [122.490285, 10.968564], [122.490016, 10.968564], [122.490016, 10.968025], [122.490285, 10.968025], [122.490285, 10.967755], [122.490824, 10.967755], [122.490824, 10.968025], [122.49325, 10.968025], [122.49325, 10.967755], [122.494058, 10.967755], [122.494058, 10.967486], [122.494597, 10.967486], [122.494597, 10.967216], [122.495136, 10.967216], [122.495136, 10.966947], [122.495406, 10.966947], [122.495406, 10.966677], [122.495675, 10.966677], [122.495675, 10.966138], [122.495945, 10.966138], [122.495945, 10.965869], [122.496214, 10.965869], [122.496214, 10.96533], [122.496484, 10.96533], [122.496484, 10.96506], [122.496214, 10.96506], [122.496214, 10.964791], [122.494328, 10.964791], [122.494328, 10.96506], [122.494058, 10.96506], [122.494058, 10.96533], [122.493519, 10.96533], [122.493519, 10.965599], [122.49325, 10.965599], [122.49325, 10.965869], [122.49298, 10.965869], [122.49298, 10.966138], [122.492441, 10.966138], [122.492441, 10.966408], [122.491094, 10.966408], [122.491094, 10.966138], [122.490824, 10.966138], [122.490824, 10.96533], [122.491363, 10.96533], [122.491363, 10.963443], [122.491633, 10.963443], [122.491633, 10.963174], [122.491902, 10.963174], [122.491902, 10.962904], [122.492172, 10.962904], [122.492172, 10.962635], [122.492441, 10.962635], [122.492441, 10.962365], [122.49298, 10.962365], [122.49298, 10.962096], [122.49325, 10.962096], [122.49325, 10.961826], [122.493789, 10.961826]]], [[[122.51454, 10.964791], [122.51427, 10.964791], [122.51427, 10.96533], [122.51454, 10.96533], [122.51454, 10.966408], [122.514809, 10.966408], [122.514809, 10.967486], [122.515079, 10.967486], [122.515079, 10.968025], [122.515348, 10.968025], [122.515348, 10.968294], [122.515618, 10.968294], [122.515618, 10.968564], [122.515887, 10.968564], [122.515887, 10.969103], [122.516157, 10.969103], [122.516157, 10.970181], [122.516426, 10.970181], [122.516426, 10.970989], [122.516965, 10.970989], [122.516965, 10.971258], [122.518313, 10.971258], [122.518313, 10.971528], [122.518582, 10.971528], [122.518582, 10.971258], [122.518852, 10.971258], [122.518852, 10.970989], [122.519121, 10.970989], [122.519121, 10.97072], [122.519391, 10.97072], [122.519391, 10.97045], [122.51966, 10.97045], [122.51966, 10.969372], [122.51993, 10.969372], [122.51993, 10.969103], [122.51966, 10.969103], [122.51966, 10.968833], [122.51993, 10.968833], [122.51993, 10.968564], [122.51966, 10.968564], [122.51966, 10.968294], [122.519121, 10.968294], [122.519121, 10.968025], [122.518852, 10.968025], [122.518852, 10.966677], [122.518582, 10.966677], [122.518582, 10.966408], [122.517774, 10.966408], [122.517774, 10.966138], [122.517235, 10.966138], [122.517235, 10.965869], [122.516965, 10.965869], [122.516965, 10.964791], [122.516696, 10.964791], [122.516696, 10.964521], [122.516426, 10.964521], [122.516426, 10.96506], [122.515887, 10.96506], [122.515887, 10.964791], [122.515618, 10.964791], [122.515618, 10.96506], [122.515348, 10.96506], [122.515348, 10.964791], [122.514809, 10.964791], [122.514809, 10.964521], [122.51454, 10.964521], [122.51454, 10.964791]]], [[[122.470343, 10.984194], [122.470343, 10.984733], [122.470073, 10.984733], [122.470073, 10.985003], [122.469534, 10.985003], [122.469534, 10.985272], [122.469265, 10.985272], [122.469265, 10.985542], [122.468995, 10.985542], [122.468995, 10.98662], [122.469265, 10.98662], [122.469265, 10.987967], [122.468995, 10.987967], [122.468995, 10.988237], [122.468726, 10.988237], [122.468726, 10.988506], [122.468456, 10.988506], [122.468456, 10.988776], [122.468187, 10.988776], [122.468187, 10.989315], [122.467917, 10.989315], [122.467917, 10.990662], [122.468187, 10.990662], [122.468187, 10.99201], [122.467917, 10.99201], [122.467917, 10.992549], [122.467648, 10.992549], [122.467648, 10.992818], [122.467917, 10.992818], [122.467917, 10.993088], [122.468187, 10.993088], [122.468187, 10.993357], [122.468456, 10.993357], [122.468456, 10.993088], [122.468995, 10.993088], [122.468995, 10.992818], [122.469265, 10.992818], [122.469265, 10.992549], [122.469534, 10.992549], [122.469534, 10.992279], [122.470073, 10.992279], [122.470073, 10.99201], [122.470343, 10.99201], [122.470343, 10.99174], [122.470612, 10.99174], [122.470612, 10.991471], [122.470882, 10.991471], [122.470882, 10.991201], [122.47169, 10.991201], [122.47169, 10.990932], [122.472229, 10.990932], [122.472229, 10.990662], [122.472768, 10.990662], [122.472768, 10.990123], [122.473038, 10.990123], [122.473038, 10.989854], [122.473307, 10.989854], [122.473307, 10.989315], [122.473577, 10.989315], [122.473577, 10.988776], [122.473846, 10.988776], [122.473846, 10.988506], [122.474385, 10.988506], [122.474385, 10.988237], [122.474924, 10.988237], [122.474924, 10.987967], [122.476541, 10.987967], [122.476541, 10.987698], [122.47708, 10.987698], [122.47708, 10.987428], [122.477619, 10.987428], [122.477619, 10.987159], [122.478428, 10.987159], [122.478428, 10.986889], [122.478697, 10.986889], [122.478697, 10.98662], [122.478428, 10.98662], [122.478428, 10.98635], [122.476272, 10.98635], [122.476272, 10.986081], [122.476002, 10.986081], [122.476002, 10.985811], [122.476272, 10.985811], [122.476272, 10.985272], [122.476541, 10.985272], [122.476541, 10.985003], [122.47708, 10.985003], [122.47708, 10.984733], [122.47735, 10.984733], [122.47735, 10.984464], [122.477889, 10.984464], [122.477889, 10.984194], [122.478158, 10.984194], [122.478158, 10.983655], [122.477889, 10.983655], [122.477889, 10.983386], [122.476541, 10.983386], [122.476541, 10.983655], [122.474924, 10.983655], [122.474924, 10.983386], [122.474655, 10.983386], [122.474655, 10.98123], [122.474385, 10.98123], [122.474385, 10.98096], [122.474116, 10.98096], [122.474116, 10.980691], [122.473846, 10.980691], [122.473846, 10.98096], [122.473307, 10.98096], [122.473307, 10.981499], [122.473038, 10.981499], [122.473038, 10.981769], [122.47169, 10.981769], [122.47169, 10.982038], [122.471421, 10.982038], [122.471421, 10.982308], [122.471151, 10.982308], [122.471151, 10.982847], [122.470882, 10.982847], [122.470882, 10.983925], [122.470612, 10.983925], [122.470612, 10.984194], [122.470343, 10.984194]]], [[[122.495675, 11.031086], [122.496753, 11.031086], [122.496753, 11.030817], [122.497562, 11.030817], [122.497562, 11.030547], [122.497831, 11.030547], [122.497831, 11.030008], [122.49837, 11.030008], [122.49837, 11.02893], [122.497831, 11.02893], [122.497831, 11.028661], [122.497292, 11.028661], [122.497292, 11.028391], [122.496753, 11.028391], [122.496753, 11.027583], [122.496484, 11.027583], [122.496484, 11.027313], [122.495945, 11.027313], [122.495945, 11.027044], [122.495136, 11.027044], [122.495136, 11.027313], [122.495406, 11.027313], [122.495406, 11.027583], [122.495136, 11.027583], [122.495136, 11.028122], [122.493519, 11.028122], [122.493519, 11.028391], [122.49325, 11.028391], [122.49325, 11.028661], [122.492711, 11.028661], [122.492711, 11.02893], [122.492441, 11.02893], [122.492441, 11.0292], [122.491902, 11.0292], [122.491902, 11.029469], [122.491633, 11.029469], [122.491633, 11.0292], [122.491094, 11.0292], [122.491094, 11.02893], [122.491363, 11.02893], [122.491363, 11.027583], [122.491094, 11.027583], [122.491094, 11.026774], [122.490824, 11.026774], [122.490824, 11.027313], [122.490555, 11.027313], [122.490555, 11.027583], [122.490016, 11.027583], [122.490016, 11.027852], [122.489746, 11.027852], [122.489746, 11.028122], [122.489477, 11.028122], [122.489477, 11.028391], [122.489207, 11.028391], [122.489207, 11.028661], [122.487321, 11.028661], [122.487321, 11.02893], [122.486782, 11.02893], [122.486782, 11.030278], [122.487051, 11.030278], [122.487051, 11.030547], [122.487321, 11.030547], [122.487321, 11.031086], [122.48759, 11.031086], [122.48759, 11.031356], [122.48786, 11.031356], [122.48786, 11.031895], [122.488129, 11.031895], [122.488129, 11.032164], [122.488399, 11.032164], [122.488399, 11.032434], [122.488668, 11.032434], [122.488668, 11.032703], [122.489746, 11.032703], [122.489746, 11.032973], [122.490285, 11.032973], [122.490285, 11.033242], [122.490555, 11.033242], [122.490555, 11.033512], [122.491633, 11.033512], [122.491633, 11.033781], [122.492172, 11.033781], [122.492172, 11.03432], [122.492441, 11.03432], [122.492441, 11.034859], [122.49298, 11.034859], [122.49298, 11.035129], [122.49325, 11.035129], [122.49325, 11.035398], [122.493789, 11.035398], [122.493789, 11.034859], [122.494058, 11.034859], [122.494058, 11.03459], [122.494597, 11.03459], [122.494597, 11.032703], [122.494867, 11.032703], [122.494867, 11.032434], [122.494328, 11.032434], [122.494328, 11.032164], [122.494058, 11.032164], [122.494058, 11.031895], [122.494328, 11.031895], [122.494328, 11.031625], [122.494867, 11.031625], [122.494867, 11.031356], [122.495675, 11.031356], [122.495675, 11.031086]]], [[[122.573829, 11.053993], [122.574907, 11.053993], [122.574907, 11.054263], [122.575176, 11.054263], [122.575176, 11.054532], [122.576254, 11.054532], [122.576254, 11.054263], [122.57841, 11.054263], [122.57841, 11.053993], [122.579758, 11.053993], [122.579758, 11.054263], [122.580566, 11.054263], [122.580566, 11.054532], [122.580836, 11.054532], [122.580836, 11.054263], [122.581644, 11.054263], [122.581644, 11.053993], [122.581914, 11.053993], [122.581914, 11.053724], [122.582183, 11.053724], [122.582183, 11.053454], [122.582453, 11.053454], [122.582453, 11.053185], [122.582722, 11.053185], [122.582722, 11.052915], [122.583531, 11.052915], [122.583531, 11.052646], [122.584339, 11.052646], [122.584339, 11.052376], [122.585956, 11.052376], [122.585956, 11.052107], [122.586225, 11.052107], [122.586225, 11.051568], [122.585417, 11.051568], [122.585417, 11.051298], [122.585147, 11.051298], [122.585147, 11.051568], [122.582722, 11.051568], [122.582722, 11.051298], [122.582183, 11.051298], [122.582183, 11.051029], [122.581644, 11.051029], [122.581644, 11.051298], [122.581375, 11.051298], [122.581375, 11.051568], [122.581105, 11.051568], [122.581105, 11.052107], [122.580836, 11.052107], [122.580836, 11.052646], [122.579488, 11.052646], [122.579488, 11.052376], [122.579219, 11.052376], [122.579219, 11.051837], [122.579488, 11.051837], [122.579488, 11.051568], [122.579758, 11.051568], [122.579758, 11.051029], [122.579488, 11.051029], [122.579488, 11.050759], [122.577602, 11.050759], [122.577602, 11.051029], [122.577332, 11.051029], [122.577332, 11.050759], [122.577063, 11.050759], [122.577063, 11.05049], [122.576793, 11.05049], [122.576793, 11.05022], [122.577063, 11.05022], [122.577063, 11.049951], [122.577602, 11.049951], [122.577602, 11.049681], [122.577871, 11.049681], [122.577871, 11.048873], [122.577602, 11.048873], [122.577602, 11.048334], [122.577332, 11.048334], [122.577332, 11.048064], [122.577063, 11.048064], [122.577063, 11.047795], [122.576793, 11.047795], [122.576793, 11.047256], [122.576254, 11.047256], [122.576254, 11.047525], [122.575985, 11.047525], [122.575985, 11.048334], [122.575715, 11.048334], [122.575715, 11.048603], [122.575446, 11.048603], [122.575446, 11.049142], [122.575176, 11.049142], [122.575176, 11.049412], [122.574907, 11.049412], [122.574907, 11.049681], [122.574637, 11.049681], [122.574637, 11.049951], [122.574368, 11.049951], [122.574368, 11.05022], [122.574098, 11.05022], [122.574098, 11.05049], [122.57329, 11.05049], [122.57329, 11.050759], [122.572751, 11.050759], [122.572751, 11.051029], [122.572212, 11.051029], [122.572212, 11.049412], [122.571942, 11.049412], [122.571942, 11.049142], [122.571673, 11.049142], [122.571673, 11.048873], [122.571134, 11.048873], [122.571134, 11.048334], [122.570864, 11.048334], [122.570864, 11.048064], [122.570595, 11.048064], [122.570595, 11.047795], [122.569247, 11.047795], [122.569247, 11.048064], [122.568708, 11.048064], [122.568708, 11.048334], [122.568169, 11.048334], [122.568169, 11.049142], [122.5679, 11.049142], [122.5679, 11.049412], [122.56763, 11.049412], [122.56763, 11.049951], [122.567361, 11.049951], [122.567361, 11.050759], [122.56763, 11.050759], [122.56763, 11.051298], [122.5679, 11.051298], [122.5679, 11.051837], [122.56763, 11.051837], [122.56763, 11.052376], [122.565744, 11.052376], [122.565744, 11.052646], [122.565205, 11.052646], [122.565205, 11.052376], [122.564935, 11.052376], [122.564935, 11.052107], [122.564666, 11.052107], [122.564666, 11.051837], [122.564396, 11.051837], [122.564396, 11.051568], [122.564127, 11.051568], [122.564127, 11.051298], [122.566013, 11.051298], [122.566013, 11.051029], [122.566552, 11.051029], [122.566552, 11.05049], [122.567091, 11.05049], [122.567091, 11.05022], [122.566822, 11.05022], [122.566822, 11.049951], [122.566552, 11.049951], [122.566552, 11.049681], [122.566283, 11.049681], [122.566283, 11.049142], [122.565744, 11.049142], [122.565744, 11.048873], [122.564666, 11.048873], [122.564666, 11.048603], [122.564127, 11.048603], [122.564127, 11.048873], [122.563588, 11.048873], [122.563588, 11.049412], [122.563318, 11.049412], [122.563318, 11.049681], [122.563049, 11.049681], [122.563049, 11.049951], [122.56224, 11.049951], [122.56224, 11.05022], [122.561432, 11.05022], [122.561432, 11.05049], [122.561162, 11.05049], [122.561162, 11.050759], [122.560623, 11.050759], [122.560623, 11.051568], [122.560893, 11.051568], [122.560893, 11.051837], [122.561162, 11.051837], [122.561162, 11.052107], [122.561432, 11.052107], [122.561432, 11.052376], [122.561701, 11.052376], [122.561701, 11.052646], [122.561971, 11.052646], [122.561971, 11.052915], [122.56224, 11.052915], [122.56224, 11.053185], [122.56251, 11.053185], [122.56251, 11.054532], [122.562779, 11.054532], [122.562779, 11.055071], [122.563049, 11.055071], [122.563049, 11.054802], [122.563588, 11.054802], [122.563588, 11.055341], [122.563857, 11.055341], [122.563857, 11.056419], [122.564127, 11.056419], [122.564127, 11.057766], [122.564396, 11.057766], [122.564396, 11.058305], [122.565474, 11.058305], [122.565474, 11.058036], [122.565744, 11.058036], [122.565744, 11.057766], [122.566013, 11.057766], [122.566013, 11.057497], [122.566283, 11.057497], [122.566283, 11.057227], [122.566552, 11.057227], [122.566552, 11.056419], [122.566283, 11.056419], [122.566283, 11.056688], [122.566013, 11.056688], [122.566013, 11.056419], [122.565744, 11.056419], [122.565744, 11.056149], [122.565474, 11.056149], [122.565474, 11.05588], [122.565205, 11.05588], [122.565205, 11.054802], [122.566283, 11.054802], [122.566283, 11.054532], [122.56763, 11.054532], [122.56763, 11.054802], [122.568169, 11.054802], [122.568169, 11.055071], [122.568439, 11.055071], [122.568439, 11.055341], [122.569247, 11.055341], [122.569247, 11.055071], [122.569517, 11.055071], [122.569517, 11.054532], [122.571673, 11.054532], [122.571673, 11.054263], [122.573829, 11.054263], [122.573829, 11.053993]]], [[[122.55739, 11.05588], [122.556581, 11.05588], [122.556581, 11.05561], [122.555234, 11.05561], [122.555234, 11.05588], [122.553886, 11.05588], [122.553886, 11.056149], [122.553617, 11.056149], [122.553617, 11.056419], [122.553078, 11.056419], [122.553078, 11.056688], [122.552808, 11.056688], [122.552808, 11.056958], [122.55173, 11.056958], [122.55173, 11.057227], [122.551191, 11.057227], [122.551191, 11.056958], [122.550652, 11.056958], [122.550652, 11.057227], [122.550383, 11.057227], [122.550383, 11.057497], [122.550113, 11.057497], [122.550113, 11.057766], [122.549844, 11.057766], [122.549844, 11.058036], [122.549305, 11.058036], [122.549305, 11.057766], [122.549035, 11.057766], [122.549035, 11.058036], [122.548496, 11.058036], [122.548496, 11.058305], [122.548227, 11.058305], [122.548227, 11.058844], [122.547957, 11.058844], [122.547957, 11.059383], [122.547688, 11.059383], [122.547688, 11.060192], [122.547149, 11.060192], [122.547149, 11.060461], [122.547688, 11.060461], [122.547688, 11.060731], [122.547957, 11.060731], [122.547957, 11.061], [122.548227, 11.061], [122.548227, 11.06127], [122.548496, 11.06127], [122.548496, 11.062078], [122.548227, 11.062078], [122.548227, 11.062348], [122.548496, 11.062348], [122.548496, 11.063695], [122.547957, 11.063695], [122.547957, 11.063965], [122.547418, 11.063965], [122.547418, 11.063695], [122.546071, 11.063695], [122.546071, 11.063426], [122.544723, 11.063426], [122.544723, 11.063156], [122.544454, 11.063156], [122.544454, 11.062348], [122.544993, 11.062348], [122.544993, 11.062078], [122.545801, 11.062078], [122.545801, 11.061809], [122.546071, 11.061809], [122.546071, 11.060461], [122.54634, 11.060461], [122.54634, 11.060192], [122.54661, 11.060192], [122.54661, 11.058575], [122.54634, 11.058575], [122.54634, 11.058305], [122.546071, 11.058305], [122.546071, 11.058036], [122.545801, 11.058036], [122.545801, 11.058575], [122.544993, 11.058575], [122.544993, 11.058305], [122.544454, 11.058305], [122.544454, 11.058036], [122.544184, 11.058036], [122.544184, 11.058305], [122.543376, 11.058305], [122.543376, 11.059383], [122.543645, 11.059383], [122.543645, 11.059653], [122.543376, 11.059653], [122.543376, 11.059922], [122.543106, 11.059922], [122.543106, 11.060461], [122.542837, 11.060461], [122.542837, 11.060731], [122.542567, 11.060731], [122.542567, 11.061], [122.542837, 11.061], [122.542837, 11.062348], [122.542298, 11.062348], [122.542298, 11.062617], [122.542028, 11.062617], [122.542028, 11.062348], [122.541759, 11.062348], [122.541759, 11.062078], [122.541489, 11.062078], [122.541489, 11.061809], [122.54095, 11.061809], [122.54095, 11.061539], [122.540681, 11.061539], [122.540681, 11.060461], [122.540411, 11.060461], [122.540411, 11.060731], [122.539872, 11.060731], [122.539872, 11.06127], [122.539603, 11.06127], [122.539603, 11.061539], [122.539333, 11.061539], [122.539333, 11.061809], [122.539064, 11.061809], [122.539064, 11.062348], [122.538794, 11.062348], [122.538794, 11.062617], [122.538255, 11.062617], [122.538255, 11.062887], [122.537716, 11.062887], [122.537716, 11.063156], [122.537447, 11.063156], [122.537447, 11.063695], [122.537177, 11.063695], [122.537177, 11.063965], [122.536638, 11.063965], [122.536638, 11.064234], [122.536099, 11.064234], [122.536099, 11.064773], [122.535021, 11.064773], [122.535021, 11.065043], [122.534752, 11.065043], [122.534752, 11.064773], [122.534482, 11.064773], [122.534482, 11.064504], [122.534213, 11.064504], [122.534213, 11.064234], [122.533944, 11.064234], [122.533944, 11.063965], [122.533135, 11.063965], [122.533135, 11.063695], [122.532327, 11.063695], [122.532327, 11.063965], [122.531788, 11.063965], [122.531788, 11.063695], [122.531518, 11.063695], [122.531518, 11.063965], [122.530171, 11.063965], [122.530171, 11.064234], [122.529901, 11.064234], [122.529901, 11.064504], [122.528015, 11.064504], [122.528015, 11.064234], [122.527745, 11.064234], [122.527745, 11.065043], [122.527476, 11.065043], [122.527476, 11.065312], [122.527206, 11.065312], [122.527206, 11.065851], [122.526937, 11.065851], [122.526937, 11.06666], [122.527206, 11.06666], [122.527206, 11.067199], [122.526937, 11.067199], [122.526937, 11.068007], [122.526667, 11.068007], [122.526667, 11.069085], [122.526937, 11.069085], [122.526937, 11.069355], [122.527206, 11.069355], [122.527206, 11.069624], [122.527476, 11.069624], [122.527476, 11.069894], [122.527745, 11.069894], [122.527745, 11.070163], [122.528015, 11.070163], [122.528015, 11.070432], [122.528284, 11.070432], [122.528284, 11.070702], [122.528554, 11.070702], [122.528554, 11.070971], [122.529093, 11.070971], [122.529093, 11.071241], [122.529362, 11.071241], [122.529362, 11.07151], [122.529632, 11.07151], [122.529632, 11.07178], [122.529901, 11.07178], [122.529901, 11.072049], [122.53044, 11.072049], [122.53044, 11.072319], [122.53071, 11.072319], [122.53071, 11.072588], [122.530979, 11.072588], [122.530979, 11.073397], [122.53071, 11.073397], [122.53071, 11.074205], [122.530979, 11.074205], [122.530979, 11.074475], [122.531518, 11.074475], [122.531518, 11.074744], [122.532057, 11.074744], [122.532057, 11.075014], [122.533944, 11.075014], [122.533944, 11.075283], [122.534213, 11.075283], [122.534213, 11.076092], [122.533944, 11.076092], [122.533944, 11.076361], [122.532866, 11.076361], [122.532866, 11.076631], [122.532596, 11.076631], [122.532596, 11.077439], [122.532866, 11.077439], [122.532866, 11.077709], [122.533135, 11.077709], [122.533135, 11.077978], [122.533405, 11.077978], [122.533405, 11.078517], [122.536099, 11.078517], [122.536099, 11.078787], [122.536908, 11.078787], [122.536908, 11.079056], [122.537177, 11.079056], [122.537177, 11.078787], [122.537986, 11.078787], [122.537986, 11.079056], [122.538525, 11.079056], [122.538525, 11.079326], [122.538794, 11.079326], [122.538794, 11.078787], [122.538255, 11.078787], [122.538255, 11.077978], [122.537986, 11.077978], [122.537986, 11.076361], [122.539064, 11.076361], [122.539064, 11.076631], [122.539603, 11.076631], [122.539603, 11.0769], [122.539872, 11.0769], [122.539872, 11.07717], [122.540142, 11.07717], [122.540142, 11.078248], [122.540411, 11.078248], [122.540411, 11.078517], [122.54095, 11.078517], [122.54095, 11.078787], [122.54122, 11.078787], [122.54122, 11.078517], [122.541759, 11.078517], [122.541759, 11.078248], [122.542567, 11.078248], [122.542567, 11.077978], [122.543106, 11.077978], [122.543106, 11.077709], [122.543645, 11.077709], [122.543645, 11.077439], [122.543915, 11.077439], [122.543915, 11.07717], [122.544993, 11.07717], [122.544993, 11.077439], [122.545262, 11.077439], [122.545262, 11.077709], [122.545532, 11.077709], [122.545532, 11.077439], [122.546071, 11.077439], [122.546071, 11.0769], [122.54634, 11.0769], [122.54634, 11.075822], [122.545262, 11.075822], [122.545262, 11.076092], [122.544993, 11.076092], [122.544993, 11.076361], [122.544454, 11.076361], [122.544454, 11.076092], [122.544723, 11.076092], [122.544723, 11.075822], [122.544993, 11.075822], [122.544993, 11.075553], [122.544454, 11.075553], [122.544454, 11.075014], [122.544184, 11.075014], [122.544184, 11.074744], [122.543645, 11.074744], [122.543645, 11.075283], [122.543376, 11.075283], [122.543376, 11.075014], [122.542567, 11.075014], [122.542567, 11.074744], [122.541759, 11.074744], [122.541759, 11.075014], [122.541489, 11.075014], [122.541489, 11.075283], [122.54122, 11.075283], [122.54122, 11.075553], [122.540142, 11.075553], [122.540142, 11.075283], [122.539872, 11.075283], [122.539872, 11.075014], [122.539333, 11.075014], [122.539333, 11.074744], [122.539064, 11.074744], [122.539064, 11.073666], [122.539333, 11.073666], [122.539333, 11.073397], [122.539872, 11.073397], [122.539872, 11.073127], [122.543106, 11.073127], [122.543106, 11.073397], [122.543376, 11.073397], [122.543376, 11.073666], [122.543915, 11.073666], [122.543915, 11.073936], [122.545262, 11.073936], [122.545262, 11.074205], [122.545801, 11.074205], [122.545801, 11.074475], [122.546071, 11.074475], [122.546071, 11.074744], [122.54634, 11.074744], [122.54634, 11.075014], [122.54661, 11.075014], [122.54661, 11.075283], [122.547149, 11.075283], [122.547149, 11.075822], [122.547418, 11.075822], [122.547418, 11.076092], [122.547688, 11.076092], [122.547688, 11.076361], [122.547957, 11.076361], [122.547957, 11.076631], [122.548227, 11.076631], [122.548227, 11.0769], [122.549035, 11.0769], [122.549035, 11.07717], [122.549574, 11.07717], [122.549574, 11.077439], [122.549844, 11.077439], [122.549844, 11.077978], [122.550113, 11.077978], [122.550113, 11.078248], [122.550652, 11.078248], [122.550652, 11.078517], [122.550922, 11.078517], [122.550922, 11.078787], [122.551191, 11.078787], [122.551191, 11.079056], [122.551461, 11.079056], [122.551461, 11.078787], [122.553078, 11.078787], [122.553078, 11.077709], [122.552539, 11.077709], [122.552539, 11.077439], [122.552269, 11.077439], [122.552269, 11.077709], [122.550922, 11.077709], [122.550922, 11.077439], [122.550652, 11.077439], [122.550652, 11.07717], [122.550383, 11.07717], [122.550383, 11.0769], [122.549844, 11.0769], [122.549844, 11.076361], [122.549305, 11.076361], [122.549305, 11.075822], [122.548496, 11.075822], [122.548496, 11.075553], [122.548227, 11.075553], [122.548227, 11.075283], [122.548496, 11.075283], [122.548496, 11.074744], [122.548227, 11.074744], [122.548227, 11.074475], [122.547149, 11.074475], [122.547149, 11.074205], [122.546879, 11.074205], [122.546879, 11.072049], [122.547149, 11.072049], [122.547149, 11.07151], [122.547688, 11.07151], [122.547688, 11.07178], [122.548227, 11.07178], [122.548227, 11.072049], [122.547957, 11.072049], [122.547957, 11.072319], [122.548496, 11.072319], [122.548496, 11.072588], [122.549035, 11.072588], [122.549035, 11.072319], [122.549305, 11.072319], [122.549305, 11.072049], [122.549844, 11.072049], [122.549844, 11.07178], [122.550652, 11.07178], [122.550652, 11.072049], [122.550922, 11.072049], [122.550922, 11.07151], [122.551191, 11.07151], [122.551191, 11.07178], [122.551461, 11.07178], [122.551461, 11.071241], [122.55173, 11.071241], [122.55173, 11.070971], [122.552, 11.070971], [122.552, 11.071241], [122.552269, 11.071241], [122.552269, 11.07151], [122.552539, 11.07151], [122.552539, 11.071241], [122.552808, 11.071241], [122.552808, 11.070432], [122.552269, 11.070432], [122.552269, 11.070163], [122.551461, 11.070163], [122.551461, 11.070432], [122.550922, 11.070432], [122.550922, 11.070163], [122.550113, 11.070163], [122.550113, 11.070432], [122.549844, 11.070432], [122.549844, 11.070163], [122.549305, 11.070163], [122.549305, 11.069894], [122.548766, 11.069894], [122.548766, 11.069624], [122.547957, 11.069624], [122.547957, 11.069894], [122.547418, 11.069894], [122.547418, 11.070163], [122.546879, 11.070163], [122.546879, 11.069894], [122.54634, 11.069894], [122.54634, 11.070163], [122.546071, 11.070163], [122.546071, 11.068546], [122.545801, 11.068546], [122.545801, 11.068277], [122.544723, 11.068277], [122.544723, 11.068546], [122.544454, 11.068546], [122.544454, 11.068816], [122.544184, 11.068816], [122.544184, 11.069355], [122.543915, 11.069355], [122.543915, 11.069624], [122.543645, 11.069624], [122.543645, 11.069355], [122.543106, 11.069355], [122.543106, 11.069624], [122.542837, 11.069624], [122.542837, 11.069894], [122.542567, 11.069894], [122.542567, 11.070163], [122.542298, 11.070163], [122.542298, 11.070432], [122.542028, 11.070432], [122.542028, 11.070702], [122.541489, 11.070702], [122.541489, 11.070432], [122.54122, 11.070432], [122.54122, 11.069894], [122.541489, 11.069894], [122.541489, 11.069624], [122.541759, 11.069624], [122.541759, 11.069355], [122.542028, 11.069355], [122.542028, 11.069085], [122.542298, 11.069085], [122.542298, 11.068546], [122.542028, 11.068546], [122.542028, 11.068007], [122.541489, 11.068007], [122.541489, 11.067738], [122.54095, 11.067738], [122.54095, 11.067199], [122.541489, 11.067199], [122.541489, 11.066929], [122.541759, 11.066929], [122.541759, 11.06666], [122.542837, 11.06666], [122.542837, 11.06639], [122.543376, 11.06639], [122.543376, 11.066121], [122.544184, 11.066121], [122.544184, 11.065851], [122.544454, 11.065851], [122.544454, 11.066121], [122.544993, 11.066121], [122.544993, 11.06639], [122.545262, 11.06639], [122.545262, 11.066929], [122.545532, 11.066929], [122.545532, 11.067199], [122.545801, 11.067199], [122.545801, 11.066929], [122.546071, 11.066929], [122.546071, 11.06666], [122.545801, 11.06666], [122.545801, 11.066121], [122.546071, 11.066121], [122.546071, 11.065851], [122.547688, 11.065851], [122.547688, 11.066121], [122.547957, 11.066121], [122.547957, 11.06639], [122.548227, 11.06639], [122.548227, 11.066121], [122.549035, 11.066121], [122.549035, 11.06639], [122.549305, 11.06639], [122.549305, 11.066121], [122.549574, 11.066121], [122.549574, 11.066929], [122.550652, 11.066929], [122.550652, 11.06666], [122.551191, 11.06666], [122.551191, 11.06639], [122.552, 11.06639], [122.552, 11.06666], [122.552539, 11.06666], [122.552539, 11.06639], [122.552808, 11.06639], [122.552808, 11.066121], [122.554156, 11.066121], [122.554156, 11.06639], [122.553886, 11.06639], [122.553886, 11.066929], [122.553617, 11.066929], [122.553617, 11.067468], [122.554156, 11.067468], [122.554156, 11.067738], [122.554425, 11.067738], [122.554425, 11.067468], [122.554695, 11.067468], [122.554695, 11.067199], [122.554964, 11.067199], [122.554964, 11.066929], [122.555503, 11.066929], [122.555503, 11.06666], [122.555773, 11.06666], [122.555773, 11.06639], [122.556042, 11.06639], [122.556042, 11.065582], [122.555773, 11.065582], [122.555773, 11.064773], [122.556042, 11.064773], [122.556042, 11.064504], [122.55712, 11.064504], [122.55712, 11.064234], [122.558198, 11.064234], [122.558198, 11.064504], [122.558468, 11.064504], [122.558468, 11.065043], [122.558737, 11.065043], [122.558737, 11.065312], [122.559276, 11.065312], [122.559276, 11.065582], [122.559545, 11.065582], [122.559545, 11.065312], [122.560354, 11.065312], [122.560354, 11.065043], [122.560623, 11.065043], [122.560623, 11.064773], [122.561162, 11.064773], [122.561162, 11.063965], [122.561432, 11.063965], [122.561432, 11.063695], [122.561162, 11.063695], [122.561162, 11.063426], [122.561432, 11.063426], [122.561432, 11.063156], [122.561701, 11.063156], [122.561701, 11.062887], [122.561971, 11.062887], [122.561971, 11.062617], [122.56224, 11.062617], [122.56224, 11.061809], [122.563049, 11.061809], [122.563049, 11.061539], [122.563588, 11.061539], [122.563588, 11.06127], [122.563857, 11.06127], [122.563857, 11.059383], [122.563588, 11.059383], [122.563588, 11.059114], [122.563049, 11.059114], [122.563049, 11.059383], [122.56251, 11.059383], [122.56251, 11.059653], [122.561971, 11.059653], [122.561971, 11.059922], [122.56224, 11.059922], [122.56224, 11.060192], [122.561971, 11.060192], [122.561971, 11.060461], [122.560893, 11.060461], [122.560893, 11.060731], [122.560084, 11.060731], [122.560084, 11.060461], [122.558468, 11.060461], [122.558468, 11.060731], [122.558198, 11.060731], [122.558198, 11.061], [122.557929, 11.061], [122.557929, 11.06127], [122.557659, 11.06127], [122.557659, 11.061539], [122.55739, 11.061539], [122.55739, 11.06127], [122.556851, 11.06127], [122.556851, 11.060731], [122.556581, 11.060731], [122.556581, 11.060461], [122.556851, 11.060461], [122.556851, 11.059114], [122.55712, 11.059114], [122.55712, 11.058844], [122.559007, 11.058844], [122.559007, 11.058305], [122.559276, 11.058305], [122.559276, 11.058036], [122.559545, 11.058036], [122.559545, 11.057766], [122.559276, 11.057766], [122.559276, 11.057227], [122.559007, 11.057227], [122.559007, 11.056688], [122.558468, 11.056688], [122.558468, 11.056149], [122.55739, 11.056149], [122.55739, 11.05588]]], [[[122.563049, 11.091184], [122.563049, 11.091453], [122.562779, 11.091453], [122.562779, 11.091723], [122.56251, 11.091723], [122.56251, 11.092531], [122.56224, 11.092531], [122.56224, 11.092801], [122.561162, 11.092801], [122.561162, 11.092531], [122.560623, 11.092531], [122.560623, 11.092262], [122.559007, 11.092262], [122.559007, 11.092531], [122.558198, 11.092531], [122.558198, 11.091992], [122.557929, 11.091992], [122.557929, 11.091723], [122.557659, 11.091723], [122.557659, 11.091453], [122.55712, 11.091453], [122.55712, 11.091992], [122.557659, 11.091992], [122.557659, 11.092531], [122.55712, 11.092531], [122.55712, 11.092801], [122.555773, 11.092801], [122.555773, 11.09307], [122.555503, 11.09307], [122.555503, 11.09334], [122.555234, 11.09334], [122.555234, 11.093609], [122.554695, 11.093609], [122.554695, 11.093879], [122.553617, 11.093879], [122.553617, 11.093609], [122.553347, 11.093609], [122.553347, 11.09334], [122.553078, 11.09334], [122.553078, 11.092262], [122.552808, 11.092262], [122.552808, 11.091992], [122.552269, 11.091992], [122.552269, 11.09307], [122.552, 11.09307], [122.552, 11.09334], [122.552269, 11.09334], [122.552269, 11.093879], [122.552539, 11.093879], [122.552539, 11.094148], [122.552808, 11.094148], [122.552808, 11.094418], [122.553078, 11.094418], [122.553078, 11.094687], [122.553347, 11.094687], [122.553347, 11.094957], [122.553617, 11.094957], [122.553617, 11.095226], [122.553886, 11.095226], [122.553886, 11.095495], [122.554156, 11.095495], [122.554156, 11.095765], [122.554425, 11.095765], [122.554425, 11.096304], [122.554695, 11.096304], [122.554695, 11.097112], [122.554964, 11.097112], [122.554964, 11.097382], [122.555234, 11.097382], [122.555234, 11.097651], [122.555773, 11.097651], [122.555773, 11.097921], [122.556042, 11.097921], [122.556042, 11.09819], [122.556851, 11.09819], [122.556851, 11.09846], [122.557659, 11.09846], [122.557659, 11.09819], [122.557929, 11.09819], [122.557929, 11.097921], [122.558198, 11.097921], [122.558198, 11.097651], [122.558468, 11.097651], [122.558468, 11.097112], [122.559007, 11.097112], [122.559007, 11.096843], [122.558737, 11.096843], [122.558737, 11.095765], [122.559007, 11.095765], [122.559007, 11.095495], [122.560623, 11.095495], [122.560623, 11.095226], [122.56251, 11.095226], [122.56251, 11.095765], [122.562779, 11.095765], [122.562779, 11.096034], [122.564666, 11.096034], [122.564666, 11.095765], [122.564935, 11.095765], [122.564935, 11.095495], [122.565205, 11.095495], [122.565205, 11.094687], [122.564935, 11.094687], [122.564935, 11.093879], [122.564666, 11.093879], [122.564666, 11.093609], [122.564396, 11.093609], [122.564396, 11.09307], [122.564127, 11.09307], [122.564127, 11.092262], [122.564396, 11.092262], [122.564396, 11.091992], [122.564666, 11.091992], [122.564666, 11.091723], [122.565205, 11.091723], [122.565205, 11.091184], [122.565474, 11.091184], [122.565474, 11.089836], [122.566013, 11.089836], [122.566013, 11.089567], [122.566283, 11.089567], [122.566283, 11.089297], [122.566822, 11.089297], [122.566822, 11.089028], [122.567091, 11.089028], [122.567091, 11.088758], [122.565474, 11.088758], [122.565474, 11.088489], [122.565205, 11.088489], [122.565205, 11.088758], [122.564935, 11.088758], [122.564935, 11.089028], [122.564666, 11.089028], [122.564666, 11.089297], [122.564396, 11.089297], [122.564396, 11.089836], [122.564127, 11.089836], [122.564127, 11.090375], [122.563857, 11.090375], [122.563857, 11.090645], [122.563588, 11.090645], [122.563588, 11.090914], [122.563318, 11.090914], [122.563318, 11.091184], [122.563049, 11.091184]]], [[[122.576793, 11.100616], [122.576254, 11.100616], [122.576254, 11.100885], [122.576524, 11.100885], [122.576524, 11.101155], [122.576793, 11.101155], [122.576793, 11.101424], [122.577871, 11.101424], [122.577871, 11.100616], [122.57841, 11.100616], [122.57841, 11.100346], [122.578949, 11.100346], [122.578949, 11.100077], [122.57868, 11.100077], [122.57868, 11.099268], [122.57841, 11.099268], [122.57841, 11.098999], [122.57868, 11.098999], [122.57868, 11.098729], [122.579219, 11.098729], [122.579219, 11.098999], [122.579758, 11.098999], [122.579758, 11.099268], [122.580027, 11.099268], [122.580027, 11.099538], [122.580297, 11.099538], [122.580297, 11.099807], [122.580566, 11.099807], [122.580566, 11.100077], [122.581105, 11.100077], [122.581105, 11.100346], [122.581375, 11.100346], [122.581375, 11.100616], [122.581914, 11.100616], [122.581914, 11.100885], [122.583261, 11.100885], [122.583261, 11.100616], [122.583531, 11.100616], [122.583531, 11.100077], [122.583261, 11.100077], [122.583261, 11.098999], [122.582992, 11.098999], [122.582992, 11.099268], [122.582453, 11.099268], [122.582453, 11.099538], [122.582183, 11.099538], [122.582183, 11.099268], [122.581914, 11.099268], [122.581914, 11.098999], [122.582183, 11.098999], [122.582183, 11.09846], [122.581644, 11.09846], [122.581644, 11.098999], [122.580566, 11.098999], [122.580566, 11.098729], [122.580027, 11.098729], [122.580027, 11.09846], [122.579758, 11.09846], [122.579758, 11.097921], [122.579488, 11.097921], [122.579488, 11.097382], [122.579219, 11.097382], [122.579219, 11.096843], [122.578949, 11.096843], [122.578949, 11.096304], [122.57868, 11.096304], [122.57868, 11.095765], [122.577871, 11.095765], [122.577871, 11.095495], [122.577602, 11.095495], [122.577602, 11.094957], [122.577871, 11.094957], [122.577871, 11.093879], [122.578141, 11.093879], [122.578141, 11.09334], [122.577871, 11.09334], [122.577871, 11.092801], [122.577602, 11.092801], [122.577602, 11.092531], [122.576793, 11.092531], [122.576793, 11.093879], [122.577063, 11.093879], [122.577063, 11.094148], [122.576793, 11.094148], [122.576793, 11.094957], [122.576524, 11.094957], [122.576524, 11.095765], [122.576793, 11.095765], [122.576793, 11.096304], [122.577063, 11.096304], [122.577063, 11.096573], [122.577602, 11.096573], [122.577602, 11.097112], [122.577871, 11.097112], [122.577871, 11.097382], [122.577602, 11.097382], [122.577602, 11.09819], [122.575985, 11.09819], [122.575985, 11.09846], [122.575446, 11.09846], [122.575446, 11.09819], [122.575176, 11.09819], [122.575176, 11.099268], [122.574907, 11.099268], [122.574907, 11.099538], [122.574637, 11.099538], [122.574637, 11.099807], [122.576254, 11.099807], [122.576254, 11.099538], [122.576524, 11.099538], [122.576524, 11.099268], [122.576793, 11.099268], [122.576793, 11.099538], [122.577332, 11.099538], [122.577332, 11.099807], [122.577602, 11.099807], [122.577602, 11.100346], [122.577332, 11.100346], [122.577332, 11.100077], [122.577063, 11.100077], [122.577063, 11.100346], [122.576793, 11.100346], [122.576793, 11.100616]]], [[[122.560893, 11.099538], [122.560893, 11.099807], [122.561432, 11.099807], [122.561432, 11.100077], [122.561971, 11.100077], [122.561971, 11.100346], [122.562779, 11.100346], [122.562779, 11.100616], [122.563318, 11.100616], [122.563318, 11.100885], [122.563857, 11.100885], [122.563857, 11.101155], [122.564935, 11.101155], [122.564935, 11.100885], [122.565474, 11.100885], [122.565474, 11.100616], [122.565744, 11.100616], [122.565744, 11.100885], [122.566552, 11.100885], [122.566552, 11.101155], [122.566822, 11.101155], [122.566822, 11.101424], [122.567361, 11.101424], [122.567361, 11.101694], [122.56763, 11.101694], [122.56763, 11.101424], [122.5679, 11.101424], [122.5679, 11.100885], [122.568708, 11.100885], [122.568708, 11.101155], [122.569786, 11.101155], [122.569786, 11.100346], [122.569517, 11.100346], [122.569517, 11.099807], [122.569247, 11.099807], [122.569247, 11.098999], [122.568978, 11.098999], [122.568978, 11.09846], [122.568708, 11.09846], [122.568708, 11.097382], [122.568169, 11.097382], [122.568169, 11.097112], [122.5679, 11.097112], [122.5679, 11.096843], [122.567361, 11.096843], [122.567361, 11.097112], [122.567091, 11.097112], [122.567091, 11.097651], [122.566822, 11.097651], [122.566822, 11.09846], [122.566552, 11.09846], [122.566552, 11.098729], [122.565744, 11.098729], [122.565744, 11.098999], [122.565205, 11.098999], [122.565205, 11.099268], [122.564935, 11.099268], [122.564935, 11.099807], [122.564127, 11.099807], [122.564127, 11.100077], [122.563857, 11.100077], [122.563857, 11.099807], [122.563588, 11.099807], [122.563588, 11.099538], [122.563318, 11.099538], [122.563318, 11.09846], [122.562779, 11.09846], [122.562779, 11.09819], [122.56251, 11.09819], [122.56251, 11.097921], [122.561971, 11.097921], [122.561971, 11.097651], [122.561701, 11.097651], [122.561701, 11.096843], [122.561432, 11.096843], [122.561432, 11.096573], [122.561162, 11.096573], [122.561162, 11.096304], [122.560084, 11.096304], [122.560084, 11.096573], [122.559815, 11.096573], [122.559815, 11.096843], [122.559545, 11.096843], [122.559545, 11.097921], [122.559815, 11.097921], [122.559815, 11.098999], [122.559276, 11.098999], [122.559276, 11.100346], [122.560084, 11.100346], [122.560084, 11.100077], [122.560354, 11.100077], [122.560354, 11.099807], [122.560623, 11.099807], [122.560623, 11.099538], [122.560893, 11.099538]]], [[[122.538255, 11.131338], [122.537716, 11.131338], [122.537716, 11.131608], [122.536638, 11.131608], [122.536638, 11.131877], [122.536369, 11.131877], [122.536369, 11.132147], [122.53583, 11.132147], [122.53583, 11.132686], [122.535291, 11.132686], [122.535291, 11.132955], [122.535021, 11.132955], [122.535021, 11.133225], [122.532866, 11.133225], [122.532866, 11.132955], [122.532327, 11.132955], [122.532327, 11.133225], [122.531788, 11.133225], [122.531788, 11.132955], [122.531249, 11.132955], [122.531249, 11.132686], [122.530979, 11.132686], [122.530979, 11.132416], [122.53044, 11.132416], [122.53044, 11.132686], [122.530171, 11.132686], [122.530171, 11.133494], [122.53044, 11.133494], [122.53044, 11.134303], [122.53071, 11.134303], [122.53071, 11.13565], [122.530979, 11.13565], [122.530979, 11.13592], [122.532057, 11.13592], [122.532057, 11.136189], [122.532327, 11.136189], [122.532327, 11.136459], [122.532596, 11.136459], [122.532596, 11.136728], [122.532866, 11.136728], [122.532866, 11.136998], [122.533135, 11.136998], [122.533135, 11.137537], [122.533405, 11.137537], [122.533405, 11.138076], [122.533674, 11.138076], [122.533674, 11.138884], [122.534213, 11.138884], [122.534213, 11.139154], [122.534482, 11.139154], [122.534482, 11.138884], [122.534752, 11.138884], [122.534752, 11.138615], [122.535021, 11.138615], [122.535021, 11.138345], [122.535291, 11.138345], [122.535291, 11.138076], [122.53556, 11.138076], [122.53556, 11.137806], [122.537447, 11.137806], [122.537447, 11.137537], [122.537986, 11.137537], [122.537986, 11.137267], [122.538525, 11.137267], [122.538525, 11.138076], [122.538794, 11.138076], [122.538794, 11.138345], [122.539064, 11.138345], [122.539064, 11.138615], [122.539603, 11.138615], [122.539603, 11.138884], [122.539872, 11.138884], [122.539872, 11.138615], [122.540681, 11.138615], [122.540681, 11.138076], [122.540411, 11.138076], [122.540411, 11.137806], [122.540142, 11.137806], [122.540142, 11.136998], [122.539872, 11.136998], [122.539872, 11.136728], [122.539603, 11.136728], [122.539603, 11.136459], [122.538794, 11.136459], [122.538794, 11.136728], [122.537716, 11.136728], [122.537716, 11.136459], [122.536638, 11.136459], [122.536638, 11.136189], [122.536099, 11.136189], [122.536099, 11.13592], [122.53583, 11.13592], [122.53583, 11.13565], [122.53556, 11.13565], [122.53556, 11.135111], [122.53583, 11.135111], [122.53583, 11.134842], [122.536638, 11.134842], [122.536638, 11.134572], [122.536908, 11.134572], [122.536908, 11.134033], [122.537177, 11.134033], [122.537177, 11.133494], [122.537986, 11.133494], [122.537986, 11.134842], [122.538255, 11.134842], [122.538255, 11.135111], [122.538794, 11.135111], [122.538794, 11.135381], [122.539603, 11.135381], [122.539603, 11.135111], [122.539872, 11.135111], [122.539872, 11.134842], [122.540142, 11.134842], [122.540142, 11.134572], [122.540681, 11.134572], [122.540681, 11.134303], [122.54095, 11.134303], [122.54095, 11.134033], [122.54122, 11.134033], [122.54122, 11.133225], [122.539872, 11.133225], [122.539872, 11.132955], [122.539333, 11.132955], [122.539333, 11.132686], [122.538794, 11.132686], [122.538794, 11.131877], [122.54095, 11.131877], [122.54095, 11.131608], [122.54122, 11.131608], [122.54122, 11.131069], [122.541489, 11.131069], [122.541489, 11.13053], [122.54122, 11.13053], [122.54122, 11.129991], [122.540681, 11.129991], [122.540681, 11.129721], [122.540411, 11.129721], [122.540411, 11.129991], [122.540142, 11.129991], [122.540142, 11.129721], [122.539603, 11.129721], [122.539603, 11.129991], [122.539333, 11.129991], [122.539333, 11.13026], [122.539064, 11.13026], [122.539064, 11.13053], [122.538794, 11.13053], [122.538794, 11.131338], [122.538525, 11.131338], [122.538525, 11.131608], [122.538255, 11.131608], [122.538255, 11.131338]]], [[[122.570864, 11.149664], [122.570864, 11.149933], [122.569517, 11.149933], [122.569517, 11.150203], [122.569247, 11.150203], [122.569247, 11.150472], [122.569517, 11.150472], [122.569517, 11.15155], [122.569786, 11.15155], [122.569786, 11.15182], [122.569517, 11.15182], [122.569517, 11.152359], [122.568978, 11.152359], [122.568978, 11.152628], [122.568439, 11.152628], [122.568439, 11.152359], [122.568169, 11.152359], [122.568169, 11.151011], [122.5679, 11.151011], [122.5679, 11.150742], [122.567091, 11.150742], [122.567091, 11.150472], [122.566822, 11.150472], [122.566822, 11.150742], [122.566283, 11.150742], [122.566283, 11.15155], [122.566013, 11.15155], [122.566013, 11.152089], [122.565744, 11.152089], [122.565744, 11.152359], [122.565474, 11.152359], [122.565474, 11.152628], [122.565205, 11.152628], [122.565205, 11.153706], [122.565474, 11.153706], [122.565474, 11.153976], [122.566822, 11.153976], [122.566822, 11.154245], [122.567091, 11.154245], [122.567091, 11.154515], [122.56763, 11.154515], [122.56763, 11.155054], [122.5679, 11.155054], [122.5679, 11.154784], [122.568169, 11.154784], [122.568169, 11.154245], [122.568439, 11.154245], [122.568439, 11.153976], [122.568708, 11.153976], [122.568708, 11.153706], [122.570056, 11.153706], [122.570056, 11.153437], [122.570325, 11.153437], [122.570325, 11.153706], [122.571134, 11.153706], [122.571134, 11.153976], [122.571673, 11.153976], [122.571673, 11.154245], [122.573829, 11.154245], [122.573829, 11.154515], [122.574368, 11.154515], [122.574368, 11.155323], [122.574637, 11.155323], [122.574637, 11.156132], [122.575176, 11.156132], [122.575176, 11.156401], [122.575446, 11.156401], [122.575446, 11.156132], [122.575715, 11.156132], [122.575715, 11.155862], [122.575985, 11.155862], [122.575985, 11.155593], [122.576524, 11.155593], [122.576524, 11.155323], [122.577602, 11.155323], [122.577602, 11.155054], [122.577871, 11.155054], [122.577871, 11.155323], [122.578141, 11.155323], [122.578141, 11.155862], [122.577871, 11.155862], [122.577871, 11.156401], [122.577602, 11.156401], [122.577602, 11.15721], [122.578141, 11.15721], [122.578141, 11.157479], [122.57841, 11.157479], [122.57841, 11.15721], [122.57868, 11.15721], [122.57868, 11.156671], [122.578949, 11.156671], [122.578949, 11.156401], [122.579219, 11.156401], [122.579219, 11.155862], [122.578949, 11.155862], [122.578949, 11.155593], [122.579219, 11.155593], [122.579219, 11.155323], [122.579488, 11.155323], [122.579488, 11.155054], [122.579758, 11.155054], [122.579758, 11.154784], [122.580027, 11.154784], [122.580027, 11.154245], [122.580566, 11.154245], [122.580566, 11.153976], [122.580027, 11.153976], [122.580027, 11.153706], [122.579758, 11.153706], [122.579758, 11.153976], [122.57868, 11.153976], [122.57868, 11.154245], [122.578141, 11.154245], [122.578141, 11.153976], [122.577332, 11.153976], [122.577332, 11.153706], [122.576793, 11.153706], [122.576793, 11.153976], [122.575446, 11.153976], [122.575446, 11.153706], [122.575176, 11.153706], [122.575176, 11.153437], [122.574907, 11.153437], [122.574907, 11.153167], [122.574637, 11.153167], [122.574637, 11.15155], [122.574368, 11.15155], [122.574368, 11.151281], [122.574637, 11.151281], [122.574637, 11.151011], [122.575176, 11.151011], [122.575176, 11.150742], [122.575446, 11.150742], [122.575446, 11.150472], [122.575715, 11.150472], [122.575715, 11.150203], [122.575985, 11.150203], [122.575985, 11.148586], [122.575176, 11.148586], [122.575176, 11.148855], [122.574907, 11.148855], [122.574907, 11.149125], [122.574098, 11.149125], [122.574098, 11.149394], [122.573559, 11.149394], [122.573559, 11.149125], [122.572751, 11.149125], [122.572751, 11.148855], [122.572212, 11.148855], [122.572212, 11.149125], [122.571942, 11.149125], [122.571942, 11.149394], [122.571403, 11.149394], [122.571403, 11.149664], [122.570864, 11.149664]]], [[[122.550922, 11.156401], [122.550922, 11.156132], [122.551191, 11.156132], [122.551191, 11.155862], [122.552, 11.155862], [122.552, 11.155593], [122.553347, 11.155593], [122.553347, 11.155323], [122.553886, 11.155323], [122.553886, 11.155593], [122.554156, 11.155593], [122.554156, 11.155862], [122.554425, 11.155862], [122.554425, 11.156132], [122.554695, 11.156132], [122.554695, 11.156671], [122.554964, 11.156671], [122.554964, 11.15694], [122.555503, 11.15694], [122.555503, 11.157749], [122.555773, 11.157749], [122.555773, 11.158018], [122.556042, 11.158018], [122.556042, 11.158288], [122.556581, 11.158288], [122.556581, 11.158557], [122.557659, 11.158557], [122.557659, 11.158288], [122.557929, 11.158288], [122.557929, 11.158018], [122.558198, 11.158018], [122.558198, 11.157749], [122.559007, 11.157749], [122.559007, 11.157479], [122.559545, 11.157479], [122.559545, 11.15721], [122.559815, 11.15721], [122.559815, 11.15694], [122.560354, 11.15694], [122.560354, 11.156132], [122.560623, 11.156132], [122.560623, 11.155862], [122.561162, 11.155862], [122.561162, 11.155593], [122.561701, 11.155593], [122.561701, 11.155323], [122.561971, 11.155323], [122.561971, 11.155054], [122.56224, 11.155054], [122.56224, 11.154515], [122.561971, 11.154515], [122.561971, 11.154245], [122.561432, 11.154245], [122.561432, 11.153976], [122.561162, 11.153976], [122.561162, 11.153706], [122.560893, 11.153706], [122.560893, 11.152628], [122.561162, 11.152628], [122.561162, 11.152359], [122.561971, 11.152359], [122.561971, 11.152089], [122.56251, 11.152089], [122.56251, 11.15182], [122.563049, 11.15182], [122.563049, 11.15155], [122.563318, 11.15155], [122.563318, 11.151011], [122.563049, 11.151011], [122.563049, 11.150742], [122.562779, 11.150742], [122.562779, 11.150472], [122.56224, 11.150472], [122.56224, 11.150742], [122.561162, 11.150742], [122.561162, 11.150472], [122.560893, 11.150472], [122.560893, 11.150203], [122.560623, 11.150203], [122.560623, 11.149664], [122.560354, 11.149664], [122.560354, 11.149394], [122.559276, 11.149394], [122.559276, 11.149664], [122.559007, 11.149664], [122.559007, 11.149933], [122.558737, 11.149933], [122.558737, 11.150472], [122.558198, 11.150472], [122.558198, 11.150742], [122.557659, 11.150742], [122.557659, 11.150472], [122.555773, 11.150472], [122.555773, 11.150203], [122.554964, 11.150203], [122.554964, 11.150472], [122.553347, 11.150472], [122.553347, 11.150742], [122.552808, 11.150742], [122.552808, 11.151281], [122.552539, 11.151281], [122.552539, 11.152359], [122.552808, 11.152359], [122.552808, 11.153167], [122.55173, 11.153167], [122.55173, 11.152898], [122.551191, 11.152898], [122.551191, 11.152359], [122.550922, 11.152359], [122.550922, 11.15182], [122.550652, 11.15182], [122.550652, 11.15155], [122.550113, 11.15155], [122.550113, 11.15182], [122.549844, 11.15182], [122.549844, 11.152359], [122.549574, 11.152359], [122.549574, 11.153706], [122.550113, 11.153706], [122.550113, 11.154515], [122.549844, 11.154515], [122.549844, 11.154784], [122.549305, 11.154784], [122.549305, 11.155054], [122.548766, 11.155054], [122.548766, 11.155323], [122.547957, 11.155323], [122.547957, 11.155862], [122.548227, 11.155862], [122.548227, 11.156132], [122.548766, 11.156132], [122.548766, 11.15721], [122.548496, 11.15721], [122.548496, 11.157479], [122.549305, 11.157479], [122.549305, 11.157749], [122.549574, 11.157749], [122.549574, 11.158018], [122.549844, 11.158018], [122.549844, 11.158288], [122.550652, 11.158288], [122.550652, 11.158557], [122.551191, 11.158557], [122.551191, 11.158288], [122.551461, 11.158288], [122.551461, 11.157479], [122.550652, 11.157479], [122.550652, 11.15721], [122.550383, 11.15721], [122.550383, 11.156401], [122.550922, 11.156401]]], [[[122.683244, 10.824384], [122.683513, 10.824384], [122.683513, 10.824653], [122.683782, 10.824653], [122.683782, 10.824923], [122.68486, 10.824923], [122.68486, 10.824653], [122.685669, 10.824653], [122.685669, 10.824384], [122.685938, 10.824384], [122.685938, 10.823845], [122.686208, 10.823845], [122.686208, 10.823036], [122.685938, 10.823036], [122.685938, 10.822767], [122.685669, 10.822767], [122.685669, 10.822497], [122.685399, 10.822497], [122.685399, 10.821689], [122.685669, 10.821689], [122.685669, 10.82142], [122.685938, 10.82142], [122.685938, 10.820881], [122.686208, 10.820881], [122.686208, 10.820611], [122.685938, 10.820611], [122.685938, 10.820072], [122.685669, 10.820072], [122.685669, 10.819533], [122.685399, 10.819533], [122.685399, 10.819264], [122.68513, 10.819264], [122.68513, 10.817108], [122.685399, 10.817108], [122.685399, 10.816299], [122.685669, 10.816299], [122.685669, 10.81603], [122.685938, 10.81603], [122.685938, 10.815491], [122.685669, 10.815491], [122.685669, 10.814413], [122.685399, 10.814413], [122.685399, 10.813874], [122.68513, 10.813874], [122.68513, 10.813604], [122.684321, 10.813604], [122.684321, 10.814143], [122.683782, 10.814143], [122.683782, 10.814952], [122.683513, 10.814952], [122.683513, 10.815491], [122.683244, 10.815491], [122.683244, 10.816838], [122.682974, 10.816838], [122.682974, 10.818994], [122.683244, 10.818994], [122.683244, 10.82142], [122.682974, 10.82142], [122.682974, 10.822767], [122.683244, 10.822767], [122.683244, 10.824384]]], [[[122.697257, 10.923558], [122.697257, 10.923019], [122.696179, 10.923019], [122.696179, 10.923288], [122.69591, 10.923288], [122.69591, 10.923558], [122.695371, 10.923558], [122.695371, 10.923288], [122.695101, 10.923288], [122.695101, 10.92248], [122.695371, 10.92248], [122.695371, 10.921941], [122.69564, 10.921941], [122.69564, 10.921671], [122.696179, 10.921671], [122.696179, 10.921402], [122.696449, 10.921402], [122.696449, 10.921132], [122.697527, 10.921132], [122.697527, 10.920863], [122.698874, 10.920863], [122.698874, 10.920594], [122.699413, 10.920594], [122.699413, 10.920324], [122.700761, 10.920324], [122.700761, 10.920594], [122.701569, 10.920594], [122.701569, 10.920324], [122.703186, 10.920324], [122.703186, 10.920055], [122.703725, 10.920055], [122.703725, 10.919785], [122.703995, 10.919785], [122.703995, 10.919246], [122.704534, 10.919246], [122.704534, 10.918977], [122.705073, 10.918977], [122.705073, 10.918707], [122.705881, 10.918707], [122.705881, 10.918438], [122.706151, 10.918438], [122.706151, 10.918168], [122.70642, 10.918168], [122.70642, 10.917899], [122.70669, 10.917899], [122.70669, 10.91736], [122.706959, 10.91736], [122.706959, 10.91709], [122.70669, 10.91709], [122.70669, 10.916821], [122.70642, 10.916821], [122.70642, 10.916551], [122.70669, 10.916551], [122.70669, 10.915743], [122.707768, 10.915743], [122.707768, 10.915473], [122.709115, 10.915473], [122.709115, 10.915204], [122.709384, 10.915204], [122.709384, 10.914934], [122.709654, 10.914934], [122.709654, 10.914665], [122.709923, 10.914665], [122.709923, 10.914126], [122.710193, 10.914126], [122.710193, 10.913587], [122.710462, 10.913587], [122.710462, 10.913317], [122.710732, 10.913317], [122.710732, 10.913048], [122.711001, 10.913048], [122.711001, 10.912778], [122.711271, 10.912778], [122.711271, 10.9117], [122.710732, 10.9117], [122.710732, 10.911431], [122.710193, 10.911431], [122.710193, 10.9117], [122.709923, 10.9117], [122.709923, 10.911431], [122.708845, 10.911431], [122.708845, 10.9117], [122.707768, 10.9117], [122.707768, 10.91197], [122.707229, 10.91197], [122.707229, 10.912239], [122.706959, 10.912239], [122.706959, 10.912778], [122.707229, 10.912778], [122.707229, 10.913048], [122.707768, 10.913048], [122.707768, 10.912778], [122.708576, 10.912778], [122.708576, 10.913048], [122.708845, 10.913048], [122.708845, 10.913587], [122.708576, 10.913587], [122.708576, 10.914395], [122.708307, 10.914395], [122.708307, 10.914665], [122.708037, 10.914665], [122.708037, 10.914934], [122.706959, 10.914934], [122.706959, 10.914665], [122.70669, 10.914665], [122.70669, 10.914395], [122.70642, 10.914395], [122.70642, 10.914126], [122.705881, 10.914126], [122.705881, 10.913856], [122.705612, 10.913856], [122.705612, 10.913317], [122.704534, 10.913317], [122.704534, 10.913587], [122.703995, 10.913587], [122.703995, 10.913856], [122.703725, 10.913856], [122.703725, 10.914126], [122.703456, 10.914126], [122.703456, 10.914395], [122.703186, 10.914395], [122.703186, 10.914665], [122.702917, 10.914665], [122.702917, 10.914934], [122.702647, 10.914934], [122.702647, 10.915204], [122.702378, 10.915204], [122.702378, 10.915473], [122.702647, 10.915473], [122.702647, 10.916012], [122.702917, 10.916012], [122.702917, 10.916282], [122.702378, 10.916282], [122.702378, 10.916821], [122.702917, 10.916821], [122.702917, 10.91736], [122.702647, 10.91736], [122.702647, 10.91709], [122.702108, 10.91709], [122.702108, 10.91736], [122.701569, 10.91736], [122.701569, 10.917629], [122.700761, 10.917629], [122.700761, 10.917899], [122.697257, 10.917899], [122.697257, 10.918168], [122.696988, 10.918168], [122.696988, 10.918438], [122.696718, 10.918438], [122.696718, 10.918707], [122.696449, 10.918707], [122.696449, 10.918977], [122.696179, 10.918977], [122.696179, 10.919246], [122.69564, 10.919246], [122.69564, 10.919785], [122.695101, 10.919785], [122.695101, 10.920055], [122.694832, 10.920055], [122.694832, 10.920594], [122.694562, 10.920594], [122.694562, 10.920863], [122.693754, 10.920863], [122.693754, 10.920594], [122.693484, 10.920594], [122.693484, 10.919785], [122.693754, 10.919785], [122.693754, 10.919516], [122.694293, 10.919516], [122.694293, 10.919246], [122.695101, 10.919246], [122.695101, 10.918707], [122.695371, 10.918707], [122.695371, 10.918438], [122.69564, 10.918438], [122.69564, 10.918168], [122.69591, 10.918168], [122.69591, 10.917899], [122.69564, 10.917899], [122.69564, 10.917629], [122.695101, 10.917629], [122.695101, 10.917899], [122.694562, 10.917899], [122.694562, 10.918168], [122.694023, 10.918168], [122.694023, 10.918438], [122.693754, 10.918438], [122.693754, 10.918707], [122.693484, 10.918707], [122.693484, 10.918977], [122.692945, 10.918977], [122.692945, 10.919516], [122.692676, 10.919516], [122.692676, 10.920324], [122.692945, 10.920324], [122.692945, 10.920594], [122.693215, 10.920594], [122.693215, 10.92221], [122.692945, 10.92221], [122.692945, 10.92248], [122.692676, 10.92248], [122.692676, 10.922749], [122.692406, 10.922749], [122.692406, 10.925983], [122.692676, 10.925983], [122.692676, 10.927061], [122.692945, 10.927061], [122.692945, 10.9276], [122.693484, 10.9276], [122.693484, 10.928409], [122.693754, 10.928409], [122.693754, 10.928678], [122.694023, 10.928678], [122.694023, 10.928948], [122.694293, 10.928948], [122.694293, 10.929217], [122.69591, 10.929217], [122.69591, 10.929487], [122.696179, 10.929487], [122.696179, 10.930565], [122.696449, 10.930565], [122.696449, 10.930834], [122.696718, 10.930834], [122.696718, 10.931104], [122.696988, 10.931104], [122.696988, 10.930834], [122.697257, 10.930834], [122.697257, 10.930565], [122.697527, 10.930565], [122.697527, 10.930026], [122.697796, 10.930026], [122.697796, 10.928678], [122.698874, 10.928678], [122.698874, 10.928948], [122.699144, 10.928948], [122.699144, 10.929217], [122.699413, 10.929217], [122.699413, 10.929487], [122.699683, 10.929487], [122.699683, 10.929217], [122.699952, 10.929217], [122.699952, 10.928948], [122.700222, 10.928948], [122.700222, 10.928139], [122.699952, 10.928139], [122.699952, 10.92787], [122.700222, 10.92787], [122.700222, 10.9276], [122.700491, 10.9276], [122.700491, 10.92787], [122.700761, 10.92787], [122.700761, 10.928139], [122.70103, 10.928139], [122.70103, 10.928409], [122.7013, 10.928409], [122.7013, 10.929756], [122.702378, 10.929756], [122.702378, 10.928678], [122.702647, 10.928678], [122.702647, 10.928409], [122.702917, 10.928409], [122.702917, 10.928139], [122.703186, 10.928139], [122.703186, 10.92787], [122.703456, 10.92787], [122.703456, 10.926792], [122.703725, 10.926792], [122.703725, 10.925714], [122.703995, 10.925714], [122.703995, 10.924636], [122.704264, 10.924636], [122.704264, 10.924366], [122.704534, 10.924366], [122.704534, 10.924097], [122.704803, 10.924097], [122.704803, 10.923558], [122.705073, 10.923558], [122.705073, 10.923288], [122.705342, 10.923288], [122.705342, 10.920594], [122.704534, 10.920594], [122.704534, 10.921132], [122.704264, 10.921132], [122.704264, 10.921402], [122.703995, 10.921402], [122.703995, 10.92248], [122.703725, 10.92248], [122.703725, 10.922749], [122.703456, 10.922749], [122.703456, 10.923019], [122.703186, 10.923019], [122.703186, 10.923288], [122.702917, 10.923288], [122.702917, 10.924097], [122.702647, 10.924097], [122.702647, 10.924366], [122.702108, 10.924366], [122.702108, 10.924636], [122.7013, 10.924636], [122.7013, 10.923288], [122.70103, 10.923288], [122.70103, 10.923019], [122.700761, 10.923019], [122.700761, 10.923288], [122.700222, 10.923288], [122.700222, 10.923558], [122.699683, 10.923558], [122.699683, 10.923827], [122.698335, 10.923827], [122.698335, 10.924097], [122.698605, 10.924097], [122.698605, 10.924366], [122.698874, 10.924366], [122.698874, 10.924636], [122.699413, 10.924636], [122.699413, 10.924905], [122.699144, 10.924905], [122.699144, 10.925175], [122.698874, 10.925175], [122.698874, 10.925444], [122.697796, 10.925444], [122.697796, 10.925175], [122.697527, 10.925175], [122.697527, 10.924636], [122.697796, 10.924636], [122.697796, 10.924366], [122.697527, 10.924366], [122.697527, 10.923558], [122.697257, 10.923558]]], [[[122.585956, 11.015456], [122.585686, 11.015456], [122.585686, 11.015186], [122.585417, 11.015186], [122.585417, 11.015725], [122.585147, 11.015725], [122.585147, 11.015456], [122.584608, 11.015456], [122.584608, 11.015725], [122.584339, 11.015725], [122.584339, 11.015456], [122.5838, 11.015456], [122.5838, 11.015725], [122.583261, 11.015725], [122.583261, 11.015456], [122.581644, 11.015456], [122.581644, 11.015186], [122.581105, 11.015186], [122.581105, 11.014108], [122.580297, 11.014108], [122.580297, 11.014378], [122.579758, 11.014378], [122.579758, 11.014647], [122.579219, 11.014647], [122.579219, 11.014378], [122.57868, 11.014378], [122.57868, 11.014108], [122.57841, 11.014108], [122.57841, 11.013839], [122.578141, 11.013839], [122.578141, 11.013569], [122.577332, 11.013569], [122.577332, 11.014108], [122.577063, 11.014108], [122.577063, 11.013839], [122.576524, 11.013839], [122.576524, 11.014108], [122.576793, 11.014108], [122.576793, 11.014378], [122.577063, 11.014378], [122.577063, 11.015186], [122.577332, 11.015186], [122.577332, 11.015725], [122.577602, 11.015725], [122.577602, 11.016803], [122.577332, 11.016803], [122.577332, 11.017073], [122.577602, 11.017073], [122.577602, 11.017342], [122.577332, 11.017342], [122.577332, 11.017881], [122.578141, 11.017881], [122.578141, 11.018151], [122.581644, 11.018151], [122.581644, 11.017881], [122.581914, 11.017881], [122.581914, 11.017612], [122.582183, 11.017612], [122.582183, 11.017342], [122.581914, 11.017342], [122.581914, 11.016803], [122.582453, 11.016803], [122.582453, 11.016534], [122.582722, 11.016534], [122.582722, 11.016803], [122.582992, 11.016803], [122.582992, 11.016534], [122.585147, 11.016534], [122.585147, 11.016264], [122.585686, 11.016264], [122.585686, 11.016534], [122.585956, 11.016534], [122.585956, 11.016264], [122.587303, 11.016264], [122.587303, 11.015995], [122.589729, 11.015995], [122.589729, 11.016264], [122.590537, 11.016264], [122.590537, 11.015725], [122.589998, 11.015725], [122.589998, 11.015456], [122.589729, 11.015456], [122.589729, 11.015186], [122.588381, 11.015186], [122.588381, 11.015725], [122.588112, 11.015725], [122.588112, 11.015456], [122.587842, 11.015456], [122.587842, 11.015725], [122.587573, 11.015725], [122.587573, 11.015456], [122.587303, 11.015456], [122.587303, 11.015725], [122.586764, 11.015725], [122.586764, 11.015456], [122.586495, 11.015456], [122.586495, 11.015186], [122.585956, 11.015186], [122.585956, 11.015456]]], [[[122.657642, 11.048873], [122.657642, 11.049142], [122.657372, 11.049142], [122.657372, 11.049412], [122.657103, 11.049412], [122.657103, 11.049951], [122.656294, 11.049951], [122.656294, 11.049681], [122.655755, 11.049681], [122.655755, 11.050759], [122.656025, 11.050759], [122.656025, 11.051029], [122.657103, 11.051029], [122.657103, 11.051298], [122.657911, 11.051298], [122.657911, 11.051837], [122.65845, 11.051837], [122.65845, 11.052107], [122.658989, 11.052107], [122.658989, 11.052376], [122.659258, 11.052376], [122.659258, 11.052646], [122.659528, 11.052646], [122.659528, 11.052915], [122.660067, 11.052915], [122.660067, 11.053185], [122.660336, 11.053185], [122.660336, 11.053454], [122.660606, 11.053454], [122.660606, 11.053724], [122.660875, 11.053724], [122.660875, 11.053993], [122.661145, 11.053993], [122.661145, 11.054532], [122.661414, 11.054532], [122.661414, 11.055071], [122.661684, 11.055071], [122.661684, 11.055341], [122.661953, 11.055341], [122.661953, 11.05561], [122.662223, 11.05561], [122.662223, 11.056149], [122.662492, 11.056149], [122.662492, 11.056958], [122.663301, 11.056958], [122.663301, 11.057227], [122.66357, 11.057227], [122.66357, 11.057766], [122.66384, 11.057766], [122.66384, 11.058575], [122.664109, 11.058575], [122.664109, 11.058844], [122.664918, 11.058844], [122.664918, 11.059114], [122.665457, 11.059114], [122.665457, 11.059383], [122.665996, 11.059383], [122.665996, 11.059653], [122.666535, 11.059653], [122.666535, 11.059922], [122.667074, 11.059922], [122.667074, 11.060192], [122.667343, 11.060192], [122.667343, 11.060461], [122.667882, 11.060461], [122.667882, 11.060731], [122.668421, 11.060731], [122.668421, 11.061], [122.66896, 11.061], [122.66896, 11.06127], [122.669769, 11.06127], [122.669769, 11.061539], [122.671925, 11.061539], [122.671925, 11.061809], [122.672194, 11.061809], [122.672194, 11.061539], [122.672733, 11.061539], [122.672733, 11.061], [122.672464, 11.061], [122.672464, 11.060731], [122.672194, 11.060731], [122.672194, 11.060461], [122.671925, 11.060461], [122.671925, 11.060192], [122.671655, 11.060192], [122.671655, 11.059922], [122.671386, 11.059922], [122.671386, 11.059114], [122.670577, 11.059114], [122.670577, 11.058844], [122.670847, 11.058844], [122.670847, 11.058575], [122.670577, 11.058575], [122.670577, 11.058305], [122.670038, 11.058305], [122.670038, 11.058036], [122.66923, 11.058036], [122.66923, 11.057766], [122.668691, 11.057766], [122.668691, 11.057227], [122.669769, 11.057227], [122.669769, 11.057497], [122.670038, 11.057497], [122.670038, 11.057766], [122.671116, 11.057766], [122.671116, 11.058036], [122.672464, 11.058036], [122.672464, 11.058305], [122.672733, 11.058305], [122.672733, 11.058575], [122.673272, 11.058575], [122.673272, 11.058844], [122.673542, 11.058844], [122.673542, 11.059114], [122.673811, 11.059114], [122.673811, 11.058844], [122.674081, 11.058844], [122.674081, 11.058575], [122.67462, 11.058575], [122.67462, 11.058844], [122.675159, 11.058844], [122.675159, 11.059114], [122.675698, 11.059114], [122.675698, 11.059383], [122.675967, 11.059383], [122.675967, 11.060192], [122.675159, 11.060192], [122.675159, 11.059922], [122.67462, 11.059922], [122.67462, 11.059653], [122.674081, 11.059653], [122.674081, 11.059383], [122.673811, 11.059383], [122.673811, 11.060461], [122.674081, 11.060461], [122.674081, 11.060731], [122.67435, 11.060731], [122.67435, 11.061], [122.67462, 11.061], [122.67462, 11.06127], [122.675967, 11.06127], [122.675967, 11.061], [122.676506, 11.061], [122.676506, 11.060731], [122.676776, 11.060731], [122.676776, 11.060461], [122.677315, 11.060461], [122.677315, 11.059922], [122.677045, 11.059922], [122.677045, 11.059383], [122.677315, 11.059383], [122.677315, 11.058844], [122.678393, 11.058844], [122.678393, 11.059114], [122.678662, 11.059114], [122.678662, 11.059383], [122.679201, 11.059383], [122.679201, 11.059653], [122.682166, 11.059653], [122.682166, 11.059922], [122.682705, 11.059922], [122.682705, 11.060731], [122.682166, 11.060731], [122.682166, 11.061539], [122.682705, 11.061539], [122.682705, 11.061809], [122.682974, 11.061809], [122.682974, 11.061539], [122.684052, 11.061539], [122.684052, 11.06127], [122.684321, 11.06127], [122.684321, 11.059114], [122.684591, 11.059114], [122.684591, 11.058575], [122.68513, 11.058575], [122.68513, 11.058305], [122.686208, 11.058305], [122.686208, 11.058575], [122.686477, 11.058575], [122.686477, 11.058305], [122.687286, 11.058305], [122.687286, 11.058036], [122.687555, 11.058036], [122.687555, 11.057766], [122.687825, 11.057766], [122.687825, 11.057497], [122.688094, 11.057497], [122.688094, 11.056958], [122.688364, 11.056958], [122.688364, 11.056419], [122.688633, 11.056419], [122.688633, 11.056149], [122.688903, 11.056149], [122.688903, 11.05588], [122.689172, 11.05588], [122.689172, 11.05561], [122.689442, 11.05561], [122.689442, 11.055341], [122.689711, 11.055341], [122.689711, 11.055071], [122.689981, 11.055071], [122.689981, 11.054802], [122.69052, 11.054802], [122.69052, 11.054532], [122.692137, 11.054532], [122.692137, 11.054263], [122.692406, 11.054263], [122.692406, 11.053993], [122.692945, 11.053993], [122.692945, 11.053724], [122.693754, 11.053724], [122.693754, 11.053454], [122.694832, 11.053454], [122.694832, 11.053185], [122.696179, 11.053185], [122.696179, 11.052915], [122.696449, 11.052915], [122.696449, 11.052646], [122.696718, 11.052646], [122.696718, 11.052376], [122.696988, 11.052376], [122.696988, 11.052107], [122.697257, 11.052107], [122.697257, 11.051837], [122.697527, 11.051837], [122.697527, 11.051568], [122.697796, 11.051568], [122.697796, 11.051298], [122.698066, 11.051298], [122.698066, 11.050759], [122.697796, 11.050759], [122.697796, 11.05049], [122.697257, 11.05049], [122.697257, 11.050759], [122.696988, 11.050759], [122.696988, 11.051029], [122.696718, 11.051029], [122.696718, 11.051298], [122.696449, 11.051298], [122.696449, 11.051568], [122.696179, 11.051568], [122.696179, 11.051837], [122.69564, 11.051837], [122.69564, 11.052107], [122.695101, 11.052107], [122.695101, 11.052376], [122.694562, 11.052376], [122.694562, 11.052107], [122.694023, 11.052107], [122.694023, 11.051837], [122.692137, 11.051837], [122.692137, 11.051568], [122.691598, 11.051568], [122.691598, 11.051298], [122.690789, 11.051298], [122.690789, 11.050759], [122.69052, 11.050759], [122.69052, 11.05022], [122.688364, 11.05022], [122.688364, 11.049951], [122.688094, 11.049951], [122.688094, 11.049681], [122.687825, 11.049681], [122.687825, 11.049142], [122.687555, 11.049142], [122.687555, 11.047525], [122.687286, 11.047525], [122.687286, 11.046447], [122.687555, 11.046447], [122.687555, 11.044831], [122.687016, 11.044831], [122.687016, 11.044561], [122.686747, 11.044561], [122.686747, 11.044292], [122.686477, 11.044292], [122.686477, 11.043753], [122.686208, 11.043753], [122.686208, 11.042675], [122.685938, 11.042675], [122.685938, 11.042405], [122.685669, 11.042405], [122.685669, 11.041866], [122.685399, 11.041866], [122.685399, 11.040249], [122.68513, 11.040249], [122.68513, 11.03998], [122.684052, 11.03998], [122.684052, 11.040249], [122.683782, 11.040249], [122.683782, 11.03998], [122.683244, 11.03998], [122.683244, 11.038363], [122.682974, 11.038363], [122.682974, 11.038093], [122.682705, 11.038093], [122.682705, 11.037824], [122.682435, 11.037824], [122.682435, 11.037554], [122.682166, 11.037554], [122.682166, 11.037285], [122.681896, 11.037285], [122.681896, 11.036746], [122.681088, 11.036746], [122.681088, 11.036476], [122.680549, 11.036476], [122.680549, 11.036207], [122.680279, 11.036207], [122.680279, 11.035668], [122.680549, 11.035668], [122.680549, 11.035398], [122.680818, 11.035398], [122.680818, 11.03459], [122.680549, 11.03459], [122.680549, 11.03432], [122.68001, 11.03432], [122.68001, 11.034051], [122.679471, 11.034051], [122.679471, 11.033781], [122.679201, 11.033781], [122.679201, 11.033512], [122.678662, 11.033512], [122.678662, 11.033242], [122.678393, 11.033242], [122.678393, 11.032703], [122.678123, 11.032703], [122.678123, 11.032434], [122.677584, 11.032434], [122.677584, 11.032164], [122.677315, 11.032164], [122.677315, 11.031895], [122.677045, 11.031895], [122.677045, 11.031356], [122.676776, 11.031356], [122.676776, 11.030008], [122.676506, 11.030008], [122.676506, 11.029739], [122.676237, 11.029739], [122.676237, 11.0292], [122.675967, 11.0292], [122.675967, 11.028661], [122.675698, 11.028661], [122.675698, 11.028122], [122.675159, 11.028122], [122.675159, 11.027852], [122.67435, 11.027852], [122.67435, 11.027583], [122.674081, 11.027583], [122.674081, 11.026774], [122.673811, 11.026774], [122.673811, 11.026505], [122.673542, 11.026505], [122.673542, 11.025966], [122.673272, 11.025966], [122.673272, 11.025427], [122.673003, 11.025427], [122.673003, 11.024888], [122.672733, 11.024888], [122.672733, 11.024618], [122.672194, 11.024618], [122.672194, 11.024349], [122.671655, 11.024349], [122.671655, 11.024079], [122.671116, 11.024079], [122.671116, 11.02381], [122.670577, 11.02381], [122.670577, 11.02354], [122.670308, 11.02354], [122.670308, 11.023271], [122.670038, 11.023271], [122.670038, 11.023001], [122.669769, 11.023001], [122.669769, 11.020037], [122.669499, 11.020037], [122.669499, 11.019768], [122.66923, 11.019768], [122.66923, 11.019498], [122.66896, 11.019498], [122.66896, 11.019229], [122.668421, 11.019229], [122.668421, 11.018959], [122.667882, 11.018959], [122.667882, 11.01869], [122.667613, 11.01869], [122.667613, 11.01842], [122.667074, 11.01842], [122.667074, 11.018151], [122.666804, 11.018151], [122.666804, 11.017881], [122.666535, 11.017881], [122.666535, 11.017612], [122.666265, 11.017612], [122.666265, 11.017342], [122.665726, 11.017342], [122.665726, 11.017073], [122.665187, 11.017073], [122.665187, 11.016803], [122.66384, 11.016803], [122.66384, 11.017073], [122.663301, 11.017073], [122.663301, 11.017342], [122.662762, 11.017342], [122.662762, 11.017612], [122.662492, 11.017612], [122.662492, 11.017881], [122.662223, 11.017881], [122.662223, 11.018151], [122.661953, 11.018151], [122.661953, 11.01842], [122.661684, 11.01842], [122.661684, 11.01869], [122.661414, 11.01869], [122.661414, 11.018959], [122.661145, 11.018959], [122.661145, 11.019229], [122.660875, 11.019229], [122.660875, 11.019768], [122.660606, 11.019768], [122.660606, 11.020037], [122.660336, 11.020037], [122.660336, 11.020845], [122.660067, 11.020845], [122.660067, 11.021654], [122.659797, 11.021654], [122.659797, 11.022193], [122.659528, 11.022193], [122.659528, 11.022462], [122.659258, 11.022462], [122.659258, 11.022732], [122.658989, 11.022732], [122.658989, 11.023001], [122.65872, 11.023001], [122.65872, 11.023271], [122.65845, 11.023271], [122.65845, 11.02354], [122.658181, 11.02354], [122.658181, 11.024079], [122.657911, 11.024079], [122.657911, 11.024349], [122.657642, 11.024349], [122.657642, 11.024888], [122.657372, 11.024888], [122.657372, 11.025427], [122.657103, 11.025427], [122.657103, 11.025696], [122.656833, 11.025696], [122.656833, 11.025966], [122.656564, 11.025966], [122.656564, 11.026505], [122.656294, 11.026505], [122.656294, 11.027044], [122.656025, 11.027044], [122.656025, 11.027852], [122.656294, 11.027852], [122.656294, 11.028391], [122.656564, 11.028391], [122.656564, 11.028661], [122.656833, 11.028661], [122.656833, 11.02893], [122.657103, 11.02893], [122.657103, 11.029739], [122.657372, 11.029739], [122.657372, 11.030817], [122.657642, 11.030817], [122.657642, 11.031086], [122.657372, 11.031086], [122.657372, 11.031356], [122.657103, 11.031356], [122.657103, 11.031625], [122.656294, 11.031625], [122.656294, 11.031895], [122.656025, 11.031895], [122.656025, 11.032164], [122.655755, 11.032164], [122.655755, 11.032434], [122.655486, 11.032434], [122.655486, 11.033242], [122.655755, 11.033242], [122.655755, 11.033512], [122.656564, 11.033512], [122.656564, 11.034051], [122.656294, 11.034051], [122.656294, 11.03432], [122.656025, 11.03432], [122.656025, 11.03459], [122.655755, 11.03459], [122.655755, 11.034859], [122.655486, 11.034859], [122.655486, 11.035129], [122.655216, 11.035129], [122.655216, 11.035668], [122.654947, 11.035668], [122.654947, 11.036207], [122.653599, 11.036207], [122.653599, 11.036476], [122.65306, 11.036476], [122.65306, 11.037015], [122.652791, 11.037015], [122.652791, 11.037554], [122.65306, 11.037554], [122.65306, 11.037824], [122.65333, 11.037824], [122.65333, 11.038093], [122.654408, 11.038093], [122.654408, 11.038363], [122.655216, 11.038363], [122.655216, 11.038093], [122.655755, 11.038093], [122.655755, 11.038363], [122.656025, 11.038363], [122.656025, 11.038632], [122.656294, 11.038632], [122.656294, 11.03971], [122.656025, 11.03971], [122.656025, 11.03998], [122.654408, 11.03998], [122.654408, 11.040249], [122.654138, 11.040249], [122.654138, 11.040519], [122.653869, 11.040519], [122.653869, 11.041058], [122.653599, 11.041058], [122.653599, 11.043753], [122.653869, 11.043753], [122.653869, 11.044292], [122.654138, 11.044292], [122.654138, 11.044561], [122.654408, 11.044561], [122.654408, 11.044831], [122.654947, 11.044831], [122.654947, 11.0451], [122.655216, 11.0451], [122.655216, 11.04537], [122.655486, 11.04537], [122.655486, 11.046717], [122.655216, 11.046717], [122.655216, 11.047256], [122.655486, 11.047256], [122.655486, 11.046986], [122.657103, 11.046986], [122.657103, 11.046717], [122.657372, 11.046717], [122.657372, 11.046447], [122.658181, 11.046447], [122.658181, 11.046717], [122.65872, 11.046717], [122.65872, 11.046986], [122.658989, 11.046986], [122.658989, 11.048873], [122.65872, 11.048873], [122.65872, 11.049142], [122.65845, 11.049142], [122.65845, 11.048873], [122.657642, 11.048873]]], [[[122.69025, 11.059114], [122.69052, 11.059114], [122.69052, 11.059383], [122.690789, 11.059383], [122.690789, 11.059653], [122.691059, 11.059653], [122.691059, 11.059922], [122.691867, 11.059922], [122.691867, 11.060192], [122.692406, 11.060192], [122.692406, 11.060461], [122.692945, 11.060461], [122.692945, 11.060731], [122.693754, 11.060731], [122.693754, 11.061], [122.694293, 11.061], [122.694293, 11.06127], [122.694832, 11.06127], [122.694832, 11.061539], [122.695371, 11.061539], [122.695371, 11.061809], [122.697257, 11.061809], [122.697257, 11.062078], [122.698874, 11.062078], [122.698874, 11.061809], [122.699144, 11.061809], [122.699144, 11.061539], [122.699413, 11.061539], [122.699413, 11.06127], [122.699683, 11.06127], [122.699683, 11.059653], [122.699413, 11.059653], [122.699413, 11.059114], [122.698874, 11.059114], [122.698874, 11.058844], [122.698335, 11.058844], [122.698335, 11.058575], [122.697796, 11.058575], [122.697796, 11.058305], [122.697527, 11.058305], [122.697527, 11.058036], [122.697257, 11.058036], [122.697257, 11.057497], [122.696988, 11.057497], [122.696988, 11.057227], [122.697257, 11.057227], [122.697257, 11.056958], [122.697527, 11.056958], [122.697527, 11.056688], [122.698066, 11.056688], [122.698066, 11.056419], [122.698335, 11.056419], [122.698335, 11.056149], [122.697796, 11.056149], [122.697796, 11.05588], [122.697527, 11.05588], [122.697527, 11.05561], [122.697257, 11.05561], [122.697257, 11.055341], [122.696449, 11.055341], [122.696449, 11.055071], [122.695101, 11.055071], [122.695101, 11.05561], [122.694832, 11.05561], [122.694832, 11.05588], [122.693484, 11.05588], [122.693484, 11.05561], [122.692137, 11.05561], [122.692137, 11.05588], [122.691598, 11.05588], [122.691598, 11.056149], [122.691059, 11.056149], [122.691059, 11.056419], [122.690789, 11.056419], [122.690789, 11.056688], [122.69052, 11.056688], [122.69052, 11.057227], [122.69025, 11.057227], [122.69025, 11.059114]]], [[[122.714774, 11.072858], [122.714774, 11.073127], [122.713966, 11.073127], [122.713966, 11.072858], [122.712888, 11.072858], [122.712888, 11.073127], [122.712618, 11.073127], [122.712618, 11.073397], [122.712079, 11.073397], [122.712079, 11.073666], [122.71181, 11.073666], [122.71181, 11.073936], [122.71154, 11.073936], [122.71154, 11.076092], [122.710732, 11.076092], [122.710732, 11.076361], [122.710462, 11.076361], [122.710462, 11.076631], [122.710193, 11.076631], [122.710193, 11.077709], [122.709923, 11.077709], [122.709923, 11.078248], [122.709654, 11.078248], [122.709654, 11.079056], [122.709923, 11.079056], [122.709923, 11.079326], [122.710462, 11.079326], [122.710462, 11.079056], [122.711001, 11.079056], [122.711001, 11.077978], [122.711271, 11.077978], [122.711271, 11.07717], [122.712079, 11.07717], [122.712079, 11.0769], [122.712349, 11.0769], [122.712349, 11.076361], [122.712618, 11.076361], [122.712618, 11.076092], [122.712888, 11.076092], [122.712888, 11.075822], [122.713696, 11.075822], [122.713696, 11.076361], [122.713966, 11.076361], [122.713966, 11.0769], [122.713696, 11.0769], [122.713696, 11.077709], [122.713427, 11.077709], [122.713427, 11.077978], [122.712888, 11.077978], [122.712888, 11.078248], [122.712349, 11.078248], [122.712349, 11.078517], [122.712079, 11.078517], [122.712079, 11.078787], [122.71181, 11.078787], [122.71181, 11.079326], [122.712079, 11.079326], [122.712079, 11.079595], [122.712349, 11.079595], [122.712349, 11.079865], [122.712618, 11.079865], [122.712618, 11.080134], [122.712349, 11.080134], [122.712349, 11.080673], [122.712079, 11.080673], [122.712079, 11.081482], [122.712349, 11.081482], [122.712349, 11.081751], [122.712618, 11.081751], [122.712618, 11.082021], [122.713427, 11.082021], [122.713427, 11.08229], [122.715044, 11.08229], [122.715044, 11.081482], [122.714774, 11.081482], [122.714774, 11.080943], [122.715313, 11.080943], [122.715313, 11.080673], [122.715583, 11.080673], [122.715583, 11.080404], [122.715852, 11.080404], [122.715852, 11.080134], [122.716122, 11.080134], [122.716122, 11.078517], [122.715852, 11.078517], [122.715852, 11.0769], [122.716122, 11.0769], [122.716122, 11.076631], [122.715852, 11.076631], [122.715852, 11.076092], [122.716122, 11.076092], [122.716122, 11.075553], [122.715313, 11.075553], [122.715313, 11.076092], [122.715044, 11.076092], [122.715044, 11.075553], [122.714774, 11.075553], [122.714774, 11.075014], [122.715313, 11.075014], [122.715313, 11.074744], [122.716122, 11.074744], [122.716122, 11.074475], [122.716391, 11.074475], [122.716391, 11.074205], [122.716661, 11.074205], [122.716661, 11.073397], [122.716391, 11.073397], [122.716391, 11.073127], [122.716122, 11.073127], [122.716122, 11.072858], [122.715583, 11.072858], [122.715583, 11.072588], [122.715313, 11.072588], [122.715313, 11.072858], [122.714774, 11.072858]]], [[[122.651443, 11.090645], [122.651443, 11.090914], [122.652521, 11.090914], [122.652521, 11.091184], [122.65333, 11.091184], [122.65333, 11.091453], [122.653869, 11.091453], [122.653869, 11.091723], [122.654408, 11.091723], [122.654408, 11.091992], [122.654947, 11.091992], [122.654947, 11.092262], [122.656294, 11.092262], [122.656294, 11.091992], [122.656833, 11.091992], [122.656833, 11.091723], [122.657103, 11.091723], [122.657103, 11.091453], [122.657911, 11.091453], [122.657911, 11.091184], [122.65845, 11.091184], [122.65845, 11.090914], [122.658989, 11.090914], [122.658989, 11.090645], [122.660875, 11.090645], [122.660875, 11.090914], [122.661414, 11.090914], [122.661414, 11.091184], [122.663301, 11.091184], [122.663301, 11.090914], [122.66384, 11.090914], [122.66384, 11.090645], [122.664379, 11.090645], [122.664379, 11.090375], [122.664648, 11.090375], [122.664648, 11.090106], [122.664109, 11.090106], [122.664109, 11.089836], [122.661414, 11.089836], [122.661414, 11.090106], [122.660067, 11.090106], [122.660067, 11.089836], [122.657911, 11.089836], [122.657911, 11.090106], [122.657372, 11.090106], [122.657372, 11.090375], [122.656833, 11.090375], [122.656833, 11.090645], [122.656294, 11.090645], [122.656294, 11.090375], [122.655755, 11.090375], [122.655755, 11.090106], [122.655216, 11.090106], [122.655216, 11.089836], [122.654677, 11.089836], [122.654677, 11.089567], [122.654138, 11.089567], [122.654138, 11.089028], [122.653869, 11.089028], [122.653869, 11.088489], [122.65306, 11.088489], [122.65306, 11.088758], [122.652791, 11.088758], [122.652791, 11.089028], [122.652252, 11.089028], [122.652252, 11.088758], [122.651982, 11.088758], [122.651982, 11.088489], [122.651713, 11.088489], [122.651713, 11.088219], [122.651443, 11.088219], [122.651443, 11.08795], [122.650904, 11.08795], [122.650904, 11.088219], [122.650096, 11.088219], [122.650096, 11.088489], [122.649826, 11.088489], [122.649826, 11.088758], [122.649557, 11.088758], [122.649557, 11.089028], [122.649287, 11.089028], [122.649287, 11.089297], [122.648748, 11.089297], [122.648748, 11.090106], [122.649018, 11.090106], [122.649018, 11.090375], [122.650365, 11.090375], [122.650365, 11.090645], [122.651443, 11.090645]]], [[[122.728249, 11.09307], [122.728249, 11.093609], [122.728519, 11.093609], [122.728519, 11.094148], [122.728788, 11.094148], [122.728788, 11.094418], [122.729597, 11.094418], [122.729597, 11.094687], [122.729866, 11.094687], [122.729866, 11.095495], [122.730136, 11.095495], [122.730136, 11.096034], [122.730405, 11.096034], [122.730405, 11.096304], [122.731753, 11.096304], [122.731753, 11.096034], [122.732831, 11.096034], [122.732831, 11.096304], [122.7331, 11.096304], [122.7331, 11.096843], [122.73337, 11.096843], [122.73337, 11.097112], [122.733639, 11.097112], [122.733639, 11.097382], [122.733908, 11.097382], [122.733908, 11.097651], [122.734178, 11.097651], [122.734178, 11.097921], [122.734447, 11.097921], [122.734447, 11.09819], [122.735525, 11.09819], [122.735525, 11.097921], [122.736603, 11.097921], [122.736603, 11.097651], [122.736873, 11.097651], [122.736873, 11.097382], [122.737142, 11.097382], [122.737142, 11.095495], [122.737412, 11.095495], [122.737412, 11.095226], [122.737681, 11.095226], [122.737681, 11.094957], [122.737951, 11.094957], [122.737951, 11.093879], [122.737681, 11.093879], [122.737681, 11.09307], [122.737951, 11.09307], [122.737951, 11.092801], [122.73849, 11.092801], [122.73849, 11.092531], [122.738759, 11.092531], [122.738759, 11.091992], [122.73849, 11.091992], [122.73849, 11.091453], [122.73822, 11.091453], [122.73822, 11.091184], [122.737681, 11.091184], [122.737681, 11.090914], [122.736873, 11.090914], [122.736873, 11.091184], [122.736603, 11.091184], [122.736603, 11.091992], [122.736334, 11.091992], [122.736334, 11.092262], [122.736064, 11.092262], [122.736064, 11.092531], [122.735795, 11.092531], [122.735795, 11.092801], [122.729597, 11.092801], [122.729597, 11.092531], [122.729327, 11.092531], [122.729327, 11.092801], [122.728519, 11.092801], [122.728519, 11.09307], [122.728249, 11.09307]]], [[[122.71693, 11.097651], [122.71693, 11.09819], [122.7172, 11.09819], [122.7172, 11.09846], [122.717469, 11.09846], [122.717469, 11.098729], [122.718008, 11.098729], [122.718008, 11.09846], [122.718278, 11.09846], [122.718278, 11.09819], [122.718817, 11.09819], [122.718817, 11.09846], [122.719086, 11.09846], [122.719086, 11.098729], [122.719356, 11.098729], [122.719356, 11.099268], [122.719895, 11.099268], [122.719895, 11.099538], [122.720434, 11.099538], [122.720434, 11.099807], [122.720973, 11.099807], [122.720973, 11.100616], [122.720164, 11.100616], [122.720164, 11.100885], [122.719895, 11.100885], [122.719895, 11.101424], [122.719625, 11.101424], [122.719625, 11.101694], [122.719895, 11.101694], [122.719895, 11.102233], [122.720164, 11.102233], [122.720164, 11.102502], [122.720434, 11.102502], [122.720434, 11.102772], [122.720703, 11.102772], [122.720703, 11.103041], [122.72259, 11.103041], [122.72259, 11.103311], [122.723129, 11.103311], [122.723129, 11.104119], [122.723398, 11.104119], [122.723398, 11.104389], [122.723668, 11.104389], [122.723668, 11.104928], [122.723937, 11.104928], [122.723937, 11.105197], [122.724207, 11.105197], [122.724207, 11.105736], [122.724476, 11.105736], [122.724476, 11.106814], [122.723937, 11.106814], [122.723937, 11.107084], [122.723129, 11.107084], [122.723129, 11.107353], [122.72259, 11.107353], [122.72259, 11.107623], [122.722051, 11.107623], [122.722051, 11.108162], [122.721781, 11.108162], [122.721781, 11.108431], [122.722051, 11.108431], [122.722051, 11.10897], [122.72232, 11.10897], [122.72232, 11.109509], [122.72259, 11.109509], [122.72259, 11.110318], [122.722859, 11.110318], [122.722859, 11.110587], [122.723129, 11.110587], [122.723129, 11.111396], [122.723398, 11.111396], [122.723398, 11.111935], [122.723668, 11.111935], [122.723668, 11.112204], [122.724207, 11.112204], [122.724207, 11.111935], [122.724746, 11.111935], [122.724746, 11.111665], [122.725015, 11.111665], [122.725015, 11.111396], [122.725285, 11.111396], [122.725285, 11.111126], [122.725824, 11.111126], [122.725824, 11.110857], [122.726363, 11.110857], [122.726363, 11.110318], [122.726632, 11.110318], [122.726632, 11.109509], [122.726902, 11.109509], [122.726902, 11.10924], [122.727441, 11.10924], [122.727441, 11.109509], [122.728249, 11.109509], [122.728249, 11.109779], [122.728519, 11.109779], [122.728519, 11.110048], [122.728788, 11.110048], [122.728788, 11.110318], [122.728519, 11.110318], [122.728519, 11.110587], [122.728249, 11.110587], [122.728249, 11.110857], [122.72798, 11.110857], [122.72798, 11.111126], [122.727441, 11.111126], [122.727441, 11.111396], [122.727171, 11.111396], [122.727171, 11.111665], [122.726902, 11.111665], [122.726902, 11.111935], [122.726632, 11.111935], [122.726632, 11.112743], [122.726363, 11.112743], [122.726363, 11.113282], [122.726093, 11.113282], [122.726093, 11.113552], [122.725824, 11.113552], [122.725824, 11.113821], [122.725554, 11.113821], [122.725554, 11.115169], [122.725285, 11.115169], [122.725285, 11.115708], [122.724746, 11.115708], [122.724746, 11.116247], [122.724476, 11.116247], [122.724476, 11.117055], [122.724207, 11.117055], [122.724207, 11.117325], [122.723937, 11.117325], [122.723937, 11.117594], [122.723668, 11.117594], [122.723668, 11.117864], [122.723398, 11.117864], [122.723398, 11.118672], [122.723668, 11.118672], [122.723668, 11.119211], [122.725554, 11.119211], [122.725554, 11.118942], [122.726093, 11.118942], [122.726093, 11.118672], [122.726363, 11.118672], [122.726363, 11.118133], [122.726632, 11.118133], [122.726632, 11.117325], [122.726902, 11.117325], [122.726902, 11.117055], [122.727171, 11.117055], [122.727171, 11.116786], [122.728249, 11.116786], [122.728249, 11.116516], [122.729058, 11.116516], [122.729058, 11.116247], [122.729327, 11.116247], [122.729327, 11.115977], [122.729597, 11.115977], [122.729597, 11.115438], [122.729866, 11.115438], [122.729866, 11.114899], [122.730136, 11.114899], [122.730136, 11.11436], [122.730405, 11.11436], [122.730405, 11.113821], [122.730675, 11.113821], [122.730675, 11.113552], [122.730944, 11.113552], [122.730944, 11.113282], [122.731214, 11.113282], [122.731214, 11.113013], [122.731483, 11.113013], [122.731483, 11.112474], [122.731753, 11.112474], [122.731753, 11.110587], [122.732022, 11.110587], [122.732022, 11.110318], [122.732292, 11.110318], [122.732292, 11.110587], [122.732831, 11.110587], [122.732831, 11.110857], [122.7331, 11.110857], [122.7331, 11.111126], [122.734717, 11.111126], [122.734717, 11.110857], [122.734986, 11.110857], [122.734986, 11.110318], [122.735256, 11.110318], [122.735256, 11.110048], [122.734986, 11.110048], [122.734986, 11.109779], [122.734717, 11.109779], [122.734717, 11.109509], [122.734447, 11.109509], [122.734447, 11.10924], [122.734178, 11.10924], [122.734178, 11.10897], [122.733908, 11.10897], [122.733908, 11.108431], [122.733639, 11.108431], [122.733639, 11.107623], [122.73337, 11.107623], [122.73337, 11.107353], [122.7331, 11.107353], [122.7331, 11.107084], [122.732292, 11.107084], [122.732292, 11.106814], [122.731483, 11.106814], [122.731483, 11.106275], [122.730944, 11.106275], [122.730944, 11.106006], [122.730675, 11.106006], [122.730675, 11.105467], [122.729866, 11.105467], [122.729866, 11.105197], [122.729597, 11.105197], [122.729597, 11.105467], [122.729327, 11.105467], [122.729327, 11.105736], [122.729058, 11.105736], [122.729058, 11.106006], [122.728249, 11.106006], [122.728249, 11.10385], [122.72798, 11.10385], [122.72798, 11.103311], [122.727441, 11.103311], [122.727441, 11.103041], [122.723937, 11.103041], [122.723937, 11.102502], [122.724207, 11.102502], [122.724207, 11.100616], [122.724746, 11.100616], [122.724746, 11.100346], [122.725285, 11.100346], [122.725285, 11.100077], [122.725554, 11.100077], [122.725554, 11.099268], [122.725285, 11.099268], [122.725285, 11.098729], [122.725015, 11.098729], [122.725015, 11.09846], [122.724746, 11.09846], [122.724746, 11.097921], [122.724476, 11.097921], [122.724476, 11.097651], [122.724207, 11.097651], [122.724207, 11.097382], [122.723129, 11.097382], [122.723129, 11.097112], [122.722859, 11.097112], [122.722859, 11.096843], [122.72259, 11.096843], [122.72259, 11.096573], [122.72232, 11.096573], [122.72232, 11.096304], [122.721512, 11.096304], [122.721512, 11.096034], [122.721242, 11.096034], [122.721242, 11.096304], [122.720703, 11.096304], [122.720703, 11.096573], [122.720434, 11.096573], [122.720434, 11.097112], [122.720164, 11.097112], [122.720164, 11.097382], [122.719895, 11.097382], [122.719895, 11.097651], [122.719625, 11.097651], [122.719625, 11.097921], [122.719086, 11.097921], [122.719086, 11.094687], [122.718817, 11.094687], [122.718817, 11.094148], [122.718547, 11.094148], [122.718547, 11.092801], [122.7172, 11.092801], [122.7172, 11.09307], [122.716122, 11.09307], [122.716122, 11.09334], [122.715852, 11.09334], [122.715852, 11.093609], [122.715583, 11.093609], [122.715583, 11.095495], [122.715852, 11.095495], [122.715852, 11.096573], [122.716122, 11.096573], [122.716122, 11.097112], [122.716391, 11.097112], [122.716391, 11.097382], [122.716661, 11.097382], [122.716661, 11.097651], [122.71693, 11.097651]]], [[[122.707498, 11.158018], [122.707768, 11.158018], [122.707768, 11.158288], [122.708307, 11.158288], [122.708307, 11.158557], [122.708576, 11.158557], [122.708576, 11.158827], [122.708307, 11.158827], [122.708307, 11.159366], [122.707229, 11.159366], [122.707229, 11.159635], [122.706959, 11.159635], [122.706959, 11.160174], [122.70669, 11.160174], [122.70669, 11.160444], [122.70642, 11.160444], [122.70642, 11.160713], [122.705342, 11.160713], [122.705342, 11.160444], [122.705073, 11.160444], [122.705073, 11.160174], [122.704534, 11.160174], [122.704534, 11.159905], [122.704264, 11.159905], [122.704264, 11.159635], [122.703995, 11.159635], [122.703995, 11.159366], [122.703725, 11.159366], [122.703725, 11.159096], [122.702378, 11.159096], [122.702378, 11.159366], [122.702108, 11.159366], [122.702108, 11.159905], [122.701839, 11.159905], [122.701839, 11.160983], [122.7013, 11.160983], [122.7013, 11.161252], [122.70103, 11.161252], [122.70103, 11.161522], [122.700491, 11.161522], [122.700491, 11.161791], [122.700222, 11.161791], [122.700222, 11.16233], [122.699952, 11.16233], [122.699952, 11.163408], [122.700222, 11.163408], [122.700222, 11.164217], [122.700491, 11.164217], [122.700491, 11.164486], [122.7013, 11.164486], [122.7013, 11.164217], [122.704264, 11.164217], [122.704264, 11.164486], [122.705881, 11.164486], [122.705881, 11.163947], [122.706151, 11.163947], [122.706151, 11.163678], [122.70642, 11.163678], [122.70642, 11.163408], [122.70669, 11.163408], [122.70669, 11.163139], [122.707229, 11.163139], [122.707229, 11.161791], [122.707498, 11.161791], [122.707498, 11.161522], [122.708037, 11.161522], [122.708037, 11.161252], [122.708576, 11.161252], [122.708576, 11.160983], [122.709115, 11.160983], [122.709115, 11.160444], [122.709384, 11.160444], [122.709384, 11.160174], [122.709923, 11.160174], [122.709923, 11.159905], [122.710193, 11.159905], [122.710193, 11.159635], [122.710462, 11.159635], [122.710462, 11.159366], [122.710732, 11.159366], [122.710732, 11.159635], [122.71181, 11.159635], [122.71181, 11.159905], [122.712888, 11.159905], [122.712888, 11.160174], [122.715044, 11.160174], [122.715044, 11.159905], [122.715313, 11.159905], [122.715313, 11.158827], [122.7172, 11.158827], [122.7172, 11.159096], [122.717469, 11.159096], [122.717469, 11.159366], [122.717739, 11.159366], [122.717739, 11.159096], [122.718008, 11.159096], [122.718008, 11.158288], [122.717739, 11.158288], [122.717739, 11.158018], [122.717469, 11.158018], [122.717469, 11.15694], [122.7172, 11.15694], [122.7172, 11.156671], [122.71693, 11.156671], [122.71693, 11.156401], [122.716391, 11.156401], [122.716391, 11.156132], [122.715852, 11.156132], [122.715852, 11.155862], [122.713966, 11.155862], [122.713966, 11.156132], [122.713427, 11.156132], [122.713427, 11.155862], [122.712888, 11.155862], [122.712888, 11.156132], [122.71154, 11.156132], [122.71154, 11.155862], [122.711271, 11.155862], [122.711271, 11.155593], [122.711001, 11.155593], [122.711001, 11.155054], [122.710462, 11.155054], [122.710462, 11.154784], [122.709923, 11.154784], [122.709923, 11.155054], [122.709115, 11.155054], [122.709115, 11.155323], [122.707768, 11.155323], [122.707768, 11.155593], [122.70669, 11.155593], [122.70669, 11.155323], [122.705612, 11.155323], [122.705612, 11.155593], [122.705342, 11.155593], [122.705342, 11.15721], [122.705881, 11.15721], [122.705881, 11.157479], [122.706959, 11.157479], [122.706959, 11.157749], [122.707498, 11.157749], [122.707498, 11.158018]]], [[[122.668691, 11.117325], [122.668691, 11.117055], [122.667613, 11.117055], [122.667613, 11.117325], [122.667343, 11.117325], [122.667343, 11.117864], [122.666265, 11.117864], [122.666265, 11.117325], [122.665996, 11.117325], [122.665996, 11.116786], [122.665726, 11.116786], [122.665726, 11.116247], [122.665187, 11.116247], [122.665187, 11.115977], [122.664109, 11.115977], [122.664109, 11.115708], [122.663301, 11.115708], [122.663301, 11.115438], [122.663031, 11.115438], [122.663031, 11.115708], [122.662223, 11.115708], [122.662223, 11.115977], [122.661684, 11.115977], [122.661684, 11.116247], [122.660875, 11.116247], [122.660875, 11.116516], [122.660606, 11.116516], [122.660606, 11.116786], [122.660336, 11.116786], [122.660336, 11.117055], [122.660067, 11.117055], [122.660067, 11.117325], [122.658989, 11.117325], [122.658989, 11.116786], [122.65872, 11.116786], [122.65872, 11.116516], [122.658181, 11.116516], [122.658181, 11.116247], [122.657911, 11.116247], [122.657911, 11.115708], [122.657642, 11.115708], [122.657642, 11.115438], [122.657372, 11.115438], [122.657372, 11.115169], [122.657103, 11.115169], [122.657103, 11.115977], [122.657372, 11.115977], [122.657372, 11.116516], [122.657642, 11.116516], [122.657642, 11.116786], [122.657103, 11.116786], [122.657103, 11.117055], [122.656564, 11.117055], [122.656564, 11.117325], [122.656294, 11.117325], [122.656294, 11.117594], [122.656025, 11.117594], [122.656025, 11.118403], [122.657372, 11.118403], [122.657372, 11.118133], [122.657911, 11.118133], [122.657911, 11.118403], [122.65845, 11.118403], [122.65845, 11.118942], [122.65872, 11.118942], [122.65872, 11.11975], [122.65845, 11.11975], [122.65845, 11.120289], [122.657372, 11.120289], [122.657372, 11.120558], [122.657103, 11.120558], [122.657103, 11.120828], [122.656833, 11.120828], [122.656833, 11.122175], [122.657103, 11.122175], [122.657103, 11.122445], [122.657372, 11.122445], [122.657372, 11.122714], [122.657642, 11.122714], [122.657642, 11.123253], [122.657372, 11.123253], [122.657372, 11.123523], [122.656833, 11.123523], [122.656833, 11.123792], [122.656564, 11.123792], [122.656564, 11.125679], [122.656833, 11.125679], [122.656833, 11.126218], [122.656564, 11.126218], [122.656564, 11.127026], [122.656294, 11.127026], [122.656294, 11.127835], [122.656025, 11.127835], [122.656025, 11.128643], [122.656294, 11.128643], [122.656294, 11.129182], [122.656564, 11.129182], [122.656564, 11.13026], [122.655755, 11.13026], [122.655755, 11.129991], [122.655486, 11.129991], [122.655486, 11.129721], [122.655216, 11.129721], [122.655216, 11.129452], [122.654947, 11.129452], [122.654947, 11.129182], [122.654677, 11.129182], [122.654677, 11.128913], [122.654408, 11.128913], [122.654408, 11.128643], [122.653599, 11.128643], [122.653599, 11.128374], [122.65333, 11.128374], [122.65333, 11.128643], [122.65306, 11.128643], [122.65306, 11.128374], [122.652791, 11.128374], [122.652791, 11.128643], [122.652521, 11.128643], [122.652521, 11.129721], [122.652252, 11.129721], [122.652252, 11.131069], [122.651982, 11.131069], [122.651982, 11.131608], [122.651174, 11.131608], [122.651174, 11.131338], [122.650904, 11.131338], [122.650904, 11.131069], [122.650635, 11.131069], [122.650635, 11.130799], [122.650365, 11.130799], [122.650365, 11.13053], [122.649826, 11.13053], [122.649826, 11.130799], [122.649287, 11.130799], [122.649287, 11.131338], [122.649018, 11.131338], [122.649018, 11.132416], [122.649287, 11.132416], [122.649287, 11.132955], [122.649557, 11.132955], [122.649557, 11.133494], [122.649826, 11.133494], [122.649826, 11.133764], [122.650096, 11.133764], [122.650096, 11.134033], [122.650365, 11.134033], [122.650365, 11.134303], [122.650904, 11.134303], [122.650904, 11.134572], [122.651443, 11.134572], [122.651443, 11.134842], [122.651713, 11.134842], [122.651713, 11.135381], [122.651982, 11.135381], [122.651982, 11.13592], [122.652252, 11.13592], [122.652252, 11.136189], [122.652521, 11.136189], [122.652521, 11.136459], [122.65306, 11.136459], [122.65306, 11.136728], [122.653869, 11.136728], [122.653869, 11.137537], [122.652791, 11.137537], [122.652791, 11.137806], [122.652252, 11.137806], [122.652252, 11.138076], [122.651713, 11.138076], [122.651713, 11.138345], [122.650904, 11.138345], [122.650904, 11.138615], [122.650096, 11.138615], [122.650096, 11.138884], [122.649826, 11.138884], [122.649826, 11.139154], [122.649557, 11.139154], [122.649557, 11.139693], [122.649287, 11.139693], [122.649287, 11.140501], [122.649557, 11.140501], [122.649557, 11.140771], [122.649826, 11.140771], [122.649826, 11.14131], [122.650365, 11.14131], [122.650365, 11.141579], [122.650635, 11.141579], [122.650635, 11.141849], [122.650904, 11.141849], [122.650904, 11.142388], [122.650635, 11.142388], [122.650635, 11.142657], [122.650365, 11.142657], [122.650365, 11.142927], [122.650096, 11.142927], [122.650096, 11.143466], [122.649826, 11.143466], [122.649826, 11.144005], [122.649557, 11.144005], [122.649557, 11.144274], [122.649287, 11.144274], [122.649287, 11.144544], [122.649018, 11.144544], [122.649018, 11.144813], [122.649287, 11.144813], [122.649287, 11.145082], [122.649557, 11.145082], [122.649557, 11.144813], [122.650096, 11.144813], [122.650096, 11.145082], [122.652521, 11.145082], [122.652521, 11.144813], [122.65333, 11.144813], [122.65333, 11.145082], [122.653869, 11.145082], [122.653869, 11.145352], [122.654138, 11.145352], [122.654138, 11.145621], [122.654677, 11.145621], [122.654677, 11.145891], [122.655216, 11.145891], [122.655216, 11.14616], [122.655486, 11.14616], [122.655486, 11.14643], [122.655755, 11.14643], [122.655755, 11.146699], [122.656025, 11.146699], [122.656025, 11.147238], [122.656294, 11.147238], [122.656294, 11.148316], [122.654408, 11.148316], [122.654408, 11.148586], [122.654138, 11.148586], [122.654138, 11.149664], [122.654408, 11.149664], [122.654408, 11.149933], [122.654677, 11.149933], [122.654677, 11.150203], [122.654947, 11.150203], [122.654947, 11.150742], [122.655216, 11.150742], [122.655216, 11.15182], [122.654947, 11.15182], [122.654947, 11.152898], [122.655216, 11.152898], [122.655216, 11.153437], [122.655486, 11.153437], [122.655486, 11.153706], [122.655755, 11.153706], [122.655755, 11.153976], [122.656025, 11.153976], [122.656025, 11.154245], [122.656294, 11.154245], [122.656294, 11.155323], [122.656564, 11.155323], [122.656564, 11.156401], [122.656833, 11.156401], [122.656833, 11.156671], [122.657103, 11.156671], [122.657103, 11.15721], [122.657372, 11.15721], [122.657372, 11.157479], [122.657642, 11.157479], [122.657642, 11.158288], [122.657911, 11.158288], [122.657911, 11.158557], [122.65845, 11.158557], [122.65845, 11.158827], [122.65872, 11.158827], [122.65872, 11.159635], [122.65845, 11.159635], [122.65845, 11.160174], [122.657911, 11.160174], [122.657911, 11.160444], [122.656833, 11.160444], [122.656833, 11.160983], [122.657103, 11.160983], [122.657103, 11.161252], [122.657372, 11.161252], [122.657372, 11.161522], [122.657642, 11.161522], [122.657642, 11.161791], [122.658181, 11.161791], [122.658181, 11.162061], [122.659797, 11.162061], [122.659797, 11.16233], [122.660875, 11.16233], [122.660875, 11.1626], [122.661414, 11.1626], [122.661414, 11.162869], [122.661684, 11.162869], [122.661684, 11.163139], [122.662223, 11.163139], [122.662223, 11.163408], [122.662492, 11.163408], [122.662492, 11.163678], [122.662762, 11.163678], [122.662762, 11.164217], [122.662492, 11.164217], [122.662492, 11.164486], [122.662223, 11.164486], [122.662223, 11.165564], [122.661953, 11.165564], [122.661953, 11.165834], [122.661684, 11.165834], [122.661684, 11.165564], [122.660875, 11.165564], [122.660875, 11.165295], [122.660336, 11.165295], [122.660336, 11.165025], [122.659528, 11.165025], [122.659528, 11.165295], [122.659258, 11.165295], [122.659258, 11.165834], [122.659528, 11.165834], [122.659528, 11.166373], [122.659797, 11.166373], [122.659797, 11.166912], [122.660067, 11.166912], [122.660067, 11.168529], [122.660336, 11.168529], [122.660336, 11.169068], [122.660606, 11.169068], [122.660606, 11.169876], [122.660875, 11.169876], [122.660875, 11.170145], [122.661145, 11.170145], [122.661145, 11.170684], [122.661414, 11.170684], [122.661414, 11.172301], [122.661684, 11.172301], [122.661684, 11.172571], [122.66384, 11.172571], [122.66384, 11.17284], [122.664109, 11.17284], [122.664109, 11.17311], [122.664379, 11.17311], [122.664379, 11.173649], [122.664109, 11.173649], [122.664109, 11.174457], [122.664379, 11.174457], [122.664379, 11.174727], [122.664918, 11.174727], [122.664918, 11.176074], [122.664648, 11.176074], [122.664648, 11.176344], [122.664379, 11.176344], [122.664379, 11.176613], [122.664109, 11.176613], [122.664109, 11.177152], [122.664379, 11.177152], [122.664379, 11.177691], [122.664648, 11.177691], [122.664648, 11.179847], [122.664918, 11.179847], [122.664918, 11.180386], [122.665187, 11.180386], [122.665187, 11.180925], [122.665457, 11.180925], [122.665457, 11.181195], [122.665726, 11.181195], [122.665726, 11.182812], [122.665457, 11.182812], [122.665457, 11.18389], [122.665726, 11.18389], [122.665726, 11.184159], [122.665996, 11.184159], [122.665996, 11.18389], [122.666265, 11.18389], [122.666265, 11.18362], [122.666804, 11.18362], [122.666804, 11.18389], [122.667074, 11.18389], [122.667074, 11.184698], [122.667343, 11.184698], [122.667343, 11.185237], [122.667613, 11.185237], [122.667613, 11.185776], [122.667882, 11.185776], [122.667882, 11.186315], [122.668152, 11.186315], [122.668152, 11.186854], [122.667882, 11.186854], [122.667882, 11.187393], [122.667613, 11.187393], [122.667613, 11.187663], [122.667343, 11.187663], [122.667343, 11.187932], [122.667074, 11.187932], [122.667074, 11.188471], [122.666804, 11.188471], [122.666804, 11.188741], [122.666535, 11.188741], [122.666535, 11.18901], [122.666265, 11.18901], [122.666265, 11.18928], [122.665996, 11.18928], [122.665996, 11.189549], [122.665726, 11.189549], [122.665726, 11.190897], [122.667343, 11.190897], [122.667343, 11.191975], [122.666265, 11.191975], [122.666265, 11.192514], [122.666804, 11.192514], [122.666804, 11.192783], [122.666535, 11.192783], [122.666535, 11.193053], [122.666804, 11.193053], [122.666804, 11.1944], [122.667074, 11.1944], [122.667074, 11.194939], [122.667343, 11.194939], [122.667343, 11.195208], [122.667613, 11.195208], [122.667613, 11.195478], [122.667882, 11.195478], [122.667882, 11.195747], [122.668152, 11.195747], [122.668152, 11.196017], [122.668421, 11.196017], [122.668421, 11.196286], [122.668691, 11.196286], [122.668691, 11.196556], [122.66896, 11.196556], [122.66896, 11.197095], [122.66923, 11.197095], [122.66923, 11.197364], [122.669499, 11.197364], [122.669499, 11.197634], [122.669769, 11.197634], [122.669769, 11.197903], [122.670038, 11.197903], [122.670038, 11.198173], [122.670308, 11.198173], [122.670308, 11.198712], [122.670577, 11.198712], [122.670577, 11.199251], [122.671116, 11.199251], [122.671116, 11.19952], [122.671655, 11.19952], [122.671655, 11.199251], [122.672464, 11.199251], [122.672464, 11.198981], [122.672733, 11.198981], [122.672733, 11.199251], [122.673272, 11.199251], [122.673272, 11.19952], [122.673542, 11.19952], [122.673542, 11.200059], [122.67435, 11.200059], [122.67435, 11.200329], [122.675159, 11.200329], [122.675159, 11.200598], [122.675698, 11.200598], [122.675698, 11.201137], [122.675967, 11.201137], [122.675967, 11.201407], [122.676237, 11.201407], [122.676237, 11.201946], [122.676506, 11.201946], [122.676506, 11.202215], [122.676776, 11.202215], [122.676776, 11.202754], [122.677045, 11.202754], [122.677045, 11.203024], [122.677315, 11.203024], [122.677315, 11.203832], [122.677045, 11.203832], [122.677045, 11.204102], [122.676776, 11.204102], [122.676776, 11.204641], [122.676506, 11.204641], [122.676506, 11.20518], [122.676776, 11.20518], [122.676776, 11.205449], [122.677045, 11.205449], [122.677045, 11.20518], [122.677315, 11.20518], [122.677315, 11.20491], [122.677584, 11.20491], [122.677584, 11.204641], [122.677854, 11.204641], [122.677854, 11.204371], [122.678123, 11.204371], [122.678123, 11.204102], [122.678393, 11.204102], [122.678393, 11.203832], [122.678662, 11.203832], [122.678662, 11.203024], [122.678932, 11.203024], [122.678932, 11.201676], [122.679201, 11.201676], [122.679201, 11.200868], [122.679471, 11.200868], [122.679471, 11.19979], [122.679201, 11.19979], [122.679201, 11.198442], [122.679471, 11.198442], [122.679471, 11.197634], [122.679201, 11.197634], [122.679201, 11.196825], [122.678932, 11.196825], [122.678932, 11.196556], [122.678662, 11.196556], [122.678662, 11.195747], [122.678393, 11.195747], [122.678393, 11.1944], [122.678123, 11.1944], [122.678123, 11.193592], [122.677854, 11.193592], [122.677854, 11.192783], [122.678123, 11.192783], [122.678123, 11.192514], [122.678393, 11.192514], [122.678393, 11.191975], [122.678662, 11.191975], [122.678662, 11.191705], [122.678932, 11.191705], [122.678932, 11.191436], [122.679201, 11.191436], [122.679201, 11.190897], [122.678932, 11.190897], [122.678932, 11.189549], [122.680279, 11.189549], [122.680279, 11.189819], [122.680549, 11.189819], [122.680549, 11.190088], [122.680818, 11.190088], [122.680818, 11.189819], [122.681088, 11.189819], [122.681088, 11.18928], [122.680818, 11.18928], [122.680818, 11.187932], [122.680549, 11.187932], [122.680549, 11.187663], [122.679471, 11.187663], [122.679471, 11.187393], [122.678662, 11.187393], [122.678662, 11.187124], [122.678393, 11.187124], [122.678393, 11.187393], [122.676776, 11.187393], [122.676776, 11.186315], [122.677045, 11.186315], [122.677045, 11.186046], [122.677315, 11.186046], [122.677315, 11.185776], [122.677584, 11.185776], [122.677584, 11.185507], [122.677854, 11.185507], [122.677854, 11.184968], [122.678123, 11.184968], [122.678123, 11.184429], [122.677854, 11.184429], [122.677854, 11.183081], [122.677584, 11.183081], [122.677584, 11.182812], [122.677854, 11.182812], [122.677854, 11.181464], [122.678123, 11.181464], [122.678123, 11.181195], [122.678393, 11.181195], [122.678393, 11.180925], [122.678662, 11.180925], [122.678662, 11.181195], [122.678932, 11.181195], [122.678932, 11.180925], [122.679201, 11.180925], [122.679201, 11.180656], [122.679471, 11.180656], [122.679471, 11.180386], [122.680279, 11.180386], [122.680279, 11.179847], [122.680549, 11.179847], [122.680549, 11.179039], [122.680818, 11.179039], [122.680818, 11.178769], [122.681088, 11.178769], [122.681088, 11.1785], [122.681357, 11.1785], [122.681357, 11.17823], [122.681896, 11.17823], [122.681896, 11.177961], [122.682166, 11.177961], [122.682166, 11.177691], [122.682435, 11.177691], [122.682435, 11.177422], [122.682705, 11.177422], [122.682705, 11.176613], [122.682435, 11.176613], [122.682435, 11.176344], [122.681896, 11.176344], [122.681896, 11.176074], [122.681627, 11.176074], [122.681627, 11.175266], [122.681896, 11.175266], [122.681896, 11.17311], [122.682166, 11.17311], [122.682166, 11.17284], [122.682435, 11.17284], [122.682435, 11.172301], [122.682705, 11.172301], [122.682705, 11.171762], [122.682435, 11.171762], [122.682435, 11.171223], [122.682166, 11.171223], [122.682166, 11.170954], [122.681896, 11.170954], [122.681896, 11.170684], [122.681627, 11.170684], [122.681627, 11.170415], [122.681357, 11.170415], [122.681357, 11.169876], [122.681088, 11.169876], [122.681088, 11.169068], [122.680818, 11.169068], [122.680818, 11.16799], [122.680549, 11.16799], [122.680549, 11.16772], [122.680279, 11.16772], [122.680279, 11.167181], [122.68001, 11.167181], [122.68001, 11.166912], [122.67974, 11.166912], [122.67974, 11.166103], [122.680549, 11.166103], [122.680549, 11.166373], [122.682974, 11.166373], [122.682974, 11.166103], [122.683513, 11.166103], [122.683513, 11.165564], [122.683782, 11.165564], [122.683782, 11.165295], [122.684052, 11.165295], [122.684052, 11.165025], [122.684321, 11.165025], [122.684321, 11.164756], [122.684591, 11.164756], [122.684591, 11.164486], [122.68513, 11.164486], [122.68513, 11.164217], [122.685669, 11.164217], [122.685669, 11.163947], [122.685938, 11.163947], [122.685938, 11.163678], [122.686208, 11.163678], [122.686208, 11.163408], [122.686477, 11.163408], [122.686477, 11.163139], [122.686747, 11.163139], [122.686747, 11.162869], [122.687555, 11.162869], [122.687555, 11.163139], [122.688094, 11.163139], [122.688094, 11.163408], [122.688903, 11.163408], [122.688903, 11.163139], [122.689172, 11.163139], [122.689172, 11.162869], [122.689442, 11.162869], [122.689442, 11.162061], [122.689172, 11.162061], [122.689172, 11.160983], [122.689442, 11.160983], [122.689442, 11.160444], [122.69052, 11.160444], [122.69052, 11.159905], [122.690789, 11.159905], [122.690789, 11.158288], [122.69052, 11.158288], [122.69052, 11.158018], [122.690789, 11.158018], [122.690789, 11.157749], [122.691328, 11.157749], [122.691328, 11.158018], [122.691598, 11.158018], [122.691598, 11.158288], [122.691867, 11.158288], [122.691867, 11.158557], [122.692137, 11.158557], [122.692137, 11.158827], [122.692676, 11.158827], [122.692676, 11.159096], [122.692945, 11.159096], [122.692945, 11.159366], [122.693215, 11.159366], [122.693215, 11.159635], [122.693754, 11.159635], [122.693754, 11.159905], [122.694562, 11.159905], [122.694562, 11.159635], [122.694832, 11.159635], [122.694832, 11.159366], [122.695101, 11.159366], [122.695101, 11.158827], [122.694832, 11.158827], [122.694832, 11.158557], [122.694023, 11.158557], [122.694023, 11.157479], [122.694293, 11.157479], [122.694293, 11.156132], [122.694023, 11.156132], [122.694023, 11.155862], [122.693754, 11.155862], [122.693754, 11.155323], [122.693484, 11.155323], [122.693484, 11.153437], [122.693754, 11.153437], [122.693754, 11.153167], [122.694023, 11.153167], [122.694023, 11.152359], [122.693754, 11.152359], [122.693754, 11.152089], [122.693484, 11.152089], [122.693484, 11.15182], [122.693215, 11.15182], [122.693215, 11.15155], [122.692137, 11.15155], [122.692137, 11.15182], [122.691867, 11.15182], [122.691867, 11.152089], [122.691598, 11.152089], [122.691598, 11.152628], [122.691328, 11.152628], [122.691328, 11.152898], [122.691059, 11.152898], [122.691059, 11.152359], [122.690789, 11.152359], [122.690789, 11.152089], [122.691059, 11.152089], [122.691059, 11.150472], [122.691328, 11.150472], [122.691328, 11.149394], [122.691059, 11.149394], [122.691059, 11.149125], [122.69052, 11.149125], [122.69052, 11.148855], [122.689442, 11.148855], [122.689442, 11.149125], [122.688903, 11.149125], [122.688903, 11.148855], [122.688633, 11.148855], [122.688633, 11.148047], [122.688364, 11.148047], [122.688364, 11.147777], [122.688094, 11.147777], [122.688094, 11.147238], [122.687825, 11.147238], [122.687825, 11.14616], [122.688094, 11.14616], [122.688094, 11.145352], [122.686477, 11.145352], [122.686477, 11.144813], [122.686747, 11.144813], [122.686747, 11.144274], [122.687016, 11.144274], [122.687016, 11.142657], [122.686747, 11.142657], [122.686747, 11.142388], [122.686477, 11.142388], [122.686477, 11.142118], [122.685938, 11.142118], [122.685938, 11.141849], [122.68513, 11.141849], [122.68513, 11.141579], [122.68486, 11.141579], [122.68486, 11.14131], [122.684321, 11.14131], [122.684321, 11.14104], [122.684052, 11.14104], [122.684052, 11.140501], [122.683782, 11.140501], [122.683782, 11.140232], [122.683513, 11.140232], [122.683513, 11.139693], [122.683244, 11.139693], [122.683244, 11.139423], [122.681627, 11.139423], [122.681627, 11.139693], [122.681088, 11.139693], [122.681088, 11.139962], [122.679201, 11.139962], [122.679201, 11.139693], [122.678662, 11.139693], [122.678662, 11.139423], [122.678393, 11.139423], [122.678393, 11.139154], [122.678123, 11.139154], [122.678123, 11.138345], [122.677584, 11.138345], [122.677584, 11.138076], [122.677315, 11.138076], [122.677315, 11.137806], [122.677045, 11.137806], [122.677045, 11.138076], [122.676506, 11.138076], [122.676506, 11.138345], [122.675967, 11.138345], [122.675967, 11.138615], [122.675698, 11.138615], [122.675698, 11.139154], [122.675428, 11.139154], [122.675428, 11.141579], [122.675159, 11.141579], [122.675159, 11.142388], [122.674889, 11.142388], [122.674889, 11.142657], [122.673542, 11.142657], [122.673542, 11.142388], [122.673272, 11.142388], [122.673272, 11.142118], [122.673003, 11.142118], [122.673003, 11.14131], [122.673272, 11.14131], [122.673272, 11.14104], [122.673542, 11.14104], [122.673542, 11.140771], [122.673811, 11.140771], [122.673811, 11.140232], [122.674081, 11.140232], [122.674081, 11.139693], [122.67435, 11.139693], [122.67435, 11.139423], [122.67462, 11.139423], [122.67462, 11.138345], [122.67435, 11.138345], [122.67435, 11.137806], [122.674081, 11.137806], [122.674081, 11.13592], [122.673811, 11.13592], [122.673811, 11.13565], [122.673003, 11.13565], [122.673003, 11.13592], [122.672733, 11.13592], [122.672733, 11.13565], [122.671925, 11.13565], [122.671925, 11.135381], [122.671655, 11.135381], [122.671655, 11.134572], [122.671925, 11.134572], [122.671925, 11.134303], [122.672194, 11.134303], [122.672194, 11.134033], [122.673272, 11.134033], [122.673272, 11.134303], [122.673811, 11.134303], [122.673811, 11.134033], [122.674081, 11.134033], [122.674081, 11.133764], [122.67435, 11.133764], [122.67435, 11.132686], [122.674081, 11.132686], [122.674081, 11.132416], [122.673811, 11.132416], [122.673811, 11.131877], [122.673542, 11.131877], [122.673542, 11.131069], [122.673811, 11.131069], [122.673811, 11.130799], [122.67435, 11.130799], [122.67435, 11.13053], [122.675698, 11.13053], [122.675698, 11.13026], [122.675967, 11.13026], [122.675967, 11.129182], [122.675698, 11.129182], [122.675698, 11.128643], [122.675428, 11.128643], [122.675428, 11.128104], [122.675159, 11.128104], [122.675159, 11.127835], [122.675428, 11.127835], [122.675428, 11.127296], [122.675698, 11.127296], [122.675698, 11.126487], [122.675967, 11.126487], [122.675967, 11.126218], [122.675698, 11.126218], [122.675698, 11.125948], [122.675428, 11.125948], [122.675428, 11.125679], [122.67462, 11.125679], [122.67462, 11.125409], [122.67435, 11.125409], [122.67435, 11.124601], [122.67462, 11.124601], [122.67462, 11.124331], [122.674889, 11.124331], [122.674889, 11.124062], [122.675159, 11.124062], [122.675159, 11.120828], [122.674889, 11.120828], [122.674889, 11.118942], [122.67462, 11.118942], [122.67462, 11.118133], [122.67435, 11.118133], [122.67435, 11.117325], [122.67462, 11.117325], [122.67462, 11.116247], [122.67435, 11.116247], [122.67435, 11.114899], [122.673542, 11.114899], [122.673542, 11.115169], [122.673003, 11.115169], [122.673003, 11.11463], [122.672733, 11.11463], [122.672733, 11.11436], [122.672464, 11.11436], [122.672464, 11.114091], [122.671655, 11.114091], [122.671655, 11.11436], [122.671386, 11.11436], [122.671386, 11.11463], [122.671116, 11.11463], [122.671116, 11.114899], [122.670847, 11.114899], [122.670847, 11.115977], [122.670577, 11.115977], [122.670577, 11.116516], [122.670308, 11.116516], [122.670308, 11.116786], [122.670038, 11.116786], [122.670038, 11.117055], [122.669499, 11.117055], [122.669499, 11.117325], [122.668691, 11.117325]]], [[[122.645245, 11.185776], [122.645784, 11.185776], [122.645784, 11.186046], [122.646053, 11.186046], [122.646053, 11.186585], [122.646323, 11.186585], [122.646323, 11.187124], [122.646592, 11.187124], [122.646592, 11.187663], [122.646862, 11.187663], [122.646862, 11.188202], [122.646592, 11.188202], [122.646592, 11.188741], [122.646862, 11.188741], [122.646862, 11.18901], [122.647131, 11.18901], [122.647131, 11.18928], [122.648748, 11.18928], [122.648748, 11.189549], [122.649018, 11.189549], [122.649018, 11.189819], [122.649287, 11.189819], [122.649287, 11.190088], [122.649557, 11.190088], [122.649557, 11.190358], [122.649826, 11.190358], [122.649826, 11.190897], [122.650096, 11.190897], [122.650096, 11.191975], [122.649826, 11.191975], [122.649826, 11.192514], [122.649557, 11.192514], [122.649557, 11.193861], [122.649826, 11.193861], [122.649826, 11.194131], [122.650904, 11.194131], [122.650904, 11.193861], [122.651443, 11.193861], [122.651443, 11.193592], [122.651982, 11.193592], [122.651982, 11.193322], [122.652252, 11.193322], [122.652252, 11.193053], [122.652791, 11.193053], [122.652791, 11.192514], [122.653599, 11.192514], [122.653599, 11.193053], [122.65333, 11.193053], [122.65333, 11.193322], [122.653599, 11.193322], [122.653599, 11.193592], [122.653869, 11.193592], [122.653869, 11.193861], [122.654138, 11.193861], [122.654138, 11.193592], [122.654677, 11.193592], [122.654677, 11.193861], [122.654947, 11.193861], [122.654947, 11.194939], [122.654677, 11.194939], [122.654677, 11.195478], [122.654947, 11.195478], [122.654947, 11.196017], [122.655216, 11.196017], [122.655216, 11.196286], [122.656564, 11.196286], [122.656564, 11.196017], [122.656833, 11.196017], [122.656833, 11.194131], [122.656564, 11.194131], [122.656564, 11.193861], [122.656294, 11.193861], [122.656294, 11.193592], [122.656025, 11.193592], [122.656025, 11.193322], [122.655755, 11.193322], [122.655755, 11.193053], [122.655486, 11.193053], [122.655486, 11.192783], [122.655216, 11.192783], [122.655216, 11.192514], [122.654947, 11.192514], [122.654947, 11.192244], [122.654677, 11.192244], [122.654677, 11.190358], [122.654408, 11.190358], [122.654408, 11.189549], [122.654138, 11.189549], [122.654138, 11.187393], [122.653869, 11.187393], [122.653869, 11.187124], [122.653599, 11.187124], [122.653599, 11.186854], [122.651713, 11.186854], [122.651713, 11.186585], [122.651443, 11.186585], [122.651443, 11.186046], [122.651174, 11.186046], [122.651174, 11.185507], [122.650365, 11.185507], [122.650365, 11.185776], [122.650096, 11.185776], [122.650096, 11.185507], [122.649826, 11.185507], [122.649826, 11.185237], [122.649557, 11.185237], [122.649557, 11.184968], [122.649018, 11.184968], [122.649018, 11.184698], [122.648748, 11.184698], [122.648748, 11.184429], [122.648479, 11.184429], [122.648479, 11.184159], [122.648748, 11.184159], [122.648748, 11.183351], [122.648479, 11.183351], [122.648479, 11.182003], [122.64794, 11.182003], [122.64794, 11.182542], [122.64767, 11.182542], [122.64767, 11.183081], [122.647401, 11.183081], [122.647401, 11.183351], [122.646862, 11.183351], [122.646862, 11.183081], [122.646592, 11.183081], [122.646592, 11.182273], [122.646862, 11.182273], [122.646862, 11.182003], [122.646592, 11.182003], [122.646592, 11.180656], [122.646862, 11.180656], [122.646862, 11.180386], [122.646592, 11.180386], [122.646592, 11.179308], [122.646323, 11.179308], [122.646323, 11.178769], [122.646592, 11.178769], [122.646592, 11.177961], [122.646862, 11.177961], [122.646862, 11.177691], [122.647131, 11.177691], [122.647131, 11.177422], [122.647401, 11.177422], [122.647401, 11.176883], [122.64767, 11.176883], [122.64767, 11.175805], [122.647401, 11.175805], [122.647401, 11.175535], [122.647131, 11.175535], [122.647131, 11.175266], [122.646862, 11.175266], [122.646862, 11.174727], [122.647131, 11.174727], [122.647131, 11.174457], [122.647401, 11.174457], [122.647401, 11.174727], [122.64767, 11.174727], [122.64767, 11.174996], [122.64794, 11.174996], [122.64794, 11.175266], [122.648209, 11.175266], [122.648209, 11.175535], [122.649018, 11.175535], [122.649018, 11.175266], [122.649287, 11.175266], [122.649287, 11.175535], [122.650635, 11.175535], [122.650635, 11.175805], [122.651174, 11.175805], [122.651174, 11.176074], [122.651713, 11.176074], [122.651713, 11.176344], [122.651982, 11.176344], [122.651982, 11.176613], [122.652252, 11.176613], [122.652252, 11.176883], [122.652521, 11.176883], [122.652521, 11.177152], [122.65306, 11.177152], [122.65306, 11.176613], [122.652791, 11.176613], [122.652791, 11.176344], [122.652521, 11.176344], [122.652521, 11.176074], [122.652252, 11.176074], [122.652252, 11.175266], [122.651982, 11.175266], [122.651982, 11.174996], [122.651713, 11.174996], [122.651713, 11.174727], [122.650904, 11.174727], [122.650904, 11.174457], [122.649557, 11.174457], [122.649557, 11.174188], [122.649018, 11.174188], [122.649018, 11.173918], [122.648479, 11.173918], [122.648479, 11.173649], [122.648209, 11.173649], [122.648209, 11.17311], [122.649287, 11.17311], [122.649287, 11.17284], [122.649557, 11.17284], [122.649557, 11.17311], [122.650096, 11.17311], [122.650096, 11.17284], [122.650365, 11.17284], [122.650365, 11.172032], [122.650096, 11.172032], [122.650096, 11.171493], [122.649557, 11.171493], [122.649557, 11.171223], [122.648748, 11.171223], [122.648748, 11.170954], [122.648479, 11.170954], [122.648479, 11.170684], [122.648209, 11.170684], [122.648209, 11.170415], [122.64794, 11.170415], [122.64794, 11.170145], [122.64767, 11.170145], [122.64767, 11.169876], [122.647401, 11.169876], [122.647401, 11.169607], [122.647131, 11.169607], [122.647131, 11.16799], [122.646862, 11.16799], [122.646862, 11.16772], [122.646592, 11.16772], [122.646592, 11.167451], [122.646053, 11.167451], [122.646053, 11.167181], [122.645784, 11.167181], [122.645784, 11.165834], [122.646053, 11.165834], [122.646053, 11.164486], [122.645784, 11.164486], [122.645784, 11.164217], [122.645514, 11.164217], [122.645514, 11.163947], [122.645245, 11.163947], [122.645245, 11.163678], [122.644975, 11.163678], [122.644975, 11.163408], [122.644706, 11.163408], [122.644706, 11.163139], [122.644167, 11.163139], [122.644167, 11.162869], [122.643897, 11.162869], [122.643897, 11.1626], [122.643628, 11.1626], [122.643628, 11.16233], [122.643358, 11.16233], [122.643358, 11.162061], [122.643089, 11.162061], [122.643089, 11.161791], [122.642819, 11.161791], [122.642819, 11.161522], [122.64255, 11.161522], [122.64255, 11.161252], [122.64228, 11.161252], [122.64228, 11.160713], [122.642011, 11.160713], [122.642011, 11.160174], [122.641741, 11.160174], [122.641741, 11.159905], [122.641472, 11.159905], [122.641472, 11.159635], [122.640933, 11.159635], [122.640933, 11.159366], [122.640663, 11.159366], [122.640663, 11.159096], [122.640394, 11.159096], [122.640394, 11.158827], [122.639585, 11.158827], [122.639585, 11.159366], [122.639316, 11.159366], [122.639316, 11.160983], [122.639585, 11.160983], [122.639585, 11.161791], [122.639316, 11.161791], [122.639316, 11.1626], [122.639046, 11.1626], [122.639046, 11.162869], [122.639316, 11.162869], [122.639316, 11.163408], [122.639855, 11.163408], [122.639855, 11.163139], [122.640124, 11.163139], [122.640124, 11.162869], [122.640663, 11.162869], [122.640663, 11.164217], [122.640394, 11.164217], [122.640394, 11.164756], [122.639855, 11.164756], [122.639855, 11.165564], [122.640124, 11.165564], [122.640124, 11.166642], [122.640394, 11.166642], [122.640394, 11.166912], [122.640663, 11.166912], [122.640663, 11.167181], [122.640933, 11.167181], [122.640933, 11.167451], [122.641202, 11.167451], [122.641202, 11.168259], [122.640933, 11.168259], [122.640933, 11.168798], [122.640663, 11.168798], [122.640663, 11.169068], [122.640394, 11.169068], [122.640394, 11.169876], [122.640124, 11.169876], [122.640124, 11.170415], [122.640394, 11.170415], [122.640394, 11.171223], [122.640124, 11.171223], [122.640124, 11.171493], [122.639585, 11.171493], [122.639585, 11.170954], [122.639316, 11.170954], [122.639316, 11.169607], [122.639046, 11.169607], [122.639046, 11.169337], [122.638777, 11.169337], [122.638777, 11.169068], [122.638507, 11.169068], [122.638507, 11.168798], [122.638238, 11.168798], [122.638238, 11.165834], [122.637968, 11.165834], [122.637968, 11.165295], [122.637699, 11.165295], [122.637699, 11.165025], [122.637429, 11.165025], [122.637429, 11.164486], [122.63716, 11.164486], [122.63716, 11.164217], [122.636621, 11.164217], [122.636621, 11.163947], [122.636351, 11.163947], [122.636351, 11.163678], [122.636082, 11.163678], [122.636082, 11.163408], [122.635812, 11.163408], [122.635812, 11.163139], [122.633657, 11.163139], [122.633657, 11.162869], [122.633387, 11.162869], [122.633387, 11.1626], [122.633118, 11.1626], [122.633118, 11.16233], [122.632579, 11.16233], [122.632579, 11.162061], [122.632309, 11.162061], [122.632309, 11.161791], [122.63177, 11.161791], [122.63177, 11.161522], [122.631231, 11.161522], [122.631231, 11.161252], [122.630962, 11.161252], [122.630962, 11.160983], [122.630692, 11.160983], [122.630692, 11.160713], [122.630423, 11.160713], [122.630423, 11.160444], [122.630153, 11.160444], [122.630153, 11.159905], [122.629614, 11.159905], [122.629614, 11.160174], [122.629345, 11.160174], [122.629345, 11.160713], [122.629614, 11.160713], [122.629614, 11.160983], [122.629884, 11.160983], [122.629884, 11.161252], [122.630153, 11.161252], [122.630153, 11.161522], [122.630423, 11.161522], [122.630423, 11.162869], [122.630153, 11.162869], [122.630153, 11.163139], [122.630423, 11.163139], [122.630423, 11.163408], [122.630692, 11.163408], [122.630692, 11.163678], [122.630962, 11.163678], [122.630962, 11.163947], [122.631231, 11.163947], [122.631231, 11.164217], [122.631501, 11.164217], [122.631501, 11.165295], [122.630962, 11.165295], [122.630962, 11.166373], [122.631231, 11.166373], [122.631231, 11.166642], [122.631501, 11.166642], [122.631501, 11.166912], [122.63177, 11.166912], [122.63177, 11.167181], [122.63204, 11.167181], [122.63204, 11.16772], [122.633118, 11.16772], [122.633118, 11.168529], [122.632848, 11.168529], [122.632848, 11.168798], [122.632579, 11.168798], [122.632579, 11.169068], [122.63204, 11.169068], [122.63204, 11.169607], [122.63177, 11.169607], [122.63177, 11.170145], [122.631501, 11.170145], [122.631501, 11.170415], [122.631231, 11.170415], [122.631231, 11.170684], [122.630962, 11.170684], [122.630962, 11.171223], [122.630692, 11.171223], [122.630692, 11.171493], [122.630962, 11.171493], [122.630962, 11.171762], [122.631231, 11.171762], [122.631231, 11.172032], [122.63177, 11.172032], [122.63177, 11.172301], [122.63204, 11.172301], [122.63204, 11.17284], [122.632309, 11.17284], [122.632309, 11.17311], [122.632848, 11.17311], [122.632848, 11.173379], [122.633387, 11.173379], [122.633387, 11.173649], [122.633657, 11.173649], [122.633657, 11.173918], [122.633926, 11.173918], [122.633926, 11.174188], [122.634195, 11.174188], [122.634195, 11.174457], [122.634465, 11.174457], [122.634465, 11.174996], [122.634734, 11.174996], [122.634734, 11.175266], [122.634465, 11.175266], [122.634465, 11.175805], [122.634195, 11.175805], [122.634195, 11.177691], [122.634465, 11.177691], [122.634465, 11.177961], [122.636082, 11.177961], [122.636082, 11.177691], [122.636351, 11.177691], [122.636351, 11.177422], [122.63689, 11.177422], [122.63689, 11.177152], [122.637429, 11.177152], [122.637429, 11.177422], [122.637699, 11.177422], [122.637699, 11.177961], [122.637968, 11.177961], [122.637968, 11.1785], [122.638238, 11.1785], [122.638238, 11.178769], [122.638507, 11.178769], [122.638507, 11.179039], [122.639585, 11.179039], [122.639585, 11.17823], [122.639855, 11.17823], [122.639855, 11.177152], [122.640663, 11.177152], [122.640663, 11.176883], [122.640933, 11.176883], [122.640933, 11.176613], [122.641202, 11.176613], [122.641202, 11.176344], [122.642011, 11.176344], [122.642011, 11.177152], [122.641741, 11.177152], [122.641741, 11.177961], [122.642011, 11.177961], [122.642011, 11.17823], [122.64228, 11.17823], [122.64228, 11.1785], [122.642819, 11.1785], [122.642819, 11.178769], [122.643358, 11.178769], [122.643358, 11.179039], [122.643628, 11.179039], [122.643628, 11.179578], [122.643358, 11.179578], [122.643358, 11.179847], [122.64228, 11.179847], [122.64228, 11.180117], [122.641472, 11.180117], [122.641472, 11.180386], [122.641202, 11.180386], [122.641202, 11.181464], [122.641472, 11.181464], [122.641472, 11.182003], [122.642011, 11.182003], [122.642011, 11.182273], [122.64255, 11.182273], [122.64255, 11.182542], [122.643089, 11.182542], [122.643089, 11.182812], [122.643358, 11.182812], [122.643358, 11.183081], [122.643628, 11.183081], [122.643628, 11.18362], [122.643897, 11.18362], [122.643897, 11.18389], [122.644436, 11.18389], [122.644436, 11.184159], [122.644167, 11.184159], [122.644167, 11.184698], [122.643897, 11.184698], [122.643897, 11.184968], [122.643628, 11.184968], [122.643628, 11.186585], [122.643897, 11.186585], [122.643897, 11.186854], [122.644167, 11.186854], [122.644167, 11.187124], [122.644436, 11.187124], [122.644436, 11.186854], [122.644975, 11.186854], [122.644975, 11.186046], [122.645245, 11.186046], [122.645245, 11.185776]]], [[[122.708307, 11.1785], [122.708307, 11.178769], [122.708037, 11.178769], [122.708037, 11.179039], [122.70669, 11.179039], [122.70669, 11.178769], [122.705342, 11.178769], [122.705342, 11.179039], [122.704803, 11.179039], [122.704803, 11.179578], [122.704534, 11.179578], [122.704534, 11.179847], [122.704264, 11.179847], [122.704264, 11.180117], [122.703995, 11.180117], [122.703995, 11.181734], [122.703725, 11.181734], [122.703725, 11.182003], [122.703456, 11.182003], [122.703456, 11.183081], [122.704803, 11.183081], [122.704803, 11.182003], [122.705073, 11.182003], [122.705073, 11.181734], [122.705881, 11.181734], [122.705881, 11.182003], [122.706151, 11.182003], [122.706151, 11.182273], [122.70642, 11.182273], [122.70642, 11.182542], [122.706959, 11.182542], [122.706959, 11.182812], [122.708037, 11.182812], [122.708037, 11.182542], [122.708307, 11.182542], [122.708307, 11.182273], [122.708576, 11.182273], [122.708576, 11.181734], [122.708845, 11.181734], [122.708845, 11.181464], [122.709115, 11.181464], [122.709115, 11.181195], [122.709654, 11.181195], [122.709654, 11.181464], [122.710193, 11.181464], [122.710193, 11.181734], [122.710732, 11.181734], [122.710732, 11.182273], [122.711001, 11.182273], [122.711001, 11.182542], [122.711271, 11.182542], [122.711271, 11.182812], [122.712349, 11.182812], [122.712349, 11.182542], [122.712888, 11.182542], [122.712888, 11.182273], [122.713696, 11.182273], [122.713696, 11.182003], [122.713966, 11.182003], [122.713966, 11.181734], [122.714235, 11.181734], [122.714235, 11.181464], [122.714505, 11.181464], [122.714505, 11.180925], [122.714774, 11.180925], [122.714774, 11.179847], [122.714505, 11.179847], [122.714505, 11.179578], [122.713157, 11.179578], [122.713157, 11.17823], [122.712888, 11.17823], [122.712888, 11.177961], [122.712079, 11.177961], [122.712079, 11.17823], [122.71154, 11.17823], [122.71154, 11.1785], [122.711271, 11.1785], [122.711271, 11.178769], [122.710732, 11.178769], [122.710732, 11.179039], [122.710462, 11.179039], [122.710462, 11.178769], [122.709923, 11.178769], [122.709923, 11.1785], [122.709654, 11.1785], [122.709654, 11.17823], [122.708576, 11.17823], [122.708576, 11.1785], [122.708307, 11.1785]]]]}}, {"type": "Feature", "properties": {"area_id": "jalaur-river-basin__down", "name": "Jalaur River Basin (downstream)", "study_type": "river_basin", "zone": "down", "area_ha": 95588.0, "version": 1}, "geometry": {"type": "MultiPolygon", "coordinates": [[[[122.519391, 11.170684], [122.519391, 11.170415], [122.51993, 11.170415], [122.51993, 11.169607], [122.520199, 11.169607], [122.520199, 11.168529], [122.51993, 11.168529], [122.51993, 11.168259], [122.51966, 11.168259], [122.51966, 11.16799], [122.519391, 11.16799], [122.519391, 11.168259], [122.518582, 11.168259], [122.518582, 11.16799], [122.518313, 11.16799], [122.518313, 11.167451], [122.518582, 11.167451], [122.518582, 11.166912], [122.519121, 11.166912], [122.519121, 11.166642], [122.520199, 11.166642], [122.520199, 11.166912], [122.520469, 11.166912], [122.520469, 11.167451], [122.520738, 11.167451], [122.520738, 11.16799], [122.521008, 11.16799], [122.521008, 11.168259], [122.522355, 11.168259], [122.522355, 11.16799], [122.522894, 11.16799], [122.522894, 11.16772], [122.524511, 11.16772], [122.524511, 11.16799], [122.524781, 11.16799], [122.524781, 11.168259], [122.52505, 11.168259], [122.52505, 11.168529], [122.525859, 11.168529], [122.525859, 11.168798], [122.526398, 11.168798], [122.526398, 11.169607], [122.526128, 11.169607], [122.526128, 11.170145], [122.52532, 11.170145], [122.52532, 11.169876], [122.524781, 11.169876], [122.524781, 11.169607], [122.524242, 11.169607], [122.524242, 11.169337], [122.523972, 11.169337], [122.523972, 11.169607], [122.523703, 11.169607], [122.523703, 11.170145], [122.523972, 11.170145], [122.523972, 11.171223], [122.524242, 11.171223], [122.524242, 11.171762], [122.524511, 11.171762], [122.524511, 11.17284], [122.524781, 11.17284], [122.524781, 11.17311], [122.52505, 11.17311], [122.52505, 11.173379], [122.52532, 11.173379], [122.52532, 11.173649], [122.525589, 11.173649], [122.525589, 11.174457], [122.525859, 11.174457], [122.525859, 11.174996], [122.526128, 11.174996], [122.526128, 11.175266], [122.526937, 11.175266], [122.526937, 11.174996], [122.527206, 11.174996], [122.527206, 11.174727], [122.527476, 11.174727], [122.527476, 11.173649], [122.527206, 11.173649], [122.527206, 11.173379], [122.526937, 11.173379], [122.526937, 11.17311], [122.526128, 11.17311], [122.526128, 11.173379], [122.525859, 11.173379], [122.525859, 11.17311], [122.525589, 11.17311], [122.525589, 11.172301], [122.52505, 11.172301], [122.52505, 11.172032], [122.52532, 11.172032], [122.52532, 11.171762], [122.525589, 11.171762], [122.525589, 11.171493], [122.525859, 11.171493], [122.525859, 11.171762], [122.526398, 11.171762], [122.526398, 11.172301], [122.526667, 11.172301], [122.526667, 11.172571], [122.527476, 11.172571], [122.527476, 11.17284], [122.527745, 11.17284], [122.527745, 11.172571], [122.528284, 11.172571], [122.528284, 11.17284], [122.528554, 11.17284], [122.528554, 11.17311], [122.528823, 11.17311], [122.528823, 11.174457], [122.529093, 11.174457], [122.529093, 11.174727], [122.529632, 11.174727], [122.529632, 11.174996], [122.529901, 11.174996], [122.529901, 11.175266], [122.530171, 11.175266], [122.530171, 11.175535], [122.531249, 11.175535], [122.531249, 11.175266], [122.531518, 11.175266], [122.531518, 11.174996], [122.531788, 11.174996], [122.531788, 11.174727], [122.532057, 11.174727], [122.532057, 11.173918], [122.532327, 11.173918], [122.532327, 11.173649], [122.532596, 11.173649], [122.532596, 11.173379], [122.533135, 11.173379], [122.533135, 11.173649], [122.532866, 11.173649], [122.532866, 11.173918], [122.533135, 11.173918], [122.533135, 11.174188], [122.533405, 11.174188], [122.533405, 11.175266], [122.533135, 11.175266], [122.533135, 11.176074], [122.532596, 11.176074], [122.532596, 11.176344], [122.532057, 11.176344], [122.532057, 11.176613], [122.531249, 11.176613], [122.531249, 11.176883], [122.53071, 11.176883], [122.53071, 11.177152], [122.53044, 11.177152], [122.53044, 11.1785], [122.530171, 11.1785], [122.530171, 11.178769], [122.529901, 11.178769], [122.529901, 11.1785], [122.529632, 11.1785], [122.529632, 11.177961], [122.529362, 11.177961], [122.529362, 11.177152], [122.529093, 11.177152], [122.529093, 11.176613], [122.528823, 11.176613], [122.528823, 11.176344], [122.528284, 11.176344], [122.528284, 11.176074], [122.526937, 11.176074], [122.526937, 11.175805], [122.526667, 11.175805], [122.526667, 11.176074], [122.526398, 11.176074], [122.526398, 11.176344], [122.525859, 11.176344], [122.525859, 11.176613], [122.525589, 11.176613], [122.525589, 11.176883], [122.52532, 11.176883], [122.52532, 11.177422], [122.52497, 11.177422], [122.535339, 11.186881], [122.53966, 11.188116], [122.543673, 11.191051], [122.552159, 11.192286], [122.556172, 11.195215], [122.562388, 11.19699], [122.566049, 11.202007], [122.568033, 11.208949], [122.572481, 11.207841], [122.572481, 11.207605], [122.572212, 11.207605], [122.572212, 11.207066], [122.571942, 11.207066], [122.571942, 11.206797], [122.571673, 11.206797], [122.571673, 11.20518], [122.571942, 11.20518], [122.571942, 11.204371], [122.572212, 11.204371], [122.572212, 11.204102], [122.572481, 11.204102], [122.572481, 11.203024], [122.572751, 11.203024], [122.572751, 11.202485], [122.57329, 11.202485], [122.57329, 11.202215], [122.573559, 11.202215], [122.573559, 11.201946], [122.573829, 11.201946], [122.573829, 11.200868], [122.573559, 11.200868], [122.573559, 11.200598], [122.57329, 11.200598], [122.57329, 11.200329], [122.571403, 11.200329], [122.571403, 11.200059], [122.571134, 11.200059], [122.571134, 11.19952], [122.571403, 11.19952], [122.571403, 11.199251], [122.572212, 11.199251], [122.572212, 11.198981], [122.572481, 11.198981], [122.572481, 11.198712], [122.572751, 11.198712], [122.572751, 11.198173], [122.572481, 11.198173], [122.572481, 11.197903], [122.572212, 11.197903], [122.572212, 11.197095], [122.572751, 11.197095], [122.572751, 11.196825], [122.57329, 11.196825], [122.57329, 11.196286], [122.573559, 11.196286], [122.573559, 11.196556], [122.573829, 11.196556], [122.573829, 11.196286], [122.574637, 11.196286], [122.574637, 11.196556], [122.574907, 11.196556], [122.574907, 11.196825], [122.575176, 11.196825], [122.575176, 11.197095], [122.575985, 11.197095], [122.575985, 11.197364], [122.576524, 11.197364], [122.576524, 11.197903], [122.577063, 11.197903], [122.577063, 11.198173], [122.577332, 11.198173], [122.577332, 11.197903], [122.577602, 11.197903], [122.577602, 11.197364], [122.577871, 11.197364], [122.577871, 11.196017], [122.578141, 11.196017], [122.578141, 11.195478], [122.57841, 11.195478], [122.57841, 11.194939], [122.57868, 11.194939], [122.57868, 11.19467], [122.579488, 11.19467], [122.579488, 11.1944], [122.580297, 11.1944], [122.580297, 11.19467], [122.580566, 11.19467], [122.580566, 11.194939], [122.580836, 11.194939], [122.580836, 11.195208], [122.581375, 11.195208], [122.581375, 11.194939], [122.581644, 11.194939], [122.581644, 11.19467], [122.581914, 11.19467], [122.581914, 11.1944], [122.582453, 11.1944], [122.582453, 11.194131], [122.582722, 11.194131], [122.582722, 11.193861], [122.582992, 11.193861], [122.582992, 11.193322], [122.583261, 11.193322], [122.583261, 11.193053], [122.583531, 11.193053], [122.583531, 11.192783], [122.5838, 11.192783], [122.5838, 11.193053], [122.58407, 11.193053], [122.58407, 11.193322], [122.584339, 11.193322], [122.584339, 11.193592], [122.58407, 11.193592], [122.58407, 11.193861], [122.5838, 11.193861], [122.5838, 11.194131], [122.583261, 11.194131], [122.583261, 11.19467], [122.582992, 11.19467], [122.582992, 11.194939], [122.583261, 11.194939], [122.583261, 11.196556], [122.583531, 11.196556], [122.583531, 11.196825], [122.58407, 11.196825], [122.58407, 11.196556], [122.584339, 11.196556], [122.584339, 11.196286], [122.584608, 11.196286], [122.584608, 11.195208], [122.584878, 11.195208], [122.584878, 11.194939], [122.585417, 11.194939], [122.585417, 11.195208], [122.585686, 11.195208], [122.585686, 11.195478], [122.585956, 11.195478], [122.585956, 11.195747], [122.586495, 11.195747], [122.586495, 11.196017], [122.586764, 11.196017], [122.586764, 11.195747], [122.587034, 11.195747], [122.587034, 11.196286], [122.587303, 11.196286], [122.587303, 11.196825], [122.587034, 11.196825], [122.587034, 11.197095], [122.585956, 11.197095], [122.585956, 11.19979], [122.585686, 11.19979], [122.585686, 11.200329], [122.584878, 11.200329], [122.584878, 11.200059], [122.584339, 11.200059], [122.584339, 11.19979], [122.58407, 11.19979], [122.58407, 11.19952], [122.583531, 11.19952], [122.583531, 11.199251], [122.582992, 11.199251], [122.582992, 11.19952], [122.582453, 11.19952], [122.582453, 11.19979], [122.582183, 11.19979], [122.582183, 11.200329], [122.580566, 11.200329], [122.580566, 11.200598], [122.580027, 11.200598], [122.580027, 11.201946], [122.580297, 11.201946], [122.580297, 11.202215], [122.581914, 11.202215], [122.581914, 11.202754], [122.582722, 11.202754], [122.582722, 11.202485], [122.583531, 11.202485], [122.583531, 11.202754], [122.58407, 11.202754], [122.58407, 11.203024], [122.584339, 11.203024], [122.584339, 11.203563], [122.584608, 11.203563], [122.584608, 11.203832], [122.584878, 11.203832], [122.584878, 11.20491], [122.58407, 11.20491], [122.58407, 11.20518], [122.5838, 11.20518], [122.5838, 11.206258], [122.58407, 11.206258], [122.58407, 11.206527], [122.585417, 11.206527], [122.585417, 11.206258], [122.585956, 11.206258], [122.585956, 11.205988], [122.587034, 11.205988], [122.587034, 11.206258], [122.587303, 11.206258], [122.587303, 11.207066], [122.587034, 11.207066], [122.587034, 11.207605], [122.586764, 11.207605], [122.586764, 11.207875], [122.586495, 11.207875], [122.586495, 11.208144], [122.586225, 11.208144], [122.586225, 11.208414], [122.585509, 11.208414], [122.589508, 11.211883], [122.607527, 11.213208], [122.609101, 11.22403], [122.616552, 11.226157], [122.620218, 11.231173], [122.620721, 11.234637], [122.620721, 11.234285], [122.621799, 11.234285], [122.621799, 11.234016], [122.622877, 11.234016], [122.622877, 11.233746], [122.623146, 11.233746], [122.623146, 11.233477], [122.623416, 11.233477], [122.623416, 11.233207], [122.623685, 11.233207], [122.623685, 11.232668], [122.623955, 11.232668], [122.623955, 11.232129], [122.624224, 11.232129], [122.624224, 11.231051], [122.623955, 11.231051], [122.623955, 11.229973], [122.624224, 11.229973], [122.624224, 11.229704], [122.624763, 11.229704], [122.624763, 11.229434], [122.625033, 11.229434], [122.625033, 11.228626], [122.624494, 11.228626], [122.624494, 11.228356], [122.623955, 11.228356], [122.623955, 11.228087], [122.623685, 11.228087], [122.623685, 11.227817], [122.623416, 11.227817], [122.623416, 11.226739], [122.623685, 11.226739], [122.623685, 11.22647], [122.623955, 11.22647], [122.623955, 11.2262], [122.624224, 11.2262], [122.624224, 11.225661], [122.624494, 11.225661], [122.624494, 11.225392], [122.624224, 11.225392], [122.624224, 11.224853], [122.623955, 11.224853], [122.623955, 11.224314], [122.624224, 11.224314], [122.624224, 11.224044], [122.624494, 11.224044], [122.624494, 11.223775], [122.624763, 11.223775], [122.624763, 11.223505], [122.625033, 11.223505], [122.625033, 11.223236], [122.625302, 11.223236], [122.625302, 11.222966], [122.625572, 11.222966], [122.625572, 11.222697], [122.626111, 11.222697], [122.626111, 11.222427], [122.626919, 11.222427], [122.626919, 11.222158], [122.627189, 11.222158], [122.627189, 11.221888], [122.629614, 11.221888], [122.629614, 11.222158], [122.630423, 11.222158], [122.630423, 11.222427], [122.630692, 11.222427], [122.630692, 11.222697], [122.630962, 11.222697], [122.630962, 11.222966], [122.631231, 11.222966], [122.631231, 11.223236], [122.632309, 11.223236], [122.632309, 11.222966], [122.632579, 11.222966], [122.632579, 11.222697], [122.632848, 11.222697], [122.632848, 11.223229], [122.639454, 11.217234], [122.643878, 11.216097], [122.652087, 11.208784], [122.664457, 11.220267], [122.671655, 11.221216], [122.671655, 11.22108], [122.671386, 11.22108], [122.671386, 11.22081], [122.671655, 11.22081], [122.671655, 11.220541], [122.671925, 11.220541], [122.671925, 11.219732], [122.672194, 11.219732], [122.672194, 11.219463], [122.672464, 11.219463], [122.672464, 11.219194], [122.672733, 11.219194], [122.672733, 11.218924], [122.673003, 11.218924], [122.673003, 11.218655], [122.673272, 11.218655], [122.673272, 11.218385], [122.673542, 11.218385], [122.673542, 11.218116], [122.67462, 11.218116], [122.67462, 11.218385], [122.675159, 11.218385], [122.675159, 11.218655], [122.675428, 11.218655], [122.675428, 11.219194], [122.675967, 11.219194], [122.675967, 11.219732], [122.676237, 11.219732], [122.676237, 11.220541], [122.676506, 11.220541], [122.676506, 11.22081], [122.676776, 11.22081], [122.676776, 11.22108], [122.677315, 11.22108], [122.677315, 11.220271], [122.677584, 11.220271], [122.677584, 11.220002], [122.677854, 11.220002], [122.677854, 11.218924], [122.677584, 11.218924], [122.677584, 11.218385], [122.677315, 11.218385], [122.677315, 11.217577], [122.677045, 11.217577], [122.677045, 11.216768], [122.677315, 11.216768], [122.677315, 11.216229], [122.677584, 11.216229], [122.677584, 11.21596], [122.678123, 11.21596], [122.678123, 11.215151], [122.677045, 11.215151], [122.677045, 11.214343], [122.677584, 11.214343], [122.677584, 11.214073], [122.678393, 11.214073], [122.678393, 11.213804], [122.678932, 11.213804], [122.678932, 11.213534], [122.679201, 11.213534], [122.679201, 11.213265], [122.679471, 11.213265], [122.679471, 11.212995], [122.67974, 11.212995], [122.67974, 11.211648], [122.68001, 11.211648], [122.68001, 11.211109], [122.680279, 11.211109], [122.680279, 11.210839], [122.680549, 11.210839], [122.680549, 11.2103], [122.680818, 11.2103], [122.680818, 11.208414], [122.680549, 11.208414], [122.680549, 11.208144], [122.678932, 11.208144], [122.678932, 11.207875], [122.678662, 11.207875], [122.678662, 11.206258], [122.678393, 11.206258], [122.678393, 11.20518], [122.678662, 11.20518], [122.678662, 11.20491], [122.678932, 11.20491], [122.678932, 11.204641], [122.680549, 11.204641], [122.680549, 11.20491], [122.681088, 11.20491], [122.681088, 11.20518], [122.681627, 11.20518], [122.681627, 11.20491], [122.681896, 11.20491], [122.681896, 11.204641], [122.682166, 11.204641], [122.682166, 11.203563], [122.682435, 11.203563], [122.682435, 11.202754], [122.682705, 11.202754], [122.682705, 11.201946], [122.682974, 11.201946], [122.682974, 11.201676], [122.682705, 11.201676], [122.682705, 11.200059], [122.682974, 11.200059], [122.682974, 11.19952], [122.683244, 11.19952], [122.683244, 11.198981], [122.683513, 11.198981], [122.683513, 11.197903], [122.683244, 11.197903], [122.683244, 11.197364], [122.682435, 11.197364], [122.682435, 11.196825], [122.683782, 11.196825], [122.683782, 11.197095], [122.684591, 11.197095], [122.684591, 11.197364], [122.68486, 11.197364], [122.68486, 11.197634], [122.685399, 11.197634], [122.685399, 11.197364], [122.685669, 11.197364], [122.685669, 11.197634], [122.686477, 11.197634], [122.686477, 11.197903], [122.687016, 11.197903], [122.687016, 11.198173], [122.687286, 11.198173], [122.687286, 11.198442], [122.687825, 11.198442], [122.687825, 11.198712], [122.688094, 11.198712], [122.688094, 11.198981], [122.688364, 11.198981], [122.688364, 11.199251], [122.688633, 11.199251], [122.688633, 11.19952], [122.688903, 11.19952], [122.688903, 11.19979], [122.689172, 11.19979], [122.689172, 11.200059], [122.689442, 11.200059], [122.689442, 11.200329], [122.689711, 11.200329], [122.689711, 11.200868], [122.689981, 11.200868], [122.689981, 11.201137], [122.69025, 11.201137], [122.69025, 11.202215], [122.69052, 11.202215], [122.69052, 11.202485], [122.691867, 11.202485], [122.691867, 11.202215], [122.692406, 11.202215], [122.692406, 11.202485], [122.693484, 11.202485], [122.693484, 11.201946], [122.692945, 11.201946], [122.692945, 11.201676], [122.692406, 11.201676], [122.692406, 11.201407], [122.691867, 11.201407], [122.691867, 11.201137], [122.691598, 11.201137], [122.691598, 11.200059], [122.691328, 11.200059], [122.691328, 11.19979], [122.690789, 11.19979], [122.690789, 11.19952], [122.69052, 11.19952], [122.69052, 11.199251], [122.69025, 11.199251], [122.69025, 11.197903], [122.69052, 11.197903], [122.69052, 11.197634], [122.690789, 11.197634], [122.690789, 11.197095], [122.691059, 11.197095], [122.691059, 11.196825], [122.691328, 11.196825], [122.691328, 11.196286], [122.691867, 11.196286], [122.691867, 11.196017], [122.692137, 11.196017], [122.692137, 11.1944], [122.692406, 11.1944], [122.692406, 11.193053], [122.691867, 11.193053], [122.691867, 11.192514], [122.691598, 11.192514], [122.691598, 11.191975], [122.692406, 11.191975], [122.692406, 11.192244], [122.692676, 11.192244], [122.692676, 11.192514], [122.692945, 11.192514], [122.692945, 11.193053], [122.693215, 11.193053], [122.693215, 11.193322], [122.693484, 11.193322], [122.693484, 11.193592], [122.694023, 11.193592], [122.694023, 11.193861], [122.694293, 11.193861], [122.694293, 11.193592], [122.694832, 11.193592], [122.694832, 11.192514], [122.695101, 11.192514], [122.695101, 11.192244], [122.695371, 11.192244], [122.695371, 11.191975], [122.69564, 11.191975], [122.69564, 11.191705], [122.697257, 11.191705], [122.697257, 11.191975], [122.697796, 11.191975], [122.697796, 11.192244], [122.698066, 11.192244], [122.698066, 11.191975], [122.699144, 11.191975], [122.699144, 11.191705], [122.700491, 11.191705], [122.700491, 11.191975], [122.701569, 11.191975], [122.701569, 11.192244], [122.702917, 11.192244], [122.702917, 11.192514], [122.703186, 11.192514], [122.703186, 11.193053], [122.703456, 11.193053], [122.703456, 11.193592], [122.703725, 11.193592], [122.703725, 11.193861], [122.703995, 11.193861], [122.703995, 11.194131], [122.704264, 11.194131], [122.704264, 11.1944], [122.704534, 11.1944], [122.704534, 11.19467], [122.704803, 11.19467], [122.704803, 11.195208], [122.705073, 11.195208], [122.705073, 11.196286], [122.704534, 11.196286], [122.704534, 11.196556], [122.704264, 11.196556], [122.704264, 11.196825], [122.703995, 11.196825], [122.703995, 11.197095], [122.704264, 11.197095], [122.704264, 11.197903], [122.704534, 11.197903], [122.704534, 11.198173], [122.705342, 11.198173], [122.705342, 11.197903], [122.705612, 11.197903], [122.705612, 11.197634], [122.705881, 11.197634], [122.705881, 11.197364], [122.706151, 11.197364], [122.706151, 11.197634], [122.70669, 11.197634], [122.70669, 11.198173], [122.706959, 11.198173], [122.706959, 11.199251], [122.707229, 11.199251], [122.707229, 11.19979], [122.707498, 11.19979], [122.707498, 11.200598], [122.707229, 11.200598], [122.707229, 11.200868], [122.706959, 11.200868], [122.706959, 11.201137], [122.70642, 11.201137], [122.70642, 11.201407], [122.705073, 11.201407], [122.705073, 11.201676], [122.704803, 11.201676], [122.704803, 11.201946], [122.704534, 11.201946], [122.704534, 11.202215], [122.704264, 11.202215], [122.704264, 11.202754], [122.703725, 11.202754], [122.703725, 11.203024], [122.702917, 11.203024], [122.702917, 11.203832], [122.702647, 11.203832], [122.702647, 11.204641], [122.702917, 11.204641], [122.702917, 11.20491], [122.703456, 11.20491], [122.703456, 11.205449], [122.703725, 11.205449], [122.703725, 11.205719], [122.704264, 11.205719], [122.704264, 11.205988], [122.705073, 11.205988], [122.705073, 11.205719], [122.705342, 11.205719], [122.705342, 11.205449], [122.705612, 11.205449], [122.705612, 11.203563], [122.705881, 11.203563], [122.705881, 11.203293], [122.706151, 11.203293], [122.706151, 11.203024], [122.707229, 11.203024], [122.707229, 11.202754], [122.707768, 11.202754], [122.707768, 11.202485], [122.708576, 11.202485], [122.708576, 11.202215], [122.709384, 11.202215], [122.709384, 11.202754], [122.709654, 11.202754], [122.709654, 11.203832], [122.709384, 11.203832], [122.709384, 11.204371], [122.709115, 11.204371], [122.709115, 11.204641], [122.709384, 11.204641], [122.709384, 11.20491], [122.709654, 11.20491], [122.709654, 11.20518], [122.709923, 11.20518], [122.709923, 11.205719], [122.710193, 11.205719], [122.710193, 11.206258], [122.711001, 11.206258], [122.711001, 11.205988], [122.712349, 11.205988], [122.712349, 11.205719], [122.712618, 11.205719], [122.712618, 11.205449], [122.712888, 11.205449], [122.712888, 11.203024], [122.713157, 11.203024], [122.713157, 11.202754], [122.713427, 11.202754], [122.713427, 11.202215], [122.713696, 11.202215], [122.713696, 11.201946], [122.713966, 11.201946], [122.713966, 11.201676], [122.714774, 11.201676], [122.714774, 11.201946], [122.715044, 11.201946], [122.715044, 11.202215], [122.715313, 11.202215], [122.715313, 11.202485], [122.715583, 11.202485], [122.715583, 11.202754], [122.715852, 11.202754], [122.715852, 11.203024], [122.716122, 11.203024], [122.716122, 11.203293], [122.716661, 11.203293], [122.716661, 11.203832], [122.71693, 11.203832], [122.71693, 11.204102], [122.7172, 11.204102], [122.7172, 11.204641], [122.717469, 11.204641], [122.717469, 11.20518], [122.717739, 11.20518], [122.717739, 11.205449], [122.718008, 11.205449], [122.718008, 11.205719], [122.718547, 11.205719], [122.718547, 11.205988], [122.719625, 11.205988], [122.719625, 11.206258], [122.720703, 11.206258], [122.720703, 11.206527], [122.720973, 11.206527], [122.720973, 11.207066], [122.720703, 11.207066], [122.720703, 11.207336], [122.719086, 11.207336], [122.719086, 11.207605], [122.717739, 11.207605], [122.717739, 11.207875], [122.7172, 11.207875], [122.7172, 11.208144], [122.71693, 11.208144], [122.71693, 11.208414], [122.715852, 11.208414], [122.715852, 11.208683], [122.715583, 11.208683], [122.715583, 11.209492], [122.715852, 11.209492], [122.715852, 11.209761], [122.716122, 11.209761], [122.716122, 11.211378], [122.716391, 11.211378], [122.716391, 11.211648], [122.718008, 11.211648], [122.718008, 11.211917], [122.718278, 11.211917], [122.718278, 11.212187], [122.718817, 11.212187], [122.718817, 11.212456], [122.719895, 11.212456], [122.719895, 11.213265], [122.719625, 11.213265], [122.719625, 11.213534], [122.719356, 11.213534], [122.719356, 11.213804], [122.719625, 11.213804], [122.719625, 11.214073], [122.719895, 11.214073], [122.719895, 11.214343], [122.720164, 11.214343], [122.720164, 11.214612], [122.721512, 11.214612], [122.721512, 11.214343], [122.722051, 11.214343], [122.722051, 11.214073], [122.724207, 11.214073], [122.724207, 11.214343], [122.724476, 11.214343], [122.724476, 11.215151], [122.724746, 11.215151], [122.724746, 11.21569], [122.725285, 11.21569], [122.725285, 11.21596], [122.725824, 11.21596], [122.725824, 11.21569], [122.726093, 11.21569], [122.726093, 11.215421], [122.726363, 11.215421], [122.726363, 11.215151], [122.726093, 11.215151], [122.726093, 11.213534], [122.726363, 11.213534], [122.726363, 11.212456], [122.726093, 11.212456], [122.726093, 11.212187], [122.725015, 11.212187], [122.725015, 11.211917], [122.724746, 11.211917], [122.724746, 11.211648], [122.725015, 11.211648], [122.725015, 11.211378], [122.725285, 11.211378], [122.725285, 11.211109], [122.725554, 11.211109], [122.725554, 11.210839], [122.726363, 11.210839], [122.726363, 11.211109], [122.726632, 11.211109], [122.726632, 11.211378], [122.727441, 11.211378], [122.727441, 11.211109], [122.72771, 11.211109], [122.72771, 11.21057], [122.72798, 11.21057], [122.72798, 11.210031], [122.728249, 11.210031], [122.728249, 11.207066], [122.72798, 11.207066], [122.72798, 11.206527], [122.72771, 11.206527], [122.72771, 11.205719], [122.72798, 11.205719], [122.72798, 11.205449], [122.728249, 11.205449], [122.728249, 11.20518], [122.728519, 11.20518], [122.728519, 11.205449], [122.729058, 11.205449], [122.729058, 11.205988], [122.729327, 11.205988], [122.729327, 11.206797], [122.729597, 11.206797], [122.729597, 11.207066], [122.729866, 11.207066], [122.729866, 11.207605], [122.730136, 11.207605], [122.730136, 11.207875], [122.730405, 11.207875], [122.730405, 11.208144], [122.730675, 11.208144], [122.730675, 11.208683], [122.730944, 11.208683], [122.730944, 11.208953], [122.731214, 11.208953], [122.731214, 11.209761], [122.731483, 11.209761], [122.731483, 11.2103], [122.731753, 11.2103], [122.731753, 11.211378], [122.731483, 11.211378], [122.731483, 11.212456], [122.731214, 11.212456], [122.731214, 11.212995], [122.730944, 11.212995], [122.730944, 11.213265], [122.730675, 11.213265], [122.730675, 11.213804], [122.730405, 11.213804], [122.730405, 11.214073], [122.730136, 11.214073], [122.730136, 11.214343], [122.729597, 11.214343], [122.729597, 11.214612], [122.729058, 11.214612], [122.729058, 11.21569], [122.729327, 11.21569], [122.729327, 11.21596], [122.729597, 11.21596], [122.729597, 11.217038], [122.729866, 11.217038], [122.729866, 11.217307], [122.729597, 11.217307], [122.729597, 11.217577], [122.729327, 11.217577], [122.729327, 11.217846], [122.729058, 11.217846], [122.729058, 11.218116], [122.728788, 11.218116], [122.728788, 11.218655], [122.730944, 11.218655], [122.730944, 11.218385], [122.731214, 11.218385], [122.731214, 11.218655], [122.731483, 11.218655], [122.731483, 11.219732], [122.731214, 11.219732], [122.731214, 11.220002], [122.730944, 11.220002], [122.730944, 11.220271], [122.730675, 11.220271], [122.730675, 11.221349], [122.730405, 11.221349], [122.730405, 11.222158], [122.730675, 11.222158], [122.730675, 11.222427], [122.730944, 11.222427], [122.730944, 11.222697], [122.731483, 11.222697], [122.731483, 11.222966], [122.731753, 11.222966], [122.731753, 11.224583], [122.731483, 11.224583], [122.731483, 11.224734], [122.733639, 11.224774], [122.733639, 11.224583], [122.733908, 11.224583], [122.733908, 11.224044], [122.734178, 11.224044], [122.734178, 11.223775], [122.734447, 11.223775], [122.734447, 11.223505], [122.734717, 11.223505], [122.734717, 11.222966], [122.734986, 11.222966], [122.734986, 11.221888], [122.734717, 11.221888], [122.734717, 11.221619], [122.734447, 11.221619], [122.734447, 11.22108], [122.734178, 11.22108], [122.734178, 11.219732], [122.734447, 11.219732], [122.734447, 11.219194], [122.734986, 11.219194], [122.734986, 11.218924], [122.736064, 11.218924], [122.736064, 11.218385], [122.735525, 11.218385], [122.735525, 11.217846], [122.735256, 11.217846], [122.735256, 11.216229], [122.734986, 11.216229], [122.734986, 11.21569], [122.734717, 11.21569], [122.734717, 11.215151], [122.734447, 11.215151], [122.734447, 11.214882], [122.734717, 11.214882], [122.734717, 11.214343], [122.735256, 11.214343], [122.735256, 11.214073], [122.735525, 11.214073], [122.735525, 11.212995], [122.735256, 11.212995], [122.735256, 11.212456], [122.734986, 11.212456], [122.734986, 11.212187], [122.734717, 11.212187], [122.734717, 11.211648], [122.734447, 11.211648], [122.734447, 11.21057], [122.734178, 11.21057], [122.734178, 11.208953], [122.733908, 11.208953], [122.733908, 11.208414], [122.733639, 11.208414], [122.733639, 11.207336], [122.734178, 11.207336], [122.734178, 11.207066], [122.735256, 11.207066], [122.735256, 11.206258], [122.734717, 11.206258], [122.734717, 11.205988], [122.734178, 11.205988], [122.734178, 11.20518], [122.733908, 11.20518], [122.733908, 11.204371], [122.733639, 11.204371], [122.733639, 11.203832], [122.73337, 11.203832], [122.73337, 11.203293], [122.7331, 11.203293], [122.7331, 11.203024], [122.732831, 11.203024], [122.732831, 11.202754], [122.732561, 11.202754], [122.732561, 11.202485], [122.732022, 11.202485], [122.732022, 11.202215], [122.731753, 11.202215], [122.731753, 11.201946], [122.731214, 11.201946], [122.731214, 11.201676], [122.730944, 11.201676], [122.730944, 11.200598], [122.731483, 11.200598], [122.731483, 11.200329], [122.732022, 11.200329], [122.732022, 11.200598], [122.733639, 11.200598], [122.733639, 11.19979], [122.73337, 11.19979], [122.73337, 11.198981], [122.7331, 11.198981], [122.7331, 11.198712], [122.732831, 11.198712], [122.732831, 11.196825], [122.7331, 11.196825], [122.7331, 11.196286], [122.73337, 11.196286], [122.73337, 11.196017], [122.733908, 11.196017], [122.733908, 11.195747], [122.734447, 11.195747], [122.734447, 11.195478], [122.735795, 11.195478], [122.735795, 11.195208], [122.736334, 11.195208], [122.736334, 11.194939], [122.736873, 11.194939], [122.736873, 11.19467], [122.73849, 11.19467], [122.73849, 11.1944], [122.738759, 11.1944], [122.738759, 11.193592], [122.739029, 11.193592], [122.739029, 11.193053], [122.739298, 11.193053], [122.739298, 11.192514], [122.739568, 11.192514], [122.739568, 11.192244], [122.740107, 11.192244], [122.740107, 11.191975], [122.740376, 11.191975], [122.740376, 11.191705], [122.740915, 11.191705], [122.740915, 11.191436], [122.74361, 11.191436], [122.74361, 11.191166], [122.74388, 11.191166], [122.74388, 11.190897], [122.744958, 11.190897], [122.744958, 11.191166], [122.745766, 11.191166], [122.745766, 11.190897], [122.746036, 11.190897], [122.746036, 11.190358], [122.746305, 11.190358], [122.746305, 11.190088], [122.747922, 11.190088], [122.747922, 11.190358], [122.748461, 11.190358], [122.748461, 11.191436], [122.748192, 11.191436], [122.748192, 11.191975], [122.747922, 11.191975], [122.747922, 11.192244], [122.747114, 11.192244], [122.747114, 11.192514], [122.746844, 11.192514], [122.746844, 11.193053], [122.746575, 11.193053], [122.746575, 11.195208], [122.746305, 11.195208], [122.746305, 11.196825], [122.746036, 11.196825], [122.746036, 11.197095], [122.745766, 11.197095], [122.745766, 11.197903], [122.745497, 11.197903], [122.745497, 11.198173], [122.745766, 11.198173], [122.745766, 11.198442], [122.746036, 11.198442], [122.746036, 11.199251], [122.746305, 11.199251], [122.746305, 11.201137], [122.746575, 11.201137], [122.746575, 11.201407], [122.747114, 11.201407], [122.747114, 11.201137], [122.747383, 11.201137], [122.747383, 11.200868], [122.748461, 11.200868], [122.748461, 11.201137], [122.748731, 11.201137], [122.748731, 11.201676], [122.74927, 11.201676], [122.74927, 11.201946], [122.749539, 11.201946], [122.749539, 11.202215], [122.749809, 11.202215], [122.749809, 11.202485], [122.750348, 11.202485], [122.750348, 11.202215], [122.750617, 11.202215], [122.750617, 11.201946], [122.750887, 11.201946], [122.750887, 11.202215], [122.751426, 11.202215], [122.751426, 11.202485], [122.751695, 11.202485], [122.751695, 11.203293], [122.751965, 11.203293], [122.751965, 11.203832], [122.752504, 11.203832], [122.752504, 11.204102], [122.753043, 11.204102], [122.753043, 11.203563], [122.753312, 11.203563], [122.753312, 11.202754], [122.753582, 11.202754], [122.753582, 11.202485], [122.753851, 11.202485], [122.753851, 11.202215], [122.754121, 11.202215], [122.754121, 11.201946], [122.75466, 11.201946], [122.75466, 11.201676], [122.754929, 11.201676], [122.754929, 11.201946], [122.755199, 11.201946], [122.755199, 11.202215], [122.755468, 11.202215], [122.755468, 11.203563], [122.755738, 11.203563], [122.755738, 11.204371], [122.756007, 11.204371], [122.756007, 11.204641], [122.757355, 11.204641], [122.757355, 11.20491], [122.757894, 11.20491], [122.757894, 11.20518], [122.758163, 11.20518], [122.758163, 11.205449], [122.758432, 11.205449], [122.758432, 11.206258], [122.758163, 11.206258], [122.758163, 11.207066], [122.758432, 11.207066], [122.758432, 11.208683], [122.758702, 11.208683], [122.758702, 11.209222], [122.75951, 11.209222], [122.75951, 11.208953], [122.761397, 11.208953], [122.761397, 11.208683], [122.761936, 11.208683], [122.761936, 11.208414], [122.762475, 11.208414], [122.762475, 11.207875], [122.762744, 11.207875], [122.762744, 11.207066], [122.762205, 11.207066], [122.762205, 11.206797], [122.761127, 11.206797], [122.761127, 11.207066], [122.760319, 11.207066], [122.760319, 11.206797], [122.760049, 11.206797], [122.760049, 11.206527], [122.75978, 11.206527], [122.75978, 11.206258], [122.75951, 11.206258], [122.75951, 11.205988], [122.759241, 11.205988], [122.759241, 11.205449], [122.758971, 11.205449], [122.758971, 11.20518], [122.758702, 11.20518], [122.758702, 11.203832], [122.758432, 11.203832], [122.758432, 11.201946], [122.758702, 11.201946], [122.758702, 11.201407], [122.758432, 11.201407], [122.758432, 11.19979], [122.758702, 11.19979], [122.758702, 11.199251], [122.758971, 11.199251], [122.758971, 11.196825], [122.758702, 11.196825], [122.758702, 11.196556], [122.758971, 11.196556], [122.758971, 11.195208], [122.759241, 11.195208], [122.759241, 11.19467], [122.75951, 11.19467], [122.75951, 11.192244], [122.759241, 11.192244], [122.759241, 11.191705], [122.758971, 11.191705], [122.758971, 11.191436], [122.758702, 11.191436], [122.758702, 11.190897], [122.758432, 11.190897], [122.758432, 11.190627], [122.758163, 11.190627], [122.758163, 11.190088], [122.757894, 11.190088], [122.757894, 11.189549], [122.757624, 11.189549], [122.757624, 11.188741], [122.757355, 11.188741], [122.757355, 11.187393], [122.757624, 11.187393], [122.757624, 11.187124], [122.758163, 11.187124], [122.758163, 11.186854], [122.758432, 11.186854], [122.758432, 11.186046], [122.758163, 11.186046], [122.758163, 11.185237], [122.758432, 11.185237], [122.758432, 11.184968], [122.758702, 11.184968], [122.758702, 11.184698], [122.758971, 11.184698], [122.758971, 11.184429], [122.759241, 11.184429], [122.759241, 11.184159], [122.75951, 11.184159], [122.75951, 11.18389], [122.760319, 11.18389], [122.760319, 11.183351], [122.75951, 11.183351], [122.75951, 11.183081], [122.759241, 11.183081], [122.759241, 11.182812], [122.758971, 11.182812], [122.758971, 11.181734], [122.759241, 11.181734], [122.759241, 11.181464], [122.75951, 11.181464], [122.75951, 11.181195], [122.760049, 11.181195], [122.760049, 11.180925], [122.760319, 11.180925], [122.760319, 11.180656], [122.760588, 11.180656], [122.760588, 11.180386], [122.761127, 11.180386], [122.761127, 11.180117], [122.762205, 11.180117], [122.762205, 11.179847], [122.762744, 11.179847], [122.762744, 11.17823], [122.762475, 11.17823], [122.762475, 11.177691], [122.762205, 11.177691], [122.762205, 11.177152], [122.761666, 11.177152], [122.761666, 11.176883], [122.761397, 11.176883], [122.761397, 11.177152], [122.761127, 11.177152], [122.761127, 11.177961], [122.760858, 11.177961], [122.760858, 11.1785], [122.760588, 11.1785], [122.760588, 11.178769], [122.760319, 11.178769], [122.760319, 11.179039], [122.760049, 11.179039], [122.760049, 11.179308], [122.75978, 11.179308], [122.75978, 11.179578], [122.759241, 11.179578], [122.759241, 11.179847], [122.758163, 11.179847], [122.758163, 11.179308], [122.757894, 11.179308], [122.757894, 11.178769], [122.757624, 11.178769], [122.757624, 11.1785], [122.756277, 11.1785], [122.756277, 11.178769], [122.756007, 11.178769], [122.756007, 11.179847], [122.755738, 11.179847], [122.755738, 11.180656], [122.755468, 11.180656], [122.755468, 11.180925], [122.755199, 11.180925], [122.755199, 11.181195], [122.75466, 11.181195], [122.75466, 11.181734], [122.754121, 11.181734], [122.754121, 11.182003], [122.753851, 11.182003], [122.753851, 11.182273], [122.752773, 11.182273], [122.752773, 11.182542], [122.752504, 11.182542], [122.752504, 11.183351], [122.752234, 11.183351], [122.752234, 11.184429], [122.751965, 11.184429], [122.751965, 11.184698], [122.751695, 11.184698], [122.751695, 11.184968], [122.751426, 11.184968], [122.751426, 11.185237], [122.750887, 11.185237], [122.750887, 11.185507], [122.750078, 11.185507], [122.750078, 11.184968], [122.750348, 11.184968], [122.750348, 11.184429], [122.749539, 11.184429], [122.749539, 11.184698], [122.74927, 11.184698], [122.74927, 11.184968], [122.748731, 11.184968], [122.748731, 11.185507], [122.748192, 11.185507], [122.748192, 11.185776], [122.747922, 11.185776], [122.747922, 11.186046], [122.747114, 11.186046], [122.747114, 11.185776], [122.746844, 11.185776], [122.746844, 11.184159], [122.747114, 11.184159], [122.747114, 11.18362], [122.747383, 11.18362], [122.747383, 11.182273], [122.747653, 11.182273], [122.747653, 11.182003], [122.747922, 11.182003], [122.747922, 11.181734], [122.748461, 11.181734], [122.748461, 11.181464], [122.74927, 11.181464], [122.74927, 11.181195], [122.749809, 11.181195], [122.749809, 11.180925], [122.750348, 11.180925], [122.750348, 11.180656], [122.750617, 11.180656], [122.750617, 11.180386], [122.750887, 11.180386], [122.750887, 11.180117], [122.751156, 11.180117], [122.751156, 11.179578], [122.751426, 11.179578], [122.751426, 11.178769], [122.751156, 11.178769], [122.751156, 11.1785], [122.750617, 11.1785], [122.750617, 11.17823], [122.750348, 11.17823], [122.750348, 11.177961], [122.750078, 11.177961], [122.750078, 11.177422], [122.749809, 11.177422], [122.749809, 11.177152], [122.749539, 11.177152], [122.749539, 11.176613], [122.74927, 11.176613], [122.74927, 11.175266], [122.749539, 11.175266], [122.749539, 11.174727], [122.749809, 11.174727], [122.749809, 11.173649], [122.749539, 11.173649], [122.749539, 11.17311], [122.749809, 11.17311], [122.749809, 11.17284], [122.750078, 11.17284], [122.750078, 11.172571], [122.750348, 11.172571], [122.750348, 11.172032], [122.750617, 11.172032], [122.750617, 11.171762], [122.750348, 11.171762], [122.750348, 11.171493], [122.749809, 11.171493], [122.749809, 11.171762], [122.749539, 11.171762], [122.749539, 11.172032], [122.74927, 11.172032], [122.74927, 11.172301], [122.748731, 11.172301], [122.748731, 11.172571], [122.747922, 11.172571], [122.747922, 11.17284], [122.747653, 11.17284], [122.747653, 11.174457], [122.747922, 11.174457], [122.747922, 11.175535], [122.748192, 11.175535], [122.748192, 11.176074], [122.748461, 11.176074], [122.748461, 11.17823], [122.748731, 11.17823], [122.748731, 11.179039], [122.748461, 11.179039], [122.748461, 11.179308], [122.748192, 11.179308], [122.748192, 11.179578], [122.747114, 11.179578], [122.747114, 11.179847], [122.746844, 11.179847], [122.746844, 11.180117], [122.746575, 11.180117], [122.746575, 11.180386], [122.745497, 11.180386], [122.745497, 11.179847], [122.745227, 11.179847], [122.745227, 11.1785], [122.744419, 11.1785], [122.744419, 11.179308], [122.744688, 11.179308], [122.744688, 11.179578], [122.744419, 11.179578], [122.744419, 11.179847], [122.744149, 11.179847], [122.744149, 11.180386], [122.74388, 11.180386], [122.74388, 11.181195], [122.744149, 11.181195], [122.744149, 11.182003], [122.744419, 11.182003], [122.744419, 11.182812], [122.744688, 11.182812], [122.744688, 11.184159], [122.74361, 11.184159], [122.74361, 11.18389], [122.742802, 11.18389], [122.742802, 11.184159], [122.742532, 11.184159], [122.742532, 11.185507], [122.742263, 11.185507], [122.742263, 11.186585], [122.742532, 11.186585], [122.742532, 11.187932], [122.742263, 11.187932], [122.742263, 11.188202], [122.741993, 11.188202], [122.741993, 11.188471], [122.741454, 11.188471], [122.741454, 11.188202], [122.741185, 11.188202], [122.741185, 11.186854], [122.740915, 11.186854], [122.740915, 11.185776], [122.740646, 11.185776], [122.740646, 11.185237], [122.740376, 11.185237], [122.740376, 11.184968], [122.739568, 11.184968], [122.739568, 11.185237], [122.739298, 11.185237], [122.739298, 11.186046], [122.739568, 11.186046], [122.739568, 11.186315], [122.739298, 11.186315], [122.739298, 11.187124], [122.739029, 11.187124], [122.739029, 11.187663], [122.739298, 11.187663], [122.739298, 11.188202], [122.739568, 11.188202], [122.739568, 11.188471], [122.739837, 11.188471], [122.739837, 11.18928], [122.739568, 11.18928], [122.739568, 11.189819], [122.739298, 11.189819], [122.739298, 11.190088], [122.739029, 11.190088], [122.739029, 11.190627], [122.738759, 11.190627], [122.738759, 11.190897], [122.73849, 11.190897], [122.73849, 11.191166], [122.73822, 11.191166], [122.73822, 11.191705], [122.737951, 11.191705], [122.737951, 11.191975], [122.737681, 11.191975], [122.737681, 11.192244], [122.737412, 11.192244], [122.737412, 11.192783], [122.737142, 11.192783], [122.737142, 11.193053], [122.736873, 11.193053], [122.736873, 11.193322], [122.735795, 11.193322], [122.735795, 11.193592], [122.734986, 11.193592], [122.734986, 11.193861], [122.73337, 11.193861], [122.73337, 11.193592], [122.7331, 11.193592], [122.7331, 11.193053], [122.732831, 11.193053], [122.732831, 11.191975], [122.732561, 11.191975], [122.732561, 11.191436], [122.732292, 11.191436], [122.732292, 11.191166], [122.732022, 11.191166], [122.732022, 11.190627], [122.731753, 11.190627], [122.731753, 11.190088], [122.731483, 11.190088], [122.731483, 11.189819], [122.730944, 11.189819], [122.730944, 11.190088], [122.730675, 11.190088], [122.730675, 11.192783], [122.730944, 11.192783], [122.730944, 11.193322], [122.731214, 11.193322], [122.731214, 11.193592], [122.731483, 11.193592], [122.731483, 11.193861], [122.731753, 11.193861], [122.731753, 11.194939], [122.731483, 11.194939], [122.731483, 11.195208], [122.731214, 11.195208], [122.731214, 11.195478], [122.730944, 11.195478], [122.730944, 11.195747], [122.730675, 11.195747], [122.730675, 11.196825], [122.730405, 11.196825], [122.730405, 11.197364], [122.730136, 11.197364], [122.730136, 11.197634], [122.729866, 11.197634], [122.729866, 11.197903], [122.729058, 11.197903], [122.729058, 11.197634], [122.728788, 11.197634], [122.728788, 11.197095], [122.728519, 11.197095], [122.728519, 11.196286], [122.728249, 11.196286], [122.728249, 11.1944], [122.728519, 11.1944], [122.728519, 11.192783], [122.728788, 11.192783], [122.728788, 11.192514], [122.728519, 11.192514], [122.728519, 11.192244], [122.728249, 11.192244], [122.728249, 11.191975], [122.72771, 11.191975], [122.72771, 11.191705], [122.727171, 11.191705], [122.727171, 11.191436], [122.726902, 11.191436], [122.726902, 11.190897], [122.726632, 11.190897], [122.726632, 11.188202], [122.726363, 11.188202], [122.726363, 11.187393], [122.726093, 11.187393], [122.726093, 11.186854], [122.725824, 11.186854], [122.725824, 11.186585], [122.725554, 11.186585], [122.725554, 11.186315], [122.725285, 11.186315], [122.725285, 11.186046], [122.725015, 11.186046], [122.725015, 11.185776], [122.724746, 11.185776], [122.724746, 11.185237], [122.724476, 11.185237], [122.724476, 11.184698], [122.724207, 11.184698], [122.724207, 11.184159], [122.723937, 11.184159], [122.723937, 11.183081], [122.723668, 11.183081], [122.723668, 11.182812], [122.722859, 11.182812], [122.722859, 11.183081], [122.72259, 11.183081], [122.72259, 11.183351], [122.72232, 11.183351], [122.72232, 11.18362], [122.722051, 11.18362], [122.722051, 11.18389], [122.721512, 11.18389], [122.721512, 11.184159], [122.720703, 11.184159], [122.720703, 11.184429], [122.720164, 11.184429], [122.720164, 11.185507], [122.719895, 11.185507], [122.719895, 11.186046], [122.719625, 11.186046], [122.719625, 11.186585], [122.719356, 11.186585], [122.719356, 11.188741], [122.719086, 11.188741], [122.719086, 11.18901], [122.718817, 11.18901], [122.718817, 11.18928], [122.718547, 11.18928], [122.718547, 11.189819], [122.718278, 11.189819], [122.718278, 11.190088], [122.718547, 11.190088], [122.718547, 11.190897], [122.718278, 11.190897], [122.718278, 11.191166], [122.717739, 11.191166], [122.717739, 11.190897], [122.717469, 11.190897], [122.717469, 11.189549], [122.717739, 11.189549], [122.717739, 11.18928], [122.717469, 11.18928], [122.717469, 11.187124], [122.7172, 11.187124], [122.7172, 11.186315], [122.71693, 11.186315], [122.71693, 11.185776], [122.716661, 11.185776], [122.716661, 11.185237], [122.716122, 11.185237], [122.716122, 11.184968], [122.715852, 11.184968], [122.715852, 11.184698], [122.715583, 11.184698], [122.715583, 11.184429], [122.715313, 11.184429], [122.715313, 11.18389], [122.715044, 11.18389], [122.715044, 11.18362], [122.714774, 11.18362], [122.714774, 11.183081], [122.714505, 11.183081], [122.714505, 11.182273], [122.715852, 11.182273], [122.715852, 11.182542], [122.7172, 11.182542], [122.7172, 11.182273], [122.717469, 11.182273], [122.717469, 11.181734], [122.717739, 11.181734], [122.717739, 11.181195], [122.718008, 11.181195], [122.718008, 11.180925], [122.718278, 11.180925], [122.718278, 11.181195], [122.718817, 11.181195], [122.718817, 11.181464], [122.719356, 11.181464], [122.719356, 11.181734], [122.720164, 11.181734], [122.720164, 11.181464], [122.720434, 11.181464], [122.720434, 11.181195], [122.720703, 11.181195], [122.720703, 11.180656], [122.720973, 11.180656], [122.720973, 11.180386], [122.721242, 11.180386], [122.721242, 11.178769], [122.720973, 11.178769], [122.720973, 11.176883], [122.721242, 11.176883], [122.721242, 11.176613], [122.721512, 11.176613], [122.721512, 11.176344], [122.721781, 11.176344], [122.721781, 11.176074], [122.722051, 11.176074], [122.722051, 11.175535], [122.72232, 11.175535], [122.72232, 11.174727], [122.721781, 11.174727], [122.721781, 11.174996], [122.721242, 11.174996], [122.721242, 11.175266], [122.720703, 11.175266], [122.720703, 11.174996], [122.720434, 11.174996], [122.720434, 11.174727], [122.720164, 11.174727], [122.720164, 11.174457], [122.719895, 11.174457], [122.719895, 11.174188], [122.719625, 11.174188], [122.719625, 11.173918], [122.719356, 11.173918], [122.719356, 11.173649], [122.718817, 11.173649], [122.718817, 11.173379], [122.718278, 11.173379], [122.718278, 11.17311], [122.718008, 11.17311], [122.718008, 11.17284], [122.717739, 11.17284], [122.717739, 11.172571], [122.717469, 11.172571], [122.717469, 11.171762], [122.7172, 11.171762], [122.7172, 11.171493], [122.717469, 11.171493], [122.717469, 11.170954], [122.71693, 11.170954], [122.71693, 11.170684], [122.716661, 11.170684], [122.716661, 11.170415], [122.716391, 11.170415], [122.716391, 11.170145], [122.715852, 11.170145], [122.715852, 11.169876], [122.715313, 11.169876], [122.715313, 11.169607], [122.715044, 11.169607], [122.715044, 11.169337], [122.714774, 11.169337], [122.714774, 11.169068], [122.714505, 11.169068], [122.714505, 11.168798], [122.714235, 11.168798], [122.714235, 11.168529], [122.713966, 11.168529], [122.713966, 11.168259], [122.713696, 11.168259], [122.713696, 11.166373], [122.713966, 11.166373], [122.713966, 11.165834], [122.714235, 11.165834], [122.714235, 11.165564], [122.714774, 11.165564], [122.714774, 11.165295], [122.715044, 11.165295], [122.715044, 11.165025], [122.715313, 11.165025], [122.715313, 11.164756], [122.715852, 11.164756], [122.715852, 11.164486], [122.716122, 11.164486], [122.716122, 11.164217], [122.71693, 11.164217], [122.71693, 11.163947], [122.717469, 11.163947], [122.717469, 11.163678], [122.717739, 11.163678], [122.717739, 11.163139], [122.718008, 11.163139], [122.718008, 11.1626], [122.718278, 11.1626], [122.718278, 11.16233], [122.718817, 11.16233], [122.718817, 11.162061], [122.720164, 11.162061], [122.720164, 11.161791], [122.720434, 11.161791], [122.720434, 11.161522], [122.720703, 11.161522], [122.720703, 11.160983], [122.720973, 11.160983], [122.720973, 11.160713], [122.722051, 11.160713], [122.722051, 11.160983], [122.72232, 11.160983], [122.72232, 11.161252], [122.72259, 11.161252], [122.72259, 11.162061], [122.72232, 11.162061], [122.72232, 11.16233], [122.722051, 11.16233], [122.722051, 11.1626], [122.721512, 11.1626], [122.721512, 11.162869], [122.721242, 11.162869], [122.721242, 11.163408], [122.720973, 11.163408], [122.720973, 11.163678], [122.721242, 11.163678], [122.721242, 11.164486], [122.720973, 11.164486], [122.720973, 11.165025], [122.720703, 11.165025], [122.720703, 11.165834], [122.720434, 11.165834], [122.720434, 11.166103], [122.720164, 11.166103], [122.720164, 11.167451], [122.720703, 11.167451], [122.720703, 11.167181], [122.721512, 11.167181], [122.721512, 11.167451], [122.722051, 11.167451], [122.722051, 11.16799], [122.72232, 11.16799], [122.72232, 11.168529], [122.72259, 11.168529], [122.72259, 11.168798], [122.722859, 11.168798], [122.722859, 11.169068], [122.723937, 11.169068], [122.723937, 11.168529], [122.724207, 11.168529], [122.724207, 11.168259], [122.724476, 11.168259], [122.724476, 11.16799], [122.725015, 11.16799], [122.725015, 11.16772], [122.725285, 11.16772], [122.725285, 11.167451], [122.726632, 11.167451], [122.726632, 11.16772], [122.727171, 11.16772], [122.727171, 11.16799], [122.727441, 11.16799], [122.727441, 11.168529], [122.728519, 11.168529], [122.728519, 11.16799], [122.729058, 11.16799], [122.729058, 11.16772], [122.729327, 11.16772], [122.729327, 11.16799], [122.729866, 11.16799], [122.729866, 11.168529], [122.730136, 11.168529], [122.730136, 11.168798], [122.730405, 11.168798], [122.730405, 11.169068], [122.730675, 11.169068], [122.730675, 11.169337], [122.730944, 11.169337], [122.730944, 11.169607], [122.731483, 11.169607], [122.731483, 11.169876], [122.731753, 11.169876], [122.731753, 11.170145], [122.732292, 11.170145], [122.732292, 11.170415], [122.732561, 11.170415], [122.732561, 11.170684], [122.732831, 11.170684], [122.732831, 11.170954], [122.73337, 11.170954], [122.73337, 11.171223], [122.735256, 11.171223], [122.735256, 11.170145], [122.734986, 11.170145], [122.734986, 11.169876], [122.734717, 11.169876], [122.734717, 11.169607], [122.732561, 11.169607], [122.732561, 11.16799], [122.732831, 11.16799], [122.732831, 11.167451], [122.7331, 11.167451], [122.7331, 11.167181], [122.73337, 11.167181], [122.73337, 11.166912], [122.733639, 11.166912], [122.733639, 11.166642], [122.734178, 11.166642], [122.734178, 11.166373], [122.734447, 11.166373], [122.734447, 11.166103], [122.734717, 11.166103], [122.734717, 11.165564], [122.734986, 11.165564], [122.734986, 11.165025], [122.735256, 11.165025], [122.735256, 11.164486], [122.735525, 11.164486], [122.735525, 11.1626], [122.735256, 11.1626], [122.735256, 11.16233], [122.734986, 11.16233], [122.734986, 11.161252], [122.736064, 11.161252], [122.736064, 11.161522], [122.736603, 11.161522], [122.736603, 11.161791], [122.737142, 11.161791], [122.737142, 11.162061], [122.737681, 11.162061], [122.737681, 11.16233], [122.737951, 11.16233], [122.737951, 11.1626], [122.73822, 11.1626], [122.73822, 11.163139], [122.73849, 11.163139], [122.73849, 11.163408], [122.738759, 11.163408], [122.738759, 11.163947], [122.739298, 11.163947], [122.739298, 11.164217], [122.739568, 11.164217], [122.739568, 11.16233], [122.739298, 11.16233], [122.739298, 11.160983], [122.739029, 11.160983], [122.739029, 11.159905], [122.739298, 11.159905], [122.739298, 11.158288], [122.738759, 11.158288], [122.738759, 11.157749], [122.73849, 11.157749], [122.73849, 11.157479], [122.73822, 11.157479], [122.73822, 11.155593], [122.73849, 11.155593], [122.73849, 11.155323], [122.740376, 11.155323], [122.740376, 11.155593], [122.740646, 11.155593], [122.740646, 11.156132], [122.740915, 11.156132], [122.740915, 11.15721], [122.741185, 11.15721], [122.741185, 11.159366], [122.741454, 11.159366], [122.741454, 11.159635], [122.741724, 11.159635], [122.741724, 11.159905], [122.741993, 11.159905], [122.741993, 11.160174], [122.742263, 11.160174], [122.742263, 11.160444], [122.742802, 11.160444], [122.742802, 11.160713], [122.743341, 11.160713], [122.743341, 11.160983], [122.74361, 11.160983], [122.74361, 11.161252], [122.744149, 11.161252], [122.744149, 11.161522], [122.745227, 11.161522], [122.745227, 11.161252], [122.745766, 11.161252], [122.745766, 11.161522], [122.746575, 11.161522], [122.746575, 11.161791], [122.746844, 11.161791], [122.746844, 11.162061], [122.747114, 11.162061], [122.747114, 11.1626], [122.747383, 11.1626], [122.747383, 11.163139], [122.747922, 11.163139], [122.747922, 11.163408], [122.749809, 11.163408], [122.749809, 11.163139], [122.750617, 11.163139], [122.750617, 11.1626], [122.751156, 11.1626], [122.751156, 11.161522], [122.751426, 11.161522], [122.751426, 11.160983], [122.751695, 11.160983], [122.751695, 11.160713], [122.752234, 11.160713], [122.752234, 11.160174], [122.751965, 11.160174], [122.751965, 11.159096], [122.753582, 11.159096], [122.753582, 11.158827], [122.753851, 11.158827], [122.753851, 11.158557], [122.75439, 11.158557], [122.75439, 11.158288], [122.75466, 11.158288], [122.75466, 11.158018], [122.754929, 11.158018], [122.754929, 11.157749], [122.756277, 11.157749], [122.756277, 11.157479], [122.757355, 11.157479], [122.757355, 11.157749], [122.757624, 11.157749], [122.757624, 11.158018], [122.757894, 11.158018], [122.757894, 11.158288], [122.758163, 11.158288], [122.758163, 11.158557], [122.758971, 11.158557], [122.758971, 11.158827], [122.75978, 11.158827], [122.75978, 11.159096], [122.760319, 11.159096], [122.760319, 11.159366], [122.760858, 11.159366], [122.760858, 11.159635], [122.761397, 11.159635], [122.761397, 11.159905], [122.762205, 11.159905], [122.762205, 11.160174], [122.762475, 11.160174], [122.762475, 11.162061], [122.762205, 11.162061], [122.762205, 11.163139], [122.763553, 11.163139], [122.763553, 11.162869], [122.763822, 11.162869], [122.763822, 11.16233], [122.763553, 11.16233], [122.763553, 11.161252], [122.763822, 11.161252], [122.763822, 11.159905], [122.764092, 11.159905], [122.764092, 11.159635], [122.764361, 11.159635], [122.764361, 11.159366], [122.7649, 11.159366], [122.7649, 11.158827], [122.76517, 11.158827], [122.76517, 11.158288], [122.765439, 11.158288], [122.765439, 11.157749], [122.765709, 11.157749], [122.765709, 11.157479], [122.765978, 11.157479], [122.765978, 11.15721], [122.766248, 11.15721], [122.766248, 11.15694], [122.766517, 11.15694], [122.766517, 11.156671], [122.766787, 11.156671], [122.766787, 11.156401], [122.767056, 11.156401], [122.767056, 11.155862], [122.767326, 11.155862], [122.767326, 11.155593], [122.767595, 11.155593], [122.767595, 11.155054], [122.767865, 11.155054], [122.767865, 11.154784], [122.768134, 11.154784], [122.768134, 11.154515], [122.768404, 11.154515], [122.768404, 11.153976], [122.768673, 11.153976], [122.768673, 11.153706], [122.768943, 11.153706], [122.768943, 11.153437], [122.771368, 11.153437], [122.771368, 11.153706], [122.771907, 11.153706], [122.771907, 11.153976], [122.772177, 11.153976], [122.772177, 11.154245], [122.772446, 11.154245], [122.772446, 11.154515], [122.772716, 11.154515], [122.772716, 11.154784], [122.772985, 11.154784], [122.772985, 11.155054], [122.773255, 11.155054], [122.773255, 11.15694], [122.773524, 11.15694], [122.773524, 11.157479], [122.773794, 11.157479], [122.773794, 11.157749], [122.774063, 11.157749], [122.774063, 11.158288], [122.774333, 11.158288], [122.774333, 11.158557], [122.774872, 11.158557], [122.774872, 11.158827], [122.775411, 11.158827], [122.775411, 11.159096], [122.776219, 11.159096], [122.776219, 11.159366], [122.777567, 11.159366], [122.777567, 11.159635], [122.777836, 11.159635], [122.777836, 11.160713], [122.778106, 11.160713], [122.778106, 11.161252], [122.780801, 11.161252], [122.780801, 11.160983], [122.78134, 11.160983], [122.78134, 11.160713], [122.781609, 11.160713], [122.781609, 11.160983], [122.782418, 11.160983], [122.782418, 11.161252], [122.782687, 11.161252], [122.782687, 11.161522], [122.784573, 11.161522], [122.784573, 11.161252], [122.785921, 11.161252], [122.785921, 11.161522], [122.78646, 11.161522], [122.78646, 11.161791], [122.786999, 11.161791], [122.786999, 11.162061], [122.787268, 11.162061], [122.787268, 11.16233], [122.787807, 11.16233], [122.787807, 11.1626], [122.788885, 11.1626], [122.788885, 11.161522], [122.788616, 11.161522], [122.788616, 11.161252], [122.788346, 11.161252], [122.788346, 11.160983], [122.788077, 11.160983], [122.788077, 11.160444], [122.787807, 11.160444], [122.787807, 11.160174], [122.787538, 11.160174], [122.787538, 11.159905], [122.786999, 11.159905], [122.786999, 11.159635], [122.785651, 11.159635], [122.785651, 11.159366], [122.785112, 11.159366], [122.785112, 11.159096], [122.784843, 11.159096], [122.784843, 11.158827], [122.784573, 11.158827], [122.784573, 11.158288], [122.784034, 11.158288], [122.784034, 11.158557], [122.783765, 11.158557], [122.783765, 11.158827], [122.782148, 11.158827], [122.782148, 11.158557], [122.78134, 11.158557], [122.78134, 11.158288], [122.780531, 11.158288], [122.780531, 11.158018], [122.779184, 11.158018], [122.779184, 11.157749], [122.778914, 11.157749], [122.778914, 11.157479], [122.778645, 11.157479], [122.778645, 11.15721], [122.778375, 11.15721], [122.778375, 11.15694], [122.778106, 11.15694], [122.778106, 11.156671], [122.777297, 11.156671], [122.777297, 11.156401], [122.77568, 11.156401], [122.77568, 11.156132], [122.775411, 11.156132], [122.775411, 11.155862], [122.775141, 11.155862], [122.775141, 11.155323], [122.775411, 11.155323], [122.775411, 11.155054], [122.77568, 11.155054], [122.77568, 11.154784], [122.776219, 11.154784], [122.776219, 11.154515], [122.776758, 11.154515], [122.776758, 11.154245], [122.777297, 11.154245], [122.777297, 11.153706], [122.777028, 11.153706], [122.777028, 11.153437], [122.776489, 11.153437], [122.776489, 11.153706], [122.773794, 11.153706], [122.773794, 11.153437], [122.773524, 11.153437], [122.773524, 11.152089], [122.773794, 11.152089], [122.773794, 11.15182], [122.774063, 11.15182], [122.774063, 11.15155], [122.774333, 11.15155], [122.774333, 11.151281], [122.774063, 11.151281], [122.774063, 11.149933], [122.773794, 11.149933], [122.773794, 11.149394], [122.773524, 11.149394], [122.773524, 11.149125], [122.773255, 11.149125], [122.773255, 11.148855], [122.772985, 11.148855], [122.772985, 11.148316], [122.772716, 11.148316], [122.772716, 11.147777], [122.772446, 11.147777], [122.772446, 11.147238], [122.772716, 11.147238], [122.772716, 11.14643], [122.772446, 11.14643], [122.772446, 11.14616], [122.772177, 11.14616], [122.772177, 11.145891], [122.771638, 11.145891], [122.771638, 11.145621], [122.771099, 11.145621], [122.771099, 11.145352], [122.77029, 11.145352], [122.77029, 11.145082], [122.770021, 11.145082], [122.770021, 11.144813], [122.769482, 11.144813], [122.769482, 11.144544], [122.769212, 11.144544], [122.769212, 11.144274], [122.768943, 11.144274], [122.768943, 11.144005], [122.768673, 11.144005], [122.768673, 11.143735], [122.768404, 11.143735], [122.768404, 11.143466], [122.768134, 11.143466], [122.768134, 11.143196], [122.767865, 11.143196], [122.767865, 11.142927], [122.767595, 11.142927], [122.767595, 11.142657], [122.767326, 11.142657], [122.767326, 11.142118], [122.766787, 11.142118], [122.766787, 11.141849], [122.766248, 11.141849], [122.766248, 11.142118], [122.765978, 11.142118], [122.765978, 11.144274], [122.766248, 11.144274], [122.766248, 11.145621], [122.765978, 11.145621], [122.765978, 11.14616], [122.766248, 11.14616], [122.766248, 11.14643], [122.766517, 11.14643], [122.766517, 11.146969], [122.766787, 11.146969], [122.766787, 11.148047], [122.767056, 11.148047], [122.767056, 11.148855], [122.767326, 11.148855], [122.767326, 11.149394], [122.767056, 11.149394], [122.767056, 11.149933], [122.766787, 11.149933], [122.766787, 11.151011], [122.766517, 11.151011], [122.766517, 11.15155], [122.766248, 11.15155], [122.766248, 11.152089], [122.765978, 11.152089], [122.765978, 11.152628], [122.765709, 11.152628], [122.765709, 11.153437], [122.765439, 11.153437], [122.765439, 11.154245], [122.76517, 11.154245], [122.76517, 11.154784], [122.7649, 11.154784], [122.7649, 11.155054], [122.764631, 11.155054], [122.764631, 11.155323], [122.764361, 11.155323], [122.764361, 11.155593], [122.763822, 11.155593], [122.763822, 11.155862], [122.762744, 11.155862], [122.762744, 11.156132], [122.761666, 11.156132], [122.761666, 11.155862], [122.761397, 11.155862], [122.761397, 11.155593], [122.761127, 11.155593], [122.761127, 11.154245], [122.761397, 11.154245], [122.761397, 11.153976], [122.762205, 11.153976], [122.762205, 11.153706], [122.762744, 11.153706], [122.762744, 11.153437], [122.763014, 11.153437], [122.763014, 11.153167], [122.763283, 11.153167], [122.763283, 11.152628], [122.763014, 11.152628], [122.763014, 11.152359], [122.762744, 11.152359], [122.762744, 11.152089], [122.761666, 11.152089], [122.761666, 11.15182], [122.761397, 11.15182], [122.761397, 11.15155], [122.761127, 11.15155], [122.761127, 11.151281], [122.760858, 11.151281], [122.760858, 11.151011], [122.760319, 11.151011], [122.760319, 11.150742], [122.760049, 11.150742], [122.760049, 11.151011], [122.75978, 11.151011], [122.75978, 11.152089], [122.75951, 11.152089], [122.75951, 11.152359], [122.759241, 11.152359], [122.759241, 11.152628], [122.758432, 11.152628], [122.758432, 11.152898], [122.757355, 11.152898], [122.757355, 11.153167], [122.757085, 11.153167], [122.757085, 11.153437], [122.756546, 11.153437], [122.756546, 11.153706], [122.755738, 11.153706], [122.755738, 11.153976], [122.755199, 11.153976], [122.755199, 11.154515], [122.754929, 11.154515], [122.754929, 11.154784], [122.75466, 11.154784], [122.75466, 11.155054], [122.75439, 11.155054], [122.75439, 11.155323], [122.754121, 11.155323], [122.754121, 11.155593], [122.753851, 11.155593], [122.753851, 11.155862], [122.753582, 11.155862], [122.753582, 11.156132], [122.753312, 11.156132], [122.753312, 11.156401], [122.753043, 11.156401], [122.753043, 11.156671], [122.752773, 11.156671], [122.752773, 11.15721], [122.752504, 11.15721], [122.752504, 11.157479], [122.751965, 11.157479], [122.751965, 11.157749], [122.751156, 11.157749], [122.751156, 11.157479], [122.750887, 11.157479], [122.750887, 11.15721], [122.750617, 11.15721], [122.750617, 11.15694], [122.750348, 11.15694], [122.750348, 11.156671], [122.750078, 11.156671], [122.750078, 11.156401], [122.749809, 11.156401], [122.749809, 11.155862], [122.749539, 11.155862], [122.749539, 11.155593], [122.74927, 11.155593], [122.74927, 11.155323], [122.749, 11.155323], [122.749, 11.154784], [122.748731, 11.154784], [122.748731, 11.154515], [122.749, 11.154515], [122.749, 11.153976], [122.74927, 11.153976], [122.74927, 11.153437], [122.749, 11.153437], [122.749, 11.153167], [122.748731, 11.153167], [122.748731, 11.152898], [122.748192, 11.152898], [122.748192, 11.152628], [122.747653, 11.152628], [122.747653, 11.152359], [122.747114, 11.152359], [122.747114, 11.152898], [122.746844, 11.152898], [122.746844, 11.153167], [122.746575, 11.153167], [122.746575, 11.153976], [122.746036, 11.153976], [122.746036, 11.155593], [122.745766, 11.155593], [122.745766, 11.155862], [122.745497, 11.155862], [122.745497, 11.156401], [122.745227, 11.156401], [122.745227, 11.156671], [122.744419, 11.156671], [122.744419, 11.156401], [122.744149, 11.156401], [122.744149, 11.155593], [122.74388, 11.155593], [122.74388, 11.155323], [122.74361, 11.155323], [122.74361, 11.155054], [122.743341, 11.155054], [122.743341, 11.154784], [122.743071, 11.154784], [122.743071, 11.154515], [122.742802, 11.154515], [122.742802, 11.153976], [122.742532, 11.153976], [122.742532, 11.152359], [122.742263, 11.152359], [122.742263, 11.152089], [122.741993, 11.152089], [122.741993, 11.15182], [122.741724, 11.15182], [122.741724, 11.152089], [122.741185, 11.152089], [122.741185, 11.152359], [122.739298, 11.152359], [122.739298, 11.152089], [122.738759, 11.152089], [122.738759, 11.15182], [122.73849, 11.15182], [122.73849, 11.15155], [122.73822, 11.15155], [122.73822, 11.151281], [122.736603, 11.151281], [122.736603, 11.151011], [122.734717, 11.151011], [122.734717, 11.151281], [122.734447, 11.151281], [122.734447, 11.15182], [122.734178, 11.15182], [122.734178, 11.152089], [122.733908, 11.152089], [122.733908, 11.152359], [122.733639, 11.152359], [122.733639, 11.152628], [122.732831, 11.152628], [122.732831, 11.152359], [122.732292, 11.152359], [122.732292, 11.152089], [122.731753, 11.152089], [122.731753, 11.15182], [122.730944, 11.15182], [122.730944, 11.15155], [122.729866, 11.15155], [122.729866, 11.15182], [122.729597, 11.15182], [122.729597, 11.152359], [122.729866, 11.152359], [122.729866, 11.153167], [122.730136, 11.153167], [122.730136, 11.155862], [122.729597, 11.155862], [122.729597, 11.156132], [122.729058, 11.156132], [122.729058, 11.156401], [122.728788, 11.156401], [122.728788, 11.156671], [122.729058, 11.156671], [122.729058, 11.15721], [122.729327, 11.15721], [122.729327, 11.157479], [122.729597, 11.157479], [122.729597, 11.157749], [122.729866, 11.157749], [122.729866, 11.158557], [122.729597, 11.158557], [122.729597, 11.159096], [122.729327, 11.159096], [122.729327, 11.159366], [122.729058, 11.159366], [122.729058, 11.159905], [122.728788, 11.159905], [122.728788, 11.160174], [122.728519, 11.160174], [122.728519, 11.160444], [122.728249, 11.160444], [122.728249, 11.160713], [122.72798, 11.160713], [122.72798, 11.160983], [122.727441, 11.160983], [122.727441, 11.161252], [122.726632, 11.161252], [122.726632, 11.160713], [122.726363, 11.160713], [122.726363, 11.159635], [122.726093, 11.159635], [122.726093, 11.159096], [122.725824, 11.159096], [122.725824, 11.158827], [122.725554, 11.158827], [122.725554, 11.158557], [122.723937, 11.158557], [122.723937, 11.158288], [122.72259, 11.158288], [122.72259, 11.158557], [122.721781, 11.158557], [122.721781, 11.158288], [122.720703, 11.158288], [122.720703, 11.158018], [122.720164, 11.158018], [122.720164, 11.157479], [122.719895, 11.157479], [122.719895, 11.15694], [122.719625, 11.15694], [122.719625, 11.156671], [122.719356, 11.156671], [122.719356, 11.156401], [122.719086, 11.156401], [122.719086, 11.156132], [122.718817, 11.156132], [122.718817, 11.155862], [122.718547, 11.155862], [122.718547, 11.155323], [122.718278, 11.155323], [122.718278, 11.155054], [122.718008, 11.155054], [122.718008, 11.154784], [122.717739, 11.154784], [122.717739, 11.154515], [122.717469, 11.154515], [122.717469, 11.153167], [122.717739, 11.153167], [122.717739, 11.152628], [122.718008, 11.152628], [122.718008, 11.152359], [122.718547, 11.152359], [122.718547, 11.152089], [122.718817, 11.152089], [122.718817, 11.150472], [122.719086, 11.150472], [122.719086, 11.150203], [122.719356, 11.150203], [122.719356, 11.149933], [122.719625, 11.149933], [122.719625, 11.149664], [122.719356, 11.149664], [122.719356, 11.149125], [122.718817, 11.149125], [122.718817, 11.148855], [122.718278, 11.148855], [122.718278, 11.148316], [122.718008, 11.148316], [122.718008, 11.147777], [122.718278, 11.147777], [122.718278, 11.147508], [122.718547, 11.147508], [122.718547, 11.147238], [122.719625, 11.147238], [122.719625, 11.14643], [122.720434, 11.14643], [122.720434, 11.146699], [122.720973, 11.146699], [122.720973, 11.146969], [122.721242, 11.146969], [122.721242, 11.147238], [122.721512, 11.147238], [122.721512, 11.147508], [122.72232, 11.147508], [122.72232, 11.147777], [122.722859, 11.147777], [122.722859, 11.148047], [122.723129, 11.148047], [122.723129, 11.148316], [122.723668, 11.148316], [122.723668, 11.148586], [122.724746, 11.148586], [122.724746, 11.148855], [122.725285, 11.148855], [122.725285, 11.148586], [122.725015, 11.148586], [122.725015, 11.148316], [122.724746, 11.148316], [122.724746, 11.147777], [122.724476, 11.147777], [122.724476, 11.14616], [122.724746, 11.14616], [122.724746, 11.145891], [122.724476, 11.145891], [122.724476, 11.145621], [122.724746, 11.145621], [122.724746, 11.145352], [122.726632, 11.145352], [122.726632, 11.145621], [122.730136, 11.145621], [122.730136, 11.145352], [122.731214, 11.145352], [122.731214, 11.145082], [122.731483, 11.145082], [122.731483, 11.143735], [122.731214, 11.143735], [122.731214, 11.143466], [122.730675, 11.143466], [122.730675, 11.142657], [122.731483, 11.142657], [122.731483, 11.142927], [122.732831, 11.142927], [122.732831, 11.142657], [122.733908, 11.142657], [122.733908, 11.142388], [122.734447, 11.142388], [122.734447, 11.142657], [122.736064, 11.142657], [122.736064, 11.142388], [122.740107, 11.142388], [122.740107, 11.142118], [122.740915, 11.142118], [122.740915, 11.142388], [122.741454, 11.142388], [122.741454, 11.142657], [122.741724, 11.142657], [122.741724, 11.142927], [122.742532, 11.142927], [122.742532, 11.142657], [122.742802, 11.142657], [122.742802, 11.142388], [122.743071, 11.142388], [122.743071, 11.14131], [122.742802, 11.14131], [122.742802, 11.140771], [122.742532, 11.140771], [122.742532, 11.139693], [122.742263, 11.139693], [122.742263, 11.139154], [122.741993, 11.139154], [122.741993, 11.138884], [122.741724, 11.138884], [122.741724, 11.138615], [122.741454, 11.138615], [122.741454, 11.138076], [122.741185, 11.138076], [122.741185, 11.137806], [122.740915, 11.137806], [122.740915, 11.137537], [122.740646, 11.137537], [122.740646, 11.136189], [122.740915, 11.136189], [122.740915, 11.135111], [122.740376, 11.135111], [122.740376, 11.134842], [122.739568, 11.134842], [122.739568, 11.134572], [122.738759, 11.134572], [122.738759, 11.133494], [122.739029, 11.133494], [122.739029, 11.133225], [122.739568, 11.133225], [122.739568, 11.132955], [122.739837, 11.132955], [122.739837, 11.132686], [122.740107, 11.132686], [122.740107, 11.132416], [122.739298, 11.132416], [122.739298, 11.130799], [122.739568, 11.130799], [122.739568, 11.13053], [122.739029, 11.13053], [122.739029, 11.129991], [122.738759, 11.129991], [122.738759, 11.129452], [122.73822, 11.129452], [122.73822, 11.129182], [122.737412, 11.129182], [122.737412, 11.129452], [122.737142, 11.129452], [122.737142, 11.129721], [122.736873, 11.129721], [122.736873, 11.129991], [122.736603, 11.129991], [122.736603, 11.130799], [122.736334, 11.130799], [122.736334, 11.134572], [122.736064, 11.134572], [122.736064, 11.13565], [122.735795, 11.13565], [122.735795, 11.13592], [122.735525, 11.13592], [122.735525, 11.136189], [122.734986, 11.136189], [122.734986, 11.13592], [122.734717, 11.13592], [122.734717, 11.13565], [122.733639, 11.13565], [122.733639, 11.13592], [122.73337, 11.13592], [122.73337, 11.136189], [122.7331, 11.136189], [122.7331, 11.136459], [122.732831, 11.136459], [122.732831, 11.136728], [122.732561, 11.136728], [122.732561, 11.136998], [122.731214, 11.136998], [122.731214, 11.137267], [122.730675, 11.137267], [122.730675, 11.137537], [122.730405, 11.137537], [122.730405, 11.137806], [122.728788, 11.137806], [122.728788, 11.137537], [122.727171, 11.137537], [122.727171, 11.137806], [122.726363, 11.137806], [122.726363, 11.137537], [122.725554, 11.137537], [122.725554, 11.137267], [122.725285, 11.137267], [122.725285, 11.136998], [122.725015, 11.136998], [122.725015, 11.136189], [122.724746, 11.136189], [122.724746, 11.13592], [122.724476, 11.13592], [122.724476, 11.13565], [122.724207, 11.13565], [122.724207, 11.135381], [122.723937, 11.135381], [122.723937, 11.135111], [122.723398, 11.135111], [122.723398, 11.134842], [122.72232, 11.134842], [122.72232, 11.135111], [122.722051, 11.135111], [122.722051, 11.134842], [122.721512, 11.134842], [122.721512, 11.134572], [122.721242, 11.134572], [122.721242, 11.134303], [122.720973, 11.134303], [122.720973, 11.133764], [122.720703, 11.133764], [122.720703, 11.131877], [122.720973, 11.131877], [122.720973, 11.131069], [122.721242, 11.131069], [122.721242, 11.13053], [122.721512, 11.13053], [122.721512, 11.129182], [122.721781, 11.129182], [122.721781, 11.128374], [122.721512, 11.128374], [122.721512, 11.128104], [122.721242, 11.128104], [122.721242, 11.127835], [122.720973, 11.127835], [122.720973, 11.127565], [122.720703, 11.127565], [122.720703, 11.126757], [122.720973, 11.126757], [122.720973, 11.126487], [122.721512, 11.126487], [122.721512, 11.126218], [122.72259, 11.126218], [122.72259, 11.125948], [122.723129, 11.125948], [122.723129, 11.125679], [122.723398, 11.125679], [122.723398, 11.12514], [122.723668, 11.12514], [122.723668, 11.12487], [122.723937, 11.12487], [122.723937, 11.124331], [122.724207, 11.124331], [122.724207, 11.123792], [122.724476, 11.123792], [122.724476, 11.123523], [122.724746, 11.123523], [122.724746, 11.123253], [122.725554, 11.123253], [122.725554, 11.122984], [122.725824, 11.122984], [122.725824, 11.122714], [122.726093, 11.122714], [122.726093, 11.122445], [122.726363, 11.122445], [122.726363, 11.122175], [122.726632, 11.122175], [122.726632, 11.121906], [122.726902, 11.121906], [122.726902, 11.121636], [122.727171, 11.121636], [122.727171, 11.120828], [122.727441, 11.120828], [122.727441, 11.120289], [122.72771, 11.120289], [122.72771, 11.12002], [122.72798, 11.12002], [122.72798, 11.11975], [122.728788, 11.11975], [122.728788, 11.120289], [122.729058, 11.120289], [122.729058, 11.120828], [122.729327, 11.120828], [122.729327, 11.121097], [122.729597, 11.121097], [122.729597, 11.121367], [122.730136, 11.121367], [122.730136, 11.121097], [122.730944, 11.121097], [122.730944, 11.120828], [122.731214, 11.120828], [122.731214, 11.120558], [122.731483, 11.120558], [122.731483, 11.120289], [122.731753, 11.120289], [122.731753, 11.12002], [122.732022, 11.12002], [122.732022, 11.11975], [122.73337, 11.11975], [122.73337, 11.12002], [122.735256, 11.12002], [122.735256, 11.120289], [122.735795, 11.120289], [122.735795, 11.120558], [122.736334, 11.120558], [122.736334, 11.120828], [122.739298, 11.120828], [122.739298, 11.120558], [122.740376, 11.120558], [122.740376, 11.120828], [122.741185, 11.120828], [122.741185, 11.121097], [122.741993, 11.121097], [122.741993, 11.121367], [122.742263, 11.121367], [122.742263, 11.121636], [122.742532, 11.121636], [122.742532, 11.122445], [122.742263, 11.122445], [122.742263, 11.123253], [122.742532, 11.123253], [122.742532, 11.123523], [122.742802, 11.123523], [122.742802, 11.123792], [122.743071, 11.123792], [122.743071, 11.124062], [122.74361, 11.124062], [122.74361, 11.124331], [122.74388, 11.124331], [122.74388, 11.124601], [122.744149, 11.124601], [122.744149, 11.12487], [122.744419, 11.12487], [122.744419, 11.125679], [122.744688, 11.125679], [122.744688, 11.125948], [122.745766, 11.125948], [122.745766, 11.126218], [122.746305, 11.126218], [122.746305, 11.126487], [122.746844, 11.126487], [122.746844, 11.126757], [122.747383, 11.126757], [122.747383, 11.127026], [122.748461, 11.127026], [122.748461, 11.127296], [122.748731, 11.127296], [122.748731, 11.127026], [122.749, 11.127026], [122.749, 11.126757], [122.74927, 11.126757], [122.74927, 11.125948], [122.749, 11.125948], [122.749, 11.12514], [122.74927, 11.12514], [122.74927, 11.123792], [122.748461, 11.123792], [122.748461, 11.124331], [122.747922, 11.124331], [122.747922, 11.124601], [122.747383, 11.124601], [122.747383, 11.124331], [122.747114, 11.124331], [122.747114, 11.124062], [122.746844, 11.124062], [122.746844, 11.123523], [122.746575, 11.123523], [122.746575, 11.121906], [122.746305, 11.121906], [122.746305, 11.121097], [122.746036, 11.121097], [122.746036, 11.119481], [122.745766, 11.119481], [122.745766, 11.119211], [122.745497, 11.119211], [122.745497, 11.118942], [122.74388, 11.118942], [122.74388, 11.119211], [122.741724, 11.119211], [122.741724, 11.118942], [122.741454, 11.118942], [122.741454, 11.118672], [122.740915, 11.118672], [122.740915, 11.118403], [122.739837, 11.118403], [122.739837, 11.118672], [122.739029, 11.118672], [122.739029, 11.118942], [122.73822, 11.118942], [122.73822, 11.119211], [122.737681, 11.119211], [122.737681, 11.119481], [122.737412, 11.119481], [122.737412, 11.11975], [122.736603, 11.11975], [122.736603, 11.12002], [122.736064, 11.12002], [122.736064, 11.11975], [122.735795, 11.11975], [122.735795, 11.119481], [122.735525, 11.119481], [122.735525, 11.118942], [122.735256, 11.118942], [122.735256, 11.118672], [122.734986, 11.118672], [122.734986, 11.118403], [122.734717, 11.118403], [122.734717, 11.118133], [122.734447, 11.118133], [122.734447, 11.117864], [122.734178, 11.117864], [122.734178, 11.117594], [122.733908, 11.117594], [122.733908, 11.116786], [122.734178, 11.116786], [122.734178, 11.116516], [122.734447, 11.116516], [122.734447, 11.116247], [122.734717, 11.116247], [122.734717, 11.115977], [122.734986, 11.115977], [122.734986, 11.11463], [122.735256, 11.11463], [122.735256, 11.114091], [122.735525, 11.114091], [122.735525, 11.113821], [122.735795, 11.113821], [122.735795, 11.113282], [122.736064, 11.113282], [122.736064, 11.113013], [122.736334, 11.113013], [122.736334, 11.112743], [122.736873, 11.112743], [122.736873, 11.112204], [122.737142, 11.112204], [122.737142, 11.111396], [122.737412, 11.111396], [122.737412, 11.111126], [122.737681, 11.111126], [122.737681, 11.110857], [122.73849, 11.110857], [122.73849, 11.110587], [122.738759, 11.110587], [122.738759, 11.110048], [122.739029, 11.110048], [122.739029, 11.10924], [122.739298, 11.10924], [122.739298, 11.10897], [122.740107, 11.10897], [122.740107, 11.10924], [122.740376, 11.10924], [122.740376, 11.109779], [122.740915, 11.109779], [122.740915, 11.110048], [122.742263, 11.110048], [122.742263, 11.109509], [122.742532, 11.109509], [122.742532, 11.10924], [122.742802, 11.10924], [122.742802, 11.10897], [122.743071, 11.10897], [122.743071, 11.108701], [122.743341, 11.108701], [122.743341, 11.108431], [122.74361, 11.108431], [122.74361, 11.107623], [122.743341, 11.107623], [122.743341, 11.107084], [122.743071, 11.107084], [122.743071, 11.105736], [122.743341, 11.105736], [122.743341, 11.105467], [122.74361, 11.105467], [122.74361, 11.105197], [122.74388, 11.105197], [122.74388, 11.104928], [122.744149, 11.104928], [122.744149, 11.104658], [122.744419, 11.104658], [122.744419, 11.104389], [122.744688, 11.104389], [122.744688, 11.104119], [122.744958, 11.104119], [122.744958, 11.10385], [122.745227, 11.10385], [122.745227, 11.10358], [122.745497, 11.10358], [122.745497, 11.103311], [122.745766, 11.103311], [122.745766, 11.103041], [122.746305, 11.103041], [122.746305, 11.102772], [122.746844, 11.102772], [122.746844, 11.102502], [122.747383, 11.102502], [122.747383, 11.101694], [122.747114, 11.101694], [122.747114, 11.101155], [122.746844, 11.101155], [122.746844, 11.100616], [122.746575, 11.100616], [122.746575, 11.100077], [122.746844, 11.100077], [122.746844, 11.099807], [122.747922, 11.099807], [122.747922, 11.098999], [122.747653, 11.098999], [122.747653, 11.097921], [122.748192, 11.097921], [122.748192, 11.097382], [122.747922, 11.097382], [122.747922, 11.097112], [122.747114, 11.097112], [122.747114, 11.096843], [122.746305, 11.096843], [122.746305, 11.096573], [122.746036, 11.096573], [122.746036, 11.096304], [122.745766, 11.096304], [122.745766, 11.096034], [122.745497, 11.096034], [122.745497, 11.095765], [122.745227, 11.095765], [122.745227, 11.094418], [122.744419, 11.094418], [122.744419, 11.094687], [122.744149, 11.094687], [122.744149, 11.094957], [122.742802, 11.094957], [122.742802, 11.094687], [122.742263, 11.094687], [122.742263, 11.094418], [122.741724, 11.094418], [122.741724, 11.094148], [122.741454, 11.094148], [122.741454, 11.093879], [122.741185, 11.093879], [122.741185, 11.093609], [122.740915, 11.093609], [122.740915, 11.091453], [122.740646, 11.091453], [122.740646, 11.090106], [122.740915, 11.090106], [122.740915, 11.089567], [122.741185, 11.089567], [122.741185, 11.089028], [122.742532, 11.089028], [122.742532, 11.089297], [122.743071, 11.089297], [122.743071, 11.089567], [122.743341, 11.089567], [122.743341, 11.089836], [122.74388, 11.089836], [122.74388, 11.090375], [122.744149, 11.090375], [122.744149, 11.090645], [122.744419, 11.090645], [122.744419, 11.090914], [122.744688, 11.090914], [122.744688, 11.091184], [122.744958, 11.091184], [122.744958, 11.091453], [122.745227, 11.091453], [122.745227, 11.091723], [122.745497, 11.091723], [122.745497, 11.091992], [122.745766, 11.091992], [122.745766, 11.092262], [122.746036, 11.092262], [122.746036, 11.092531], [122.746281, 11.092531], [122.745264, 11.081125], [122.742263, 11.077756], [122.742263, 11.079595], [122.741993, 11.079595], [122.741993, 11.079865], [122.741724, 11.079865], [122.741724, 11.080134], [122.741454, 11.080134], [122.741454, 11.080943], [122.741185, 11.080943], [122.741185, 11.081482], [122.740107, 11.081482], [122.740107, 11.081212], [122.739837, 11.081212], [122.739837, 11.080673], [122.740107, 11.080673], [122.740107, 11.080134], [122.739837, 11.080134], [122.739837, 11.079326], [122.738759, 11.079326], [122.738759, 11.079595], [122.73849, 11.079595], [122.73849, 11.080134], [122.73822, 11.080134], [122.73822, 11.080673], [122.737951, 11.080673], [122.737951, 11.081212], [122.737681, 11.081212], [122.737681, 11.082021], [122.737412, 11.082021], [122.737412, 11.08256], [122.737142, 11.08256], [122.737142, 11.082829], [122.736873, 11.082829], [122.736873, 11.083099], [122.736334, 11.083099], [122.736334, 11.083368], [122.735795, 11.083368], [122.735795, 11.083638], [122.735525, 11.083638], [122.735525, 11.084177], [122.735256, 11.084177], [122.735256, 11.084446], [122.734986, 11.084446], [122.734986, 11.084716], [122.734717, 11.084716], [122.734717, 11.084446], [122.734447, 11.084446], [122.734447, 11.083907], [122.734178, 11.083907], [122.734178, 11.083638], [122.73337, 11.083638], [122.73337, 11.083907], [122.7331, 11.083907], [122.7331, 11.084177], [122.732831, 11.084177], [122.732831, 11.084716], [122.730675, 11.084716], [122.730675, 11.084446], [122.730136, 11.084446], [122.730136, 11.084177], [122.729327, 11.084177], [122.729327, 11.083907], [122.728249, 11.083907], [122.728249, 11.083638], [122.72798, 11.083638], [122.72798, 11.083368], [122.72771, 11.083368], [122.72771, 11.082829], [122.727441, 11.082829], [122.727441, 11.081751], [122.72771, 11.081751], [122.72771, 11.081482], [122.72798, 11.081482], [122.72798, 11.080673], [122.72771, 11.080673], [122.72771, 11.080404], [122.726902, 11.080404], [122.726902, 11.080134], [122.726632, 11.080134], [122.726632, 11.079865], [122.726363, 11.079865], [122.726363, 11.079595], [122.726093, 11.079595], [122.726093, 11.079056], [122.725824, 11.079056], [122.725824, 11.078787], [122.725554, 11.078787], [122.725554, 11.078517], [122.725285, 11.078517], [122.725285, 11.078248], [122.724746, 11.078248], [122.724746, 11.078517], [122.724207, 11.078517], [122.724207, 11.078787], [122.723937, 11.078787], [122.723937, 11.079056], [122.722859, 11.079056], [122.722859, 11.079326], [122.72259, 11.079326], [122.72259, 11.079056], [122.72232, 11.079056], [122.72232, 11.078787], [122.721781, 11.078787], [122.721781, 11.078517], [122.721512, 11.078517], [122.721512, 11.077978], [122.721242, 11.077978], [122.721242, 11.07717], [122.720973, 11.07717], [122.720973, 11.076631], [122.721242, 11.076631], [122.721242, 11.076361], [122.721512, 11.076361], [122.721512, 11.076092], [122.721781, 11.076092], [122.721781, 11.075553], [122.722051, 11.075553], [122.722051, 11.074205], [122.721781, 11.074205], [122.721781, 11.073936], [122.721512, 11.073936], [122.721512, 11.073397], [122.721242, 11.073397], [122.721242, 11.073936], [122.720973, 11.073936], [122.720973, 11.074205], [122.720703, 11.074205], [122.720703, 11.074475], [122.720434, 11.074475], [122.720434, 11.074205], [122.719895, 11.074205], [122.719895, 11.073936], [122.719086, 11.073936], [122.719086, 11.073666], [122.718817, 11.073666], [122.718817, 11.073397], [122.718547, 11.073397], [122.718547, 11.072588], [122.718278, 11.072588], [122.718278, 11.072319], [122.717739, 11.072319], [122.717739, 11.07178], [122.717469, 11.07178], [122.717469, 11.071241], [122.7172, 11.071241], [122.7172, 11.070702], [122.71693, 11.070702], [122.71693, 11.069894], [122.716661, 11.069894], [122.716661, 11.069355], [122.716391, 11.069355], [122.716391, 11.069085], [122.716122, 11.069085], [122.716122, 11.068546], [122.716391, 11.068546], [122.716391, 11.068277], [122.716122, 11.068277], [122.716122, 11.067468], [122.715313, 11.067468], [122.715313, 11.067199], [122.712618, 11.067199], [122.712618, 11.067468], [122.712349, 11.067468], [122.712349, 11.067738], [122.712079, 11.067738], [122.712079, 11.069355], [122.712349, 11.069355], [122.712349, 11.069624], [122.712888, 11.069624], [122.712888, 11.070163], [122.713157, 11.070163], [122.713157, 11.070702], [122.712888, 11.070702], [122.712888, 11.071241], [122.712618, 11.071241], [122.712618, 11.07151], [122.712079, 11.07151], [122.712079, 11.071241], [122.71154, 11.071241], [122.71154, 11.070971], [122.710193, 11.070971], [122.710193, 11.071241], [122.709923, 11.071241], [122.709923, 11.072319], [122.709654, 11.072319], [122.709654, 11.073397], [122.709923, 11.073397], [122.709923, 11.074205], [122.709654, 11.074205], [122.709654, 11.075822], [122.709384, 11.075822], [122.709384, 11.076092], [122.709115, 11.076092], [122.709115, 11.076631], [122.708576, 11.076631], [122.708576, 11.0769], [122.708307, 11.0769], [122.708307, 11.07717], [122.707768, 11.07717], [122.707768, 11.077439], [122.705612, 11.077439], [122.705612, 11.077709], [122.704803, 11.077709], [122.704803, 11.077439], [122.704264, 11.077439], [122.704264, 11.07717], [122.703995, 11.07717], [122.703995, 11.0769], [122.703725, 11.0769], [122.703725, 11.076631], [122.703456, 11.076631], [122.703456, 11.076361], [122.703186, 11.076361], [122.703186, 11.075553], [122.703725, 11.075553], [122.703725, 11.075822], [122.704264, 11.075822], [122.704264, 11.076092], [122.704534, 11.076092], [122.704534, 11.076361], [122.705073, 11.076361], [122.705073, 11.076092], [122.705342, 11.076092], [122.705342, 11.074205], [122.705612, 11.074205], [122.705612, 11.072858], [122.705881, 11.072858], [122.705881, 11.072588], [122.706151, 11.072588], [122.706151, 11.072319], [122.70669, 11.072319], [122.70669, 11.072049], [122.706959, 11.072049], [122.706959, 11.07178], [122.707229, 11.07178], [122.707229, 11.07151], [122.707498, 11.07151], [122.707498, 11.070971], [122.707768, 11.070971], [122.707768, 11.070432], [122.708037, 11.070432], [122.708037, 11.070163], [122.708307, 11.070163], [122.708307, 11.069624], [122.708576, 11.069624], [122.708576, 11.069085], [122.708845, 11.069085], [122.708845, 11.068007], [122.708307, 11.068007], [122.708307, 11.067738], [122.707229, 11.067738], [122.707229, 11.068007], [122.70669, 11.068007], [122.70669, 11.067738], [122.70642, 11.067738], [122.70642, 11.067199], [122.706151, 11.067199], [122.706151, 11.065851], [122.705881, 11.065851], [122.705881, 11.065582], [122.704803, 11.065582], [122.704803, 11.065851], [122.704534, 11.065851], [122.704534, 11.066121], [122.704264, 11.066121], [122.704264, 11.065851], [122.703995, 11.065851], [122.703995, 11.065312], [122.703725, 11.065312], [122.703725, 11.064504], [122.703995, 11.064504], [122.703995, 11.064234], [122.704264, 11.064234], [122.704264, 11.063156], [122.703456, 11.063156], [122.703456, 11.062887], [122.702917, 11.062887], [122.702917, 11.062617], [122.702647, 11.062617], [122.702647, 11.061539], [122.702378, 11.061539], [122.702378, 11.061], [122.702108, 11.061], [122.702108, 11.060461], [122.701839, 11.060461], [122.701839, 11.060192], [122.701569, 11.060192], [122.701569, 11.059922], [122.7013, 11.059922], [122.7013, 11.059383], [122.70103, 11.059383], [122.70103, 11.059114], [122.700761, 11.059114], [122.700761, 11.058844], [122.700491, 11.058844], [122.700491, 11.058575], [122.700222, 11.058575], [122.700222, 11.057766], [122.699952, 11.057766], [122.699952, 11.057227], [122.699683, 11.057227], [122.699683, 11.056958], [122.699144, 11.056958], [122.699144, 11.056419], [122.698874, 11.056419], [122.698874, 11.056149], [122.699144, 11.056149], [122.699144, 11.05588], [122.700222, 11.05588], [122.700222, 11.056149], [122.700491, 11.056149], [122.700491, 11.056688], [122.7013, 11.056688], [122.7013, 11.056419], [122.701569, 11.056419], [122.701569, 11.05588], [122.7013, 11.05588], [122.7013, 11.055341], [122.70103, 11.055341], [122.70103, 11.055071], [122.700761, 11.055071], [122.700761, 11.054802], [122.700491, 11.054802], [122.700491, 11.054263], [122.7013, 11.054263], [122.7013, 11.054532], [122.701839, 11.054532], [122.701839, 11.055071], [122.702108, 11.055071], [122.702108, 11.05561], [122.702378, 11.05561], [122.702378, 11.05588], [122.702647, 11.05588], [122.702647, 11.056149], [122.702917, 11.056149], [122.702917, 11.056419], [122.704264, 11.056419], [122.704264, 11.056149], [122.705073, 11.056149], [122.705073, 11.056688], [122.705342, 11.056688], [122.705342, 11.057497], [122.705612, 11.057497], [122.705612, 11.057766], [122.705881, 11.057766], [122.705881, 11.058036], [122.706151, 11.058036], [122.706151, 11.058305], [122.707768, 11.058305], [122.707768, 11.057227], [122.707498, 11.057227], [122.707498, 11.056688], [122.707229, 11.056688], [122.707229, 11.056419], [122.706959, 11.056419], [122.706959, 11.05588], [122.70669, 11.05588], [122.70669, 11.05561], [122.70642, 11.05561], [122.70642, 11.055341], [122.705881, 11.055341], [122.705881, 11.055071], [122.705612, 11.055071], [122.705612, 11.054802], [122.705342, 11.054802], [122.705342, 11.054532], [122.705073, 11.054532], [122.705073, 11.052915], [122.705342, 11.052915], [122.705342, 11.052646], [122.705612, 11.052646], [122.705612, 11.052915], [122.705881, 11.052915], [122.705881, 11.052646], [122.708037, 11.052646], [122.708037, 11.052915], [122.708576, 11.052915], [122.708576, 11.053185], [122.708845, 11.053185], [122.708845, 11.053724], [122.709115, 11.053724], [122.709115, 11.054263], [122.709384, 11.054263], [122.709384, 11.054532], [122.710193, 11.054532], [122.710193, 11.053724], [122.710462, 11.053724], [122.710462, 11.053454], [122.710732, 11.053454], [122.710732, 11.053185], [122.711271, 11.053185], [122.711271, 11.052915], [122.71181, 11.052915], [122.71181, 11.052646], [122.712349, 11.052646], [122.712349, 11.052376], [122.712888, 11.052376], [122.712888, 11.052646], [122.713966, 11.052646], [122.713966, 11.052376], [122.714235, 11.052376], [122.714235, 11.051837], [122.714505, 11.051837], [122.714505, 11.051568], [122.715044, 11.051568], [122.715044, 11.051298], [122.715313, 11.051298], [122.715313, 11.051029], [122.716122, 11.051029], [122.716122, 11.050759], [122.71693, 11.050759], [122.71693, 11.05049], [122.717469, 11.05049], [122.717469, 11.05022], [122.717739, 11.05022], [122.717739, 11.049951], [122.718008, 11.049951], [122.718008, 11.049681], [122.719086, 11.049681], [122.719086, 11.049412], [122.719625, 11.049412], [122.719625, 11.048873], [122.719895, 11.048873], [122.719895, 11.048603], [122.720164, 11.048603], [122.720164, 11.048064], [122.720434, 11.048064], [122.720434, 11.047525], [122.720703, 11.047525], [122.720703, 11.046717], [122.719625, 11.046717], [122.719625, 11.046986], [122.719086, 11.046986], [122.719086, 11.047256], [122.718817, 11.047256], [122.718817, 11.047525], [122.718547, 11.047525], [122.718547, 11.048064], [122.718278, 11.048064], [122.718278, 11.048334], [122.718008, 11.048334], [122.718008, 11.048603], [122.717739, 11.048603], [122.717739, 11.048873], [122.7172, 11.048873], [122.7172, 11.049142], [122.715583, 11.049142], [122.715583, 11.048873], [122.714505, 11.048873], [122.714505, 11.049142], [122.713157, 11.049142], [122.713157, 11.048873], [122.712888, 11.048873], [122.712888, 11.048603], [122.712618, 11.048603], [122.712618, 11.048334], [122.712349, 11.048334], [122.712349, 11.046717], [122.712079, 11.046717], [122.712079, 11.046447], [122.71181, 11.046447], [122.71181, 11.045639], [122.712079, 11.045639], [122.712079, 11.04537], [122.712349, 11.04537], [122.712349, 11.0451], [122.712618, 11.0451], [122.712618, 11.044831], [122.712888, 11.044831], [122.712888, 11.044561], [122.713157, 11.044561], [122.713157, 11.044292], [122.713427, 11.044292], [122.713427, 11.044022], [122.714505, 11.044022], [122.714505, 11.043753], [122.714774, 11.043753], [122.714774, 11.043483], [122.715313, 11.043483], [122.715313, 11.043214], [122.714505, 11.043214], [122.714505, 11.042944], [122.714235, 11.042944], [122.714235, 11.042675], [122.713696, 11.042675], [122.713696, 11.042405], [122.712618, 11.042405], [122.712618, 11.042136], [122.712079, 11.042136], [122.712079, 11.041866], [122.71181, 11.041866], [122.71181, 11.040519], [122.712079, 11.040519], [122.712079, 11.040249], [122.712618, 11.040249], [122.712618, 11.03998], [122.712888, 11.03998], [122.712888, 11.039441], [122.712618, 11.039441], [122.712618, 11.039171], [122.712349, 11.039171], [122.712349, 11.038902], [122.71181, 11.038902], [122.71181, 11.038632], [122.711271, 11.038632], [122.711271, 11.038902], [122.711001, 11.038902], [122.711001, 11.039171], [122.710732, 11.039171], [122.710732, 11.040249], [122.711001, 11.040249], [122.711001, 11.040788], [122.710732, 11.040788], [122.710732, 11.041058], [122.710462, 11.041058], [122.710462, 11.041327], [122.710193, 11.041327], [122.710193, 11.042136], [122.710462, 11.042136], [122.710462, 11.042944], [122.710193, 11.042944], [122.710193, 11.043483], [122.709923, 11.043483], [122.709923, 11.043753], [122.709654, 11.043753], [122.709654, 11.044292], [122.709384, 11.044292], [122.709384, 11.044831], [122.709115, 11.044831], [122.709115, 11.04537], [122.708845, 11.04537], [122.708845, 11.046717], [122.709115, 11.046717], [122.709115, 11.047256], [122.708845, 11.047256], [122.708845, 11.047525], [122.708576, 11.047525], [122.708576, 11.047795], [122.708037, 11.047795], [122.708037, 11.047525], [122.707229, 11.047525], [122.707229, 11.047256], [122.70669, 11.047256], [122.70669, 11.046986], [122.705612, 11.046986], [122.705612, 11.047525], [122.705342, 11.047525], [122.705342, 11.047795], [122.705073, 11.047795], [122.705073, 11.048064], [122.704803, 11.048064], [122.704803, 11.048603], [122.704534, 11.048603], [122.704534, 11.048873], [122.704264, 11.048873], [122.704264, 11.049142], [122.703995, 11.049142], [122.703995, 11.049412], [122.702917, 11.049412], [122.702917, 11.049142], [122.701839, 11.049142], [122.701839, 11.049412], [122.701569, 11.049412], [122.701569, 11.049681], [122.7013, 11.049681], [122.7013, 11.05022], [122.70103, 11.05022], [122.70103, 11.05049], [122.700761, 11.05049], [122.700761, 11.050759], [122.7013, 11.050759], [122.7013, 11.05049], [122.701839, 11.05049], [122.701839, 11.050759], [122.701569, 11.050759], [122.701569, 11.051568], [122.701839, 11.051568], [122.701839, 11.051298], [122.702108, 11.051298], [122.702108, 11.051029], [122.702378, 11.051029], [122.702378, 11.050759], [122.702647, 11.050759], [122.702647, 11.05049], [122.702917, 11.05049], [122.702917, 11.05022], [122.703456, 11.05022], [122.703456, 11.050759], [122.703186, 11.050759], [122.703186, 11.051837], [122.702917, 11.051837], [122.702917, 11.052376], [122.702647, 11.052376], [122.702647, 11.052646], [122.701839, 11.052646], [122.701839, 11.052376], [122.7013, 11.052376], [122.7013, 11.051568], [122.70103, 11.051568], [122.70103, 11.051298], [122.700761, 11.051298], [122.700761, 11.051029], [122.700222, 11.051029], [122.700222, 11.05049], [122.700491, 11.05049], [122.700491, 11.05022], [122.700761, 11.05022], [122.700761, 11.049951], [122.700491, 11.049951], [122.700491, 11.049681], [122.699952, 11.049681], [122.699952, 11.049951], [122.699683, 11.049951], [122.699683, 11.049412], [122.699952, 11.049412], [122.699952, 11.049142], [122.700222, 11.049142], [122.700222, 11.045908], [122.699952, 11.045908], [122.699952, 11.04537], [122.699413, 11.04537], [122.699413, 11.0451], [122.699144, 11.0451], [122.699144, 11.044561], [122.698874, 11.044561], [122.698874, 11.044292], [122.698605, 11.044292], [122.698605, 11.043483], [122.698335, 11.043483], [122.698335, 11.043214], [122.698066, 11.043214], [122.698066, 11.041327], [122.697796, 11.041327], [122.697796, 11.039441], [122.698066, 11.039441], [122.698066, 11.039171], [122.698605, 11.039171], [122.698605, 11.038902], [122.700222, 11.038902], [122.700222, 11.038632], [122.700761, 11.038632], [122.700761, 11.038902], [122.7013, 11.038902], [122.7013, 11.039171], [122.701569, 11.039171], [122.701569, 11.03971], [122.702917, 11.03971], [122.702917, 11.038632], [122.702647, 11.038632], [122.702647, 11.038363], [122.702378, 11.038363], [122.702378, 11.038093], [122.701839, 11.038093], [122.701839, 11.037824], [122.7013, 11.037824], [122.7013, 11.037554], [122.700761, 11.037554], [122.700761, 11.037285], [122.700491, 11.037285], [122.700491, 11.037015], [122.700222, 11.037015], [122.700222, 11.036476], [122.699952, 11.036476], [122.699952, 11.035668], [122.699683, 11.035668], [122.699683, 11.034859], [122.699952, 11.034859], [122.699952, 11.03459], [122.700761, 11.03459], [122.700761, 11.03432], [122.701569, 11.03432], [122.701569, 11.034051], [122.701839, 11.034051], [122.701839, 11.033781], [122.702108, 11.033781], [122.702108, 11.033512], [122.702378, 11.033512], [122.702378, 11.033242], [122.705342, 11.033242], [122.705342, 11.033512], [122.705881, 11.033512], [122.705881, 11.033242], [122.70642, 11.033242], [122.70642, 11.032973], [122.706959, 11.032973], [122.706959, 11.032703], [122.707768, 11.032703], [122.707768, 11.032434], [122.708037, 11.032434], [122.708037, 11.031895], [122.707768, 11.031895], [122.707768, 11.031625], [122.70642, 11.031625], [122.70642, 11.031895], [122.705881, 11.031895], [122.705881, 11.032164], [122.705342, 11.032164], [122.705342, 11.031895], [122.704803, 11.031895], [122.704803, 11.031625], [122.702108, 11.031625], [122.702108, 11.031356], [122.701569, 11.031356], [122.701569, 11.031086], [122.7013, 11.031086], [122.7013, 11.030817], [122.70103, 11.030817], [122.70103, 11.030547], [122.700761, 11.030547], [122.700761, 11.030278], [122.700222, 11.030278], [122.700222, 11.030008], [122.699952, 11.030008], [122.699952, 11.029739], [122.699683, 11.029739], [122.699683, 11.029469], [122.699144, 11.029469], [122.699144, 11.02893], [122.698605, 11.02893], [122.698605, 11.028661], [122.698066, 11.028661], [122.698066, 11.028391], [122.697796, 11.028391], [122.697796, 11.028122], [122.697527, 11.028122], [122.697527, 11.025696], [122.697257, 11.025696], [122.697257, 11.024618], [122.697527, 11.024618], [122.697527, 11.024349], [122.698335, 11.024349], [122.698335, 11.024079], [122.700222, 11.024079], [122.700222, 11.022193], [122.700491, 11.022193], [122.700491, 11.021923], [122.700761, 11.021923], [122.700761, 11.021654], [122.70103, 11.021654], [122.70103, 11.021115], [122.7013, 11.021115], [122.7013, 11.019498], [122.700491, 11.019498], [122.700491, 11.019768], [122.700222, 11.019768], [122.700222, 11.020037], [122.698066, 11.020037], [122.698066, 11.019768], [122.697796, 11.019768], [122.697796, 11.019498], [122.697527, 11.019498], [122.697527, 11.01842], [122.697796, 11.01842], [122.697796, 11.017881], [122.698335, 11.017881], [122.698335, 11.017612], [122.699144, 11.017612], [122.699144, 11.017342], [122.699683, 11.017342], [122.699683, 11.015456], [122.699952, 11.015456], [122.699952, 11.014647], [122.700222, 11.014647], [122.700222, 11.014378], [122.700761, 11.014378], [122.700761, 11.014108], [122.701569, 11.014108], [122.701569, 11.013839], [122.701839, 11.013839], [122.701839, 11.013569], [122.701569, 11.013569], [122.701569, 11.012222], [122.701839, 11.012222], [122.701839, 11.011144], [122.702108, 11.011144], [122.702108, 11.010605], [122.702378, 11.010605], [122.702378, 11.008988], [122.702108, 11.008988], [122.702108, 11.008179], [122.701839, 11.008179], [122.701839, 11.00764], [122.701569, 11.00764], [122.701569, 11.007371], [122.701839, 11.007371], [122.701839, 11.006562], [122.702108, 11.006562], [122.702108, 11.006832], [122.702647, 11.006832], [122.702647, 11.007101], [122.702917, 11.007101], [122.702917, 11.006562], [122.703186, 11.006562], [122.703186, 11.004676], [122.703456, 11.004676], [122.703456, 11.003598], [122.703186, 11.003598], [122.703186, 11.003328], [122.702378, 11.003328], [122.702378, 11.003059], [122.702108, 11.003059], [122.702108, 11.00252], [122.701569, 11.00252], [122.701569, 11.001981], [122.7013, 11.001981], [122.7013, 11.001711], [122.701569, 11.001711], [122.701569, 11.001442], [122.70103, 11.001442], [122.70103, 11.001172], [122.700761, 11.001172], [122.700761, 11.000633], [122.700491, 11.000633], [122.700491, 11.000364], [122.700222, 11.000364], [122.700222, 10.999825], [122.700491, 10.999825], [122.700491, 10.998747], [122.700761, 10.998747], [122.700761, 10.997938], [122.700491, 10.997938], [122.700491, 10.997669], [122.700761, 10.997669], [122.700761, 10.99713], [122.70103, 10.99713], [122.70103, 10.997399], [122.7013, 10.997399], [122.7013, 10.99713], [122.702378, 10.99713], [122.702378, 10.994435], [122.702917, 10.994435], [122.702917, 10.994705], [122.703186, 10.994705], [122.703186, 10.994974], [122.703456, 10.994974], [122.703456, 10.995513], [122.704264, 10.995513], [122.704264, 10.994705], [122.703995, 10.994705], [122.703995, 10.994166], [122.702108, 10.994166], [122.702108, 10.993896], [122.701839, 10.993896], [122.701839, 10.993357], [122.7013, 10.993357], [122.7013, 10.993088], [122.70103, 10.993088], [122.70103, 10.992818], [122.700222, 10.992818], [122.700222, 10.992549], [122.699683, 10.992549], [122.699683, 10.992279], [122.699413, 10.992279], [122.699413, 10.99201], [122.699144, 10.99201], [122.699144, 10.99174], [122.698874, 10.99174], [122.698874, 10.991201], [122.698605, 10.991201], [122.698605, 10.990123], [122.698874, 10.990123], [122.698874, 10.989854], [122.699413, 10.989854], [122.699413, 10.989584], [122.700222, 10.989584], [122.700222, 10.989854], [122.70103, 10.989854], [122.70103, 10.990123], [122.701569, 10.990123], [122.701569, 10.989854], [122.702108, 10.989854], [122.702108, 10.990123], [122.702378, 10.990123], [122.702378, 10.989854], [122.702647, 10.989854], [122.702647, 10.990123], [122.703186, 10.990123], [122.703186, 10.990393], [122.703456, 10.990393], [122.703456, 10.990662], [122.703725, 10.990662], [122.703725, 10.991201], [122.703995, 10.991201], [122.703995, 10.991471], [122.704264, 10.991471], [122.704264, 10.993088], [122.704534, 10.993088], [122.704534, 10.993357], [122.705073, 10.993357], [122.705073, 10.993627], [122.705612, 10.993627], [122.705612, 10.994166], [122.705881, 10.994166], [122.705881, 10.994435], [122.706151, 10.994435], [122.706151, 10.994705], [122.70669, 10.994705], [122.70669, 10.994974], [122.707229, 10.994974], [122.707229, 10.994705], [122.707768, 10.994705], [122.707768, 10.993627], [122.707498, 10.993627], [122.707498, 10.993357], [122.708037, 10.993357], [122.708037, 10.993088], [122.708307, 10.993088], [122.708307, 10.993357], [122.708576, 10.993357], [122.708576, 10.993627], [122.708845, 10.993627], [122.708845, 10.994435], [122.709115, 10.994435], [122.709115, 10.994974], [122.709384, 10.994974], [122.709384, 10.995244], [122.710462, 10.995244], [122.710462, 10.994705], [122.710732, 10.994705], [122.710732, 10.994435], [122.71154, 10.994435], [122.71154, 10.994705], [122.712888, 10.994705], [122.712888, 10.994974], [122.713157, 10.994974], [122.713157, 10.995244], [122.713427, 10.995244], [122.713427, 10.996052], [122.713696, 10.996052], [122.713696, 10.996591], [122.713966, 10.996591], [122.713966, 10.99686], [122.714235, 10.99686], [122.714235, 10.997399], [122.714505, 10.997399], [122.714505, 10.999286], [122.714774, 10.999286], [122.714774, 10.999825], [122.715044, 10.999825], [122.715044, 11.000364], [122.715313, 11.000364], [122.715313, 11.000633], [122.715583, 11.000633], [122.715583, 11.000903], [122.715852, 11.000903], [122.715852, 11.00252], [122.715583, 11.00252], [122.715583, 11.003059], [122.715313, 11.003059], [122.715313, 11.003598], [122.715044, 11.003598], [122.715044, 11.003867], [122.714774, 11.003867], [122.714774, 11.004137], [122.714505, 11.004137], [122.714505, 11.004676], [122.714235, 11.004676], [122.714235, 11.004945], [122.713966, 11.004945], [122.713966, 11.005215], [122.713696, 11.005215], [122.713696, 11.006023], [122.713427, 11.006023], [122.713427, 11.006293], [122.713157, 11.006293], [122.713157, 11.006562], [122.712079, 11.006562], [122.712079, 11.006832], [122.711001, 11.006832], [122.711001, 11.007101], [122.710732, 11.007101], [122.710732, 11.007371], [122.710462, 11.007371], [122.710462, 11.009796], [122.710732, 11.009796], [122.710732, 11.011683], [122.710462, 11.011683], [122.710462, 11.011952], [122.710732, 11.011952], [122.710732, 11.012491], [122.711001, 11.012491], [122.711001, 11.012761], [122.711271, 11.012761], [122.711271, 11.0133], [122.71154, 11.0133], [122.71154, 11.013569], [122.712079, 11.013569], [122.712079, 11.013839], [122.712349, 11.013839], [122.712349, 11.014108], [122.712618, 11.014108], [122.712618, 11.014378], [122.712888, 11.014378], [122.712888, 11.014647], [122.713157, 11.014647], [122.713157, 11.013569], [122.713427, 11.013569], [122.713427, 11.0133], [122.713696, 11.0133], [122.713696, 11.01303], [122.714505, 11.01303], [122.714505, 11.012761], [122.714774, 11.012761], [122.714774, 11.012222], [122.714505, 11.012222], [122.714505, 11.011413], [122.714235, 11.011413], [122.714235, 11.010874], [122.714505, 11.010874], [122.714505, 11.010605], [122.714774, 11.010605], [122.714774, 11.010335], [122.715044, 11.010335], [122.715044, 11.010066], [122.715583, 11.010066], [122.715583, 11.009796], [122.715852, 11.009796], [122.715852, 11.009257], [122.716122, 11.009257], [122.716122, 11.008718], [122.715852, 11.008718], [122.715852, 11.008449], [122.715583, 11.008449], [122.715583, 11.008179], [122.714774, 11.008179], [122.714774, 11.00764], [122.715583, 11.00764], [122.715583, 11.00791], [122.716661, 11.00791], [122.716661, 11.00764], [122.7172, 11.00764], [122.7172, 11.007371], [122.717469, 11.007371], [122.717469, 11.007101], [122.718008, 11.007101], [122.718008, 11.006832], [122.718547, 11.006832], [122.718547, 11.006562], [122.718817, 11.006562], [122.718817, 11.006293], [122.719086, 11.006293], [122.719086, 11.006023], [122.719356, 11.006023], [122.719356, 11.005754], [122.719895, 11.005754], [122.719895, 11.005484], [122.720703, 11.005484], [122.720703, 11.005215], [122.720973, 11.005215], [122.720973, 11.004945], [122.721242, 11.004945], [122.721242, 11.004676], [122.721512, 11.004676], [122.721512, 11.004137], [122.721242, 11.004137], [122.721242, 11.003867], [122.720973, 11.003867], [122.720973, 11.003328], [122.720703, 11.003328], [122.720703, 11.003059], [122.720434, 11.003059], [122.720434, 11.00252], [122.720164, 11.00252], [122.720164, 11.001442], [122.719895, 11.001442], [122.719895, 11.000903], [122.719625, 11.000903], [122.719625, 11.000633], [122.719356, 11.000633], [122.719356, 11.000364], [122.719086, 11.000364], [122.719086, 10.999825], [122.718817, 10.999825], [122.718817, 10.998747], [122.719356, 10.998747], [122.719356, 10.998477], [122.719625, 10.998477], [122.719625, 10.998208], [122.719895, 10.998208], [122.719895, 10.997399], [122.719625, 10.997399], [122.719625, 10.99713], [122.719356, 10.99713], [122.719356, 10.996591], [122.718817, 10.996591], [122.718817, 10.996052], [122.719086, 10.996052], [122.719086, 10.995244], [122.719356, 10.995244], [122.719356, 10.994166], [122.719625, 10.994166], [122.719625, 10.993896], [122.721781, 10.993896], [122.721781, 10.993627], [122.72232, 10.993627], [122.72232, 10.993088], [122.722051, 10.993088], [122.722051, 10.992818], [122.721781, 10.992818], [122.721781, 10.992549], [122.721512, 10.992549], [122.721512, 10.99201], [122.721242, 10.99201], [122.721242, 10.99174], [122.720973, 10.99174], [122.720973, 10.991471], [122.719625, 10.991471], [122.719625, 10.99174], [122.718547, 10.99174], [122.718547, 10.99201], [122.718278, 10.99201], [122.718278, 10.99174], [122.717469, 10.99174], [122.717469, 10.991471], [122.71693, 10.991471], [122.71693, 10.991201], [122.716661, 10.991201], [122.716661, 10.990932], [122.716391, 10.990932], [122.716391, 10.990393], [122.716122, 10.990393], [122.716122, 10.990123], [122.715044, 10.990123], [122.715044, 10.989854], [122.714774, 10.989854], [122.714774, 10.989584], [122.714235, 10.989584], [122.714235, 10.989315], [122.713696, 10.989315], [122.713696, 10.989045], [122.713427, 10.989045], [122.713427, 10.988776], [122.713157, 10.988776], [122.713157, 10.988506], [122.713427, 10.988506], [122.713427, 10.988237], [122.713696, 10.988237], [122.713696, 10.987698], [122.713966, 10.987698], [122.713966, 10.987159], [122.714235, 10.987159], [122.714235, 10.986889], [122.714774, 10.986889], [122.714774, 10.98662], [122.715852, 10.98662], [122.715852, 10.98635], [122.716122, 10.98635], [122.716122, 10.985811], [122.715852, 10.985811], [122.715852, 10.985542], [122.715313, 10.985542], [122.715313, 10.985272], [122.715044, 10.985272], [122.715044, 10.985003], [122.714505, 10.985003], [122.714505, 10.984733], [122.713696, 10.984733], [122.713696, 10.984464], [122.713157, 10.984464], [122.713157, 10.984194], [122.712888, 10.984194], [122.712888, 10.981769], [122.713157, 10.981769], [122.713157, 10.981499], [122.713427, 10.981499], [122.713427, 10.98123], [122.713696, 10.98123], [122.713696, 10.98096], [122.714235, 10.98096], [122.714235, 10.98123], [122.714505, 10.98123], [122.714505, 10.98096], [122.714774, 10.98096], [122.714774, 10.98123], [122.716122, 10.98123], [122.716122, 10.981499], [122.716391, 10.981499], [122.716391, 10.981769], [122.716661, 10.981769], [122.716661, 10.982038], [122.71693, 10.982038], [122.71693, 10.982308], [122.7172, 10.982308], [122.7172, 10.982577], [122.717469, 10.982577], [122.717469, 10.982847], [122.717739, 10.982847], [122.717739, 10.983116], [122.718008, 10.983116], [122.718008, 10.983386], [122.718547, 10.983386], [122.718547, 10.983655], [122.718278, 10.983655], [122.718278, 10.984464], [122.718547, 10.984464], [122.718547, 10.985003], [122.718817, 10.985003], [122.718817, 10.984733], [122.719356, 10.984733], [122.719356, 10.984464], [122.719625, 10.984464], [122.719625, 10.983925], [122.719356, 10.983925], [122.719356, 10.983655], [122.718817, 10.983655], [122.718817, 10.983386], [122.719086, 10.983386], [122.719086, 10.982308], [122.719625, 10.982308], [122.719625, 10.982038], [122.719895, 10.982038], [122.719895, 10.981769], [122.720164, 10.981769], [122.720164, 10.980691], [122.719895, 10.980691], [122.719895, 10.980421], [122.719625, 10.980421], [122.719625, 10.980152], [122.719086, 10.980152], [122.719086, 10.979882], [122.718817, 10.979882], [122.718817, 10.979613], [122.718547, 10.979613], [122.718547, 10.979343], [122.718278, 10.979343], [122.718278, 10.979074], [122.718008, 10.979074], [122.718008, 10.977457], [122.718278, 10.977457], [122.718278, 10.976648], [122.719086, 10.976648], [122.719086, 10.976918], [122.719895, 10.976918], [122.719895, 10.976648], [122.720703, 10.976648], [122.720703, 10.976918], [122.720973, 10.976918], [122.720973, 10.977187], [122.721242, 10.977187], [122.721242, 10.977726], [122.720973, 10.977726], [122.720973, 10.978265], [122.721242, 10.978265], [122.721242, 10.978535], [122.721512, 10.978535], [122.721512, 10.978804], [122.721781, 10.978804], [122.721781, 10.979074], [122.72232, 10.979074], [122.72232, 10.978804], [122.72259, 10.978804], [122.72259, 10.977187], [122.722859, 10.977187], [122.722859, 10.976918], [122.723129, 10.976918], [122.723129, 10.976648], [122.723668, 10.976648], [122.723668, 10.976379], [122.723937, 10.976379], [122.723937, 10.976109], [122.724066, 10.976109], [122.718875, 10.9714], [122.709222, 10.970124], [122.707416, 10.963083], [122.698043, 10.954736], [122.695835, 10.954165], [122.696034, 10.950777], [122.69564, 10.950777], [122.69564, 10.949968], [122.695371, 10.949968], [122.695371, 10.949699], [122.692945, 10.949699], [122.692945, 10.949968], [122.692406, 10.949968], [122.692406, 10.950238], [122.692676, 10.950238], [122.692676, 10.951855], [122.692945, 10.951855], [122.692945, 10.952124], [122.692676, 10.952124], [122.692676, 10.952394], [122.691867, 10.952394], [122.691867, 10.952663], [122.691598, 10.952663], [122.691598, 10.952933], [122.691059, 10.952933], [122.691059, 10.952663], [122.69025, 10.952663], [122.69025, 10.952394], [122.689711, 10.952394], [122.689711, 10.952124], [122.689442, 10.952124], [122.689442, 10.951855], [122.689172, 10.951855], [122.689172, 10.951316], [122.689442, 10.951316], [122.689442, 10.951046], [122.689711, 10.951046], [122.689711, 10.950507], [122.689981, 10.950507], [122.689981, 10.950238], [122.69025, 10.950238], [122.69025, 10.949968], [122.69052, 10.949968], [122.69052, 10.949429], [122.690789, 10.949429], [122.690789, 10.94889], [122.691059, 10.94889], [122.691059, 10.948351], [122.691328, 10.948351], [122.691328, 10.948082], [122.691598, 10.948082], [122.691598, 10.947812], [122.692137, 10.947812], [122.692137, 10.947543], [122.692406, 10.947543], [122.692406, 10.947273], [122.692945, 10.947273], [122.692945, 10.947004], [122.695101, 10.947004], [122.695101, 10.947273], [122.696179, 10.947273], [122.696179, 10.948302], [122.696451, 10.943673], [122.69938, 10.93966], [122.700812, 10.929854], [122.72416, 10.928481], [122.728547, 10.922992], [122.729782, 10.918675], [122.733952, 10.912968], [122.732717, 10.910341], [122.729782, 10.906328], [122.728547, 10.902007], [122.725618, 10.897994], [122.724284, 10.884318], [122.71678, 10.882173], [122.713119, 10.877161], [122.711884, 10.868671], [122.70895, 10.864662], [122.707714, 10.860341], [122.704785, 10.856328], [122.704165, 10.845831], [122.713141, 10.844917], [122.711723, 10.829752], [122.697967, 10.817311], [122.688264, 10.815831], [122.686725, 10.800741], [122.667417, 10.79926], [122.663141, 10.793803], [122.661469, 10.788247], [122.654165, 10.787502], [122.654165, 10.779168], [122.647788, 10.779734], [122.642634, 10.783729], [122.6411, 10.789709], [122.633796, 10.797909], [122.637038, 10.802092], [122.629734, 10.810288], [122.628316, 10.815817], [122.622791, 10.817235], [122.614711, 10.824432], [122.609186, 10.82585], [122.607768, 10.831375], [122.599416, 10.840748], [122.593624, 10.842233], [122.585544, 10.849434], [122.580019, 10.850852], [122.578249, 10.857746], [122.55, 10.858335], [122.549073, 10.861572], [122.543673, 10.863119], [122.53966, 10.866049], [122.534104, 10.867636], [122.532717, 10.877161], [122.528838, 10.882472], [122.524287, 10.883134], [122.52532, 10.883134], [122.52532, 10.883673], [122.52505, 10.883673], [122.52505, 10.884212], [122.524781, 10.884212], [122.524781, 10.884751], [122.524511, 10.884751], [122.524511, 10.88502], [122.524242, 10.88502], [122.524242, 10.88529], [122.523972, 10.88529], [122.523972, 10.885829], [122.52505, 10.885829], [122.52505, 10.886098], [122.525589, 10.886098], [122.525589, 10.886368], [122.525859, 10.886368], [122.525859, 10.886637], [122.526128, 10.886637], [122.526128, 10.887176], [122.526398, 10.887176], [122.526398, 10.887446], [122.527206, 10.887446], [122.527206, 10.887715], [122.527476, 10.887715], [122.527476, 10.887446], [122.527745, 10.887446], [122.527745, 10.887176], [122.528284, 10.887176], [122.528284, 10.886907], [122.529632, 10.886907], [122.529632, 10.887176], [122.530171, 10.887176], [122.530171, 10.887446], [122.53044, 10.887446], [122.53044, 10.887985], [122.529901, 10.887985], [122.529901, 10.887715], [122.527745, 10.887715], [122.527745, 10.887985], [122.527206, 10.887985], [122.527206, 10.888254], [122.526128, 10.888254], [122.526128, 10.887985], [122.525589, 10.887985], [122.525589, 10.887715], [122.52532, 10.887715], [122.52532, 10.887446], [122.524511, 10.887446], [122.524511, 10.887715], [122.523703, 10.887715], [122.523703, 10.887446], [122.523433, 10.887446], [122.523433, 10.887176], [122.523164, 10.887176], [122.523164, 10.886907], [122.522086, 10.886907], [122.522086, 10.887176], [122.521547, 10.887176], [122.521547, 10.887715], [122.521816, 10.887715], [122.521816, 10.888254], [122.522086, 10.888254], [122.522086, 10.888524], [122.521277, 10.888524], [122.521277, 10.888254], [122.520199, 10.888254], [122.520199, 10.887715], [122.51993, 10.887715], [122.51993, 10.887176], [122.519121, 10.887176], [122.519121, 10.888793], [122.519391, 10.888793], [122.519391, 10.889332], [122.519121, 10.889332], [122.519121, 10.889602], [122.518852, 10.889602], [122.518852, 10.889871], [122.517774, 10.889871], [122.517774, 10.889602], [122.516965, 10.889602], [122.516965, 10.888597], [122.516049, 10.897994], [122.513119, 10.902007], [122.512499, 10.904165], [122.508995, 10.905066], [122.507947, 10.916821], [122.508072, 10.916821], [122.508072, 10.916282], [122.50942, 10.916282], [122.50942, 10.916012], [122.510497, 10.916012], [122.510497, 10.915743], [122.510767, 10.915743], [122.510767, 10.914934], [122.511036, 10.914934], [122.511036, 10.914395], [122.512114, 10.914395], [122.512114, 10.914665], [122.511845, 10.914665], [122.511845, 10.915204], [122.511575, 10.915204], [122.511575, 10.915743], [122.511845, 10.915743], [122.511845, 10.916012], [122.512384, 10.916012], [122.512384, 10.915743], [122.512653, 10.915743], [122.512653, 10.915204], [122.513192, 10.915204], [122.513192, 10.915743], [122.513462, 10.915743], [122.513462, 10.916282], [122.513192, 10.916282], [122.513192, 10.916821], [122.512923, 10.916821], [122.512923, 10.917629], [122.512653, 10.917629], [122.512653, 10.918438], [122.512923, 10.918438], [122.512923, 10.918707], [122.513462, 10.918707], [122.513462, 10.918438], [122.514001, 10.918438], [122.514001, 10.918168], [122.51454, 10.918168], [122.51454, 10.917899], [122.514809, 10.917899], [122.514809, 10.917629], [122.515079, 10.917629], [122.515079, 10.915473], [122.515618, 10.915473], [122.515618, 10.915204], [122.516157, 10.915204], [122.516157, 10.915473], [122.516426, 10.915473], [122.516426, 10.915743], [122.516696, 10.915743], [122.516696, 10.916012], [122.516965, 10.916012], [122.516965, 10.916551], [122.517235, 10.916551], [122.517235, 10.916821], [122.517504, 10.916821], [122.517504, 10.91736], [122.517774, 10.91736], [122.517774, 10.917629], [122.518313, 10.917629], [122.518313, 10.91736], [122.518582, 10.91736], [122.518582, 10.916821], [122.518852, 10.916821], [122.518852, 10.916551], [122.519121, 10.916551], [122.519121, 10.916282], [122.51966, 10.916282], [122.51966, 10.916012], [122.51993, 10.916012], [122.51993, 10.915743], [122.520199, 10.915743], [122.520199, 10.913856], [122.520469, 10.913856], [122.520469, 10.913587], [122.520738, 10.913587], [122.520738, 10.913317], [122.521008, 10.913317], [122.521008, 10.913587], [122.521547, 10.913587], [122.521547, 10.913856], [122.521816, 10.913856], [122.521816, 10.914395], [122.522086, 10.914395], [122.522086, 10.914665], [122.522625, 10.914665], [122.522625, 10.914395], [122.522894, 10.914395], [122.522894, 10.914126], [122.523164, 10.914126], [122.523164, 10.913856], [122.523972, 10.913856], [122.523972, 10.913587], [122.524242, 10.913587], [122.524242, 10.913317], [122.524511, 10.913317], [122.524511, 10.912778], [122.524781, 10.912778], [122.524781, 10.912239], [122.525589, 10.912239], [122.525589, 10.912509], [122.525859, 10.912509], [122.525859, 10.912778], [122.526128, 10.912778], [122.526128, 10.913587], [122.525859, 10.913587], [122.525859, 10.914126], [122.52532, 10.914126], [122.52532, 10.914395], [122.52505, 10.914395], [122.52505, 10.914126], [122.524511, 10.914126], [122.524511, 10.914395], [122.524242, 10.914395], [122.524242, 10.914934], [122.523972, 10.914934], [122.523972, 10.915743], [122.523703, 10.915743], [122.523703, 10.916282], [122.523972, 10.916282], [122.523972, 10.916821], [122.523703, 10.916821], [122.523703, 10.91709], [122.523164, 10.91709], [122.523164, 10.91736], [122.522894, 10.91736], [122.522894, 10.917629], [122.522625, 10.917629], [122.522625, 10.918438], [122.522355, 10.918438], [122.522355, 10.918977], [122.520199, 10.918977], [122.520199, 10.919246], [122.519391, 10.919246], [122.519391, 10.919516], [122.518852, 10.919516], [122.518852, 10.919785], [122.518582, 10.919785], [122.518582, 10.920055], [122.518313, 10.920055], [122.518313, 10.920324], [122.518043, 10.920324], [122.518043, 10.921132], [122.518313, 10.921132], [122.518313, 10.921402], [122.518582, 10.921402], [122.518582, 10.921671], [122.519121, 10.921671], [122.519121, 10.921941], [122.518852, 10.921941], [122.518852, 10.92248], [122.518043, 10.92248], [122.518043, 10.922749], [122.517504, 10.922749], [122.517504, 10.923019], [122.517235, 10.923019], [122.517235, 10.923288], [122.516696, 10.923288], [122.516696, 10.923558], [122.516426, 10.923558], [122.516426, 10.923827], [122.515618, 10.923827], [122.515618, 10.924097], [122.515348, 10.924097], [122.515348, 10.924366], [122.515079, 10.924366], [122.515079, 10.924636], [122.514001, 10.924636], [122.514001, 10.924905], [122.513731, 10.924905], [122.513731, 10.925175], [122.513462, 10.925175], [122.513462, 10.926253], [122.513731, 10.926253], [122.513731, 10.926792], [122.514001, 10.926792], [122.514001, 10.927331], [122.513731, 10.927331], [122.513731, 10.9276], [122.512923, 10.9276], [122.512923, 10.927331], [122.512384, 10.927331], [122.512384, 10.927061], [122.511575, 10.927061], [122.511575, 10.927331], [122.511306, 10.927331], [122.511306, 10.92787], [122.511575, 10.92787], [122.511575, 10.929217], [122.511306, 10.929217], [122.511306, 10.929487], [122.511036, 10.929487], [122.511036, 10.930295], [122.510767, 10.930295], [122.510767, 10.930565], [122.509958, 10.930565], [122.509958, 10.930834], [122.50942, 10.930834], [122.50942, 10.931104], [122.50915, 10.931104], [122.50915, 10.931373], [122.508881, 10.931373], [122.508881, 10.931643], [122.508611, 10.931643], [122.508611, 10.931912], [122.508072, 10.931912], [122.508072, 10.932182], [122.507533, 10.932182], [122.507533, 10.932451], [122.50403, 10.932451], [122.50403, 10.93299], [122.50376, 10.93299], [122.50376, 10.933529], [122.50403, 10.933529], [122.50403, 10.933799], [122.504299, 10.933799], [122.504299, 10.934877], [122.50376, 10.934877], [122.50376, 10.935146], [122.502413, 10.935146], [122.502413, 10.935416], [122.502143, 10.935416], [122.502143, 10.936494], [122.501874, 10.936494], [122.501874, 10.936763], [122.501604, 10.936763], [122.501604, 10.937033], [122.500796, 10.937033], [122.500796, 10.936763], [122.500526, 10.936763], [122.500526, 10.937033], [122.499987, 10.937033], [122.499987, 10.93838], [122.499718, 10.93838], [122.499718, 10.93865], [122.499448, 10.93865], [122.499448, 10.938919], [122.499179, 10.938919], [122.499179, 10.939189], [122.49864, 10.939189], [122.49864, 10.939458], [122.49837, 10.939458], [122.49837, 10.939728], [122.497831, 10.939728], [122.497831, 10.939458], [122.497023, 10.939458], [122.497023, 10.939189], [122.496484, 10.939189], [122.496484, 10.939458], [122.496214, 10.939458], [122.496214, 10.939728], [122.495945, 10.939728], [122.495945, 10.941614], [122.495675, 10.941614], [122.495675, 10.942153], [122.495406, 10.942153], [122.495406, 10.942692], [122.495675, 10.942692], [122.495675, 10.943501], [122.495945, 10.943501], [122.495945, 10.945387], [122.496214, 10.945387], [122.496214, 10.945657], [122.496753, 10.945657], [122.496753, 10.945926], [122.497023, 10.945926], [122.497023, 10.946195], [122.496753, 10.946195], [122.496753, 10.946465], [122.496214, 10.946465], [122.496214, 10.946734], [122.494597, 10.946734], [122.494597, 10.946465], [122.494328, 10.946465], [122.494328, 10.946195], [122.494058, 10.946195], [122.494058, 10.945657], [122.493789, 10.945657], [122.493789, 10.945118], [122.493519, 10.945118], [122.493519, 10.944848], [122.49325, 10.944848], [122.49325, 10.944579], [122.492711, 10.944579], [122.492711, 10.944309], [122.491902, 10.944309], [122.491902, 10.944579], [122.491633, 10.944579], [122.491633, 10.945118], [122.491363, 10.945118], [122.491363, 10.945387], [122.491633, 10.945387], [122.491633, 10.945926], [122.491902, 10.945926], [122.491902, 10.947273], [122.491363, 10.947273], [122.491363, 10.947543], [122.490555, 10.947543], [122.490555, 10.947273], [122.489477, 10.947273], [122.489477, 10.947004], [122.487321, 10.947004], [122.487321, 10.946465], [122.487051, 10.946465], [122.487051, 10.945926], [122.486782, 10.945926], [122.486782, 10.945657], [122.486243, 10.945657], [122.486243, 10.945926], [122.485973, 10.945926], [122.485973, 10.947273], [122.485704, 10.947273], [122.485704, 10.947543], [122.484626, 10.947543], [122.484626, 10.947273], [122.483009, 10.947273], [122.483009, 10.947543], [122.48274, 10.947543], [122.48274, 10.947812], [122.482201, 10.947812], [122.482201, 10.947543], [122.481931, 10.947543], [122.481931, 10.947273], [122.481662, 10.947273], [122.481662, 10.947004], [122.481392, 10.947004], [122.481392, 10.946734], [122.480853, 10.946734], [122.480853, 10.946465], [122.480584, 10.946465], [122.480584, 10.946195], [122.480314, 10.946195], [122.480314, 10.945926], [122.480045, 10.945926], [122.480045, 10.945657], [122.479506, 10.945657], [122.479506, 10.945387], [122.478967, 10.945387], [122.478967, 10.945118], [122.478697, 10.945118], [122.478697, 10.944848], [122.478158, 10.944848], [122.478158, 10.944579], [122.47708, 10.944579], [122.47708, 10.944848], [122.476811, 10.944848], [122.476811, 10.944579], [122.476541, 10.944579], [122.476541, 10.944309], [122.476002, 10.944309], [122.476002, 10.94404], [122.475733, 10.94404], [122.475733, 10.94377], [122.475463, 10.94377], [122.475463, 10.94404], [122.475194, 10.94404], [122.475194, 10.944309], [122.474924, 10.944309], [122.474924, 10.944848], [122.474655, 10.944848], [122.474655, 10.945118], [122.474385, 10.945118], [122.474385, 10.945387], [122.473577, 10.945387], [122.473577, 10.945118], [122.473307, 10.945118], [122.473307, 10.94377], [122.473577, 10.94377], [122.473577, 10.943501], [122.473307, 10.943501], [122.473307, 10.942962], [122.472229, 10.942962], [122.472229, 10.943231], [122.47196, 10.943231], [122.47196, 10.943501], [122.47169, 10.943501], [122.47169, 10.945118], [122.47196, 10.945118], [122.47196, 10.946195], [122.47169, 10.946195], [122.47169, 10.946734], [122.471421, 10.946734], [122.471421, 10.947273], [122.471151, 10.947273], [122.471151, 10.947543], [122.470882, 10.947543], [122.470882, 10.947812], [122.470343, 10.947812], [122.470343, 10.948082], [122.470073, 10.948082], [122.470073, 10.948621], [122.469804, 10.948621], [122.469804, 10.94916], [122.469534, 10.94916], [122.469534, 10.949429], [122.469265, 10.949429], [122.469265, 10.949699], [122.468726, 10.949699], [122.468726, 10.949968], [122.467648, 10.949968], [122.467648, 10.950238], [122.466839, 10.950238], [122.466839, 10.950507], [122.464683, 10.950507], [122.464683, 10.950777], [122.464414, 10.950777], [122.464414, 10.951046], [122.463875, 10.951046], [122.463875, 10.951316], [122.463605, 10.951316], [122.463605, 10.951585], [122.463066, 10.951585], [122.463066, 10.951855], [122.462527, 10.951855], [122.462527, 10.952124], [122.461449, 10.952124], [122.461449, 10.951855], [122.46118, 10.951855], [122.46118, 10.951316], [122.46091, 10.951316], [122.46091, 10.951046], [122.460641, 10.951046], [122.460641, 10.950777], [122.460102, 10.950777], [122.460102, 10.951046], [122.458755, 10.951046], [122.458755, 10.951316], [122.458485, 10.951316], [122.458485, 10.952124], [122.458755, 10.952124], [122.458755, 10.953202], [122.459024, 10.953202], [122.459024, 10.953472], [122.459294, 10.953472], [122.459294, 10.953741], [122.459563, 10.953741], [122.459563, 10.954011], [122.459832, 10.954011], [122.459832, 10.95455], [122.459563, 10.95455], [122.459563, 10.954819], [122.458485, 10.954819], [122.458485, 10.955089], [122.457677, 10.955089], [122.457677, 10.955358], [122.457407, 10.955358], [122.457407, 10.955628], [122.457138, 10.955628], [122.457138, 10.955897], [122.456868, 10.955897], [122.456868, 10.956436], [122.456599, 10.956436], [122.456599, 10.956975], [122.456329, 10.956975], [122.456329, 10.957245], [122.45579, 10.957245], [122.45579, 10.957514], [122.455521, 10.957514], [122.455521, 10.957784], [122.455251, 10.957784], [122.455251, 10.959401], [122.454982, 10.959401], [122.454982, 10.95967], [122.454443, 10.95967], [122.454443, 10.95994], [122.453904, 10.95994], [122.453904, 10.960209], [122.453634, 10.960209], [122.453634, 10.960479], [122.453365, 10.960479], [122.453365, 10.960748], [122.453095, 10.960748], [122.453095, 10.961018], [122.452556, 10.961018], [122.452556, 10.961287], [122.452017, 10.961287], [122.452017, 10.962096], [122.451748, 10.962096], [122.451748, 10.962635], [122.451478, 10.962635], [122.451478, 10.962904], [122.451209, 10.962904], [122.451209, 10.963443], [122.450939, 10.963443], [122.450939, 10.963982], [122.451478, 10.963982], [122.451478, 10.964252], [122.451748, 10.964252], [122.451748, 10.964521], [122.452287, 10.964521], [122.452287, 10.964791], [122.452556, 10.964791], [122.452556, 10.96506], [122.452826, 10.96506], [122.452826, 10.96533], [122.454443, 10.96533], [122.454443, 10.965599], [122.455521, 10.965599], [122.455521, 10.965869], [122.456329, 10.965869], [122.456329, 10.966408], [122.456599, 10.966408], [122.456599, 10.966677], [122.456868, 10.966677], [122.456868, 10.966947], [122.457407, 10.966947], [122.457407, 10.967216], [122.459832, 10.967216], [122.459832, 10.966947], [122.460102, 10.966947], [122.460102, 10.966677], [122.460371, 10.966677], [122.460371, 10.96533], [122.460641, 10.96533], [122.460641, 10.96506], [122.461719, 10.96506], [122.461719, 10.964791], [122.462258, 10.964791], [122.462258, 10.964521], [122.462797, 10.964521], [122.462797, 10.964252], [122.463066, 10.964252], [122.463066, 10.963982], [122.463336, 10.963982], [122.463336, 10.963713], [122.463605, 10.963713], [122.463605, 10.963443], [122.463875, 10.963443], [122.463875, 10.963174], [122.464144, 10.963174], [122.464144, 10.962904], [122.464414, 10.962904], [122.464414, 10.962635], [122.464683, 10.962635], [122.464683, 10.962365], [122.464953, 10.962365], [122.464953, 10.962096], [122.465222, 10.962096], [122.465222, 10.961826], [122.465492, 10.961826], [122.465492, 10.961557], [122.465761, 10.961557], [122.465761, 10.961287], [122.46657, 10.961287], [122.46657, 10.962365], [122.466839, 10.962365], [122.466839, 10.962635], [122.467378, 10.962635], [122.467378, 10.962365], [122.467648, 10.962365], [122.467648, 10.962096], [122.467917, 10.962096], [122.467917, 10.961826], [122.468187, 10.961826], [122.468187, 10.961557], [122.468456, 10.961557], [122.468456, 10.961287], [122.468726, 10.961287], [122.468726, 10.961018], [122.468995, 10.961018], [122.468995, 10.960748], [122.469265, 10.960748], [122.469265, 10.960479], [122.469804, 10.960479], [122.469804, 10.960209], [122.470073, 10.960209], [122.470073, 10.95994], [122.470343, 10.95994], [122.470343, 10.95967], [122.470612, 10.95967], [122.470612, 10.959401], [122.471151, 10.959401], [122.471151, 10.959131], [122.47196, 10.959131], [122.47196, 10.959401], [122.472229, 10.959401], [122.472229, 10.95967], [122.472499, 10.95967], [122.472499, 10.95994], [122.473038, 10.95994], [122.473038, 10.95967], [122.473307, 10.95967], [122.473307, 10.958323], [122.473577, 10.958323], [122.473577, 10.957514], [122.473846, 10.957514], [122.473846, 10.957245], [122.474116, 10.957245], [122.474116, 10.956975], [122.475194, 10.956975], [122.475194, 10.957784], [122.475463, 10.957784], [122.475463, 10.958323], [122.475733, 10.958323], [122.475733, 10.958592], [122.476272, 10.958592], [122.476272, 10.958862], [122.47708, 10.958862], [122.47708, 10.959131], [122.477619, 10.959131], [122.477619, 10.95967], [122.477889, 10.95967], [122.477889, 10.960209], [122.478158, 10.960209], [122.478158, 10.960748], [122.477889, 10.960748], [122.477889, 10.961287], [122.475733, 10.961287], [122.475733, 10.962365], [122.476272, 10.962365], [122.476272, 10.962635], [122.47735, 10.962635], [122.47735, 10.962904], [122.477619, 10.962904], [122.477619, 10.963174], [122.478697, 10.963174], [122.478697, 10.962904], [122.478967, 10.962904], [122.478967, 10.961826], [122.479236, 10.961826], [122.479236, 10.961287], [122.479775, 10.961287], [122.479775, 10.960748], [122.480045, 10.960748], [122.480045, 10.960209], [122.480853, 10.960209], [122.480853, 10.960479], [122.481123, 10.960479], [122.481123, 10.960748], [122.481931, 10.960748], [122.481931, 10.960479], [122.48247, 10.960479], [122.48247, 10.960209], [122.483818, 10.960209], [122.483818, 10.95994], [122.485434, 10.95994], [122.485434, 10.960209], [122.485704, 10.960209], [122.485704, 10.960479], [122.485973, 10.960479], [122.485973, 10.961287], [122.485704, 10.961287], [122.485704, 10.961826], [122.485434, 10.961826], [122.485434, 10.962096], [122.485165, 10.962096], [122.485165, 10.962635], [122.484895, 10.962635], [122.484895, 10.963713], [122.485165, 10.963713], [122.485165, 10.963982], [122.484895, 10.963982], [122.484895, 10.964521], [122.483009, 10.964521], [122.483009, 10.964252], [122.482201, 10.964252], [122.482201, 10.963982], [122.479775, 10.963982], [122.479775, 10.964252], [122.479236, 10.964252], [122.479236, 10.964521], [122.478697, 10.964521], [122.478697, 10.964791], [122.478428, 10.964791], [122.478428, 10.96533], [122.479236, 10.96533], [122.479236, 10.965599], [122.479775, 10.965599], [122.479775, 10.965869], [122.480045, 10.965869], [122.480045, 10.966138], [122.480314, 10.966138], [122.480314, 10.966408], [122.480584, 10.966408], [122.480584, 10.966947], [122.480853, 10.966947], [122.480853, 10.967216], [122.481931, 10.967216], [122.481931, 10.967486], [122.482201, 10.967486], [122.482201, 10.968025], [122.481931, 10.968025], [122.481931, 10.968294], [122.481392, 10.968294], [122.481392, 10.968564], [122.481123, 10.968564], [122.481123, 10.968833], [122.480853, 10.968833], [122.480853, 10.97072], [122.480584, 10.97072], [122.480584, 10.970989], [122.480045, 10.970989], [122.480045, 10.97072], [122.479775, 10.97072], [122.479775, 10.97045], [122.479236, 10.97045], [122.479236, 10.970181], [122.478967, 10.970181], [122.478967, 10.969911], [122.478428, 10.969911], [122.478428, 10.969642], [122.477889, 10.969642], [122.477889, 10.969911], [122.47735, 10.969911], [122.47735, 10.970181], [122.47708, 10.970181], [122.47708, 10.97045], [122.476811, 10.97045], [122.476811, 10.97072], [122.476272, 10.97072], [122.476272, 10.970989], [122.475463, 10.970989], [122.475463, 10.97072], [122.474924, 10.97072], [122.474924, 10.97045], [122.474116, 10.97045], [122.474116, 10.970181], [122.473307, 10.970181], [122.473307, 10.969911], [122.472229, 10.969911], [122.472229, 10.970181], [122.470882, 10.970181], [122.470882, 10.97045], [122.470612, 10.97045], [122.470612, 10.971797], [122.470343, 10.971797], [122.470343, 10.973414], [122.470073, 10.973414], [122.470073, 10.973684], [122.469265, 10.973684], [122.469265, 10.973414], [122.468726, 10.973414], [122.468726, 10.973684], [122.468456, 10.973684], [122.468456, 10.974223], [122.468187, 10.974223], [122.468187, 10.974762], [122.467917, 10.974762], [122.467917, 10.975031], [122.467378, 10.975031], [122.467378, 10.975301], [122.466839, 10.975301], [122.466839, 10.97584], [122.46657, 10.97584], [122.46657, 10.976648], [122.466839, 10.976648], [122.466839, 10.977457], [122.46657, 10.977457], [122.46657, 10.977726], [122.4663, 10.977726], [122.4663, 10.977996], [122.466031, 10.977996], [122.466031, 10.979074], [122.4663, 10.979074], [122.4663, 10.979613], [122.466031, 10.979613], [122.466031, 10.980421], [122.465761, 10.980421], [122.465761, 10.980691], [122.465492, 10.980691], [122.465492, 10.98123], [122.465222, 10.98123], [122.465222, 10.981499], [122.464953, 10.981499], [122.464953, 10.981769], [122.464683, 10.981769], [122.464683, 10.982038], [122.464414, 10.982038], [122.464414, 10.982308], [122.463875, 10.982308], [122.463875, 10.982577], [122.463336, 10.982577], [122.463336, 10.982847], [122.462797, 10.982847], [122.462797, 10.983116], [122.462527, 10.983116], [122.462527, 10.983386], [122.462797, 10.983386], [122.462797, 10.983925], [122.463605, 10.983925], [122.463605, 10.984194], [122.463875, 10.984194], [122.463875, 10.984464], [122.463605, 10.984464], [122.463605, 10.984733], [122.463875, 10.984733], [122.463875, 10.985811], [122.464144, 10.985811], [122.464144, 10.98662], [122.463875, 10.98662], [122.463875, 10.987698], [122.464144, 10.987698], [122.464144, 10.987967], [122.464683, 10.987967], [122.464683, 10.988237], [122.464953, 10.988237], [122.464953, 10.988776], [122.463605, 10.988776], [122.463605, 10.989045], [122.463336, 10.989045], [122.463336, 10.989854], [122.463605, 10.989854], [122.463605, 10.990123], [122.463875, 10.990123], [122.463875, 10.990393], [122.464683, 10.990393], [122.464683, 10.990662], [122.464953, 10.990662], [122.464953, 10.99201], [122.464683, 10.99201], [122.464683, 10.993357], [122.464953, 10.993357], [122.464953, 10.993627], [122.465222, 10.993627], [122.465222, 10.993896], [122.465492, 10.993896], [122.465492, 10.994166], [122.465761, 10.994166], [122.465761, 10.994435], [122.466031, 10.994435], [122.466031, 10.995782], [122.464953, 10.995782], [122.464953, 10.995513], [122.464683, 10.995513], [122.464683, 10.995244], [122.464144, 10.995244], [122.464144, 10.994974], [122.462527, 10.994974], [122.462527, 10.994705], [122.46118, 10.994705], [122.46118, 10.994435], [122.459024, 10.994435], [122.459024, 10.994705], [122.458755, 10.994705], [122.458755, 10.994974], [122.457138, 10.994974], [122.457138, 10.994705], [122.45606, 10.994705], [122.45606, 10.994974], [122.45579, 10.994974], [122.45579, 10.996052], [122.456329, 10.996052], [122.456329, 10.996591], [122.456599, 10.996591], [122.456599, 10.99686], [122.456868, 10.99686], [122.456868, 10.997399], [122.456329, 10.997399], [122.456329, 10.997669], [122.45606, 10.997669], [122.45606, 10.997938], [122.45579, 10.997938], [122.45579, 10.998747], [122.456868, 10.998747], [122.456868, 10.998477], [122.457138, 10.998477], [122.457138, 10.998208], [122.457407, 10.998208], [122.457407, 10.997938], [122.459024, 10.997938], [122.459024, 10.998208], [122.459294, 10.998208], [122.459294, 10.998477], [122.459563, 10.998477], [122.459563, 10.998747], [122.459832, 10.998747], [122.459832, 10.999016], [122.460641, 10.999016], [122.460641, 10.999286], [122.46118, 10.999286], [122.46118, 10.999555], [122.461449, 10.999555], [122.461449, 11.000094], [122.461988, 11.000094], [122.461988, 11.000364], [122.463066, 11.000364], [122.463066, 11.000633], [122.463875, 11.000633], [122.463875, 11.000364], [122.464414, 11.000364], [122.464414, 10.999825], [122.464683, 10.999825], [122.464683, 10.999555], [122.465492, 10.999555], [122.465492, 10.999286], [122.467648, 10.999286], [122.467648, 10.999555], [122.468456, 10.999555], [122.468456, 11.000364], [122.468187, 11.000364], [122.468187, 11.000633], [122.467917, 11.000633], [122.467917, 11.001172], [122.467648, 11.001172], [122.467648, 11.003598], [122.467917, 11.003598], [122.467917, 11.003867], [122.468187, 11.003867], [122.468187, 11.004137], [122.468456, 11.004137], [122.468456, 11.004676], [122.468726, 11.004676], [122.468726, 11.006023], [122.469265, 11.006023], [122.469265, 11.005754], [122.469534, 11.005754], [122.469534, 11.004945], [122.469265, 11.004945], [122.469265, 11.004676], [122.469534, 11.004676], [122.469534, 11.004137], [122.469265, 11.004137], [122.469265, 11.003328], [122.468995, 11.003328], [122.468995, 11.00225], [122.469265, 11.00225], [122.469265, 11.001442], [122.469534, 11.001442], [122.469534, 11.000903], [122.469804, 11.000903], [122.469804, 11.000633], [122.470343, 11.000633], [122.470343, 11.000903], [122.470612, 11.000903], [122.470612, 11.001172], [122.471151, 11.001172], [122.471151, 11.000903], [122.471421, 11.000903], [122.471421, 10.999825], [122.471151, 10.999825], [122.471151, 10.999016], [122.471421, 10.999016], [122.471421, 10.998747], [122.47169, 10.998747], [122.47169, 10.999016], [122.47196, 10.999016], [122.47196, 10.999286], [122.472229, 10.999286], [122.472229, 10.999555], [122.472499, 10.999555], [122.472499, 10.999825], [122.473038, 10.999825], [122.473038, 10.999555], [122.473307, 10.999555], [122.473307, 10.999016], [122.473577, 10.999016], [122.473577, 10.998477], [122.474924, 10.998477], [122.474924, 10.998747], [122.475194, 10.998747], [122.475194, 10.999016], [122.475463, 10.999016], [122.475463, 11.000364], [122.475733, 11.000364], [122.475733, 11.000633], [122.476002, 11.000633], [122.476002, 11.000364], [122.476272, 11.000364], [122.476272, 11.000094], [122.476811, 11.000094], [122.476811, 10.999825], [122.47708, 10.999825], [122.47708, 10.999016], [122.476811, 10.999016], [122.476811, 10.998747], [122.476541, 10.998747], [122.476541, 10.998477], [122.476272, 10.998477], [122.476272, 10.997938], [122.476002, 10.997938], [122.476002, 10.997669], [122.475733, 10.997669], [122.475733, 10.99713], [122.476002, 10.99713], [122.476002, 10.99686], [122.476811, 10.99686], [122.476811, 10.996591], [122.47708, 10.996591], [122.47708, 10.996321], [122.47735, 10.996321], [122.47735, 10.994705], [122.477619, 10.994705], [122.477619, 10.994166], [122.477889, 10.994166], [122.477889, 10.993896], [122.479236, 10.993896], [122.479236, 10.993627], [122.479506, 10.993627], [122.479506, 10.993088], [122.479775, 10.993088], [122.479775, 10.99201], [122.480314, 10.99201], [122.480314, 10.99174], [122.480853, 10.99174], [122.480853, 10.991471], [122.481392, 10.991471], [122.481392, 10.991201], [122.481662, 10.991201], [122.481662, 10.990932], [122.482201, 10.990932], [122.482201, 10.990662], [122.483548, 10.990662], [122.483548, 10.990932], [122.483818, 10.990932], [122.483818, 10.991471], [122.483548, 10.991471], [122.483548, 10.99201], [122.483279, 10.99201], [122.483279, 10.992279], [122.483009, 10.992279], [122.483009, 10.992549], [122.48247, 10.992549], [122.48247, 10.992818], [122.482201, 10.992818], [122.482201, 10.993088], [122.481931, 10.993088], [122.481931, 10.993357], [122.481662, 10.993357], [122.481662, 10.994166], [122.481392, 10.994166], [122.481392, 10.994435], [122.480853, 10.994435], [122.480853, 10.994705], [122.480584, 10.994705], [122.480584, 10.994974], [122.480314, 10.994974], [122.480314, 10.995244], [122.479775, 10.995244], [122.479775, 10.995513], [122.479236, 10.995513], [122.479236, 10.996052], [122.478967, 10.996052], [122.478967, 10.99686], [122.479236, 10.99686], [122.479236, 10.997669], [122.479506, 10.997669], [122.479506, 10.997938], [122.479775, 10.997938], [122.479775, 10.998208], [122.480314, 10.998208], [122.480314, 10.998477], [122.480584, 10.998477], [122.480584, 10.998747], [122.481123, 10.998747], [122.481123, 10.997399], [122.480853, 10.997399], [122.480853, 10.996591], [122.481123, 10.996591], [122.481123, 10.996321], [122.481392, 10.996321], [122.481392, 10.996052], [122.482201, 10.996052], [122.482201, 10.996321], [122.48247, 10.996321], [122.48247, 10.996052], [122.483279, 10.996052], [122.483279, 10.995782], [122.483548, 10.995782], [122.483548, 10.996052], [122.483818, 10.996052], [122.483818, 10.99686], [122.483548, 10.99686], [122.483548, 10.998208], [122.483818, 10.998208], [122.483818, 10.999286], [122.484087, 10.999286], [122.484087, 10.999555], [122.484895, 10.999555], [122.484895, 10.999016], [122.485165, 10.999016], [122.485165, 10.998477], [122.485434, 10.998477], [122.485434, 10.997938], [122.485704, 10.997938], [122.485704, 10.997399], [122.485434, 10.997399], [122.485434, 10.99713], [122.485165, 10.99713], [122.485165, 10.996052], [122.485434, 10.996052], [122.485434, 10.995513], [122.486512, 10.995513], [122.486512, 10.995782], [122.486782, 10.995782], [122.486782, 10.996052], [122.48786, 10.996052], [122.48786, 10.999016], [122.488129, 10.999016], [122.488129, 10.999286], [122.488399, 10.999286], [122.488399, 10.999555], [122.489477, 10.999555], [122.489477, 10.999286], [122.489746, 10.999286], [122.489746, 10.998747], [122.490016, 10.998747], [122.490016, 10.996321], [122.490824, 10.996321], [122.490824, 10.996052], [122.491094, 10.996052], [122.491094, 10.995782], [122.491363, 10.995782], [122.491363, 10.995244], [122.491094, 10.995244], [122.491094, 10.994974], [122.490824, 10.994974], [122.490824, 10.994705], [122.490285, 10.994705], [122.490285, 10.994435], [122.490016, 10.994435], [122.490016, 10.994166], [122.489746, 10.994166], [122.489746, 10.993627], [122.490016, 10.993627], [122.490016, 10.993357], [122.490285, 10.993357], [122.490285, 10.993088], [122.490555, 10.993088], [122.490555, 10.992818], [122.490824, 10.992818], [122.490824, 10.992279], [122.490555, 10.992279], [122.490555, 10.991201], [122.491094, 10.991201], [122.491094, 10.991471], [122.491363, 10.991471], [122.491363, 10.99174], [122.491633, 10.99174], [122.491633, 10.99201], [122.491902, 10.99201], [122.491902, 10.992279], [122.492441, 10.992279], [122.492441, 10.992549], [122.492711, 10.992549], [122.492711, 10.992818], [122.493519, 10.992818], [122.493519, 10.992549], [122.493789, 10.992549], [122.493789, 10.992279], [122.494058, 10.992279], [122.494058, 10.99201], [122.494597, 10.99201], [122.494597, 10.99174], [122.495136, 10.99174], [122.495136, 10.99201], [122.495406, 10.99201], [122.495406, 10.992279], [122.495136, 10.992279], [122.495136, 10.992818], [122.495406, 10.992818], [122.495406, 10.993088], [122.495675, 10.993088], [122.495675, 10.993357], [122.496214, 10.993357], [122.496214, 10.993088], [122.496484, 10.993088], [122.496484, 10.992818], [122.496753, 10.992818], [122.496753, 10.992549], [122.497023, 10.992549], [122.497023, 10.992279], [122.497292, 10.992279], [122.497292, 10.99201], [122.498101, 10.99201], [122.498101, 10.992279], [122.49837, 10.992279], [122.49837, 10.992549], [122.49864, 10.992549], [122.49864, 10.992818], [122.49837, 10.992818], [122.49837, 10.993357], [122.497831, 10.993357], [122.497831, 10.993627], [122.497292, 10.993627], [122.497292, 10.993896], [122.497023, 10.993896], [122.497023, 10.994166], [122.496753, 10.994166], [122.496753, 10.994435], [122.496484, 10.994435], [122.496484, 10.994705], [122.496214, 10.994705], [122.496214, 10.995513], [122.496484, 10.995513], [122.496484, 10.995782], [122.496753, 10.995782], [122.496753, 10.995513], [122.497831, 10.995513], [122.497831, 10.995244], [122.49837, 10.995244], [122.49837, 10.994974], [122.49864, 10.994974], [122.49864, 10.993896], [122.498909, 10.993896], [122.498909, 10.993357], [122.499179, 10.993357], [122.499179, 10.993088], [122.499718, 10.993088], [122.499718, 10.992818], [122.500257, 10.992818], [122.500257, 10.992549], [122.500796, 10.992549], [122.500796, 10.992279], [122.501874, 10.992279], [122.501874, 10.992549], [122.502143, 10.992549], [122.502143, 10.993088], [122.501874, 10.993088], [122.501874, 10.993627], [122.501604, 10.993627], [122.501604, 10.993896], [122.501335, 10.993896], [122.501335, 10.994166], [122.501065, 10.994166], [122.501065, 10.994435], [122.500526, 10.994435], [122.500526, 10.994705], [122.500257, 10.994705], [122.500257, 10.994974], [122.500526, 10.994974], [122.500526, 10.995244], [122.500796, 10.995244], [122.500796, 10.995782], [122.501065, 10.995782], [122.501065, 10.998208], [122.500796, 10.998208], [122.500796, 10.999016], [122.499987, 10.999016], [122.499987, 10.998747], [122.499448, 10.998747], [122.499448, 10.998477], [122.499179, 10.998477], [122.499179, 10.998747], [122.498101, 10.998747], [122.498101, 10.999555], [122.49837, 10.999555], [122.49837, 10.999825], [122.499179, 10.999825], [122.499179, 11.000094], [122.499448, 11.000094], [122.499448, 11.000633], [122.499179, 11.000633], [122.499179, 11.000903], [122.498909, 11.000903], [122.498909, 11.001172], [122.498101, 11.001172], [122.498101, 11.001442], [122.496484, 11.001442], [122.496484, 11.001711], [122.496214, 11.001711], [122.496214, 11.004137], [122.495945, 11.004137], [122.495945, 11.004406], [122.495675, 11.004406], [122.495675, 11.004945], [122.496214, 11.004945], [122.496214, 11.005215], [122.496484, 11.005215], [122.496484, 11.004945], [122.496753, 11.004945], [122.496753, 11.004406], [122.497023, 11.004406], [122.497023, 11.004137], [122.497292, 11.004137], [122.497292, 11.003598], [122.497562, 11.003598], [122.497562, 11.003328], [122.497831, 11.003328], [122.497831, 11.003059], [122.498101, 11.003059], [122.498101, 11.002789], [122.499179, 11.002789], [122.499179, 11.00252], [122.499987, 11.00252], [122.499987, 11.00225], [122.500257, 11.00225], [122.500257, 11.001981], [122.500526, 11.001981], [122.500526, 11.001711], [122.501065, 11.001711], [122.501065, 11.001442], [122.501335, 11.001442], [122.501335, 11.000903], [122.501604, 11.000903], [122.501604, 11.000364], [122.501874, 11.000364], [122.501874, 11.000094], [122.502143, 11.000094], [122.502143, 10.999825], [122.502413, 10.999825], [122.502413, 10.999286], [122.502682, 10.999286], [122.502682, 10.998477], [122.502413, 10.998477], [122.502413, 10.995513], [122.502682, 10.995513], [122.502682, 10.995244], [122.50403, 10.995244], [122.50403, 10.994974], [122.504569, 10.994974], [122.504569, 10.994705], [122.504838, 10.994705], [122.504838, 10.993357], [122.504569, 10.993357], [122.504569, 10.993088], [122.504299, 10.993088], [122.504299, 10.992279], [122.504569, 10.992279], [122.504569, 10.99174], [122.505108, 10.99174], [122.505108, 10.991471], [122.505647, 10.991471], [122.505647, 10.99201], [122.506186, 10.99201], [122.506186, 10.992279], [122.506455, 10.992279], [122.506455, 10.99201], [122.506994, 10.99201], [122.506994, 10.990662], [122.506725, 10.990662], [122.506725, 10.990123], [122.506455, 10.990123], [122.506455, 10.989045], [122.506994, 10.989045], [122.506994, 10.987967], [122.506725, 10.987967], [122.506725, 10.987428], [122.506455, 10.987428], [122.506455, 10.987159], [122.506186, 10.987159], [122.506186, 10.98635], [122.506455, 10.98635], [122.506455, 10.986081], [122.506725, 10.986081], [122.506725, 10.985811], [122.506994, 10.985811], [122.506994, 10.984733], [122.506725, 10.984733], [122.506725, 10.984464], [122.506455, 10.984464], [122.506455, 10.984194], [122.506186, 10.984194], [122.506186, 10.983925], [122.505916, 10.983925], [122.505916, 10.982847], [122.506455, 10.982847], [122.506455, 10.982577], [122.506994, 10.982577], [122.506994, 10.982308], [122.507533, 10.982308], [122.507533, 10.982038], [122.507803, 10.982038], [122.507803, 10.981769], [122.508342, 10.981769], [122.508342, 10.981499], [122.509689, 10.981499], [122.509689, 10.98123], [122.509958, 10.98123], [122.509958, 10.981499], [122.510228, 10.981499], [122.510228, 10.984464], [122.510497, 10.984464], [122.510497, 10.983386], [122.511036, 10.983386], [122.511036, 10.983116], [122.511306, 10.983116], [122.511306, 10.982847], [122.511575, 10.982847], [122.511575, 10.982577], [122.511306, 10.982577], [122.511306, 10.982038], [122.511036, 10.982038], [122.511036, 10.981499], [122.510497, 10.981499], [122.510497, 10.98123], [122.510228, 10.98123], [122.510228, 10.98096], [122.509689, 10.98096], [122.509689, 10.980421], [122.50942, 10.980421], [122.50942, 10.980152], [122.50915, 10.980152], [122.50915, 10.979613], [122.508881, 10.979613], [122.508881, 10.979074], [122.508611, 10.979074], [122.508611, 10.977996], [122.508881, 10.977996], [122.508881, 10.977457], [122.50942, 10.977457], [122.50942, 10.977187], [122.509689, 10.977187], [122.509689, 10.976918], [122.510228, 10.976918], [122.510228, 10.976648], [122.510497, 10.976648], [122.510497, 10.976109], [122.510767, 10.976109], [122.510767, 10.97557], [122.511036, 10.97557], [122.511036, 10.975301], [122.511306, 10.975301], [122.511306, 10.975031], [122.512653, 10.975031], [122.512653, 10.975301], [122.512923, 10.975301], [122.512923, 10.97557], [122.513192, 10.97557], [122.513192, 10.97584], [122.51427, 10.97584], [122.51427, 10.97557], [122.515079, 10.97557], [122.515079, 10.97584], [122.515348, 10.97584], [122.515348, 10.976109], [122.515618, 10.976109], [122.515618, 10.976379], [122.516157, 10.976379], [122.516157, 10.976109], [122.516426, 10.976109], [122.516426, 10.976379], [122.516965, 10.976379], [122.516965, 10.976109], [122.517504, 10.976109], [122.517504, 10.97557], [122.517235, 10.97557], [122.517235, 10.975301], [122.516965, 10.975301], [122.516965, 10.975031], [122.516157, 10.975031], [122.516157, 10.975301], [122.515887, 10.975301], [122.515887, 10.97557], [122.515618, 10.97557], [122.515618, 10.975031], [122.514809, 10.975031], [122.514809, 10.974492], [122.51454, 10.974492], [122.51454, 10.973414], [122.514809, 10.973414], [122.514809, 10.973145], [122.515079, 10.973145], [122.515079, 10.972875], [122.515348, 10.972875], [122.515348, 10.972606], [122.515887, 10.972606], [122.515887, 10.972875], [122.516157, 10.972875], [122.516157, 10.972336], [122.516426, 10.972336], [122.516426, 10.972606], [122.516965, 10.972606], [122.516965, 10.972336], [122.517774, 10.972336], [122.517774, 10.972606], [122.518582, 10.972606], [122.518582, 10.972336], [122.519121, 10.972336], [122.519121, 10.972606], [122.519391, 10.972606], [122.519391, 10.972875], [122.51966, 10.972875], [122.51966, 10.973953], [122.520199, 10.973953], [122.520199, 10.974223], [122.520738, 10.974223], [122.520738, 10.974492], [122.521277, 10.974492], [122.521277, 10.974762], [122.521547, 10.974762], [122.521547, 10.975031], [122.522355, 10.975031], [122.522355, 10.974762], [122.522625, 10.974762], [122.522625, 10.974492], [122.522894, 10.974492], [122.522894, 10.974223], [122.523972, 10.974223], [122.523972, 10.975031], [122.523433, 10.975031], [122.523433, 10.975301], [122.523164, 10.975301], [122.523164, 10.97557], [122.522894, 10.97557], [122.522894, 10.977457], [122.522625, 10.977457], [122.522625, 10.977996], [122.522086, 10.977996], [122.522086, 10.978804], [122.522355, 10.978804], [122.522355, 10.979613], [122.522625, 10.979613], [122.522625, 10.980421], [122.522355, 10.980421], [122.522355, 10.98123], [122.522625, 10.98123], [122.522625, 10.981499], [122.522086, 10.981499], [122.522086, 10.98123], [122.521816, 10.98123], [122.521816, 10.98096], [122.521547, 10.98096], [122.521547, 10.98123], [122.521277, 10.98123], [122.521277, 10.981769], [122.521547, 10.981769], [122.521547, 10.982308], [122.522086, 10.982308], [122.522086, 10.982847], [122.522355, 10.982847], [122.522355, 10.983655], [122.522625, 10.983655], [122.522625, 10.983925], [122.522894, 10.983925], [122.522894, 10.984464], [122.522625, 10.984464], [122.522625, 10.984733], [122.523164, 10.984733], [122.523164, 10.985003], [122.523433, 10.985003], [122.523433, 10.985542], [122.523972, 10.985542], [122.523972, 10.984464], [122.523703, 10.984464], [122.523703, 10.984194], [122.523433, 10.984194], [122.523433, 10.983925], [122.523972, 10.983925], [122.523972, 10.984194], [122.524242, 10.984194], [122.524242, 10.983655], [122.523703, 10.983655], [122.523703, 10.983386], [122.523972, 10.983386], [122.523972, 10.983116], [122.523703, 10.983116], [122.523703, 10.982577], [122.523972, 10.982577], [122.523972, 10.982308], [122.524242, 10.982308], [122.524242, 10.982847], [122.524511, 10.982847], [122.524511, 10.983116], [122.524781, 10.983116], [122.524781, 10.982847], [122.525859, 10.982847], [122.525859, 10.983116], [122.526128, 10.983116], [122.526128, 10.983386], [122.526398, 10.983386], [122.526398, 10.983925], [122.526128, 10.983925], [122.526128, 10.985542], [122.526398, 10.985542], [122.526398, 10.98635], [122.526937, 10.98635], [122.526937, 10.987428], [122.526667, 10.987428], [122.526667, 10.987698], [122.526937, 10.987698], [122.526937, 10.988506], [122.527206, 10.988506], [122.527206, 10.989584], [122.526937, 10.989584], [122.526937, 10.989854], [122.526667, 10.989854], [122.526667, 10.989584], [122.526398, 10.989584], [122.526398, 10.989045], [122.526128, 10.989045], [122.526128, 10.987967], [122.525859, 10.987967], [122.525859, 10.987698], [122.526128, 10.987698], [122.526128, 10.98662], [122.52532, 10.98662], [122.52532, 10.98635], [122.524511, 10.98635], [122.524511, 10.98662], [122.524242, 10.98662], [122.524242, 10.986889], [122.524511, 10.986889], [122.524511, 10.987698], [122.524242, 10.987698], [122.524242, 10.987967], [122.523972, 10.987967], [122.523972, 10.988237], [122.523703, 10.988237], [122.523703, 10.988506], [122.524242, 10.988506], [122.524242, 10.988237], [122.52505, 10.988237], [122.52505, 10.988776], [122.524781, 10.988776], [122.524781, 10.989045], [122.524511, 10.989045], [122.524511, 10.989315], [122.524781, 10.989315], [122.524781, 10.989584], [122.524511, 10.989584], [122.524511, 10.990123], [122.524242, 10.990123], [122.524242, 10.990393], [122.524511, 10.990393], [122.524511, 10.991201], [122.523703, 10.991201], [122.523703, 10.990932], [122.523433, 10.990932], [122.523433, 10.990662], [122.522625, 10.990662], [122.522625, 10.992279], [122.522894, 10.992279], [122.522894, 10.993088], [122.523703, 10.993088], [122.523703, 10.993357], [122.523972, 10.993357], [122.523972, 10.993088], [122.524242, 10.993088], [122.524242, 10.992549], [122.524781, 10.992549], [122.524781, 10.992279], [122.524511, 10.992279], [122.524511, 10.99174], [122.524781, 10.99174], [122.524781, 10.99201], [122.52505, 10.99201], [122.52505, 10.992279], [122.525589, 10.992279], [122.525589, 10.992818], [122.52532, 10.992818], [122.52532, 10.993357], [122.525589, 10.993357], [122.525589, 10.993627], [122.526398, 10.993627], [122.526398, 10.992818], [122.526937, 10.992818], [122.526937, 10.99201], [122.528015, 10.99201], [122.528015, 10.992279], [122.528284, 10.992279], [122.528284, 10.992549], [122.528015, 10.992549], [122.528015, 10.993088], [122.528284, 10.993088], [122.528284, 10.993357], [122.528823, 10.993357], [122.528823, 10.993627], [122.529093, 10.993627], [122.529093, 10.994166], [122.528823, 10.994166], [122.528823, 10.994435], [122.526937, 10.994435], [122.526937, 10.994705], [122.52505, 10.994705], [122.52505, 10.994435], [122.524781, 10.994435], [122.524781, 10.994166], [122.522625, 10.994166], [122.522625, 10.993896], [122.522355, 10.993896], [122.522355, 10.993627], [122.521547, 10.993627], [122.521547, 10.994166], [122.521277, 10.994166], [122.521277, 10.994974], [122.521008, 10.994974], [122.521008, 10.995244], [122.520199, 10.995244], [122.520199, 10.994974], [122.518313, 10.994974], [122.518313, 10.994705], [122.518043, 10.994705], [122.518043, 10.994435], [122.517774, 10.994435], [122.517774, 10.994166], [122.517504, 10.994166], [122.517504, 10.993627], [122.516965, 10.993627], [122.516965, 10.993357], [122.515887, 10.993357], [122.515887, 10.993627], [122.515348, 10.993627], [122.515348, 10.993896], [122.515618, 10.993896], [122.515618, 10.994166], [122.516157, 10.994166], [122.516157, 10.994435], [122.516696, 10.994435], [122.516696, 10.994705], [122.517504, 10.994705], [122.517504, 10.994974], [122.517774, 10.994974], [122.517774, 10.995244], [122.518313, 10.995244], [122.518313, 10.995513], [122.518582, 10.995513], [122.518582, 10.99686], [122.518043, 10.99686], [122.518043, 10.99713], [122.516965, 10.99713], [122.516965, 10.99686], [122.515887, 10.99686], [122.515887, 10.99713], [122.515618, 10.99713], [122.515618, 10.997669], [122.515887, 10.997669], [122.515887, 10.998208], [122.518043, 10.998208], [122.518043, 10.997938], [122.519391, 10.997938], [122.519391, 10.998477], [122.520199, 10.998477], [122.520199, 10.999286], [122.520469, 10.999286], [122.520469, 10.999825], [122.520199, 10.999825], [122.520199, 11.000094], [122.51966, 11.000094], [122.51966, 11.000633], [122.51993, 11.000633], [122.51993, 11.000903], [122.520469, 11.000903], [122.520469, 11.000633], [122.521277, 11.000633], [122.521277, 11.001981], [122.521547, 11.001981], [122.521547, 11.00225], [122.521816, 11.00225], [122.521816, 11.003059], [122.521547, 11.003059], [122.521547, 11.003328], [122.520199, 11.003328], [122.520199, 11.003598], [122.51993, 11.003598], [122.51993, 11.003328], [122.51966, 11.003328], [122.51966, 11.003598], [122.518852, 11.003598], [122.518852, 11.004137], [122.518582, 11.004137], [122.518582, 11.004406], [122.518313, 11.004406], [122.518313, 11.004945], [122.518582, 11.004945], [122.518582, 11.004676], [122.518852, 11.004676], [122.518852, 11.004945], [122.519121, 11.004945], [122.519121, 11.005215], [122.519391, 11.005215], [122.519391, 11.004945], [122.51993, 11.004945], [122.51993, 11.005215], [122.520199, 11.005215], [122.520199, 11.005484], [122.51966, 11.005484], [122.51966, 11.006023], [122.520469, 11.006023], [122.520469, 11.004676], [122.520738, 11.004676], [122.520738, 11.005754], [122.521277, 11.005754], [122.521277, 11.005484], [122.521008, 11.005484], [122.521008, 11.004406], [122.521547, 11.004406], [122.521547, 11.004137], [122.521816, 11.004137], [122.521816, 11.004406], [122.522086, 11.004406], [122.522086, 11.004137], [122.522625, 11.004137], [122.522625, 11.004406], [122.523164, 11.004406], [122.523164, 11.004137], [122.523703, 11.004137], [122.523703, 11.004406], [122.523972, 11.004406], [122.523972, 11.003598], [122.524242, 11.003598], [122.524242, 11.003328], [122.524511, 11.003328], [122.524511, 11.00252], [122.524242, 11.00252], [122.524242, 11.00225], [122.523972, 11.00225], [122.523972, 11.001711], [122.523433, 11.001711], [122.523433, 11.001442], [122.522625, 11.001442], [122.522625, 11.000903], [122.522355, 11.000903], [122.522355, 11.000094], [122.522625, 11.000094], [122.522625, 10.999555], [122.522894, 10.999555], [122.522894, 10.998477], [122.523164, 10.998477], [122.523164, 10.99713], [122.523433, 10.99713], [122.523433, 10.997669], [122.523703, 10.997669], [122.523703, 10.998208], [122.523433, 10.998208], [122.523433, 10.998477], [122.523703, 10.998477], [122.523703, 10.998747], [122.523972, 10.998747], [122.523972, 11.000094], [122.524242, 11.000094], [122.524242, 11.000903], [122.524511, 11.000903], [122.524511, 11.001172], [122.524781, 11.001172], [122.524781, 11.001442], [122.52505, 11.001442], [122.52505, 11.001711], [122.526667, 11.001711], [122.526667, 11.001981], [122.527206, 11.001981], [122.527206, 11.00252], [122.527476, 11.00252], [122.527476, 11.002789], [122.527745, 11.002789], [122.527745, 11.003059], [122.528554, 11.003059], [122.528554, 11.003328], [122.528823, 11.003328], [122.528823, 11.002789], [122.529362, 11.002789], [122.529362, 11.003328], [122.529632, 11.003328], [122.529632, 11.003867], [122.528554, 11.003867], [122.528554, 11.004137], [122.528823, 11.004137], [122.528823, 11.004406], [122.529093, 11.004406], [122.529093, 11.004676], [122.528554, 11.004676], [122.528554, 11.004945], [122.529093, 11.004945], [122.529093, 11.005215], [122.529362, 11.005215], [122.529362, 11.005754], [122.528823, 11.005754], [122.528823, 11.006023], [122.528554, 11.006023], [122.528554, 11.006293], [122.528284, 11.006293], [122.528284, 11.006562], [122.527745, 11.006562], [122.527745, 11.006832], [122.526937, 11.006832], [122.526937, 11.007101], [122.526667, 11.007101], [122.526667, 11.006562], [122.526398, 11.006562], [122.526398, 11.006023], [122.526128, 11.006023], [122.526128, 11.005754], [122.526667, 11.005754], [122.526667, 11.005484], [122.527476, 11.005484], [122.527476, 11.005215], [122.527745, 11.005215], [122.527745, 11.004945], [122.528015, 11.004945], [122.528015, 11.004676], [122.527476, 11.004676], [122.527476, 11.004406], [122.526667, 11.004406], [122.526667, 11.004676], [122.526398, 11.004676], [122.526398, 11.003328], [122.525859, 11.003328], [122.525859, 11.003059], [122.525589, 11.003059], [122.525589, 11.003867], [122.525859, 11.003867], [122.525859, 11.004137], [122.525589, 11.004137], [122.525589, 11.004406], [122.525859, 11.004406], [122.525859, 11.004945], [122.524781, 11.004945], [122.524781, 11.005484], [122.52505, 11.005484], [122.52505, 11.006562], [122.52532, 11.006562], [122.52532, 11.006832], [122.525589, 11.006832], [122.525589, 11.007101], [122.525859, 11.007101], [122.525859, 11.007371], [122.526398, 11.007371], [122.526398, 11.00764], [122.526667, 11.00764], [122.526667, 11.008718], [122.526128, 11.008718], [122.526128, 11.009257], [122.525859, 11.009257], [122.525859, 11.009527], [122.525589, 11.009527], [122.525589, 11.010066], [122.52532, 11.010066], [122.52532, 11.010335], [122.524242, 11.010335], [122.524242, 11.010066], [122.523972, 11.010066], [122.523972, 11.009796], [122.522894, 11.009796], [122.522894, 11.010066], [122.522625, 11.010066], [122.522625, 11.010335], [122.522355, 11.010335], [122.522355, 11.010874], [122.521816, 11.010874], [122.521816, 11.011144], [122.521547, 11.011144], [122.521547, 11.011952], [122.521277, 11.011952], [122.521277, 11.012491], [122.521547, 11.012491], [122.521547, 11.012761], [122.521816, 11.012761], [122.521816, 11.01303], [122.522086, 11.01303], [122.522086, 11.012761], [122.522625, 11.012761], [122.522625, 11.012222], [122.522355, 11.012222], [122.522355, 11.011952], [122.522086, 11.011952], [122.522086, 11.011683], [122.522355, 11.011683], [122.522355, 11.011413], [122.523164, 11.011413], [122.523164, 11.011683], [122.523433, 11.011683], [122.523433, 11.011952], [122.52505, 11.011952], [122.52505, 11.011683], [122.52532, 11.011683], [122.52532, 11.011952], [122.526128, 11.011952], [122.526128, 11.011683], [122.526398, 11.011683], [122.526398, 11.011952], [122.526667, 11.011952], [122.526667, 11.012491], [122.526128, 11.012491], [122.526128, 11.012222], [122.52532, 11.012222], [122.52532, 11.012491], [122.52505, 11.012491], [122.52505, 11.01303], [122.52532, 11.01303], [122.52532, 11.0133], [122.525589, 11.0133], [122.525589, 11.013839], [122.52532, 11.013839], [122.52532, 11.014108], [122.524511, 11.014108], [122.524511, 11.014378], [122.522355, 11.014378], [122.522355, 11.014108], [122.521816, 11.014108], [122.521816, 11.013839], [122.521277, 11.013839], [122.521277, 11.013569], [122.51993, 11.013569], [122.51993, 11.0133], [122.51966, 11.0133], [122.51966, 11.012761], [122.519391, 11.012761], [122.519391, 11.012491], [122.519121, 11.012491], [122.519121, 11.012222], [122.518852, 11.012222], [122.518852, 11.011952], [122.518043, 11.011952], [122.518043, 11.011683], [122.517504, 11.011683], [122.517504, 11.011413], [122.516965, 11.011413], [122.516965, 11.011144], [122.516696, 11.011144], [122.516696, 11.010874], [122.515618, 11.010874], [122.515618, 11.010605], [122.515079, 11.010605], [122.515079, 11.010066], [122.514809, 11.010066], [122.514809, 11.008718], [122.51454, 11.008718], [122.51454, 11.008179], [122.514001, 11.008179], [122.514001, 11.007371], [122.513731, 11.007371], [122.513731, 11.007101], [122.512653, 11.007101], [122.512653, 11.006293], [122.512384, 11.006293], [122.512384, 11.006023], [122.512114, 11.006023], [122.512114, 11.005754], [122.511845, 11.005754], [122.511845, 11.006023], [122.511306, 11.006023], [122.511306, 11.006832], [122.511575, 11.006832], [122.511575, 11.007371], [122.511845, 11.007371], [122.511845, 11.00764], [122.511306, 11.00764], [122.511306, 11.007101], [122.510767, 11.007101], [122.510767, 11.006832], [122.510228, 11.006832], [122.510228, 11.006562], [122.509958, 11.006562], [122.509958, 11.006023], [122.509689, 11.006023], [122.509689, 11.005484], [122.50942, 11.005484], [122.50942, 11.004945], [122.50915, 11.004945], [122.50915, 11.004676], [122.508881, 11.004676], [122.508881, 11.004406], [122.508342, 11.004406], [122.508342, 11.004137], [122.508072, 11.004137], [122.508072, 11.003867], [122.507803, 11.003867], [122.507803, 11.002789], [122.507533, 11.002789], [122.507533, 11.00252], [122.506994, 11.00252], [122.506994, 11.002789], [122.506725, 11.002789], [122.506725, 11.00225], [122.506455, 11.00225], [122.506455, 11.00252], [122.506186, 11.00252], [122.506186, 11.002789], [122.505647, 11.002789], [122.505647, 11.00252], [122.505377, 11.00252], [122.505377, 11.00225], [122.505108, 11.00225], [122.505108, 11.001981], [122.504838, 11.001981], [122.504838, 11.001442], [122.504569, 11.001442], [122.504569, 11.001172], [122.50403, 11.001172], [122.50403, 11.001981], [122.50376, 11.001981], [122.50376, 11.00252], [122.50403, 11.00252], [122.50403, 11.004137], [122.50376, 11.004137], [122.50376, 11.004406], [122.50403, 11.004406], [122.50403, 11.004945], [122.50376, 11.004945], [122.50376, 11.006293], [122.503221, 11.006293], [122.503221, 11.007101], [122.502952, 11.007101], [122.502952, 11.007371], [122.501874, 11.007371], [122.501874, 11.007101], [122.501604, 11.007101], [122.501604, 11.006832], [122.501335, 11.006832], [122.501335, 11.006293], [122.501065, 11.006293], [122.501065, 11.006023], [122.499448, 11.006023], [122.499448, 11.006293], [122.498909, 11.006293], [122.498909, 11.007371], [122.49864, 11.007371], [122.49864, 11.00791], [122.49837, 11.00791], [122.49837, 11.008449], [122.498101, 11.008449], [122.498101, 11.008718], [122.497023, 11.008718], [122.497023, 11.008449], [122.496753, 11.008449], [122.496753, 11.008718], [122.496214, 11.008718], [122.496214, 11.008449], [122.495945, 11.008449], [122.495945, 11.008718], [122.494328, 11.008718], [122.494328, 11.008988], [122.493789, 11.008988], [122.493789, 11.009257], [122.493519, 11.009257], [122.493519, 11.010066], [122.49325, 11.010066], [122.49325, 11.010335], [122.493519, 11.010335], [122.493519, 11.010874], [122.494058, 11.010874], [122.494058, 11.010605], [122.494328, 11.010605], [122.494328, 11.010874], [122.494867, 11.010874], [122.494867, 11.012491], [122.495136, 11.012491], [122.495136, 11.0133], [122.494867, 11.0133], [122.494867, 11.013569], [122.493789, 11.013569], [122.493789, 11.0133], [122.49298, 11.0133], [122.49298, 11.013839], [122.492711, 11.013839], [122.492711, 11.014917], [122.49298, 11.014917], [122.49298, 11.015186], [122.494328, 11.015186], [122.494328, 11.014917], [122.494597, 11.014917], [122.494597, 11.014647], [122.494867, 11.014647], [122.494867, 11.014378], [122.495136, 11.014378], [122.495136, 11.014108], [122.495406, 11.014108], [122.495406, 11.013839], [122.496484, 11.013839], [122.496484, 11.013569], [122.496753, 11.013569], [122.496753, 11.0133], [122.496484, 11.0133], [122.496484, 11.012761], [122.496214, 11.012761], [122.496214, 11.012222], [122.495945, 11.012222], [122.495945, 11.011683], [122.495675, 11.011683], [122.495675, 11.010605], [122.497023, 11.010605], [122.497023, 11.011413], [122.497292, 11.011413], [122.497292, 11.011683], [122.497562, 11.011683], [122.497562, 11.011952], [122.497831, 11.011952], [122.497831, 11.012222], [122.498101, 11.012222], [122.498101, 11.012761], [122.49837, 11.012761], [122.49837, 11.01303], [122.498909, 11.01303], [122.498909, 11.012761], [122.500526, 11.012761], [122.500526, 11.012491], [122.500796, 11.012491], [122.500796, 11.012222], [122.502143, 11.012222], [122.502143, 11.012491], [122.502413, 11.012491], [122.502413, 11.01303], [122.502143, 11.01303], [122.502143, 11.0133], [122.502413, 11.0133], [122.502413, 11.013839], [122.502682, 11.013839], [122.502682, 11.014108], [122.502952, 11.014108], [122.502952, 11.014378], [122.503221, 11.014378], [122.503221, 11.014647], [122.503491, 11.014647], [122.503491, 11.014917], [122.50376, 11.014917], [122.50376, 11.015456], [122.504838, 11.015456], [122.504838, 11.014917], [122.505377, 11.014917], [122.505377, 11.014647], [122.507264, 11.014647], [122.507264, 11.014108], [122.508611, 11.014108], [122.508611, 11.014378], [122.509689, 11.014378], [122.509689, 11.014108], [122.510767, 11.014108], [122.510767, 11.014378], [122.511306, 11.014378], [122.511306, 11.015995], [122.511036, 11.015995], [122.511036, 11.016534], [122.510228, 11.016534], [122.510228, 11.016803], [122.50915, 11.016803], [122.50915, 11.017881], [122.50942, 11.017881], [122.50942, 11.019768], [122.50915, 11.019768], [122.50915, 11.020037], [122.509958, 11.020037], [122.509958, 11.019768], [122.510497, 11.019768], [122.510497, 11.019498], [122.510767, 11.019498], [122.510767, 11.019229], [122.511036, 11.019229], [122.511036, 11.01869], [122.511306, 11.01869], [122.511306, 11.01842], [122.511036, 11.01842], [122.511036, 11.017881], [122.510767, 11.017881], [122.510767, 11.017073], [122.511306, 11.017073], [122.511306, 11.016803], [122.511845, 11.016803], [122.511845, 11.016534], [122.512384, 11.016534], [122.512384, 11.016803], [122.512653, 11.016803], [122.512653, 11.016534], [122.513192, 11.016534], [122.513192, 11.016264], [122.513462, 11.016264], [122.513462, 11.015995], [122.513731, 11.015995], [122.513731, 11.015725], [122.514001, 11.015725], [122.514001, 11.015456], [122.51427, 11.015456], [122.51427, 11.015186], [122.51454, 11.015186], [122.51454, 11.014917], [122.514809, 11.014917], [122.514809, 11.014647], [122.515079, 11.014647], [122.515079, 11.014378], [122.515618, 11.014378], [122.515618, 11.014108], [122.515887, 11.014108], [122.515887, 11.013839], [122.516426, 11.013839], [122.516426, 11.013569], [122.516696, 11.013569], [122.516696, 11.0133], [122.516965, 11.0133], [122.516965, 11.01303], [122.518582, 11.01303], [122.518582, 11.013569], [122.518852, 11.013569], [122.518852, 11.015995], [122.519391, 11.015995], [122.519391, 11.016264], [122.51966, 11.016264], [122.51966, 11.015725], [122.520199, 11.015725], [122.520199, 11.015456], [122.520469, 11.015456], [122.520469, 11.015186], [122.521547, 11.015186], [122.521547, 11.015456], [122.521816, 11.015456], [122.521816, 11.016264], [122.521277, 11.016264], [122.521277, 11.016534], [122.520738, 11.016534], [122.520738, 11.017612], [122.522086, 11.017612], [122.522086, 11.017342], [122.521547, 11.017342], [122.521547, 11.016803], [122.521816, 11.016803], [122.521816, 11.017073], [122.522355, 11.017073], [122.522355, 11.016803], [122.522625, 11.016803], [122.522625, 11.017073], [122.522894, 11.017073], [122.522894, 11.017342], [122.523164, 11.017342], [122.523164, 11.017612], [122.522894, 11.017612], [122.522894, 11.018151], [122.523164, 11.018151], [122.523164, 11.01842], [122.523433, 11.01842], [122.523433, 11.01869], [122.522894, 11.01869], [122.522894, 11.018959], [122.522355, 11.018959], [122.522355, 11.020037], [122.522086, 11.020037], [122.522086, 11.020307], [122.521547, 11.020307], [122.521547, 11.020037], [122.521277, 11.020037], [122.521277, 11.019498], [122.520738, 11.019498], [122.520738, 11.019229], [122.520199, 11.019229], [122.520199, 11.019498], [122.519391, 11.019498], [122.519391, 11.019768], [122.518852, 11.019768], [122.518852, 11.019498], [122.518313, 11.019498], [122.518313, 11.019229], [122.518852, 11.019229], [122.518852, 11.01869], [122.519121, 11.01869], [122.519121, 11.01842], [122.519391, 11.01842], [122.519391, 11.017881], [122.519121, 11.017881], [122.519121, 11.018151], [122.518852, 11.018151], [122.518852, 11.01842], [122.518043, 11.01842], [122.518043, 11.01869], [122.517504, 11.01869], [122.517504, 11.018959], [122.517235, 11.018959], [122.517235, 11.019229], [122.517504, 11.019229], [122.517504, 11.019768], [122.518313, 11.019768], [122.518313, 11.020037], [122.518582, 11.020037], [122.518582, 11.020307], [122.518313, 11.020307], [122.518313, 11.020576], [122.517235, 11.020576], [122.517235, 11.020307], [122.516696, 11.020307], [122.516696, 11.020037], [122.515618, 11.020037], [122.515618, 11.020307], [122.51454, 11.020307], [122.51454, 11.020037], [122.514001, 11.020037], [122.514001, 11.019229], [122.51427, 11.019229], [122.51427, 11.018959], [122.51454, 11.018959], [122.51454, 11.01869], [122.514809, 11.01869], [122.514809, 11.018151], [122.515079, 11.018151], [122.515079, 11.017881], [122.515348, 11.017881], [122.515348, 11.017612], [122.515887, 11.017612], [122.515887, 11.017342], [122.515348, 11.017342], [122.515348, 11.017073], [122.515079, 11.017073], [122.515079, 11.017342], [122.514809, 11.017342], [122.514809, 11.017612], [122.51454, 11.017612], [122.51454, 11.017881], [122.513731, 11.017881], [122.513731, 11.018151], [122.513462, 11.018151], [122.513462, 11.01842], [122.513192, 11.01842], [122.513192, 11.01869], [122.513462, 11.01869], [122.513462, 11.019229], [122.513731, 11.019229], [122.513731, 11.019498], [122.513462, 11.019498], [122.513462, 11.020037], [122.513192, 11.020037], [122.513192, 11.020307], [122.512653, 11.020307], [122.512653, 11.020576], [122.511845, 11.020576], [122.511845, 11.020307], [122.510228, 11.020307], [122.510228, 11.021115], [122.509689, 11.021115], [122.509689, 11.021384], [122.50942, 11.021384], [122.50942, 11.021654], [122.509689, 11.021654], [122.509689, 11.022462], [122.509958, 11.022462], [122.509958, 11.022732], [122.509689, 11.022732], [122.509689, 11.023271], [122.50915, 11.023271], [122.50915, 11.02354], [122.508881, 11.02354], [122.508881, 11.02381], [122.507803, 11.02381], [122.507803, 11.024079], [122.507533, 11.024079], [122.507533, 11.024349], [122.506186, 11.024349], [122.506186, 11.024079], [122.505647, 11.024079], [122.505647, 11.02381], [122.505108, 11.02381], [122.505108, 11.02354], [122.504569, 11.02354], [122.504569, 11.023271], [122.504299, 11.023271], [122.504299, 11.023001], [122.50403, 11.023001], [122.50403, 11.022732], [122.50376, 11.022732], [122.50376, 11.022462], [122.503491, 11.022462], [122.503491, 11.022193], [122.501874, 11.022193], [122.501874, 11.022462], [122.501065, 11.022462], [122.501065, 11.022193], [122.500796, 11.022193], [122.500796, 11.021923], [122.500257, 11.021923], [122.500257, 11.021654], [122.499987, 11.021654], [122.499987, 11.021384], [122.499718, 11.021384], [122.499718, 11.021115], [122.499448, 11.021115], [122.499448, 11.020576], [122.497831, 11.020576], [122.497831, 11.020307], [122.497562, 11.020307], [122.497562, 11.020576], [122.497292, 11.020576], [122.497292, 11.020307], [122.497023, 11.020307], [122.497023, 11.020037], [122.496753, 11.020037], [122.496753, 11.019768], [122.496484, 11.019768], [122.496484, 11.019498], [122.496214, 11.019498], [122.496214, 11.018959], [122.495945, 11.018959], [122.495945, 11.01869], [122.495675, 11.01869], [122.495675, 11.017881], [122.495945, 11.017881], [122.495945, 11.017612], [122.496214, 11.017612], [122.496214, 11.017342], [122.496484, 11.017342], [122.496484, 11.017073], [122.497023, 11.017073], [122.497023, 11.017342], [122.497562, 11.017342], [122.497562, 11.017612], [122.49864, 11.017612], [122.49864, 11.016803], [122.498909, 11.016803], [122.498909, 11.016534], [122.49864, 11.016534], [122.49864, 11.016264], [122.497023, 11.016264], [122.497023, 11.015995], [122.496753, 11.015995], [122.496753, 11.016264], [122.495945, 11.016264], [122.495945, 11.016534], [122.494328, 11.016534], [122.494328, 11.016803], [122.494058, 11.016803], [122.494058, 11.017073], [122.493519, 11.017073], [122.493519, 11.017342], [122.49325, 11.017342], [122.49325, 11.018151], [122.492441, 11.018151], [122.492441, 11.01842], [122.492172, 11.01842], [122.492172, 11.01869], [122.491902, 11.01869], [122.491902, 11.019229], [122.491633, 11.019229], [122.491633, 11.019498], [122.491094, 11.019498], [122.491094, 11.019229], [122.490824, 11.019229], [122.490824, 11.018959], [122.490555, 11.018959], [122.490555, 11.01869], [122.490285, 11.01869], [122.490285, 11.01842], [122.490016, 11.01842], [122.490016, 11.01869], [122.489746, 11.01869], [122.489746, 11.019229], [122.488938, 11.019229], [122.488938, 11.018959], [122.488668, 11.018959], [122.488668, 11.01842], [122.488938, 11.01842], [122.488938, 11.018151], [122.490285, 11.018151], [122.490285, 11.017881], [122.490555, 11.017881], [122.490555, 11.017612], [122.490285, 11.017612], [122.490285, 11.017342], [122.490555, 11.017342], [122.490555, 11.017073], [122.490824, 11.017073], [122.490824, 11.016534], [122.490555, 11.016534], [122.490555, 11.016803], [122.488938, 11.016803], [122.488938, 11.016534], [122.48786, 11.016534], [122.48786, 11.016264], [122.48759, 11.016264], [122.48759, 11.015725], [122.48786, 11.015725], [122.48786, 11.015186], [122.488399, 11.015186], [122.488399, 11.014917], [122.488668, 11.014917], [122.488668, 11.014647], [122.488938, 11.014647], [122.488938, 11.014378], [122.489207, 11.014378], [122.489207, 11.013569], [122.488938, 11.013569], [122.488938, 11.0133], [122.48786, 11.0133], [122.48786, 11.013569], [122.486782, 11.013569], [122.486782, 11.01303], [122.486512, 11.01303], [122.486512, 11.011413], [122.486243, 11.011413], [122.486243, 11.011144], [122.485973, 11.011144], [122.485973, 11.011413], [122.485165, 11.011413], [122.485165, 11.011144], [122.484895, 11.011144], [122.484895, 11.010066], [122.484626, 11.010066], [122.484626, 11.008718], [122.484895, 11.008718], [122.484895, 11.00791], [122.484626, 11.00791], [122.484626, 11.00764], [122.484357, 11.00764], [122.484357, 11.007371], [122.483009, 11.007371], [122.483009, 11.00764], [122.48247, 11.00764], [122.48247, 11.00791], [122.482201, 11.00791], [122.482201, 11.009527], [122.48247, 11.009527], [122.48247, 11.010605], [122.482201, 11.010605], [122.482201, 11.011144], [122.481931, 11.011144], [122.481931, 11.011413], [122.481662, 11.011413], [122.481662, 11.011683], [122.481123, 11.011683], [122.481123, 11.011952], [122.480853, 11.011952], [122.480853, 11.011683], [122.479506, 11.011683], [122.479506, 11.012491], [122.478428, 11.012491], [122.478428, 11.012222], [122.478158, 11.012222], [122.478158, 11.011683], [122.477889, 11.011683], [122.477889, 11.011413], [122.47735, 11.011413], [122.47735, 11.011144], [122.476811, 11.011144], [122.476811, 11.011413], [122.476541, 11.011413], [122.476541, 11.0133], [122.476811, 11.0133], [122.476811, 11.013569], [122.47708, 11.013569], [122.47708, 11.013839], [122.478967, 11.013839], [122.478967, 11.013569], [122.480314, 11.013569], [122.480314, 11.013839], [122.480584, 11.013839], [122.480584, 11.014108], [122.480853, 11.014108], [122.480853, 11.014917], [122.481123, 11.014917], [122.481123, 11.015725], [122.480853, 11.015725], [122.480853, 11.015995], [122.478967, 11.015995], [122.478967, 11.016803], [122.479236, 11.016803], [122.479236, 11.017073], [122.479506, 11.017073], [122.479506, 11.017342], [122.479775, 11.017342], [122.479775, 11.017612], [122.480045, 11.017612], [122.480045, 11.017881], [122.481662, 11.017881], [122.481662, 11.018151], [122.483818, 11.018151], [122.483818, 11.01842], [122.484626, 11.01842], [122.484626, 11.01869], [122.484895, 11.01869], [122.484895, 11.018959], [122.485165, 11.018959], [122.485165, 11.019229], [122.485434, 11.019229], [122.485434, 11.019498], [122.485973, 11.019498], [122.485973, 11.020307], [122.485704, 11.020307], [122.485704, 11.020576], [122.484895, 11.020576], [122.484895, 11.020307], [122.484626, 11.020307], [122.484626, 11.020037], [122.484357, 11.020037], [122.484357, 11.019768], [122.484087, 11.019768], [122.484087, 11.019498], [122.48274, 11.019498], [122.48274, 11.020037], [122.482201, 11.020037], [122.482201, 11.020307], [122.481931, 11.020307], [122.481931, 11.020037], [122.481662, 11.020037], [122.481662, 11.020307], [122.481392, 11.020307], [122.481392, 11.020845], [122.481662, 11.020845], [122.481662, 11.021115], [122.481931, 11.021115], [122.481931, 11.022462], [122.481662, 11.022462], [122.481662, 11.022732], [122.481392, 11.022732], [122.481392, 11.023001], [122.481123, 11.023001], [122.481123, 11.023271], [122.480045, 11.023271], [122.480045, 11.023001], [122.479236, 11.023001], [122.479236, 11.022732], [122.478967, 11.022732], [122.478967, 11.022462], [122.478697, 11.022462], [122.478697, 11.022193], [122.478428, 11.022193], [122.478428, 11.021923], [122.478158, 11.021923], [122.478158, 11.021384], [122.477889, 11.021384], [122.477889, 11.020307], [122.478158, 11.020307], [122.478158, 11.018959], [122.477619, 11.018959], [122.477619, 11.01869], [122.47735, 11.01869], [122.47735, 11.017342], [122.476811, 11.017342], [122.476811, 11.019229], [122.476541, 11.019229], [122.476541, 11.019768], [122.476272, 11.019768], [122.476272, 11.020037], [122.474924, 11.020037], [122.474924, 11.019768], [122.474655, 11.019768], [122.474655, 11.016534], [122.474385, 11.016534], [122.474385, 11.015995], [122.474116, 11.015995], [122.474116, 11.015725], [122.473038, 11.015725], [122.473038, 11.015995], [122.471421, 11.015995], [122.471421, 11.015725], [122.470882, 11.015725], [122.470882, 11.014917], [122.468726, 11.014917], [122.468726, 11.014647], [122.468456, 11.014647], [122.468456, 11.014378], [122.468187, 11.014378], [122.468187, 11.012761], [122.468456, 11.012761], [122.468456, 11.012222], [122.468187, 11.012222], [122.468187, 11.011952], [122.467648, 11.011952], [122.467648, 11.012222], [122.467378, 11.012222], [122.467378, 11.0133], [122.467109, 11.0133], [122.467109, 11.013569], [122.466839, 11.013569], [122.466839, 11.013839], [122.465222, 11.013839], [122.465222, 11.014108], [122.464953, 11.014108], [122.464953, 11.014378], [122.465222, 11.014378], [122.465222, 11.014647], [122.465761, 11.014647], [122.465761, 11.014917], [122.4663, 11.014917], [122.4663, 11.015186], [122.466839, 11.015186], [122.466839, 11.016264], [122.467109, 11.016264], [122.467109, 11.016534], [122.467648, 11.016534], [122.467648, 11.016803], [122.467917, 11.016803], [122.467917, 11.017073], [122.468456, 11.017073], [122.468456, 11.017612], [122.468726, 11.017612], [122.468726, 11.018151], [122.469265, 11.018151], [122.469265, 11.01842], [122.470073, 11.01842], [122.470073, 11.018151], [122.471421, 11.018151], [122.471421, 11.01842], [122.47196, 11.01842], [122.47196, 11.01869], [122.472499, 11.01869], [122.472499, 11.019498], [122.472229, 11.019498], [122.472229, 11.020307], [122.47196, 11.020307], [122.47196, 11.020845], [122.470882, 11.020845], [122.470882, 11.021923], [122.471151, 11.021923], [122.471151, 11.022193], [122.471421, 11.022193], [122.471421, 11.022462], [122.47196, 11.022462], [122.47196, 11.023001], [122.472229, 11.023001], [122.472229, 11.02354], [122.47196, 11.02354], [122.47196, 11.024349], [122.47169, 11.024349], [122.47169, 11.024618], [122.470882, 11.024618], [122.470882, 11.024349], [122.470612, 11.024349], [122.470612, 11.02381], [122.470343, 11.02381], [122.470343, 11.02354], [122.469804, 11.02354], [122.469804, 11.023271], [122.468995, 11.023271], [122.468995, 11.023001], [122.468726, 11.023001], [122.468726, 11.022732], [122.467917, 11.022732], [122.467917, 11.023001], [122.467648, 11.023001], [122.467648, 11.023271], [122.467917, 11.023271], [122.467917, 11.02381], [122.468187, 11.02381], [122.468187, 11.024349], [122.468456, 11.024349], [122.468456, 11.024618], [122.468187, 11.024618], [122.468187, 11.025157], [122.467917, 11.025157], [122.467917, 11.025427], [122.467109, 11.025427], [122.467109, 11.025157], [122.466839, 11.025157], [122.466839, 11.024888], [122.4663, 11.024888], [122.4663, 11.024618], [122.465761, 11.024618], [122.465761, 11.024349], [122.465492, 11.024349], [122.465492, 11.024079], [122.465222, 11.024079], [122.465222, 11.023271], [122.464953, 11.023271], [122.464953, 11.023001], [122.464144, 11.023001], [122.464144, 11.023271], [122.462797, 11.023271], [122.462797, 11.024079], [122.463066, 11.024079], [122.463066, 11.024618], [122.463605, 11.024618], [122.463605, 11.024888], [122.463875, 11.024888], [122.463875, 11.025157], [122.464414, 11.025157], [122.464414, 11.025427], [122.464953, 11.025427], [122.464953, 11.025696], [122.465222, 11.025696], [122.465222, 11.025966], [122.465492, 11.025966], [122.465492, 11.026235], [122.465761, 11.026235], [122.465761, 11.026505], [122.466031, 11.026505], [122.466031, 11.027044], [122.4663, 11.027044], [122.4663, 11.027313], [122.46657, 11.027313], [122.46657, 11.027583], [122.466839, 11.027583], [122.466839, 11.027852], [122.467109, 11.027852], [122.467109, 11.028122], [122.468995, 11.028122], [122.468995, 11.027852], [122.469804, 11.027852], [122.469804, 11.028122], [122.470073, 11.028122], [122.470073, 11.0292], [122.469534, 11.0292], [122.469534, 11.029469], [122.466031, 11.029469], [122.466031, 11.029739], [122.465222, 11.029739], [122.465222, 11.030278], [122.464953, 11.030278], [122.464953, 11.031625], [122.46657, 11.031625], [122.46657, 11.031895], [122.468995, 11.031895], [122.468995, 11.032434], [122.469265, 11.032434], [122.469265, 11.034051], [122.470073, 11.034051], [122.470073, 11.033781], [122.470882, 11.033781], [122.470882, 11.03432], [122.471151, 11.03432], [122.471151, 11.034859], [122.471421, 11.034859], [122.471421, 11.035668], [122.47169, 11.035668], [122.47169, 11.036207], [122.472499, 11.036207], [122.472499, 11.035129], [122.472229, 11.035129], [122.472229, 11.034051], [122.472499, 11.034051], [122.472499, 11.033781], [122.472768, 11.033781], [122.472768, 11.033512], [122.473038, 11.033512], [122.473038, 11.031895], [122.473307, 11.031895], [122.473307, 11.031625], [122.473577, 11.031625], [122.473577, 11.031356], [122.474116, 11.031356], [122.474116, 11.031086], [122.474385, 11.031086], [122.474385, 11.030817], [122.474655, 11.030817], [122.474655, 11.030547], [122.474924, 11.030547], [122.474924, 11.030278], [122.475194, 11.030278], [122.475194, 11.030008], [122.475463, 11.030008], [122.475463, 11.029739], [122.475733, 11.029739], [122.475733, 11.029469], [122.476002, 11.029469], [122.476002, 11.0292], [122.476811, 11.0292], [122.476811, 11.02893], [122.47735, 11.02893], [122.47735, 11.028661], [122.478967, 11.028661], [122.478967, 11.028391], [122.479506, 11.028391], [122.479506, 11.028661], [122.480045, 11.028661], [122.480045, 11.030278], [122.479775, 11.030278], [122.479775, 11.030547], [122.47735, 11.030547], [122.47735, 11.031356], [122.477889, 11.031356], [122.477889, 11.031625], [122.478697, 11.031625], [122.478697, 11.031895], [122.478967, 11.031895], [122.478967, 11.032164], [122.479236, 11.032164], [122.479236, 11.032434], [122.479506, 11.032434], [122.479506, 11.032973], [122.479236, 11.032973], [122.479236, 11.033512], [122.478967, 11.033512], [122.478967, 11.033781], [122.478697, 11.033781], [122.478697, 11.034051], [122.478428, 11.034051], [122.478428, 11.03432], [122.477889, 11.03432], [122.477889, 11.034051], [122.47708, 11.034051], [122.47708, 11.033781], [122.476272, 11.033781], [122.476272, 11.033512], [122.475194, 11.033512], [122.475194, 11.033781], [122.474924, 11.033781], [122.474924, 11.03432], [122.474655, 11.03432], [122.474655, 11.035937], [122.474924, 11.035937], [122.474924, 11.036207], [122.475194, 11.036207], [122.475194, 11.036476], [122.475463, 11.036476], [122.475463, 11.036746], [122.475733, 11.036746], [122.475733, 11.037015], [122.476002, 11.037015], [122.476002, 11.037554], [122.475733, 11.037554], [122.475733, 11.037824], [122.475463, 11.037824], [122.475463, 11.038093], [122.474924, 11.038093], [122.474924, 11.038363], [122.473577, 11.038363], [122.473577, 11.038632], [122.473307, 11.038632], [122.473307, 11.038902], [122.473038, 11.038902], [122.473038, 11.039171], [122.473307, 11.039171], [122.473307, 11.039441], [122.473846, 11.039441], [122.473846, 11.03971], [122.474116, 11.03971], [122.474116, 11.041058], [122.474385, 11.041058], [122.474385, 11.041327], [122.475733, 11.041327], [122.475733, 11.041866], [122.476002, 11.041866], [122.476002, 11.042675], [122.476272, 11.042675], [122.476272, 11.043214], [122.476541, 11.043214], [122.476541, 11.043483], [122.47708, 11.043483], [122.47708, 11.043214], [122.47735, 11.043214], [122.47735, 11.041866], [122.477619, 11.041866], [122.477619, 11.041597], [122.477889, 11.041597], [122.477889, 11.041327], [122.478428, 11.041327], [122.478428, 11.03998], [122.478158, 11.03998], [122.478158, 11.039441], [122.478428, 11.039441], [122.478428, 11.038632], [122.478697, 11.038632], [122.478697, 11.037285], [122.478967, 11.037285], [122.478967, 11.037015], [122.479506, 11.037015], [122.479506, 11.036746], [122.480045, 11.036746], [122.480045, 11.036207], [122.480314, 11.036207], [122.480314, 11.035937], [122.480584, 11.035937], [122.480584, 11.035668], [122.481123, 11.035668], [122.481123, 11.035937], [122.481392, 11.035937], [122.481392, 11.036476], [122.481123, 11.036476], [122.481123, 11.036746], [122.480853, 11.036746], [122.480853, 11.037015], [122.480584, 11.037015], [122.480584, 11.037554], [122.480853, 11.037554], [122.480853, 11.037824], [122.481123, 11.037824], [122.481123, 11.038093], [122.481392, 11.038093], [122.481392, 11.038902], [122.482201, 11.038902], [122.482201, 11.038363], [122.48247, 11.038363], [122.48247, 11.038093], [122.48274, 11.038093], [122.48274, 11.037824], [122.483548, 11.037824], [122.483548, 11.037554], [122.483818, 11.037554], [122.483818, 11.037285], [122.484087, 11.037285], [122.484087, 11.037015], [122.484357, 11.037015], [122.484357, 11.036746], [122.484895, 11.036746], [122.484895, 11.036476], [122.485704, 11.036476], [122.485704, 11.035937], [122.485973, 11.035937], [122.485973, 11.03459], [122.486243, 11.03459], [122.486243, 11.033242], [122.486512, 11.033242], [122.486512, 11.032973], [122.486782, 11.032973], [122.486782, 11.032703], [122.488129, 11.032703], [122.488129, 11.032973], [122.488399, 11.032973], [122.488399, 11.033242], [122.488129, 11.033242], [122.488129, 11.03459], [122.48786, 11.03459], [122.48786, 11.034859], [122.48759, 11.034859], [122.48759, 11.035129], [122.487321, 11.035129], [122.487321, 11.035668], [122.487051, 11.035668], [122.487051, 11.036207], [122.487321, 11.036207], [122.487321, 11.036746], [122.48759, 11.036746], [122.48759, 11.037015], [122.48786, 11.037015], [122.48786, 11.037285], [122.488399, 11.037285], [122.488399, 11.037824], [122.488668, 11.037824], [122.488668, 11.038902], [122.488938, 11.038902], [122.488938, 11.039171], [122.488668, 11.039171], [122.488668, 11.039441], [122.488399, 11.039441], [122.488399, 11.039171], [122.488129, 11.039171], [122.488129, 11.038902], [122.48786, 11.038902], [122.48786, 11.038632], [122.487321, 11.038632], [122.487321, 11.038363], [122.486512, 11.038363], [122.486512, 11.038632], [122.486243, 11.038632], [122.486243, 11.038363], [122.484895, 11.038363], [122.484895, 11.038632], [122.484357, 11.038632], [122.484357, 11.038902], [122.484087, 11.038902], [122.484087, 11.039171], [122.483818, 11.039171], [122.483818, 11.039441], [122.483548, 11.039441], [122.483548, 11.03971], [122.483009, 11.03971], [122.483009, 11.03998], [122.48274, 11.03998], [122.48274, 11.040249], [122.48247, 11.040249], [122.48247, 11.041327], [122.48274, 11.041327], [122.48274, 11.041597], [122.483548, 11.041597], [122.483548, 11.041327], [122.484895, 11.041327], [122.484895, 11.041058], [122.485165, 11.041058], [122.485165, 11.040788], [122.485434, 11.040788], [122.485434, 11.040249], [122.485704, 11.040249], [122.485704, 11.03998], [122.485973, 11.03998], [122.485973, 11.03971], [122.486243, 11.03971], [122.486243, 11.039441], [122.487051, 11.039441], [122.487051, 11.03971], [122.487321, 11.03971], [122.487321, 11.040519], [122.487051, 11.040519], [122.487051, 11.040788], [122.486782, 11.040788], [122.486782, 11.041327], [122.487051, 11.041327], [122.487051, 11.041597], [122.487321, 11.041597], [122.487321, 11.041327], [122.489207, 11.041327], [122.489207, 11.041058], [122.490285, 11.041058], [122.490285, 11.041597], [122.490555, 11.041597], [122.490555, 11.041866], [122.490285, 11.041866], [122.490285, 11.042136], [122.489477, 11.042136], [122.489477, 11.042405], [122.488399, 11.042405], [122.488399, 11.042675], [122.485434, 11.042675], [122.485434, 11.042944], [122.484895, 11.042944], [122.484895, 11.043214], [122.484357, 11.043214], [122.484357, 11.043483], [122.484087, 11.043483], [122.484087, 11.044292], [122.485165, 11.044292], [122.485165, 11.044022], [122.485704, 11.044022], [122.485704, 11.043753], [122.485973, 11.043753], [122.485973, 11.044022], [122.486243, 11.044022], [122.486243, 11.044292], [122.486512, 11.044292], [122.486512, 11.044831], [122.486243, 11.044831], [122.486243, 11.045639], [122.485973, 11.045639], [122.485973, 11.046178], [122.485704, 11.046178], [122.485704, 11.046447], [122.485434, 11.046447], [122.485434, 11.046717], [122.485165, 11.046717], [122.485165, 11.046986], [122.484895, 11.046986], [122.484895, 11.047525], [122.485973, 11.047525], [122.485973, 11.047256], [122.486243, 11.047256], [122.486243, 11.046986], [122.486512, 11.046986], [122.486512, 11.046717], [122.487051, 11.046717], [122.487051, 11.046447], [122.488129, 11.046447], [122.488129, 11.047256], [122.48786, 11.047256], [122.48786, 11.047525], [122.48759, 11.047525], [122.48759, 11.047795], [122.487321, 11.047795], [122.487321, 11.048064], [122.487051, 11.048064], [122.487051, 11.048873], [122.487321, 11.048873], [122.487321, 11.049142], [122.488129, 11.049142], [122.488129, 11.048873], [122.488668, 11.048873], [122.488668, 11.05049], [122.488938, 11.05049], [122.488938, 11.050759], [122.489746, 11.050759], [122.489746, 11.05049], [122.490016, 11.05049], [122.490016, 11.05022], [122.490285, 11.05022], [122.490285, 11.049681], [122.490555, 11.049681], [122.490555, 11.049412], [122.490824, 11.049412], [122.490824, 11.047795], [122.490555, 11.047795], [122.490555, 11.046447], [122.491633, 11.046447], [122.491633, 11.046717], [122.491902, 11.046717], [122.491902, 11.046986], [122.492172, 11.046986], [122.492172, 11.047256], [122.492441, 11.047256], [122.492441, 11.047525], [122.492711, 11.047525], [122.492711, 11.048603], [122.49298, 11.048603], [122.49298, 11.048873], [122.49325, 11.048873], [122.49325, 11.049142], [122.493789, 11.049142], [122.493789, 11.048873], [122.495406, 11.048873], [122.495406, 11.048603], [122.495675, 11.048603], [122.495675, 11.048334], [122.496214, 11.048334], [122.496214, 11.048064], [122.496484, 11.048064], [122.496484, 11.047795], [122.496753, 11.047795], [122.496753, 11.047525], [122.497023, 11.047525], [122.497023, 11.047256], [122.498909, 11.047256], [122.498909, 11.046178], [122.499179, 11.046178], [122.499179, 11.045908], [122.499718, 11.045908], [122.499718, 11.046178], [122.499987, 11.046178], [122.499987, 11.046986], [122.500257, 11.046986], [122.500257, 11.047256], [122.500526, 11.047256], [122.500526, 11.047525], [122.500796, 11.047525], [122.500796, 11.047795], [122.501065, 11.047795], [122.501065, 11.048064], [122.501335, 11.048064], [122.501335, 11.048603], [122.501065, 11.048603], [122.501065, 11.048873], [122.500796, 11.048873], [122.500796, 11.049412], [122.500526, 11.049412], [122.500526, 11.05022], [122.500257, 11.05022], [122.500257, 11.05049], [122.499987, 11.05049], [122.499987, 11.050759], [122.499718, 11.050759], [122.499718, 11.051568], [122.499448, 11.051568], [122.499448, 11.051837], [122.499179, 11.051837], [122.499179, 11.052107], [122.497831, 11.052107], [122.497831, 11.052376], [122.497562, 11.052376], [122.497562, 11.053724], [122.498101, 11.053724], [122.498101, 11.053993], [122.49837, 11.053993], [122.49837, 11.054263], [122.498909, 11.054263], [122.498909, 11.053724], [122.499179, 11.053724], [122.499179, 11.052915], [122.499448, 11.052915], [122.499448, 11.052646], [122.499987, 11.052646], [122.499987, 11.052376], [122.500257, 11.052376], [122.500257, 11.051568], [122.502143, 11.051568], [122.502143, 11.051298], [122.502413, 11.051298], [122.502413, 11.051029], [122.502682, 11.051029], [122.502682, 11.05049], [122.502952, 11.05049], [122.502952, 11.049951], [122.503221, 11.049951], [122.503221, 11.049412], [122.503491, 11.049412], [122.503491, 11.049142], [122.50403, 11.049142], [122.50403, 11.048873], [122.504569, 11.048873], [122.504569, 11.049142], [122.504838, 11.049142], [122.504838, 11.049412], [122.505108, 11.049412], [122.505108, 11.049681], [122.505377, 11.049681], [122.505377, 11.049951], [122.505647, 11.049951], [122.505647, 11.05022], [122.506455, 11.05022], [122.506455, 11.051298], [122.506186, 11.051298], [122.506186, 11.051568], [122.506455, 11.051568], [122.506455, 11.052107], [122.506725, 11.052107], [122.506725, 11.052376], [122.506994, 11.052376], [122.506994, 11.053724], [122.506725, 11.053724], [122.506725, 11.053993], [122.506455, 11.053993], [122.506455, 11.054263], [122.505377, 11.054263], [122.505377, 11.053993], [122.504299, 11.053993], [122.504299, 11.053724], [122.503491, 11.053724], [122.503491, 11.053993], [122.503221, 11.053993], [122.503221, 11.054263], [122.502952, 11.054263], [122.502952, 11.054532], [122.502143, 11.054532], [122.502143, 11.054802], [122.501604, 11.054802], [122.501604, 11.055071], [122.501335, 11.055071], [122.501335, 11.05588], [122.501604, 11.05588], [122.501604, 11.056149], [122.501874, 11.056149], [122.501874, 11.056419], [122.501604, 11.056419], [122.501604, 11.056958], [122.501335, 11.056958], [122.501335, 11.059383], [122.501604, 11.059383], [122.501604, 11.059653], [122.501874, 11.059653], [122.501874, 11.060192], [122.502143, 11.060192], [122.502143, 11.06127], [122.502413, 11.06127], [122.502413, 11.061809], [122.502682, 11.061809], [122.502682, 11.062078], [122.502952, 11.062078], [122.502952, 11.062348], [122.503491, 11.062348], [122.503491, 11.062617], [122.504569, 11.062617], [122.504569, 11.062887], [122.507803, 11.062887], [122.507803, 11.062617], [122.508881, 11.062617], [122.508881, 11.062887], [122.509958, 11.062887], [122.509958, 11.063156], [122.510228, 11.063156], [122.510228, 11.063426], [122.510497, 11.063426], [122.510497, 11.063965], [122.510767, 11.063965], [122.510767, 11.064504], [122.511036, 11.064504], [122.511036, 11.064773], [122.511306, 11.064773], [122.511306, 11.065043], [122.510767, 11.065043], [122.510767, 11.065312], [122.508342, 11.065312], [122.508342, 11.065582], [122.507533, 11.065582], [122.507533, 11.065312], [122.507264, 11.065312], [122.507264, 11.065043], [122.506994, 11.065043], [122.506994, 11.064773], [122.505108, 11.064773], [122.505108, 11.065043], [122.504838, 11.065043], [122.504838, 11.065312], [122.504569, 11.065312], [122.504569, 11.065851], [122.504299, 11.065851], [122.504299, 11.06666], [122.504569, 11.06666], [122.504569, 11.066929], [122.505647, 11.066929], [122.505647, 11.06666], [122.506994, 11.06666], [122.506994, 11.066929], [122.507533, 11.066929], [122.507533, 11.067199], [122.507803, 11.067199], [122.507803, 11.067468], [122.508342, 11.067468], [122.508342, 11.067738], [122.508881, 11.067738], [122.508881, 11.068007], [122.50942, 11.068007], [122.50942, 11.068277], [122.510767, 11.068277], [122.510767, 11.068546], [122.511036, 11.068546], [122.511036, 11.068816], [122.511306, 11.068816], [122.511306, 11.069085], [122.511575, 11.069085], [122.511575, 11.069355], [122.511845, 11.069355], [122.511845, 11.069624], [122.512114, 11.069624], [122.512114, 11.069894], [122.512384, 11.069894], [122.512384, 11.070163], [122.512653, 11.070163], [122.512653, 11.070432], [122.513192, 11.070432], [122.513192, 11.070702], [122.514001, 11.070702], [122.514001, 11.070971], [122.51427, 11.070971], [122.51427, 11.071241], [122.51454, 11.071241], [122.51454, 11.07151], [122.514809, 11.07151], [122.514809, 11.07178], [122.515079, 11.07178], [122.515079, 11.072049], [122.515348, 11.072049], [122.515348, 11.073936], [122.515079, 11.073936], [122.515079, 11.074475], [122.514809, 11.074475], [122.514809, 11.074744], [122.51454, 11.074744], [122.51454, 11.075014], [122.51427, 11.075014], [122.51427, 11.075283], [122.514001, 11.075283], [122.514001, 11.075553], [122.512114, 11.075553], [122.512114, 11.075822], [122.511845, 11.075822], [122.511845, 11.076361], [122.511575, 11.076361], [122.511575, 11.076631], [122.511306, 11.076631], [122.511306, 11.07717], [122.511575, 11.07717], [122.511575, 11.077439], [122.513192, 11.077439], [122.513192, 11.07717], [122.51427, 11.07717], [122.51427, 11.077439], [122.514809, 11.077439], [122.514809, 11.07717], [122.516426, 11.07717], [122.516426, 11.077439], [122.517504, 11.077439], [122.517504, 11.077709], [122.51966, 11.077709], [122.51966, 11.077978], [122.520199, 11.077978], [122.520199, 11.078248], [122.520469, 11.078248], [122.520469, 11.078787], [122.520738, 11.078787], [122.520738, 11.079595], [122.520469, 11.079595], [122.520469, 11.079865], [122.51993, 11.079865], [122.51993, 11.080134], [122.519391, 11.080134], [122.519391, 11.080404], [122.518852, 11.080404], [122.518852, 11.080673], [122.518582, 11.080673], [122.518582, 11.080943], [122.518313, 11.080943], [122.518313, 11.081212], [122.518043, 11.081212], [122.518043, 11.081482], [122.518313, 11.081482], [122.518313, 11.081751], [122.518582, 11.081751], [122.518582, 11.082021], [122.518852, 11.082021], [122.518852, 11.081751], [122.521008, 11.081751], [122.521008, 11.081482], [122.521277, 11.081482], [122.521277, 11.081212], [122.521547, 11.081212], [122.521547, 11.080943], [122.522086, 11.080943], [122.522086, 11.080673], [122.522625, 11.080673], [122.522625, 11.080404], [122.522894, 11.080404], [122.522894, 11.080134], [122.523164, 11.080134], [122.523164, 11.078787], [122.523433, 11.078787], [122.523433, 11.078517], [122.523703, 11.078517], [122.523703, 11.078248], [122.523972, 11.078248], [122.523972, 11.078517], [122.524242, 11.078517], [122.524242, 11.079056], [122.526398, 11.079056], [122.526398, 11.079326], [122.526667, 11.079326], [122.526667, 11.080404], [122.526398, 11.080404], [122.526398, 11.080673], [122.526667, 11.080673], [122.526667, 11.081212], [122.526937, 11.081212], [122.526937, 11.081482], [122.527206, 11.081482], [122.527206, 11.081751], [122.527476, 11.081751], [122.527476, 11.083368], [122.527745, 11.083368], [122.527745, 11.083638], [122.528015, 11.083638], [122.528015, 11.083907], [122.528554, 11.083907], [122.528554, 11.083638], [122.529093, 11.083638], [122.529093, 11.083368], [122.529632, 11.083368], [122.529632, 11.083099], [122.529901, 11.083099], [122.529901, 11.082829], [122.53071, 11.082829], [122.53071, 11.083099], [122.530979, 11.083099], [122.530979, 11.084446], [122.53071, 11.084446], [122.53071, 11.084985], [122.530979, 11.084985], [122.530979, 11.085794], [122.53071, 11.085794], [122.53071, 11.087141], [122.530979, 11.087141], [122.530979, 11.08768], [122.532057, 11.08768], [122.532057, 11.08795], [122.532327, 11.08795], [122.532327, 11.08768], [122.532596, 11.08768], [122.532596, 11.08795], [122.533135, 11.08795], [122.533135, 11.088219], [122.533405, 11.088219], [122.533405, 11.089028], [122.533135, 11.089028], [122.533135, 11.089297], [122.532866, 11.089297], [122.532866, 11.089567], [122.532327, 11.089567], [122.532327, 11.089836], [122.531249, 11.089836], [122.531249, 11.090106], [122.530979, 11.090106], [122.530979, 11.089836], [122.53071, 11.089836], [122.53071, 11.090106], [122.529901, 11.090106], [122.529901, 11.089836], [122.529632, 11.089836], [122.529632, 11.088758], [122.529901, 11.088758], [122.529901, 11.08795], [122.529632, 11.08795], [122.529632, 11.08768], [122.529362, 11.08768], [122.529362, 11.087411], [122.529093, 11.087411], [122.529093, 11.08768], [122.528823, 11.08768], [122.528823, 11.08795], [122.528554, 11.08795], [122.528554, 11.088489], [122.528284, 11.088489], [122.528284, 11.088758], [122.527476, 11.088758], [122.527476, 11.089028], [122.527206, 11.089028], [122.527206, 11.090375], [122.527476, 11.090375], [122.527476, 11.090914], [122.527745, 11.090914], [122.527745, 11.091453], [122.528015, 11.091453], [122.528015, 11.091992], [122.526398, 11.091992], [122.526398, 11.092262], [122.526128, 11.092262], [122.526128, 11.093609], [122.525859, 11.093609], [122.525859, 11.094148], [122.525589, 11.094148], [122.525589, 11.094687], [122.52532, 11.094687], [122.52532, 11.095226], [122.52505, 11.095226], [122.52505, 11.095495], [122.524781, 11.095495], [122.524781, 11.095226], [122.523972, 11.095226], [122.523972, 11.094957], [122.523433, 11.094957], [122.523433, 11.095226], [122.522894, 11.095226], [122.522894, 11.094957], [122.522625, 11.094957], [122.522625, 11.094687], [122.522355, 11.094687], [122.522355, 11.093609], [122.522086, 11.093609], [122.522086, 11.09307], [122.521816, 11.09307], [122.521816, 11.091723], [122.522086, 11.091723], [122.522086, 11.091453], [122.521816, 11.091453], [122.521816, 11.091184], [122.520469, 11.091184], [122.520469, 11.091453], [122.51966, 11.091453], [122.51966, 11.091723], [122.519391, 11.091723], [122.519391, 11.091992], [122.518582, 11.091992], [122.518582, 11.091723], [122.518043, 11.091723], [122.518043, 11.091453], [122.517774, 11.091453], [122.517774, 11.091184], [122.516965, 11.091184], [122.516965, 11.090914], [122.516696, 11.090914], [122.516696, 11.091184], [122.516426, 11.091184], [122.516426, 11.091453], [122.516157, 11.091453], [122.516157, 11.092801], [122.515887, 11.092801], [122.515887, 11.09307], [122.515348, 11.09307], [122.515348, 11.092801], [122.515079, 11.092801], [122.515079, 11.092531], [122.514809, 11.092531], [122.514809, 11.091453], [122.51454, 11.091453], [122.51454, 11.090375], [122.51427, 11.090375], [122.51427, 11.089836], [122.513731, 11.089836], [122.513731, 11.089567], [122.513462, 11.089567], [122.513462, 11.089836], [122.512384, 11.089836], [122.512384, 11.089567], [122.512114, 11.089567], [122.512114, 11.089297], [122.511845, 11.089297], [122.511845, 11.089028], [122.511575, 11.089028], [122.511575, 11.089297], [122.511036, 11.089297], [122.511036, 11.090375], [122.510767, 11.090375], [122.510767, 11.090914], [122.510497, 11.090914], [122.510497, 11.091184], [122.50915, 11.091184], [122.50915, 11.090914], [122.508881, 11.090914], [122.508881, 11.090645], [122.508611, 11.090645], [122.508611, 11.090106], [122.508342, 11.090106], [122.508342, 11.089297], [122.508611, 11.089297], [122.508611, 11.088758], [122.508881, 11.088758], [122.508881, 11.088219], [122.50915, 11.088219], [122.50915, 11.08768], [122.508611, 11.08768], [122.508611, 11.087411], [122.508072, 11.087411], [122.508072, 11.08768], [122.507533, 11.08768], [122.507533, 11.08795], [122.505916, 11.08795], [122.505916, 11.08768], [122.505647, 11.08768], [122.505647, 11.087141], [122.505377, 11.087141], [122.505377, 11.086872], [122.505108, 11.086872], [122.505108, 11.086602], [122.504838, 11.086602], [122.504838, 11.085524], [122.504569, 11.085524], [122.504569, 11.084985], [122.504299, 11.084985], [122.504299, 11.084716], [122.50403, 11.084716], [122.50403, 11.084177], [122.50376, 11.084177], [122.50376, 11.083907], [122.503491, 11.083907], [122.503491, 11.083368], [122.503221, 11.083368], [122.503221, 11.083099], [122.502952, 11.083099], [122.502952, 11.082829], [122.502413, 11.082829], [122.502413, 11.08256], [122.501604, 11.08256], [122.501604, 11.08229], [122.501065, 11.08229], [122.501065, 11.08256], [122.500526, 11.08256], [122.500526, 11.082829], [122.499987, 11.082829], [122.499987, 11.083099], [122.499179, 11.083099], [122.499179, 11.082829], [122.498909, 11.082829], [122.498909, 11.08229], [122.499179, 11.08229], [122.499179, 11.081482], [122.498909, 11.081482], [122.498909, 11.080943], [122.497292, 11.080943], [122.497292, 11.080673], [122.497023, 11.080673], [122.497023, 11.080404], [122.496753, 11.080404], [122.496753, 11.078517], [122.496484, 11.078517], [122.496484, 11.077709], [122.496214, 11.077709], [122.496214, 11.077439], [122.495675, 11.077439], [122.495675, 11.07717], [122.494597, 11.07717], [122.494597, 11.0769], [122.494328, 11.0769], [122.494328, 11.076631], [122.492441, 11.076631], [122.492441, 11.076361], [122.492172, 11.076361], [122.492172, 11.076092], [122.491902, 11.076092], [122.491902, 11.075553], [122.491633, 11.075553], [122.491633, 11.075283], [122.491363, 11.075283], [122.491363, 11.075014], [122.491094, 11.075014], [122.491094, 11.074744], [122.489746, 11.074744], [122.489746, 11.075014], [122.489477, 11.075014], [122.489477, 11.075283], [122.489207, 11.075283], [122.489207, 11.075553], [122.488938, 11.075553], [122.488938, 11.075822], [122.488399, 11.075822], [122.488399, 11.076092], [122.488129, 11.076092], [122.488129, 11.076361], [122.48786, 11.076361], [122.48786, 11.076631], [122.48759, 11.076631], [122.48759, 11.0769], [122.486512, 11.0769], [122.486512, 11.078787], [122.486243, 11.078787], [122.486243, 11.079595], [122.485165, 11.079595], [122.485165, 11.079326], [122.484895, 11.079326], [122.484895, 11.07717], [122.485165, 11.07717], [122.485165, 11.076361], [122.484895, 11.076361], [122.484895, 11.076631], [122.484626, 11.076631], [122.484626, 11.0769], [122.484357, 11.0769], [122.484357, 11.07717], [122.483818, 11.07717], [122.483818, 11.077439], [122.483279, 11.077439], [122.483279, 11.07717], [122.483009, 11.07717], [122.483009, 11.076361], [122.48274, 11.076361], [122.48274, 11.075283], [122.48247, 11.075283], [122.48247, 11.075014], [122.482201, 11.075014], [122.482201, 11.074744], [122.481931, 11.074744], [122.481931, 11.074475], [122.481662, 11.074475], [122.481662, 11.074205], [122.481392, 11.074205], [122.481392, 11.073936], [122.481123, 11.073936], [122.481123, 11.073666], [122.480853, 11.073666], [122.480853, 11.073397], [122.480584, 11.073397], [122.480584, 11.073127], [122.480045, 11.073127], [122.480045, 11.072858], [122.479506, 11.072858], [122.479506, 11.072588], [122.479236, 11.072588], [122.479236, 11.072319], [122.47735, 11.072319], [122.47735, 11.072049], [122.476272, 11.072049], [122.476272, 11.07178], [122.476002, 11.07178], [122.476002, 11.07151], [122.475733, 11.07151], [122.475733, 11.071241], [122.474924, 11.071241], [122.474924, 11.07151], [122.474385, 11.07151], [122.474385, 11.07178], [122.474116, 11.07178], [122.474116, 11.072049], [122.473038, 11.072049], [122.473038, 11.07151], [122.472768, 11.07151], [122.472768, 11.070971], [122.473038, 11.070971], [122.473038, 11.070432], [122.473307, 11.070432], [122.473307, 11.070163], [122.473846, 11.070163], [122.473846, 11.069894], [122.474116, 11.069894], [122.474116, 11.069624], [122.474385, 11.069624], [122.474385, 11.069355], [122.474655, 11.069355], [122.474655, 11.069085], [122.474924, 11.069085], [122.474924, 11.068816], [122.475194, 11.068816], [122.475194, 11.068277], [122.474924, 11.068277], [122.474924, 11.068007], [122.473307, 11.068007], [122.473307, 11.067738], [122.473038, 11.067738], [122.473038, 11.065043], [122.473307, 11.065043], [122.473307, 11.064773], [122.473846, 11.064773], [122.473846, 11.064504], [122.474655, 11.064504], [122.474655, 11.064234], [122.474924, 11.064234], [122.474924, 11.063156], [122.474655, 11.063156], [122.474655, 11.062617], [122.474116, 11.062617], [122.474116, 11.062348], [122.473846, 11.062348], [122.473846, 11.062078], [122.473577, 11.062078], [122.473577, 11.061809], [122.473307, 11.061809], [122.473307, 11.061539], [122.473038, 11.061539], [122.473038, 11.06127], [122.47196, 11.06127], [122.47196, 11.061539], [122.471421, 11.061539], [122.471421, 11.061809], [122.471151, 11.061809], [122.471151, 11.062078], [122.470882, 11.062078], [122.470882, 11.062348], [122.467378, 11.062348], [122.467378, 11.062078], [122.467109, 11.062078], [122.467109, 11.061809], [122.466839, 11.061809], [122.466839, 11.061], [122.46657, 11.061], [122.46657, 11.060461], [122.4663, 11.060461], [122.4663, 11.060192], [122.466031, 11.060192], [122.466031, 11.059922], [122.464683, 11.059922], [122.464683, 11.059653], [122.463875, 11.059653], [122.463875, 11.059383], [122.463336, 11.059383], [122.463336, 11.059114], [122.463066, 11.059114], [122.463066, 11.058844], [122.462797, 11.058844], [122.462797, 11.058036], [122.462527, 11.058036], [122.462527, 11.056688], [122.462258, 11.056688], [122.462258, 11.05561], [122.461988, 11.05561], [122.461988, 11.055071], [122.461719, 11.055071], [122.461719, 11.054802], [122.461449, 11.054802], [122.461449, 11.054532], [122.460641, 11.054532], [122.460641, 11.054263], [122.459294, 11.054263], [122.459294, 11.054532], [122.459024, 11.054532], [122.459024, 11.054802], [122.458485, 11.054802], [122.458485, 11.055071], [122.457138, 11.055071], [122.457138, 11.054802], [122.456599, 11.054802], [122.456599, 11.054532], [122.45579, 11.054532], [122.45579, 11.054802], [122.455521, 11.054802], [122.455521, 11.055071], [122.455251, 11.055071], [122.455251, 11.055341], [122.454982, 11.055341], [122.454982, 11.05561], [122.454712, 11.05561], [122.454712, 11.05588], [122.454443, 11.05588], [122.454443, 11.056149], [122.454173, 11.056149], [122.454173, 11.056419], [122.453365, 11.056419], [122.453365, 11.056688], [122.452287, 11.056688], [122.452287, 11.056419], [122.452017, 11.056419], [122.452017, 11.05561], [122.451748, 11.05561], [122.451748, 11.055071], [122.451478, 11.055071], [122.451478, 11.054802], [122.45067, 11.054802], [122.45067, 11.055071], [122.450131, 11.055071], [122.450131, 11.055341], [122.449592, 11.055341], [122.449592, 11.05561], [122.449322, 11.05561], [122.449322, 11.05588], [122.448514, 11.05588], [122.448514, 11.056149], [122.448244, 11.056149], [122.448244, 11.056419], [122.447975, 11.056419], [122.447975, 11.056688], [122.447705, 11.056688], [122.447705, 11.057766], [122.447975, 11.057766], [122.447975, 11.058844], [122.448244, 11.058844], [122.448244, 11.059653], [122.448514, 11.059653], [122.448514, 11.059383], [122.448783, 11.059383], [122.448783, 11.059114], [122.448514, 11.059114], [122.448514, 11.058844], [122.449322, 11.058844], [122.449322, 11.058575], [122.449592, 11.058575], [122.449592, 11.059922], [122.449861, 11.059922], [122.449861, 11.060192], [122.450131, 11.060192], [122.450131, 11.060461], [122.4504, 11.060461], [122.4504, 11.060731], [122.45067, 11.060731], [122.45067, 11.061], [122.450939, 11.061], [122.450939, 11.061539], [122.451209, 11.061539], [122.451209, 11.061809], [122.451478, 11.061809], [122.451478, 11.062078], [122.451748, 11.062078], [122.451748, 11.062348], [122.453365, 11.062348], [122.453365, 11.062617], [122.454443, 11.062617], [122.454443, 11.062887], [122.454712, 11.062887], [122.454712, 11.064504], [122.454982, 11.064504], [122.454982, 11.064773], [122.455251, 11.064773], [122.455251, 11.065312], [122.45579, 11.065312], [122.45579, 11.065582], [122.456329, 11.065582], [122.456329, 11.065312], [122.456868, 11.065312], [122.456868, 11.065043], [122.457677, 11.065043], [122.457677, 11.065312], [122.457946, 11.065312], [122.457946, 11.065582], [122.458216, 11.065582], [122.458216, 11.066121], [122.458485, 11.066121], [122.458485, 11.06639], [122.459024, 11.06639], [122.459024, 11.06666], [122.459294, 11.06666], [122.459294, 11.067468], [122.459563, 11.067468], [122.459563, 11.067738], [122.459832, 11.067738], [122.459832, 11.068277], [122.460102, 11.068277], [122.460102, 11.068546], [122.460371, 11.068546], [122.460371, 11.070163], [122.460641, 11.070163], [122.460641, 11.070702], [122.46091, 11.070702], [122.46091, 11.07151], [122.46118, 11.07151], [122.46118, 11.07178], [122.461449, 11.07178], [122.461449, 11.072049], [122.462527, 11.072049], [122.462527, 11.072319], [122.463066, 11.072319], [122.463066, 11.072588], [122.463336, 11.072588], [122.463336, 11.072858], [122.463605, 11.072858], [122.463605, 11.073127], [122.463875, 11.073127], [122.463875, 11.073397], [122.464144, 11.073397], [122.464144, 11.073666], [122.464414, 11.073666], [122.464414, 11.073936], [122.464683, 11.073936], [122.464683, 11.075822], [122.464953, 11.075822], [122.464953, 11.0769], [122.465222, 11.0769], [122.465222, 11.077439], [122.465492, 11.077439], [122.465492, 11.077709], [122.465761, 11.077709], [122.465761, 11.077978], [122.466031, 11.077978], [122.466031, 11.078787], [122.465761, 11.078787], [122.465761, 11.079056], [122.464953, 11.079056], [122.464953, 11.078787], [122.464144, 11.078787], [122.464144, 11.079326], [122.464683, 11.079326], [122.464683, 11.080134], [122.464953, 11.080134], [122.464953, 11.08229], [122.465222, 11.08229], [122.465222, 11.08256], [122.465761, 11.08256], [122.465761, 11.082829], [122.466031, 11.082829], [122.466031, 11.083099], [122.4663, 11.083099], [122.4663, 11.085255], [122.46657, 11.085255], [122.46657, 11.085524], [122.467648, 11.085524], [122.467648, 11.086063], [122.467378, 11.086063], [122.467378, 11.086333], [122.467109, 11.086333], [122.467109, 11.086872], [122.466839, 11.086872], [122.466839, 11.087141], [122.46657, 11.087141], [122.46657, 11.088219], [122.467378, 11.088219], [122.467378, 11.08795], [122.467648, 11.08795], [122.467648, 11.08768], [122.467917, 11.08768], [122.467917, 11.087411], [122.468187, 11.087411], [122.468187, 11.087141], [122.469804, 11.087141], [122.469804, 11.087411], [122.470343, 11.087411], [122.470343, 11.08768], [122.470882, 11.08768], [122.470882, 11.08795], [122.473038, 11.08795], [122.473038, 11.088489], [122.472768, 11.088489], [122.472768, 11.088758], [122.472499, 11.088758], [122.472499, 11.089028], [122.47196, 11.089028], [122.47196, 11.089297], [122.470882, 11.089297], [122.470882, 11.089567], [122.470612, 11.089567], [122.470612, 11.090645], [122.470343, 11.090645], [122.470343, 11.091184], [122.470073, 11.091184], [122.470073, 11.091723], [122.468995, 11.091723], [122.468995, 11.091453], [122.468456, 11.091453], [122.468456, 11.091184], [122.467109, 11.091184], [122.467109, 11.091453], [122.46657, 11.091453], [122.46657, 11.091992], [122.4663, 11.091992], [122.4663, 11.092262], [122.466031, 11.092262], [122.466031, 11.092801], [122.465761, 11.092801], [122.465761, 11.09307], [122.465222, 11.09307], [122.465222, 11.09334], [122.464144, 11.09334], [122.464144, 11.093609], [122.463605, 11.093609], [122.463605, 11.094418], [122.465492, 11.094418], [122.465492, 11.094148], [122.467378, 11.094148], [122.467378, 11.094418], [122.467648, 11.094418], [122.467648, 11.094687], [122.467378, 11.094687], [122.467378, 11.096034], [122.468187, 11.096034], [122.468187, 11.095765], [122.468456, 11.095765], [122.468456, 11.094957], [122.468726, 11.094957], [122.468726, 11.094687], [122.468995, 11.094687], [122.468995, 11.094418], [122.470073, 11.094418], [122.470073, 11.094687], [122.47169, 11.094687], [122.47169, 11.094418], [122.47196, 11.094418], [122.47196, 11.093609], [122.47169, 11.093609], [122.47169, 11.092531], [122.47196, 11.092531], [122.47196, 11.092262], [122.472229, 11.092262], [122.472229, 11.091992], [122.473307, 11.091992], [122.473307, 11.092262], [122.474116, 11.092262], [122.474116, 11.091992], [122.474385, 11.091992], [122.474385, 11.091723], [122.474655, 11.091723], [122.474655, 11.091453], [122.475194, 11.091453], [122.475194, 11.091723], [122.475463, 11.091723], [122.475463, 11.09334], [122.475194, 11.09334], [122.475194, 11.093879], [122.475463, 11.093879], [122.475463, 11.094148], [122.475733, 11.094148], [122.475733, 11.095226], [122.476002, 11.095226], [122.476002, 11.095495], [122.476811, 11.095495], [122.476811, 11.094957], [122.47708, 11.094957], [122.47708, 11.092531], [122.477619, 11.092531], [122.477619, 11.092262], [122.478428, 11.092262], [122.478428, 11.092531], [122.478697, 11.092531], [122.478697, 11.093609], [122.478428, 11.093609], [122.478428, 11.093879], [122.478697, 11.093879], [122.478697, 11.094148], [122.479236, 11.094148], [122.479236, 11.094418], [122.479775, 11.094418], [122.479775, 11.094687], [122.480045, 11.094687], [122.480045, 11.094148], [122.480314, 11.094148], [122.480314, 11.093879], [122.480045, 11.093879], [122.480045, 11.09334], [122.479775, 11.09334], [122.479775, 11.092262], [122.480584, 11.092262], [122.480584, 11.091992], [122.480853, 11.091992], [122.480853, 11.091723], [122.481123, 11.091723], [122.481123, 11.091184], [122.481392, 11.091184], [122.481392, 11.090645], [122.481662, 11.090645], [122.481662, 11.089297], [122.481931, 11.089297], [122.481931, 11.088489], [122.482201, 11.088489], [122.482201, 11.088219], [122.48247, 11.088219], [122.48247, 11.087141], [122.48274, 11.087141], [122.48274, 11.086872], [122.483548, 11.086872], [122.483548, 11.087141], [122.484087, 11.087141], [122.484087, 11.087411], [122.484357, 11.087411], [122.484357, 11.08768], [122.484626, 11.08768], [122.484626, 11.08795], [122.484895, 11.08795], [122.484895, 11.089028], [122.484626, 11.089028], [122.484626, 11.093879], [122.484895, 11.093879], [122.484895, 11.094687], [122.485165, 11.094687], [122.485165, 11.094957], [122.485434, 11.094957], [122.485434, 11.095226], [122.485973, 11.095226], [122.485973, 11.096034], [122.485704, 11.096034], [122.485704, 11.096304], [122.485973, 11.096304], [122.485973, 11.096843], [122.487051, 11.096843], [122.487051, 11.095495], [122.488129, 11.095495], [122.488129, 11.096843], [122.488399, 11.096843], [122.488399, 11.097921], [122.488129, 11.097921], [122.488129, 11.09819], [122.48786, 11.09819], [122.48786, 11.098729], [122.488129, 11.098729], [122.488129, 11.098999], [122.488668, 11.098999], [122.488668, 11.099268], [122.489477, 11.099268], [122.489477, 11.099538], [122.490824, 11.099538], [122.490824, 11.099807], [122.491094, 11.099807], [122.491094, 11.100077], [122.491902, 11.100077], [122.491902, 11.100346], [122.492172, 11.100346], [122.492172, 11.100077], [122.49298, 11.100077], [122.49298, 11.100346], [122.493519, 11.100346], [122.493519, 11.100616], [122.494058, 11.100616], [122.494058, 11.101155], [122.494328, 11.101155], [122.494328, 11.102233], [122.494597, 11.102233], [122.494597, 11.102772], [122.494328, 11.102772], [122.494328, 11.103041], [122.493789, 11.103041], [122.493789, 11.102772], [122.493519, 11.102772], [122.493519, 11.102502], [122.492711, 11.102502], [122.492711, 11.102772], [122.492441, 11.102772], [122.492441, 11.103311], [122.492172, 11.103311], [122.492172, 11.10385], [122.492441, 11.10385], [122.492441, 11.104389], [122.492711, 11.104389], [122.492711, 11.104658], [122.492441, 11.104658], [122.492441, 11.104928], [122.491633, 11.104928], [122.491633, 11.104658], [122.491363, 11.104658], [122.491363, 11.104389], [122.490824, 11.104389], [122.490824, 11.104119], [122.490555, 11.104119], [122.490555, 11.10385], [122.489746, 11.10385], [122.489746, 11.10358], [122.488668, 11.10358], [122.488668, 11.10385], [122.488399, 11.10385], [122.488399, 11.104119], [122.488938, 11.104119], [122.488938, 11.104389], [122.489207, 11.104389], [122.489207, 11.104658], [122.489477, 11.104658], [122.489477, 11.104928], [122.489746, 11.104928], [122.489746, 11.105197], [122.490016, 11.105197], [122.490016, 11.105467], [122.490824, 11.105467], [122.490824, 11.105736], [122.491633, 11.105736], [122.491633, 11.106545], [122.490285, 11.106545], [122.490285, 11.106814], [122.490016, 11.106814], [122.490016, 11.106545], [122.488938, 11.106545], [122.488938, 11.106006], [122.48759, 11.106006], [122.48759, 11.106275], [122.486512, 11.106275], [122.486512, 11.106006], [122.485973, 11.106006], [122.485973, 11.106545], [122.485704, 11.106545], [122.485704, 11.106814], [122.485165, 11.106814], [122.485165, 11.107084], [122.484895, 11.107084], [122.484895, 11.106814], [122.484087, 11.106814], [122.484087, 11.106545], [122.483279, 11.106545], [122.483279, 11.106275], [122.483009, 11.106275], [122.483009, 11.105197], [122.48274, 11.105197], [122.48274, 11.104658], [122.48247, 11.104658], [122.48247, 11.102502], [122.481931, 11.102502], [122.481931, 11.103041], [122.481662, 11.103041], [122.481662, 11.104389], [122.481392, 11.104389], [122.481392, 11.104658], [122.481662, 11.104658], [122.481662, 11.105467], [122.481931, 11.105467], [122.481931, 11.105736], [122.482201, 11.105736], [122.482201, 11.106275], [122.48247, 11.106275], [122.48247, 11.106545], [122.482201, 11.106545], [122.482201, 11.106814], [122.481931, 11.106814], [122.481931, 11.107084], [122.481662, 11.107084], [122.481662, 11.106814], [122.481123, 11.106814], [122.481123, 11.106545], [122.480584, 11.106545], [122.480584, 11.106275], [122.479506, 11.106275], [122.479506, 11.106006], [122.478967, 11.106006], [122.478967, 11.104389], [122.479236, 11.104389], [122.479236, 11.10385], [122.478967, 11.10385], [122.478967, 11.10358], [122.478697, 11.10358], [122.478697, 11.103311], [122.478428, 11.103311], [122.478428, 11.10358], [122.477889, 11.10358], [122.477889, 11.103311], [122.47735, 11.103311], [122.47735, 11.103041], [122.47708, 11.103041], [122.47708, 11.102502], [122.476811, 11.102502], [122.476811, 11.102233], [122.476541, 11.102233], [122.476541, 11.101963], [122.476272, 11.101963], [122.476272, 11.102502], [122.476541, 11.102502], [122.476541, 11.104119], [122.476272, 11.104119], [122.476272, 11.104389], [122.476002, 11.104389], [122.476002, 11.104658], [122.475733, 11.104658], [122.475733, 11.104928], [122.475463, 11.104928], [122.475463, 11.105197], [122.474116, 11.105197], [122.474116, 11.104928], [122.473846, 11.104928], [122.473846, 11.104658], [122.473577, 11.104658], [122.473577, 11.10358], [122.473846, 11.10358], [122.473846, 11.101963], [122.473577, 11.101963], [122.473577, 11.101694], [122.473307, 11.101694], [122.473307, 11.099807], [122.473038, 11.099807], [122.473038, 11.098999], [122.472768, 11.098999], [122.472768, 11.098729], [122.47196, 11.098729], [122.47196, 11.099268], [122.47169, 11.099268], [122.47169, 11.099807], [122.471421, 11.099807], [122.471421, 11.101424], [122.471151, 11.101424], [122.471151, 11.101963], [122.470882, 11.101963], [122.470882, 11.102233], [122.471151, 11.102233], [122.471151, 11.102502], [122.471421, 11.102502], [122.471421, 11.102772], [122.47169, 11.102772], [122.47169, 11.103041], [122.47196, 11.103041], [122.47196, 11.103311], [122.472229, 11.103311], [122.472229, 11.10358], [122.472499, 11.10358], [122.472499, 11.104389], [122.472768, 11.104389], [122.472768, 11.104658], [122.472499, 11.104658], [122.472499, 11.105197], [122.472229, 11.105197], [122.472229, 11.105467], [122.47196, 11.105467], [122.47196, 11.105736], [122.468726, 11.105736], [122.468726, 11.105467], [122.467917, 11.105467], [122.467917, 11.105197], [122.467648, 11.105197], [122.467648, 11.105467], [122.466031, 11.105467], [122.466031, 11.105197], [122.465492, 11.105197], [122.465492, 11.104928], [122.463605, 11.104928], [122.463605, 11.104658], [122.463336, 11.104658], [122.463336, 11.104389], [122.463066, 11.104389], [122.463066, 11.104119], [122.462797, 11.104119], [122.462797, 11.10385], [122.462527, 11.10385], [122.462527, 11.103311], [122.462258, 11.103311], [122.462258, 11.102772], [122.461988, 11.102772], [122.461988, 11.102502], [122.461719, 11.102502], [122.461719, 11.102233], [122.460102, 11.102233], [122.460102, 11.101963], [122.459563, 11.101963], [122.459563, 11.101694], [122.458755, 11.101694], [122.458755, 11.101963], [122.457677, 11.101963], [122.457677, 11.102233], [122.457407, 11.102233], [122.457407, 11.102502], [122.457138, 11.102502], [122.457138, 11.104119], [122.45606, 11.104119], [122.45606, 11.10385], [122.45579, 11.10385], [122.45579, 11.10358], [122.452556, 11.10358], [122.452556, 11.10385], [122.452017, 11.10385], [122.452017, 11.103041], [122.451748, 11.103041], [122.451748, 11.102772], [122.450939, 11.102772], [122.450939, 11.103041], [122.450131, 11.103041], [122.450131, 11.10358], [122.449861, 11.10358], [122.449861, 11.103041], [122.449592, 11.103041], [122.449592, 11.102772], [122.449322, 11.102772], [122.449322, 11.102502], [122.449053, 11.102502], [122.449053, 11.102233], [122.448514, 11.102233], [122.448514, 11.101963], [122.447705, 11.101963], [122.447705, 11.102502], [122.447436, 11.102502], [122.447436, 11.103311], [122.447166, 11.103311], [122.447166, 11.10385], [122.446627, 11.10385], [122.446627, 11.104119], [122.445549, 11.104119], [122.445549, 11.10385], [122.44501, 11.10385], [122.44501, 11.10358], [122.444202, 11.10358], [122.444202, 11.103311], [122.443124, 11.103311], [122.443124, 11.103041], [122.442854, 11.103041], [122.442854, 11.102772], [122.441776, 11.102772], [122.441776, 11.103041], [122.442046, 11.103041], [122.442046, 11.103311], [122.441776, 11.103311], [122.441776, 11.10385], [122.442046, 11.10385], [122.442046, 11.104119], [122.442315, 11.104119], [122.442315, 11.104658], [122.442585, 11.104658], [122.442585, 11.105197], [122.442315, 11.105197], [122.442315, 11.105467], [122.441507, 11.105467], [122.441507, 11.105197], [122.440968, 11.105197], [122.440968, 11.105467], [122.440698, 11.105467], [122.440698, 11.106006], [122.440429, 11.106006], [122.440429, 11.106545], [122.440968, 11.106545], [122.440968, 11.107084], [122.441237, 11.107084], [122.441237, 11.107353], [122.441776, 11.107353], [122.441776, 11.107623], [122.442046, 11.107623], [122.442046, 11.107892], [122.442315, 11.107892], [122.442315, 11.108162], [122.442585, 11.108162], [122.442585, 11.108431], [122.442315, 11.108431], [122.442315, 11.10897], [122.441776, 11.10897], [122.441776, 11.109779], [122.442046, 11.109779], [122.442046, 11.110048], [122.442315, 11.110048], [122.442315, 11.110587], [122.442854, 11.110587], [122.442854, 11.110318], [122.443124, 11.110318], [122.443124, 11.109779], [122.443393, 11.109779], [122.443393, 11.109509], [122.444202, 11.109509], [122.444202, 11.109779], [122.444741, 11.109779], [122.444741, 11.110048], [122.447166, 11.110048], [122.447166, 11.110318], [122.447436, 11.110318], [122.447436, 11.110048], [122.448244, 11.110048], [122.448244, 11.109779], [122.449322, 11.109779], [122.449322, 11.110048], [122.449861, 11.110048], [122.449861, 11.110587], [122.450131, 11.110587], [122.450131, 11.111396], [122.4504, 11.111396], [122.4504, 11.112474], [122.450939, 11.112474], [122.450939, 11.112743], [122.451478, 11.112743], [122.451478, 11.112474], [122.453634, 11.112474], [122.453634, 11.112743], [122.454443, 11.112743], [122.454443, 11.113013], [122.454982, 11.113013], [122.454982, 11.113282], [122.455251, 11.113282], [122.455251, 11.113552], [122.455521, 11.113552], [122.455521, 11.113821], [122.45579, 11.113821], [122.45579, 11.11436], [122.457946, 11.11436], [122.457946, 11.11463], [122.458755, 11.11463], [122.458755, 11.11436], [122.459294, 11.11436], [122.459294, 11.114091], [122.459563, 11.114091], [122.459563, 11.113821], [122.460641, 11.113821], [122.460641, 11.11463], [122.46091, 11.11463], [122.46091, 11.115708], [122.46118, 11.115708], [122.46118, 11.115977], [122.461449, 11.115977], [122.461449, 11.115708], [122.461988, 11.115708], [122.461988, 11.115169], [122.462258, 11.115169], [122.462258, 11.11463], [122.462527, 11.11463], [122.462527, 11.11436], [122.462797, 11.11436], [122.462797, 11.113552], [122.463066, 11.113552], [122.463066, 11.112474], [122.463336, 11.112474], [122.463336, 11.112204], [122.463605, 11.112204], [122.463605, 11.111665], [122.463875, 11.111665], [122.463875, 11.111396], [122.464144, 11.111396], [122.464144, 11.110857], [122.464414, 11.110857], [122.464414, 11.110318], [122.464683, 11.110318], [122.464683, 11.110587], [122.464953, 11.110587], [122.464953, 11.110857], [122.465222, 11.110857], [122.465222, 11.112204], [122.464953, 11.112204], [122.464953, 11.112474], [122.465222, 11.112474], [122.465222, 11.113013], [122.465492, 11.113013], [122.465492, 11.112743], [122.466031, 11.112743], [122.466031, 11.112474], [122.466839, 11.112474], [122.466839, 11.112743], [122.468726, 11.112743], [122.468726, 11.113013], [122.468995, 11.113013], [122.468995, 11.114091], [122.469534, 11.114091], [122.469534, 11.113821], [122.469804, 11.113821], [122.469804, 11.113282], [122.470073, 11.113282], [122.470073, 11.112474], [122.470882, 11.112474], [122.470882, 11.112743], [122.471151, 11.112743], [122.471151, 11.113282], [122.471421, 11.113282], [122.471421, 11.113821], [122.47169, 11.113821], [122.47169, 11.117055], [122.471421, 11.117055], [122.471421, 11.118942], [122.471151, 11.118942], [122.471151, 11.119481], [122.470882, 11.119481], [122.470882, 11.11975], [122.471151, 11.11975], [122.471151, 11.12002], [122.471421, 11.12002], [122.471421, 11.120289], [122.47169, 11.120289], [122.47169, 11.120558], [122.472768, 11.120558], [122.472768, 11.120289], [122.473038, 11.120289], [122.473038, 11.11975], [122.473307, 11.11975], [122.473307, 11.119481], [122.473577, 11.119481], [122.473577, 11.118942], [122.473846, 11.118942], [122.473846, 11.118672], [122.474116, 11.118672], [122.474116, 11.118403], [122.474385, 11.118403], [122.474385, 11.118133], [122.475463, 11.118133], [122.475463, 11.119211], [122.475194, 11.119211], [122.475194, 11.119481], [122.474924, 11.119481], [122.474924, 11.11975], [122.474655, 11.11975], [122.474655, 11.120289], [122.474385, 11.120289], [122.474385, 11.121097], [122.474116, 11.121097], [122.474116, 11.121367], [122.473846, 11.121367], [122.473846, 11.121636], [122.473577, 11.121636], [122.473577, 11.121906], [122.473307, 11.121906], [122.473307, 11.122175], [122.473038, 11.122175], [122.473038, 11.122445], [122.47169, 11.122445], [122.47169, 11.123253], [122.472499, 11.123253], [122.472499, 11.122984], [122.474655, 11.122984], [122.474655, 11.122714], [122.475194, 11.122714], [122.475194, 11.122445], [122.475463, 11.122445], [122.475463, 11.122175], [122.475733, 11.122175], [122.475733, 11.121906], [122.476002, 11.121906], [122.476002, 11.121636], [122.476272, 11.121636], [122.476272, 11.121367], [122.476811, 11.121367], [122.476811, 11.121097], [122.47708, 11.121097], [122.47708, 11.120828], [122.47735, 11.120828], [122.47735, 11.121097], [122.477619, 11.121097], [122.477619, 11.121367], [122.477889, 11.121367], [122.477889, 11.121636], [122.477619, 11.121636], [122.477619, 11.121906], [122.47735, 11.121906], [122.47735, 11.122445], [122.47708, 11.122445], [122.47708, 11.122714], [122.476811, 11.122714], [122.476811, 11.122984], [122.476541, 11.122984], [122.476541, 11.123253], [122.476272, 11.123253], [122.476272, 11.123523], [122.476002, 11.123523], [122.476002, 11.124601], [122.475733, 11.124601], [122.475733, 11.12487], [122.474655, 11.12487], [122.474655, 11.124601], [122.474385, 11.124601], [122.474385, 11.12487], [122.473846, 11.12487], [122.473846, 11.12514], [122.473577, 11.12514], [122.473577, 11.126487], [122.473307, 11.126487], [122.473307, 11.126757], [122.473038, 11.126757], [122.473038, 11.127026], [122.47196, 11.127026], [122.47196, 11.127296], [122.471151, 11.127296], [122.471151, 11.127026], [122.470343, 11.127026], [122.470343, 11.127296], [122.470073, 11.127296], [122.470073, 11.128104], [122.470343, 11.128104], [122.470343, 11.128643], [122.470612, 11.128643], [122.470612, 11.128913], [122.470882, 11.128913], [122.470882, 11.128643], [122.47196, 11.128643], [122.47196, 11.128374], [122.472768, 11.128374], [122.472768, 11.128643], [122.473307, 11.128643], [122.473307, 11.128913], [122.474116, 11.128913], [122.474116, 11.128643], [122.474385, 11.128643], [122.474385, 11.126757], [122.474655, 11.126757], [122.474655, 11.126487], [122.476002, 11.126487], [122.476002, 11.126757], [122.476272, 11.126757], [122.476272, 11.127565], [122.476541, 11.127565], [122.476541, 11.127835], [122.476811, 11.127835], [122.476811, 11.127565], [122.47735, 11.127565], [122.47735, 11.127026], [122.477619, 11.127026], [122.477619, 11.127296], [122.477889, 11.127296], [122.477889, 11.127565], [122.478428, 11.127565], [122.478428, 11.127835], [122.478697, 11.127835], [122.478697, 11.127565], [122.478967, 11.127565], [122.478967, 11.127296], [122.479506, 11.127296], [122.479506, 11.127026], [122.479775, 11.127026], [122.479775, 11.126757], [122.480045, 11.126757], [122.480045, 11.12514], [122.480584, 11.12514], [122.480584, 11.125409], [122.480853, 11.125409], [122.480853, 11.125679], [122.481931, 11.125679], [122.481931, 11.125409], [122.48247, 11.125409], [122.48247, 11.12514], [122.48274, 11.12514], [122.48274, 11.12487], [122.483818, 11.12487], [122.483818, 11.124601], [122.484087, 11.124601], [122.484087, 11.124062], [122.483818, 11.124062], [122.483818, 11.123792], [122.483548, 11.123792], [122.483548, 11.123523], [122.483818, 11.123523], [122.483818, 11.122984], [122.484087, 11.122984], [122.484087, 11.122714], [122.484626, 11.122714], [122.484626, 11.122175], [122.484895, 11.122175], [122.484895, 11.121906], [122.485165, 11.121906], [122.485165, 11.120828], [122.485434, 11.120828], [122.485434, 11.120558], [122.485165, 11.120558], [122.485165, 11.118942], [122.485434, 11.118942], [122.485434, 11.118403], [122.485704, 11.118403], [122.485704, 11.118133], [122.486512, 11.118133], [122.486512, 11.119211], [122.486243, 11.119211], [122.486243, 11.12002], [122.485973, 11.12002], [122.485973, 11.121097], [122.486243, 11.121097], [122.486243, 11.122175], [122.485973, 11.122175], [122.485973, 11.122714], [122.485704, 11.122714], [122.485704, 11.123792], [122.486243, 11.123792], [122.486243, 11.124062], [122.486512, 11.124062], [122.486512, 11.124331], [122.487321, 11.124331], [122.487321, 11.124601], [122.488938, 11.124601], [122.488938, 11.124331], [122.490555, 11.124331], [122.490555, 11.124062], [122.490824, 11.124062], [122.490824, 11.123792], [122.491094, 11.123792], [122.491094, 11.122175], [122.490824, 11.122175], [122.490824, 11.121636], [122.491094, 11.121636], [122.491094, 11.121367], [122.491363, 11.121367], [122.491363, 11.120828], [122.491633, 11.120828], [122.491633, 11.120558], [122.491902, 11.120558], [122.491902, 11.119481], [122.491633, 11.119481], [122.491633, 11.119211], [122.491363, 11.119211], [122.491363, 11.118942], [122.491094, 11.118942], [122.491094, 11.119211], [122.490285, 11.119211], [122.490285, 11.118672], [122.490016, 11.118672], [122.490016, 11.118133], [122.490285, 11.118133], [122.490285, 11.117864], [122.491363, 11.117864], [122.491363, 11.118133], [122.491902, 11.118133], [122.491902, 11.117864], [122.492172, 11.117864], [122.492172, 11.118133], [122.492441, 11.118133], [122.492441, 11.117864], [122.492711, 11.117864], [122.492711, 11.117594], [122.49325, 11.117594], [122.49325, 11.117055], [122.49298, 11.117055], [122.49298, 11.116786], [122.492441, 11.116786], [122.492441, 11.117055], [122.491902, 11.117055], [122.491902, 11.116786], [122.491633, 11.116786], [122.491633, 11.117055], [122.491363, 11.117055], [122.491363, 11.116786], [122.490016, 11.116786], [122.490016, 11.116516], [122.489477, 11.116516], [122.489477, 11.116247], [122.489207, 11.116247], [122.489207, 11.115977], [122.488938, 11.115977], [122.488938, 11.114899], [122.489207, 11.114899], [122.489207, 11.11463], [122.489477, 11.11463], [122.489477, 11.114091], [122.489746, 11.114091], [122.489746, 11.113821], [122.490016, 11.113821], [122.490016, 11.113552], [122.490555, 11.113552], [122.490555, 11.113821], [122.492441, 11.113821], [122.492441, 11.11463], [122.492711, 11.11463], [122.492711, 11.115708], [122.49298, 11.115708], [122.49298, 11.115977], [122.493789, 11.115977], [122.493789, 11.115708], [122.494597, 11.115708], [122.494597, 11.115977], [122.495136, 11.115977], [122.495136, 11.116516], [122.495406, 11.116516], [122.495406, 11.116786], [122.495945, 11.116786], [122.495945, 11.117055], [122.496214, 11.117055], [122.496214, 11.117325], [122.496753, 11.117325], [122.496753, 11.117594], [122.497023, 11.117594], [122.497023, 11.117864], [122.497562, 11.117864], [122.497562, 11.118133], [122.499448, 11.118133], [122.499448, 11.117864], [122.499987, 11.117864], [122.499987, 11.118133], [122.500526, 11.118133], [122.500526, 11.118403], [122.500796, 11.118403], [122.500796, 11.118133], [122.501065, 11.118133], [122.501065, 11.117864], [122.501335, 11.117864], [122.501335, 11.116786], [122.501065, 11.116786], [122.501065, 11.116247], [122.501335, 11.116247], [122.501335, 11.115977], [122.501874, 11.115977], [122.501874, 11.115708], [122.502413, 11.115708], [122.502413, 11.117325], [122.502682, 11.117325], [122.502682, 11.117594], [122.503491, 11.117594], [122.503491, 11.117055], [122.50376, 11.117055], [122.50376, 11.116786], [122.50403, 11.116786], [122.50403, 11.116516], [122.505377, 11.116516], [122.505377, 11.116786], [122.505647, 11.116786], [122.505647, 11.117055], [122.506725, 11.117055], [122.506725, 11.116786], [122.506994, 11.116786], [122.506994, 11.116516], [122.507533, 11.116516], [122.507533, 11.116247], [122.508342, 11.116247], [122.508342, 11.115977], [122.508611, 11.115977], [122.508611, 11.115438], [122.508881, 11.115438], [122.508881, 11.114899], [122.50915, 11.114899], [122.50915, 11.115169], [122.50942, 11.115169], [122.50942, 11.116786], [122.509689, 11.116786], [122.509689, 11.117325], [122.509958, 11.117325], [122.509958, 11.117594], [122.510497, 11.117594], [122.510497, 11.117864], [122.510767, 11.117864], [122.510767, 11.118133], [122.511036, 11.118133], [122.511036, 11.118403], [122.511575, 11.118403], [122.511575, 11.118672], [122.511845, 11.118672], [122.511845, 11.118403], [122.512384, 11.118403], [122.512384, 11.118672], [122.512653, 11.118672], [122.512653, 11.119481], [122.511575, 11.119481], [122.511575, 11.119211], [122.511306, 11.119211], [122.511306, 11.118942], [122.510228, 11.118942], [122.510228, 11.118672], [122.508881, 11.118672], [122.508881, 11.118942], [122.508342, 11.118942], [122.508342, 11.119481], [122.508072, 11.119481], [122.508072, 11.12002], [122.508342, 11.12002], [122.508342, 11.120289], [122.508072, 11.120289], [122.508072, 11.121097], [122.508342, 11.121097], [122.508342, 11.121367], [122.508881, 11.121367], [122.508881, 11.121097], [122.50915, 11.121097], [122.50915, 11.120828], [122.50942, 11.120828], [122.50942, 11.120558], [122.509689, 11.120558], [122.509689, 11.120289], [122.510497, 11.120289], [122.510497, 11.120558], [122.510767, 11.120558], [122.510767, 11.120828], [122.511036, 11.120828], [122.511036, 11.121097], [122.511306, 11.121097], [122.511306, 11.121636], [122.511575, 11.121636], [122.511575, 11.122175], [122.511845, 11.122175], [122.511845, 11.122445], [122.512114, 11.122445], [122.512114, 11.122714], [122.512923, 11.122714], [122.512923, 11.122984], [122.513462, 11.122984], [122.513462, 11.123253], [122.514001, 11.123253], [122.514001, 11.123523], [122.515079, 11.123523], [122.515079, 11.123792], [122.515348, 11.123792], [122.515348, 11.12514], [122.515079, 11.12514], [122.515079, 11.125409], [122.514809, 11.125409], [122.514809, 11.12514], [122.513731, 11.12514], [122.513731, 11.125409], [122.513462, 11.125409], [122.513462, 11.125948], [122.513192, 11.125948], [122.513192, 11.126218], [122.512114, 11.126218], [122.512114, 11.126757], [122.512384, 11.126757], [122.512384, 11.127026], [122.514809, 11.127026], [122.514809, 11.127565], [122.515079, 11.127565], [122.515079, 11.127835], [122.514809, 11.127835], [122.514809, 11.128104], [122.51454, 11.128104], [122.51454, 11.128374], [122.514001, 11.128374], [122.514001, 11.128643], [122.513462, 11.128643], [122.513462, 11.128913], [122.513192, 11.128913], [122.513192, 11.129182], [122.512923, 11.129182], [122.512923, 11.129452], [122.512384, 11.129452], [122.512384, 11.129721], [122.512114, 11.129721], [122.512114, 11.129452], [122.511575, 11.129452], [122.511575, 11.128913], [122.511306, 11.128913], [122.511306, 11.128643], [122.510767, 11.128643], [122.510767, 11.128374], [122.50942, 11.128374], [122.50942, 11.128643], [122.508072, 11.128643], [122.508072, 11.128374], [122.507803, 11.128374], [122.507803, 11.128104], [122.507533, 11.128104], [122.507533, 11.127565], [122.507264, 11.127565], [122.507264, 11.127296], [122.506994, 11.127296], [122.506994, 11.127026], [122.506455, 11.127026], [122.506455, 11.126757], [122.505916, 11.126757], [122.505916, 11.127026], [122.505647, 11.127026], [122.505647, 11.126757], [122.505108, 11.126757], [122.505108, 11.126218], [122.504838, 11.126218], [122.504838, 11.125409], [122.504569, 11.125409], [122.504569, 11.12514], [122.50403, 11.12514], [122.50403, 11.125409], [122.503491, 11.125409], [122.503491, 11.125948], [122.502952, 11.125948], [122.502952, 11.126218], [122.502143, 11.126218], [122.502143, 11.125948], [122.501604, 11.125948], [122.501604, 11.125679], [122.501335, 11.125679], [122.501335, 11.125409], [122.501065, 11.125409], [122.501065, 11.12514], [122.500796, 11.12514], [122.500796, 11.12487], [122.500526, 11.12487], [122.500526, 11.124331], [122.500257, 11.124331], [122.500257, 11.124062], [122.499987, 11.124062], [122.499987, 11.123792], [122.500257, 11.123792], [122.500257, 11.123253], [122.500526, 11.123253], [122.500526, 11.122714], [122.500796, 11.122714], [122.500796, 11.121906], [122.501065, 11.121906], [122.501065, 11.121367], [122.500796, 11.121367], [122.500796, 11.121097], [122.500526, 11.121097], [122.500526, 11.121367], [122.499987, 11.121367], [122.499987, 11.121636], [122.499718, 11.121636], [122.499718, 11.121906], [122.499448, 11.121906], [122.499448, 11.122175], [122.49837, 11.122175], [122.49837, 11.121906], [122.498101, 11.121906], [122.498101, 11.121636], [122.497292, 11.121636], [122.497292, 11.121906], [122.496753, 11.121906], [122.496753, 11.122175], [122.496214, 11.122175], [122.496214, 11.122445], [122.494597, 11.122445], [122.494597, 11.123523], [122.495675, 11.123523], [122.495675, 11.123253], [122.497023, 11.123253], [122.497023, 11.123792], [122.497292, 11.123792], [122.497292, 11.124601], [122.497023, 11.124601], [122.497023, 11.12514], [122.495406, 11.12514], [122.495406, 11.12487], [122.495136, 11.12487], [122.495136, 11.124601], [122.494058, 11.124601], [122.494058, 11.12487], [122.493789, 11.12487], [122.493789, 11.12514], [122.493519, 11.12514], [122.493519, 11.126218], [122.493789, 11.126218], [122.493789, 11.126487], [122.494328, 11.126487], [122.494328, 11.126757], [122.495406, 11.126757], [122.495406, 11.126487], [122.495675, 11.126487], [122.495675, 11.126218], [122.496753, 11.126218], [122.496753, 11.126487], [122.497023, 11.126487], [122.497023, 11.126757], [122.497562, 11.126757], [122.497562, 11.127026], [122.498101, 11.127026], [122.498101, 11.126757], [122.500257, 11.126757], [122.500257, 11.127026], [122.500796, 11.127026], [122.500796, 11.127296], [122.501065, 11.127296], [122.501065, 11.127565], [122.501874, 11.127565], [122.501874, 11.127835], [122.502952, 11.127835], [122.502952, 11.128104], [122.503491, 11.128104], [122.503491, 11.127835], [122.50403, 11.127835], [122.50403, 11.128104], [122.504838, 11.128104], [122.504838, 11.128374], [122.505108, 11.128374], [122.505108, 11.128643], [122.505377, 11.128643], [122.505377, 11.129452], [122.505647, 11.129452], [122.505647, 11.129721], [122.505916, 11.129721], [122.505916, 11.13053], [122.502682, 11.13053], [122.502682, 11.130799], [122.502143, 11.130799], [122.502143, 11.131069], [122.501335, 11.131069], [122.501335, 11.130799], [122.501065, 11.130799], [122.501065, 11.13053], [122.500796, 11.13053], [122.500796, 11.13026], [122.500526, 11.13026], [122.500526, 11.129991], [122.499987, 11.129991], [122.499987, 11.129721], [122.499718, 11.129721], [122.499718, 11.129452], [122.499179, 11.129452], [122.499179, 11.129182], [122.498909, 11.129182], [122.498909, 11.128913], [122.49864, 11.128913], [122.49864, 11.129182], [122.49837, 11.129182], [122.49837, 11.129721], [122.498101, 11.129721], [122.498101, 11.129991], [122.497562, 11.129991], [122.497562, 11.13053], [122.497023, 11.13053], [122.497023, 11.131338], [122.496753, 11.131338], [122.496753, 11.131877], [122.496484, 11.131877], [122.496484, 11.132147], [122.496214, 11.132147], [122.496214, 11.132416], [122.495945, 11.132416], [122.495945, 11.132686], [122.495675, 11.132686], [122.495675, 11.132955], [122.495406, 11.132955], [122.495406, 11.133225], [122.495136, 11.133225], [122.495136, 11.133494], [122.494867, 11.133494], [122.494867, 11.133764], [122.494597, 11.133764], [122.494597, 11.134033], [122.494328, 11.134033], [122.494328, 11.134303], [122.49298, 11.134303], [122.49298, 11.134033], [122.491902, 11.134033], [122.491902, 11.134303], [122.491363, 11.134303], [122.491363, 11.134572], [122.491094, 11.134572], [122.491094, 11.134842], [122.490824, 11.134842], [122.490824, 11.134033], [122.491633, 11.134033], [122.491633, 11.133764], [122.491363, 11.133764], [122.491363, 11.133494], [122.491633, 11.133494], [122.491633, 11.133225], [122.491902, 11.133225], [122.491902, 11.132147], [122.491633, 11.132147], [122.491633, 11.131877], [122.491094, 11.131877], [122.491094, 11.131608], [122.490555, 11.131608], [122.490555, 11.130799], [122.490824, 11.130799], [122.490824, 11.13026], [122.491094, 11.13026], [122.491094, 11.129991], [122.491363, 11.129991], [122.491363, 11.129182], [122.490824, 11.129182], [122.490824, 11.129452], [122.490285, 11.129452], [122.490285, 11.129721], [122.489477, 11.129721], [122.489477, 11.129452], [122.489207, 11.129452], [122.489207, 11.128104], [122.489477, 11.128104], [122.489477, 11.127835], [122.490285, 11.127835], [122.490285, 11.127565], [122.490824, 11.127565], [122.490824, 11.126757], [122.490555, 11.126757], [122.490555, 11.126487], [122.489746, 11.126487], [122.489746, 11.126757], [122.489477, 11.126757], [122.489477, 11.127026], [122.488668, 11.127026], [122.488668, 11.126757], [122.488399, 11.126757], [122.488399, 11.126487], [122.488129, 11.126487], [122.488129, 11.126757], [122.48786, 11.126757], [122.48786, 11.127026], [122.48759, 11.127026], [122.48759, 11.127565], [122.485973, 11.127565], [122.485973, 11.127296], [122.485434, 11.127296], [122.485434, 11.127026], [122.485165, 11.127026], [122.485165, 11.127296], [122.484626, 11.127296], [122.484626, 11.127565], [122.484895, 11.127565], [122.484895, 11.127835], [122.485165, 11.127835], [122.485165, 11.128104], [122.485434, 11.128104], [122.485434, 11.128374], [122.485704, 11.128374], [122.485704, 11.128643], [122.485973, 11.128643], [122.485973, 11.128913], [122.48786, 11.128913], [122.48786, 11.129182], [122.488129, 11.129182], [122.488129, 11.129721], [122.48786, 11.129721], [122.48786, 11.13026], [122.48759, 11.13026], [122.48759, 11.130799], [122.487321, 11.130799], [122.487321, 11.131069], [122.486782, 11.131069], [122.486782, 11.131338], [122.486512, 11.131338], [122.486512, 11.131608], [122.486782, 11.131608], [122.486782, 11.132147], [122.488399, 11.132147], [122.488399, 11.132416], [122.488668, 11.132416], [122.488668, 11.132686], [122.488938, 11.132686], [122.488938, 11.134303], [122.488399, 11.134303], [122.488399, 11.134572], [122.487321, 11.134572], [122.487321, 11.134303], [122.487051, 11.134303], [122.487051, 11.134033], [122.485704, 11.134033], [122.485704, 11.134303], [122.485434, 11.134303], [122.485434, 11.134572], [122.485165, 11.134572], [122.485165, 11.134842], [122.484895, 11.134842], [122.484895, 11.135111], [122.484357, 11.135111], [122.484357, 11.134842], [122.484087, 11.134842], [122.484087, 11.134572], [122.483818, 11.134572], [122.483818, 11.133764], [122.483548, 11.133764], [122.483548, 11.133225], [122.483279, 11.133225], [122.483279, 11.132955], [122.483009, 11.132955], [122.483009, 11.132686], [122.48247, 11.132686], [122.48247, 11.132955], [122.482201, 11.132955], [122.482201, 11.133225], [122.481931, 11.133225], [122.481931, 11.133494], [122.481662, 11.133494], [122.481662, 11.134033], [122.481392, 11.134033], [122.481392, 11.134303], [122.481123, 11.134303], [122.481123, 11.135111], [122.481392, 11.135111], [122.481392, 11.135381], [122.483009, 11.135381], [122.483009, 11.13565], [122.483548, 11.13565], [122.483548, 11.13592], [122.483818, 11.13592], [122.483818, 11.137537], [122.483548, 11.137537], [122.483548, 11.137806], [122.483279, 11.137806], [122.483279, 11.138076], [122.483009, 11.138076], [122.483009, 11.137806], [122.48247, 11.137806], [122.48247, 11.138076], [122.481931, 11.138076], [122.481931, 11.138345], [122.481662, 11.138345], [122.481662, 11.138615], [122.481931, 11.138615], [122.481931, 11.139154], [122.482201, 11.139154], [122.482201, 11.139423], [122.48247, 11.139423], [122.48247, 11.139693], [122.48274, 11.139693], [122.48274, 11.139962], [122.483009, 11.139962], [122.483009, 11.14104], [122.482201, 11.14104], [122.482201, 11.14131], [122.481662, 11.14131], [122.481662, 11.141579], [122.480853, 11.141579], [122.480853, 11.141849], [122.480584, 11.141849], [122.480584, 11.141579], [122.480314, 11.141579], [122.480314, 11.139423], [122.480045, 11.139423], [122.480045, 11.136459], [122.479775, 11.136459], [122.479775, 11.135111], [122.479506, 11.135111], [122.479506, 11.134842], [122.478967, 11.134842], [122.478967, 11.135111], [122.478428, 11.135111], [122.478428, 11.135381], [122.476541, 11.135381], [122.476541, 11.13565], [122.476272, 11.13565], [122.476272, 11.13592], [122.476002, 11.13592], [122.476002, 11.136189], [122.476272, 11.136189], [122.476272, 11.136728], [122.476811, 11.136728], [122.476811, 11.136998], [122.47708, 11.136998], [122.47708, 11.137267], [122.478158, 11.137267], [122.478158, 11.137537], [122.478697, 11.137537], [122.478697, 11.137806], [122.478967, 11.137806], [122.478967, 11.138076], [122.478697, 11.138076], [122.478697, 11.138345], [122.478158, 11.138345], [122.478158, 11.138615], [122.47735, 11.138615], [122.47735, 11.138884], [122.476811, 11.138884], [122.476811, 11.139962], [122.477889, 11.139962], [122.477889, 11.139693], [122.478967, 11.139693], [122.478967, 11.140232], [122.479236, 11.140232], [122.479236, 11.140771], [122.478967, 11.140771], [122.478967, 11.141579], [122.479236, 11.141579], [122.479236, 11.142118], [122.479506, 11.142118], [122.479506, 11.142388], [122.479775, 11.142388], [122.479775, 11.142657], [122.480045, 11.142657], [122.480045, 11.142927], [122.480314, 11.142927], [122.480314, 11.143196], [122.480853, 11.143196], [122.480853, 11.143466], [122.481392, 11.143466], [122.481392, 11.144274], [122.481123, 11.144274], [122.481123, 11.144544], [122.480853, 11.144544], [122.480853, 11.144813], [122.480045, 11.144813], [122.480045, 11.144544], [122.479506, 11.144544], [122.479506, 11.144274], [122.478967, 11.144274], [122.478967, 11.144005], [122.476541, 11.144005], [122.476541, 11.143735], [122.476272, 11.143735], [122.476272, 11.143466], [122.475733, 11.143466], [122.475733, 11.143196], [122.475463, 11.143196], [122.475463, 11.143466], [122.474116, 11.143466], [122.474116, 11.143196], [122.473577, 11.143196], [122.473577, 11.142657], [122.473038, 11.142657], [122.473038, 11.143466], [122.472768, 11.143466], [122.472768, 11.144005], [122.472499, 11.144005], [122.472499, 11.144274], [122.472229, 11.144274], [122.472229, 11.144544], [122.47196, 11.144544], [122.47196, 11.144813], [122.47169, 11.144813], [122.47169, 11.145082], [122.471151, 11.145082], [122.471151, 11.144813], [122.470882, 11.144813], [122.470882, 11.144544], [122.470343, 11.144544], [122.470343, 11.144005], [122.470073, 11.144005], [122.470073, 11.142927], [122.470343, 11.142927], [122.470343, 11.142388], [122.470612, 11.142388], [122.470612, 11.141579], [122.470882, 11.141579], [122.470882, 11.140771], [122.471151, 11.140771], [122.471151, 11.140232], [122.471421, 11.140232], [122.471421, 11.139423], [122.471151, 11.139423], [122.471151, 11.138884], [122.470882, 11.138884], [122.470882, 11.138615], [122.470612, 11.138615], [122.470612, 11.138345], [122.470343, 11.138345], [122.470343, 11.137806], [122.470073, 11.137806], [122.470073, 11.137537], [122.469804, 11.137537], [122.469804, 11.137267], [122.469534, 11.137267], [122.469534, 11.13592], [122.469265, 11.13592], [122.469265, 11.13565], [122.468995, 11.13565], [122.468995, 11.135381], [122.468456, 11.135381], [122.468456, 11.135111], [122.468187, 11.135111], [122.468187, 11.134842], [122.467917, 11.134842], [122.467917, 11.134033], [122.468187, 11.134033], [122.468187, 11.133764], [122.468456, 11.133764], [122.468456, 11.133225], [122.468726, 11.133225], [122.468726, 11.132686], [122.468456, 11.132686], [122.468456, 11.132416], [122.468187, 11.132416], [122.468187, 11.132147], [122.46657, 11.132147], [122.46657, 11.132416], [122.466031, 11.132416], [122.466031, 11.132686], [122.465492, 11.132686], [122.465492, 11.132955], [122.465222, 11.132955], [122.465222, 11.133225], [122.464683, 11.133225], [122.464683, 11.133494], [122.463605, 11.133494], [122.463605, 11.133225], [122.461988, 11.133225], [122.461988, 11.133494], [122.46118, 11.133494], [122.46118, 11.133764], [122.460641, 11.133764], [122.460641, 11.134033], [122.460371, 11.134033], [122.460371, 11.134303], [122.460102, 11.134303], [122.460102, 11.134572], [122.459563, 11.134572], [122.459563, 11.134842], [122.458755, 11.134842], [122.458755, 11.135111], [122.457946, 11.135111], [122.457946, 11.135381], [122.457407, 11.135381], [122.457407, 11.13565], [122.456868, 11.13565], [122.456868, 11.13592], [122.456599, 11.13592], [122.456599, 11.136459], [122.456329, 11.136459], [122.456329, 11.137537], [122.45606, 11.137537], [122.45606, 11.138076], [122.45579, 11.138076], [122.45579, 11.138615], [122.455521, 11.138615], [122.455521, 11.138884], [122.45579, 11.138884], [122.45579, 11.139423], [122.45606, 11.139423], [122.45606, 11.140501], [122.45579, 11.140501], [122.45579, 11.141579], [122.455521, 11.141579], [122.455521, 11.141849], [122.455251, 11.141849], [122.455251, 11.142388], [122.454982, 11.142388], [122.454982, 11.142927], [122.454712, 11.142927], [122.454712, 11.143196], [122.454443, 11.143196], [122.454443, 11.143735], [122.454173, 11.143735], [122.454173, 11.144005], [122.453904, 11.144005], [122.453904, 11.144274], [122.454173, 11.144274], [122.454173, 11.144544], [122.454982, 11.144544], [122.454982, 11.144274], [122.455251, 11.144274], [122.455251, 11.144005], [122.455521, 11.144005], [122.455521, 11.143735], [122.45579, 11.143735], [122.45579, 11.143466], [122.45606, 11.143466], [122.45606, 11.143196], [122.456329, 11.143196], [122.456329, 11.142927], [122.456599, 11.142927], [122.456599, 11.142657], [122.457407, 11.142657], [122.457407, 11.142388], [122.457677, 11.142388], [122.457677, 11.142657], [122.457946, 11.142657], [122.457946, 11.142927], [122.458216, 11.142927], [122.458216, 11.143196], [122.458485, 11.143196], [122.458485, 11.143466], [122.459024, 11.143466], [122.459024, 11.143735], [122.459294, 11.143735], [122.459294, 11.144005], [122.459563, 11.144005], [122.459563, 11.144274], [122.459832, 11.144274], [122.459832, 11.144813], [122.460102, 11.144813], [122.460102, 11.145082], [122.460371, 11.145082], [122.460371, 11.145621], [122.460641, 11.145621], [122.460641, 11.14616], [122.460371, 11.14616], [122.460371, 11.148586], [122.460102, 11.148586], [122.460102, 11.149664], [122.459832, 11.149664], [122.459832, 11.149933], [122.460102, 11.149933], [122.460102, 11.150742], [122.460371, 11.150742], [122.460371, 11.151281], [122.460641, 11.151281], [122.460641, 11.15155], [122.46091, 11.15155], [122.46091, 11.152089], [122.46118, 11.152089], [122.46118, 11.152359], [122.461449, 11.152359], [122.461449, 11.152898], [122.461719, 11.152898], [122.461719, 11.153167], [122.461988, 11.153167], [122.461988, 11.153437], [122.462527, 11.153437], [122.462527, 11.153706], [122.463066, 11.153706], [122.463066, 11.153976], [122.463336, 11.153976], [122.463336, 11.154515], [122.463605, 11.154515], [122.463605, 11.154784], [122.463875, 11.154784], [122.463875, 11.154515], [122.464144, 11.154515], [122.464144, 11.154245], [122.464683, 11.154245], [122.464683, 11.153976], [122.464953, 11.153976], [122.464953, 11.153706], [122.465492, 11.153706], [122.465492, 11.153976], [122.465761, 11.153976], [122.465761, 11.154515], [122.465492, 11.154515], [122.465492, 11.155054], [122.465761, 11.155054], [122.465761, 11.155593], [122.466031, 11.155593], [122.466031, 11.155862], [122.4663, 11.155862], [122.4663, 11.156132], [122.46657, 11.156132], [122.46657, 11.156401], [122.466839, 11.156401], [122.466839, 11.156671], [122.467109, 11.156671], [122.467109, 11.15694], [122.468187, 11.15694], [122.468187, 11.15721], [122.469265, 11.15721], [122.469265, 11.157479], [122.469804, 11.157479], [122.469804, 11.157749], [122.470073, 11.157749], [122.470073, 11.158018], [122.470343, 11.158018], [122.470343, 11.158288], [122.470612, 11.158288], [122.470612, 11.158827], [122.470882, 11.158827], [122.470882, 11.159635], [122.470612, 11.159635], [122.470612, 11.160713], [122.470882, 11.160713], [122.470882, 11.160983], [122.471151, 11.160983], [122.471151, 11.161252], [122.471421, 11.161252], [122.471421, 11.161522], [122.47169, 11.161522], [122.47169, 11.161791], [122.47196, 11.161791], [122.47196, 11.162061], [122.472499, 11.162061], [122.472499, 11.16233], [122.472768, 11.16233], [122.472768, 11.163408], [122.472499, 11.163408], [122.472499, 11.163947], [122.472229, 11.163947], [122.472229, 11.165564], [122.47196, 11.165564], [122.47196, 11.166912], [122.47169, 11.166912], [122.47169, 11.167181], [122.471421, 11.167181], [122.471421, 11.16772], [122.471151, 11.16772], [122.471151, 11.16799], [122.471421, 11.16799], [122.471421, 11.168259], [122.47196, 11.168259], [122.47196, 11.168529], [122.472229, 11.168529], [122.472229, 11.168798], [122.472499, 11.168798], [122.472499, 11.169607], [122.473307, 11.169607], [122.473307, 11.169337], [122.473577, 11.169337], [122.473577, 11.169068], [122.473307, 11.169068], [122.473307, 11.168529], [122.472768, 11.168529], [122.472768, 11.168259], [122.472499, 11.168259], [122.472499, 11.16799], [122.472768, 11.16799], [122.472768, 11.167451], [122.473038, 11.167451], [122.473038, 11.167181], [122.473577, 11.167181], [122.473577, 11.166912], [122.474385, 11.166912], [122.474385, 11.167181], [122.475194, 11.167181], [122.475194, 11.166912], [122.47708, 11.166912], [122.47708, 11.167181], [122.47735, 11.167181], [122.47735, 11.167451], [122.477619, 11.167451], [122.477619, 11.168529], [122.477889, 11.168529], [122.477889, 11.168798], [122.478158, 11.168798], [122.478158, 11.169068], [122.479506, 11.169068], [122.479506, 11.168798], [122.480045, 11.168798], [122.480045, 11.168529], [122.480314, 11.168529], [122.480314, 11.168259], [122.480584, 11.168259], [122.480584, 11.16799], [122.480853, 11.16799], [122.480853, 11.166642], [122.480584, 11.166642], [122.480584, 11.166103], [122.480853, 11.166103], [122.480853, 11.165564], [122.481123, 11.165564], [122.481123, 11.165295], [122.481931, 11.165295], [122.481931, 11.165564], [122.483009, 11.165564], [122.483009, 11.165295], [122.483279, 11.165295], [122.483279, 11.165025], [122.484087, 11.165025], [122.484087, 11.164756], [122.484626, 11.164756], [122.484626, 11.164486], [122.485165, 11.164486], [122.485165, 11.164217], [122.485434, 11.164217], [122.485434, 11.163947], [122.485973, 11.163947], [122.485973, 11.163678], [122.486243, 11.163678], [122.486243, 11.163408], [122.486512, 11.163408], [122.486512, 11.163139], [122.486782, 11.163139], [122.486782, 11.162869], [122.487051, 11.162869], [122.487051, 11.1626], [122.488129, 11.1626], [122.488129, 11.163139], [122.488399, 11.163139], [122.488399, 11.163408], [122.488668, 11.163408], [122.488668, 11.163947], [122.488938, 11.163947], [122.488938, 11.164217], [122.489207, 11.164217], [122.489207, 11.164486], [122.489477, 11.164486], [122.489477, 11.164217], [122.489746, 11.164217], [122.489746, 11.163947], [122.490016, 11.163947], [122.490016, 11.162869], [122.490285, 11.162869], [122.490285, 11.16233], [122.490555, 11.16233], [122.490555, 11.162061], [122.490824, 11.162061], [122.490824, 11.161791], [122.491094, 11.161791], [122.491094, 11.160983], [122.491363, 11.160983], [122.491363, 11.159905], [122.491902, 11.159905], [122.491902, 11.159366], [122.492172, 11.159366], [122.492172, 11.157749], [122.492441, 11.157749], [122.492441, 11.157479], [122.492711, 11.157479], [122.492711, 11.15721], [122.493519, 11.15721], [122.493519, 11.15694], [122.493789, 11.15694], [122.493789, 11.155593], [122.495136, 11.155593], [122.495136, 11.155323], [122.495406, 11.155323], [122.495406, 11.155054], [122.495945, 11.155054], [122.495945, 11.154784], [122.496753, 11.154784], [122.496753, 11.154515], [122.497562, 11.154515], [122.497562, 11.154245], [122.497831, 11.154245], [122.497831, 11.153976], [122.498909, 11.153976], [122.498909, 11.154245], [122.499179, 11.154245], [122.499179, 11.154515], [122.499448, 11.154515], [122.499448, 11.154784], [122.499718, 11.154784], [122.499718, 11.155323], [122.500526, 11.155323], [122.500526, 11.154515], [122.500257, 11.154515], [122.500257, 11.153976], [122.499987, 11.153976], [122.499987, 11.152359], [122.500257, 11.152359], [122.500257, 11.152089], [122.500526, 11.152089], [122.500526, 11.15182], [122.501604, 11.15182], [122.501604, 11.152089], [122.501874, 11.152089], [122.501874, 11.153167], [122.502143, 11.153167], [122.502143, 11.153437], [122.502413, 11.153437], [122.502413, 11.153706], [122.502952, 11.153706], [122.502952, 11.153437], [122.503221, 11.153437], [122.503221, 11.152359], [122.502952, 11.152359], [122.502952, 11.15182], [122.503221, 11.15182], [122.503221, 11.15155], [122.503491, 11.15155], [122.503491, 11.151011], [122.50376, 11.151011], [122.50376, 11.150472], [122.50403, 11.150472], [122.50403, 11.150203], [122.504569, 11.150203], [122.504569, 11.150472], [122.506455, 11.150472], [122.506455, 11.150203], [122.506725, 11.150203], [122.506725, 11.149933], [122.506994, 11.149933], [122.506994, 11.150203], [122.507533, 11.150203], [122.507533, 11.151011], [122.507803, 11.151011], [122.507803, 11.151281], [122.508342, 11.151281], [122.508342, 11.15155], [122.509689, 11.15155], [122.509689, 11.151281], [122.510228, 11.151281], [122.510228, 11.151011], [122.510767, 11.151011], [122.510767, 11.150742], [122.511306, 11.150742], [122.511306, 11.150472], [122.511575, 11.150472], [122.511575, 11.150742], [122.511845, 11.150742], [122.511845, 11.151281], [122.511575, 11.151281], [122.511575, 11.15155], [122.511306, 11.15155], [122.511306, 11.152898], [122.511575, 11.152898], [122.511575, 11.153167], [122.512653, 11.153167], [122.512653, 11.152898], [122.512923, 11.152898], [122.512923, 11.152628], [122.513192, 11.152628], [122.513192, 11.151281], [122.512923, 11.151281], [122.512923, 11.150472], [122.514001, 11.150472], [122.514001, 11.150742], [122.51427, 11.150742], [122.51427, 11.151011], [122.51454, 11.151011], [122.51454, 11.151281], [122.514809, 11.151281], [122.514809, 11.151011], [122.515079, 11.151011], [122.515079, 11.151281], [122.515618, 11.151281], [122.515618, 11.15182], [122.515079, 11.15182], [122.515079, 11.152089], [122.51454, 11.152089], [122.51454, 11.152359], [122.51427, 11.152359], [122.51427, 11.152628], [122.514001, 11.152628], [122.514001, 11.152898], [122.513731, 11.152898], [122.513731, 11.153167], [122.513462, 11.153167], [122.513462, 11.153706], [122.513192, 11.153706], [122.513192, 11.154245], [122.512923, 11.154245], [122.512923, 11.154784], [122.512384, 11.154784], [122.512384, 11.155054], [122.512114, 11.155054], [122.512114, 11.154784], [122.511036, 11.154784], [122.511036, 11.154515], [122.510228, 11.154515], [122.510228, 11.155323], [122.509958, 11.155323], [122.509958, 11.155862], [122.509689, 11.155862], [122.509689, 11.156132], [122.50942, 11.156132], [122.50942, 11.156671], [122.50915, 11.156671], [122.50915, 11.15721], [122.508881, 11.15721], [122.508881, 11.157479], [122.508611, 11.157479], [122.508611, 11.158018], [122.508342, 11.158018], [122.508342, 11.157749], [122.508072, 11.157749], [122.508072, 11.158018], [122.506994, 11.158018], [122.506994, 11.158288], [122.506455, 11.158288], [122.506455, 11.158557], [122.506186, 11.158557], [122.506186, 11.158827], [122.505647, 11.158827], [122.505647, 11.159096], [122.505108, 11.159096], [122.505108, 11.159635], [122.505377, 11.159635], [122.505377, 11.159905], [122.505916, 11.159905], [122.505916, 11.159635], [122.506455, 11.159635], [122.506455, 11.159366], [122.506725, 11.159366], [122.506725, 11.159096], [122.507264, 11.159096], [122.507264, 11.158827], [122.508342, 11.158827], [122.508342, 11.158557], [122.509689, 11.158557], [122.509689, 11.158288], [122.50942, 11.158288], [122.50942, 11.158018], [122.509689, 11.158018], [122.509689, 11.157749], [122.509958, 11.157749], [122.509958, 11.15694], [122.510228, 11.15694], [122.510228, 11.156671], [122.511036, 11.156671], [122.511036, 11.157479], [122.510767, 11.157479], [122.510767, 11.158288], [122.511036, 11.158288], [122.511036, 11.158557], [122.511306, 11.158557], [122.511306, 11.158827], [122.511575, 11.158827], [122.511575, 11.159366], [122.511845, 11.159366], [122.511845, 11.159905], [122.511575, 11.159905], [122.511575, 11.160174], [122.511036, 11.160174], [122.511036, 11.159905], [122.510767, 11.159905], [122.510767, 11.159635], [122.510497, 11.159635], [122.510497, 11.159366], [122.510228, 11.159366], [122.510228, 11.159096], [122.509958, 11.159096], [122.509958, 11.158827], [122.50915, 11.158827], [122.50915, 11.159096], [122.508881, 11.159096], [122.508881, 11.159366], [122.508611, 11.159366], [122.508611, 11.159635], [122.508072, 11.159635], [122.508072, 11.159905], [122.507803, 11.159905], [122.507803, 11.160174], [122.507533, 11.160174], [122.507533, 11.160444], [122.507264, 11.160444], [122.507264, 11.160713], [122.506994, 11.160713], [122.506994, 11.160983], [122.506725, 11.160983], [122.506725, 11.161252], [122.506186, 11.161252], [122.506186, 11.162061], [122.506455, 11.162061], [122.506455, 11.16233], [122.508342, 11.16233], [122.508342, 11.162061], [122.508611, 11.162061], [122.508611, 11.16233], [122.50915, 11.16233], [122.50915, 11.1626], [122.509958, 11.1626], [122.509958, 11.162869], [122.510497, 11.162869], [122.510497, 11.163408], [122.510767, 11.163408], [122.510767, 11.163947], [122.511306, 11.163947], [122.511306, 11.164217], [122.512384, 11.164217], [122.512384, 11.165564], [122.512114, 11.165564], [122.512114, 11.166373], [122.511845, 11.166373], [122.511845, 11.166642], [122.511306, 11.166642], [122.511306, 11.166373], [122.511036, 11.166373], [122.511036, 11.166103], [122.510767, 11.166103], [122.510767, 11.165295], [122.510497, 11.165295], [122.510497, 11.165025], [122.509689, 11.165025], [122.509689, 11.165295], [122.50942, 11.165295], [122.50942, 11.166103], [122.509689, 11.166103], [122.509689, 11.166864], [122.510756, 11.16702], [122.514243, 11.170481], [122.520469, 11.170814], [122.520469, 11.170684], [122.519391, 11.170684]], [[122.523433, 11.017881], [122.523703, 11.017881], [122.523703, 11.017612], [122.524242, 11.017612], [122.524242, 11.017342], [122.524511, 11.017342], [122.524511, 11.017073], [122.524781, 11.017073], [122.524781, 11.016534], [122.52505, 11.016534], [122.52505, 11.016264], [122.525589, 11.016264], [122.525589, 11.015995], [122.526398, 11.015995], [122.526398, 11.016264], [122.528015, 11.016264], [122.528015, 11.015995], [122.528554, 11.015995], [122.528554, 11.016264], [122.529093, 11.016264], [122.529093, 11.016534], [122.529632, 11.016534], [122.529632, 11.016264], [122.529901, 11.016264], [122.529901, 11.016534], [122.53071, 11.016534], [122.53071, 11.016264], [122.530979, 11.016264], [122.530979, 11.015995], [122.531249, 11.015995], [122.531249, 11.015725], [122.530979, 11.015725], [122.530979, 11.015456], [122.53071, 11.015456], [122.53071, 11.015186], [122.53044, 11.015186], [122.53044, 11.014917], [122.529901, 11.014917], [122.529901, 11.015186], [122.529632, 11.015186], [122.529632, 11.014917], [122.529093, 11.014917], [122.529093, 11.013569], [122.529632, 11.013569], [122.529632, 11.0133], [122.529901, 11.0133], [122.529901, 11.013569], [122.53044, 11.013569], [122.53044, 11.0133], [122.53071, 11.0133], [122.53071, 11.01303], [122.531249, 11.01303], [122.531249, 11.012761], [122.531788, 11.012761], [122.531788, 11.011952], [122.531249, 11.011952], [122.531249, 11.011683], [122.531518, 11.011683], [122.531518, 11.011413], [122.530171, 11.011413], [122.530171, 11.011144], [122.53044, 11.011144], [122.53044, 11.010874], [122.530171, 11.010874], [122.530171, 11.010066], [122.53044, 11.010066], [122.53044, 11.009796], [122.530171, 11.009796], [122.530171, 11.009527], [122.531518, 11.009527], [122.531518, 11.009796], [122.531788, 11.009796], [122.531788, 11.010335], [122.531518, 11.010335], [122.531518, 11.010605], [122.532596, 11.010605], [122.532596, 11.010335], [122.533405, 11.010335], [122.533405, 11.010066], [122.533674, 11.010066], [122.533674, 11.010335], [122.534752, 11.010335], [122.534752, 11.010605], [122.535291, 11.010605], [122.535291, 11.010874], [122.53556, 11.010874], [122.53556, 11.011952], [122.535291, 11.011952], [122.535291, 11.012222], [122.534752, 11.012222], [122.534752, 11.012491], [122.532866, 11.012491], [122.532866, 11.01303], [122.532596, 11.01303], [122.532596, 11.013569], [122.532866, 11.013569], [122.532866, 11.013839], [122.533135, 11.013839], [122.533135, 11.013569], [122.533405, 11.013569], [122.533405, 11.014378], [122.533674, 11.014378], [122.533674, 11.014647], [122.533405, 11.014647], [122.533405, 11.014917], [122.532596, 11.014917], [122.532596, 11.014647], [122.532327, 11.014647], [122.532327, 11.014378], [122.532057, 11.014378], [122.532057, 11.014917], [122.532327, 11.014917], [122.532327, 11.015186], [122.531518, 11.015186], [122.531518, 11.015995], [122.532596, 11.015995], [122.532596, 11.016264], [122.533135, 11.016264], [122.533135, 11.015456], [122.533405, 11.015456], [122.533405, 11.015186], [122.535021, 11.015186], [122.535021, 11.015456], [122.535291, 11.015456], [122.535291, 11.015995], [122.535021, 11.015995], [122.535021, 11.016264], [122.534752, 11.016264], [122.534752, 11.016534], [122.534482, 11.016534], [122.534482, 11.016264], [122.533944, 11.016264], [122.533944, 11.016534], [122.532596, 11.016534], [122.532596, 11.016803], [122.532327, 11.016803], [122.532327, 11.017073], [122.531788, 11.017073], [122.531788, 11.017342], [122.53071, 11.017342], [122.53071, 11.017612], [122.529901, 11.017612], [122.529901, 11.017881], [122.528554, 11.017881], [122.528554, 11.018151], [122.528284, 11.018151], [122.528284, 11.01842], [122.527745, 11.01842], [122.527745, 11.019229], [122.528015, 11.019229], [122.528015, 11.019498], [122.528284, 11.019498], [122.528284, 11.020037], [122.527745, 11.020037], [122.527745, 11.020307], [122.526667, 11.020307], [122.526667, 11.020037], [122.526398, 11.020037], [122.526398, 11.019768], [122.526128, 11.019768], [122.526128, 11.019498], [122.525859, 11.019498], [122.525859, 11.019229], [122.525589, 11.019229], [122.525589, 11.018959], [122.52532, 11.018959], [122.52532, 11.01869], [122.523972, 11.01869], [122.523972, 11.01842], [122.523433, 11.01842], [122.523433, 11.017881]], [[122.543376, 10.945387], [122.543376, 10.945118], [122.543645, 10.945118], [122.543645, 10.944309], [122.543915, 10.944309], [122.543915, 10.94377], [122.544184, 10.94377], [122.544184, 10.943501], [122.545532, 10.943501], [122.545532, 10.943231], [122.545801, 10.943231], [122.545801, 10.942962], [122.54634, 10.942962], [122.54634, 10.942692], [122.54661, 10.942692], [122.54661, 10.942962], [122.546879, 10.942962], [122.546879, 10.943501], [122.54661, 10.943501], [122.54661, 10.94377], [122.545262, 10.94377], [122.545262, 10.944848], [122.544993, 10.944848], [122.544993, 10.945118], [122.545262, 10.945118], [122.545262, 10.945657], [122.544993, 10.945657], [122.544993, 10.945926], [122.544723, 10.945926], [122.544723, 10.946734], [122.544993, 10.946734], [122.544993, 10.947004], [122.545262, 10.947004], [122.545262, 10.947273], [122.545532, 10.947273], [122.545532, 10.948082], [122.545801, 10.948082], [122.545801, 10.948351], [122.546071, 10.948351], [122.546071, 10.948621], [122.54634, 10.948621], [122.54634, 10.94889], [122.54661, 10.94889], [122.54661, 10.948621], [122.546879, 10.948621], [122.546879, 10.948351], [122.547149, 10.948351], [122.547149, 10.947812], [122.548227, 10.947812], [122.548227, 10.948351], [122.548766, 10.948351], [122.548766, 10.948082], [122.549574, 10.948082], [122.549574, 10.947812], [122.549305, 10.947812], [122.549305, 10.947543], [122.549574, 10.947543], [122.549574, 10.947273], [122.549844, 10.947273], [122.549844, 10.947543], [122.550383, 10.947543], [122.550383, 10.94889], [122.550113, 10.94889], [122.550113, 10.94916], [122.549844, 10.94916], [122.549844, 10.949429], [122.549574, 10.949429], [122.549574, 10.949699], [122.548227, 10.949699], [122.548227, 10.949968], [122.547688, 10.949968], [122.547688, 10.950238], [122.547149, 10.950238], [122.547149, 10.949968], [122.54661, 10.949968], [122.54661, 10.950238], [122.545532, 10.950238], [122.545532, 10.949968], [122.544993, 10.949968], [122.544993, 10.949429], [122.544723, 10.949429], [122.544723, 10.948082], [122.544184, 10.948082], [122.544184, 10.948351], [122.543645, 10.948351], [122.543645, 10.948621], [122.543915, 10.948621], [122.543915, 10.94916], [122.543645, 10.94916], [122.543645, 10.949429], [122.542298, 10.949429], [122.542298, 10.94916], [122.541759, 10.94916], [122.541759, 10.94889], [122.541489, 10.94889], [122.541489, 10.948082], [122.54122, 10.948082], [122.54122, 10.947543], [122.543106, 10.947543], [122.543106, 10.947273], [122.542298, 10.947273], [122.542298, 10.946195], [122.542567, 10.946195], [122.542567, 10.945926], [122.542837, 10.945926], [122.542837, 10.945657], [122.543106, 10.945657], [122.543106, 10.945387], [122.543376, 10.945387]], [[122.542837, 10.95428], [122.542837, 10.95455], [122.542298, 10.95455], [122.542298, 10.95428], [122.542028, 10.95428], [122.542028, 10.955089], [122.541759, 10.955089], [122.541759, 10.955358], [122.541489, 10.955358], [122.541489, 10.955628], [122.54122, 10.955628], [122.54122, 10.955897], [122.541489, 10.955897], [122.541489, 10.956167], [122.541759, 10.956167], [122.541759, 10.956436], [122.542028, 10.956436], [122.542028, 10.956975], [122.541489, 10.956975], [122.541489, 10.957245], [122.54122, 10.957245], [122.54122, 10.956975], [122.540681, 10.956975], [122.540681, 10.956436], [122.540411, 10.956436], [122.540411, 10.956167], [122.540142, 10.956167], [122.540142, 10.955628], [122.539603, 10.955628], [122.539603, 10.955089], [122.539333, 10.955089], [122.539333, 10.954819], [122.539064, 10.954819], [122.539064, 10.954011], [122.538794, 10.954011], [122.538794, 10.953472], [122.539064, 10.953472], [122.539064, 10.952663], [122.538525, 10.952663], [122.538525, 10.952124], [122.538255, 10.952124], [122.538255, 10.952394], [122.537716, 10.952394], [122.537716, 10.952124], [122.537177, 10.952124], [122.537177, 10.951855], [122.536369, 10.951855], [122.536369, 10.951585], [122.536099, 10.951585], [122.536099, 10.950777], [122.536369, 10.950777], [122.536369, 10.950507], [122.536638, 10.950507], [122.536638, 10.950238], [122.536908, 10.950238], [122.536908, 10.949699], [122.537177, 10.949699], [122.537177, 10.94889], [122.537716, 10.94889], [122.537716, 10.948351], [122.537986, 10.948351], [122.537986, 10.948082], [122.538255, 10.948082], [122.538255, 10.947812], [122.538525, 10.947812], [122.538525, 10.947273], [122.538255, 10.947273], [122.538255, 10.947004], [122.537986, 10.947004], [122.537986, 10.946734], [122.537447, 10.946734], [122.537447, 10.946195], [122.537716, 10.946195], [122.537716, 10.945926], [122.538794, 10.945926], [122.538794, 10.946195], [122.539064, 10.946195], [122.539064, 10.946734], [122.539603, 10.946734], [122.539603, 10.947004], [122.539872, 10.947004], [122.539872, 10.947273], [122.539603, 10.947273], [122.539603, 10.947543], [122.539064, 10.947543], [122.539064, 10.947812], [122.539333, 10.947812], [122.539333, 10.948082], [122.538525, 10.948082], [122.538525, 10.948351], [122.538255, 10.948351], [122.538255, 10.948621], [122.538525, 10.948621], [122.538525, 10.94916], [122.538255, 10.94916], [122.538255, 10.949699], [122.537986, 10.949699], [122.537986, 10.949968], [122.537716, 10.949968], [122.537716, 10.950507], [122.537447, 10.950507], [122.537447, 10.951316], [122.537716, 10.951316], [122.537716, 10.951585], [122.537986, 10.951585], [122.537986, 10.951046], [122.538255, 10.951046], [122.538255, 10.951316], [122.539064, 10.951316], [122.539064, 10.951046], [122.539333, 10.951046], [122.539333, 10.950777], [122.539872, 10.950777], [122.539872, 10.950238], [122.539603, 10.950238], [122.539603, 10.94889], [122.540411, 10.94889], [122.540411, 10.94916], [122.540681, 10.94916], [122.540681, 10.950507], [122.540411, 10.950507], [122.540411, 10.951046], [122.540142, 10.951046], [122.540142, 10.951316], [122.540411, 10.951316], [122.540411, 10.951585], [122.540681, 10.951585], [122.540681, 10.952124], [122.54095, 10.952124], [122.54095, 10.951585], [122.542837, 10.951585], [122.542837, 10.951316], [122.543376, 10.951316], [122.543376, 10.951046], [122.543915, 10.951046], [122.543915, 10.951316], [122.544184, 10.951316], [122.544184, 10.951585], [122.543915, 10.951585], [122.543915, 10.952124], [122.544723, 10.952124], [122.544723, 10.952394], [122.544454, 10.952394], [122.544454, 10.952663], [122.544184, 10.952663], [122.544184, 10.952933], [122.543915, 10.952933], [122.543915, 10.953202], [122.543645, 10.953202], [122.543645, 10.953472], [122.543915, 10.953472], [122.543915, 10.95428], [122.542837, 10.95428]], [[122.49298, 10.962096], [122.49298, 10.962365], [122.492441, 10.962365], [122.492441, 10.962635], [122.492172, 10.962635], [122.492172, 10.962904], [122.491902, 10.962904], [122.491902, 10.963174], [122.491633, 10.963174], [122.491633, 10.963443], [122.491363, 10.963443], [122.491363, 10.96533], [122.490824, 10.96533], [122.490824, 10.966138], [122.491094, 10.966138], [122.491094, 10.966408], [122.492441, 10.966408], [122.492441, 10.966138], [122.49298, 10.966138], [122.49298, 10.965869], [122.49325, 10.965869], [122.49325, 10.965599], [122.493519, 10.965599], [122.493519, 10.96533], [122.494058, 10.96533], [122.494058, 10.96506], [122.494328, 10.96506], [122.494328, 10.964791], [122.496214, 10.964791], [122.496214, 10.96506], [122.496484, 10.96506], [122.496484, 10.96533], [122.496214, 10.96533], [122.496214, 10.965869], [122.495945, 10.965869], [122.495945, 10.966138], [122.495675, 10.966138], [122.495675, 10.966677], [122.495406, 10.966677], [122.495406, 10.966947], [122.495136, 10.966947], [122.495136, 10.967216], [122.494597, 10.967216], [122.494597, 10.967486], [122.494058, 10.967486], [122.494058, 10.967755], [122.49325, 10.967755], [122.49325, 10.968025], [122.490824, 10.968025], [122.490824, 10.967755], [122.490285, 10.967755], [122.490285, 10.968025], [122.490016, 10.968025], [122.490016, 10.968564], [122.490285, 10.968564], [122.490285, 10.969103], [122.490555, 10.969103], [122.490555, 10.969372], [122.490285, 10.969372], [122.490285, 10.969642], [122.489746, 10.969642], [122.489746, 10.969372], [122.488938, 10.969372], [122.488938, 10.969103], [122.488668, 10.969103], [122.488668, 10.968294], [122.488399, 10.968294], [122.488399, 10.967755], [122.488129, 10.967755], [122.488129, 10.967216], [122.48786, 10.967216], [122.48786, 10.966677], [122.488129, 10.966677], [122.488129, 10.966408], [122.488399, 10.966408], [122.488399, 10.966138], [122.488668, 10.966138], [122.488668, 10.965869], [122.488938, 10.965869], [122.488938, 10.96533], [122.489207, 10.96533], [122.489207, 10.964521], [122.489477, 10.964521], [122.489477, 10.963982], [122.489207, 10.963982], [122.489207, 10.963443], [122.488938, 10.963443], [122.488938, 10.963174], [122.488668, 10.963174], [122.488668, 10.962904], [122.488399, 10.962904], [122.488399, 10.962635], [122.488129, 10.962635], [122.488129, 10.962365], [122.48786, 10.962365], [122.48786, 10.962096], [122.48759, 10.962096], [122.48759, 10.961287], [122.48786, 10.961287], [122.48786, 10.960479], [122.488129, 10.960479], [122.488129, 10.960209], [122.488399, 10.960209], [122.488399, 10.95994], [122.488668, 10.95994], [122.488668, 10.95967], [122.489746, 10.95967], [122.489746, 10.960209], [122.490016, 10.960209], [122.490016, 10.960479], [122.490285, 10.960479], [122.490285, 10.961018], [122.490555, 10.961018], [122.490555, 10.961557], [122.490285, 10.961557], [122.490285, 10.961826], [122.490555, 10.961826], [122.490555, 10.962096], [122.491094, 10.962096], [122.491094, 10.960748], [122.491363, 10.960748], [122.491363, 10.960209], [122.491633, 10.960209], [122.491633, 10.95994], [122.491902, 10.95994], [122.491902, 10.95967], [122.492172, 10.95967], [122.492172, 10.959401], [122.49325, 10.959401], [122.49325, 10.95967], [122.493519, 10.95967], [122.493519, 10.95994], [122.494597, 10.95994], [122.494597, 10.960209], [122.494867, 10.960209], [122.494867, 10.961018], [122.494597, 10.961018], [122.494597, 10.961287], [122.494058, 10.961287], [122.494058, 10.961557], [122.493789, 10.961557], [122.493789, 10.961826], [122.49325, 10.961826], [122.49325, 10.962096], [122.49298, 10.962096]], [[122.514809, 10.964791], [122.515348, 10.964791], [122.515348, 10.96506], [122.515618, 10.96506], [122.515618, 10.964791], [122.515887, 10.964791], [122.515887, 10.96506], [122.516426, 10.96506], [122.516426, 10.964521], [122.516696, 10.964521], [122.516696, 10.964791], [122.516965, 10.964791], [122.516965, 10.965869], [122.517235, 10.965869], [122.517235, 10.966138], [122.517774, 10.966138], [122.517774, 10.966408], [122.518582, 10.966408], [122.518582, 10.966677], [122.518852, 10.966677], [122.518852, 10.968025], [122.519121, 10.968025], [122.519121, 10.968294], [122.51966, 10.968294], [122.51966, 10.968564], [122.51993, 10.968564], [122.51993, 10.968833], [122.51966, 10.968833], [122.51966, 10.969103], [122.51993, 10.969103], [122.51993, 10.969372], [122.51966, 10.969372], [122.51966, 10.97045], [122.519391, 10.97045], [122.519391, 10.97072], [122.519121, 10.97072], [122.519121, 10.970989], [122.518852, 10.970989], [122.518852, 10.971258], [122.518582, 10.971258], [122.518582, 10.971528], [122.518313, 10.971528], [122.518313, 10.971258], [122.516965, 10.971258], [122.516965, 10.970989], [122.516426, 10.970989], [122.516426, 10.970181], [122.516157, 10.970181], [122.516157, 10.969103], [122.515887, 10.969103], [122.515887, 10.968564], [122.515618, 10.968564], [122.515618, 10.968294], [122.515348, 10.968294], [122.515348, 10.968025], [122.515079, 10.968025], [122.515079, 10.967486], [122.514809, 10.967486], [122.514809, 10.966408], [122.51454, 10.966408], [122.51454, 10.96533], [122.51427, 10.96533], [122.51427, 10.964791], [122.51454, 10.964791], [122.51454, 10.964521], [122.514809, 10.964521], [122.514809, 10.964791]], [[122.470882, 10.983925], [122.470882, 10.982847], [122.471151, 10.982847], [122.471151, 10.982308], [122.471421, 10.982308], [122.471421, 10.982038], [122.47169, 10.982038], [122.47169, 10.981769], [122.473038, 10.981769], [122.473038, 10.981499], [122.473307, 10.981499], [122.473307, 10.98096], [122.473846, 10.98096], [122.473846, 10.980691], [122.474116, 10.980691], [122.474116, 10.98096], [122.474385, 10.98096], [122.474385, 10.98123], [122.474655, 10.98123], [122.474655, 10.983386], [122.474924, 10.983386], [122.474924, 10.983655], [122.476541, 10.983655], [122.476541, 10.983386], [122.477889, 10.983386], [122.477889, 10.983655], [122.478158, 10.983655], [122.478158, 10.984194], [122.477889, 10.984194], [122.477889, 10.984464], [122.47735, 10.984464], [122.47735, 10.984733], [122.47708, 10.984733], [122.47708, 10.985003], [122.476541, 10.985003], [122.476541, 10.985272], [122.476272, 10.985272], [122.476272, 10.985811], [122.476002, 10.985811], [122.476002, 10.986081], [122.476272, 10.986081], [122.476272, 10.98635], [122.478428, 10.98635], [122.478428, 10.98662], [122.478697, 10.98662], [122.478697, 10.986889], [122.478428, 10.986889], [122.478428, 10.987159], [122.477619, 10.987159], [122.477619, 10.987428], [122.47708, 10.987428], [122.47708, 10.987698], [122.476541, 10.987698], [122.476541, 10.987967], [122.474924, 10.987967], [122.474924, 10.988237], [122.474385, 10.988237], [122.474385, 10.988506], [122.473846, 10.988506], [122.473846, 10.988776], [122.473577, 10.988776], [122.473577, 10.989315], [122.473307, 10.989315], [122.473307, 10.989854], [122.473038, 10.989854], [122.473038, 10.990123], [122.472768, 10.990123], [122.472768, 10.990662], [122.472229, 10.990662], [122.472229, 10.990932], [122.47169, 10.990932], [122.47169, 10.991201], [122.470882, 10.991201], [122.470882, 10.991471], [122.470612, 10.991471], [122.470612, 10.99174], [122.470343, 10.99174], [122.470343, 10.99201], [122.470073, 10.99201], [122.470073, 10.992279], [122.469534, 10.992279], [122.469534, 10.992549], [122.469265, 10.992549], [122.469265, 10.992818], [122.468995, 10.992818], [122.468995, 10.993088], [122.468456, 10.993088], [122.468456, 10.993357], [122.468187, 10.993357], [122.468187, 10.993088], [122.467917, 10.993088], [122.467917, 10.992818], [122.467648, 10.992818], [122.467648, 10.992549], [122.467917, 10.992549], [122.467917, 10.99201], [122.468187, 10.99201], [122.468187, 10.990662], [122.467917, 10.990662], [122.467917, 10.989315], [122.468187, 10.989315], [122.468187, 10.988776], [122.468456, 10.988776], [122.468456, 10.988506], [122.468726, 10.988506], [122.468726, 10.988237], [122.468995, 10.988237], [122.468995, 10.987967], [122.469265, 10.987967], [122.469265, 10.98662], [122.468995, 10.98662], [122.468995, 10.985542], [122.469265, 10.985542], [122.469265, 10.985272], [122.469534, 10.985272], [122.469534, 10.985003], [122.470073, 10.985003], [122.470073, 10.984733], [122.470343, 10.984733], [122.470343, 10.984194], [122.470612, 10.984194], [122.470612, 10.983925], [122.470882, 10.983925]], [[122.494867, 11.031625], [122.494328, 11.031625], [122.494328, 11.031895], [122.494058, 11.031895], [122.494058, 11.032164], [122.494328, 11.032164], [122.494328, 11.032434], [122.494867, 11.032434], [122.494867, 11.032703], [122.494597, 11.032703], [122.494597, 11.03459], [122.494058, 11.03459], [122.494058, 11.034859], [122.493789, 11.034859], [122.493789, 11.035398], [122.49325, 11.035398], [122.49325, 11.035129], [122.49298, 11.035129], [122.49298, 11.034859], [122.492441, 11.034859], [122.492441, 11.03432], [122.492172, 11.03432], [122.492172, 11.033781], [122.491633, 11.033781], [122.491633, 11.033512], [122.490555, 11.033512], [122.490555, 11.033242], [122.490285, 11.033242], [122.490285, 11.032973], [122.489746, 11.032973], [122.489746, 11.032703], [122.488668, 11.032703], [122.488668, 11.032434], [122.488399, 11.032434], [122.488399, 11.032164], [122.488129, 11.032164], [122.488129, 11.031895], [122.48786, 11.031895], [122.48786, 11.031356], [122.48759, 11.031356], [122.48759, 11.031086], [122.487321, 11.031086], [122.487321, 11.030547], [122.487051, 11.030547], [122.487051, 11.030278], [122.486782, 11.030278], [122.486782, 11.02893], [122.487321, 11.02893], [122.487321, 11.028661], [122.489207, 11.028661], [122.489207, 11.028391], [122.489477, 11.028391], [122.489477, 11.028122], [122.489746, 11.028122], [122.489746, 11.027852], [122.490016, 11.027852], [122.490016, 11.027583], [122.490555, 11.027583], [122.490555, 11.027313], [122.490824, 11.027313], [122.490824, 11.026774], [122.491094, 11.026774], [122.491094, 11.027583], [122.491363, 11.027583], [122.491363, 11.02893], [122.491094, 11.02893], [122.491094, 11.0292], [122.491633, 11.0292], [122.491633, 11.029469], [122.491902, 11.029469], [122.491902, 11.0292], [122.492441, 11.0292], [122.492441, 11.02893], [122.492711, 11.02893], [122.492711, 11.028661], [122.49325, 11.028661], [122.49325, 11.028391], [122.493519, 11.028391], [122.493519, 11.028122], [122.495136, 11.028122], [122.495136, 11.027583], [122.495406, 11.027583], [122.495406, 11.027313], [122.495136, 11.027313], [122.495136, 11.027044], [122.495945, 11.027044], [122.495945, 11.027313], [122.496484, 11.027313], [122.496484, 11.027583], [122.496753, 11.027583], [122.496753, 11.028391], [122.497292, 11.028391], [122.497292, 11.028661], [122.497831, 11.028661], [122.497831, 11.02893], [122.49837, 11.02893], [122.49837, 11.030008], [122.497831, 11.030008], [122.497831, 11.030547], [122.497562, 11.030547], [122.497562, 11.030817], [122.496753, 11.030817], [122.496753, 11.031086], [122.495675, 11.031086], [122.495675, 11.031356], [122.494867, 11.031356], [122.494867, 11.031625]], [[122.571673, 11.054532], [122.569517, 11.054532], [122.569517, 11.055071], [122.569247, 11.055071], [122.569247, 11.055341], [122.568439, 11.055341], [122.568439, 11.055071], [122.568169, 11.055071], [122.568169, 11.054802], [122.56763, 11.054802], [122.56763, 11.054532], [122.566283, 11.054532], [122.566283, 11.054802], [122.565205, 11.054802], [122.565205, 11.05588], [122.565474, 11.05588], [122.565474, 11.056149], [122.565744, 11.056149], [122.565744, 11.056419], [122.566013, 11.056419], [122.566013, 11.056688], [122.566283, 11.056688], [122.566283, 11.056419], [122.566552, 11.056419], [122.566552, 11.057227], [122.566283, 11.057227], [122.566283, 11.057497], [122.566013, 11.057497], [122.566013, 11.057766], [122.565744, 11.057766], [122.565744, 11.058036], [122.565474, 11.058036], [122.565474, 11.058305], [122.564396, 11.058305], [122.564396, 11.057766], [122.564127, 11.057766], [122.564127, 11.056419], [122.563857, 11.056419], [122.563857, 11.055341], [122.563588, 11.055341], [122.563588, 11.054802], [122.563049, 11.054802], [122.563049, 11.055071], [122.562779, 11.055071], [122.562779, 11.054532], [122.56251, 11.054532], [122.56251, 11.053185], [122.56224, 11.053185], [122.56224, 11.052915], [122.561971, 11.052915], [122.561971, 11.052646], [122.561701, 11.052646], [122.561701, 11.052376], [122.561432, 11.052376], [122.561432, 11.052107], [122.561162, 11.052107], [122.561162, 11.051837], [122.560893, 11.051837], [122.560893, 11.051568], [122.560623, 11.051568], [122.560623, 11.050759], [122.561162, 11.050759], [122.561162, 11.05049], [122.561432, 11.05049], [122.561432, 11.05022], [122.56224, 11.05022], [122.56224, 11.049951], [122.563049, 11.049951], [122.563049, 11.049681], [122.563318, 11.049681], [122.563318, 11.049412], [122.563588, 11.049412], [122.563588, 11.048873], [122.564127, 11.048873], [122.564127, 11.048603], [122.564666, 11.048603], [122.564666, 11.048873], [122.565744, 11.048873], [122.565744, 11.049142], [122.566283, 11.049142], [122.566283, 11.049681], [122.566552, 11.049681], [122.566552, 11.049951], [122.566822, 11.049951], [122.566822, 11.05022], [122.567091, 11.05022], [122.567091, 11.05049], [122.566552, 11.05049], [122.566552, 11.051029], [122.566013, 11.051029], [122.566013, 11.051298], [122.564127, 11.051298], [122.564127, 11.051568], [122.564396, 11.051568], [122.564396, 11.051837], [122.564666, 11.051837], [122.564666, 11.052107], [122.564935, 11.052107], [122.564935, 11.052376], [122.565205, 11.052376], [122.565205, 11.052646], [122.565744, 11.052646], [122.565744, 11.052376], [122.56763, 11.052376], [122.56763, 11.051837], [122.5679, 11.051837], [122.5679, 11.051298], [122.56763, 11.051298], [122.56763, 11.050759], [122.567361, 11.050759], [122.567361, 11.049951], [122.56763, 11.049951], [122.56763, 11.049412], [122.5679, 11.049412], [122.5679, 11.049142], [122.568169, 11.049142], [122.568169, 11.048334], [122.568708, 11.048334], [122.568708, 11.048064], [122.569247, 11.048064], [122.569247, 11.047795], [122.570595, 11.047795], [122.570595, 11.048064], [122.570864, 11.048064], [122.570864, 11.048334], [122.571134, 11.048334], [122.571134, 11.048873], [122.571673, 11.048873], [122.571673, 11.049142], [122.571942, 11.049142], [122.571942, 11.049412], [122.572212, 11.049412], [122.572212, 11.051029], [122.572751, 11.051029], [122.572751, 11.050759], [122.57329, 11.050759], [122.57329, 11.05049], [122.574098, 11.05049], [122.574098, 11.05022], [122.574368, 11.05022], [122.574368, 11.049951], [122.574637, 11.049951], [122.574637, 11.049681], [122.574907, 11.049681], [122.574907, 11.049412], [122.575176, 11.049412], [122.575176, 11.049142], [122.575446, 11.049142], [122.575446, 11.048603], [122.575715, 11.048603], [122.575715, 11.048334], [122.575985, 11.048334], [122.575985, 11.047525], [122.576254, 11.047525], [122.576254, 11.047256], [122.576793, 11.047256], [122.576793, 11.047795], [122.577063, 11.047795], [122.577063, 11.048064], [122.577332, 11.048064], [122.577332, 11.048334], [122.577602, 11.048334], [122.577602, 11.048873], [122.577871, 11.048873], [122.577871, 11.049681], [122.577602, 11.049681], [122.577602, 11.049951], [122.577063, 11.049951], [122.577063, 11.05022], [122.576793, 11.05022], [122.576793, 11.05049], [122.577063, 11.05049], [122.577063, 11.050759], [122.577332, 11.050759], [122.577332, 11.051029], [122.577602, 11.051029], [122.577602, 11.050759], [122.579488, 11.050759], [122.579488, 11.051029], [122.579758, 11.051029], [122.579758, 11.051568], [122.579488, 11.051568], [122.579488, 11.051837], [122.579219, 11.051837], [122.579219, 11.052376], [122.579488, 11.052376], [122.579488, 11.052646], [122.580836, 11.052646], [122.580836, 11.052107], [122.581105, 11.052107], [122.581105, 11.051568], [122.581375, 11.051568], [122.581375, 11.051298], [122.581644, 11.051298], [122.581644, 11.051029], [122.582183, 11.051029], [122.582183, 11.051298], [122.582722, 11.051298], [122.582722, 11.051568], [122.585147, 11.051568], [122.585147, 11.051298], [122.585417, 11.051298], [122.585417, 11.051568], [122.586225, 11.051568], [122.586225, 11.052107], [122.585956, 11.052107], [122.585956, 11.052376], [122.584339, 11.052376], [122.584339, 11.052646], [122.583531, 11.052646], [122.583531, 11.052915], [122.582722, 11.052915], [122.582722, 11.053185], [122.582453, 11.053185], [122.582453, 11.053454], [122.582183, 11.053454], [122.582183, 11.053724], [122.581914, 11.053724], [122.581914, 11.053993], [122.581644, 11.053993], [122.581644, 11.054263], [122.580836, 11.054263], [122.580836, 11.054532], [122.580566, 11.054532], [122.580566, 11.054263], [122.579758, 11.054263], [122.579758, 11.053993], [122.57841, 11.053993], [122.57841, 11.054263], [122.576254, 11.054263], [122.576254, 11.054532], [122.575176, 11.054532], [122.575176, 11.054263], [122.574907, 11.054263], [122.574907, 11.053993], [122.573829, 11.053993], [122.573829, 11.054263], [122.571673, 11.054263], [122.571673, 11.054532]], [[122.558468, 11.056688], [122.559007, 11.056688], [122.559007, 11.057227], [122.559276, 11.057227], [122.559276, 11.057766], [122.559545, 11.057766], [122.559545, 11.058036], [122.559276, 11.058036], [122.559276, 11.058305], [122.559007, 11.058305], [122.559007, 11.058844], [122.55712, 11.058844], [122.55712, 11.059114], [122.556851, 11.059114], [122.556851, 11.060461], [122.556581, 11.060461], [122.556581, 11.060731], [122.556851, 11.060731], [122.556851, 11.06127], [122.55739, 11.06127], [122.55739, 11.061539], [122.557659, 11.061539], [122.557659, 11.06127], [122.557929, 11.06127], [122.557929, 11.061], [122.558198, 11.061], [122.558198, 11.060731], [122.558468, 11.060731], [122.558468, 11.060461], [122.560084, 11.060461], [122.560084, 11.060731], [122.560893, 11.060731], [122.560893, 11.060461], [122.561971, 11.060461], [122.561971, 11.060192], [122.56224, 11.060192], [122.56224, 11.059922], [122.561971, 11.059922], [122.561971, 11.059653], [122.56251, 11.059653], [122.56251, 11.059383], [122.563049, 11.059383], [122.563049, 11.059114], [122.563588, 11.059114], [122.563588, 11.059383], [122.563857, 11.059383], [122.563857, 11.06127], [122.563588, 11.06127], [122.563588, 11.061539], [122.563049, 11.061539], [122.563049, 11.061809], [122.56224, 11.061809], [122.56224, 11.062617], [122.561971, 11.062617], [122.561971, 11.062887], [122.561701, 11.062887], [122.561701, 11.063156], [122.561432, 11.063156], [122.561432, 11.063426], [122.561162, 11.063426], [122.561162, 11.063695], [122.561432, 11.063695], [122.561432, 11.063965], [122.561162, 11.063965], [122.561162, 11.064773], [122.560623, 11.064773], [122.560623, 11.065043], [122.560354, 11.065043], [122.560354, 11.065312], [122.559545, 11.065312], [122.559545, 11.065582], [122.559276, 11.065582], [122.559276, 11.065312], [122.558737, 11.065312], [122.558737, 11.065043], [122.558468, 11.065043], [122.558468, 11.064504], [122.558198, 11.064504], [122.558198, 11.064234], [122.55712, 11.064234], [122.55712, 11.064504], [122.556042, 11.064504], [122.556042, 11.064773], [122.555773, 11.064773], [122.555773, 11.065582], [122.556042, 11.065582], [122.556042, 11.06639], [122.555773, 11.06639], [122.555773, 11.06666], [122.555503, 11.06666], [122.555503, 11.066929], [122.554964, 11.066929], [122.554964, 11.067199], [122.554695, 11.067199], [122.554695, 11.067468], [122.554425, 11.067468], [122.554425, 11.067738], [122.554156, 11.067738], [122.554156, 11.067468], [122.553617, 11.067468], [122.553617, 11.066929], [122.553886, 11.066929], [122.553886, 11.06639], [122.554156, 11.06639], [122.554156, 11.066121], [122.552808, 11.066121], [122.552808, 11.06639], [122.552539, 11.06639], [122.552539, 11.06666], [122.552, 11.06666], [122.552, 11.06639], [122.551191, 11.06639], [122.551191, 11.06666], [122.550652, 11.06666], [122.550652, 11.066929], [122.549574, 11.066929], [122.549574, 11.066121], [122.549305, 11.066121], [122.549305, 11.06639], [122.549035, 11.06639], [122.549035, 11.066121], [122.548227, 11.066121], [122.548227, 11.06639], [122.547957, 11.06639], [122.547957, 11.066121], [122.547688, 11.066121], [122.547688, 11.065851], [122.546071, 11.065851], [122.546071, 11.066121], [122.545801, 11.066121], [122.545801, 11.06666], [122.546071, 11.06666], [122.546071, 11.066929], [122.545801, 11.066929], [122.545801, 11.067199], [122.545532, 11.067199], [122.545532, 11.066929], [122.545262, 11.066929], [122.545262, 11.06639], [122.544993, 11.06639], [122.544993, 11.066121], [122.544454, 11.066121], [122.544454, 11.065851], [122.544184, 11.065851], [122.544184, 11.066121], [122.543376, 11.066121], [122.543376, 11.06639], [122.542837, 11.06639], [122.542837, 11.06666], [122.541759, 11.06666], [122.541759, 11.066929], [122.541489, 11.066929], [122.541489, 11.067199], [122.54095, 11.067199], [122.54095, 11.067738], [122.541489, 11.067738], [122.541489, 11.068007], [122.542028, 11.068007], [122.542028, 11.068546], [122.542298, 11.068546], [122.542298, 11.069085], [122.542028, 11.069085], [122.542028, 11.069355], [122.541759, 11.069355], [122.541759, 11.069624], [122.541489, 11.069624], [122.541489, 11.069894], [122.54122, 11.069894], [122.54122, 11.070432], [122.541489, 11.070432], [122.541489, 11.070702], [122.542028, 11.070702], [122.542028, 11.070432], [122.542298, 11.070432], [122.542298, 11.070163], [122.542567, 11.070163], [122.542567, 11.069894], [122.542837, 11.069894], [122.542837, 11.069624], [122.543106, 11.069624], [122.543106, 11.069355], [122.543645, 11.069355], [122.543645, 11.069624], [122.543915, 11.069624], [122.543915, 11.069355], [122.544184, 11.069355], [122.544184, 11.068816], [122.544454, 11.068816], [122.544454, 11.068546], [122.544723, 11.068546], [122.544723, 11.068277], [122.545801, 11.068277], [122.545801, 11.068546], [122.546071, 11.068546], [122.546071, 11.070163], [122.54634, 11.070163], [122.54634, 11.069894], [122.546879, 11.069894], [122.546879, 11.070163], [122.547418, 11.070163], [122.547418, 11.069894], [122.547957, 11.069894], [122.547957, 11.069624], [122.548766, 11.069624], [122.548766, 11.069894], [122.549305, 11.069894], [122.549305, 11.070163], [122.549844, 11.070163], [122.549844, 11.070432], [122.550113, 11.070432], [122.550113, 11.070163], [122.550922, 11.070163], [122.550922, 11.070432], [122.551461, 11.070432], [122.551461, 11.070163], [122.552269, 11.070163], [122.552269, 11.070432], [122.552808, 11.070432], [122.552808, 11.071241], [122.552539, 11.071241], [122.552539, 11.07151], [122.552269, 11.07151], [122.552269, 11.071241], [122.552, 11.071241], [122.552, 11.070971], [122.55173, 11.070971], [122.55173, 11.071241], [122.551461, 11.071241], [122.551461, 11.07178], [122.551191, 11.07178], [122.551191, 11.07151], [122.550922, 11.07151], [122.550922, 11.072049], [122.550652, 11.072049], [122.550652, 11.07178], [122.549844, 11.07178], [122.549844, 11.072049], [122.549305, 11.072049], [122.549305, 11.072319], [122.549035, 11.072319], [122.549035, 11.072588], [122.548496, 11.072588], [122.548496, 11.072319], [122.547957, 11.072319], [122.547957, 11.072049], [122.548227, 11.072049], [122.548227, 11.07178], [122.547688, 11.07178], [122.547688, 11.07151], [122.547149, 11.07151], [122.547149, 11.072049], [122.546879, 11.072049], [122.546879, 11.074205], [122.547149, 11.074205], [122.547149, 11.074475], [122.548227, 11.074475], [122.548227, 11.074744], [122.548496, 11.074744], [122.548496, 11.075283], [122.548227, 11.075283], [122.548227, 11.075553], [122.548496, 11.075553], [122.548496, 11.075822], [122.549305, 11.075822], [122.549305, 11.076361], [122.549844, 11.076361], [122.549844, 11.0769], [122.550383, 11.0769], [122.550383, 11.07717], [122.550652, 11.07717], [122.550652, 11.077439], [122.550922, 11.077439], [122.550922, 11.077709], [122.552269, 11.077709], [122.552269, 11.077439], [122.552539, 11.077439], [122.552539, 11.077709], [122.553078, 11.077709], [122.553078, 11.078787], [122.551461, 11.078787], [122.551461, 11.079056], [122.551191, 11.079056], [122.551191, 11.078787], [122.550922, 11.078787], [122.550922, 11.078517], [122.550652, 11.078517], [122.550652, 11.078248], [122.550113, 11.078248], [122.550113, 11.077978], [122.549844, 11.077978], [122.549844, 11.077439], [122.549574, 11.077439], [122.549574, 11.07717], [122.549035, 11.07717], [122.549035, 11.0769], [122.548227, 11.0769], [122.548227, 11.076631], [122.547957, 11.076631], [122.547957, 11.076361], [122.547688, 11.076361], [122.547688, 11.076092], [122.547418, 11.076092], [122.547418, 11.075822], [122.547149, 11.075822], [122.547149, 11.075283], [122.54661, 11.075283], [122.54661, 11.075014], [122.54634, 11.075014], [122.54634, 11.074744], [122.546071, 11.074744], [122.546071, 11.074475], [122.545801, 11.074475], [122.545801, 11.074205], [122.545262, 11.074205], [122.545262, 11.073936], [122.543915, 11.073936], [122.543915, 11.073666], [122.543376, 11.073666], [122.543376, 11.073397], [122.543106, 11.073397], [122.543106, 11.073127], [122.539872, 11.073127], [122.539872, 11.073397], [122.539333, 11.073397], [122.539333, 11.073666], [122.539064, 11.073666], [122.539064, 11.074744], [122.539333, 11.074744], [122.539333, 11.075014], [122.539872, 11.075014], [122.539872, 11.075283], [122.540142, 11.075283], [122.540142, 11.075553], [122.54122, 11.075553], [122.54122, 11.075283], [122.541489, 11.075283], [122.541489, 11.075014], [122.541759, 11.075014], [122.541759, 11.074744], [122.542567, 11.074744], [122.542567, 11.075014], [122.543376, 11.075014], [122.543376, 11.075283], [122.543645, 11.075283], [122.543645, 11.074744], [122.544184, 11.074744], [122.544184, 11.075014], [122.544454, 11.075014], [122.544454, 11.075553], [122.544993, 11.075553], [122.544993, 11.075822], [122.544723, 11.075822], [122.544723, 11.076092], [122.544454, 11.076092], [122.544454, 11.076361], [122.544993, 11.076361], [122.544993, 11.076092], [122.545262, 11.076092], [122.545262, 11.075822], [122.54634, 11.075822], [122.54634, 11.0769], [122.546071, 11.0769], [122.546071, 11.077439], [122.545532, 11.077439], [122.545532, 11.077709], [122.545262, 11.077709], [122.545262, 11.077439], [122.544993, 11.077439], [122.544993, 11.07717], [122.543915, 11.07717], [122.543915, 11.077439], [122.543645, 11.077439], [122.543645, 11.077709], [122.543106, 11.077709], [122.543106, 11.077978], [122.542567, 11.077978], [122.542567, 11.078248], [122.541759, 11.078248], [122.541759, 11.078517], [122.54122, 11.078517], [122.54122, 11.078787], [122.54095, 11.078787], [122.54095, 11.078517], [122.540411, 11.078517], [122.540411, 11.078248], [122.540142, 11.078248], [122.540142, 11.07717], [122.539872, 11.07717], [122.539872, 11.0769], [122.539603, 11.0769], [122.539603, 11.076631], [122.539064, 11.076631], [122.539064, 11.076361], [122.537986, 11.076361], [122.537986, 11.077978], [122.538255, 11.077978], [122.538255, 11.078787], [122.538794, 11.078787], [122.538794, 11.079326], [122.538525, 11.079326], [122.538525, 11.079056], [122.537986, 11.079056], [122.537986, 11.078787], [122.537177, 11.078787], [122.537177, 11.079056], [122.536908, 11.079056], [122.536908, 11.078787], [122.536099, 11.078787], [122.536099, 11.078517], [122.533405, 11.078517], [122.533405, 11.077978], [122.533135, 11.077978], [122.533135, 11.077709], [122.532866, 11.077709], [122.532866, 11.077439], [122.532596, 11.077439], [122.532596, 11.076631], [122.532866, 11.076631], [122.532866, 11.076361], [122.533944, 11.076361], [122.533944, 11.076092], [122.534213, 11.076092], [122.534213, 11.075283], [122.533944, 11.075283], [122.533944, 11.075014], [122.532057, 11.075014], [122.532057, 11.074744], [122.531518, 11.074744], [122.531518, 11.074475], [122.530979, 11.074475], [122.530979, 11.074205], [122.53071, 11.074205], [122.53071, 11.073397], [122.530979, 11.073397], [122.530979, 11.072588], [122.53071, 11.072588], [122.53071, 11.072319], [122.53044, 11.072319], [122.53044, 11.072049], [122.529901, 11.072049], [122.529901, 11.07178], [122.529632, 11.07178], [122.529632, 11.07151], [122.529362, 11.07151], [122.529362, 11.071241], [122.529093, 11.071241], [122.529093, 11.070971], [122.528554, 11.070971], [122.528554, 11.070702], [122.528284, 11.070702], [122.528284, 11.070432], [122.528015, 11.070432], [122.528015, 11.070163], [122.527745, 11.070163], [122.527745, 11.069894], [122.527476, 11.069894], [122.527476, 11.069624], [122.527206, 11.069624], [122.527206, 11.069355], [122.526937, 11.069355], [122.526937, 11.069085], [122.526667, 11.069085], [122.526667, 11.068007], [122.526937, 11.068007], [122.526937, 11.067199], [122.527206, 11.067199], [122.527206, 11.06666], [122.526937, 11.06666], [122.526937, 11.065851], [122.527206, 11.065851], [122.527206, 11.065312], [122.527476, 11.065312], [122.527476, 11.065043], [122.527745, 11.065043], [122.527745, 11.064234], [122.528015, 11.064234], [122.528015, 11.064504], [122.529901, 11.064504], [122.529901, 11.064234], [122.530171, 11.064234], [122.530171, 11.063965], [122.531518, 11.063965], [122.531518, 11.063695], [122.531788, 11.063695], [122.531788, 11.063965], [122.532327, 11.063965], [122.532327, 11.063695], [122.533135, 11.063695], [122.533135, 11.063965], [122.533944, 11.063965], [122.533944, 11.064234], [122.534213, 11.064234], [122.534213, 11.064504], [122.534482, 11.064504], [122.534482, 11.064773], [122.534752, 11.064773], [122.534752, 11.065043], [122.535021, 11.065043], [122.535021, 11.064773], [122.536099, 11.064773], [122.536099, 11.064234], [122.536638, 11.064234], [122.536638, 11.063965], [122.537177, 11.063965], [122.537177, 11.063695], [122.537447, 11.063695], [122.537447, 11.063156], [122.537716, 11.063156], [122.537716, 11.062887], [122.538255, 11.062887], [122.538255, 11.062617], [122.538794, 11.062617], [122.538794, 11.062348], [122.539064, 11.062348], [122.539064, 11.061809], [122.539333, 11.061809], [122.539333, 11.061539], [122.539603, 11.061539], [122.539603, 11.06127], [122.539872, 11.06127], [122.539872, 11.060731], [122.540411, 11.060731], [122.540411, 11.060461], [122.540681, 11.060461], [122.540681, 11.061539], [122.54095, 11.061539], [122.54095, 11.061809], [122.541489, 11.061809], [122.541489, 11.062078], [122.541759, 11.062078], [122.541759, 11.062348], [122.542028, 11.062348], [122.542028, 11.062617], [122.542298, 11.062617], [122.542298, 11.062348], [122.542837, 11.062348], [122.542837, 11.061], [122.542567, 11.061], [122.542567, 11.060731], [122.542837, 11.060731], [122.542837, 11.060461], [122.543106, 11.060461], [122.543106, 11.059922], [122.543376, 11.059922], [122.543376, 11.059653], [122.543645, 11.059653], [122.543645, 11.059383], [122.543376, 11.059383], [122.543376, 11.058305], [122.544184, 11.058305], [122.544184, 11.058036], [122.544454, 11.058036], [122.544454, 11.058305], [122.544993, 11.058305], [122.544993, 11.058575], [122.545801, 11.058575], [122.545801, 11.058036], [122.546071, 11.058036], [122.546071, 11.058305], [122.54634, 11.058305], [122.54634, 11.058575], [122.54661, 11.058575], [122.54661, 11.060192], [122.54634, 11.060192], [122.54634, 11.060461], [122.546071, 11.060461], [122.546071, 11.061809], [122.545801, 11.061809], [122.545801, 11.062078], [122.544993, 11.062078], [122.544993, 11.062348], [122.544454, 11.062348], [122.544454, 11.063156], [122.544723, 11.063156], [122.544723, 11.063426], [122.546071, 11.063426], [122.546071, 11.063695], [122.547418, 11.063695], [122.547418, 11.063965], [122.547957, 11.063965], [122.547957, 11.063695], [122.548496, 11.063695], [122.548496, 11.062348], [122.548227, 11.062348], [122.548227, 11.062078], [122.548496, 11.062078], [122.548496, 11.06127], [122.548227, 11.06127], [122.548227, 11.061], [122.547957, 11.061], [122.547957, 11.060731], [122.547688, 11.060731], [122.547688, 11.060461], [122.547149, 11.060461], [122.547149, 11.060192], [122.547688, 11.060192], [122.547688, 11.059383], [122.547957, 11.059383], [122.547957, 11.058844], [122.548227, 11.058844], [122.548227, 11.058305], [122.548496, 11.058305], [122.548496, 11.058036], [122.549035, 11.058036], [122.549035, 11.057766], [122.549305, 11.057766], [122.549305, 11.058036], [122.549844, 11.058036], [122.549844, 11.057766], [122.550113, 11.057766], [122.550113, 11.057497], [122.550383, 11.057497], [122.550383, 11.057227], [122.550652, 11.057227], [122.550652, 11.056958], [122.551191, 11.056958], [122.551191, 11.057227], [122.55173, 11.057227], [122.55173, 11.056958], [122.552808, 11.056958], [122.552808, 11.056688], [122.553078, 11.056688], [122.553078, 11.056419], [122.553617, 11.056419], [122.553617, 11.056149], [122.553886, 11.056149], [122.553886, 11.05588], [122.555234, 11.05588], [122.555234, 11.05561], [122.556581, 11.05561], [122.556581, 11.05588], [122.55739, 11.05588], [122.55739, 11.056149], [122.558468, 11.056149], [122.558468, 11.056688]], [[122.563588, 11.090914], [122.563588, 11.090645], [122.563857, 11.090645], [122.563857, 11.090375], [122.564127, 11.090375], [122.564127, 11.089836], [122.564396, 11.089836], [122.564396, 11.089297], [122.564666, 11.089297], [122.564666, 11.089028], [122.564935, 11.089028], [122.564935, 11.088758], [122.565205, 11.088758], [122.565205, 11.088489], [122.565474, 11.088489], [122.565474, 11.088758], [122.567091, 11.088758], [122.567091, 11.089028], [122.566822, 11.089028], [122.566822, 11.089297], [122.566283, 11.089297], [122.566283, 11.089567], [122.566013, 11.089567], [122.566013, 11.089836], [122.565474, 11.089836], [122.565474, 11.091184], [122.565205, 11.091184], [122.565205, 11.091723], [122.564666, 11.091723], [122.564666, 11.091992], [122.564396, 11.091992], [122.564396, 11.092262], [122.564127, 11.092262], [122.564127, 11.09307], [122.564396, 11.09307], [122.564396, 11.093609], [122.564666, 11.093609], [122.564666, 11.093879], [122.564935, 11.093879], [122.564935, 11.094687], [122.565205, 11.094687], [122.565205, 11.095495], [122.564935, 11.095495], [122.564935, 11.095765], [122.564666, 11.095765], [122.564666, 11.096034], [122.562779, 11.096034], [122.562779, 11.095765], [122.56251, 11.095765], [122.56251, 11.095226], [122.560623, 11.095226], [122.560623, 11.095495], [122.559007, 11.095495], [122.559007, 11.095765], [122.558737, 11.095765], [122.558737, 11.096843], [122.559007, 11.096843], [122.559007, 11.097112], [122.558468, 11.097112], [122.558468, 11.097651], [122.558198, 11.097651], [122.558198, 11.097921], [122.557929, 11.097921], [122.557929, 11.09819], [122.557659, 11.09819], [122.557659, 11.09846], [122.556851, 11.09846], [122.556851, 11.09819], [122.556042, 11.09819], [122.556042, 11.097921], [122.555773, 11.097921], [122.555773, 11.097651], [122.555234, 11.097651], [122.555234, 11.097382], [122.554964, 11.097382], [122.554964, 11.097112], [122.554695, 11.097112], [122.554695, 11.096304], [122.554425, 11.096304], [122.554425, 11.095765], [122.554156, 11.095765], [122.554156, 11.095495], [122.553886, 11.095495], [122.553886, 11.095226], [122.553617, 11.095226], [122.553617, 11.094957], [122.553347, 11.094957], [122.553347, 11.094687], [122.553078, 11.094687], [122.553078, 11.094418], [122.552808, 11.094418], [122.552808, 11.094148], [122.552539, 11.094148], [122.552539, 11.093879], [122.552269, 11.093879], [122.552269, 11.09334], [122.552, 11.09334], [122.552, 11.09307], [122.552269, 11.09307], [122.552269, 11.091992], [122.552808, 11.091992], [122.552808, 11.092262], [122.553078, 11.092262], [122.553078, 11.09334], [122.553347, 11.09334], [122.553347, 11.093609], [122.553617, 11.093609], [122.553617, 11.093879], [122.554695, 11.093879], [122.554695, 11.093609], [122.555234, 11.093609], [122.555234, 11.09334], [122.555503, 11.09334], [122.555503, 11.09307], [122.555773, 11.09307], [122.555773, 11.092801], [122.55712, 11.092801], [122.55712, 11.092531], [122.557659, 11.092531], [122.557659, 11.091992], [122.55712, 11.091992], [122.55712, 11.091453], [122.557659, 11.091453], [122.557659, 11.091723], [122.557929, 11.091723], [122.557929, 11.091992], [122.558198, 11.091992], [122.558198, 11.092531], [122.559007, 11.092531], [122.559007, 11.092262], [122.560623, 11.092262], [122.560623, 11.092531], [122.561162, 11.092531], [122.561162, 11.092801], [122.56224, 11.092801], [122.56224, 11.092531], [122.56251, 11.092531], [122.56251, 11.091723], [122.562779, 11.091723], [122.562779, 11.091453], [122.563049, 11.091453], [122.563049, 11.091184], [122.563318, 11.091184], [122.563318, 11.090914], [122.563588, 11.090914]], [[122.577063, 11.100077], [122.577332, 11.100077], [122.577332, 11.100346], [122.577602, 11.100346], [122.577602, 11.099807], [122.577332, 11.099807], [122.577332, 11.099538], [122.576793, 11.099538], [122.576793, 11.099268], [122.576524, 11.099268], [122.576524, 11.099538], [122.576254, 11.099538], [122.576254, 11.099807], [122.574637, 11.099807], [122.574637, 11.099538], [122.574907, 11.099538], [122.574907, 11.099268], [122.575176, 11.099268], [122.575176, 11.09819], [122.575446, 11.09819], [122.575446, 11.09846], [122.575985, 11.09846], [122.575985, 11.09819], [122.577602, 11.09819], [122.577602, 11.097382], [122.577871, 11.097382], [122.577871, 11.097112], [122.577602, 11.097112], [122.577602, 11.096573], [122.577063, 11.096573], [122.577063, 11.096304], [122.576793, 11.096304], [122.576793, 11.095765], [122.576524, 11.095765], [122.576524, 11.094957], [122.576793, 11.094957], [122.576793, 11.094148], [122.577063, 11.094148], [122.577063, 11.093879], [122.576793, 11.093879], [122.576793, 11.092531], [122.577602, 11.092531], [122.577602, 11.092801], [122.577871, 11.092801], [122.577871, 11.09334], [122.578141, 11.09334], [122.578141, 11.093879], [122.577871, 11.093879], [122.577871, 11.094957], [122.577602, 11.094957], [122.577602, 11.095495], [122.577871, 11.095495], [122.577871, 11.095765], [122.57868, 11.095765], [122.57868, 11.096304], [122.578949, 11.096304], [122.578949, 11.096843], [122.579219, 11.096843], [122.579219, 11.097382], [122.579488, 11.097382], [122.579488, 11.097921], [122.579758, 11.097921], [122.579758, 11.09846], [122.580027, 11.09846], [122.580027, 11.098729], [122.580566, 11.098729], [122.580566, 11.098999], [122.581644, 11.098999], [122.581644, 11.09846], [122.582183, 11.09846], [122.582183, 11.098999], [122.581914, 11.098999], [122.581914, 11.099268], [122.582183, 11.099268], [122.582183, 11.099538], [122.582453, 11.099538], [122.582453, 11.099268], [122.582992, 11.099268], [122.582992, 11.098999], [122.583261, 11.098999], [122.583261, 11.100077], [122.583531, 11.100077], [122.583531, 11.100616], [122.583261, 11.100616], [122.583261, 11.100885], [122.581914, 11.100885], [122.581914, 11.100616], [122.581375, 11.100616], [122.581375, 11.100346], [122.581105, 11.100346], [122.581105, 11.100077], [122.580566, 11.100077], [122.580566, 11.099807], [122.580297, 11.099807], [122.580297, 11.099538], [122.580027, 11.099538], [122.580027, 11.099268], [122.579758, 11.099268], [122.579758, 11.098999], [122.579219, 11.098999], [122.579219, 11.098729], [122.57868, 11.098729], [122.57868, 11.098999], [122.57841, 11.098999], [122.57841, 11.099268], [122.57868, 11.099268], [122.57868, 11.100077], [122.578949, 11.100077], [122.578949, 11.100346], [122.57841, 11.100346], [122.57841, 11.100616], [122.577871, 11.100616], [122.577871, 11.101424], [122.576793, 11.101424], [122.576793, 11.101155], [122.576524, 11.101155], [122.576524, 11.100885], [122.576254, 11.100885], [122.576254, 11.100616], [122.576793, 11.100616], [122.576793, 11.100346], [122.577063, 11.100346], [122.577063, 11.100077]], [[122.560354, 11.099807], [122.560354, 11.100077], [122.560084, 11.100077], [122.560084, 11.100346], [122.559276, 11.100346], [122.559276, 11.098999], [122.559815, 11.098999], [122.559815, 11.097921], [122.559545, 11.097921], [122.559545, 11.096843], [122.559815, 11.096843], [122.559815, 11.096573], [122.560084, 11.096573], [122.560084, 11.096304], [122.561162, 11.096304], [122.561162, 11.096573], [122.561432, 11.096573], [122.561432, 11.096843], [122.561701, 11.096843], [122.561701, 11.097651], [122.561971, 11.097651], [122.561971, 11.097921], [122.56251, 11.097921], [122.56251, 11.09819], [122.562779, 11.09819], [122.562779, 11.09846], [122.563318, 11.09846], [122.563318, 11.099538], [122.563588, 11.099538], [122.563588, 11.099807], [122.563857, 11.099807], [122.563857, 11.100077], [122.564127, 11.100077], [122.564127, 11.099807], [122.564935, 11.099807], [122.564935, 11.099268], [122.565205, 11.099268], [122.565205, 11.098999], [122.565744, 11.098999], [122.565744, 11.098729], [122.566552, 11.098729], [122.566552, 11.09846], [122.566822, 11.09846], [122.566822, 11.097651], [122.567091, 11.097651], [122.567091, 11.097112], [122.567361, 11.097112], [122.567361, 11.096843], [122.5679, 11.096843], [122.5679, 11.097112], [122.568169, 11.097112], [122.568169, 11.097382], [122.568708, 11.097382], [122.568708, 11.09846], [122.568978, 11.09846], [122.568978, 11.098999], [122.569247, 11.098999], [122.569247, 11.099807], [122.569517, 11.099807], [122.569517, 11.100346], [122.569786, 11.100346], [122.569786, 11.101155], [122.568708, 11.101155], [122.568708, 11.100885], [122.5679, 11.100885], [122.5679, 11.101424], [122.56763, 11.101424], [122.56763, 11.101694], [122.567361, 11.101694], [122.567361, 11.101424], [122.566822, 11.101424], [122.566822, 11.101155], [122.566552, 11.101155], [122.566552, 11.100885], [122.565744, 11.100885], [122.565744, 11.100616], [122.565474, 11.100616], [122.565474, 11.100885], [122.564935, 11.100885], [122.564935, 11.101155], [122.563857, 11.101155], [122.563857, 11.100885], [122.563318, 11.100885], [122.563318, 11.100616], [122.562779, 11.100616], [122.562779, 11.100346], [122.561971, 11.100346], [122.561971, 11.100077], [122.561432, 11.100077], [122.561432, 11.099807], [122.560893, 11.099807], [122.560893, 11.099538], [122.560623, 11.099538], [122.560623, 11.099807], [122.560354, 11.099807]], [[122.538525, 11.131338], [122.538794, 11.131338], [122.538794, 11.13053], [122.539064, 11.13053], [122.539064, 11.13026], [122.539333, 11.13026], [122.539333, 11.129991], [122.539603, 11.129991], [122.539603, 11.129721], [122.540142, 11.129721], [122.540142, 11.129991], [122.540411, 11.129991], [122.540411, 11.129721], [122.540681, 11.129721], [122.540681, 11.129991], [122.54122, 11.129991], [122.54122, 11.13053], [122.541489, 11.13053], [122.541489, 11.131069], [122.54122, 11.131069], [122.54122, 11.131608], [122.54095, 11.131608], [122.54095, 11.131877], [122.538794, 11.131877], [122.538794, 11.132686], [122.539333, 11.132686], [122.539333, 11.132955], [122.539872, 11.132955], [122.539872, 11.133225], [122.54122, 11.133225], [122.54122, 11.134033], [122.54095, 11.134033], [122.54095, 11.134303], [122.540681, 11.134303], [122.540681, 11.134572], [122.540142, 11.134572], [122.540142, 11.134842], [122.539872, 11.134842], [122.539872, 11.135111], [122.539603, 11.135111], [122.539603, 11.135381], [122.538794, 11.135381], [122.538794, 11.135111], [122.538255, 11.135111], [122.538255, 11.134842], [122.537986, 11.134842], [122.537986, 11.133494], [122.537177, 11.133494], [122.537177, 11.134033], [122.536908, 11.134033], [122.536908, 11.134572], [122.536638, 11.134572], [122.536638, 11.134842], [122.53583, 11.134842], [122.53583, 11.135111], [122.53556, 11.135111], [122.53556, 11.13565], [122.53583, 11.13565], [122.53583, 11.13592], [122.536099, 11.13592], [122.536099, 11.136189], [122.536638, 11.136189], [122.536638, 11.136459], [122.537716, 11.136459], [122.537716, 11.136728], [122.538794, 11.136728], [122.538794, 11.136459], [122.539603, 11.136459], [122.539603, 11.136728], [122.539872, 11.136728], [122.539872, 11.136998], [122.540142, 11.136998], [122.540142, 11.137806], [122.540411, 11.137806], [122.540411, 11.138076], [122.540681, 11.138076], [122.540681, 11.138615], [122.539872, 11.138615], [122.539872, 11.138884], [122.539603, 11.138884], [122.539603, 11.138615], [122.539064, 11.138615], [122.539064, 11.138345], [122.538794, 11.138345], [122.538794, 11.138076], [122.538525, 11.138076], [122.538525, 11.137267], [122.537986, 11.137267], [122.537986, 11.137537], [122.537447, 11.137537], [122.537447, 11.137806], [122.53556, 11.137806], [122.53556, 11.138076], [122.535291, 11.138076], [122.535291, 11.138345], [122.535021, 11.138345], [122.535021, 11.138615], [122.534752, 11.138615], [122.534752, 11.138884], [122.534482, 11.138884], [122.534482, 11.139154], [122.534213, 11.139154], [122.534213, 11.138884], [122.533674, 11.138884], [122.533674, 11.138076], [122.533405, 11.138076], [122.533405, 11.137537], [122.533135, 11.137537], [122.533135, 11.136998], [122.532866, 11.136998], [122.532866, 11.136728], [122.532596, 11.136728], [122.532596, 11.136459], [122.532327, 11.136459], [122.532327, 11.136189], [122.532057, 11.136189], [122.532057, 11.13592], [122.530979, 11.13592], [122.530979, 11.13565], [122.53071, 11.13565], [122.53071, 11.134303], [122.53044, 11.134303], [122.53044, 11.133494], [122.530171, 11.133494], [122.530171, 11.132686], [122.53044, 11.132686], [122.53044, 11.132416], [122.530979, 11.132416], [122.530979, 11.132686], [122.531249, 11.132686], [122.531249, 11.132955], [122.531788, 11.132955], [122.531788, 11.133225], [122.532327, 11.133225], [122.532327, 11.132955], [122.532866, 11.132955], [122.532866, 11.133225], [122.535021, 11.133225], [122.535021, 11.132955], [122.535291, 11.132955], [122.535291, 11.132686], [122.53583, 11.132686], [122.53583, 11.132147], [122.536369, 11.132147], [122.536369, 11.131877], [122.536638, 11.131877], [122.536638, 11.131608], [122.537716, 11.131608], [122.537716, 11.131338], [122.538255, 11.131338], [122.538255, 11.131608], [122.538525, 11.131608], [122.538525, 11.131338]], [[122.571942, 11.149394], [122.571942, 11.149125], [122.572212, 11.149125], [122.572212, 11.148855], [122.572751, 11.148855], [122.572751, 11.149125], [122.573559, 11.149125], [122.573559, 11.149394], [122.574098, 11.149394], [122.574098, 11.149125], [122.574907, 11.149125], [122.574907, 11.148855], [122.575176, 11.148855], [122.575176, 11.148586], [122.575985, 11.148586], [122.575985, 11.150203], [122.575715, 11.150203], [122.575715, 11.150472], [122.575446, 11.150472], [122.575446, 11.150742], [122.575176, 11.150742], [122.575176, 11.151011], [122.574637, 11.151011], [122.574637, 11.151281], [122.574368, 11.151281], [122.574368, 11.15155], [122.574637, 11.15155], [122.574637, 11.153167], [122.574907, 11.153167], [122.574907, 11.153437], [122.575176, 11.153437], [122.575176, 11.153706], [122.575446, 11.153706], [122.575446, 11.153976], [122.576793, 11.153976], [122.576793, 11.153706], [122.577332, 11.153706], [122.577332, 11.153976], [122.578141, 11.153976], [122.578141, 11.154245], [122.57868, 11.154245], [122.57868, 11.153976], [122.579758, 11.153976], [122.579758, 11.153706], [122.580027, 11.153706], [122.580027, 11.153976], [122.580566, 11.153976], [122.580566, 11.154245], [122.580027, 11.154245], [122.580027, 11.154784], [122.579758, 11.154784], [122.579758, 11.155054], [122.579488, 11.155054], [122.579488, 11.155323], [122.579219, 11.155323], [122.579219, 11.155593], [122.578949, 11.155593], [122.578949, 11.155862], [122.579219, 11.155862], [122.579219, 11.156401], [122.578949, 11.156401], [122.578949, 11.156671], [122.57868, 11.156671], [122.57868, 11.15721], [122.57841, 11.15721], [122.57841, 11.157479], [122.578141, 11.157479], [122.578141, 11.15721], [122.577602, 11.15721], [122.577602, 11.156401], [122.577871, 11.156401], [122.577871, 11.155862], [122.578141, 11.155862], [122.578141, 11.155323], [122.577871, 11.155323], [122.577871, 11.155054], [122.577602, 11.155054], [122.577602, 11.155323], [122.576524, 11.155323], [122.576524, 11.155593], [122.575985, 11.155593], [122.575985, 11.155862], [122.575715, 11.155862], [122.575715, 11.156132], [122.575446, 11.156132], [122.575446, 11.156401], [122.575176, 11.156401], [122.575176, 11.156132], [122.574637, 11.156132], [122.574637, 11.155323], [122.574368, 11.155323], [122.574368, 11.154515], [122.573829, 11.154515], [122.573829, 11.154245], [122.571673, 11.154245], [122.571673, 11.153976], [122.571134, 11.153976], [122.571134, 11.153706], [122.570325, 11.153706], [122.570325, 11.153437], [122.570056, 11.153437], [122.570056, 11.153706], [122.568708, 11.153706], [122.568708, 11.153976], [122.568439, 11.153976], [122.568439, 11.154245], [122.568169, 11.154245], [122.568169, 11.154784], [122.5679, 11.154784], [122.5679, 11.155054], [122.56763, 11.155054], [122.56763, 11.154515], [122.567091, 11.154515], [122.567091, 11.154245], [122.566822, 11.154245], [122.566822, 11.153976], [122.565474, 11.153976], [122.565474, 11.153706], [122.565205, 11.153706], [122.565205, 11.152628], [122.565474, 11.152628], [122.565474, 11.152359], [122.565744, 11.152359], [122.565744, 11.152089], [122.566013, 11.152089], [122.566013, 11.15155], [122.566283, 11.15155], [122.566283, 11.150742], [122.566822, 11.150742], [122.566822, 11.150472], [122.567091, 11.150472], [122.567091, 11.150742], [122.5679, 11.150742], [122.5679, 11.151011], [122.568169, 11.151011], [122.568169, 11.152359], [122.568439, 11.152359], [122.568439, 11.152628], [122.568978, 11.152628], [122.568978, 11.152359], [122.569517, 11.152359], [122.569517, 11.15182], [122.569786, 11.15182], [122.569786, 11.15155], [122.569517, 11.15155], [122.569517, 11.150472], [122.569247, 11.150472], [122.569247, 11.150203], [122.569517, 11.150203], [122.569517, 11.149933], [122.570864, 11.149933], [122.570864, 11.149664], [122.571403, 11.149664], [122.571403, 11.149394], [122.571942, 11.149394]], [[122.550652, 11.15721], [122.550652, 11.157479], [122.551461, 11.157479], [122.551461, 11.158288], [122.551191, 11.158288], [122.551191, 11.158557], [122.550652, 11.158557], [122.550652, 11.158288], [122.549844, 11.158288], [122.549844, 11.158018], [122.549574, 11.158018], [122.549574, 11.157749], [122.549305, 11.157749], [122.549305, 11.157479], [122.548496, 11.157479], [122.548496, 11.15721], [122.548766, 11.15721], [122.548766, 11.156132], [122.548227, 11.156132], [122.548227, 11.155862], [122.547957, 11.155862], [122.547957, 11.155323], [122.548766, 11.155323], [122.548766, 11.155054], [122.549305, 11.155054], [122.549305, 11.154784], [122.549844, 11.154784], [122.549844, 11.154515], [122.550113, 11.154515], [122.550113, 11.153706], [122.549574, 11.153706], [122.549574, 11.152359], [122.549844, 11.152359], [122.549844, 11.15182], [122.550113, 11.15182], [122.550113, 11.15155], [122.550652, 11.15155], [122.550652, 11.15182], [122.550922, 11.15182], [122.550922, 11.152359], [122.551191, 11.152359], [122.551191, 11.152898], [122.55173, 11.152898], [122.55173, 11.153167], [122.552808, 11.153167], [122.552808, 11.152359], [122.552539, 11.152359], [122.552539, 11.151281], [122.552808, 11.151281], [122.552808, 11.150742], [122.553347, 11.150742], [122.553347, 11.150472], [122.554964, 11.150472], [122.554964, 11.150203], [122.555773, 11.150203], [122.555773, 11.150472], [122.557659, 11.150472], [122.557659, 11.150742], [122.558198, 11.150742], [122.558198, 11.150472], [122.558737, 11.150472], [122.558737, 11.149933], [122.559007, 11.149933], [122.559007, 11.149664], [122.559276, 11.149664], [122.559276, 11.149394], [122.560354, 11.149394], [122.560354, 11.149664], [122.560623, 11.149664], [122.560623, 11.150203], [122.560893, 11.150203], [122.560893, 11.150472], [122.561162, 11.150472], [122.561162, 11.150742], [122.56224, 11.150742], [122.56224, 11.150472], [122.562779, 11.150472], [122.562779, 11.150742], [122.563049, 11.150742], [122.563049, 11.151011], [122.563318, 11.151011], [122.563318, 11.15155], [122.563049, 11.15155], [122.563049, 11.15182], [122.56251, 11.15182], [122.56251, 11.152089], [122.561971, 11.152089], [122.561971, 11.152359], [122.561162, 11.152359], [122.561162, 11.152628], [122.560893, 11.152628], [122.560893, 11.153706], [122.561162, 11.153706], [122.561162, 11.153976], [122.561432, 11.153976], [122.561432, 11.154245], [122.561971, 11.154245], [122.561971, 11.154515], [122.56224, 11.154515], [122.56224, 11.155054], [122.561971, 11.155054], [122.561971, 11.155323], [122.561701, 11.155323], [122.561701, 11.155593], [122.561162, 11.155593], [122.561162, 11.155862], [122.560623, 11.155862], [122.560623, 11.156132], [122.560354, 11.156132], [122.560354, 11.15694], [122.559815, 11.15694], [122.559815, 11.15721], [122.559545, 11.15721], [122.559545, 11.157479], [122.559007, 11.157479], [122.559007, 11.157749], [122.558198, 11.157749], [122.558198, 11.158018], [122.557929, 11.158018], [122.557929, 11.158288], [122.557659, 11.158288], [122.557659, 11.158557], [122.556581, 11.158557], [122.556581, 11.158288], [122.556042, 11.158288], [122.556042, 11.158018], [122.555773, 11.158018], [122.555773, 11.157749], [122.555503, 11.157749], [122.555503, 11.15694], [122.554964, 11.15694], [122.554964, 11.156671], [122.554695, 11.156671], [122.554695, 11.156132], [122.554425, 11.156132], [122.554425, 11.155862], [122.554156, 11.155862], [122.554156, 11.155593], [122.553886, 11.155593], [122.553886, 11.155323], [122.553347, 11.155323], [122.553347, 11.155593], [122.552, 11.155593], [122.552, 11.155862], [122.551191, 11.155862], [122.551191, 11.156132], [122.550922, 11.156132], [122.550922, 11.156401], [122.550383, 11.156401], [122.550383, 11.15721], [122.550652, 11.15721]], [[122.682974, 10.82142], [122.683244, 10.82142], [122.683244, 10.818994], [122.682974, 10.818994], [122.682974, 10.816838], [122.683244, 10.816838], [122.683244, 10.815491], [122.683513, 10.815491], [122.683513, 10.814952], [122.683782, 10.814952], [122.683782, 10.814143], [122.684321, 10.814143], [122.684321, 10.813604], [122.68513, 10.813604], [122.68513, 10.813874], [122.685399, 10.813874], [122.685399, 10.814413], [122.685669, 10.814413], [122.685669, 10.815491], [122.685938, 10.815491], [122.685938, 10.81603], [122.685669, 10.81603], [122.685669, 10.816299], [122.685399, 10.816299], [122.685399, 10.817108], [122.68513, 10.817108], [122.68513, 10.819264], [122.685399, 10.819264], [122.685399, 10.819533], [122.685669, 10.819533], [122.685669, 10.820072], [122.685938, 10.820072], [122.685938, 10.820611], [122.686208, 10.820611], [122.686208, 10.820881], [122.685938, 10.820881], [122.685938, 10.82142], [122.685669, 10.82142], [122.685669, 10.821689], [122.685399, 10.821689], [122.685399, 10.822497], [122.685669, 10.822497], [122.685669, 10.822767], [122.685938, 10.822767], [122.685938, 10.823036], [122.686208, 10.823036], [122.686208, 10.823845], [122.685938, 10.823845], [122.685938, 10.824384], [122.685669, 10.824384], [122.685669, 10.824653], [122.68486, 10.824653], [122.68486, 10.824923], [122.683782, 10.824923], [122.683782, 10.824653], [122.683513, 10.824653], [122.683513, 10.824384], [122.683244, 10.824384], [122.683244, 10.822767], [122.682974, 10.822767], [122.682974, 10.82142]], [[122.697796, 10.924366], [122.697796, 10.924636], [122.697527, 10.924636], [122.697527, 10.925175], [122.697796, 10.925175], [122.697796, 10.925444], [122.698874, 10.925444], [122.698874, 10.925175], [122.699144, 10.925175], [122.699144, 10.924905], [122.699413, 10.924905], [122.699413, 10.924636], [122.698874, 10.924636], [122.698874, 10.924366], [122.698605, 10.924366], [122.698605, 10.924097], [122.698335, 10.924097], [122.698335, 10.923827], [122.699683, 10.923827], [122.699683, 10.923558], [122.700222, 10.923558], [122.700222, 10.923288], [122.700761, 10.923288], [122.700761, 10.923019], [122.70103, 10.923019], [122.70103, 10.923288], [122.7013, 10.923288], [122.7013, 10.924636], [122.702108, 10.924636], [122.702108, 10.924366], [122.702647, 10.924366], [122.702647, 10.924097], [122.702917, 10.924097], [122.702917, 10.923288], [122.703186, 10.923288], [122.703186, 10.923019], [122.703456, 10.923019], [122.703456, 10.922749], [122.703725, 10.922749], [122.703725, 10.92248], [122.703995, 10.92248], [122.703995, 10.921402], [122.704264, 10.921402], [122.704264, 10.921132], [122.704534, 10.921132], [122.704534, 10.920594], [122.705342, 10.920594], [122.705342, 10.923288], [122.705073, 10.923288], [122.705073, 10.923558], [122.704803, 10.923558], [122.704803, 10.924097], [122.704534, 10.924097], [122.704534, 10.924366], [122.704264, 10.924366], [122.704264, 10.924636], [122.703995, 10.924636], [122.703995, 10.925714], [122.703725, 10.925714], [122.703725, 10.926792], [122.703456, 10.926792], [122.703456, 10.92787], [122.703186, 10.92787], [122.703186, 10.928139], [122.702917, 10.928139], [122.702917, 10.928409], [122.702647, 10.928409], [122.702647, 10.928678], [122.702378, 10.928678], [122.702378, 10.929756], [122.7013, 10.929756], [122.7013, 10.928409], [122.70103, 10.928409], [122.70103, 10.928139], [122.700761, 10.928139], [122.700761, 10.92787], [122.700491, 10.92787], [122.700491, 10.9276], [122.700222, 10.9276], [122.700222, 10.92787], [122.699952, 10.92787], [122.699952, 10.928139], [122.700222, 10.928139], [122.700222, 10.928948], [122.699952, 10.928948], [122.699952, 10.929217], [122.699683, 10.929217], [122.699683, 10.929487], [122.699413, 10.929487], [122.699413, 10.929217], [122.699144, 10.929217], [122.699144, 10.928948], [122.698874, 10.928948], [122.698874, 10.928678], [122.697796, 10.928678], [122.697796, 10.930026], [122.697527, 10.930026], [122.697527, 10.930565], [122.697257, 10.930565], [122.697257, 10.930834], [122.696988, 10.930834], [122.696988, 10.931104], [122.696718, 10.931104], [122.696718, 10.930834], [122.696449, 10.930834], [122.696449, 10.930565], [122.696179, 10.930565], [122.696179, 10.929487], [122.69591, 10.929487], [122.69591, 10.929217], [122.694293, 10.929217], [122.694293, 10.928948], [122.694023, 10.928948], [122.694023, 10.928678], [122.693754, 10.928678], [122.693754, 10.928409], [122.693484, 10.928409], [122.693484, 10.9276], [122.692945, 10.9276], [122.692945, 10.927061], [122.692676, 10.927061], [122.692676, 10.925983], [122.692406, 10.925983], [122.692406, 10.922749], [122.692676, 10.922749], [122.692676, 10.92248], [122.692945, 10.92248], [122.692945, 10.92221], [122.693215, 10.92221], [122.693215, 10.920594], [122.692945, 10.920594], [122.692945, 10.920324], [122.692676, 10.920324], [122.692676, 10.919516], [122.692945, 10.919516], [122.692945, 10.918977], [122.693484, 10.918977], [122.693484, 10.918707], [122.693754, 10.918707], [122.693754, 10.918438], [122.694023, 10.918438], [122.694023, 10.918168], [122.694562, 10.918168], [122.694562, 10.917899], [122.695101, 10.917899], [122.695101, 10.917629], [122.69564, 10.917629], [122.69564, 10.917899], [122.69591, 10.917899], [122.69591, 10.918168], [122.69564, 10.918168], [122.69564, 10.918438], [122.695371, 10.918438], [122.695371, 10.918707], [122.695101, 10.918707], [122.695101, 10.919246], [122.694293, 10.919246], [122.694293, 10.919516], [122.693754, 10.919516], [122.693754, 10.919785], [122.693484, 10.919785], [122.693484, 10.920594], [122.693754, 10.920594], [122.693754, 10.920863], [122.694562, 10.920863], [122.694562, 10.920594], [122.694832, 10.920594], [122.694832, 10.920055], [122.695101, 10.920055], [122.695101, 10.919785], [122.69564, 10.919785], [122.69564, 10.919246], [122.696179, 10.919246], [122.696179, 10.918977], [122.696449, 10.918977], [122.696449, 10.918707], [122.696718, 10.918707], [122.696718, 10.918438], [122.696988, 10.918438], [122.696988, 10.918168], [122.697257, 10.918168], [122.697257, 10.917899], [122.700761, 10.917899], [122.700761, 10.917629], [122.701569, 10.917629], [122.701569, 10.91736], [122.702108, 10.91736], [122.702108, 10.91709], [122.702647, 10.91709], [122.702647, 10.91736], [122.702917, 10.91736], [122.702917, 10.916821], [122.702378, 10.916821], [122.702378, 10.916282], [122.702917, 10.916282], [122.702917, 10.916012], [122.702647, 10.916012], [122.702647, 10.915473], [122.702378, 10.915473], [122.702378, 10.915204], [122.702647, 10.915204], [122.702647, 10.914934], [122.702917, 10.914934], [122.702917, 10.914665], [122.703186, 10.914665], [122.703186, 10.914395], [122.703456, 10.914395], [122.703456, 10.914126], [122.703725, 10.914126], [122.703725, 10.913856], [122.703995, 10.913856], [122.703995, 10.913587], [122.704534, 10.913587], [122.704534, 10.913317], [122.705612, 10.913317], [122.705612, 10.913856], [122.705881, 10.913856], [122.705881, 10.914126], [122.70642, 10.914126], [122.70642, 10.914395], [122.70669, 10.914395], [122.70669, 10.914665], [122.706959, 10.914665], [122.706959, 10.914934], [122.708037, 10.914934], [122.708037, 10.914665], [122.708307, 10.914665], [122.708307, 10.914395], [122.708576, 10.914395], [122.708576, 10.913587], [122.708845, 10.913587], [122.708845, 10.913048], [122.708576, 10.913048], [122.708576, 10.912778], [122.707768, 10.912778], [122.707768, 10.913048], [122.707229, 10.913048], [122.707229, 10.912778], [122.706959, 10.912778], [122.706959, 10.912239], [122.707229, 10.912239], [122.707229, 10.91197], [122.707768, 10.91197], [122.707768, 10.9117], [122.708845, 10.9117], [122.708845, 10.911431], [122.709923, 10.911431], [122.709923, 10.9117], [122.710193, 10.9117], [122.710193, 10.911431], [122.710732, 10.911431], [122.710732, 10.9117], [122.711271, 10.9117], [122.711271, 10.912778], [122.711001, 10.912778], [122.711001, 10.913048], [122.710732, 10.913048], [122.710732, 10.913317], [122.710462, 10.913317], [122.710462, 10.913587], [122.710193, 10.913587], [122.710193, 10.914126], [122.709923, 10.914126], [122.709923, 10.914665], [122.709654, 10.914665], [122.709654, 10.914934], [122.709384, 10.914934], [122.709384, 10.915204], [122.709115, 10.915204], [122.709115, 10.915473], [122.707768, 10.915473], [122.707768, 10.915743], [122.70669, 10.915743], [122.70669, 10.916551], [122.70642, 10.916551], [122.70642, 10.916821], [122.70669, 10.916821], [122.70669, 10.91709], [122.706959, 10.91709], [122.706959, 10.91736], [122.70669, 10.91736], [122.70669, 10.917899], [122.70642, 10.917899], [122.70642, 10.918168], [122.706151, 10.918168], [122.706151, 10.918438], [122.705881, 10.918438], [122.705881, 10.918707], [122.705073, 10.918707], [122.705073, 10.918977], [122.704534, 10.918977], [122.704534, 10.919246], [122.703995, 10.919246], [122.703995, 10.919785], [122.703725, 10.919785], [122.703725, 10.920055], [122.703186, 10.920055], [122.703186, 10.920324], [122.701569, 10.920324], [122.701569, 10.920594], [122.700761, 10.920594], [122.700761, 10.920324], [122.699413, 10.920324], [122.699413, 10.920594], [122.698874, 10.920594], [122.698874, 10.920863], [122.697527, 10.920863], [122.697527, 10.921132], [122.696449, 10.921132], [122.696449, 10.921402], [122.696179, 10.921402], [122.696179, 10.921671], [122.69564, 10.921671], [122.69564, 10.921941], [122.695371, 10.921941], [122.695371, 10.92248], [122.695101, 10.92248], [122.695101, 10.923288], [122.695371, 10.923288], [122.695371, 10.923558], [122.69591, 10.923558], [122.69591, 10.923288], [122.696179, 10.923288], [122.696179, 10.923019], [122.697257, 10.923019], [122.697257, 10.923558], [122.697527, 10.923558], [122.697527, 10.924366], [122.697796, 10.924366]], [[122.586495, 11.015456], [122.586764, 11.015456], [122.586764, 11.015725], [122.587303, 11.015725], [122.587303, 11.015456], [122.587573, 11.015456], [122.587573, 11.015725], [122.587842, 11.015725], [122.587842, 11.015456], [122.588112, 11.015456], [122.588112, 11.015725], [122.588381, 11.015725], [122.588381, 11.015186], [122.589729, 11.015186], [122.589729, 11.015456], [122.589998, 11.015456], [122.589998, 11.015725], [122.590537, 11.015725], [122.590537, 11.016264], [122.589729, 11.016264], [122.589729, 11.015995], [122.587303, 11.015995], [122.587303, 11.016264], [122.585956, 11.016264], [122.585956, 11.016534], [122.585686, 11.016534], [122.585686, 11.016264], [122.585147, 11.016264], [122.585147, 11.016534], [122.582992, 11.016534], [122.582992, 11.016803], [122.582722, 11.016803], [122.582722, 11.016534], [122.582453, 11.016534], [122.582453, 11.016803], [122.581914, 11.016803], [122.581914, 11.017342], [122.582183, 11.017342], [122.582183, 11.017612], [122.581914, 11.017612], [122.581914, 11.017881], [122.581644, 11.017881], [122.581644, 11.018151], [122.578141, 11.018151], [122.578141, 11.017881], [122.577332, 11.017881], [122.577332, 11.017342], [122.577602, 11.017342], [122.577602, 11.017073], [122.577332, 11.017073], [122.577332, 11.016803], [122.577602, 11.016803], [122.577602, 11.015725], [122.577332, 11.015725], [122.577332, 11.015186], [122.577063, 11.015186], [122.577063, 11.014378], [122.576793, 11.014378], [122.576793, 11.014108], [122.576524, 11.014108], [122.576524, 11.013839], [122.577063, 11.013839], [122.577063, 11.014108], [122.577332, 11.014108], [122.577332, 11.013569], [122.578141, 11.013569], [122.578141, 11.013839], [122.57841, 11.013839], [122.57841, 11.014108], [122.57868, 11.014108], [122.57868, 11.014378], [122.579219, 11.014378], [122.579219, 11.014647], [122.579758, 11.014647], [122.579758, 11.014378], [122.580297, 11.014378], [122.580297, 11.014108], [122.581105, 11.014108], [122.581105, 11.015186], [122.581644, 11.015186], [122.581644, 11.015456], [122.583261, 11.015456], [122.583261, 11.015725], [122.5838, 11.015725], [122.5838, 11.015456], [122.584339, 11.015456], [122.584339, 11.015725], [122.584608, 11.015725], [122.584608, 11.015456], [122.585147, 11.015456], [122.585147, 11.015725], [122.585417, 11.015725], [122.585417, 11.015186], [122.585686, 11.015186], [122.585686, 11.015456], [122.585956, 11.015456], [122.585956, 11.015186], [122.586495, 11.015186], [122.586495, 11.015456]], [[122.65872, 11.049142], [122.65872, 11.048873], [122.658989, 11.048873], [122.658989, 11.046986], [122.65872, 11.046986], [122.65872, 11.046717], [122.658181, 11.046717], [122.658181, 11.046447], [122.657372, 11.046447], [122.657372, 11.046717], [122.657103, 11.046717], [122.657103, 11.046986], [122.655486, 11.046986], [122.655486, 11.047256], [122.655216, 11.047256], [122.655216, 11.046717], [122.655486, 11.046717], [122.655486, 11.04537], [122.655216, 11.04537], [122.655216, 11.0451], [122.654947, 11.0451], [122.654947, 11.044831], [122.654408, 11.044831], [122.654408, 11.044561], [122.654138, 11.044561], [122.654138, 11.044292], [122.653869, 11.044292], [122.653869, 11.043753], [122.653599, 11.043753], [122.653599, 11.041058], [122.653869, 11.041058], [122.653869, 11.040519], [122.654138, 11.040519], [122.654138, 11.040249], [122.654408, 11.040249], [122.654408, 11.03998], [122.656025, 11.03998], [122.656025, 11.03971], [122.656294, 11.03971], [122.656294, 11.038632], [122.656025, 11.038632], [122.656025, 11.038363], [122.655755, 11.038363], [122.655755, 11.038093], [122.655216, 11.038093], [122.655216, 11.038363], [122.654408, 11.038363], [122.654408, 11.038093], [122.65333, 11.038093], [122.65333, 11.037824], [122.65306, 11.037824], [122.65306, 11.037554], [122.652791, 11.037554], [122.652791, 11.037015], [122.65306, 11.037015], [122.65306, 11.036476], [122.653599, 11.036476], [122.653599, 11.036207], [122.654947, 11.036207], [122.654947, 11.035668], [122.655216, 11.035668], [122.655216, 11.035129], [122.655486, 11.035129], [122.655486, 11.034859], [122.655755, 11.034859], [122.655755, 11.03459], [122.656025, 11.03459], [122.656025, 11.03432], [122.656294, 11.03432], [122.656294, 11.034051], [122.656564, 11.034051], [122.656564, 11.033512], [122.655755, 11.033512], [122.655755, 11.033242], [122.655486, 11.033242], [122.655486, 11.032434], [122.655755, 11.032434], [122.655755, 11.032164], [122.656025, 11.032164], [122.656025, 11.031895], [122.656294, 11.031895], [122.656294, 11.031625], [122.657103, 11.031625], [122.657103, 11.031356], [122.657372, 11.031356], [122.657372, 11.031086], [122.657642, 11.031086], [122.657642, 11.030817], [122.657372, 11.030817], [122.657372, 11.029739], [122.657103, 11.029739], [122.657103, 11.02893], [122.656833, 11.02893], [122.656833, 11.028661], [122.656564, 11.028661], [122.656564, 11.028391], [122.656294, 11.028391], [122.656294, 11.027852], [122.656025, 11.027852], [122.656025, 11.027044], [122.656294, 11.027044], [122.656294, 11.026505], [122.656564, 11.026505], [122.656564, 11.025966], [122.656833, 11.025966], [122.656833, 11.025696], [122.657103, 11.025696], [122.657103, 11.025427], [122.657372, 11.025427], [122.657372, 11.024888], [122.657642, 11.024888], [122.657642, 11.024349], [122.657911, 11.024349], [122.657911, 11.024079], [122.658181, 11.024079], [122.658181, 11.02354], [122.65845, 11.02354], [122.65845, 11.023271], [122.65872, 11.023271], [122.65872, 11.023001], [122.658989, 11.023001], [122.658989, 11.022732], [122.659258, 11.022732], [122.659258, 11.022462], [122.659528, 11.022462], [122.659528, 11.022193], [122.659797, 11.022193], [122.659797, 11.021654], [122.660067, 11.021654], [122.660067, 11.020845], [122.660336, 11.020845], [122.660336, 11.020037], [122.660606, 11.020037], [122.660606, 11.019768], [122.660875, 11.019768], [122.660875, 11.019229], [122.661145, 11.019229], [122.661145, 11.018959], [122.661414, 11.018959], [122.661414, 11.01869], [122.661684, 11.01869], [122.661684, 11.01842], [122.661953, 11.01842], [122.661953, 11.018151], [122.662223, 11.018151], [122.662223, 11.017881], [122.662492, 11.017881], [122.662492, 11.017612], [122.662762, 11.017612], [122.662762, 11.017342], [122.663301, 11.017342], [122.663301, 11.017073], [122.66384, 11.017073], [122.66384, 11.016803], [122.665187, 11.016803], [122.665187, 11.017073], [122.665726, 11.017073], [122.665726, 11.017342], [122.666265, 11.017342], [122.666265, 11.017612], [122.666535, 11.017612], [122.666535, 11.017881], [122.666804, 11.017881], [122.666804, 11.018151], [122.667074, 11.018151], [122.667074, 11.01842], [122.667613, 11.01842], [122.667613, 11.01869], [122.667882, 11.01869], [122.667882, 11.018959], [122.668421, 11.018959], [122.668421, 11.019229], [122.66896, 11.019229], [122.66896, 11.019498], [122.66923, 11.019498], [122.66923, 11.019768], [122.669499, 11.019768], [122.669499, 11.020037], [122.669769, 11.020037], [122.669769, 11.023001], [122.670038, 11.023001], [122.670038, 11.023271], [122.670308, 11.023271], [122.670308, 11.02354], [122.670577, 11.02354], [122.670577, 11.02381], [122.671116, 11.02381], [122.671116, 11.024079], [122.671655, 11.024079], [122.671655, 11.024349], [122.672194, 11.024349], [122.672194, 11.024618], [122.672733, 11.024618], [122.672733, 11.024888], [122.673003, 11.024888], [122.673003, 11.025427], [122.673272, 11.025427], [122.673272, 11.025966], [122.673542, 11.025966], [122.673542, 11.026505], [122.673811, 11.026505], [122.673811, 11.026774], [122.674081, 11.026774], [122.674081, 11.027583], [122.67435, 11.027583], [122.67435, 11.027852], [122.675159, 11.027852], [122.675159, 11.028122], [122.675698, 11.028122], [122.675698, 11.028661], [122.675967, 11.028661], [122.675967, 11.0292], [122.676237, 11.0292], [122.676237, 11.029739], [122.676506, 11.029739], [122.676506, 11.030008], [122.676776, 11.030008], [122.676776, 11.031356], [122.677045, 11.031356], [122.677045, 11.031895], [122.677315, 11.031895], [122.677315, 11.032164], [122.677584, 11.032164], [122.677584, 11.032434], [122.678123, 11.032434], [122.678123, 11.032703], [122.678393, 11.032703], [122.678393, 11.033242], [122.678662, 11.033242], [122.678662, 11.033512], [122.679201, 11.033512], [122.679201, 11.033781], [122.679471, 11.033781], [122.679471, 11.034051], [122.68001, 11.034051], [122.68001, 11.03432], [122.680549, 11.03432], [122.680549, 11.03459], [122.680818, 11.03459], [122.680818, 11.035398], [122.680549, 11.035398], [122.680549, 11.035668], [122.680279, 11.035668], [122.680279, 11.036207], [122.680549, 11.036207], [122.680549, 11.036476], [122.681088, 11.036476], [122.681088, 11.036746], [122.681896, 11.036746], [122.681896, 11.037285], [122.682166, 11.037285], [122.682166, 11.037554], [122.682435, 11.037554], [122.682435, 11.037824], [122.682705, 11.037824], [122.682705, 11.038093], [122.682974, 11.038093], [122.682974, 11.038363], [122.683244, 11.038363], [122.683244, 11.03998], [122.683782, 11.03998], [122.683782, 11.040249], [122.684052, 11.040249], [122.684052, 11.03998], [122.68513, 11.03998], [122.68513, 11.040249], [122.685399, 11.040249], [122.685399, 11.041866], [122.685669, 11.041866], [122.685669, 11.042405], [122.685938, 11.042405], [122.685938, 11.042675], [122.686208, 11.042675], [122.686208, 11.043753], [122.686477, 11.043753], [122.686477, 11.044292], [122.686747, 11.044292], [122.686747, 11.044561], [122.687016, 11.044561], [122.687016, 11.044831], [122.687555, 11.044831], [122.687555, 11.046447], [122.687286, 11.046447], [122.687286, 11.047525], [122.687555, 11.047525], [122.687555, 11.049142], [122.687825, 11.049142], [122.687825, 11.049681], [122.688094, 11.049681], [122.688094, 11.049951], [122.688364, 11.049951], [122.688364, 11.05022], [122.69052, 11.05022], [122.69052, 11.050759], [122.690789, 11.050759], [122.690789, 11.051298], [122.691598, 11.051298], [122.691598, 11.051568], [122.692137, 11.051568], [122.692137, 11.051837], [122.694023, 11.051837], [122.694023, 11.052107], [122.694562, 11.052107], [122.694562, 11.052376], [122.695101, 11.052376], [122.695101, 11.052107], [122.69564, 11.052107], [122.69564, 11.051837], [122.696179, 11.051837], [122.696179, 11.051568], [122.696449, 11.051568], [122.696449, 11.051298], [122.696718, 11.051298], [122.696718, 11.051029], [122.696988, 11.051029], [122.696988, 11.050759], [122.697257, 11.050759], [122.697257, 11.05049], [122.697796, 11.05049], [122.697796, 11.050759], [122.698066, 11.050759], [122.698066, 11.051298], [122.697796, 11.051298], [122.697796, 11.051568], [122.697527, 11.051568], [122.697527, 11.051837], [122.697257, 11.051837], [122.697257, 11.052107], [122.696988, 11.052107], [122.696988, 11.052376], [122.696718, 11.052376], [122.696718, 11.052646], [122.696449, 11.052646], [122.696449, 11.052915], [122.696179, 11.052915], [122.696179, 11.053185], [122.694832, 11.053185], [122.694832, 11.053454], [122.693754, 11.053454], [122.693754, 11.053724], [122.692945, 11.053724], [122.692945, 11.053993], [122.692406, 11.053993], [122.692406, 11.054263], [122.692137, 11.054263], [122.692137, 11.054532], [122.69052, 11.054532], [122.69052, 11.054802], [122.689981, 11.054802], [122.689981, 11.055071], [122.689711, 11.055071], [122.689711, 11.055341], [122.689442, 11.055341], [122.689442, 11.05561], [122.689172, 11.05561], [122.689172, 11.05588], [122.688903, 11.05588], [122.688903, 11.056149], [122.688633, 11.056149], [122.688633, 11.056419], [122.688364, 11.056419], [122.688364, 11.056958], [122.688094, 11.056958], [122.688094, 11.057497], [122.687825, 11.057497], [122.687825, 11.057766], [122.687555, 11.057766], [122.687555, 11.058036], [122.687286, 11.058036], [122.687286, 11.058305], [122.686477, 11.058305], [122.686477, 11.058575], [122.686208, 11.058575], [122.686208, 11.058305], [122.68513, 11.058305], [122.68513, 11.058575], [122.684591, 11.058575], [122.684591, 11.059114], [122.684321, 11.059114], [122.684321, 11.06127], [122.684052, 11.06127], [122.684052, 11.061539], [122.682974, 11.061539], [122.682974, 11.061809], [122.682705, 11.061809], [122.682705, 11.061539], [122.682166, 11.061539], [122.682166, 11.060731], [122.682705, 11.060731], [122.682705, 11.059922], [122.682166, 11.059922], [122.682166, 11.059653], [122.679201, 11.059653], [122.679201, 11.059383], [122.678662, 11.059383], [122.678662, 11.059114], [122.678393, 11.059114], [122.678393, 11.058844], [122.677315, 11.058844], [122.677315, 11.059383], [122.677045, 11.059383], [122.677045, 11.059922], [122.677315, 11.059922], [122.677315, 11.060461], [122.676776, 11.060461], [122.676776, 11.060731], [122.676506, 11.060731], [122.676506, 11.061], [122.675967, 11.061], [122.675967, 11.06127], [122.67462, 11.06127], [122.67462, 11.061], [122.67435, 11.061], [122.67435, 11.060731], [122.674081, 11.060731], [122.674081, 11.060461], [122.673811, 11.060461], [122.673811, 11.059383], [122.674081, 11.059383], [122.674081, 11.059653], [122.67462, 11.059653], [122.67462, 11.059922], [122.675159, 11.059922], [122.675159, 11.060192], [122.675967, 11.060192], [122.675967, 11.059383], [122.675698, 11.059383], [122.675698, 11.059114], [122.675159, 11.059114], [122.675159, 11.058844], [122.67462, 11.058844], [122.67462, 11.058575], [122.674081, 11.058575], [122.674081, 11.058844], [122.673811, 11.058844], [122.673811, 11.059114], [122.673542, 11.059114], [122.673542, 11.058844], [122.673272, 11.058844], [122.673272, 11.058575], [122.672733, 11.058575], [122.672733, 11.058305], [122.672464, 11.058305], [122.672464, 11.058036], [122.671116, 11.058036], [122.671116, 11.057766], [122.670038, 11.057766], [122.670038, 11.057497], [122.669769, 11.057497], [122.669769, 11.057227], [122.668691, 11.057227], [122.668691, 11.057766], [122.66923, 11.057766], [122.66923, 11.058036], [122.670038, 11.058036], [122.670038, 11.058305], [122.670577, 11.058305], [122.670577, 11.058575], [122.670847, 11.058575], [122.670847, 11.058844], [122.670577, 11.058844], [122.670577, 11.059114], [122.671386, 11.059114], [122.671386, 11.059922], [122.671655, 11.059922], [122.671655, 11.060192], [122.671925, 11.060192], [122.671925, 11.060461], [122.672194, 11.060461], [122.672194, 11.060731], [122.672464, 11.060731], [122.672464, 11.061], [122.672733, 11.061], [122.672733, 11.061539], [122.672194, 11.061539], [122.672194, 11.061809], [122.671925, 11.061809], [122.671925, 11.061539], [122.669769, 11.061539], [122.669769, 11.06127], [122.66896, 11.06127], [122.66896, 11.061], [122.668421, 11.061], [122.668421, 11.060731], [122.667882, 11.060731], [122.667882, 11.060461], [122.667343, 11.060461], [122.667343, 11.060192], [122.667074, 11.060192], [122.667074, 11.059922], [122.666535, 11.059922], [122.666535, 11.059653], [122.665996, 11.059653], [122.665996, 11.059383], [122.665457, 11.059383], [122.665457, 11.059114], [122.664918, 11.059114], [122.664918, 11.058844], [122.664109, 11.058844], [122.664109, 11.058575], [122.66384, 11.058575], [122.66384, 11.057766], [122.66357, 11.057766], [122.66357, 11.057227], [122.663301, 11.057227], [122.663301, 11.056958], [122.662492, 11.056958], [122.662492, 11.056149], [122.662223, 11.056149], [122.662223, 11.05561], [122.661953, 11.05561], [122.661953, 11.055341], [122.661684, 11.055341], [122.661684, 11.055071], [122.661414, 11.055071], [122.661414, 11.054532], [122.661145, 11.054532], [122.661145, 11.053993], [122.660875, 11.053993], [122.660875, 11.053724], [122.660606, 11.053724], [122.660606, 11.053454], [122.660336, 11.053454], [122.660336, 11.053185], [122.660067, 11.053185], [122.660067, 11.052915], [122.659528, 11.052915], [122.659528, 11.052646], [122.659258, 11.052646], [122.659258, 11.052376], [122.658989, 11.052376], [122.658989, 11.052107], [122.65845, 11.052107], [122.65845, 11.051837], [122.657911, 11.051837], [122.657911, 11.051298], [122.657103, 11.051298], [122.657103, 11.051029], [122.656025, 11.051029], [122.656025, 11.050759], [122.655755, 11.050759], [122.655755, 11.049681], [122.656294, 11.049681], [122.656294, 11.049951], [122.657103, 11.049951], [122.657103, 11.049412], [122.657372, 11.049412], [122.657372, 11.049142], [122.657642, 11.049142], [122.657642, 11.048873], [122.65845, 11.048873], [122.65845, 11.049142], [122.65872, 11.049142]], [[122.69052, 11.056688], [122.690789, 11.056688], [122.690789, 11.056419], [122.691059, 11.056419], [122.691059, 11.056149], [122.691598, 11.056149], [122.691598, 11.05588], [122.692137, 11.05588], [122.692137, 11.05561], [122.693484, 11.05561], [122.693484, 11.05588], [122.694832, 11.05588], [122.694832, 11.05561], [122.695101, 11.05561], [122.695101, 11.055071], [122.696449, 11.055071], [122.696449, 11.055341], [122.697257, 11.055341], [122.697257, 11.05561], [122.697527, 11.05561], [122.697527, 11.05588], [122.697796, 11.05588], [122.697796, 11.056149], [122.698335, 11.056149], [122.698335, 11.056419], [122.698066, 11.056419], [122.698066, 11.056688], [122.697527, 11.056688], [122.697527, 11.056958], [122.697257, 11.056958], [122.697257, 11.057227], [122.696988, 11.057227], [122.696988, 11.057497], [122.697257, 11.057497], [122.697257, 11.058036], [122.697527, 11.058036], [122.697527, 11.058305], [122.697796, 11.058305], [122.697796, 11.058575], [122.698335, 11.058575], [122.698335, 11.058844], [122.698874, 11.058844], [122.698874, 11.059114], [122.699413, 11.059114], [122.699413, 11.059653], [122.699683, 11.059653], [122.699683, 11.06127], [122.699413, 11.06127], [122.699413, 11.061539], [122.699144, 11.061539], [122.699144, 11.061809], [122.698874, 11.061809], [122.698874, 11.062078], [122.697257, 11.062078], [122.697257, 11.061809], [122.695371, 11.061809], [122.695371, 11.061539], [122.694832, 11.061539], [122.694832, 11.06127], [122.694293, 11.06127], [122.694293, 11.061], [122.693754, 11.061], [122.693754, 11.060731], [122.692945, 11.060731], [122.692945, 11.060461], [122.692406, 11.060461], [122.692406, 11.060192], [122.691867, 11.060192], [122.691867, 11.059922], [122.691059, 11.059922], [122.691059, 11.059653], [122.690789, 11.059653], [122.690789, 11.059383], [122.69052, 11.059383], [122.69052, 11.059114], [122.69025, 11.059114], [122.69025, 11.057227], [122.69052, 11.057227], [122.69052, 11.056688]], [[122.715583, 11.072588], [122.715583, 11.072858], [122.716122, 11.072858], [122.716122, 11.073127], [122.716391, 11.073127], [122.716391, 11.073397], [122.716661, 11.073397], [122.716661, 11.074205], [122.716391, 11.074205], [122.716391, 11.074475], [122.716122, 11.074475], [122.716122, 11.074744], [122.715313, 11.074744], [122.715313, 11.075014], [122.714774, 11.075014], [122.714774, 11.075553], [122.715044, 11.075553], [122.715044, 11.076092], [122.715313, 11.076092], [122.715313, 11.075553], [122.716122, 11.075553], [122.716122, 11.076092], [122.715852, 11.076092], [122.715852, 11.076631], [122.716122, 11.076631], [122.716122, 11.0769], [122.715852, 11.0769], [122.715852, 11.078517], [122.716122, 11.078517], [122.716122, 11.080134], [122.715852, 11.080134], [122.715852, 11.080404], [122.715583, 11.080404], [122.715583, 11.080673], [122.715313, 11.080673], [122.715313, 11.080943], [122.714774, 11.080943], [122.714774, 11.081482], [122.715044, 11.081482], [122.715044, 11.08229], [122.713427, 11.08229], [122.713427, 11.082021], [122.712618, 11.082021], [122.712618, 11.081751], [122.712349, 11.081751], [122.712349, 11.081482], [122.712079, 11.081482], [122.712079, 11.080673], [122.712349, 11.080673], [122.712349, 11.080134], [122.712618, 11.080134], [122.712618, 11.079865], [122.712349, 11.079865], [122.712349, 11.079595], [122.712079, 11.079595], [122.712079, 11.079326], [122.71181, 11.079326], [122.71181, 11.078787], [122.712079, 11.078787], [122.712079, 11.078517], [122.712349, 11.078517], [122.712349, 11.078248], [122.712888, 11.078248], [122.712888, 11.077978], [122.713427, 11.077978], [122.713427, 11.077709], [122.713696, 11.077709], [122.713696, 11.0769], [122.713966, 11.0769], [122.713966, 11.076361], [122.713696, 11.076361], [122.713696, 11.075822], [122.712888, 11.075822], [122.712888, 11.076092], [122.712618, 11.076092], [122.712618, 11.076361], [122.712349, 11.076361], [122.712349, 11.0769], [122.712079, 11.0769], [122.712079, 11.07717], [122.711271, 11.07717], [122.711271, 11.077978], [122.711001, 11.077978], [122.711001, 11.079056], [122.710462, 11.079056], [122.710462, 11.079326], [122.709923, 11.079326], [122.709923, 11.079056], [122.709654, 11.079056], [122.709654, 11.078248], [122.709923, 11.078248], [122.709923, 11.077709], [122.710193, 11.077709], [122.710193, 11.076631], [122.710462, 11.076631], [122.710462, 11.076361], [122.710732, 11.076361], [122.710732, 11.076092], [122.71154, 11.076092], [122.71154, 11.073936], [122.71181, 11.073936], [122.71181, 11.073666], [122.712079, 11.073666], [122.712079, 11.073397], [122.712618, 11.073397], [122.712618, 11.073127], [122.712888, 11.073127], [122.712888, 11.072858], [122.713966, 11.072858], [122.713966, 11.073127], [122.714774, 11.073127], [122.714774, 11.072858], [122.715313, 11.072858], [122.715313, 11.072588], [122.715583, 11.072588]], [[122.649018, 11.090375], [122.649018, 11.090106], [122.648748, 11.090106], [122.648748, 11.089297], [122.649287, 11.089297], [122.649287, 11.089028], [122.649557, 11.089028], [122.649557, 11.088758], [122.649826, 11.088758], [122.649826, 11.088489], [122.650096, 11.088489], [122.650096, 11.088219], [122.650904, 11.088219], [122.650904, 11.08795], [122.651443, 11.08795], [122.651443, 11.088219], [122.651713, 11.088219], [122.651713, 11.088489], [122.651982, 11.088489], [122.651982, 11.088758], [122.652252, 11.088758], [122.652252, 11.089028], [122.652791, 11.089028], [122.652791, 11.088758], [122.65306, 11.088758], [122.65306, 11.088489], [122.653869, 11.088489], [122.653869, 11.089028], [122.654138, 11.089028], [122.654138, 11.089567], [122.654677, 11.089567], [122.654677, 11.089836], [122.655216, 11.089836], [122.655216, 11.090106], [122.655755, 11.090106], [122.655755, 11.090375], [122.656294, 11.090375], [122.656294, 11.090645], [122.656833, 11.090645], [122.656833, 11.090375], [122.657372, 11.090375], [122.657372, 11.090106], [122.657911, 11.090106], [122.657911, 11.089836], [122.660067, 11.089836], [122.660067, 11.090106], [122.661414, 11.090106], [122.661414, 11.089836], [122.664109, 11.089836], [122.664109, 11.090106], [122.664648, 11.090106], [122.664648, 11.090375], [122.664379, 11.090375], [122.664379, 11.090645], [122.66384, 11.090645], [122.66384, 11.090914], [122.663301, 11.090914], [122.663301, 11.091184], [122.661414, 11.091184], [122.661414, 11.090914], [122.660875, 11.090914], [122.660875, 11.090645], [122.658989, 11.090645], [122.658989, 11.090914], [122.65845, 11.090914], [122.65845, 11.091184], [122.657911, 11.091184], [122.657911, 11.091453], [122.657103, 11.091453], [122.657103, 11.091723], [122.656833, 11.091723], [122.656833, 11.091992], [122.656294, 11.091992], [122.656294, 11.092262], [122.654947, 11.092262], [122.654947, 11.091992], [122.654408, 11.091992], [122.654408, 11.091723], [122.653869, 11.091723], [122.653869, 11.091453], [122.65333, 11.091453], [122.65333, 11.091184], [122.652521, 11.091184], [122.652521, 11.090914], [122.651443, 11.090914], [122.651443, 11.090645], [122.650365, 11.090645], [122.650365, 11.090375], [122.649018, 11.090375]], [[122.729327, 11.092801], [122.729327, 11.092531], [122.729597, 11.092531], [122.729597, 11.092801], [122.735795, 11.092801], [122.735795, 11.092531], [122.736064, 11.092531], [122.736064, 11.092262], [122.736334, 11.092262], [122.736334, 11.091992], [122.736603, 11.091992], [122.736603, 11.091184], [122.736873, 11.091184], [122.736873, 11.090914], [122.737681, 11.090914], [122.737681, 11.091184], [122.73822, 11.091184], [122.73822, 11.091453], [122.73849, 11.091453], [122.73849, 11.091992], [122.738759, 11.091992], [122.738759, 11.092531], [122.73849, 11.092531], [122.73849, 11.092801], [122.737951, 11.092801], [122.737951, 11.09307], [122.737681, 11.09307], [122.737681, 11.093879], [122.737951, 11.093879], [122.737951, 11.094957], [122.737681, 11.094957], [122.737681, 11.095226], [122.737412, 11.095226], [122.737412, 11.095495], [122.737142, 11.095495], [122.737142, 11.097382], [122.736873, 11.097382], [122.736873, 11.097651], [122.736603, 11.097651], [122.736603, 11.097921], [122.735525, 11.097921], [122.735525, 11.09819], [122.734447, 11.09819], [122.734447, 11.097921], [122.734178, 11.097921], [122.734178, 11.097651], [122.733908, 11.097651], [122.733908, 11.097382], [122.733639, 11.097382], [122.733639, 11.097112], [122.73337, 11.097112], [122.73337, 11.096843], [122.7331, 11.096843], [122.7331, 11.096304], [122.732831, 11.096304], [122.732831, 11.096034], [122.731753, 11.096034], [122.731753, 11.096304], [122.730405, 11.096304], [122.730405, 11.096034], [122.730136, 11.096034], [122.730136, 11.095495], [122.729866, 11.095495], [122.729866, 11.094687], [122.729597, 11.094687], [122.729597, 11.094418], [122.728788, 11.094418], [122.728788, 11.094148], [122.728519, 11.094148], [122.728519, 11.093609], [122.728249, 11.093609], [122.728249, 11.09307], [122.728519, 11.09307], [122.728519, 11.092801], [122.729327, 11.092801]], [[122.716391, 11.097382], [122.716391, 11.097112], [122.716122, 11.097112], [122.716122, 11.096573], [122.715852, 11.096573], [122.715852, 11.095495], [122.715583, 11.095495], [122.715583, 11.093609], [122.715852, 11.093609], [122.715852, 11.09334], [122.716122, 11.09334], [122.716122, 11.09307], [122.7172, 11.09307], [122.7172, 11.092801], [122.718547, 11.092801], [122.718547, 11.094148], [122.718817, 11.094148], [122.718817, 11.094687], [122.719086, 11.094687], [122.719086, 11.097921], [122.719625, 11.097921], [122.719625, 11.097651], [122.719895, 11.097651], [122.719895, 11.097382], [122.720164, 11.097382], [122.720164, 11.097112], [122.720434, 11.097112], [122.720434, 11.096573], [122.720703, 11.096573], [122.720703, 11.096304], [122.721242, 11.096304], [122.721242, 11.096034], [122.721512, 11.096034], [122.721512, 11.096304], [122.72232, 11.096304], [122.72232, 11.096573], [122.72259, 11.096573], [122.72259, 11.096843], [122.722859, 11.096843], [122.722859, 11.097112], [122.723129, 11.097112], [122.723129, 11.097382], [122.724207, 11.097382], [122.724207, 11.097651], [122.724476, 11.097651], [122.724476, 11.097921], [122.724746, 11.097921], [122.724746, 11.09846], [122.725015, 11.09846], [122.725015, 11.098729], [122.725285, 11.098729], [122.725285, 11.099268], [122.725554, 11.099268], [122.725554, 11.100077], [122.725285, 11.100077], [122.725285, 11.100346], [122.724746, 11.100346], [122.724746, 11.100616], [122.724207, 11.100616], [122.724207, 11.102502], [122.723937, 11.102502], [122.723937, 11.103041], [122.727441, 11.103041], [122.727441, 11.103311], [122.72798, 11.103311], [122.72798, 11.10385], [122.728249, 11.10385], [122.728249, 11.106006], [122.729058, 11.106006], [122.729058, 11.105736], [122.729327, 11.105736], [122.729327, 11.105467], [122.729597, 11.105467], [122.729597, 11.105197], [122.729866, 11.105197], [122.729866, 11.105467], [122.730675, 11.105467], [122.730675, 11.106006], [122.730944, 11.106006], [122.730944, 11.106275], [122.731483, 11.106275], [122.731483, 11.106814], [122.732292, 11.106814], [122.732292, 11.107084], [122.7331, 11.107084], [122.7331, 11.107353], [122.73337, 11.107353], [122.73337, 11.107623], [122.733639, 11.107623], [122.733639, 11.108431], [122.733908, 11.108431], [122.733908, 11.10897], [122.734178, 11.10897], [122.734178, 11.10924], [122.734447, 11.10924], [122.734447, 11.109509], [122.734717, 11.109509], [122.734717, 11.109779], [122.734986, 11.109779], [122.734986, 11.110048], [122.735256, 11.110048], [122.735256, 11.110318], [122.734986, 11.110318], [122.734986, 11.110857], [122.734717, 11.110857], [122.734717, 11.111126], [122.7331, 11.111126], [122.7331, 11.110857], [122.732831, 11.110857], [122.732831, 11.110587], [122.732292, 11.110587], [122.732292, 11.110318], [122.732022, 11.110318], [122.732022, 11.110587], [122.731753, 11.110587], [122.731753, 11.112474], [122.731483, 11.112474], [122.731483, 11.113013], [122.731214, 11.113013], [122.731214, 11.113282], [122.730944, 11.113282], [122.730944, 11.113552], [122.730675, 11.113552], [122.730675, 11.113821], [122.730405, 11.113821], [122.730405, 11.11436], [122.730136, 11.11436], [122.730136, 11.114899], [122.729866, 11.114899], [122.729866, 11.115438], [122.729597, 11.115438], [122.729597, 11.115977], [122.729327, 11.115977], [122.729327, 11.116247], [122.729058, 11.116247], [122.729058, 11.116516], [122.728249, 11.116516], [122.728249, 11.116786], [122.727171, 11.116786], [122.727171, 11.117055], [122.726902, 11.117055], [122.726902, 11.117325], [122.726632, 11.117325], [122.726632, 11.118133], [122.726363, 11.118133], [122.726363, 11.118672], [122.726093, 11.118672], [122.726093, 11.118942], [122.725554, 11.118942], [122.725554, 11.119211], [122.723668, 11.119211], [122.723668, 11.118672], [122.723398, 11.118672], [122.723398, 11.117864], [122.723668, 11.117864], [122.723668, 11.117594], [122.723937, 11.117594], [122.723937, 11.117325], [122.724207, 11.117325], [122.724207, 11.117055], [122.724476, 11.117055], [122.724476, 11.116247], [122.724746, 11.116247], [122.724746, 11.115708], [122.725285, 11.115708], [122.725285, 11.115169], [122.725554, 11.115169], [122.725554, 11.113821], [122.725824, 11.113821], [122.725824, 11.113552], [122.726093, 11.113552], [122.726093, 11.113282], [122.726363, 11.113282], [122.726363, 11.112743], [122.726632, 11.112743], [122.726632, 11.111935], [122.726902, 11.111935], [122.726902, 11.111665], [122.727171, 11.111665], [122.727171, 11.111396], [122.727441, 11.111396], [122.727441, 11.111126], [122.72798, 11.111126], [122.72798, 11.110857], [122.728249, 11.110857], [122.728249, 11.110587], [122.728519, 11.110587], [122.728519, 11.110318], [122.728788, 11.110318], [122.728788, 11.110048], [122.728519, 11.110048], [122.728519, 11.109779], [122.728249, 11.109779], [122.728249, 11.109509], [122.727441, 11.109509], [122.727441, 11.10924], [122.726902, 11.10924], [122.726902, 11.109509], [122.726632, 11.109509], [122.726632, 11.110318], [122.726363, 11.110318], [122.726363, 11.110857], [122.725824, 11.110857], [122.725824, 11.111126], [122.725285, 11.111126], [122.725285, 11.111396], [122.725015, 11.111396], [122.725015, 11.111665], [122.724746, 11.111665], [122.724746, 11.111935], [122.724207, 11.111935], [122.724207, 11.112204], [122.723668, 11.112204], [122.723668, 11.111935], [122.723398, 11.111935], [122.723398, 11.111396], [122.723129, 11.111396], [122.723129, 11.110587], [122.722859, 11.110587], [122.722859, 11.110318], [122.72259, 11.110318], [122.72259, 11.109509], [122.72232, 11.109509], [122.72232, 11.10897], [122.722051, 11.10897], [122.722051, 11.108431], [122.721781, 11.108431], [122.721781, 11.108162], [122.722051, 11.108162], [122.722051, 11.107623], [122.72259, 11.107623], [122.72259, 11.107353], [122.723129, 11.107353], [122.723129, 11.107084], [122.723937, 11.107084], [122.723937, 11.106814], [122.724476, 11.106814], [122.724476, 11.105736], [122.724207, 11.105736], [122.724207, 11.105197], [122.723937, 11.105197], [122.723937, 11.104928], [122.723668, 11.104928], [122.723668, 11.104389], [122.723398, 11.104389], [122.723398, 11.104119], [122.723129, 11.104119], [122.723129, 11.103311], [122.72259, 11.103311], [122.72259, 11.103041], [122.720703, 11.103041], [122.720703, 11.102772], [122.720434, 11.102772], [122.720434, 11.102502], [122.720164, 11.102502], [122.720164, 11.102233], [122.719895, 11.102233], [122.719895, 11.101694], [122.719625, 11.101694], [122.719625, 11.101424], [122.719895, 11.101424], [122.719895, 11.100885], [122.720164, 11.100885], [122.720164, 11.100616], [122.720973, 11.100616], [122.720973, 11.099807], [122.720434, 11.099807], [122.720434, 11.099538], [122.719895, 11.099538], [122.719895, 11.099268], [122.719356, 11.099268], [122.719356, 11.098729], [122.719086, 11.098729], [122.719086, 11.09846], [122.718817, 11.09846], [122.718817, 11.09819], [122.718278, 11.09819], [122.718278, 11.09846], [122.718008, 11.09846], [122.718008, 11.098729], [122.717469, 11.098729], [122.717469, 11.09846], [122.7172, 11.09846], [122.7172, 11.09819], [122.71693, 11.09819], [122.71693, 11.097651], [122.716661, 11.097651], [122.716661, 11.097382], [122.716391, 11.097382]], [[122.706959, 11.157479], [122.705881, 11.157479], [122.705881, 11.15721], [122.705342, 11.15721], [122.705342, 11.155593], [122.705612, 11.155593], [122.705612, 11.155323], [122.70669, 11.155323], [122.70669, 11.155593], [122.707768, 11.155593], [122.707768, 11.155323], [122.709115, 11.155323], [122.709115, 11.155054], [122.709923, 11.155054], [122.709923, 11.154784], [122.710462, 11.154784], [122.710462, 11.155054], [122.711001, 11.155054], [122.711001, 11.155593], [122.711271, 11.155593], [122.711271, 11.155862], [122.71154, 11.155862], [122.71154, 11.156132], [122.712888, 11.156132], [122.712888, 11.155862], [122.713427, 11.155862], [122.713427, 11.156132], [122.713966, 11.156132], [122.713966, 11.155862], [122.715852, 11.155862], [122.715852, 11.156132], [122.716391, 11.156132], [122.716391, 11.156401], [122.71693, 11.156401], [122.71693, 11.156671], [122.7172, 11.156671], [122.7172, 11.15694], [122.717469, 11.15694], [122.717469, 11.158018], [122.717739, 11.158018], [122.717739, 11.158288], [122.718008, 11.158288], [122.718008, 11.159096], [122.717739, 11.159096], [122.717739, 11.159366], [122.717469, 11.159366], [122.717469, 11.159096], [122.7172, 11.159096], [122.7172, 11.158827], [122.715313, 11.158827], [122.715313, 11.159905], [122.715044, 11.159905], [122.715044, 11.160174], [122.712888, 11.160174], [122.712888, 11.159905], [122.71181, 11.159905], [122.71181, 11.159635], [122.710732, 11.159635], [122.710732, 11.159366], [122.710462, 11.159366], [122.710462, 11.159635], [122.710193, 11.159635], [122.710193, 11.159905], [122.709923, 11.159905], [122.709923, 11.160174], [122.709384, 11.160174], [122.709384, 11.160444], [122.709115, 11.160444], [122.709115, 11.160983], [122.708576, 11.160983], [122.708576, 11.161252], [122.708037, 11.161252], [122.708037, 11.161522], [122.707498, 11.161522], [122.707498, 11.161791], [122.707229, 11.161791], [122.707229, 11.163139], [122.70669, 11.163139], [122.70669, 11.163408], [122.70642, 11.163408], [122.70642, 11.163678], [122.706151, 11.163678], [122.706151, 11.163947], [122.705881, 11.163947], [122.705881, 11.164486], [122.704264, 11.164486], [122.704264, 11.164217], [122.7013, 11.164217], [122.7013, 11.164486], [122.700491, 11.164486], [122.700491, 11.164217], [122.700222, 11.164217], [122.700222, 11.163408], [122.699952, 11.163408], [122.699952, 11.16233], [122.700222, 11.16233], [122.700222, 11.161791], [122.700491, 11.161791], [122.700491, 11.161522], [122.70103, 11.161522], [122.70103, 11.161252], [122.7013, 11.161252], [122.7013, 11.160983], [122.701839, 11.160983], [122.701839, 11.159905], [122.702108, 11.159905], [122.702108, 11.159366], [122.702378, 11.159366], [122.702378, 11.159096], [122.703725, 11.159096], [122.703725, 11.159366], [122.703995, 11.159366], [122.703995, 11.159635], [122.704264, 11.159635], [122.704264, 11.159905], [122.704534, 11.159905], [122.704534, 11.160174], [122.705073, 11.160174], [122.705073, 11.160444], [122.705342, 11.160444], [122.705342, 11.160713], [122.70642, 11.160713], [122.70642, 11.160444], [122.70669, 11.160444], [122.70669, 11.160174], [122.706959, 11.160174], [122.706959, 11.159635], [122.707229, 11.159635], [122.707229, 11.159366], [122.708307, 11.159366], [122.708307, 11.158827], [122.708576, 11.158827], [122.708576, 11.158557], [122.708307, 11.158557], [122.708307, 11.158288], [122.707768, 11.158288], [122.707768, 11.158018], [122.707498, 11.158018], [122.707498, 11.157749], [122.706959, 11.157749], [122.706959, 11.157479]], [[122.670038, 11.117055], [122.670038, 11.116786], [122.670308, 11.116786], [122.670308, 11.116516], [122.670577, 11.116516], [122.670577, 11.115977], [122.670847, 11.115977], [122.670847, 11.114899], [122.671116, 11.114899], [122.671116, 11.11463], [122.671386, 11.11463], [122.671386, 11.11436], [122.671655, 11.11436], [122.671655, 11.114091], [122.672464, 11.114091], [122.672464, 11.11436], [122.672733, 11.11436], [122.672733, 11.11463], [122.673003, 11.11463], [122.673003, 11.115169], [122.673542, 11.115169], [122.673542, 11.114899], [122.67435, 11.114899], [122.67435, 11.116247], [122.67462, 11.116247], [122.67462, 11.117325], [122.67435, 11.117325], [122.67435, 11.118133], [122.67462, 11.118133], [122.67462, 11.118942], [122.674889, 11.118942], [122.674889, 11.120828], [122.675159, 11.120828], [122.675159, 11.124062], [122.674889, 11.124062], [122.674889, 11.124331], [122.67462, 11.124331], [122.67462, 11.124601], [122.67435, 11.124601], [122.67435, 11.125409], [122.67462, 11.125409], [122.67462, 11.125679], [122.675428, 11.125679], [122.675428, 11.125948], [122.675698, 11.125948], [122.675698, 11.126218], [122.675967, 11.126218], [122.675967, 11.126487], [122.675698, 11.126487], [122.675698, 11.127296], [122.675428, 11.127296], [122.675428, 11.127835], [122.675159, 11.127835], [122.675159, 11.128104], [122.675428, 11.128104], [122.675428, 11.128643], [122.675698, 11.128643], [122.675698, 11.129182], [122.675967, 11.129182], [122.675967, 11.13026], [122.675698, 11.13026], [122.675698, 11.13053], [122.67435, 11.13053], [122.67435, 11.130799], [122.673811, 11.130799], [122.673811, 11.131069], [122.673542, 11.131069], [122.673542, 11.131877], [122.673811, 11.131877], [122.673811, 11.132416], [122.674081, 11.132416], [122.674081, 11.132686], [122.67435, 11.132686], [122.67435, 11.133764], [122.674081, 11.133764], [122.674081, 11.134033], [122.673811, 11.134033], [122.673811, 11.134303], [122.673272, 11.134303], [122.673272, 11.134033], [122.672194, 11.134033], [122.672194, 11.134303], [122.671925, 11.134303], [122.671925, 11.134572], [122.671655, 11.134572], [122.671655, 11.135381], [122.671925, 11.135381], [122.671925, 11.13565], [122.672733, 11.13565], [122.672733, 11.13592], [122.673003, 11.13592], [122.673003, 11.13565], [122.673811, 11.13565], [122.673811, 11.13592], [122.674081, 11.13592], [122.674081, 11.137806], [122.67435, 11.137806], [122.67435, 11.138345], [122.67462, 11.138345], [122.67462, 11.139423], [122.67435, 11.139423], [122.67435, 11.139693], [122.674081, 11.139693], [122.674081, 11.140232], [122.673811, 11.140232], [122.673811, 11.140771], [122.673542, 11.140771], [122.673542, 11.14104], [122.673272, 11.14104], [122.673272, 11.14131], [122.673003, 11.14131], [122.673003, 11.142118], [122.673272, 11.142118], [122.673272, 11.142388], [122.673542, 11.142388], [122.673542, 11.142657], [122.674889, 11.142657], [122.674889, 11.142388], [122.675159, 11.142388], [122.675159, 11.141579], [122.675428, 11.141579], [122.675428, 11.139154], [122.675698, 11.139154], [122.675698, 11.138615], [122.675967, 11.138615], [122.675967, 11.138345], [122.676506, 11.138345], [122.676506, 11.138076], [122.677045, 11.138076], [122.677045, 11.137806], [122.677315, 11.137806], [122.677315, 11.138076], [122.677584, 11.138076], [122.677584, 11.138345], [122.678123, 11.138345], [122.678123, 11.139154], [122.678393, 11.139154], [122.678393, 11.139423], [122.678662, 11.139423], [122.678662, 11.139693], [122.679201, 11.139693], [122.679201, 11.139962], [122.681088, 11.139962], [122.681088, 11.139693], [122.681627, 11.139693], [122.681627, 11.139423], [122.683244, 11.139423], [122.683244, 11.139693], [122.683513, 11.139693], [122.683513, 11.140232], [122.683782, 11.140232], [122.683782, 11.140501], [122.684052, 11.140501], [122.684052, 11.14104], [122.684321, 11.14104], [122.684321, 11.14131], [122.68486, 11.14131], [122.68486, 11.141579], [122.68513, 11.141579], [122.68513, 11.141849], [122.685938, 11.141849], [122.685938, 11.142118], [122.686477, 11.142118], [122.686477, 11.142388], [122.686747, 11.142388], [122.686747, 11.142657], [122.687016, 11.142657], [122.687016, 11.144274], [122.686747, 11.144274], [122.686747, 11.144813], [122.686477, 11.144813], [122.686477, 11.145352], [122.688094, 11.145352], [122.688094, 11.14616], [122.687825, 11.14616], [122.687825, 11.147238], [122.688094, 11.147238], [122.688094, 11.147777], [122.688364, 11.147777], [122.688364, 11.148047], [122.688633, 11.148047], [122.688633, 11.148855], [122.688903, 11.148855], [122.688903, 11.149125], [122.689442, 11.149125], [122.689442, 11.148855], [122.69052, 11.148855], [122.69052, 11.149125], [122.691059, 11.149125], [122.691059, 11.149394], [122.691328, 11.149394], [122.691328, 11.150472], [122.691059, 11.150472], [122.691059, 11.152089], [122.690789, 11.152089], [122.690789, 11.152359], [122.691059, 11.152359], [122.691059, 11.152898], [122.691328, 11.152898], [122.691328, 11.152628], [122.691598, 11.152628], [122.691598, 11.152089], [122.691867, 11.152089], [122.691867, 11.15182], [122.692137, 11.15182], [122.692137, 11.15155], [122.693215, 11.15155], [122.693215, 11.15182], [122.693484, 11.15182], [122.693484, 11.152089], [122.693754, 11.152089], [122.693754, 11.152359], [122.694023, 11.152359], [122.694023, 11.153167], [122.693754, 11.153167], [122.693754, 11.153437], [122.693484, 11.153437], [122.693484, 11.155323], [122.693754, 11.155323], [122.693754, 11.155862], [122.694023, 11.155862], [122.694023, 11.156132], [122.694293, 11.156132], [122.694293, 11.157479], [122.694023, 11.157479], [122.694023, 11.158557], [122.694832, 11.158557], [122.694832, 11.158827], [122.695101, 11.158827], [122.695101, 11.159366], [122.694832, 11.159366], [122.694832, 11.159635], [122.694562, 11.159635], [122.694562, 11.159905], [122.693754, 11.159905], [122.693754, 11.159635], [122.693215, 11.159635], [122.693215, 11.159366], [122.692945, 11.159366], [122.692945, 11.159096], [122.692676, 11.159096], [122.692676, 11.158827], [122.692137, 11.158827], [122.692137, 11.158557], [122.691867, 11.158557], [122.691867, 11.158288], [122.691598, 11.158288], [122.691598, 11.158018], [122.691328, 11.158018], [122.691328, 11.157749], [122.690789, 11.157749], [122.690789, 11.158018], [122.69052, 11.158018], [122.69052, 11.158288], [122.690789, 11.158288], [122.690789, 11.159905], [122.69052, 11.159905], [122.69052, 11.160444], [122.689442, 11.160444], [122.689442, 11.160983], [122.689172, 11.160983], [122.689172, 11.162061], [122.689442, 11.162061], [122.689442, 11.162869], [122.689172, 11.162869], [122.689172, 11.163139], [122.688903, 11.163139], [122.688903, 11.163408], [122.688094, 11.163408], [122.688094, 11.163139], [122.687555, 11.163139], [122.687555, 11.162869], [122.686747, 11.162869], [122.686747, 11.163139], [122.686477, 11.163139], [122.686477, 11.163408], [122.686208, 11.163408], [122.686208, 11.163678], [122.685938, 11.163678], [122.685938, 11.163947], [122.685669, 11.163947], [122.685669, 11.164217], [122.68513, 11.164217], [122.68513, 11.164486], [122.684591, 11.164486], [122.684591, 11.164756], [122.684321, 11.164756], [122.684321, 11.165025], [122.684052, 11.165025], [122.684052, 11.165295], [122.683782, 11.165295], [122.683782, 11.165564], [122.683513, 11.165564], [122.683513, 11.166103], [122.682974, 11.166103], [122.682974, 11.166373], [122.680549, 11.166373], [122.680549, 11.166103], [122.67974, 11.166103], [122.67974, 11.166912], [122.68001, 11.166912], [122.68001, 11.167181], [122.680279, 11.167181], [122.680279, 11.16772], [122.680549, 11.16772], [122.680549, 11.16799], [122.680818, 11.16799], [122.680818, 11.169068], [122.681088, 11.169068], [122.681088, 11.169876], [122.681357, 11.169876], [122.681357, 11.170415], [122.681627, 11.170415], [122.681627, 11.170684], [122.681896, 11.170684], [122.681896, 11.170954], [122.682166, 11.170954], [122.682166, 11.171223], [122.682435, 11.171223], [122.682435, 11.171762], [122.682705, 11.171762], [122.682705, 11.172301], [122.682435, 11.172301], [122.682435, 11.17284], [122.682166, 11.17284], [122.682166, 11.17311], [122.681896, 11.17311], [122.681896, 11.175266], [122.681627, 11.175266], [122.681627, 11.176074], [122.681896, 11.176074], [122.681896, 11.176344], [122.682435, 11.176344], [122.682435, 11.176613], [122.682705, 11.176613], [122.682705, 11.177422], [122.682435, 11.177422], [122.682435, 11.177691], [122.682166, 11.177691], [122.682166, 11.177961], [122.681896, 11.177961], [122.681896, 11.17823], [122.681357, 11.17823], [122.681357, 11.1785], [122.681088, 11.1785], [122.681088, 11.178769], [122.680818, 11.178769], [122.680818, 11.179039], [122.680549, 11.179039], [122.680549, 11.179847], [122.680279, 11.179847], [122.680279, 11.180386], [122.679471, 11.180386], [122.679471, 11.180656], [122.679201, 11.180656], [122.679201, 11.180925], [122.678932, 11.180925], [122.678932, 11.181195], [122.678662, 11.181195], [122.678662, 11.180925], [122.678393, 11.180925], [122.678393, 11.181195], [122.678123, 11.181195], [122.678123, 11.181464], [122.677854, 11.181464], [122.677854, 11.182812], [122.677584, 11.182812], [122.677584, 11.183081], [122.677854, 11.183081], [122.677854, 11.184429], [122.678123, 11.184429], [122.678123, 11.184968], [122.677854, 11.184968], [122.677854, 11.185507], [122.677584, 11.185507], [122.677584, 11.185776], [122.677315, 11.185776], [122.677315, 11.186046], [122.677045, 11.186046], [122.677045, 11.186315], [122.676776, 11.186315], [122.676776, 11.187393], [122.678393, 11.187393], [122.678393, 11.187124], [122.678662, 11.187124], [122.678662, 11.187393], [122.679471, 11.187393], [122.679471, 11.187663], [122.680549, 11.187663], [122.680549, 11.187932], [122.680818, 11.187932], [122.680818, 11.18928], [122.681088, 11.18928], [122.681088, 11.189819], [122.680818, 11.189819], [122.680818, 11.190088], [122.680549, 11.190088], [122.680549, 11.189819], [122.680279, 11.189819], [122.680279, 11.189549], [122.678932, 11.189549], [122.678932, 11.190897], [122.679201, 11.190897], [122.679201, 11.191436], [122.678932, 11.191436], [122.678932, 11.191705], [122.678662, 11.191705], [122.678662, 11.191975], [122.678393, 11.191975], [122.678393, 11.192514], [122.678123, 11.192514], [122.678123, 11.192783], [122.677854, 11.192783], [122.677854, 11.193592], [122.678123, 11.193592], [122.678123, 11.1944], [122.678393, 11.1944], [122.678393, 11.195747], [122.678662, 11.195747], [122.678662, 11.196556], [122.678932, 11.196556], [122.678932, 11.196825], [122.679201, 11.196825], [122.679201, 11.197634], [122.679471, 11.197634], [122.679471, 11.198442], [122.679201, 11.198442], [122.679201, 11.19979], [122.679471, 11.19979], [122.679471, 11.200868], [122.679201, 11.200868], [122.679201, 11.201676], [122.678932, 11.201676], [122.678932, 11.203024], [122.678662, 11.203024], [122.678662, 11.203832], [122.678393, 11.203832], [122.678393, 11.204102], [122.678123, 11.204102], [122.678123, 11.204371], [122.677854, 11.204371], [122.677854, 11.204641], [122.677584, 11.204641], [122.677584, 11.20491], [122.677315, 11.20491], [122.677315, 11.20518], [122.677045, 11.20518], [122.677045, 11.205449], [122.676776, 11.205449], [122.676776, 11.20518], [122.676506, 11.20518], [122.676506, 11.204641], [122.676776, 11.204641], [122.676776, 11.204102], [122.677045, 11.204102], [122.677045, 11.203832], [122.677315, 11.203832], [122.677315, 11.203024], [122.677045, 11.203024], [122.677045, 11.202754], [122.676776, 11.202754], [122.676776, 11.202215], [122.676506, 11.202215], [122.676506, 11.201946], [122.676237, 11.201946], [122.676237, 11.201407], [122.675967, 11.201407], [122.675967, 11.201137], [122.675698, 11.201137], [122.675698, 11.200598], [122.675159, 11.200598], [122.675159, 11.200329], [122.67435, 11.200329], [122.67435, 11.200059], [122.673542, 11.200059], [122.673542, 11.19952], [122.673272, 11.19952], [122.673272, 11.199251], [122.672733, 11.199251], [122.672733, 11.198981], [122.672464, 11.198981], [122.672464, 11.199251], [122.671655, 11.199251], [122.671655, 11.19952], [122.671116, 11.19952], [122.671116, 11.199251], [122.670577, 11.199251], [122.670577, 11.198712], [122.670308, 11.198712], [122.670308, 11.198173], [122.670038, 11.198173], [122.670038, 11.197903], [122.669769, 11.197903], [122.669769, 11.197634], [122.669499, 11.197634], [122.669499, 11.197364], [122.66923, 11.197364], [122.66923, 11.197095], [122.66896, 11.197095], [122.66896, 11.196556], [122.668691, 11.196556], [122.668691, 11.196286], [122.668421, 11.196286], [122.668421, 11.196017], [122.668152, 11.196017], [122.668152, 11.195747], [122.667882, 11.195747], [122.667882, 11.195478], [122.667613, 11.195478], [122.667613, 11.195208], [122.667343, 11.195208], [122.667343, 11.194939], [122.667074, 11.194939], [122.667074, 11.1944], [122.666804, 11.1944], [122.666804, 11.193053], [122.666535, 11.193053], [122.666535, 11.192783], [122.666804, 11.192783], [122.666804, 11.192514], [122.666265, 11.192514], [122.666265, 11.191975], [122.667343, 11.191975], [122.667343, 11.190897], [122.665726, 11.190897], [122.665726, 11.189549], [122.665996, 11.189549], [122.665996, 11.18928], [122.666265, 11.18928], [122.666265, 11.18901], [122.666535, 11.18901], [122.666535, 11.188741], [122.666804, 11.188741], [122.666804, 11.188471], [122.667074, 11.188471], [122.667074, 11.187932], [122.667343, 11.187932], [122.667343, 11.187663], [122.667613, 11.187663], [122.667613, 11.187393], [122.667882, 11.187393], [122.667882, 11.186854], [122.668152, 11.186854], [122.668152, 11.186315], [122.667882, 11.186315], [122.667882, 11.185776], [122.667613, 11.185776], [122.667613, 11.185237], [122.667343, 11.185237], [122.667343, 11.184698], [122.667074, 11.184698], [122.667074, 11.18389], [122.666804, 11.18389], [122.666804, 11.18362], [122.666265, 11.18362], [122.666265, 11.18389], [122.665996, 11.18389], [122.665996, 11.184159], [122.665726, 11.184159], [122.665726, 11.18389], [122.665457, 11.18389], [122.665457, 11.182812], [122.665726, 11.182812], [122.665726, 11.181195], [122.665457, 11.181195], [122.665457, 11.180925], [122.665187, 11.180925], [122.665187, 11.180386], [122.664918, 11.180386], [122.664918, 11.179847], [122.664648, 11.179847], [122.664648, 11.177691], [122.664379, 11.177691], [122.664379, 11.177152], [122.664109, 11.177152], [122.664109, 11.176613], [122.664379, 11.176613], [122.664379, 11.176344], [122.664648, 11.176344], [122.664648, 11.176074], [122.664918, 11.176074], [122.664918, 11.174727], [122.664379, 11.174727], [122.664379, 11.174457], [122.664109, 11.174457], [122.664109, 11.173649], [122.664379, 11.173649], [122.664379, 11.17311], [122.664109, 11.17311], [122.664109, 11.17284], [122.66384, 11.17284], [122.66384, 11.172571], [122.661684, 11.172571], [122.661684, 11.172301], [122.661414, 11.172301], [122.661414, 11.170684], [122.661145, 11.170684], [122.661145, 11.170145], [122.660875, 11.170145], [122.660875, 11.169876], [122.660606, 11.169876], [122.660606, 11.169068], [122.660336, 11.169068], [122.660336, 11.168529], [122.660067, 11.168529], [122.660067, 11.166912], [122.659797, 11.166912], [122.659797, 11.166373], [122.659528, 11.166373], [122.659528, 11.165834], [122.659258, 11.165834], [122.659258, 11.165295], [122.659528, 11.165295], [122.659528, 11.165025], [122.660336, 11.165025], [122.660336, 11.165295], [122.660875, 11.165295], [122.660875, 11.165564], [122.661684, 11.165564], [122.661684, 11.165834], [122.661953, 11.165834], [122.661953, 11.165564], [122.662223, 11.165564], [122.662223, 11.164486], [122.662492, 11.164486], [122.662492, 11.164217], [122.662762, 11.164217], [122.662762, 11.163678], [122.662492, 11.163678], [122.662492, 11.163408], [122.662223, 11.163408], [122.662223, 11.163139], [122.661684, 11.163139], [122.661684, 11.162869], [122.661414, 11.162869], [122.661414, 11.1626], [122.660875, 11.1626], [122.660875, 11.16233], [122.659797, 11.16233], [122.659797, 11.162061], [122.658181, 11.162061], [122.658181, 11.161791], [122.657642, 11.161791], [122.657642, 11.161522], [122.657372, 11.161522], [122.657372, 11.161252], [122.657103, 11.161252], [122.657103, 11.160983], [122.656833, 11.160983], [122.656833, 11.160444], [122.657911, 11.160444], [122.657911, 11.160174], [122.65845, 11.160174], [122.65845, 11.159635], [122.65872, 11.159635], [122.65872, 11.158827], [122.65845, 11.158827], [122.65845, 11.158557], [122.657911, 11.158557], [122.657911, 11.158288], [122.657642, 11.158288], [122.657642, 11.157479], [122.657372, 11.157479], [122.657372, 11.15721], [122.657103, 11.15721], [122.657103, 11.156671], [122.656833, 11.156671], [122.656833, 11.156401], [122.656564, 11.156401], [122.656564, 11.155323], [122.656294, 11.155323], [122.656294, 11.154245], [122.656025, 11.154245], [122.656025, 11.153976], [122.655755, 11.153976], [122.655755, 11.153706], [122.655486, 11.153706], [122.655486, 11.153437], [122.655216, 11.153437], [122.655216, 11.152898], [122.654947, 11.152898], [122.654947, 11.15182], [122.655216, 11.15182], [122.655216, 11.150742], [122.654947, 11.150742], [122.654947, 11.150203], [122.654677, 11.150203], [122.654677, 11.149933], [122.654408, 11.149933], [122.654408, 11.149664], [122.654138, 11.149664], [122.654138, 11.148586], [122.654408, 11.148586], [122.654408, 11.148316], [122.656294, 11.148316], [122.656294, 11.147238], [122.656025, 11.147238], [122.656025, 11.146699], [122.655755, 11.146699], [122.655755, 11.14643], [122.655486, 11.14643], [122.655486, 11.14616], [122.655216, 11.14616], [122.655216, 11.145891], [122.654677, 11.145891], [122.654677, 11.145621], [122.654138, 11.145621], [122.654138, 11.145352], [122.653869, 11.145352], [122.653869, 11.145082], [122.65333, 11.145082], [122.65333, 11.144813], [122.652521, 11.144813], [122.652521, 11.145082], [122.650096, 11.145082], [122.650096, 11.144813], [122.649557, 11.144813], [122.649557, 11.145082], [122.649287, 11.145082], [122.649287, 11.144813], [122.649018, 11.144813], [122.649018, 11.144544], [122.649287, 11.144544], [122.649287, 11.144274], [122.649557, 11.144274], [122.649557, 11.144005], [122.649826, 11.144005], [122.649826, 11.143466], [122.650096, 11.143466], [122.650096, 11.142927], [122.650365, 11.142927], [122.650365, 11.142657], [122.650635, 11.142657], [122.650635, 11.142388], [122.650904, 11.142388], [122.650904, 11.141849], [122.650635, 11.141849], [122.650635, 11.141579], [122.650365, 11.141579], [122.650365, 11.14131], [122.649826, 11.14131], [122.649826, 11.140771], [122.649557, 11.140771], [122.649557, 11.140501], [122.649287, 11.140501], [122.649287, 11.139693], [122.649557, 11.139693], [122.649557, 11.139154], [122.649826, 11.139154], [122.649826, 11.138884], [122.650096, 11.138884], [122.650096, 11.138615], [122.650904, 11.138615], [122.650904, 11.138345], [122.651713, 11.138345], [122.651713, 11.138076], [122.652252, 11.138076], [122.652252, 11.137806], [122.652791, 11.137806], [122.652791, 11.137537], [122.653869, 11.137537], [122.653869, 11.136728], [122.65306, 11.136728], [122.65306, 11.136459], [122.652521, 11.136459], [122.652521, 11.136189], [122.652252, 11.136189], [122.652252, 11.13592], [122.651982, 11.13592], [122.651982, 11.135381], [122.651713, 11.135381], [122.651713, 11.134842], [122.651443, 11.134842], [122.651443, 11.134572], [122.650904, 11.134572], [122.650904, 11.134303], [122.650365, 11.134303], [122.650365, 11.134033], [122.650096, 11.134033], [122.650096, 11.133764], [122.649826, 11.133764], [122.649826, 11.133494], [122.649557, 11.133494], [122.649557, 11.132955], [122.649287, 11.132955], [122.649287, 11.132416], [122.649018, 11.132416], [122.649018, 11.131338], [122.649287, 11.131338], [122.649287, 11.130799], [122.649826, 11.130799], [122.649826, 11.13053], [122.650365, 11.13053], [122.650365, 11.130799], [122.650635, 11.130799], [122.650635, 11.131069], [122.650904, 11.131069], [122.650904, 11.131338], [122.651174, 11.131338], [122.651174, 11.131608], [122.651982, 11.131608], [122.651982, 11.131069], [122.652252, 11.131069], [122.652252, 11.129721], [122.652521, 11.129721], [122.652521, 11.128643], [122.652791, 11.128643], [122.652791, 11.128374], [122.65306, 11.128374], [122.65306, 11.128643], [122.65333, 11.128643], [122.65333, 11.128374], [122.653599, 11.128374], [122.653599, 11.128643], [122.654408, 11.128643], [122.654408, 11.128913], [122.654677, 11.128913], [122.654677, 11.129182], [122.654947, 11.129182], [122.654947, 11.129452], [122.655216, 11.129452], [122.655216, 11.129721], [122.655486, 11.129721], [122.655486, 11.129991], [122.655755, 11.129991], [122.655755, 11.13026], [122.656564, 11.13026], [122.656564, 11.129182], [122.656294, 11.129182], [122.656294, 11.128643], [122.656025, 11.128643], [122.656025, 11.127835], [122.656294, 11.127835], [122.656294, 11.127026], [122.656564, 11.127026], [122.656564, 11.126218], [122.656833, 11.126218], [122.656833, 11.125679], [122.656564, 11.125679], [122.656564, 11.123792], [122.656833, 11.123792], [122.656833, 11.123523], [122.657372, 11.123523], [122.657372, 11.123253], [122.657642, 11.123253], [122.657642, 11.122714], [122.657372, 11.122714], [122.657372, 11.122445], [122.657103, 11.122445], [122.657103, 11.122175], [122.656833, 11.122175], [122.656833, 11.120828], [122.657103, 11.120828], [122.657103, 11.120558], [122.657372, 11.120558], [122.657372, 11.120289], [122.65845, 11.120289], [122.65845, 11.11975], [122.65872, 11.11975], [122.65872, 11.118942], [122.65845, 11.118942], [122.65845, 11.118403], [122.657911, 11.118403], [122.657911, 11.118133], [122.657372, 11.118133], [122.657372, 11.118403], [122.656025, 11.118403], [122.656025, 11.117594], [122.656294, 11.117594], [122.656294, 11.117325], [122.656564, 11.117325], [122.656564, 11.117055], [122.657103, 11.117055], [122.657103, 11.116786], [122.657642, 11.116786], [122.657642, 11.116516], [122.657372, 11.116516], [122.657372, 11.115977], [122.657103, 11.115977], [122.657103, 11.115169], [122.657372, 11.115169], [122.657372, 11.115438], [122.657642, 11.115438], [122.657642, 11.115708], [122.657911, 11.115708], [122.657911, 11.116247], [122.658181, 11.116247], [122.658181, 11.116516], [122.65872, 11.116516], [122.65872, 11.116786], [122.658989, 11.116786], [122.658989, 11.117325], [122.660067, 11.117325], [122.660067, 11.117055], [122.660336, 11.117055], [122.660336, 11.116786], [122.660606, 11.116786], [122.660606, 11.116516], [122.660875, 11.116516], [122.660875, 11.116247], [122.661684, 11.116247], [122.661684, 11.115977], [122.662223, 11.115977], [122.662223, 11.115708], [122.663031, 11.115708], [122.663031, 11.115438], [122.663301, 11.115438], [122.663301, 11.115708], [122.664109, 11.115708], [122.664109, 11.115977], [122.665187, 11.115977], [122.665187, 11.116247], [122.665726, 11.116247], [122.665726, 11.116786], [122.665996, 11.116786], [122.665996, 11.117325], [122.666265, 11.117325], [122.666265, 11.117864], [122.667343, 11.117864], [122.667343, 11.117325], [122.667613, 11.117325], [122.667613, 11.117055], [122.668691, 11.117055], [122.668691, 11.117325], [122.669499, 11.117325], [122.669499, 11.117055], [122.670038, 11.117055]], [[122.644975, 11.186854], [122.644436, 11.186854], [122.644436, 11.187124], [122.644167, 11.187124], [122.644167, 11.186854], [122.643897, 11.186854], [122.643897, 11.186585], [122.643628, 11.186585], [122.643628, 11.184968], [122.643897, 11.184968], [122.643897, 11.184698], [122.644167, 11.184698], [122.644167, 11.184159], [122.644436, 11.184159], [122.644436, 11.18389], [122.643897, 11.18389], [122.643897, 11.18362], [122.643628, 11.18362], [122.643628, 11.183081], [122.643358, 11.183081], [122.643358, 11.182812], [122.643089, 11.182812], [122.643089, 11.182542], [122.64255, 11.182542], [122.64255, 11.182273], [122.642011, 11.182273], [122.642011, 11.182003], [122.641472, 11.182003], [122.641472, 11.181464], [122.641202, 11.181464], [122.641202, 11.180386], [122.641472, 11.180386], [122.641472, 11.180117], [122.64228, 11.180117], [122.64228, 11.179847], [122.643358, 11.179847], [122.643358, 11.179578], [122.643628, 11.179578], [122.643628, 11.179039], [122.643358, 11.179039], [122.643358, 11.178769], [122.642819, 11.178769], [122.642819, 11.1785], [122.64228, 11.1785], [122.64228, 11.17823], [122.642011, 11.17823], [122.642011, 11.177961], [122.641741, 11.177961], [122.641741, 11.177152], [122.642011, 11.177152], [122.642011, 11.176344], [122.641202, 11.176344], [122.641202, 11.176613], [122.640933, 11.176613], [122.640933, 11.176883], [122.640663, 11.176883], [122.640663, 11.177152], [122.639855, 11.177152], [122.639855, 11.17823], [122.639585, 11.17823], [122.639585, 11.179039], [122.638507, 11.179039], [122.638507, 11.178769], [122.638238, 11.178769], [122.638238, 11.1785], [122.637968, 11.1785], [122.637968, 11.177961], [122.637699, 11.177961], [122.637699, 11.177422], [122.637429, 11.177422], [122.637429, 11.177152], [122.63689, 11.177152], [122.63689, 11.177422], [122.636351, 11.177422], [122.636351, 11.177691], [122.636082, 11.177691], [122.636082, 11.177961], [122.634465, 11.177961], [122.634465, 11.177691], [122.634195, 11.177691], [122.634195, 11.175805], [122.634465, 11.175805], [122.634465, 11.175266], [122.634734, 11.175266], [122.634734, 11.174996], [122.634465, 11.174996], [122.634465, 11.174457], [122.634195, 11.174457], [122.634195, 11.174188], [122.633926, 11.174188], [122.633926, 11.173918], [122.633657, 11.173918], [122.633657, 11.173649], [122.633387, 11.173649], [122.633387, 11.173379], [122.632848, 11.173379], [122.632848, 11.17311], [122.632309, 11.17311], [122.632309, 11.17284], [122.63204, 11.17284], [122.63204, 11.172301], [122.63177, 11.172301], [122.63177, 11.172032], [122.631231, 11.172032], [122.631231, 11.171762], [122.630962, 11.171762], [122.630962, 11.171493], [122.630692, 11.171493], [122.630692, 11.171223], [122.630962, 11.171223], [122.630962, 11.170684], [122.631231, 11.170684], [122.631231, 11.170415], [122.631501, 11.170415], [122.631501, 11.170145], [122.63177, 11.170145], [122.63177, 11.169607], [122.63204, 11.169607], [122.63204, 11.169068], [122.632579, 11.169068], [122.632579, 11.168798], [122.632848, 11.168798], [122.632848, 11.168529], [122.633118, 11.168529], [122.633118, 11.16772], [122.63204, 11.16772], [122.63204, 11.167181], [122.63177, 11.167181], [122.63177, 11.166912], [122.631501, 11.166912], [122.631501, 11.166642], [122.631231, 11.166642], [122.631231, 11.166373], [122.630962, 11.166373], [122.630962, 11.165295], [122.631501, 11.165295], [122.631501, 11.164217], [122.631231, 11.164217], [122.631231, 11.163947], [122.630962, 11.163947], [122.630962, 11.163678], [122.630692, 11.163678], [122.630692, 11.163408], [122.630423, 11.163408], [122.630423, 11.163139], [122.630153, 11.163139], [122.630153, 11.162869], [122.630423, 11.162869], [122.630423, 11.161522], [122.630153, 11.161522], [122.630153, 11.161252], [122.629884, 11.161252], [122.629884, 11.160983], [122.629614, 11.160983], [122.629614, 11.160713], [122.629345, 11.160713], [122.629345, 11.160174], [122.629614, 11.160174], [122.629614, 11.159905], [122.630153, 11.159905], [122.630153, 11.160444], [122.630423, 11.160444], [122.630423, 11.160713], [122.630692, 11.160713], [122.630692, 11.160983], [122.630962, 11.160983], [122.630962, 11.161252], [122.631231, 11.161252], [122.631231, 11.161522], [122.63177, 11.161522], [122.63177, 11.161791], [122.632309, 11.161791], [122.632309, 11.162061], [122.632579, 11.162061], [122.632579, 11.16233], [122.633118, 11.16233], [122.633118, 11.1626], [122.633387, 11.1626], [122.633387, 11.162869], [122.633657, 11.162869], [122.633657, 11.163139], [122.635812, 11.163139], [122.635812, 11.163408], [122.636082, 11.163408], [122.636082, 11.163678], [122.636351, 11.163678], [122.636351, 11.163947], [122.636621, 11.163947], [122.636621, 11.164217], [122.63716, 11.164217], [122.63716, 11.164486], [122.637429, 11.164486], [122.637429, 11.165025], [122.637699, 11.165025], [122.637699, 11.165295], [122.637968, 11.165295], [122.637968, 11.165834], [122.638238, 11.165834], [122.638238, 11.168798], [122.638507, 11.168798], [122.638507, 11.169068], [122.638777, 11.169068], [122.638777, 11.169337], [122.639046, 11.169337], [122.639046, 11.169607], [122.639316, 11.169607], [122.639316, 11.170954], [122.639585, 11.170954], [122.639585, 11.171493], [122.640124, 11.171493], [122.640124, 11.171223], [122.640394, 11.171223], [122.640394, 11.170415], [122.640124, 11.170415], [122.640124, 11.169876], [122.640394, 11.169876], [122.640394, 11.169068], [122.640663, 11.169068], [122.640663, 11.168798], [122.640933, 11.168798], [122.640933, 11.168259], [122.641202, 11.168259], [122.641202, 11.167451], [122.640933, 11.167451], [122.640933, 11.167181], [122.640663, 11.167181], [122.640663, 11.166912], [122.640394, 11.166912], [122.640394, 11.166642], [122.640124, 11.166642], [122.640124, 11.165564], [122.639855, 11.165564], [122.639855, 11.164756], [122.640394, 11.164756], [122.640394, 11.164217], [122.640663, 11.164217], [122.640663, 11.162869], [122.640124, 11.162869], [122.640124, 11.163139], [122.639855, 11.163139], [122.639855, 11.163408], [122.639316, 11.163408], [122.639316, 11.162869], [122.639046, 11.162869], [122.639046, 11.1626], [122.639316, 11.1626], [122.639316, 11.161791], [122.639585, 11.161791], [122.639585, 11.160983], [122.639316, 11.160983], [122.639316, 11.159366], [122.639585, 11.159366], [122.639585, 11.158827], [122.640394, 11.158827], [122.640394, 11.159096], [122.640663, 11.159096], [122.640663, 11.159366], [122.640933, 11.159366], [122.640933, 11.159635], [122.641472, 11.159635], [122.641472, 11.159905], [122.641741, 11.159905], [122.641741, 11.160174], [122.642011, 11.160174], [122.642011, 11.160713], [122.64228, 11.160713], [122.64228, 11.161252], [122.64255, 11.161252], [122.64255, 11.161522], [122.642819, 11.161522], [122.642819, 11.161791], [122.643089, 11.161791], [122.643089, 11.162061], [122.643358, 11.162061], [122.643358, 11.16233], [122.643628, 11.16233], [122.643628, 11.1626], [122.643897, 11.1626], [122.643897, 11.162869], [122.644167, 11.162869], [122.644167, 11.163139], [122.644706, 11.163139], [122.644706, 11.163408], [122.644975, 11.163408], [122.644975, 11.163678], [122.645245, 11.163678], [122.645245, 11.163947], [122.645514, 11.163947], [122.645514, 11.164217], [122.645784, 11.164217], [122.645784, 11.164486], [122.646053, 11.164486], [122.646053, 11.165834], [122.645784, 11.165834], [122.645784, 11.167181], [122.646053, 11.167181], [122.646053, 11.167451], [122.646592, 11.167451], [122.646592, 11.16772], [122.646862, 11.16772], [122.646862, 11.16799], [122.647131, 11.16799], [122.647131, 11.169607], [122.647401, 11.169607], [122.647401, 11.169876], [122.64767, 11.169876], [122.64767, 11.170145], [122.64794, 11.170145], [122.64794, 11.170415], [122.648209, 11.170415], [122.648209, 11.170684], [122.648479, 11.170684], [122.648479, 11.170954], [122.648748, 11.170954], [122.648748, 11.171223], [122.649557, 11.171223], [122.649557, 11.171493], [122.650096, 11.171493], [122.650096, 11.172032], [122.650365, 11.172032], [122.650365, 11.17284], [122.650096, 11.17284], [122.650096, 11.17311], [122.649557, 11.17311], [122.649557, 11.17284], [122.649287, 11.17284], [122.649287, 11.17311], [122.648209, 11.17311], [122.648209, 11.173649], [122.648479, 11.173649], [122.648479, 11.173918], [122.649018, 11.173918], [122.649018, 11.174188], [122.649557, 11.174188], [122.649557, 11.174457], [122.650904, 11.174457], [122.650904, 11.174727], [122.651713, 11.174727], [122.651713, 11.174996], [122.651982, 11.174996], [122.651982, 11.175266], [122.652252, 11.175266], [122.652252, 11.176074], [122.652521, 11.176074], [122.652521, 11.176344], [122.652791, 11.176344], [122.652791, 11.176613], [122.65306, 11.176613], [122.65306, 11.177152], [122.652521, 11.177152], [122.652521, 11.176883], [122.652252, 11.176883], [122.652252, 11.176613], [122.651982, 11.176613], [122.651982, 11.176344], [122.651713, 11.176344], [122.651713, 11.176074], [122.651174, 11.176074], [122.651174, 11.175805], [122.650635, 11.175805], [122.650635, 11.175535], [122.649287, 11.175535], [122.649287, 11.175266], [122.649018, 11.175266], [122.649018, 11.175535], [122.648209, 11.175535], [122.648209, 11.175266], [122.64794, 11.175266], [122.64794, 11.174996], [122.64767, 11.174996], [122.64767, 11.174727], [122.647401, 11.174727], [122.647401, 11.174457], [122.647131, 11.174457], [122.647131, 11.174727], [122.646862, 11.174727], [122.646862, 11.175266], [122.647131, 11.175266], [122.647131, 11.175535], [122.647401, 11.175535], [122.647401, 11.175805], [122.64767, 11.175805], [122.64767, 11.176883], [122.647401, 11.176883], [122.647401, 11.177422], [122.647131, 11.177422], [122.647131, 11.177691], [122.646862, 11.177691], [122.646862, 11.177961], [122.646592, 11.177961], [122.646592, 11.178769], [122.646323, 11.178769], [122.646323, 11.179308], [122.646592, 11.179308], [122.646592, 11.180386], [122.646862, 11.180386], [122.646862, 11.180656], [122.646592, 11.180656], [122.646592, 11.182003], [122.646862, 11.182003], [122.646862, 11.182273], [122.646592, 11.182273], [122.646592, 11.183081], [122.646862, 11.183081], [122.646862, 11.183351], [122.647401, 11.183351], [122.647401, 11.183081], [122.64767, 11.183081], [122.64767, 11.182542], [122.64794, 11.182542], [122.64794, 11.182003], [122.648479, 11.182003], [122.648479, 11.183351], [122.648748, 11.183351], [122.648748, 11.184159], [122.648479, 11.184159], [122.648479, 11.184429], [122.648748, 11.184429], [122.648748, 11.184698], [122.649018, 11.184698], [122.649018, 11.184968], [122.649557, 11.184968], [122.649557, 11.185237], [122.649826, 11.185237], [122.649826, 11.185507], [122.650096, 11.185507], [122.650096, 11.185776], [122.650365, 11.185776], [122.650365, 11.185507], [122.651174, 11.185507], [122.651174, 11.186046], [122.651443, 11.186046], [122.651443, 11.186585], [122.651713, 11.186585], [122.651713, 11.186854], [122.653599, 11.186854], [122.653599, 11.187124], [122.653869, 11.187124], [122.653869, 11.187393], [122.654138, 11.187393], [122.654138, 11.189549], [122.654408, 11.189549], [122.654408, 11.190358], [122.654677, 11.190358], [122.654677, 11.192244], [122.654947, 11.192244], [122.654947, 11.192514], [122.655216, 11.192514], [122.655216, 11.192783], [122.655486, 11.192783], [122.655486, 11.193053], [122.655755, 11.193053], [122.655755, 11.193322], [122.656025, 11.193322], [122.656025, 11.193592], [122.656294, 11.193592], [122.656294, 11.193861], [122.656564, 11.193861], [122.656564, 11.194131], [122.656833, 11.194131], [122.656833, 11.196017], [122.656564, 11.196017], [122.656564, 11.196286], [122.655216, 11.196286], [122.655216, 11.196017], [122.654947, 11.196017], [122.654947, 11.195478], [122.654677, 11.195478], [122.654677, 11.194939], [122.654947, 11.194939], [122.654947, 11.193861], [122.654677, 11.193861], [122.654677, 11.193592], [122.654138, 11.193592], [122.654138, 11.193861], [122.653869, 11.193861], [122.653869, 11.193592], [122.653599, 11.193592], [122.653599, 11.193322], [122.65333, 11.193322], [122.65333, 11.193053], [122.653599, 11.193053], [122.653599, 11.192514], [122.652791, 11.192514], [122.652791, 11.193053], [122.652252, 11.193053], [122.652252, 11.193322], [122.651982, 11.193322], [122.651982, 11.193592], [122.651443, 11.193592], [122.651443, 11.193861], [122.650904, 11.193861], [122.650904, 11.194131], [122.649826, 11.194131], [122.649826, 11.193861], [122.649557, 11.193861], [122.649557, 11.192514], [122.649826, 11.192514], [122.649826, 11.191975], [122.650096, 11.191975], [122.650096, 11.190897], [122.649826, 11.190897], [122.649826, 11.190358], [122.649557, 11.190358], [122.649557, 11.190088], [122.649287, 11.190088], [122.649287, 11.189819], [122.649018, 11.189819], [122.649018, 11.189549], [122.648748, 11.189549], [122.648748, 11.18928], [122.647131, 11.18928], [122.647131, 11.18901], [122.646862, 11.18901], [122.646862, 11.188741], [122.646592, 11.188741], [122.646592, 11.188202], [122.646862, 11.188202], [122.646862, 11.187663], [122.646592, 11.187663], [122.646592, 11.187124], [122.646323, 11.187124], [122.646323, 11.186585], [122.646053, 11.186585], [122.646053, 11.186046], [122.645784, 11.186046], [122.645784, 11.185776], [122.645245, 11.185776], [122.645245, 11.186046], [122.644975, 11.186046], [122.644975, 11.186854]], [[122.709654, 11.17823], [122.709654, 11.1785], [122.709923, 11.1785], [122.709923, 11.178769], [122.710462, 11.178769], [122.710462, 11.179039], [122.710732, 11.179039], [122.710732, 11.178769], [122.711271, 11.178769], [122.711271, 11.1785], [122.71154, 11.1785], [122.71154, 11.17823], [122.712079, 11.17823], [122.712079, 11.177961], [122.712888, 11.177961], [122.712888, 11.17823], [122.713157, 11.17823], [122.713157, 11.179578], [122.714505, 11.179578], [122.714505, 11.179847], [122.714774, 11.179847], [122.714774, 11.180925], [122.714505, 11.180925], [122.714505, 11.181464], [122.714235, 11.181464], [122.714235, 11.181734], [122.713966, 11.181734], [122.713966, 11.182003], [122.713696, 11.182003], [122.713696, 11.182273], [122.712888, 11.182273], [122.712888, 11.182542], [122.712349, 11.182542], [122.712349, 11.182812], [122.711271, 11.182812], [122.711271, 11.182542], [122.711001, 11.182542], [122.711001, 11.182273], [122.710732, 11.182273], [122.710732, 11.181734], [122.710193, 11.181734], [122.710193, 11.181464], [122.709654, 11.181464], [122.709654, 11.181195], [122.709115, 11.181195], [122.709115, 11.181464], [122.708845, 11.181464], [122.708845, 11.181734], [122.708576, 11.181734], [122.708576, 11.182273], [122.708307, 11.182273], [122.708307, 11.182542], [122.708037, 11.182542], [122.708037, 11.182812], [122.706959, 11.182812], [122.706959, 11.182542], [122.70642, 11.182542], [122.70642, 11.182273], [122.706151, 11.182273], [122.706151, 11.182003], [122.705881, 11.182003], [122.705881, 11.181734], [122.705073, 11.181734], [122.705073, 11.182003], [122.704803, 11.182003], [122.704803, 11.183081], [122.703456, 11.183081], [122.703456, 11.182003], [122.703725, 11.182003], [122.703725, 11.181734], [122.703995, 11.181734], [122.703995, 11.180117], [122.704264, 11.180117], [122.704264, 11.179847], [122.704534, 11.179847], [122.704534, 11.179578], [122.704803, 11.179578], [122.704803, 11.179039], [122.705342, 11.179039], [122.705342, 11.178769], [122.70669, 11.178769], [122.70669, 11.179039], [122.708037, 11.179039], [122.708037, 11.178769], [122.708307, 11.178769], [122.708307, 11.1785], [122.708576, 11.1785], [122.708576, 11.17823], [122.709654, 11.17823]]], [[[122.713696, 11.058036], [122.713696, 11.058305], [122.713966, 11.058305], [122.713966, 11.058575], [122.714774, 11.058575], [122.714774, 11.058844], [122.715044, 11.058844], [122.715044, 11.059114], [122.715313, 11.059114], [122.715313, 11.060192], [122.715044, 11.060192], [122.715044, 11.06127], [122.714774, 11.06127], [122.714774, 11.061539], [122.715044, 11.061539], [122.715044, 11.061809], [122.715313, 11.061809], [122.715313, 11.061539], [122.716391, 11.061539], [122.716391, 11.061809], [122.716661, 11.061809], [122.716661, 11.062078], [122.717739, 11.062078], [122.717739, 11.061539], [122.717469, 11.061539], [122.717469, 11.06127], [122.7172, 11.06127], [122.7172, 11.060731], [122.71693, 11.060731], [122.71693, 11.060192], [122.716661, 11.060192], [122.716661, 11.059653], [122.71693, 11.059653], [122.71693, 11.059383], [122.7172, 11.059383], [122.7172, 11.059114], [122.717469, 11.059114], [122.717469, 11.058844], [122.7172, 11.058844], [122.7172, 11.058305], [122.716661, 11.058305], [122.716661, 11.057497], [122.7172, 11.057497], [122.7172, 11.056958], [122.717739, 11.056958], [122.717739, 11.056688], [122.718278, 11.056688], [122.718278, 11.056419], [122.719356, 11.056419], [122.719356, 11.056688], [122.719625, 11.056688], [122.719625, 11.056958], [122.719895, 11.056958], [122.719895, 11.058575], [122.719625, 11.058575], [122.719625, 11.059383], [122.719895, 11.059383], [122.719895, 11.059653], [122.720164, 11.059653], [122.720164, 11.059922], [122.720434, 11.059922], [122.720434, 11.060192], [122.72232, 11.060192], [122.72232, 11.060461], [122.72259, 11.060461], [122.72259, 11.060731], [122.722859, 11.060731], [122.722859, 11.061], [122.723668, 11.061], [122.723668, 11.060731], [122.723937, 11.060731], [122.723937, 11.060461], [122.724476, 11.060461], [122.724476, 11.060731], [122.725015, 11.060731], [122.725015, 11.06127], [122.725285, 11.06127], [122.725285, 11.062348], [122.725015, 11.062348], [122.725015, 11.063426], [122.725554, 11.063426], [122.725554, 11.063156], [122.725824, 11.063156], [122.725824, 11.062617], [122.726093, 11.062617], [122.726093, 11.061809], [122.726363, 11.061809], [122.726363, 11.061539], [122.726632, 11.061539], [122.726632, 11.06127], [122.727171, 11.06127], [122.727171, 11.061539], [122.727441, 11.061539], [122.727441, 11.061809], [122.72771, 11.061809], [122.72771, 11.062078], [122.729327, 11.062078], [122.729327, 11.061809], [122.730136, 11.061809], [122.730136, 11.062078], [122.730675, 11.062078], [122.730675, 11.062348], [122.731214, 11.062348], [122.731214, 11.062617], [122.731753, 11.062617], [122.731753, 11.062348], [122.732292, 11.062348], [122.732292, 11.061809], [122.732022, 11.061809], [122.732022, 11.061539], [122.731214, 11.061539], [122.731214, 11.06127], [122.730944, 11.06127], [122.730944, 11.061], [122.730675, 11.061], [122.730675, 11.060192], [122.728519, 11.060192], [122.728519, 11.059922], [122.728249, 11.059922], [122.728249, 11.059653], [122.727441, 11.059653], [122.727441, 11.059922], [122.726093, 11.059922], [122.726093, 11.059653], [122.724746, 11.059653], [122.724746, 11.059383], [122.724476, 11.059383], [122.724476, 11.059114], [122.723129, 11.059114], [122.723129, 11.059383], [122.72259, 11.059383], [122.72259, 11.059114], [122.72232, 11.059114], [122.72232, 11.058844], [122.722051, 11.058844], [122.722051, 11.058575], [122.721781, 11.058575], [122.721781, 11.058036], [122.721512, 11.058036], [122.721512, 11.056149], [122.721781, 11.056149], [122.721781, 11.05588], [122.722051, 11.05588], [122.722051, 11.05561], [122.72232, 11.05561], [122.72232, 11.055341], [122.724207, 11.055341], [122.724207, 11.055071], [122.724476, 11.055071], [122.724476, 11.055341], [122.725824, 11.055341], [122.725824, 11.05561], [122.727171, 11.05561], [122.727171, 11.055341], [122.727441, 11.055341], [122.727441, 11.055071], [122.72798, 11.055071], [122.72798, 11.055341], [122.729327, 11.055341], [122.729327, 11.053993], [122.729058, 11.053993], [122.729058, 11.053724], [122.728788, 11.053724], [122.728788, 11.053454], [122.728519, 11.053454], [122.728519, 11.052646], [122.729597, 11.052646], [122.729597, 11.052376], [122.730405, 11.052376], [122.730405, 11.052646], [122.730944, 11.052646], [122.730944, 11.052376], [122.730675, 11.052376], [122.730675, 11.052107], [122.730136, 11.052107], [122.730136, 11.051837], [122.729866, 11.051837], [122.729866, 11.051568], [122.729597, 11.051568], [122.729597, 11.051029], [122.728788, 11.051029], [122.728788, 11.051298], [122.728519, 11.051298], [122.728519, 11.051837], [122.726902, 11.051837], [122.726902, 11.052107], [122.726632, 11.052107], [122.726632, 11.052376], [122.726902, 11.052376], [122.726902, 11.053185], [122.726632, 11.053185], [122.726632, 11.053454], [122.726093, 11.053454], [122.726093, 11.053724], [122.725015, 11.053724], [122.725015, 11.053454], [122.722859, 11.053454], [122.722859, 11.053185], [122.72259, 11.053185], [122.72259, 11.052915], [122.72232, 11.052915], [122.72232, 11.052107], [122.721512, 11.052107], [122.721512, 11.052376], [122.721242, 11.052376], [122.721242, 11.053185], [122.720973, 11.053185], [122.720973, 11.054802], [122.720703, 11.054802], [122.720703, 11.055341], [122.720434, 11.055341], [122.720434, 11.05561], [122.718008, 11.05561], [122.718008, 11.05588], [122.7172, 11.05588], [122.7172, 11.056149], [122.716391, 11.056149], [122.716391, 11.05588], [122.715583, 11.05588], [122.715583, 11.05561], [122.715044, 11.05561], [122.715044, 11.055341], [122.714774, 11.055341], [122.714774, 11.055071], [122.714505, 11.055071], [122.714505, 11.054802], [122.713966, 11.054802], [122.713966, 11.055071], [122.713696, 11.055071], [122.713696, 11.055341], [122.713966, 11.055341], [122.713966, 11.05588], [122.714235, 11.05588], [122.714235, 11.057497], [122.713966, 11.057497], [122.713966, 11.058036], [122.713696, 11.058036]]]]}}]}