{"type": "FeatureCollection", "features": [{"type": "Feature", "properties": {"area_id": "pampanga-river-basin", "name": "Pampanga River Basin", "study_type": "river_basin", "zone": null, "area_ha": 945794.7, "version": 1}, "geometry": {"type": "MultiPolygon", "coordinates": [[[[121.312145, 15.302426], [121.312854, 15.289241], [121.316314, 15.285758], [121.317019, 15.280907], [121.320479, 15.277424], [121.320831, 15.233333], [121.310076, 15.23298], [121.306589, 15.22952], [121.304168, 15.229168], [121.30452, 15.218408], [121.30798, 15.214925], [121.308333, 15.191667], [121.308685, 15.185076], [121.312145, 15.181589], [121.312854, 15.168408], [121.316314, 15.164926], [121.316667, 15.1625], [121.319984, 15.161648], [121.321683, 15.155017], [121.328769, 15.153198], [121.332764, 15.148043], [121.333335, 15.137502], [121.329763, 15.136584], [121.328599, 15.093625], [121.325567, 15.089709], [121.324434, 15.072792], [121.321402, 15.068877], [121.320831, 15.050001], [121.317358, 15.049007], [121.315962, 15.029975], [121.306174, 15.028548], [121.302161, 15.025619], [121.299998, 15.024999], [121.300355, 15.014244], [121.303815, 15.010757], [121.304524, 15.005878], [121.310076, 15.000354], [121.319119, 14.999645], [121.324648, 14.994093], [121.325001, 14.954166], [121.322789, 14.9536], [121.318878, 14.950568], [121.313206, 14.949114], [121.311793, 14.938385], [121.305019, 14.936651], [121.303601, 14.931122], [121.300569, 14.927211], [121.299432, 14.920085], [121.303601, 14.914712], [121.304734, 14.910289], [121.307766, 14.906378], [121.309184, 14.900849], [121.315659, 14.89919], [121.317233, 14.895087], [121.31297, 14.889585], [121.3161, 14.885545], [121.317233, 14.836754], [121.312105, 14.830136], [121.308333, 14.829169], [121.305907, 14.829521], [121.302424, 14.832981], [121.294121, 14.833686], [121.289925, 14.829521], [121.273288, 14.828812], [121.268749, 14.83332], [121.264923, 14.829521], [121.260076, 14.828812], [121.252424, 14.821187], [121.245834, 14.820835], [121.245267, 14.823042], [121.241272, 14.828201], [121.233067, 14.830306], [121.2377, 14.836281], [121.236652, 14.840954], [121.226958, 14.842234], [121.223043, 14.845266], [121.220832, 14.845832], [121.220479, 14.835077], [121.217019, 14.83159], [121.21631, 14.826712], [121.210049, 14.820478], [121.193408, 14.821187], [121.189926, 14.824647], [121.175001, 14.824999], [121.172789, 14.825566], [121.168879, 14.828598], [121.164455, 14.829735], [121.156375, 14.836932], [121.151956, 14.838069], [121.146489, 14.842626], [121.145268, 14.856378], [121.142235, 14.860289], [121.140817, 14.865818], [121.135288, 14.867236], [121.12592, 14.875583], [121.125001, 14.879169], [121.118709, 14.879824], [121.11462, 14.882678], [121.097876, 14.883989], [121.093787, 14.886843], [121.088989, 14.888154], [121.086519, 14.88015], [121.081213, 14.878513], [121.077124, 14.875655], [121.070587, 14.874344], [121.06462, 14.878513], [121.047876, 14.879824], [121.035458, 14.891012], [121.017381, 14.892425], [121.016667, 14.908336], [121.005907, 14.908688], [121.002425, 14.912148], [120.991665, 14.9125], [120.985288, 14.913067], [120.977209, 14.920268], [120.971684, 14.921686], [120.970266, 14.927211], [120.967234, 14.931122], [120.966101, 14.935545], [120.961579, 14.940963], [120.951957, 14.942234], [120.943877, 14.949431], [120.920832, 14.950001], [120.91327, 14.94923], [120.911856, 14.935367], [120.900641, 14.92297], [120.899295, 14.901045], [120.895834, 14.900001], [120.893409, 14.899645], [120.881592, 14.887855], [120.872576, 14.887146], [120.869093, 14.883686], [120.858333, 14.883333], [120.843623, 14.882767], [120.839712, 14.879735], [120.835289, 14.878598], [120.82592, 14.87025], [120.824101, 14.863156], [120.809546, 14.861934], [120.807446, 14.870125], [120.797788, 14.871401], [120.788664, 14.879534], [120.786934, 14.872788], [120.782413, 14.86737], [120.77172, 14.865956], [120.770833, 14.8625], [120.770266, 14.856124], [120.767234, 14.852209], [120.7657, 14.846229], [120.760545, 14.842234], [120.751957, 14.841101], [120.748042, 14.838069], [120.738388, 14.836794], [120.736613, 14.829873], [120.725929, 14.828464], [120.717234, 14.818877], [120.716101, 14.810289], [120.713069, 14.806378], [120.711888, 14.780163], [120.705016, 14.774433], [120.689458, 14.775566], [120.684081, 14.779735], [120.67279, 14.778598], [120.668875, 14.775566], [120.658334, 14.774999], [120.655908, 14.774647], [120.652426, 14.771187], [120.645835, 14.770835], [120.645835, 14.774999], [120.649371, 14.775909], [120.650566, 14.796581], [120.645438, 14.803199], [120.639454, 14.804733], [120.634585, 14.80851], [120.632765, 14.813245], [120.636935, 14.818623], [120.638067, 14.831376], [120.641099, 14.835291], [120.642232, 14.843879], [120.645264, 14.84779], [120.646401, 14.856378], [120.649532, 14.860418], [120.646401, 14.864458], [120.645264, 14.868877], [120.636493, 14.878549], [120.625002, 14.879169], [120.625604, 14.893839], [120.629613, 14.899243], [120.628373, 14.907613], [120.620833, 14.908336], [120.621185, 14.910757], [120.624645, 14.914244], [120.625354, 14.919091], [120.633318, 14.927082], [120.62918, 14.931251], [120.637149, 14.939242], [120.637501, 14.941667], [120.633934, 14.942581], [120.632765, 14.977211], [120.617234, 14.993625], [120.615781, 14.999292], [120.606122, 15.000568], [120.598042, 15.007765], [120.593623, 15.008902], [120.585543, 15.016099], [120.581124, 15.017236], [120.573045, 15.024433], [120.570833, 15.024999], [120.570481, 15.027425], [120.56702, 15.030907], [120.566668, 15.033333], [120.566097, 15.035545], [120.563065, 15.039455], [120.561933, 15.043879], [120.5589, 15.047789], [120.557768, 15.052208], [120.554736, 15.056123], [120.553318, 15.061648], [120.55, 15.0625], [120.55, 15.066665], [120.553322, 15.067668], [120.554811, 15.07532], [120.550642, 15.081197], [120.549358, 15.093803], [120.541519, 15.102957], [120.535365, 15.104808], [120.531303, 15.107689], [120.527031, 15.108977], [120.51047, 15.124357], [120.506198, 15.125641], [120.502136, 15.128526], [120.48718, 15.12981], [120.481303, 15.125641], [120.464532, 15.124357], [120.46047, 15.121476], [120.43718, 15.120192], [120.431303, 15.124357], [120.405084, 15.125641], [120.404165, 15.116665], [120.400852, 15.115817], [120.4, 15.1125], [120.39341, 15.112852], [120.389923, 15.116312], [120.380911, 15.117021], [120.373259, 15.124646], [120.370833, 15.124999], [120.366669, 15.124999], [120.365817, 15.128316], [120.362499, 15.129168], [120.363351, 15.132481], [120.366669, 15.133333], [120.366067, 15.153252], [120.362499, 15.154166], [120.3634, 15.157671], [120.370833, 15.158335], [120.385758, 15.158687], [120.38924, 15.162148], [120.391666, 15.1625], [120.392233, 15.168876], [120.416098, 15.193624], [120.417235, 15.202213], [120.420267, 15.206123], [120.421466, 15.224004], [120.431125, 15.232766], [120.43665, 15.234184], [120.43842, 15.241083], [120.447788, 15.249434], [120.458334, 15.250001], [120.45895, 15.264662], [120.461884, 15.268671], [120.463119, 15.277161], [120.470276, 15.28541], [120.466048, 15.291198], [120.467284, 15.297994], [120.474383, 15.306172], [120.476157, 15.312388], [120.481174, 15.316049], [120.48673, 15.317636], [120.488117, 15.327161], [120.491051, 15.331174], [120.49233, 15.36163], [120.506171, 15.374383], [120.512387, 15.376158], [120.516048, 15.381174], [120.517471, 15.390931], [120.531325, 15.392286], [120.535338, 15.395216], [120.55, 15.395831], [120.553318, 15.396683], [120.554736, 15.402212], [120.561933, 15.410288], [120.563351, 15.415817], [120.568875, 15.417235], [120.57279, 15.420267], [120.579167, 15.420833], [120.579733, 15.423045], [120.582765, 15.426956], [120.584183, 15.432481], [120.587501, 15.433332], [120.589922, 15.433685], [120.593409, 15.437145], [120.595835, 15.437501], [120.596736, 15.44102], [120.610291, 15.453599], [120.615959, 15.455052], [120.617234, 15.464711], [120.620266, 15.468622], [120.621399, 15.481379], [120.624431, 15.48529], [120.62597, 15.491269], [120.631124, 15.495265], [120.633332, 15.495835], [120.632979, 15.498257], [120.629519, 15.501744], [120.628815, 15.531593], [120.625015, 15.535419], [120.629153, 15.539584], [120.625354, 15.54341], [120.625002, 15.55], [120.636511, 15.55062], [120.641099, 15.556123], [120.642232, 15.564711], [120.649433, 15.572791], [120.650851, 15.578315], [120.657482, 15.580019], [120.659301, 15.587104], [120.664456, 15.5911], [120.668875, 15.592232], [120.674253, 15.596402], [120.677209, 15.595264], [120.682587, 15.5911], [120.702211, 15.592232], [120.710291, 15.599434], [120.71471, 15.600566], [120.71875, 15.603697], [120.72279, 15.600566], [120.733331, 15.6], [120.733902, 15.602212], [120.745264, 15.614456], [120.746401, 15.623045], [120.754748, 15.632413], [120.761789, 15.634219], [120.763069, 15.643878], [120.770266, 15.651957], [120.770833, 15.654165], [120.777209, 15.653598], [120.781249, 15.650468], [120.785289, 15.653598], [120.793877, 15.654736], [120.797788, 15.657768], [120.828252, 15.65894], [120.830018, 15.665816], [120.837104, 15.667636], [120.841099, 15.67279], [120.842236, 15.681379], [120.853598, 15.693623], [120.854873, 15.703246], [120.860291, 15.707768], [120.862498, 15.708334], [120.866008, 15.709235], [120.867234, 15.723044], [120.878707, 15.735405], [120.87547, 15.739583], [120.8786, 15.743623], [120.879733, 15.748042], [120.882765, 15.751957], [120.883902, 15.759319], [120.871292, 15.772906], [120.874431, 15.776955], [120.875002, 15.779167], [120.87415, 15.782484], [120.867519, 15.784183], [120.866101, 15.789713], [120.853232, 15.803464], [120.843623, 15.804735], [120.839712, 15.807767], [120.837501, 15.808334], [120.835289, 15.8089], [120.831378, 15.811932], [120.825849, 15.81335], [120.824431, 15.818875], [120.820436, 15.824034], [120.814456, 15.825568], [120.808989, 15.830125], [120.808333, 15.837501], [120.808686, 15.839926], [120.812146, 15.843409], [120.812855, 15.848256], [120.824645, 15.860077], [120.825002, 15.870832], [120.844091, 15.871185], [120.847574, 15.874645], [120.85659, 15.875354], [120.860077, 15.878814], [120.877423, 15.879519], [120.885075, 15.887148], [120.889926, 15.887853], [120.897573, 15.895478], [120.914955, 15.896187], [120.92048, 15.901743], [120.921184, 15.90659], [120.928814, 15.914242], [120.929523, 15.91912], [120.939244, 15.928814], [120.941665, 15.929166], [120.941313, 15.935757], [120.937853, 15.939244], [120.937148, 15.952425], [120.933688, 15.955908], [120.932979, 15.964924], [120.921184, 15.976741], [120.92048, 15.997547], [120.924645, 16.001743], [120.925001, 16.004168], [120.924645, 16.00659], [120.921184, 16.010077], [120.920832, 16.025001], [120.920832, 16.029166], [120.920266, 16.039712], [120.913069, 16.047787], [120.911932, 16.052211], [120.907936, 16.057366], [120.900851, 16.059185], [120.899148, 16.065816], [120.895834, 16.066667], [120.896187, 16.077423], [120.899647, 16.08091], [120.900352, 16.093382], [120.896187, 16.097578], [120.895482, 16.110045], [120.899647, 16.114241], [120.899999, 16.125001], [120.900356, 16.127458], [120.905908, 16.132979], [120.910759, 16.133688], [120.914955, 16.137852], [120.919093, 16.137148], [120.922576, 16.133688], [120.939926, 16.132979], [120.947573, 16.125353], [120.952425, 16.124645], [120.960077, 16.117019], [120.964924, 16.116315], [120.96912, 16.112146], [120.973293, 16.112859], [120.978814, 16.118411], [120.979518, 16.123258], [120.982979, 16.12674], [120.983688, 16.135788], [120.989244, 16.141313], [120.991665, 16.141665], [120.994091, 16.141313], [121.005907, 16.129518], [121.012498, 16.129166], [121.031592, 16.129518], [121.035788, 16.133688], [121.039926, 16.132979], [121.043408, 16.129518], [121.04826, 16.128814], [121.052451, 16.124644], [121.05659, 16.125354], [121.060077, 16.128814], [121.069093, 16.129518], [121.073289, 16.133688], [121.081592, 16.132979], [121.085788, 16.128814], [121.09826, 16.129518], [121.101742, 16.132979], [121.104168, 16.133335], [121.10452, 16.13091], [121.107981, 16.127423], [121.108333, 16.125001], [121.108926, 16.100918], [121.114709, 16.099433], [121.118625, 16.096401], [121.125001, 16.095834], [121.127422, 16.095482], [121.130909, 16.092022], [121.154168, 16.091665], [121.154525, 16.089213], [121.16841, 16.075354], [121.173289, 16.07464], [121.182978, 16.064924], [121.183335, 16.054168], [121.182978, 16.047573], [121.179518, 16.044091], [121.178814, 16.039244], [121.174649, 16.035048], [121.175353, 16.03091], [121.182978, 16.023258], [121.183335, 16.016667], [121.186862, 16.015762], [121.188133, 15.996811], [121.193622, 15.992236], [121.20221, 15.991099], [121.21029, 15.983902], [121.218879, 15.982765], [121.226958, 15.975568], [121.240768, 15.974337], [121.241664, 15.970832], [121.241664, 15.966667], [121.244982, 15.965816], [121.245834, 15.962498], [121.245481, 15.960077], [121.242021, 15.95659], [121.241664, 15.945835], [121.241664, 15.941665], [121.2438, 15.941023], [121.247867, 15.938143], [121.253423, 15.93647], [121.254966, 15.921336], [121.264531, 15.913145], [121.269868, 15.911535], [121.271799, 15.905132], [121.277137, 15.903522], [121.281199, 15.900642], [121.295062, 15.899228], [121.296578, 15.884361], [121.302134, 15.882689], [121.314531, 15.871475], [121.316667, 15.870833], [121.316314, 15.855908], [121.308685, 15.848256], [121.30798, 15.839244], [121.303815, 15.835048], [121.30452, 15.822576], [121.312854, 15.814215], [121.312145, 15.810077], [121.30452, 15.802425], [121.303811, 15.760051], [121.29409, 15.750352], [121.289243, 15.749647], [121.285756, 15.746187], [121.283335, 15.745835], [121.283687, 15.743409], [121.287852, 15.739213], [121.287147, 15.73091], [121.283687, 15.727423], [121.282978, 15.722576], [121.279518, 15.719089], [121.279166, 15.716668], [121.279776, 15.700914], [121.286791, 15.699113], [121.288066, 15.689454], [121.291098, 15.685543], [121.292235, 15.681124], [121.307766, 15.66471], [121.308966, 15.646812], [121.315815, 15.6411], [121.331377, 15.642232], [121.335426, 15.645371], [121.343622, 15.638067], [121.349419, 15.636578], [121.357766, 15.627209], [121.359184, 15.621685], [121.362502, 15.620833], [121.366666, 15.620833], [121.367518, 15.617515], [121.370831, 15.616668], [121.386474, 15.616062], [121.399432, 15.602212], [121.400703, 15.592585], [121.406125, 15.588067], [121.410544, 15.586935], [121.414455, 15.583903], [121.424113, 15.582623], [121.425901, 15.575662], [121.433335, 15.574998], [121.434186, 15.571685], [121.437499, 15.570833], [121.436933, 15.564457], [121.433901, 15.560546], [121.43267, 15.546732], [121.42566, 15.544935], [121.424434, 15.531125], [121.421402, 15.52721], [121.420265, 15.522791], [121.408899, 15.510546], [121.408332, 15.508334], [121.407744, 15.480086], [121.400707, 15.47828], [121.399294, 15.467556], [121.395833, 15.466668], [121.395267, 15.456123], [121.392235, 15.452212], [121.390817, 15.446683], [121.384186, 15.444984], [121.382483, 15.438349], [121.375678, 15.436605], [121.357766, 15.417676], [121.358899, 15.397789], [121.363068, 15.392416], [121.361761, 15.384224], [121.356379, 15.379734], [121.349633, 15.378004], [121.358899, 15.367605], [121.357766, 15.322791], [121.3464, 15.310542], [121.344616, 15.303599], [121.335288, 15.304732], [121.331377, 15.307764], [121.318624, 15.308901], [121.314709, 15.311933], [121.308333, 15.3125], [121.308685, 15.305909], [121.312145, 15.302426]]]]}}, {"type": "Feature", "properties": {"area_id": "pampanga-river-basin__up", "name": "Pampanga River Basin (upstream)", "study_type": "river_basin", "zone": "up", "area_ha": 436009.0, "version": 1}, "geometry": {"type": "MultiPolygon", "coordinates": [[[[121.312854, 15.289241], [121.316314, 15.285758], [121.317019, 15.280907], [121.320479, 15.277424], [121.320831, 15.233333], [121.310076, 15.23298], [121.306589, 15.22952], [121.304168, 15.229168], [121.30452, 15.218408], [121.30798, 15.214925], [121.308333, 15.191667], [121.308685, 15.185076], [121.312145, 15.181589], [121.312854, 15.168408], [121.316314, 15.164926], [121.316667, 15.1625], [121.319984, 15.161648], [121.321683, 15.155017], [121.328769, 15.153198], [121.332764, 15.148043], [121.333335, 15.137502], [121.329763, 15.136584], [121.328599, 15.093625], [121.325567, 15.089709], [121.324434, 15.072792], [121.321402, 15.068877], [121.320831, 15.050001], [121.317358, 15.049007], [121.315962, 15.029975], [121.306174, 15.028548], [121.302161, 15.025619], [121.299998, 15.024999], [121.300355, 15.014244], [121.303815, 15.010757], [121.304524, 15.005878], [121.310076, 15.000354], [121.319119, 14.999645], [121.324648, 14.994093], [121.325001, 14.954166], [121.322789, 14.9536], [121.318878, 14.950568], [121.313206, 14.949114], [121.311793, 14.938385], [121.305019, 14.936651], [121.303601, 14.931122], [121.300569, 14.927211], [121.299432, 14.920085], [121.303601, 14.914712], [121.304734, 14.910289], [121.307766, 14.906378], [121.309184, 14.900849], [121.315659, 14.89919], [121.317233, 14.895087], [121.31297, 14.889585], [121.3161, 14.885545], [121.317233, 14.836754], [121.312105, 14.830136], [121.308333, 14.829169], [121.305907, 14.829521], [121.302424, 14.832981], [121.294121, 14.833686], [121.289925, 14.829521], [121.273288, 14.828812], [121.268749, 14.83332], [121.264923, 14.829521], [121.260076, 14.828812], [121.252424, 14.821187], [121.245834, 14.820835], [121.245267, 14.823042], [121.241272, 14.828201], [121.233067, 14.830306], [121.2377, 14.836281], [121.236652, 14.840954], [121.226958, 14.842234], [121.223043, 14.845266], [121.220832, 14.845832], [121.220479, 14.835077], [121.217019, 14.83159], [121.21631, 14.826712], [121.210049, 14.820478], [121.193408, 14.821187], [121.189926, 14.824647], [121.175001, 14.824999], [121.172789, 14.825566], [121.168879, 14.828598], [121.164455, 14.829735], [121.156375, 14.836932], [121.151956, 14.838069], [121.146489, 14.842626], [121.145268, 14.856378], [121.142235, 14.860289], [121.140817, 14.865818], [121.135288, 14.867236], [121.12592, 14.875583], [121.125001, 14.879169], [121.118709, 14.879824], [121.11462, 14.882678], [121.097876, 14.883989], [121.093787, 14.886843], [121.088989, 14.888154], [121.086519, 14.88015], [121.081213, 14.878513], [121.077124, 14.875655], [121.070587, 14.874344], [121.06462, 14.878513], [121.047876, 14.879824], [121.035458, 14.891012], [121.033128, 14.891194], [121.033128, 14.891596], [121.036362, 14.891596], [121.036362, 14.893213], [121.037979, 14.893213], [121.037979, 14.892405], [121.038788, 14.892405], [121.038788, 14.891596], [121.037979, 14.891596], [121.037979, 14.889979], [121.039596, 14.889979], [121.039596, 14.890788], [121.041213, 14.890788], [121.041213, 14.889171], [121.040405, 14.889171], [121.040405, 14.888362], [121.041213, 14.888362], [121.041213, 14.887554], [121.04283, 14.887554], [121.04283, 14.885937], [121.046064, 14.885937], [121.046064, 14.885128], [121.046872, 14.885128], [121.046872, 14.88432], [121.050106, 14.88432], [121.050106, 14.885128], [121.051723, 14.885128], [121.051723, 14.881894], [121.056574, 14.881894], [121.056574, 14.88432], [121.057383, 14.88432], [121.057383, 14.885128], [121.055766, 14.885128], [121.055766, 14.886745], [121.054957, 14.886745], [121.054957, 14.887554], [121.057383, 14.887554], [121.057383, 14.885937], [121.059808, 14.885937], [121.059808, 14.885128], [121.060617, 14.885128], [121.060617, 14.88432], [121.063042, 14.88432], [121.063042, 14.886745], [121.062234, 14.886745], [121.062234, 14.890788], [121.063042, 14.890788], [121.063042, 14.889979], [121.063851, 14.889979], [121.063851, 14.887554], [121.064659, 14.887554], [121.064659, 14.885937], [121.066276, 14.885937], [121.066276, 14.885128], [121.067893, 14.885128], [121.067893, 14.88432], [121.070318, 14.88432], [121.070318, 14.883511], [121.071127, 14.883511], [121.071127, 14.881086], [121.072744, 14.881086], [121.072744, 14.87866], [121.073552, 14.87866], [121.073552, 14.877044], [121.076786, 14.877044], [121.076786, 14.881086], [121.075978, 14.881086], [121.075978, 14.882703], [121.077595, 14.882703], [121.077595, 14.881894], [121.079212, 14.881894], [121.079212, 14.883511], [121.08002, 14.883511], [121.08002, 14.885937], [121.080829, 14.885937], [121.080829, 14.886745], [121.082446, 14.886745], [121.082446, 14.887554], [121.084063, 14.887554], [121.084063, 14.889171], [121.083254, 14.889171], [121.083254, 14.889979], [121.080829, 14.889979], [121.080829, 14.891596], [121.078403, 14.891596], [121.078403, 14.894022], [121.079212, 14.894022], [121.079212, 14.89483], [121.08002, 14.89483], [121.08002, 14.903723], [121.081637, 14.903723], [121.081637, 14.904532], [121.084063, 14.904532], [121.084063, 14.901298], [121.08568, 14.901298], [121.08568, 14.903723], [121.088105, 14.903723], [121.088105, 14.902915], [121.088914, 14.902915], [121.088914, 14.90049], [121.087297, 14.90049], [121.087297, 14.896447], [121.088105, 14.896447], [121.088105, 14.895639], [121.088914, 14.895639], [121.088914, 14.894022], [121.089722, 14.894022], [121.089722, 14.893213], [121.091339, 14.893213], [121.091339, 14.892405], [121.092147, 14.892405], [121.092147, 14.893213], [121.092956, 14.893213], [121.092956, 14.895639], [121.093764, 14.895639], [121.093764, 14.896447], [121.094573, 14.896447], [121.094573, 14.897256], [121.095381, 14.897256], [121.095381, 14.898064], [121.099424, 14.898064], [121.099424, 14.898873], [121.102658, 14.898873], [121.102658, 14.899681], [121.105083, 14.899681], [121.105083, 14.898873], [121.105892, 14.898873], [121.105892, 14.897256], [121.109126, 14.897256], [121.109126, 14.896447], [121.110743, 14.896447], [121.110743, 14.89483], [121.11236, 14.89483], [121.11236, 14.898064], [121.111551, 14.898064], [121.111551, 14.898873], [121.110743, 14.898873], [121.110743, 14.899681], [121.109934, 14.899681], [121.109934, 14.90049], [121.109126, 14.90049], [121.109126, 14.901298], [121.104275, 14.901298], [121.104275, 14.902107], [121.102658, 14.902107], [121.102658, 14.902915], [121.101041, 14.902915], [121.101041, 14.902107], [121.097807, 14.902107], [121.097807, 14.899681], [121.09619, 14.899681], [121.09619, 14.898873], [121.094573, 14.898873], [121.094573, 14.90049], [121.095381, 14.90049], [121.095381, 14.903723], [121.094573, 14.903723], [121.094573, 14.904532], [121.092956, 14.904532], [121.092956, 14.902915], [121.092147, 14.902915], [121.092147, 14.903723], [121.091339, 14.903723], [121.091339, 14.909383], [121.089722, 14.909383], [121.089722, 14.908574], [121.087297, 14.908574], [121.087297, 14.907766], [121.086488, 14.907766], [121.086488, 14.906149], [121.083254, 14.906149], [121.083254, 14.906957], [121.084063, 14.906957], [121.084063, 14.909383], [121.084871, 14.909383], [121.084871, 14.911], [121.084063, 14.911], [121.084063, 14.912617], [121.082446, 14.912617], [121.082446, 14.915042], [121.076786, 14.915042], [121.076786, 14.914234], [121.075978, 14.914234], [121.075978, 14.915042], [121.075169, 14.915042], [121.075169, 14.915851], [121.073552, 14.915851], [121.073552, 14.916659], [121.076786, 14.916659], [121.076786, 14.919893], [121.074361, 14.919893], [121.074361, 14.920702], [121.070318, 14.920702], [121.070318, 14.922319], [121.071127, 14.922319], [121.071127, 14.923936], [121.072744, 14.923936], [121.072744, 14.926361], [121.076786, 14.926361], [121.076786, 14.925553], [121.08002, 14.925553], [121.08002, 14.924744], [121.082446, 14.924744], [121.082446, 14.923936], [121.083254, 14.923936], [121.083254, 14.923127], [121.084871, 14.923127], [121.084871, 14.92151], [121.08568, 14.92151], [121.08568, 14.920702], [121.088105, 14.920702], [121.088105, 14.923936], [121.087297, 14.923936], [121.087297, 14.924744], [121.086488, 14.924744], [121.086488, 14.925553], [121.08568, 14.925553], [121.08568, 14.92717], [121.084063, 14.92717], [121.084063, 14.926361], [121.082446, 14.926361], [121.082446, 14.92717], [121.08002, 14.92717], [121.08002, 14.928786], [121.077595, 14.928786], [121.077595, 14.927978], [121.075978, 14.927978], [121.075978, 14.928786], [121.075169, 14.928786], [121.075169, 14.930403], [121.076786, 14.930403], [121.076786, 14.93202], [121.077595, 14.93202], [121.077595, 14.932829], [121.078403, 14.932829], [121.078403, 14.935254], [121.077595, 14.935254], [121.077595, 14.93768], [121.078403, 14.93768], [121.078403, 14.942531], [121.077595, 14.942531], [121.077595, 14.944956], [121.076786, 14.944956], [121.076786, 14.946573], [121.075978, 14.946573], [121.075978, 14.947382], [121.075169, 14.947382], [121.075169, 14.951424], [121.074361, 14.951424], [121.074361, 14.957083], [121.072744, 14.957083], [121.072744, 14.961934], [121.073552, 14.961934], [121.073552, 14.965168], [121.074361, 14.965168], [121.074361, 14.969211], [121.073552, 14.969211], [121.073552, 14.971636], [121.072744, 14.971636], [121.072744, 14.974062], [121.071935, 14.974062], [121.071935, 14.97487], [121.072744, 14.97487], [121.072744, 14.976487], [121.073552, 14.976487], [121.073552, 14.978104], [121.078403, 14.978104], [121.078403, 14.979721], [121.077595, 14.979721], [121.077595, 14.980529], [121.076786, 14.980529], [121.076786, 14.982955], [121.077595, 14.982955], [121.077595, 14.983763], [121.078403, 14.983763], [121.078403, 14.986189], [121.076786, 14.986189], [121.076786, 14.98538], [121.06951, 14.98538], [121.06951, 14.986189], [121.067893, 14.986189], [121.067893, 14.98538], [121.066276, 14.98538], [121.066276, 14.982146], [121.065468, 14.982146], [121.065468, 14.981338], [121.064659, 14.981338], [121.064659, 14.980529], [121.065468, 14.980529], [121.065468, 14.978912], [121.067084, 14.978912], [121.067084, 14.976487], [121.064659, 14.976487], [121.064659, 14.977296], [121.062234, 14.977296], [121.062234, 14.976487], [121.060617, 14.976487], [121.060617, 14.981338], [121.059, 14.981338], [121.059, 14.982146], [121.057383, 14.982146], [121.057383, 14.984572], [121.058191, 14.984572], [121.058191, 14.986997], [121.059, 14.986997], [121.059, 14.984572], [121.060617, 14.984572], [121.060617, 14.982146], [121.063042, 14.982146], [121.063042, 14.982955], [121.063851, 14.982955], [121.063851, 14.984572], [121.063042, 14.984572], [121.063042, 14.986189], [121.062234, 14.986189], [121.062234, 14.986997], [121.061425, 14.986997], [121.061425, 14.989423], [121.062234, 14.989423], [121.062234, 14.99104], [121.064659, 14.99104], [121.064659, 14.991848], [121.065468, 14.991848], [121.065468, 14.99104], [121.067084, 14.99104], [121.067084, 14.991848], [121.067893, 14.991848], [121.067893, 14.997508], [121.068701, 14.997508], [121.068701, 14.999933], [121.067893, 14.999933], [121.067893, 15.003167], [121.066276, 15.003167], [121.066276, 15.003975], [121.065468, 15.003975], [121.065468, 15.004784], [121.064659, 15.004784], [121.064659, 15.005592], [121.063851, 15.005592], [121.063851, 15.007209], [121.064659, 15.007209], [121.064659, 15.008018], [121.065468, 15.008018], [121.065468, 15.008826], [121.066276, 15.008826], [121.066276, 15.009635], [121.067084, 15.009635], [121.067084, 15.013677], [121.070318, 15.013677], [121.070318, 15.014486], [121.066276, 15.014486], [121.066276, 15.013677], [121.064659, 15.013677], [121.064659, 15.016103], [121.063042, 15.016103], [121.063042, 15.015294], [121.061425, 15.015294], [121.061425, 15.016911], [121.062234, 15.016911], [121.062234, 15.018528], [121.063042, 15.018528], [121.063042, 15.019337], [121.063851, 15.019337], [121.063851, 15.020954], [121.064659, 15.020954], [121.064659, 15.023379], [121.063851, 15.023379], [121.063851, 15.024188], [121.065468, 15.024188], [121.065468, 15.024996], [121.066276, 15.024996], [121.066276, 15.025805], [121.067084, 15.025805], [121.067084, 15.026613], [121.067893, 15.026613], [121.067893, 15.02823], [121.068701, 15.02823], [121.068701, 15.029038], [121.067084, 15.029038], [121.067084, 15.02823], [121.065468, 15.02823], [121.065468, 15.029038], [121.064659, 15.029038], [121.064659, 15.029847], [121.063851, 15.029847], [121.063851, 15.030655], [121.064659, 15.030655], [121.064659, 15.031464], [121.066276, 15.031464], [121.066276, 15.032272], [121.067084, 15.032272], [121.067084, 15.033081], [121.066276, 15.033081], [121.066276, 15.03874], [121.067893, 15.03874], [121.067893, 15.041974], [121.06951, 15.041974], [121.06951, 15.043591], [121.070318, 15.043591], [121.070318, 15.0444], [121.073552, 15.0444], [121.073552, 15.046017], [121.076786, 15.046017], [121.076786, 15.049251], [121.071935, 15.049251], [121.071935, 15.050059], [121.071127, 15.050059], [121.071127, 15.051676], [121.070318, 15.051676], [121.070318, 15.052484], [121.06951, 15.052484], [121.06951, 15.053293], [121.067893, 15.053293], [121.067893, 15.050868], [121.067084, 15.050868], [121.067084, 15.050059], [121.066276, 15.050059], [121.066276, 15.049251], [121.065468, 15.049251], [121.065468, 15.048442], [121.064659, 15.048442], [121.064659, 15.0444], [121.063042, 15.0444], [121.063042, 15.046017], [121.060617, 15.046017], [121.060617, 15.0444], [121.061425, 15.0444], [121.061425, 15.043591], [121.062234, 15.043591], [121.062234, 15.041974], [121.059, 15.041974], [121.059, 15.042783], [121.055766, 15.042783], [121.055766, 15.041166], [121.054957, 15.041166], [121.054957, 15.0444], [121.054149, 15.0444], [121.054149, 15.045208], [121.05334, 15.045208], [121.05334, 15.046017], [121.052532, 15.046017], [121.052532, 15.048442], [121.051723, 15.048442], [121.051723, 15.054101], [121.050915, 15.054101], [121.050915, 15.05491], [121.050106, 15.05491], [121.050106, 15.056527], [121.049298, 15.056527], [121.049298, 15.057335], [121.048489, 15.057335], [121.048489, 15.058144], [121.050915, 15.058144], [121.050915, 15.057335], [121.052532, 15.057335], [121.052532, 15.056527], [121.05334, 15.056527], [121.05334, 15.055718], [121.056574, 15.055718], [121.056574, 15.05491], [121.057383, 15.05491], [121.057383, 15.056527], [121.056574, 15.056527], [121.056574, 15.058144], [121.054957, 15.058144], [121.054957, 15.058952], [121.05334, 15.058952], [121.05334, 15.059761], [121.051723, 15.059761], [121.051723, 15.063803], [121.050106, 15.063803], [121.050106, 15.06542], [121.051723, 15.06542], [121.051723, 15.072697], [121.055766, 15.072697], [121.055766, 15.07108], [121.059808, 15.07108], [121.059808, 15.070271], [121.061425, 15.070271], [121.061425, 15.07108], [121.063042, 15.07108], [121.063042, 15.068654], [121.064659, 15.068654], [121.064659, 15.070271], [121.066276, 15.070271], [121.066276, 15.068654], [121.067084, 15.068654], [121.067084, 15.067846], [121.067893, 15.067846], [121.067893, 15.062995], [121.068701, 15.062995], [121.068701, 15.060569], [121.06951, 15.060569], [121.06951, 15.057335], [121.071127, 15.057335], [121.071127, 15.072697], [121.070318, 15.072697], [121.070318, 15.075122], [121.071127, 15.075122], [121.071127, 15.079164], [121.070318, 15.079164], [121.070318, 15.079973], [121.06951, 15.079973], [121.06951, 15.08159], [121.067893, 15.08159], [121.067893, 15.082398], [121.067084, 15.082398], [121.067084, 15.084824], [121.067893, 15.084824], [121.067893, 15.088058], [121.067084, 15.088058], [121.067084, 15.088866], [121.067893, 15.088866], [121.067893, 15.089675], [121.065468, 15.089675], [121.065468, 15.088866], [121.063042, 15.088866], [121.063042, 15.090483], [121.060617, 15.090483], [121.060617, 15.0921], [121.061425, 15.0921], [121.061425, 15.092909], [121.064659, 15.092909], [121.064659, 15.093717], [121.065468, 15.093717], [121.065468, 15.096143], [121.064659, 15.096143], [121.064659, 15.099377], [121.065468, 15.099377], [121.065468, 15.100185], [121.066276, 15.100185], [121.066276, 15.10261], [121.065468, 15.10261], [121.065468, 15.104227], [121.066276, 15.104227], [121.066276, 15.105844], [121.067084, 15.105844], [121.067084, 15.105036], [121.067893, 15.105036], [121.067893, 15.104227], [121.068701, 15.104227], [121.068701, 15.103419], [121.06951, 15.103419], [121.06951, 15.104227], [121.071127, 15.104227], [121.071127, 15.106653], [121.071935, 15.106653], [121.071935, 15.109078], [121.071127, 15.109078], [121.071127, 15.109887], [121.070318, 15.109887], [121.070318, 15.113121], [121.06951, 15.113121], [121.06951, 15.114738], [121.071127, 15.114738], [121.071127, 15.117163], [121.070318, 15.117163], [121.070318, 15.119589], [121.071127, 15.119589], [121.071127, 15.121206], [121.070318, 15.121206], [121.070318, 15.122014], [121.067893, 15.122014], [121.067893, 15.123631], [121.068701, 15.123631], [121.068701, 15.125248], [121.066276, 15.125248], [121.066276, 15.12929], [121.064659, 15.12929], [121.064659, 15.130907], [121.065468, 15.130907], [121.065468, 15.131716], [121.066276, 15.131716], [121.066276, 15.13495], [121.067893, 15.13495], [121.067893, 15.133333], [121.068701, 15.133333], [121.068701, 15.134141], [121.06951, 15.134141], [121.06951, 15.13495], [121.068701, 15.13495], [121.068701, 15.138184], [121.06951, 15.138184], [121.06951, 15.141418], [121.067084, 15.141418], [121.067084, 15.143843], [121.067893, 15.143843], [121.067893, 15.14546], [121.066276, 15.14546], [121.066276, 15.147077], [121.068701, 15.147077], [121.068701, 15.147886], [121.067893, 15.147886], [121.067893, 15.148694], [121.068701, 15.148694], [121.068701, 15.150311], [121.06951, 15.150311], [121.06951, 15.152736], [121.067893, 15.152736], [121.067893, 15.15112], [121.066276, 15.15112], [121.066276, 15.152736], [121.064659, 15.152736], [121.064659, 15.154353], [121.066276, 15.154353], [121.066276, 15.153545], [121.067893, 15.153545], [121.067893, 15.156779], [121.068701, 15.156779], [121.068701, 15.15597], [121.070318, 15.15597], [121.070318, 15.156779], [121.06951, 15.156779], [121.06951, 15.157587], [121.068701, 15.157587], [121.068701, 15.159204], [121.073552, 15.159204], [121.073552, 15.160013], [121.075169, 15.160013], [121.075169, 15.16163], [121.073552, 15.16163], [121.073552, 15.163247], [121.075169, 15.163247], [121.075169, 15.162438], [121.075978, 15.162438], [121.075978, 15.16163], [121.079212, 15.16163], [121.079212, 15.162438], [121.08002, 15.162438], [121.08002, 15.164055], [121.080829, 15.164055], [121.080829, 15.164864], [121.082446, 15.164864], [121.082446, 15.168098], [121.083254, 15.168098], [121.083254, 15.176183], [121.084871, 15.176183], [121.084871, 15.176991], [121.08568, 15.176991], [121.08568, 15.177799], [121.086488, 15.177799], [121.086488, 15.179416], [121.088105, 15.179416], [121.088105, 15.180225], [121.088914, 15.180225], [121.088914, 15.181033], [121.091339, 15.181033], [121.091339, 15.181842], [121.092956, 15.181842], [121.092956, 15.18265], [121.095381, 15.18265], [121.095381, 15.183459], [121.09619, 15.183459], [121.09619, 15.184267], [121.098615, 15.184267], [121.098615, 15.185076], [121.099424, 15.185076], [121.099424, 15.185884], [121.101041, 15.185884], [121.101041, 15.186693], [121.102658, 15.186693], [121.102658, 15.187501], [121.103466, 15.187501], [121.103466, 15.18831], [121.105892, 15.18831], [121.105892, 15.184267], [121.107509, 15.184267], [121.107509, 15.185076], [121.108317, 15.185076], [121.108317, 15.185884], [121.107509, 15.185884], [121.107509, 15.186693], [121.1067, 15.186693], [121.1067, 15.189927], [121.113977, 15.189927], [121.113977, 15.189118], [121.115594, 15.189118], [121.115594, 15.189927], [121.11721, 15.189927], [121.11721, 15.191544], [121.120444, 15.191544], [121.120444, 15.193161], [121.119636, 15.193161], [121.119636, 15.195586], [121.118827, 15.195586], [121.118827, 15.194778], [121.118019, 15.194778], [121.118019, 15.192352], [121.116402, 15.192352], [121.116402, 15.191544], [121.115594, 15.191544], [121.115594, 15.190735], [121.111551, 15.190735], [121.111551, 15.191544], [121.109934, 15.191544], [121.109934, 15.192352], [121.109126, 15.192352], [121.109126, 15.191544], [121.103466, 15.191544], [121.103466, 15.192352], [121.102658, 15.192352], [121.102658, 15.193161], [121.101849, 15.193161], [121.101849, 15.193969], [121.101041, 15.193969], [121.101041, 15.194778], [121.100232, 15.194778], [121.100232, 15.19882], [121.099424, 15.19882], [121.099424, 15.199629], [121.100232, 15.199629], [121.100232, 15.203671], [121.098615, 15.203671], [121.098615, 15.205288], [121.097807, 15.205288], [121.097807, 15.203671], [121.094573, 15.203671], [121.094573, 15.20933], [121.095381, 15.20933], [121.095381, 15.210947], [121.094573, 15.210947], [121.094573, 15.212564], [121.095381, 15.212564], [121.095381, 15.215798], [121.097807, 15.215798], [121.097807, 15.21499], [121.098615, 15.21499], [121.098615, 15.217415], [121.099424, 15.217415], [121.099424, 15.218224], [121.100232, 15.218224], [121.100232, 15.219032], [121.101849, 15.219032], [121.101849, 15.218224], [121.102658, 15.218224], [121.102658, 15.219841], [121.101849, 15.219841], [121.101849, 15.220649], [121.101041, 15.220649], [121.101041, 15.223075], [121.100232, 15.223075], [121.100232, 15.219841], [121.09619, 15.219841], [121.09619, 15.220649], [121.092147, 15.220649], [121.092147, 15.221458], [121.091339, 15.221458], [121.091339, 15.223883], [121.092147, 15.223883], [121.092147, 15.2255], [121.092956, 15.2255], [121.092956, 15.227117], [121.094573, 15.227117], [121.094573, 15.227925], [121.09619, 15.227925], [121.09619, 15.228734], [121.097807, 15.228734], [121.097807, 15.230351], [121.100232, 15.230351], [121.100232, 15.233585], [121.099424, 15.233585], [121.099424, 15.235202], [121.100232, 15.235202], [121.100232, 15.238436], [121.099424, 15.238436], [121.099424, 15.237627], [121.098615, 15.237627], [121.098615, 15.234393], [121.097807, 15.234393], [121.097807, 15.232776], [121.09619, 15.232776], [121.09619, 15.231968], [121.095381, 15.231968], [121.095381, 15.230351], [121.093764, 15.230351], [121.093764, 15.228734], [121.092956, 15.228734], [121.092956, 15.227925], [121.091339, 15.227925], [121.091339, 15.229542], [121.090531, 15.229542], [121.090531, 15.230351], [121.088914, 15.230351], [121.088914, 15.231968], [121.090531, 15.231968], [121.090531, 15.233585], [121.088914, 15.233585], [121.088914, 15.23601], [121.087297, 15.23601], [121.087297, 15.237627], [121.086488, 15.237627], [121.086488, 15.238436], [121.087297, 15.238436], [121.087297, 15.246521], [121.086488, 15.246521], [121.086488, 15.245712], [121.08568, 15.245712], [121.08568, 15.244904], [121.084871, 15.244904], [121.084871, 15.244095], [121.084063, 15.244095], [121.084063, 15.245712], [121.083254, 15.245712], [121.083254, 15.246521], [121.082446, 15.246521], [121.082446, 15.247329], [121.083254, 15.247329], [121.083254, 15.248946], [121.084063, 15.248946], [121.084063, 15.249755], [121.08568, 15.249755], [121.08568, 15.250563], [121.086488, 15.250563], [121.086488, 15.251371], [121.08568, 15.251371], [121.08568, 15.252988], [121.086488, 15.252988], [121.086488, 15.253797], [121.088914, 15.253797], [121.088914, 15.252988], [121.090531, 15.252988], [121.090531, 15.25218], [121.091339, 15.25218], [121.091339, 15.250563], [121.092956, 15.250563], [121.092956, 15.25218], [121.094573, 15.25218], [121.094573, 15.252988], [121.095381, 15.252988], [121.095381, 15.253797], [121.09619, 15.253797], [121.09619, 15.255414], [121.096998, 15.255414], [121.096998, 15.256222], [121.097807, 15.256222], [121.097807, 15.258648], [121.095381, 15.258648], [121.095381, 15.257839], [121.094573, 15.257839], [121.094573, 15.258648], [121.092956, 15.258648], [121.092956, 15.26269], [121.094573, 15.26269], [121.094573, 15.264307], [121.095381, 15.264307], [121.095381, 15.265924], [121.09619, 15.265924], [121.09619, 15.26835], [121.096998, 15.26835], [121.096998, 15.269967], [121.097807, 15.269967], [121.097807, 15.270775], [121.096998, 15.270775], [121.096998, 15.271584], [121.094573, 15.271584], [121.094573, 15.269967], [121.092147, 15.269967], [121.092147, 15.269158], [121.091339, 15.269158], [121.091339, 15.267541], [121.088914, 15.267541], [121.088914, 15.26835], [121.088105, 15.26835], [121.088105, 15.269967], [121.088914, 15.269967], [121.088914, 15.269158], [121.090531, 15.269158], [121.090531, 15.269967], [121.091339, 15.269967], [121.091339, 15.273201], [121.092956, 15.273201], [121.092956, 15.274818], [121.092147, 15.274818], [121.092147, 15.278051], [121.091339, 15.278051], [121.091339, 15.279668], [121.090531, 15.279668], [121.090531, 15.281285], [121.088914, 15.281285], [121.088914, 15.27886], [121.087297, 15.27886], [121.087297, 15.282094], [121.088105, 15.282094], [121.088105, 15.282902], [121.088914, 15.282902], [121.088914, 15.285328], [121.091339, 15.285328], [121.091339, 15.287753], [121.090531, 15.287753], [121.090531, 15.28937], [121.089722, 15.28937], [121.089722, 15.290179], [121.087297, 15.290179], [121.087297, 15.28937], [121.083254, 15.28937], [121.083254, 15.292604], [121.082446, 15.292604], [121.082446, 15.294221], [121.087297, 15.294221], [121.087297, 15.296647], [121.088105, 15.296647], [121.088105, 15.298264], [121.087297, 15.298264], [121.087297, 15.299881], [121.088914, 15.299881], [121.088914, 15.297455], [121.089722, 15.297455], [121.089722, 15.296647], [121.090531, 15.296647], [121.090531, 15.295838], [121.092956, 15.295838], [121.092956, 15.299072], [121.092147, 15.299072], [121.092147, 15.299881], [121.091339, 15.299881], [121.091339, 15.303114], [121.09619, 15.303114], [121.09619, 15.30554], [121.094573, 15.30554], [121.094573, 15.307157], [121.092956, 15.307157], [121.092956, 15.307965], [121.092147, 15.307965], [121.092147, 15.308774], [121.090531, 15.308774], [121.090531, 15.309582], [121.089722, 15.309582], [121.089722, 15.311199], [121.088914, 15.311199], [121.088914, 15.312008], [121.092956, 15.312008], [121.092956, 15.310391], [121.098615, 15.310391], [121.098615, 15.311199], [121.101041, 15.311199], [121.101041, 15.310391], [121.103466, 15.310391], [121.103466, 15.309582], [121.104275, 15.309582], [121.104275, 15.308774], [121.105892, 15.308774], [121.105892, 15.307965], [121.1067, 15.307965], [121.1067, 15.307157], [121.105083, 15.307157], [121.105083, 15.306348], [121.104275, 15.306348], [121.104275, 15.30554], [121.102658, 15.30554], [121.102658, 15.303114], [121.103466, 15.303114], [121.103466, 15.299881], [121.108317, 15.299881], [121.108317, 15.300689], [121.109126, 15.300689], [121.109126, 15.301497], [121.110743, 15.301497], [121.110743, 15.302306], [121.11236, 15.302306], [121.11236, 15.301497], [121.116402, 15.301497], [121.116402, 15.300689], [121.11721, 15.300689], [121.11721, 15.299072], [121.118019, 15.299072], [121.118019, 15.29503], [121.118827, 15.29503], [121.118827, 15.290987], [121.118019, 15.290987], [121.118019, 15.287753], [121.118827, 15.287753], [121.118827, 15.286136], [121.119636, 15.286136], [121.119636, 15.285328], [121.121253, 15.285328], [121.121253, 15.283711], [121.120444, 15.283711], [121.120444, 15.281285], [121.121253, 15.281285], [121.121253, 15.280477], [121.12287, 15.280477], [121.12287, 15.284519], [121.123678, 15.284519], [121.123678, 15.285328], [121.126104, 15.285328], [121.126104, 15.284519], [121.126912, 15.284519], [121.126912, 15.283711], [121.128529, 15.283711], [121.128529, 15.285328], [121.126912, 15.285328], [121.126912, 15.286136], [121.126104, 15.286136], [121.126104, 15.287753], [121.128529, 15.287753], [121.128529, 15.288562], [121.130955, 15.288562], [121.130955, 15.28937], [121.131763, 15.28937], [121.131763, 15.291796], [121.130955, 15.291796], [121.130955, 15.290987], [121.130146, 15.290987], [121.130146, 15.290179], [121.129338, 15.290179], [121.129338, 15.28937], [121.126912, 15.28937], [121.126912, 15.290179], [121.125295, 15.290179], [121.125295, 15.290987], [121.12287, 15.290987], [121.12287, 15.298264], [121.130955, 15.298264], [121.130955, 15.297455], [121.131763, 15.297455], [121.131763, 15.299881], [121.132572, 15.299881], [121.132572, 15.301497], [121.134189, 15.301497], [121.134189, 15.302306], [121.131763, 15.302306], [121.131763, 15.301497], [121.130146, 15.301497], [121.130146, 15.299072], [121.128529, 15.299072], [121.128529, 15.299881], [121.126104, 15.299881], [121.126104, 15.299072], [121.12287, 15.299072], [121.12287, 15.303923], [121.122061, 15.303923], [121.122061, 15.304731], [121.121253, 15.304731], [121.121253, 15.303923], [121.120444, 15.303923], [121.120444, 15.303114], [121.118019, 15.303114], [121.118019, 15.303923], [121.11721, 15.303923], [121.11721, 15.30554], [121.116402, 15.30554], [121.116402, 15.307157], [121.122061, 15.307157], [121.122061, 15.306348], [121.124487, 15.306348], [121.124487, 15.307157], [121.126104, 15.307157], [121.126104, 15.307965], [121.126912, 15.307965], [121.126912, 15.308774], [121.128529, 15.308774], [121.128529, 15.312008], [121.126912, 15.312008], [121.126912, 15.314433], [121.127721, 15.314433], [121.127721, 15.315242], [121.126912, 15.315242], [121.126912, 15.31605], [121.126104, 15.31605], [121.126104, 15.316859], [121.124487, 15.316859], [121.124487, 15.317667], [121.12287, 15.317667], [121.12287, 15.318476], [121.121253, 15.318476], [121.121253, 15.319284], [121.120444, 15.319284], [121.120444, 15.320093], [121.119636, 15.320093], [121.119636, 15.32171], [121.118019, 15.32171], [121.118019, 15.322518], [121.116402, 15.322518], [121.116402, 15.323327], [121.115594, 15.323327], [121.115594, 15.324135], [121.114785, 15.324135], [121.114785, 15.32656], [121.115594, 15.32656], [121.115594, 15.328986], [121.116402, 15.328986], [121.116402, 15.329794], [121.118019, 15.329794], [121.118019, 15.330603], [121.118827, 15.330603], [121.118827, 15.331411], [121.120444, 15.331411], [121.120444, 15.333837], [121.119636, 15.333837], [121.119636, 15.336262], [121.118827, 15.336262], [121.118827, 15.335454], [121.118019, 15.335454], [121.118019, 15.336262], [121.11721, 15.336262], [121.11721, 15.337071], [121.118019, 15.337071], [121.118019, 15.337879], [121.115594, 15.337879], [121.115594, 15.338688], [121.113168, 15.338688], [121.113168, 15.337071], [121.111551, 15.337071], [121.111551, 15.336262], [121.109126, 15.336262], [121.109126, 15.337071], [121.110743, 15.337071], [121.110743, 15.341113], [121.111551, 15.341113], [121.111551, 15.341922], [121.11236, 15.341922], [121.11236, 15.344347], [121.113977, 15.344347], [121.113977, 15.347581], [121.114785, 15.347581], [121.114785, 15.349198], [121.113977, 15.349198], [121.113977, 15.350815], [121.11236, 15.350815], [121.11236, 15.351623], [121.111551, 15.351623], [121.111551, 15.35324], [121.113168, 15.35324], [121.113168, 15.354049], [121.113977, 15.354049], [121.113977, 15.352432], [121.114785, 15.352432], [121.114785, 15.351623], [121.115594, 15.351623], [121.115594, 15.350815], [121.116402, 15.350815], [121.116402, 15.350007], [121.118019, 15.350007], [121.118019, 15.34839], [121.119636, 15.34839], [121.119636, 15.346773], [121.121253, 15.346773], [121.121253, 15.347581], [121.12287, 15.347581], [121.12287, 15.346773], [121.123678, 15.346773], [121.123678, 15.345964], [121.126104, 15.345964], [121.126104, 15.346773], [121.126912, 15.346773], [121.126912, 15.347581], [121.129338, 15.347581], [121.129338, 15.346773], [121.130955, 15.346773], [121.130955, 15.347581], [121.131763, 15.347581], [121.131763, 15.350815], [121.130955, 15.350815], [121.130955, 15.355666], [121.134997, 15.355666], [121.134997, 15.356474], [121.135806, 15.356474], [121.135806, 15.358091], [121.134189, 15.358091], [121.134189, 15.359708], [121.13904, 15.359708], [121.13904, 15.360517], [121.140657, 15.360517], [121.140657, 15.362134], [121.138231, 15.362134], [121.138231, 15.360517], [121.13338, 15.360517], [121.13338, 15.357283], [121.131763, 15.357283], [121.131763, 15.358091], [121.130146, 15.358091], [121.130146, 15.357283], [121.126912, 15.357283], [121.126912, 15.358091], [121.126104, 15.358091], [121.126104, 15.3589], [121.125295, 15.3589], [121.125295, 15.359708], [121.124487, 15.359708], [121.124487, 15.360517], [121.12287, 15.360517], [121.12287, 15.362134], [121.123678, 15.362134], [121.123678, 15.363751], [121.12287, 15.363751], [121.12287, 15.364559], [121.122061, 15.364559], [121.122061, 15.365368], [121.121253, 15.365368], [121.121253, 15.366176], [121.119636, 15.366176], [121.119636, 15.366985], [121.118019, 15.366985], [121.118019, 15.36941], [121.116402, 15.36941], [121.116402, 15.370219], [121.115594, 15.370219], [121.115594, 15.371027], [121.113977, 15.371027], [121.113977, 15.372644], [121.113168, 15.372644], [121.113168, 15.37507], [121.11236, 15.37507], [121.11236, 15.376686], [121.111551, 15.376686], [121.111551, 15.377495], [121.109934, 15.377495], [121.109934, 15.376686], [121.108317, 15.376686], [121.108317, 15.377495], [121.107509, 15.377495], [121.107509, 15.378303], [121.1067, 15.378303], [121.1067, 15.379112], [121.105892, 15.379112], [121.105892, 15.37992], [121.105083, 15.37992], [121.105083, 15.382346], [121.104275, 15.382346], [121.104275, 15.38558], [121.105083, 15.38558], [121.105083, 15.386388], [121.105892, 15.386388], [121.105892, 15.387197], [121.108317, 15.387197], [121.108317, 15.388005], [121.109126, 15.388005], [121.109126, 15.388814], [121.108317, 15.388814], [121.108317, 15.390431], [121.107509, 15.390431], [121.107509, 15.391239], [121.1067, 15.391239], [121.1067, 15.392048], [121.107509, 15.392048], [121.107509, 15.392856], [121.110743, 15.392856], [121.110743, 15.39609], [121.109934, 15.39609], [121.109934, 15.397707], [121.109126, 15.397707], [121.109126, 15.399324], [121.110743, 15.399324], [121.110743, 15.400133], [121.11236, 15.400133], [121.11236, 15.399324], [121.113168, 15.399324], [121.113168, 15.397707], [121.11236, 15.397707], [121.11236, 15.39609], [121.113977, 15.39609], [121.113977, 15.395282], [121.114785, 15.395282], [121.114785, 15.394473], [121.115594, 15.394473], [121.115594, 15.390431], [121.114785, 15.390431], [121.114785, 15.388814], [121.115594, 15.388814], [121.115594, 15.388005], [121.118019, 15.388005], [121.118019, 15.387197], [121.119636, 15.387197], [121.119636, 15.390431], [121.118019, 15.390431], [121.118019, 15.394473], [121.11721, 15.394473], [121.11721, 15.39609], [121.118827, 15.39609], [121.118827, 15.397707], [121.118019, 15.397707], [121.118019, 15.400133], [121.11721, 15.400133], [121.11721, 15.400941], [121.116402, 15.400941], [121.116402, 15.402558], [121.115594, 15.402558], [121.115594, 15.404175], [121.114785, 15.404175], [121.114785, 15.401749], [121.11236, 15.401749], [121.11236, 15.402558], [121.111551, 15.402558], [121.111551, 15.404175], [121.110743, 15.404175], [121.110743, 15.404983], [121.109126, 15.404983], [121.109126, 15.4066], [121.1067, 15.4066], [121.1067, 15.410643], [121.109126, 15.410643], [121.109126, 15.411451], [121.110743, 15.411451], [121.110743, 15.410643], [121.111551, 15.410643], [121.111551, 15.409834], [121.11236, 15.409834], [121.11236, 15.409026], [121.113168, 15.409026], [121.113168, 15.408217], [121.113977, 15.408217], [121.113977, 15.407409], [121.114785, 15.407409], [121.114785, 15.413068], [121.113977, 15.413068], [121.113977, 15.415494], [121.115594, 15.415494], [121.115594, 15.417111], [121.11236, 15.417111], [121.11236, 15.414685], [121.111551, 15.414685], [121.111551, 15.415494], [121.109934, 15.415494], [121.109934, 15.417111], [121.109126, 15.417111], [121.109126, 15.419536], [121.108317, 15.419536], [121.108317, 15.420345], [121.1067, 15.420345], [121.1067, 15.421962], [121.105083, 15.421962], [121.105083, 15.424387], [121.104275, 15.424387], [121.104275, 15.426812], [121.103466, 15.426812], [121.103466, 15.429238], [121.105083, 15.429238], [121.105083, 15.430855], [121.104275, 15.430855], [121.104275, 15.434897], [121.105083, 15.434897], [121.105083, 15.435706], [121.105892, 15.435706], [121.105892, 15.436514], [121.107509, 15.436514], [121.107509, 15.438131], [121.1067, 15.438131], [121.1067, 15.442174], [121.102658, 15.442174], [121.102658, 15.442982], [121.101849, 15.442982], [121.101849, 15.446216], [121.101041, 15.446216], [121.101041, 15.448642], [121.102658, 15.448642], [121.102658, 15.44945], [121.103466, 15.44945], [121.103466, 15.451067], [121.102658, 15.451067], [121.102658, 15.452684], [121.103466, 15.452684], [121.103466, 15.454301], [121.101849, 15.454301], [121.101849, 15.459152], [121.103466, 15.459152], [121.103466, 15.460769], [121.101849, 15.460769], [121.101849, 15.462386], [121.101041, 15.462386], [121.101041, 15.466428], [121.108317, 15.466428], [121.108317, 15.464811], [121.109934, 15.464811], [121.109934, 15.466428], [121.109126, 15.466428], [121.109126, 15.468854], [121.108317, 15.468854], [121.108317, 15.470471], [121.107509, 15.470471], [121.107509, 15.474513], [121.108317, 15.474513], [121.108317, 15.47613], [121.109126, 15.47613], [121.109126, 15.479364], [121.108317, 15.479364], [121.108317, 15.480172], [121.107509, 15.480172], [121.107509, 15.481789], [121.1067, 15.481789], [121.1067, 15.483406], [121.105892, 15.483406], [121.105892, 15.484215], [121.105083, 15.484215], [121.105083, 15.489066], [121.104275, 15.489066], [121.104275, 15.489874], [121.102658, 15.489874], [121.102658, 15.490683], [121.101849, 15.490683], [121.101849, 15.495534], [121.102658, 15.495534], [121.102658, 15.497151], [121.101041, 15.497151], [121.101041, 15.500384], [121.104275, 15.500384], [121.104275, 15.502001], [121.105892, 15.502001], [121.105892, 15.50281], [121.1067, 15.50281], [121.1067, 15.505235], [121.109126, 15.505235], [121.109126, 15.506852], [121.108317, 15.506852], [121.108317, 15.509278], [121.107509, 15.509278], [121.107509, 15.510086], [121.1067, 15.510086], [121.1067, 15.510895], [121.105892, 15.510895], [121.105892, 15.514937], [121.1067, 15.514937], [121.1067, 15.516554], [121.108317, 15.516554], [121.108317, 15.514937], [121.109126, 15.514937], [121.109126, 15.51332], [121.110743, 15.51332], [121.110743, 15.511703], [121.111551, 15.511703], [121.111551, 15.510895], [121.11236, 15.510895], [121.11236, 15.509278], [121.113168, 15.509278], [121.113168, 15.510895], [121.114785, 15.510895], [121.114785, 15.510086], [121.115594, 15.510086], [121.115594, 15.509278], [121.116402, 15.509278], [121.116402, 15.507661], [121.118827, 15.507661], [121.118827, 15.505235], [121.119636, 15.505235], [121.119636, 15.503618], [121.121253, 15.503618], [121.121253, 15.506044], [121.120444, 15.506044], [121.120444, 15.51332], [121.119636, 15.51332], [121.119636, 15.514937], [121.118019, 15.514937], [121.118019, 15.51332], [121.115594, 15.51332], [121.115594, 15.516554], [121.114785, 15.516554], [121.114785, 15.518171], [121.113977, 15.518171], [121.113977, 15.521405], [121.115594, 15.521405], [121.115594, 15.523831], [121.11721, 15.523831], [121.11721, 15.524639], [121.118019, 15.524639], [121.118019, 15.525447], [121.118827, 15.525447], [121.118827, 15.527873], [121.121253, 15.527873], [121.121253, 15.52949], [121.122061, 15.52949], [121.122061, 15.533532], [121.121253, 15.533532], [121.121253, 15.535958], [121.119636, 15.535958], [121.119636, 15.531915], [121.118827, 15.531915], [121.118827, 15.530298], [121.11721, 15.530298], [121.11721, 15.52949], [121.113977, 15.52949], [121.113977, 15.527064], [121.114785, 15.527064], [121.114785, 15.525447], [121.11236, 15.525447], [121.11236, 15.531915], [121.113977, 15.531915], [121.113977, 15.535958], [121.113168, 15.535958], [121.113168, 15.543234], [121.113977, 15.543234], [121.113977, 15.544851], [121.11721, 15.544851], [121.11721, 15.546468], [121.118019, 15.546468], [121.118019, 15.548085], [121.12287, 15.548085], [121.12287, 15.548894], [121.122061, 15.548894], [121.122061, 15.549702], [121.121253, 15.549702], [121.121253, 15.55051], [121.118019, 15.55051], [121.118019, 15.552936], [121.118827, 15.552936], [121.118827, 15.556978], [121.11721, 15.556978], [121.11721, 15.558595], [121.116402, 15.558595], [121.116402, 15.561021], [121.11721, 15.561021], [121.11721, 15.561829], [121.115594, 15.561829], [121.115594, 15.561021], [121.113977, 15.561021], [121.113977, 15.564255], [121.113168, 15.564255], [121.113168, 15.565872], [121.113977, 15.565872], [121.113977, 15.56668], [121.114785, 15.56668], [121.114785, 15.567489], [121.115594, 15.567489], [121.115594, 15.569914], [121.11721, 15.569914], [121.11721, 15.570723], [121.118019, 15.570723], [121.118019, 15.571531], [121.119636, 15.571531], [121.119636, 15.570723], [121.120444, 15.570723], [121.120444, 15.569106], [121.119636, 15.569106], [121.119636, 15.565872], [121.121253, 15.565872], [121.121253, 15.56668], [121.12287, 15.56668], [121.12287, 15.568297], [121.125295, 15.568297], [121.125295, 15.569106], [121.126104, 15.569106], [121.126104, 15.569914], [121.128529, 15.569914], [121.128529, 15.569106], [121.129338, 15.569106], [121.129338, 15.568297], [121.130955, 15.568297], [121.130955, 15.570723], [121.130146, 15.570723], [121.130146, 15.57234], [121.130955, 15.57234], [121.130955, 15.573148], [121.131763, 15.573148], [121.131763, 15.57234], [121.132572, 15.57234], [121.132572, 15.571531], [121.13338, 15.571531], [121.13338, 15.569914], [121.135806, 15.569914], [121.135806, 15.56668], [121.137423, 15.56668], [121.137423, 15.567489], [121.13904, 15.567489], [121.13904, 15.561829], [121.138231, 15.561829], [121.138231, 15.561021], [121.135806, 15.561021], [121.135806, 15.559404], [121.137423, 15.559404], [121.137423, 15.558595], [121.138231, 15.558595], [121.138231, 15.557787], [121.13904, 15.557787], [121.13904, 15.549702], [121.139848, 15.549702], [121.139848, 15.539192], [121.13904, 15.539192], [121.13904, 15.537575], [121.139848, 15.537575], [121.139848, 15.532724], [121.13904, 15.532724], [121.13904, 15.531107], [121.139848, 15.531107], [121.139848, 15.528681], [121.140657, 15.528681], [121.140657, 15.526256], [121.141465, 15.526256], [121.141465, 15.523022], [121.142273, 15.523022], [121.142273, 15.516554], [121.14389, 15.516554], [121.14389, 15.514129], [121.144699, 15.514129], [121.144699, 15.511703], [121.145507, 15.511703], [121.145507, 15.510895], [121.146316, 15.510895], [121.146316, 15.509278], [121.147933, 15.509278], [121.147933, 15.510086], [121.148741, 15.510086], [121.148741, 15.510895], [121.14955, 15.510895], [121.14955, 15.511703], [121.151975, 15.511703], [121.151975, 15.514937], [121.154401, 15.514937], [121.154401, 15.514129], [121.155209, 15.514129], [121.155209, 15.51332], [121.156826, 15.51332], [121.156826, 15.514937], [121.158443, 15.514937], [121.158443, 15.522214], [121.157635, 15.522214], [121.157635, 15.523022], [121.156826, 15.523022], [121.156826, 15.525447], [121.156018, 15.525447], [121.156018, 15.526256], [121.155209, 15.526256], [121.155209, 15.531915], [121.154401, 15.531915], [121.154401, 15.533532], [121.155209, 15.533532], [121.155209, 15.536766], [121.156018, 15.536766], [121.156018, 15.539192], [121.155209, 15.539192], [121.155209, 15.541617], [121.154401, 15.541617], [121.154401, 15.542426], [121.153592, 15.542426], [121.153592, 15.55617], [121.154401, 15.55617], [121.154401, 15.556978], [121.155209, 15.556978], [121.155209, 15.559404], [121.153592, 15.559404], [121.153592, 15.563446], [121.156018, 15.563446], [121.156018, 15.562638], [121.157635, 15.562638], [121.157635, 15.557787], [121.158443, 15.557787], [121.158443, 15.556978], [121.159252, 15.556978], [121.159252, 15.554553], [121.16006, 15.554553], [121.16006, 15.552127], [121.160869, 15.552127], [121.160869, 15.55051], [121.162486, 15.55051], [121.162486, 15.549702], [121.163294, 15.549702], [121.163294, 15.548085], [121.160869, 15.548085], [121.160869, 15.546468], [121.161677, 15.546468], [121.161677, 15.544851], [121.166528, 15.544851], [121.166528, 15.546468], [121.165719, 15.546468], [121.165719, 15.548085], [121.168953, 15.548085], [121.168953, 15.549702], [121.17057, 15.549702], [121.17057, 15.548894], [121.171379, 15.548894], [121.171379, 15.548085], [121.172187, 15.548085], [121.172187, 15.547277], [121.172996, 15.547277], [121.172996, 15.548085], [121.173804, 15.548085], [121.173804, 15.548894], [121.174613, 15.548894], [121.174613, 15.549702], [121.175421, 15.549702], [121.175421, 15.551319], [121.174613, 15.551319], [121.174613, 15.553744], [121.17623, 15.553744], [121.17623, 15.552127], [121.177847, 15.552127], [121.177847, 15.55051], [121.179464, 15.55051], [121.179464, 15.546468], [121.181889, 15.546468], [121.181889, 15.548085], [121.185932, 15.548085], [121.185932, 15.55051], [121.188357, 15.55051], [121.188357, 15.553744], [121.187549, 15.553744], [121.187549, 15.555361], [121.188357, 15.555361], [121.188357, 15.561021], [121.189974, 15.561021], [121.189974, 15.562638], [121.192399, 15.562638], [121.192399, 15.563446], [121.193208, 15.563446], [121.193208, 15.564255], [121.194016, 15.564255], [121.194016, 15.565872], [121.194825, 15.565872], [121.194825, 15.56668], [121.196442, 15.56668], [121.196442, 15.565872], [121.19725, 15.565872], [121.19725, 15.565063], [121.198059, 15.565063], [121.198059, 15.564255], [121.198867, 15.564255], [121.198867, 15.562638], [121.201293, 15.562638], [121.201293, 15.565872], [121.203718, 15.565872], [121.203718, 15.56668], [121.204527, 15.56668], [121.204527, 15.563446], [121.203718, 15.563446], [121.203718, 15.561021], [121.204527, 15.561021], [121.204527, 15.560212], [121.205335, 15.560212], [121.205335, 15.559404], [121.206952, 15.559404], [121.206952, 15.55617], [121.207761, 15.55617], [121.207761, 15.555361], [121.208569, 15.555361], [121.208569, 15.556978], [121.209378, 15.556978], [121.209378, 15.557787], [121.210186, 15.557787], [121.210186, 15.558595], [121.210995, 15.558595], [121.210995, 15.559404], [121.212612, 15.559404], [121.212612, 15.556978], [121.21342, 15.556978], [121.21342, 15.555361], [121.214229, 15.555361], [121.214229, 15.554553], [121.215037, 15.554553], [121.215037, 15.55617], [121.215845, 15.55617], [121.215845, 15.557787], [121.215037, 15.557787], [121.215037, 15.559404], [121.216654, 15.559404], [121.216654, 15.556978], [121.219079, 15.556978], [121.219079, 15.559404], [121.220696, 15.559404], [121.220696, 15.558595], [121.221505, 15.558595], [121.221505, 15.557787], [121.222313, 15.557787], [121.222313, 15.553744], [121.221505, 15.553744], [121.221505, 15.552936], [121.219079, 15.552936], [121.219079, 15.551319], [121.220696, 15.551319], [121.220696, 15.552127], [121.223122, 15.552127], [121.223122, 15.548894], [121.227164, 15.548894], [121.227164, 15.552127], [121.225547, 15.552127], [121.225547, 15.554553], [121.228781, 15.554553], [121.228781, 15.553744], [121.22959, 15.553744], [121.22959, 15.552936], [121.230398, 15.552936], [121.230398, 15.552127], [121.231207, 15.552127], [121.231207, 15.55051], [121.22959, 15.55051], [121.22959, 15.549702], [121.227973, 15.549702], [121.227973, 15.54566], [121.228781, 15.54566], [121.228781, 15.544851], [121.22959, 15.544851], [121.22959, 15.540809], [121.231207, 15.540809], [121.231207, 15.541617], [121.232015, 15.541617], [121.232015, 15.546468], [121.232824, 15.546468], [121.232824, 15.55051], [121.234441, 15.55051], [121.234441, 15.551319], [121.236058, 15.551319], [121.236058, 15.55051], [121.236866, 15.55051], [121.236866, 15.549702], [121.238483, 15.549702], [121.238483, 15.548894], [121.239292, 15.548894], [121.239292, 15.548085], [121.240908, 15.548085], [121.240908, 15.547277], [121.241717, 15.547277], [121.241717, 15.546468], [121.244142, 15.546468], [121.244142, 15.54566], [121.245759, 15.54566], [121.245759, 15.544851], [121.246568, 15.544851], [121.246568, 15.544043], [121.247376, 15.544043], [121.247376, 15.543234], [121.248993, 15.543234], [121.248993, 15.541617], [121.251419, 15.541617], [121.251419, 15.540809], [121.252227, 15.540809], [121.252227, 15.54], [121.253036, 15.54], [121.253036, 15.538383], [121.253844, 15.538383], [121.253844, 15.537575], [121.255461, 15.537575], [121.255461, 15.536766], [121.25627, 15.536766], [121.25627, 15.535149], [121.257078, 15.535149], [121.257078, 15.534341], [121.257887, 15.534341], [121.257887, 15.533532], [121.258695, 15.533532], [121.258695, 15.532724], [121.259504, 15.532724], [121.259504, 15.531915], [121.260312, 15.531915], [121.260312, 15.531107], [121.261929, 15.531107], [121.261929, 15.530298], [121.263546, 15.530298], [121.263546, 15.528681], [121.265163, 15.528681], [121.265163, 15.526256], [121.265971, 15.526256], [121.265971, 15.525447], [121.26678, 15.525447], [121.26678, 15.522214], [121.267588, 15.522214], [121.267588, 15.521405], [121.270014, 15.521405], [121.270014, 15.519788], [121.268397, 15.519788], [121.268397, 15.517363], [121.269205, 15.517363], [121.269205, 15.516554], [121.270014, 15.516554], [121.270014, 15.515746], [121.270822, 15.515746], [121.270822, 15.514937], [121.271631, 15.514937], [121.271631, 15.515746], [121.272439, 15.515746], [121.272439, 15.516554], [121.275673, 15.516554], [121.275673, 15.515746], [121.276482, 15.515746], [121.276482, 15.512512], [121.27729, 15.512512], [121.27729, 15.511703], [121.278099, 15.511703], [121.278099, 15.512512], [121.278907, 15.512512], [121.278907, 15.514129], [121.281333, 15.514129], [121.281333, 15.514937], [121.280524, 15.514937], [121.280524, 15.515746], [121.278907, 15.515746], [121.278907, 15.516554], [121.279716, 15.516554], [121.279716, 15.517363], [121.280524, 15.517363], [121.280524, 15.521405], [121.282141, 15.521405], [121.282141, 15.522214], [121.283758, 15.522214], [121.283758, 15.523022], [121.282141, 15.523022], [121.282141, 15.525447], [121.280524, 15.525447], [121.280524, 15.526256], [121.27729, 15.526256], [121.27729, 15.527064], [121.274056, 15.527064], [121.274056, 15.527873], [121.273248, 15.527873], [121.273248, 15.528681], [121.272439, 15.528681], [121.272439, 15.530298], [121.270822, 15.530298], [121.270822, 15.531107], [121.270014, 15.531107], [121.270014, 15.532724], [121.268397, 15.532724], [121.268397, 15.534341], [121.265163, 15.534341], [121.265163, 15.533532], [121.265971, 15.533532], [121.265971, 15.532724], [121.26678, 15.532724], [121.26678, 15.531107], [121.264355, 15.531107], [121.264355, 15.531915], [121.263546, 15.531915], [121.263546, 15.533532], [121.262738, 15.533532], [121.262738, 15.534341], [121.261929, 15.534341], [121.261929, 15.535958], [121.260312, 15.535958], [121.260312, 15.536766], [121.259504, 15.536766], [121.259504, 15.537575], [121.257887, 15.537575], [121.257887, 15.539192], [121.25627, 15.539192], [121.25627, 15.540809], [121.254653, 15.540809], [121.254653, 15.541617], [121.253844, 15.541617], [121.253844, 15.544851], [121.252227, 15.544851], [121.252227, 15.54566], [121.248993, 15.54566], [121.248993, 15.546468], [121.247376, 15.546468], [121.247376, 15.547277], [121.246568, 15.547277], [121.246568, 15.548085], [121.245759, 15.548085], [121.245759, 15.549702], [121.244951, 15.549702], [121.244951, 15.551319], [121.244142, 15.551319], [121.244142, 15.552936], [121.243334, 15.552936], [121.243334, 15.553744], [121.242525, 15.553744], [121.242525, 15.556978], [121.241717, 15.556978], [121.241717, 15.559404], [121.238483, 15.559404], [121.238483, 15.560212], [121.237675, 15.560212], [121.237675, 15.561021], [121.236058, 15.561021], [121.236058, 15.562638], [121.232015, 15.562638], [121.232015, 15.564255], [121.230398, 15.564255], [121.230398, 15.565872], [121.227973, 15.565872], [121.227973, 15.569914], [121.226356, 15.569914], [121.226356, 15.570723], [121.225547, 15.570723], [121.225547, 15.571531], [121.224739, 15.571531], [121.224739, 15.57234], [121.225547, 15.57234], [121.225547, 15.57719], [121.22393, 15.57719], [121.22393, 15.58285], [121.224739, 15.58285], [121.224739, 15.583658], [121.225547, 15.583658], [121.225547, 15.584467], [121.226356, 15.584467], [121.226356, 15.588509], [121.225547, 15.588509], [121.225547, 15.589318], [121.224739, 15.589318], [121.224739, 15.590935], [121.22393, 15.590935], [121.22393, 15.592552], [121.219888, 15.592552], [121.219888, 15.59336], [121.219079, 15.59336], [121.219079, 15.594169], [121.218271, 15.594169], [121.218271, 15.594977], [121.217462, 15.594977], [121.217462, 15.596594], [121.216654, 15.596594], [121.216654, 15.598211], [121.215845, 15.598211], [121.215845, 15.599828], [121.215037, 15.599828], [121.215037, 15.601445], [121.214229, 15.601445], [121.214229, 15.607104], [121.21342, 15.607104], [121.21342, 15.608721], [121.212612, 15.608721], [121.212612, 15.610338], [121.21342, 15.610338], [121.21342, 15.612764], [121.212612, 15.612764], [121.212612, 15.613572], [121.211803, 15.613572], [121.211803, 15.614381], [121.210186, 15.614381], [121.210186, 15.615998], [121.209378, 15.615998], [121.209378, 15.617615], [121.208569, 15.617615], [121.208569, 15.626508], [121.205335, 15.626508], [121.205335, 15.627316], [121.204527, 15.627316], [121.204527, 15.628125], [121.20291, 15.628125], [121.20291, 15.629742], [121.202101, 15.629742], [121.202101, 15.63055], [121.201293, 15.63055], [121.201293, 15.631359], [121.200484, 15.631359], [121.200484, 15.632167], [121.198867, 15.632167], [121.198867, 15.63055], [121.19725, 15.63055], [121.19725, 15.631359], [121.195633, 15.631359], [121.195633, 15.633784], [121.194825, 15.633784], [121.194825, 15.634593], [121.192399, 15.634593], [121.192399, 15.635401], [121.191591, 15.635401], [121.191591, 15.634593], [121.190782, 15.634593], [121.190782, 15.637827], [121.188357, 15.637827], [121.188357, 15.638635], [121.189166, 15.638635], [121.189166, 15.641061], [121.187549, 15.641061], [121.187549, 15.643486], [121.18674, 15.643486], [121.18674, 15.645912], [121.185123, 15.645912], [121.185123, 15.643486], [121.185932, 15.643486], [121.185932, 15.641869], [121.183506, 15.641869], [121.183506, 15.645912], [121.182698, 15.645912], [121.182698, 15.64672], [121.181889, 15.64672], [121.181889, 15.647529], [121.182698, 15.647529], [121.182698, 15.649954], [121.181889, 15.649954], [121.181889, 15.651571], [121.182698, 15.651571], [121.182698, 15.653188], [121.181081, 15.653188], [121.181081, 15.652379], [121.180272, 15.652379], [121.180272, 15.651571], [121.179464, 15.651571], [121.179464, 15.653188], [121.177847, 15.653188], [121.177847, 15.655613], [121.177038, 15.655613], [121.177038, 15.656422], [121.17623, 15.656422], [121.17623, 15.658847], [121.175421, 15.658847], [121.175421, 15.659656], [121.17623, 15.659656], [121.17623, 15.660464], [121.175421, 15.660464], [121.175421, 15.661273], [121.17623, 15.661273], [121.17623, 15.662081], [121.175421, 15.662081], [121.175421, 15.664507], [121.174613, 15.664507], [121.174613, 15.666124], [121.17623, 15.666124], [121.17623, 15.667741], [121.175421, 15.667741], [121.175421, 15.668549], [121.174613, 15.668549], [121.174613, 15.669358], [121.173804, 15.669358], [121.173804, 15.670166], [121.172996, 15.670166], [121.172996, 15.670975], [121.17057, 15.670975], [121.17057, 15.674208], [121.166528, 15.674208], [121.166528, 15.675017], [121.165719, 15.675017], [121.165719, 15.676634], [121.162486, 15.676634], [121.162486, 15.677442], [121.161677, 15.677442], [121.161677, 15.679059], [121.16006, 15.679059], [121.16006, 15.679868], [121.159252, 15.679868], [121.159252, 15.683102], [121.158443, 15.683102], [121.158443, 15.68391], [121.156826, 15.68391], [121.156826, 15.685527], [121.158443, 15.685527], [121.158443, 15.684719], [121.16006, 15.684719], [121.16006, 15.68391], [121.160869, 15.68391], [121.160869, 15.683102], [121.162486, 15.683102], [121.162486, 15.682293], [121.163294, 15.682293], [121.163294, 15.681485], [121.165719, 15.681485], [121.165719, 15.683102], [121.166528, 15.683102], [121.166528, 15.68391], [121.167336, 15.68391], [121.167336, 15.687144], [121.165719, 15.687144], [121.165719, 15.688761], [121.166528, 15.688761], [121.166528, 15.68957], [121.167336, 15.68957], [121.167336, 15.690378], [121.168145, 15.690378], [121.168145, 15.691187], [121.168953, 15.691187], [121.168953, 15.691995], [121.172187, 15.691995], [121.172187, 15.695229], [121.172996, 15.695229], [121.172996, 15.696038], [121.172187, 15.696038], [121.172187, 15.696846], [121.168953, 15.696846], [121.168953, 15.699271], [121.168145, 15.699271], [121.168145, 15.70008], [121.166528, 15.70008], [121.166528, 15.700888], [121.165719, 15.700888], [121.165719, 15.701697], [121.164103, 15.701697], [121.164103, 15.700888], [121.162486, 15.700888], [121.162486, 15.701697], [121.163294, 15.701697], [121.163294, 15.703314], [121.158443, 15.703314], [121.158443, 15.704122], [121.157635, 15.704122], [121.157635, 15.706548], [121.158443, 15.706548], [121.158443, 15.708165], [121.156826, 15.708165], [121.156826, 15.71059], [121.157635, 15.71059], [121.157635, 15.712207], [121.155209, 15.712207], [121.155209, 15.708973], [121.154401, 15.708973], [121.154401, 15.708165], [121.153592, 15.708165], [121.153592, 15.705739], [121.154401, 15.705739], [121.154401, 15.701697], [121.153592, 15.701697], [121.153592, 15.700888], [121.152784, 15.700888], [121.152784, 15.702505], [121.151167, 15.702505], [121.151167, 15.70008], [121.14955, 15.70008], [121.14955, 15.696846], [121.147124, 15.696846], [121.147124, 15.697655], [121.137423, 15.697655], [121.137423, 15.696846], [121.136614, 15.696846], [121.136614, 15.696038], [121.13338, 15.696038], [121.13338, 15.698463], [121.131763, 15.698463], [121.131763, 15.697655], [121.130146, 15.697655], [121.130146, 15.698463], [121.129338, 15.698463], [121.129338, 15.697655], [121.128529, 15.697655], [121.128529, 15.696038], [121.126912, 15.696038], [121.126912, 15.697655], [121.123678, 15.697655], [121.123678, 15.698463], [121.12287, 15.698463], [121.12287, 15.699271], [121.121253, 15.699271], [121.121253, 15.701697], [121.119636, 15.701697], [121.119636, 15.703314], [121.11721, 15.703314], [121.11721, 15.704122], [121.116402, 15.704122], [121.116402, 15.706548], [121.115594, 15.706548], [121.115594, 15.705739], [121.113977, 15.705739], [121.113977, 15.707356], [121.114785, 15.707356], [121.114785, 15.708165], [121.115594, 15.708165], [121.115594, 15.714633], [121.116402, 15.714633], [121.116402, 15.71625], [121.11721, 15.71625], [121.11721, 15.717058], [121.116402, 15.717058], [121.116402, 15.718675], [121.114785, 15.718675], [121.114785, 15.719484], [121.113977, 15.719484], [121.113977, 15.721909], [121.113168, 15.721909], [121.113168, 15.724334], [121.113977, 15.724334], [121.113977, 15.725951], [121.114785, 15.725951], [121.114785, 15.72676], [121.115594, 15.72676], [121.115594, 15.730802], [121.114785, 15.730802], [121.114785, 15.733228], [121.11721, 15.733228], [121.11721, 15.732419], [121.118827, 15.732419], [121.118827, 15.734845], [121.116402, 15.734845], [121.116402, 15.735653], [121.113977, 15.735653], [121.113977, 15.734845], [121.11236, 15.734845], [121.11236, 15.733228], [121.110743, 15.733228], [121.110743, 15.734845], [121.109934, 15.734845], [121.109934, 15.735653], [121.109126, 15.735653], [121.109126, 15.736462], [121.107509, 15.736462], [121.107509, 15.73727], [121.1067, 15.73727], [121.1067, 15.738079], [121.105083, 15.738079], [121.105083, 15.738887], [121.103466, 15.738887], [121.103466, 15.739696], [121.102658, 15.739696], [121.102658, 15.740504], [121.101849, 15.740504], [121.101849, 15.742121], [121.099424, 15.742121], [121.099424, 15.743738], [121.098615, 15.743738], [121.098615, 15.744547], [121.097807, 15.744547], [121.097807, 15.745355], [121.096998, 15.745355], [121.096998, 15.746972], [121.09619, 15.746972], [121.09619, 15.751014], [121.094573, 15.751014], [121.094573, 15.747781], [121.093764, 15.747781], [121.093764, 15.746164], [121.092956, 15.746164], [121.092956, 15.740504], [121.092147, 15.740504], [121.092147, 15.738079], [121.092956, 15.738079], [121.092956, 15.736462], [121.094573, 15.736462], [121.094573, 15.734845], [121.09619, 15.734845], [121.09619, 15.733228], [121.097807, 15.733228], [121.097807, 15.731611], [121.098615, 15.731611], [121.098615, 15.730802], [121.099424, 15.730802], [121.099424, 15.729994], [121.100232, 15.729994], [121.100232, 15.723526], [121.099424, 15.723526], [121.099424, 15.718675], [121.097807, 15.718675], [121.097807, 15.717867], [121.094573, 15.717867], [121.094573, 15.718675], [121.093764, 15.718675], [121.093764, 15.719484], [121.092956, 15.719484], [121.092956, 15.720292], [121.092147, 15.720292], [121.092147, 15.721909], [121.091339, 15.721909], [121.091339, 15.722718], [121.090531, 15.722718], [121.090531, 15.723526], [121.088914, 15.723526], [121.088914, 15.724334], [121.087297, 15.724334], [121.087297, 15.725143], [121.086488, 15.725143], [121.086488, 15.72676], [121.08568, 15.72676], [121.08568, 15.727568], [121.084063, 15.727568], [121.084063, 15.729185], [121.082446, 15.729185], [121.082446, 15.729994], [121.079212, 15.729994], [121.079212, 15.729185], [121.070318, 15.729185], [121.070318, 15.729994], [121.066276, 15.729994], [121.066276, 15.732419], [121.065468, 15.732419], [121.065468, 15.733228], [121.064659, 15.733228], [121.064659, 15.734845], [121.060617, 15.734845], [121.060617, 15.736462], [121.061425, 15.736462], [121.061425, 15.738079], [121.060617, 15.738079], [121.060617, 15.741313], [121.052532, 15.741313], [121.052532, 15.742121], [121.050106, 15.742121], [121.050106, 15.74293], [121.047681, 15.74293], [121.047681, 15.742121], [121.046872, 15.742121], [121.046872, 15.741313], [121.045255, 15.741313], [121.045255, 15.742121], [121.04283, 15.742121], [121.04283, 15.74293], [121.042021, 15.74293], [121.042021, 15.743738], [121.041213, 15.743738], [121.041213, 15.744547], [121.040405, 15.744547], [121.040405, 15.741313], [121.039596, 15.741313], [121.039596, 15.742121], [121.038788, 15.742121], [121.038788, 15.74293], [121.037979, 15.74293], [121.037979, 15.744547], [121.037171, 15.744547], [121.037171, 15.745355], [121.036362, 15.745355], [121.036362, 15.746164], [121.035554, 15.746164], [121.035554, 15.746972], [121.033937, 15.746972], [121.033937, 15.748589], [121.033128, 15.748589], [121.033128, 15.749397], [121.03232, 15.749397], [121.03232, 15.748589], [121.031511, 15.748589], [121.031511, 15.749397], [121.030703, 15.749397], [121.030703, 15.750206], [121.029894, 15.750206], [121.029894, 15.749397], [121.029086, 15.749397], [121.029086, 15.748589], [121.028277, 15.748589], [121.028277, 15.746164], [121.027469, 15.746164], [121.027469, 15.745355], [121.022618, 15.745355], [121.022618, 15.746164], [121.021001, 15.746164], [121.021001, 15.746972], [121.020192, 15.746972], [121.020192, 15.744547], [121.018575, 15.744547], [121.018575, 15.746972], [121.01615, 15.746972], [121.01615, 15.745355], [121.016958, 15.745355], [121.016958, 15.743738], [121.01615, 15.743738], [121.01615, 15.742121], [121.016958, 15.742121], [121.016958, 15.741313], [121.017767, 15.741313], [121.017767, 15.738079], [121.01615, 15.738079], [121.01615, 15.740504], [121.015342, 15.740504], [121.015342, 15.74293], [121.014533, 15.74293], [121.014533, 15.744547], [121.013725, 15.744547], [121.013725, 15.746972], [121.014533, 15.746972], [121.014533, 15.747781], [121.015342, 15.747781], [121.015342, 15.748589], [121.014533, 15.748589], [121.014533, 15.751014], [121.01615, 15.751014], [121.01615, 15.75344], [121.016958, 15.75344], [121.016958, 15.755865], [121.021001, 15.755865], [121.021001, 15.758291], [121.020192, 15.758291], [121.020192, 15.759908], [121.019384, 15.759908], [121.019384, 15.760716], [121.020192, 15.760716], [121.020192, 15.76395], [121.017767, 15.76395], [121.017767, 15.763142], [121.01615, 15.763142], [121.01615, 15.764759], [121.018575, 15.764759], [121.018575, 15.768801], [121.017767, 15.768801], [121.017767, 15.76961], [121.016958, 15.76961], [121.016958, 15.770418], [121.015342, 15.770418], [121.015342, 15.771227], [121.014533, 15.771227], [121.014533, 15.772035], [121.013725, 15.772035], [121.013725, 15.771227], [121.012916, 15.771227], [121.012916, 15.770418], [121.013725, 15.770418], [121.013725, 15.768801], [121.012108, 15.768801], [121.012108, 15.76961], [121.011299, 15.76961], [121.011299, 15.770418], [121.012108, 15.770418], [121.012108, 15.771227], [121.011299, 15.771227], [121.011299, 15.772844], [121.010491, 15.772844], [121.010491, 15.76961], [121.008874, 15.76961], [121.008874, 15.772035], [121.007257, 15.772035], [121.007257, 15.771227], [121.00564, 15.771227], [121.00564, 15.775269], [121.004023, 15.775269], [121.004023, 15.778503], [121.002406, 15.778503], [121.002406, 15.775269], [121.003214, 15.775269], [121.003214, 15.77446], [121.004023, 15.77446], [121.004023, 15.773652], [121.002406, 15.773652], [121.002406, 15.770418], [121.004023, 15.770418], [121.004023, 15.76961], [121.004831, 15.76961], [121.004831, 15.768801], [121.00564, 15.768801], [121.00564, 15.767993], [121.006448, 15.767993], [121.006448, 15.767184], [121.007257, 15.767184], [121.007257, 15.766376], [121.008065, 15.766376], [121.008065, 15.764759], [121.009682, 15.764759], [121.009682, 15.761525], [121.010491, 15.761525], [121.010491, 15.759908], [121.011299, 15.759908], [121.011299, 15.757482], [121.012108, 15.757482], [121.012108, 15.755865], [121.011299, 15.755865], [121.011299, 15.754248], [121.009682, 15.754248], [121.009682, 15.757482], [121.008065, 15.757482], [121.008065, 15.758291], [121.00564, 15.758291], [121.00564, 15.757482], [121.004831, 15.757482], [121.004831, 15.756674], [121.004023, 15.756674], [121.004023, 15.757482], [121.003214, 15.757482], [121.003214, 15.759099], [121.000789, 15.759099], [121.000789, 15.761525], [121.001597, 15.761525], [121.001597, 15.762333], [121.002406, 15.762333], [121.002406, 15.763142], [121.001597, 15.763142], [121.001597, 15.76395], [121.000789, 15.76395], [121.000789, 15.762333], [120.99998, 15.762333], [120.99998, 15.761525], [120.996746, 15.761525], [120.996746, 15.763142], [120.993512, 15.763142], [120.993512, 15.76395], [120.994321, 15.76395], [120.994321, 15.764759], [120.990279, 15.764759], [120.990279, 15.766376], [120.991895, 15.766376], [120.991895, 15.767184], [120.994321, 15.767184], [120.994321, 15.766376], [120.995129, 15.766376], [120.995129, 15.767993], [120.992704, 15.767993], [120.992704, 15.768801], [120.988662, 15.768801], [120.988662, 15.76961], [120.987045, 15.76961], [120.987045, 15.772035], [120.986236, 15.772035], [120.986236, 15.771227], [120.985428, 15.771227], [120.985428, 15.770418], [120.982194, 15.770418], [120.982194, 15.771227], [120.981385, 15.771227], [120.981385, 15.772035], [120.980577, 15.772035], [120.980577, 15.772844], [120.979768, 15.772844], [120.979768, 15.773652], [120.97896, 15.773652], [120.97896, 15.77446], [120.978151, 15.77446], [120.978151, 15.775269], [120.975726, 15.775269], [120.975726, 15.776077], [120.974917, 15.776077], [120.974917, 15.78012], [120.974109, 15.78012], [120.974109, 15.780928], [120.9733, 15.780928], [120.9733, 15.781737], [120.972492, 15.781737], [120.972492, 15.782545], [120.971683, 15.782545], [120.971683, 15.781737], [120.970066, 15.781737], [120.970066, 15.784162], [120.969258, 15.784162], [120.969258, 15.784971], [120.970066, 15.784971], [120.970066, 15.785779], [120.970875, 15.785779], [120.970875, 15.786588], [120.971683, 15.786588], [120.971683, 15.785779], [120.972492, 15.785779], [120.972492, 15.786588], [120.9733, 15.786588], [120.9733, 15.788205], [120.971683, 15.788205], [120.971683, 15.789013], [120.970875, 15.789013], [120.970875, 15.789822], [120.970066, 15.789822], [120.970066, 15.79063], [120.969258, 15.79063], [120.969258, 15.793864], [120.966024, 15.793864], [120.966024, 15.794673], [120.965216, 15.794673], [120.965216, 15.795481], [120.961982, 15.795481], [120.961982, 15.79629], [120.961173, 15.79629], [120.961173, 15.797907], [120.959556, 15.797907], [120.959556, 15.797098], [120.957939, 15.797098], [120.957939, 15.79629], [120.957131, 15.79629], [120.957131, 15.798715], [120.955514, 15.798715], [120.955514, 15.797098], [120.953897, 15.797098], [120.953897, 15.79629], [120.953088, 15.79629], [120.953088, 15.795481], [120.95228, 15.795481], [120.95228, 15.79629], [120.950663, 15.79629], [120.950663, 15.797098], [120.951471, 15.797098], [120.951471, 15.797907], [120.95228, 15.797907], [120.95228, 15.798715], [120.953088, 15.798715], [120.953088, 15.800332], [120.949854, 15.800332], [120.949854, 15.799523], [120.949046, 15.799523], [120.949046, 15.798715], [120.947429, 15.798715], [120.947429, 15.799523], [120.94662, 15.799523], [120.94662, 15.798715], [120.945003, 15.798715], [120.945003, 15.797098], [120.940961, 15.797098], [120.940961, 15.798715], [120.938536, 15.798715], [120.938536, 15.799523], [120.937727, 15.799523], [120.937727, 15.800332], [120.936919, 15.800332], [120.936919, 15.80114], [120.938536, 15.80114], [120.938536, 15.802757], [120.936919, 15.802757], [120.936919, 15.804374], [120.934493, 15.804374], [120.934493, 15.805183], [120.933685, 15.805183], [120.933685, 15.805991], [120.932876, 15.805991], [120.932876, 15.8068], [120.932068, 15.8068], [120.932068, 15.807608], [120.929642, 15.807608], [120.929642, 15.8068], [120.928025, 15.8068], [120.928025, 15.807608], [120.9256, 15.807608], [120.9256, 15.809225], [120.924791, 15.809225], [120.924791, 15.812459], [120.9256, 15.812459], [120.9256, 15.813268], [120.923983, 15.813268], [120.923983, 15.812459], [120.922366, 15.812459], [120.922366, 15.813268], [120.921557, 15.813268], [120.921557, 15.814076], [120.920749, 15.814076], [120.920749, 15.816502], [120.919132, 15.816502], [120.919132, 15.81731], [120.917515, 15.81731], [120.917515, 15.821353], [120.916707, 15.821353], [120.916707, 15.824586], [120.915898, 15.824586], [120.915898, 15.825395], [120.913473, 15.825395], [120.913473, 15.82782], [120.912664, 15.82782], [120.912664, 15.828629], [120.911856, 15.828629], [120.911856, 15.831054], [120.910239, 15.831054], [120.910239, 15.82782], [120.907813, 15.82782], [120.907813, 15.828629], [120.907005, 15.828629], [120.907005, 15.831054], [120.906196, 15.831054], [120.906196, 15.832671], [120.903771, 15.832671], [120.903771, 15.831863], [120.902962, 15.831863], [120.902962, 15.834288], [120.902154, 15.834288], [120.902154, 15.835097], [120.901345, 15.835097], [120.901345, 15.837522], [120.899728, 15.837522], [120.899728, 15.838331], [120.898111, 15.838331], [120.898111, 15.839948], [120.89892, 15.839948], [120.89892, 15.841565], [120.899728, 15.841565], [120.899728, 15.842373], [120.896494, 15.842373], [120.896494, 15.839948], [120.897303, 15.839948], [120.897303, 15.836714], [120.896494, 15.836714], [120.896494, 15.838331], [120.895686, 15.838331], [120.895686, 15.835905], [120.894069, 15.835905], [120.894069, 15.836714], [120.89326, 15.836714], [120.89326, 15.837522], [120.892452, 15.837522], [120.892452, 15.839948], [120.891644, 15.839948], [120.891644, 15.839139], [120.890835, 15.839139], [120.890835, 15.838331], [120.890027, 15.838331], [120.890027, 15.839948], [120.88841, 15.839948], [120.88841, 15.841565], [120.890835, 15.841565], [120.890835, 15.843182], [120.88841, 15.843182], [120.88841, 15.844799], [120.886793, 15.844799], [120.886793, 15.845607], [120.885984, 15.845607], [120.885984, 15.846416], [120.883559, 15.846416], [120.883559, 15.848033], [120.884367, 15.848033], [120.884367, 15.848841], [120.885176, 15.848841], [120.885176, 15.849649], [120.884367, 15.849649], [120.884367, 15.850458], [120.883559, 15.850458], [120.883559, 15.849649], [120.88275, 15.849649], [120.88275, 15.848841], [120.881942, 15.848841], [120.881942, 15.846416], [120.877899, 15.846416], [120.877899, 15.848033], [120.877091, 15.848033], [120.877091, 15.849649], [120.875474, 15.849649], [120.875474, 15.850458], [120.873048, 15.850458], [120.873048, 15.851266], [120.87224, 15.851266], [120.87224, 15.850458], [120.869814, 15.850458], [120.869814, 15.852075], [120.869006, 15.852075], [120.869006, 15.855309], [120.867389, 15.855309], [120.867389, 15.853692], [120.86173, 15.853692], [120.86173, 15.855309], [120.860113, 15.855309], [120.860113, 15.856117], [120.856879, 15.856117], [120.856879, 15.855309], [120.85607, 15.855309], [120.85607, 15.858543], [120.853645, 15.858543], [120.853645, 15.860968], [120.852028, 15.860968], [120.852028, 15.861777], [120.852836, 15.861777], [120.852836, 15.864202], [120.852028, 15.864202], [120.852028, 15.865819], [120.851219, 15.865819], [120.851219, 15.869053], [120.850411, 15.869053], [120.850411, 15.869862], [120.849602, 15.869862], [120.849602, 15.871479], [120.848794, 15.871479], [120.848794, 15.872287], [120.84556, 15.872287], [120.84556, 15.871479], [120.846368, 15.871479], [120.846368, 15.866628], [120.84556, 15.866628], [120.84556, 15.865011], [120.844751, 15.865011], [120.844751, 15.864202], [120.843943, 15.864202], [120.843943, 15.860968], [120.843134, 15.860968], [120.843134, 15.86016], [120.842326, 15.86016], [120.842326, 15.858543], [120.841518, 15.858543], [120.841518, 15.857734], [120.839092, 15.857734], [120.839092, 15.855309], [120.837475, 15.855309], [120.837475, 15.850458], [120.840709, 15.850458], [120.840709, 15.852883], [120.841518, 15.852883], [120.841518, 15.853692], [120.843943, 15.853692], [120.843943, 15.852883], [120.844751, 15.852883], [120.844751, 15.852075], [120.843134, 15.852075], [120.843134, 15.850458], [120.843943, 15.850458], [120.843943, 15.848033], [120.843134, 15.848033], [120.843134, 15.848841], [120.841518, 15.848841], [120.841518, 15.847224], [120.842326, 15.847224], [120.842326, 15.844799], [120.843134, 15.844799], [120.843134, 15.84399], [120.84556, 15.84399], [120.84556, 15.842373], [120.844751, 15.842373], [120.844751, 15.841565], [120.846368, 15.841565], [120.846368, 15.842373], [120.847985, 15.842373], [120.847985, 15.841565], [120.849602, 15.841565], [120.849602, 15.840756], [120.851219, 15.840756], [120.851219, 15.837522], [120.849602, 15.837522], [120.849602, 15.836714], [120.850411, 15.836714], [120.850411, 15.835097], [120.852836, 15.835097], [120.852836, 15.832671], [120.851219, 15.832671], [120.851219, 15.831054], [120.856879, 15.831054], [120.856879, 15.825395], [120.857687, 15.825395], [120.857687, 15.824586], [120.859304, 15.824586], [120.859304, 15.825395], [120.86173, 15.825395], [120.86173, 15.82782], [120.862538, 15.82782], [120.862538, 15.828629], [120.869006, 15.828629], [120.869006, 15.829437], [120.870623, 15.829437], [120.870623, 15.828629], [120.869814, 15.828629], [120.869814, 15.827012], [120.871431, 15.827012], [120.871431, 15.82782], [120.873048, 15.82782], [120.873048, 15.826203], [120.873857, 15.826203], [120.873857, 15.823778], [120.87224, 15.823778], [120.87224, 15.822161], [120.873857, 15.822161], [120.873857, 15.818927], [120.87224, 15.818927], [120.87224, 15.818119], [120.869814, 15.818119], [120.869814, 15.81731], [120.868197, 15.81731], [120.868197, 15.816502], [120.865772, 15.816502], [120.865772, 15.818927], [120.864155, 15.818927], [120.864155, 15.818119], [120.862538, 15.818119], [120.862538, 15.819736], [120.860921, 15.819736], [120.860921, 15.821353], [120.857687, 15.821353], [120.857687, 15.819736], [120.858496, 15.819736], [120.858496, 15.818119], [120.856879, 15.818119], [120.856879, 15.819736], [120.855262, 15.819736], [120.855262, 15.81731], [120.85607, 15.81731], [120.85607, 15.815693], [120.855262, 15.815693], [120.855262, 15.814885], [120.853645, 15.814885], [120.853645, 15.814076], [120.85607, 15.814076], [120.85607, 15.813268], [120.856879, 15.813268], [120.856879, 15.812459], [120.858496, 15.812459], [120.858496, 15.810034], [120.857687, 15.810034], [120.857687, 15.808417], [120.858496, 15.808417], [120.858496, 15.8068], [120.857687, 15.8068], [120.857687, 15.805991], [120.852836, 15.805991], [120.852836, 15.8068], [120.850411, 15.8068], [120.850411, 15.805991], [120.851219, 15.805991], [120.851219, 15.805183], [120.852836, 15.805183], [120.852836, 15.804374], [120.855262, 15.804374], [120.855262, 15.801949], [120.85465, 15.801949], [120.853232, 15.803464], [120.843623, 15.804735], [120.839712, 15.807767], [120.837501, 15.808334], [120.835289, 15.8089], [120.831378, 15.811932], [120.825849, 15.81335], [120.824431, 15.818875], [120.820436, 15.824034], [120.814456, 15.825568], [120.808989, 15.830125], [120.808333, 15.837501], [120.808686, 15.839926], [120.812146, 15.843409], [120.812855, 15.848256], [120.824645, 15.860077], [120.825002, 15.870832], [120.844091, 15.871185], [120.847574, 15.874645], [120.85659, 15.875354], [120.860077, 15.878814], [120.877423, 15.879519], [120.885075, 15.887148], [120.889926, 15.887853], [120.897573, 15.895478], [120.914955, 15.896187], [120.92048, 15.901743], [120.921184, 15.90659], [120.928814, 15.914242], [120.929523, 15.91912], [120.939244, 15.928814], [120.941665, 15.929166], [120.941313, 15.935757], [120.937853, 15.939244], [120.937148, 15.952425], [120.933688, 15.955908], [120.932979, 15.964924], [120.921184, 15.976741], [120.92048, 15.997547], [120.924645, 16.001743], [120.925001, 16.004168], [120.924645, 16.00659], [120.921184, 16.010077], [120.920832, 16.025001], [120.920832, 16.029166], [120.920266, 16.039712], [120.913069, 16.047787], [120.911932, 16.052211], [120.907936, 16.057366], [120.900851, 16.059185], [120.899148, 16.065816], [120.895834, 16.066667], [120.896187, 16.077423], [120.899647, 16.08091], [120.900352, 16.093382], [120.896187, 16.097578], [120.895482, 16.110045], [120.899647, 16.114241], [120.899999, 16.125001], [120.900356, 16.127458], [120.905908, 16.132979], [120.910759, 16.133688], [120.914955, 16.137852], [120.919093, 16.137148], [120.922576, 16.133688], [120.939926, 16.132979], [120.947573, 16.125353], [120.952425, 16.124645], [120.960077, 16.117019], [120.964924, 16.116315], [120.96912, 16.112146], [120.973293, 16.112859], [120.978814, 16.118411], [120.979518, 16.123258], [120.982979, 16.12674], [120.983688, 16.135788], [120.989244, 16.141313], [120.991665, 16.141665], [120.994091, 16.141313], [121.005907, 16.129518], [121.012498, 16.129166], [121.031592, 16.129518], [121.035788, 16.133688], [121.039926, 16.132979], [121.043408, 16.129518], [121.04826, 16.128814], [121.052451, 16.124644], [121.05659, 16.125354], [121.060077, 16.128814], [121.069093, 16.129518], [121.073289, 16.133688], [121.081592, 16.132979], [121.085788, 16.128814], [121.09826, 16.129518], [121.101742, 16.132979], [121.104168, 16.133335], [121.10452, 16.13091], [121.107981, 16.127423], [121.108333, 16.125001], [121.108926, 16.100918], [121.114709, 16.099433], [121.118625, 16.096401], [121.125001, 16.095834], [121.127422, 16.095482], [121.130909, 16.092022], [121.154168, 16.091665], [121.154525, 16.089213], [121.16841, 16.075354], [121.173289, 16.07464], [121.182978, 16.064924], [121.183335, 16.054168], [121.182978, 16.047573], [121.179518, 16.044091], [121.178814, 16.039244], [121.174649, 16.035048], [121.175353, 16.03091], [121.182978, 16.023258], [121.183335, 16.016667], [121.186862, 16.015762], [121.188133, 15.996811], [121.193622, 15.992236], [121.20221, 15.991099], [121.21029, 15.983902], [121.218879, 15.982765], [121.226958, 15.975568], [121.240768, 15.974337], [121.241664, 15.970832], [121.241664, 15.966667], [121.244982, 15.965816], [121.245834, 15.962498], [121.245481, 15.960077], [121.242021, 15.95659], [121.241664, 15.945835], [121.241664, 15.941665], [121.2438, 15.941023], [121.247867, 15.938143], [121.253423, 15.93647], [121.254966, 15.921336], [121.264531, 15.913145], [121.269868, 15.911535], [121.271799, 15.905132], [121.277137, 15.903522], [121.281199, 15.900642], [121.295062, 15.899228], [121.296578, 15.884361], [121.302134, 15.882689], [121.314531, 15.871475], [121.316667, 15.870833], [121.316314, 15.855908], [121.308685, 15.848256], [121.30798, 15.839244], [121.303815, 15.835048], [121.30452, 15.822576], [121.312854, 15.814215], [121.312145, 15.810077], [121.30452, 15.802425], [121.303811, 15.760051], [121.29409, 15.750352], [121.289243, 15.749647], [121.285756, 15.746187], [121.283335, 15.745835], [121.283687, 15.743409], [121.287852, 15.739213], [121.287147, 15.73091], [121.283687, 15.727423], [121.282978, 15.722576], [121.279518, 15.719089], [121.279166, 15.716668], [121.279776, 15.700914], [121.286791, 15.699113], [121.288066, 15.689454], [121.291098, 15.685543], [121.292235, 15.681124], [121.307766, 15.66471], [121.308966, 15.646812], [121.315815, 15.6411], [121.331377, 15.642232], [121.335426, 15.645371], [121.343622, 15.638067], [121.349419, 15.636578], [121.357766, 15.627209], [121.359184, 15.621685], [121.362502, 15.620833], [121.366666, 15.620833], [121.367518, 15.617515], [121.370831, 15.616668], [121.386474, 15.616062], [121.399432, 15.602212], [121.400703, 15.592585], [121.406125, 15.588067], [121.410544, 15.586935], [121.414455, 15.583903], [121.424113, 15.582623], [121.425901, 15.575662], [121.433335, 15.574998], [121.434186, 15.571685], [121.437499, 15.570833], [121.436933, 15.564457], [121.433901, 15.560546], [121.43267, 15.546732], [121.42566, 15.544935], [121.424434, 15.531125], [121.421402, 15.52721], [121.420265, 15.522791], [121.408899, 15.510546], [121.408332, 15.508334], [121.407744, 15.480086], [121.400707, 15.47828], [121.399294, 15.467556], [121.395833, 15.466668], [121.395267, 15.456123], [121.392235, 15.452212], [121.390817, 15.446683], [121.384186, 15.444984], [121.382483, 15.438349], [121.375678, 15.436605], [121.357766, 15.417676], [121.358899, 15.397789], [121.363068, 15.392416], [121.361761, 15.384224], [121.356379, 15.379734], [121.349633, 15.378004], [121.358899, 15.367605], [121.357766, 15.322791], [121.3464, 15.310542], [121.344616, 15.303599], [121.335288, 15.304732], [121.331377, 15.307764], [121.318624, 15.308901], [121.314709, 15.311933], [121.308333, 15.3125], [121.308685, 15.305909], [121.312145, 15.302426], [121.312854, 15.289241]], [[121.094573, 14.957892], [121.092147, 14.957892], [121.092147, 14.961126], [121.091339, 14.961126], [121.091339, 14.960317], [121.088914, 14.960317], [121.088914, 14.961126], [121.086488, 14.961126], [121.086488, 14.962743], [121.084871, 14.962743], [121.084871, 14.961934], [121.082446, 14.961934], [121.082446, 14.962743], [121.08002, 14.962743], [121.08002, 14.961126], [121.079212, 14.961126], [121.079212, 14.960317], [121.078403, 14.960317], [121.078403, 14.9587], [121.077595, 14.9587], [121.077595, 14.957892], [121.076786, 14.957892], [121.076786, 14.957083], [121.079212, 14.957083], [121.079212, 14.956275], [121.08002, 14.956275], [121.08002, 14.953849], [121.084063, 14.953849], [121.084063, 14.953041], [121.084871, 14.953041], [121.084871, 14.951424], [121.08568, 14.951424], [121.08568, 14.948999], [121.088105, 14.948999], [121.088105, 14.949807], [121.088914, 14.949807], [121.088914, 14.952233], [121.089722, 14.952233], [121.089722, 14.953041], [121.091339, 14.953041], [121.091339, 14.946573], [121.092956, 14.946573], [121.092956, 14.947382], [121.092147, 14.947382], [121.092147, 14.954658], [121.092956, 14.954658], [121.092956, 14.955466], [121.093764, 14.955466], [121.093764, 14.956275], [121.094573, 14.956275], [121.094573, 14.957892]], [[121.11236, 15.237627], [121.113168, 15.237627], [121.113168, 15.238436], [121.116402, 15.238436], [121.116402, 15.239244], [121.118019, 15.239244], [121.118019, 15.238436], [121.119636, 15.238436], [121.119636, 15.237627], [121.125295, 15.237627], [121.125295, 15.238436], [121.124487, 15.238436], [121.124487, 15.239244], [121.12287, 15.239244], [121.12287, 15.240053], [121.121253, 15.240053], [121.121253, 15.239244], [121.119636, 15.239244], [121.119636, 15.242478], [121.118827, 15.242478], [121.118827, 15.244095], [121.119636, 15.244095], [121.119636, 15.244904], [121.120444, 15.244904], [121.120444, 15.246521], [121.121253, 15.246521], [121.121253, 15.247329], [121.12287, 15.247329], [121.12287, 15.246521], [121.123678, 15.246521], [121.123678, 15.248138], [121.12287, 15.248138], [121.12287, 15.251371], [121.121253, 15.251371], [121.121253, 15.249755], [121.119636, 15.249755], [121.119636, 15.248138], [121.118827, 15.248138], [121.118827, 15.247329], [121.11721, 15.247329], [121.11721, 15.248138], [121.115594, 15.248138], [121.115594, 15.246521], [121.11721, 15.246521], [121.11721, 15.244904], [121.116402, 15.244904], [121.116402, 15.243287], [121.113977, 15.243287], [121.113977, 15.24167], [121.115594, 15.24167], [121.115594, 15.242478], [121.116402, 15.242478], [121.116402, 15.240861], [121.115594, 15.240861], [121.115594, 15.239244], [121.113977, 15.239244], [121.113977, 15.240053], [121.113168, 15.240053], [121.113168, 15.240861], [121.11236, 15.240861], [121.11236, 15.240053], [121.110743, 15.240053], [121.110743, 15.239244], [121.109934, 15.239244], [121.109934, 15.238436], [121.109126, 15.238436], [121.109126, 15.237627], [121.107509, 15.237627], [121.107509, 15.235202], [121.108317, 15.235202], [121.108317, 15.233585], [121.109126, 15.233585], [121.109126, 15.231968], [121.109934, 15.231968], [121.109934, 15.231159], [121.110743, 15.231159], [121.110743, 15.228734], [121.113977, 15.228734], [121.113977, 15.230351], [121.11236, 15.230351], [121.11236, 15.231968], [121.113168, 15.231968], [121.113168, 15.233585], [121.111551, 15.233585], [121.111551, 15.23601], [121.11236, 15.23601], [121.11236, 15.237627]], [[121.157635, 15.296647], [121.155209, 15.296647], [121.155209, 15.294221], [121.157635, 15.294221], [121.157635, 15.293413], [121.158443, 15.293413], [121.158443, 15.292604], [121.16006, 15.292604], [121.16006, 15.291796], [121.162486, 15.291796], [121.162486, 15.290987], [121.164103, 15.290987], [121.164103, 15.293413], [121.163294, 15.293413], [121.163294, 15.294221], [121.160869, 15.294221], [121.160869, 15.29503], [121.158443, 15.29503], [121.158443, 15.295838], [121.157635, 15.295838], [121.157635, 15.296647]], [[121.142273, 15.301497], [121.135806, 15.301497], [121.135806, 15.299881], [121.138231, 15.299881], [121.138231, 15.299072], [121.139848, 15.299072], [121.139848, 15.298264], [121.140657, 15.298264], [121.140657, 15.296647], [121.141465, 15.296647], [121.141465, 15.295838], [121.142273, 15.295838], [121.142273, 15.294221], [121.14389, 15.294221], [121.14389, 15.293413], [121.146316, 15.293413], [121.146316, 15.294221], [121.147124, 15.294221], [121.147124, 15.29503], [121.147933, 15.29503], [121.147933, 15.296647], [121.148741, 15.296647], [121.148741, 15.298264], [121.14955, 15.298264], [121.14955, 15.299881], [121.147933, 15.299881], [121.147933, 15.297455], [121.145507, 15.297455], [121.145507, 15.298264], [121.144699, 15.298264], [121.144699, 15.299072], [121.14389, 15.299072], [121.14389, 15.299881], [121.142273, 15.299881], [121.142273, 15.301497]], [[121.153592, 15.297455], [121.156018, 15.297455], [121.156018, 15.298264], [121.159252, 15.298264], [121.159252, 15.297455], [121.162486, 15.297455], [121.162486, 15.299072], [121.16006, 15.299072], [121.16006, 15.299881], [121.158443, 15.299881], [121.158443, 15.300689], [121.157635, 15.300689], [121.157635, 15.301497], [121.153592, 15.301497], [121.153592, 15.297455]]], [[[120.541519, 15.102957], [120.535365, 15.104808], [120.531303, 15.107689], [120.527031, 15.108977], [120.51047, 15.124357], [120.506198, 15.125641], [120.502136, 15.128526], [120.48718, 15.12981], [120.481303, 15.125641], [120.464532, 15.124357], [120.46047, 15.121476], [120.43718, 15.120192], [120.431303, 15.124357], [120.405084, 15.125641], [120.404165, 15.116665], [120.400852, 15.115817], [120.4, 15.1125], [120.39341, 15.112852], [120.389923, 15.116312], [120.380911, 15.117021], [120.373259, 15.124646], [120.370833, 15.124999], [120.366669, 15.124999], [120.365817, 15.128316], [120.362499, 15.129168], [120.363351, 15.132481], [120.366669, 15.133333], [120.366067, 15.153252], [120.362499, 15.154166], [120.3634, 15.157671], [120.370833, 15.158335], [120.385758, 15.158687], [120.38924, 15.162148], [120.391666, 15.1625], [120.392233, 15.168876], [120.416098, 15.193624], [120.417235, 15.202213], [120.420267, 15.206123], [120.421466, 15.224004], [120.431125, 15.232766], [120.43665, 15.234184], [120.43842, 15.241083], [120.447788, 15.249434], [120.458334, 15.250001], [120.45895, 15.264662], [120.461884, 15.268671], [120.463119, 15.277161], [120.470276, 15.28541], [120.466048, 15.291198], [120.467284, 15.297994], [120.474383, 15.306172], [120.476157, 15.312388], [120.481174, 15.316049], [120.48673, 15.317636], [120.488117, 15.327161], [120.491051, 15.331174], [120.49233, 15.36163], [120.506171, 15.374383], [120.512387, 15.376158], [120.516048, 15.381174], [120.517471, 15.390931], [120.520622, 15.391239], [120.524592, 15.391239], [120.524592, 15.390431], [120.5254, 15.390431], [120.5254, 15.387197], [120.523783, 15.387197], [120.523783, 15.386388], [120.524592, 15.386388], [120.524592, 15.38558], [120.523783, 15.38558], [120.523783, 15.383963], [120.522975, 15.383963], [120.522975, 15.37992], [120.521358, 15.37992], [120.521358, 15.379112], [120.520549, 15.379112], [120.520549, 15.378303], [120.523783, 15.378303], [120.523783, 15.379112], [120.524592, 15.379112], [120.524592, 15.383154], [120.527826, 15.383154], [120.527826, 15.383963], [120.528634, 15.383963], [120.528634, 15.383154], [120.529443, 15.383154], [120.529443, 15.383963], [120.530251, 15.383963], [120.530251, 15.38558], [120.53106, 15.38558], [120.53106, 15.388814], [120.531868, 15.388814], [120.531868, 15.391239], [120.53106, 15.391239], [120.53106, 15.392048], [120.531868, 15.392048], [120.531868, 15.392682], [120.534321, 15.394473], [120.535102, 15.394473], [120.535102, 15.391239], [120.534294, 15.391239], [120.534294, 15.388814], [120.533485, 15.388814], [120.533485, 15.37992], [120.532677, 15.37992], [120.532677, 15.377495], [120.531868, 15.377495], [120.531868, 15.375878], [120.527826, 15.375878], [120.527826, 15.37507], [120.526209, 15.37507], [120.526209, 15.375878], [120.524592, 15.375878], [120.524592, 15.372644], [120.527826, 15.372644], [120.527826, 15.371027], [120.520549, 15.371027], [120.520549, 15.370219], [120.519741, 15.370219], [120.519741, 15.36941], [120.516507, 15.36941], [120.516507, 15.366985], [120.519741, 15.366985], [120.519741, 15.365368], [120.518932, 15.365368], [120.518932, 15.363751], [120.519741, 15.363751], [120.519741, 15.362134], [120.518932, 15.362134], [120.518932, 15.361325], [120.515699, 15.361325], [120.515699, 15.360517], [120.51489, 15.360517], [120.51489, 15.3589], [120.513273, 15.3589], [120.513273, 15.359708], [120.512465, 15.359708], [120.512465, 15.360517], [120.511656, 15.360517], [120.511656, 15.359708], [120.510848, 15.359708], [120.510848, 15.3589], [120.509231, 15.3589], [120.509231, 15.359708], [120.508422, 15.359708], [120.508422, 15.3589], [120.507614, 15.3589], [120.507614, 15.358091], [120.50438, 15.358091], [120.50438, 15.357283], [120.508422, 15.357283], [120.508422, 15.354049], [120.512465, 15.354049], [120.512465, 15.352432], [120.511656, 15.352432], [120.511656, 15.350815], [120.509231, 15.350815], [120.509231, 15.34839], [120.508422, 15.34839], [120.508422, 15.347581], [120.509231, 15.347581], [120.509231, 15.346773], [120.508422, 15.346773], [120.508422, 15.345156], [120.507614, 15.345156], [120.507614, 15.344347], [120.506805, 15.344347], [120.506805, 15.34273], [120.50438, 15.34273], [120.50438, 15.340305], [120.505997, 15.340305], [120.505997, 15.335454], [120.505188, 15.335454], [120.505188, 15.333837], [120.503571, 15.333837], [120.503571, 15.329794], [120.501954, 15.329794], [120.501954, 15.328986], [120.501146, 15.328986], [120.501146, 15.327369], [120.500337, 15.327369], [120.500337, 15.32656], [120.499529, 15.32656], [120.499529, 15.324135], [120.500337, 15.324135], [120.500337, 15.32171], [120.499529, 15.32171], [120.499529, 15.320901], [120.497912, 15.320901], [120.497912, 15.317667], [120.496295, 15.317667], [120.496295, 15.31605], [120.497103, 15.31605], [120.497103, 15.315242], [120.496295, 15.315242], [120.496295, 15.314433], [120.495486, 15.314433], [120.495486, 15.313625], [120.494678, 15.313625], [120.494678, 15.310391], [120.495486, 15.310391], [120.495486, 15.308774], [120.497103, 15.308774], [120.497103, 15.309582], [120.497912, 15.309582], [120.497912, 15.310391], [120.499529, 15.310391], [120.499529, 15.312008], [120.502763, 15.312008], [120.502763, 15.313625], [120.50438, 15.313625], [120.50438, 15.308774], [120.502763, 15.308774], [120.502763, 15.306348], [120.503571, 15.306348], [120.503571, 15.30554], [120.50438, 15.30554], [120.50438, 15.306348], [120.505188, 15.306348], [120.505188, 15.307965], [120.506805, 15.307965], [120.506805, 15.310391], [120.508422, 15.310391], [120.508422, 15.311199], [120.509231, 15.311199], [120.509231, 15.312008], [120.510039, 15.312008], [120.510039, 15.313625], [120.510848, 15.313625], [120.510848, 15.317667], [120.511656, 15.317667], [120.511656, 15.318476], [120.512465, 15.318476], [120.512465, 15.319284], [120.513273, 15.319284], [120.513273, 15.320093], [120.51489, 15.320093], [120.51489, 15.320901], [120.516507, 15.320901], [120.516507, 15.32171], [120.517316, 15.32171], [120.517316, 15.322518], [120.518124, 15.322518], [120.518124, 15.323327], [120.518932, 15.323327], [120.518932, 15.324944], [120.519741, 15.324944], [120.519741, 15.32656], [120.521358, 15.32656], [120.521358, 15.327369], [120.522975, 15.327369], [120.522975, 15.328177], [120.524592, 15.328177], [120.524592, 15.32656], [120.5254, 15.32656], [120.5254, 15.324944], [120.524592, 15.324944], [120.524592, 15.324135], [120.522975, 15.324135], [120.522975, 15.324944], [120.521358, 15.324944], [120.521358, 15.32171], [120.522166, 15.32171], [120.522166, 15.320901], [120.526209, 15.320901], [120.526209, 15.319284], [120.524592, 15.319284], [120.524592, 15.317667], [120.522975, 15.317667], [120.522975, 15.31605], [120.521358, 15.31605], [120.521358, 15.316859], [120.519741, 15.316859], [120.519741, 15.31605], [120.518932, 15.31605], [120.518932, 15.314433], [120.518124, 15.314433], [120.518124, 15.313625], [120.515699, 15.313625], [120.515699, 15.310391], [120.51489, 15.310391], [120.51489, 15.307157], [120.514082, 15.307157], [120.514082, 15.304731], [120.515699, 15.304731], [120.515699, 15.30554], [120.517316, 15.30554], [120.517316, 15.306348], [120.518124, 15.306348], [120.518124, 15.307157], [120.518932, 15.307157], [120.518932, 15.310391], [120.519741, 15.310391], [120.519741, 15.311199], [120.522166, 15.311199], [120.522166, 15.310391], [120.522975, 15.310391], [120.522975, 15.307157], [120.522166, 15.307157], [120.522166, 15.306348], [120.521358, 15.306348], [120.521358, 15.30554], [120.520549, 15.30554], [120.520549, 15.304731], [120.522166, 15.304731], [120.522166, 15.30554], [120.522975, 15.30554], [120.522975, 15.303923], [120.522166, 15.303923], [120.522166, 15.303114], [120.521358, 15.303114], [120.521358, 15.301497], [120.520549, 15.301497], [120.520549, 15.300689], [120.519741, 15.300689], [120.519741, 15.299072], [120.520549, 15.299072], [120.520549, 15.298264], [120.521358, 15.298264], [120.521358, 15.296647], [120.519741, 15.296647], [120.519741, 15.295838], [120.518932, 15.295838], [120.518932, 15.294221], [120.522166, 15.294221], [120.522166, 15.29503], [120.522975, 15.29503], [120.522975, 15.295838], [120.523783, 15.295838], [120.523783, 15.296647], [120.524592, 15.296647], [120.524592, 15.297455], [120.5254, 15.297455], [120.5254, 15.298264], [120.526209, 15.298264], [120.526209, 15.299881], [120.529443, 15.299881], [120.529443, 15.301497], [120.527826, 15.301497], [120.527826, 15.303114], [120.530251, 15.303114], [120.530251, 15.303923], [120.531868, 15.303923], [120.531868, 15.304731], [120.532677, 15.304731], [120.532677, 15.30554], [120.533485, 15.30554], [120.533485, 15.306348], [120.535102, 15.306348], [120.535102, 15.303923], [120.534294, 15.303923], [120.534294, 15.300689], [120.533485, 15.300689], [120.533485, 15.299881], [120.531868, 15.299881], [120.531868, 15.298264], [120.530251, 15.298264], [120.530251, 15.296647], [120.529443, 15.296647], [120.529443, 15.295838], [120.527826, 15.295838], [120.527826, 15.294221], [120.526209, 15.294221], [120.526209, 15.292604], [120.527826, 15.292604], [120.527826, 15.290987], [120.526209, 15.290987], [120.526209, 15.28937], [120.5254, 15.28937], [120.5254, 15.288562], [120.524592, 15.288562], [120.524592, 15.286945], [120.527017, 15.286945], [120.527017, 15.283711], [120.526209, 15.283711], [120.526209, 15.281285], [120.527826, 15.281285], [120.527826, 15.283711], [120.530251, 15.283711], [120.530251, 15.286136], [120.53106, 15.286136], [120.53106, 15.288562], [120.531868, 15.288562], [120.531868, 15.290179], [120.532677, 15.290179], [120.532677, 15.290987], [120.531868, 15.290987], [120.531868, 15.291796], [120.532677, 15.291796], [120.532677, 15.292604], [120.533485, 15.292604], [120.533485, 15.293413], [120.534294, 15.293413], [120.534294, 15.294221], [120.535102, 15.294221], [120.535102, 15.295838], [120.536719, 15.295838], [120.536719, 15.296647], [120.538336, 15.296647], [120.538336, 15.297455], [120.539145, 15.297455], [120.539145, 15.299881], [120.539953, 15.299881], [120.539953, 15.300689], [120.542379, 15.300689], [120.542379, 15.299881], [120.543995, 15.299881], [120.543995, 15.298264], [120.543187, 15.298264], [120.543187, 15.29503], [120.542379, 15.29503], [120.542379, 15.294221], [120.54157, 15.294221], [120.54157, 15.293413], [120.540762, 15.293413], [120.540762, 15.291796], [120.54157, 15.291796], [120.54157, 15.292604], [120.542379, 15.292604], [120.542379, 15.293413], [120.543187, 15.293413], [120.543187, 15.294221], [120.545612, 15.294221], [120.545612, 15.290179], [120.544804, 15.290179], [120.544804, 15.28937], [120.543995, 15.28937], [120.543995, 15.287753], [120.543187, 15.287753], [120.543187, 15.286136], [120.545612, 15.286136], [120.545612, 15.287753], [120.549655, 15.287753], [120.549655, 15.282902], [120.548846, 15.282902], [120.548846, 15.282094], [120.548038, 15.282094], [120.548038, 15.280477], [120.549655, 15.280477], [120.549655, 15.27886], [120.548038, 15.27886], [120.548038, 15.276434], [120.547229, 15.276434], [120.547229, 15.275626], [120.546421, 15.275626], [120.546421, 15.274818], [120.543995, 15.274818], [120.543995, 15.272392], [120.54157, 15.272392], [120.54157, 15.271584], [120.542379, 15.271584], [120.542379, 15.269967], [120.539953, 15.269967], [120.539953, 15.269158], [120.538336, 15.269158], [120.538336, 15.267541], [120.54157, 15.267541], [120.54157, 15.26835], [120.542379, 15.26835], [120.542379, 15.269158], [120.543187, 15.269158], [120.543187, 15.269967], [120.544804, 15.269967], [120.544804, 15.270775], [120.546421, 15.270775], [120.546421, 15.271584], [120.549655, 15.271584], [120.549655, 15.26835], [120.55208, 15.26835], [120.55208, 15.269158], [120.552889, 15.269158], [120.552889, 15.269967], [120.555314, 15.269967], [120.555314, 15.266733], [120.554506, 15.266733], [120.554506, 15.265116], [120.553697, 15.265116], [120.553697, 15.264307], [120.552889, 15.264307], [120.552889, 15.263499], [120.553697, 15.263499], [120.553697, 15.26269], [120.555314, 15.26269], [120.555314, 15.261073], [120.554506, 15.261073], [120.554506, 15.259456], [120.553697, 15.259456], [120.553697, 15.258648], [120.548846, 15.258648], [120.548846, 15.257031], [120.545612, 15.257031], [120.545612, 15.258648], [120.543995, 15.258648], [120.543995, 15.257031], [120.540762, 15.257031], [120.540762, 15.258648], [120.539953, 15.258648], [120.539953, 15.257839], [120.539145, 15.257839], [120.539145, 15.255414], [120.531868, 15.255414], [120.531868, 15.256222], [120.53106, 15.256222], [120.53106, 15.254605], [120.531868, 15.254605], [120.531868, 15.253797], [120.542379, 15.253797], [120.542379, 15.251371], [120.539953, 15.251371], [120.539953, 15.25218], [120.535102, 15.25218], [120.535102, 15.250563], [120.534294, 15.250563], [120.534294, 15.249755], [120.531868, 15.249755], [120.531868, 15.248138], [120.529443, 15.248138], [120.529443, 15.247329], [120.528634, 15.247329], [120.528634, 15.246521], [120.527826, 15.246521], [120.527826, 15.245712], [120.526209, 15.245712], [120.526209, 15.246521], [120.523783, 15.246521], [120.523783, 15.243287], [120.524592, 15.243287], [120.524592, 15.242478], [120.526209, 15.242478], [120.526209, 15.243287], [120.528634, 15.243287], [120.528634, 15.244095], [120.530251, 15.244095], [120.530251, 15.244904], [120.536719, 15.244904], [120.536719, 15.245712], [120.539953, 15.245712], [120.539953, 15.244095], [120.540762, 15.244095], [120.540762, 15.244904], [120.542379, 15.244904], [120.542379, 15.245712], [120.543995, 15.245712], [120.543995, 15.246521], [120.547229, 15.246521], [120.547229, 15.247329], [120.548038, 15.247329], [120.548038, 15.248138], [120.548846, 15.248138], [120.548846, 15.248946], [120.550463, 15.248946], [120.550463, 15.249755], [120.554506, 15.249755], [120.554506, 15.250563], [120.558548, 15.250563], [120.558548, 15.248946], [120.55774, 15.248946], [120.55774, 15.247329], [120.556931, 15.247329], [120.556931, 15.246521], [120.556123, 15.246521], [120.556123, 15.244904], [120.55774, 15.244904], [120.55774, 15.245712], [120.558548, 15.245712], [120.558548, 15.248138], [120.560165, 15.248138], [120.560165, 15.244904], [120.560974, 15.244904], [120.560974, 15.246521], [120.561782, 15.246521], [120.561782, 15.248138], [120.565016, 15.248138], [120.565016, 15.247329], [120.565825, 15.247329], [120.565825, 15.248946], [120.567442, 15.248946], [120.567442, 15.245712], [120.566633, 15.245712], [120.566633, 15.244904], [120.565016, 15.244904], [120.565016, 15.242478], [120.566633, 15.242478], [120.566633, 15.243287], [120.569867, 15.243287], [120.569867, 15.242478], [120.570675, 15.242478], [120.570675, 15.240053], [120.569867, 15.240053], [120.569867, 15.239244], [120.570675, 15.239244], [120.570675, 15.237627], [120.571484, 15.237627], [120.571484, 15.23601], [120.572292, 15.23601], [120.572292, 15.235202], [120.573101, 15.235202], [120.573101, 15.233585], [120.573909, 15.233585], [120.573909, 15.227925], [120.575526, 15.227925], [120.575526, 15.227117], [120.577952, 15.227117], [120.577952, 15.2255], [120.57876, 15.2255], [120.57876, 15.224692], [120.579569, 15.224692], [120.579569, 15.223883], [120.581186, 15.223883], [120.581186, 15.223075], [120.580377, 15.223075], [120.580377, 15.220649], [120.581186, 15.220649], [120.581186, 15.219032], [120.580377, 15.219032], [120.580377, 15.214181], [120.583611, 15.214181], [120.583611, 15.212564], [120.58442, 15.212564], [120.58442, 15.213373], [120.585228, 15.213373], [120.585228, 15.210139], [120.586845, 15.210139], [120.586845, 15.206905], [120.587654, 15.206905], [120.587654, 15.203671], [120.588462, 15.203671], [120.588462, 15.202054], [120.587654, 15.202054], [120.587654, 15.201246], [120.589271, 15.201246], [120.589271, 15.200437], [120.590079, 15.200437], [120.590079, 15.199629], [120.588462, 15.199629], [120.588462, 15.196395], [120.587654, 15.196395], [120.587654, 15.195586], [120.590888, 15.195586], [120.590888, 15.194778], [120.591696, 15.194778], [120.591696, 15.193969], [120.590888, 15.193969], [120.590888, 15.193161], [120.591696, 15.193161], [120.591696, 15.192352], [120.593313, 15.192352], [120.593313, 15.191544], [120.592505, 15.191544], [120.592505, 15.190735], [120.591696, 15.190735], [120.591696, 15.18831], [120.592505, 15.18831], [120.592505, 15.187501], [120.593313, 15.187501], [120.593313, 15.184267], [120.594121, 15.184267], [120.594121, 15.179416], [120.595738, 15.179416], [120.595738, 15.177799], [120.59493, 15.177799], [120.59493, 15.176991], [120.593313, 15.176991], [120.593313, 15.176183], [120.592505, 15.176183], [120.592505, 15.175374], [120.591696, 15.175374], [120.591696, 15.173757], [120.592505, 15.173757], [120.592505, 15.17214], [120.593313, 15.17214], [120.593313, 15.170523], [120.592505, 15.170523], [120.592505, 15.168906], [120.593313, 15.168906], [120.593313, 15.168098], [120.594121, 15.168098], [120.594121, 15.167289], [120.593313, 15.167289], [120.593313, 15.166481], [120.591696, 15.166481], [120.591696, 15.164864], [120.590888, 15.164864], [120.590888, 15.163247], [120.591696, 15.163247], [120.591696, 15.160821], [120.590888, 15.160821], [120.590888, 15.16163], [120.588462, 15.16163], [120.588462, 15.160013], [120.589271, 15.160013], [120.589271, 15.157587], [120.590079, 15.157587], [120.590079, 15.156779], [120.589271, 15.156779], [120.589271, 15.155162], [120.588462, 15.155162], [120.588462, 15.154353], [120.586037, 15.154353], [120.586037, 15.153545], [120.58442, 15.153545], [120.58442, 15.152736], [120.582803, 15.152736], [120.582803, 15.151928], [120.579569, 15.151928], [120.579569, 15.15112], [120.580377, 15.15112], [120.580377, 15.150311], [120.585228, 15.150311], [120.585228, 15.15112], [120.586845, 15.15112], [120.586845, 15.151928], [120.588462, 15.151928], [120.588462, 15.152736], [120.591696, 15.152736], [120.591696, 15.150311], [120.590888, 15.150311], [120.590888, 15.148694], [120.590079, 15.148694], [120.590079, 15.147886], [120.589271, 15.147886], [120.589271, 15.147077], [120.590079, 15.147077], [120.590079, 15.146269], [120.589271, 15.146269], [120.589271, 15.143843], [120.590888, 15.143843], [120.590888, 15.141418], [120.590079, 15.141418], [120.590079, 15.140609], [120.589271, 15.140609], [120.589271, 15.138184], [120.586845, 15.138184], [120.586845, 15.13495], [120.586037, 15.13495], [120.586037, 15.134141], [120.582803, 15.134141], [120.582803, 15.132524], [120.581186, 15.132524], [120.581186, 15.12929], [120.580377, 15.12929], [120.580377, 15.128482], [120.579569, 15.128482], [120.579569, 15.127673], [120.57876, 15.127673], [120.57876, 15.126865], [120.577952, 15.126865], [120.577952, 15.125248], [120.576335, 15.125248], [120.576335, 15.123631], [120.575526, 15.123631], [120.575526, 15.122014], [120.576335, 15.122014], [120.576335, 15.11878], [120.572292, 15.11878], [120.572292, 15.117163], [120.573101, 15.117163], [120.573101, 15.114738], [120.571484, 15.114738], [120.571484, 15.113121], [120.570675, 15.113121], [120.570675, 15.111504], [120.571484, 15.111504], [120.571484, 15.109887], [120.569058, 15.109887], [120.569058, 15.105036], [120.56825, 15.105036], [120.56825, 15.103419], [120.567442, 15.103419], [120.567442, 15.100994], [120.565016, 15.100994], [120.565016, 15.101802], [120.563399, 15.101802], [120.563399, 15.100185], [120.561782, 15.100185], [120.561782, 15.100994], [120.560165, 15.100994], [120.560165, 15.100185], [120.556931, 15.100185], [120.556931, 15.099377], [120.555314, 15.099377], [120.555314, 15.096951], [120.556931, 15.096951], [120.556931, 15.095334], [120.558548, 15.095334], [120.558548, 15.09776], [120.559357, 15.09776], [120.559357, 15.096951], [120.560165, 15.096951], [120.560165, 15.09776], [120.562591, 15.09776], [120.562591, 15.096951], [120.563399, 15.096951], [120.563399, 15.094526], [120.562591, 15.094526], [120.562591, 15.093717], [120.561782, 15.093717], [120.561782, 15.0921], [120.562591, 15.0921], [120.562591, 15.091292], [120.563399, 15.091292], [120.563399, 15.090483], [120.565016, 15.090483], [120.565016, 15.089675], [120.565825, 15.089675], [120.565825, 15.088866], [120.566633, 15.088866], [120.566633, 15.087249], [120.565016, 15.087249], [120.565016, 15.088058], [120.564208, 15.088058], [120.564208, 15.087249], [120.563399, 15.087249], [120.563399, 15.086441], [120.562591, 15.086441], [120.562591, 15.084015], [120.560974, 15.084015], [120.560974, 15.082398], [120.560165, 15.082398], [120.560165, 15.083207], [120.559357, 15.083207], [120.559357, 15.082398], [120.558548, 15.082398], [120.558548, 15.083207], [120.55774, 15.083207], [120.55774, 15.082398], [120.556931, 15.082398], [120.556931, 15.08159], [120.554506, 15.08159], [120.554506, 15.083207], [120.55208, 15.083207], [120.55208, 15.084015], [120.551272, 15.084015], [120.551272, 15.082398], [120.55052, 15.082398], [120.549358, 15.093803], [120.541519, 15.102957]], [[120.536719, 15.23601], [120.535911, 15.23601], [120.535911, 15.234393], [120.543187, 15.234393], [120.543187, 15.235202], [120.545612, 15.235202], [120.545612, 15.239244], [120.539145, 15.239244], [120.539145, 15.238436], [120.537528, 15.238436], [120.537528, 15.236819], [120.536719, 15.236819], [120.536719, 15.23601]]], [[[120.874431, 15.776955], [120.875002, 15.779167], [120.87415, 15.782484], [120.869006, 15.783802], [120.869006, 15.784162], [120.869814, 15.784162], [120.869814, 15.784971], [120.876282, 15.784971], [120.876282, 15.786588], [120.877899, 15.786588], [120.877899, 15.784971], [120.881133, 15.784971], [120.881133, 15.782545], [120.877899, 15.782545], [120.877899, 15.780928], [120.881133, 15.780928], [120.881133, 15.78012], [120.88275, 15.78012], [120.88275, 15.779311], [120.881133, 15.779311], [120.881133, 15.777694], [120.880325, 15.777694], [120.880325, 15.776886], [120.879516, 15.776886], [120.879516, 15.776077], [120.880325, 15.776077], [120.880325, 15.773652], [120.88275, 15.773652], [120.88275, 15.772035], [120.881133, 15.772035], [120.881133, 15.771227], [120.877899, 15.771227], [120.877899, 15.772844], [120.876282, 15.772844], [120.876282, 15.768801], [120.875102, 15.768801], [120.871292, 15.772906], [120.874431, 15.776955]]], [[[121.061425, 14.952233], [121.061425, 14.953849], [121.059, 14.953849], [121.059, 14.954658], [121.057383, 14.954658], [121.057383, 14.957083], [121.055766, 14.957083], [121.055766, 14.9587], [121.057383, 14.9587], [121.057383, 14.960317], [121.056574, 14.960317], [121.056574, 14.961934], [121.057383, 14.961934], [121.057383, 14.962743], [121.058191, 14.962743], [121.058191, 14.963551], [121.055766, 14.963551], [121.055766, 14.965977], [121.056574, 14.965977], [121.056574, 14.967594], [121.057383, 14.967594], [121.057383, 14.969211], [121.059, 14.969211], [121.059, 14.967594], [121.059808, 14.967594], [121.059808, 14.96436], [121.060617, 14.96436], [121.060617, 14.962743], [121.059808, 14.962743], [121.059808, 14.961934], [121.059, 14.961934], [121.059, 14.959509], [121.060617, 14.959509], [121.060617, 14.9587], [121.063042, 14.9587], [121.063042, 14.956275], [121.063851, 14.956275], [121.063851, 14.955466], [121.064659, 14.955466], [121.064659, 14.953849], [121.066276, 14.953849], [121.066276, 14.951424], [121.067084, 14.951424], [121.067084, 14.950616], [121.067893, 14.950616], [121.067893, 14.947382], [121.068701, 14.947382], [121.068701, 14.946573], [121.06951, 14.946573], [121.06951, 14.944956], [121.067893, 14.944956], [121.067893, 14.942531], [121.066276, 14.942531], [121.066276, 14.940105], [121.064659, 14.940105], [121.064659, 14.940914], [121.063851, 14.940914], [121.063851, 14.939297], [121.064659, 14.939297], [121.064659, 14.938488], [121.065468, 14.938488], [121.065468, 14.93768], [121.066276, 14.93768], [121.066276, 14.936871], [121.064659, 14.936871], [121.064659, 14.93768], [121.063851, 14.93768], [121.063851, 14.938488], [121.062234, 14.938488], [121.062234, 14.936063], [121.060617, 14.936063], [121.060617, 14.935254], [121.059808, 14.935254], [121.059808, 14.936063], [121.057383, 14.936063], [121.057383, 14.93768], [121.058191, 14.93768], [121.058191, 14.938488], [121.059, 14.938488], [121.059, 14.940914], [121.057383, 14.940914], [121.057383, 14.944148], [121.058191, 14.944148], [121.058191, 14.944956], [121.056574, 14.944956], [121.056574, 14.946573], [121.059, 14.946573], [121.059, 14.945765], [121.061425, 14.945765], [121.061425, 14.946573], [121.060617, 14.946573], [121.060617, 14.948999], [121.059808, 14.948999], [121.059808, 14.949807], [121.058191, 14.949807], [121.058191, 14.950616], [121.059808, 14.950616], [121.059808, 14.951424], [121.060617, 14.951424], [121.060617, 14.952233], [121.061425, 14.952233]]], [[[121.03232, 14.99104], [121.036362, 14.99104], [121.036362, 14.991848], [121.037171, 14.991848], [121.037171, 14.995082], [121.038788, 14.995082], [121.038788, 14.993465], [121.037979, 14.993465], [121.037979, 14.989423], [121.039596, 14.989423], [121.039596, 14.984572], [121.037171, 14.984572], [121.037171, 14.983763], [121.036362, 14.983763], [121.036362, 14.982955], [121.034745, 14.982955], [121.034745, 14.983763], [121.035554, 14.983763], [121.035554, 14.987806], [121.03232, 14.987806], [121.03232, 14.988614], [121.033128, 14.988614], [121.033128, 14.990231], [121.03232, 14.990231], [121.03232, 14.99104]]], [[[121.037171, 15.021762], [121.037979, 15.021762], [121.037979, 15.022571], [121.039596, 15.022571], [121.039596, 15.019337], [121.038788, 15.019337], [121.038788, 15.01772], [121.037979, 15.01772], [121.037979, 15.016103], [121.037171, 15.016103], [121.037171, 15.015294], [121.035554, 15.015294], [121.035554, 15.014486], [121.033128, 15.014486], [121.033128, 15.016103], [121.035554, 15.016103], [121.035554, 15.01772], [121.034745, 15.01772], [121.034745, 15.018528], [121.035554, 15.018528], [121.035554, 15.019337], [121.037171, 15.019337], [121.037171, 15.021762]]], [[[121.083254, 15.193969], [121.083254, 15.193161], [121.08002, 15.193161], [121.08002, 15.194778], [121.078403, 15.194778], [121.078403, 15.197203], [121.077595, 15.197203], [121.077595, 15.196395], [121.075978, 15.196395], [121.075978, 15.198012], [121.076786, 15.198012], [121.076786, 15.19882], [121.079212, 15.19882], [121.079212, 15.199629], [121.08002, 15.199629], [121.08002, 15.200437], [121.087297, 15.200437], [121.087297, 15.198012], [121.084871, 15.198012], [121.084871, 15.197203], [121.087297, 15.197203], [121.087297, 15.196395], [121.091339, 15.196395], [121.091339, 15.194778], [121.093764, 15.194778], [121.093764, 15.191544], [121.092147, 15.191544], [121.092147, 15.190735], [121.088914, 15.190735], [121.088914, 15.191544], [121.086488, 15.191544], [121.086488, 15.192352], [121.08568, 15.192352], [121.08568, 15.193969], [121.084871, 15.193969], [121.084871, 15.194778], [121.084063, 15.194778], [121.084063, 15.193969], [121.083254, 15.193969]]], [[[120.704884, 15.200437], [120.704884, 15.201246], [120.704075, 15.201246], [120.704075, 15.210139], [120.703267, 15.210139], [120.703267, 15.211756], [120.704075, 15.211756], [120.704075, 15.212564], [120.704884, 15.212564], [120.704884, 15.21499], [120.705692, 15.21499], [120.705692, 15.215798], [120.707309, 15.215798], [120.707309, 15.216607], [120.708118, 15.216607], [120.708118, 15.218224], [120.708926, 15.218224], [120.708926, 15.219841], [120.710543, 15.219841], [120.710543, 15.221458], [120.712969, 15.221458], [120.712969, 15.222266], [120.715394, 15.222266], [120.715394, 15.223075], [120.716203, 15.223075], [120.716203, 15.226308], [120.717819, 15.226308], [120.717819, 15.2255], [120.718628, 15.2255], [120.718628, 15.224692], [120.719436, 15.224692], [120.719436, 15.223883], [120.721862, 15.223883], [120.721862, 15.2255], [120.721053, 15.2255], [120.721053, 15.226308], [120.720245, 15.226308], [120.720245, 15.228734], [120.721053, 15.228734], [120.721053, 15.231968], [120.721862, 15.231968], [120.721862, 15.231159], [120.724287, 15.231159], [120.724287, 15.231968], [120.726713, 15.231968], [120.726713, 15.230351], [120.72833, 15.230351], [120.72833, 15.231968], [120.729138, 15.231968], [120.729138, 15.232776], [120.730755, 15.232776], [120.730755, 15.23601], [120.735606, 15.23601], [120.735606, 15.235202], [120.736415, 15.235202], [120.736415, 15.23601], [120.737223, 15.23601], [120.737223, 15.235202], [120.738032, 15.235202], [120.738032, 15.23601], [120.740457, 15.23601], [120.740457, 15.236819], [120.742074, 15.236819], [120.742074, 15.23601], [120.743691, 15.23601], [120.743691, 15.238436], [120.746116, 15.238436], [120.746116, 15.237627], [120.74935, 15.237627], [120.74935, 15.23601], [120.750159, 15.23601], [120.750159, 15.235202], [120.750967, 15.235202], [120.750967, 15.233585], [120.751776, 15.233585], [120.751776, 15.232776], [120.753393, 15.232776], [120.753393, 15.233585], [120.758244, 15.233585], [120.758244, 15.232776], [120.759052, 15.232776], [120.759052, 15.230351], [120.758244, 15.230351], [120.758244, 15.229542], [120.759052, 15.229542], [120.759052, 15.226308], [120.759861, 15.226308], [120.759861, 15.2255], [120.760669, 15.2255], [120.760669, 15.223883], [120.761478, 15.223883], [120.761478, 15.223075], [120.762286, 15.223075], [120.762286, 15.221458], [120.763095, 15.221458], [120.763095, 15.220649], [120.763903, 15.220649], [120.763903, 15.219841], [120.764712, 15.219841], [120.764712, 15.219032], [120.766329, 15.219032], [120.766329, 15.215798], [120.767137, 15.215798], [120.767137, 15.21499], [120.767945, 15.21499], [120.767945, 15.212564], [120.769562, 15.212564], [120.769562, 15.20933], [120.770371, 15.20933], [120.770371, 15.206905], [120.771179, 15.206905], [120.771179, 15.206096], [120.771988, 15.206096], [120.771988, 15.205288], [120.771179, 15.205288], [120.771179, 15.193969], [120.770371, 15.193969], [120.770371, 15.193161], [120.769562, 15.193161], [120.769562, 15.189927], [120.768754, 15.189927], [120.768754, 15.189118], [120.766329, 15.189118], [120.766329, 15.18831], [120.764712, 15.18831], [120.764712, 15.187501], [120.763903, 15.187501], [120.763903, 15.185884], [120.764712, 15.185884], [120.764712, 15.184267], [120.763903, 15.184267], [120.763903, 15.18265], [120.763095, 15.18265], [120.763095, 15.181033], [120.762286, 15.181033], [120.762286, 15.179416], [120.761478, 15.179416], [120.761478, 15.178608], [120.760669, 15.178608], [120.760669, 15.176991], [120.759861, 15.176991], [120.759861, 15.176183], [120.759052, 15.176183], [120.759052, 15.175374], [120.757435, 15.175374], [120.757435, 15.172949], [120.758244, 15.172949], [120.758244, 15.17214], [120.759861, 15.17214], [120.759861, 15.170523], [120.758244, 15.170523], [120.758244, 15.171332], [120.757435, 15.171332], [120.757435, 15.17214], [120.755818, 15.17214], [120.755818, 15.172949], [120.75501, 15.172949], [120.75501, 15.173757], [120.753393, 15.173757], [120.753393, 15.168906], [120.752584, 15.168906], [120.752584, 15.168098], [120.750967, 15.168098], [120.750967, 15.167289], [120.750159, 15.167289], [120.750159, 15.166481], [120.748542, 15.166481], [120.748542, 15.165672], [120.746116, 15.165672], [120.746116, 15.167289], [120.746925, 15.167289], [120.746925, 15.168906], [120.746116, 15.168906], [120.746116, 15.170523], [120.744499, 15.170523], [120.744499, 15.171332], [120.742882, 15.171332], [120.742882, 15.170523], [120.741266, 15.170523], [120.741266, 15.168906], [120.739649, 15.168906], [120.739649, 15.166481], [120.738032, 15.166481], [120.738032, 15.169715], [120.736415, 15.169715], [120.736415, 15.168098], [120.733989, 15.168098], [120.733989, 15.168906], [120.733181, 15.168906], [120.733181, 15.170523], [120.730755, 15.170523], [120.730755, 15.169715], [120.729138, 15.169715], [120.729138, 15.167289], [120.726713, 15.167289], [120.726713, 15.168098], [120.72267, 15.168098], [120.72267, 15.168906], [120.725904, 15.168906], [120.725904, 15.170523], [120.724287, 15.170523], [120.724287, 15.169715], [120.72267, 15.169715], [120.72267, 15.17214], [120.721053, 15.17214], [120.721053, 15.171332], [120.720245, 15.171332], [120.720245, 15.170523], [120.719436, 15.170523], [120.719436, 15.169715], [120.720245, 15.169715], [120.720245, 15.168098], [120.717819, 15.168098], [120.717819, 15.168906], [120.716203, 15.168906], [120.716203, 15.176183], [120.715394, 15.176183], [120.715394, 15.177799], [120.714586, 15.177799], [120.714586, 15.178608], [120.713777, 15.178608], [120.713777, 15.177799], [120.712969, 15.177799], [120.712969, 15.178608], [120.711352, 15.178608], [120.711352, 15.176991], [120.706501, 15.176991], [120.706501, 15.177799], [120.705692, 15.177799], [120.705692, 15.179416], [120.706501, 15.179416], [120.706501, 15.180225], [120.707309, 15.180225], [120.707309, 15.181033], [120.708118, 15.181033], [120.708118, 15.181842], [120.705692, 15.181842], [120.705692, 15.18265], [120.704884, 15.18265], [120.704884, 15.184267], [120.705692, 15.184267], [120.705692, 15.18831], [120.704075, 15.18831], [120.704075, 15.185884], [120.702458, 15.185884], [120.702458, 15.186693], [120.70165, 15.186693], [120.70165, 15.187501], [120.700033, 15.187501], [120.700033, 15.18831], [120.699224, 15.18831], [120.699224, 15.189927], [120.70165, 15.189927], [120.70165, 15.191544], [120.702458, 15.191544], [120.702458, 15.192352], [120.703267, 15.192352], [120.703267, 15.194778], [120.702458, 15.194778], [120.702458, 15.197203], [120.705692, 15.197203], [120.705692, 15.200437], [120.704884, 15.200437]]], [[[121.037979, 15.739696], [121.038788, 15.739696], [121.038788, 15.738887], [121.039596, 15.738887], [121.039596, 15.73727], [121.040405, 15.73727], [121.040405, 15.735653], [121.041213, 15.735653], [121.041213, 15.733228], [121.042021, 15.733228], [121.042021, 15.732419], [121.04283, 15.732419], [121.04283, 15.72676], [121.044447, 15.72676], [121.044447, 15.725951], [121.045255, 15.725951], [121.045255, 15.724334], [121.04283, 15.724334], [121.04283, 15.725951], [121.037979, 15.725951], [121.037979, 15.72676], [121.034745, 15.72676], [121.034745, 15.729185], [121.033937, 15.729185], [121.033937, 15.729994], [121.033128, 15.729994], [121.033128, 15.730802], [121.03232, 15.730802], [121.03232, 15.733228], [121.033128, 15.733228], [121.033128, 15.734036], [121.033937, 15.734036], [121.033937, 15.735653], [121.034745, 15.735653], [121.034745, 15.73727], [121.035554, 15.73727], [121.035554, 15.738079], [121.034745, 15.738079], [121.034745, 15.738887], [121.033937, 15.738887], [121.033937, 15.739696], [121.034745, 15.739696], [121.034745, 15.741313], [121.036362, 15.741313], [121.036362, 15.742121], [121.037979, 15.742121], [121.037979, 15.739696]]]]}}, {"type": "Feature", "properties": {"area_id": "pampanga-river-basin__down", "name": "Pampanga River Basin (downstream)", "study_type": "river_basin", "zone": "down", "area_ha": 509785.7, "version": 1}, "geometry": {"type": "MultiPolygon", "coordinates": [[[[121.093764, 14.955466], [121.092956, 14.955466], [121.092956, 14.954658], [121.092147, 14.954658], [121.092147, 14.947382], [121.092956, 14.947382], [121.092956, 14.946573], [121.091339, 14.946573], [121.091339, 14.953041], [121.089722, 14.953041], [121.089722, 14.952233], [121.088914, 14.952233], [121.088914, 14.949807], [121.088105, 14.949807], [121.088105, 14.948999], [121.08568, 14.948999], [121.08568, 14.951424], [121.084871, 14.951424], [121.084871, 14.953041], [121.084063, 14.953041], [121.084063, 14.953849], [121.08002, 14.953849], [121.08002, 14.956275], [121.079212, 14.956275], [121.079212, 14.957083], [121.076786, 14.957083], [121.076786, 14.957892], [121.077595, 14.957892], [121.077595, 14.9587], [121.078403, 14.9587], [121.078403, 14.960317], [121.079212, 14.960317], [121.079212, 14.961126], [121.08002, 14.961126], [121.08002, 14.962743], [121.082446, 14.962743], [121.082446, 14.961934], [121.084871, 14.961934], [121.084871, 14.962743], [121.086488, 14.962743], [121.086488, 14.961126], [121.088914, 14.961126], [121.088914, 14.960317], [121.091339, 14.960317], [121.091339, 14.961126], [121.092147, 14.961126], [121.092147, 14.957892], [121.094573, 14.957892], [121.094573, 14.956275], [121.093764, 14.956275], [121.093764, 14.955466]]], [[[121.111551, 15.233585], [121.113168, 15.233585], [121.113168, 15.231968], [121.11236, 15.231968], [121.11236, 15.230351], [121.113977, 15.230351], [121.113977, 15.228734], [121.110743, 15.228734], [121.110743, 15.231159], [121.109934, 15.231159], [121.109934, 15.231968], [121.109126, 15.231968], [121.109126, 15.233585], [121.108317, 15.233585], [121.108317, 15.235202], [121.107509, 15.235202], [121.107509, 15.237627], [121.109126, 15.237627], [121.109126, 15.238436], [121.109934, 15.238436], [121.109934, 15.239244], [121.110743, 15.239244], [121.110743, 15.240053], [121.11236, 15.240053], [121.11236, 15.240861], [121.113168, 15.240861], [121.113168, 15.240053], [121.113977, 15.240053], [121.113977, 15.239244], [121.115594, 15.239244], [121.115594, 15.240861], [121.116402, 15.240861], [121.116402, 15.242478], [121.115594, 15.242478], [121.115594, 15.24167], [121.113977, 15.24167], [121.113977, 15.243287], [121.116402, 15.243287], [121.116402, 15.244904], [121.11721, 15.244904], [121.11721, 15.246521], [121.115594, 15.246521], [121.115594, 15.248138], [121.11721, 15.248138], [121.11721, 15.247329], [121.118827, 15.247329], [121.118827, 15.248138], [121.119636, 15.248138], [121.119636, 15.249755], [121.121253, 15.249755], [121.121253, 15.251371], [121.12287, 15.251371], [121.12287, 15.248138], [121.123678, 15.248138], [121.123678, 15.246521], [121.12287, 15.246521], [121.12287, 15.247329], [121.121253, 15.247329], [121.121253, 15.246521], [121.120444, 15.246521], [121.120444, 15.244904], [121.119636, 15.244904], [121.119636, 15.244095], [121.118827, 15.244095], [121.118827, 15.242478], [121.119636, 15.242478], [121.119636, 15.239244], [121.121253, 15.239244], [121.121253, 15.240053], [121.12287, 15.240053], [121.12287, 15.239244], [121.124487, 15.239244], [121.124487, 15.238436], [121.125295, 15.238436], [121.125295, 15.237627], [121.119636, 15.237627], [121.119636, 15.238436], [121.118019, 15.238436], [121.118019, 15.239244], [121.116402, 15.239244], [121.116402, 15.238436], [121.113168, 15.238436], [121.113168, 15.237627], [121.11236, 15.237627], [121.11236, 15.23601], [121.111551, 15.23601], [121.111551, 15.233585]]], [[[120.537528, 15.238436], [120.539145, 15.238436], [120.539145, 15.239244], [120.545612, 15.239244], [120.545612, 15.235202], [120.543187, 15.235202], [120.543187, 15.234393], [120.535911, 15.234393], [120.535911, 15.23601], [120.536719, 15.23601], [120.536719, 15.236819], [120.537528, 15.236819], [120.537528, 15.238436]]], [[[121.158443, 15.29503], [121.160869, 15.29503], [121.160869, 15.294221], [121.163294, 15.294221], [121.163294, 15.293413], [121.164103, 15.293413], [121.164103, 15.290987], [121.162486, 15.290987], [121.162486, 15.291796], [121.16006, 15.291796], [121.16006, 15.292604], [121.158443, 15.292604], [121.158443, 15.293413], [121.157635, 15.293413], [121.157635, 15.294221], [121.155209, 15.294221], [121.155209, 15.296647], [121.157635, 15.296647], [121.157635, 15.295838], [121.158443, 15.295838], [121.158443, 15.29503]]], [[[121.14389, 15.299072], [121.144699, 15.299072], [121.144699, 15.298264], [121.145507, 15.298264], [121.145507, 15.297455], [121.147933, 15.297455], [121.147933, 15.299881], [121.14955, 15.299881], [121.14955, 15.298264], [121.148741, 15.298264], [121.148741, 15.296647], [121.147933, 15.296647], [121.147933, 15.29503], [121.147124, 15.29503], [121.147124, 15.294221], [121.146316, 15.294221], [121.146316, 15.293413], [121.14389, 15.293413], [121.14389, 15.294221], [121.142273, 15.294221], [121.142273, 15.295838], [121.141465, 15.295838], [121.141465, 15.296647], [121.140657, 15.296647], [121.140657, 15.298264], [121.139848, 15.298264], [121.139848, 15.299072], [121.138231, 15.299072], [121.138231, 15.299881], [121.135806, 15.299881], [121.135806, 15.301497], [121.142273, 15.301497], [121.142273, 15.299881], [121.14389, 15.299881], [121.14389, 15.299072]]], [[[121.157635, 15.300689], [121.158443, 15.300689], [121.158443, 15.299881], [121.16006, 15.299881], [121.16006, 15.299072], [121.162486, 15.299072], [121.162486, 15.297455], [121.159252, 15.297455], [121.159252, 15.298264], [121.156018, 15.298264], [121.156018, 15.297455], [121.153592, 15.297455], [121.153592, 15.301497], [121.157635, 15.301497], [121.157635, 15.300689]]], [[[120.977209, 14.920268], [120.971684, 14.921686], [120.970266, 14.927211], [120.967234, 14.931122], [120.966101, 14.935545], [120.961579, 14.940963], [120.951957, 14.942234], [120.943877, 14.949431], [120.920832, 14.950001], [120.91327, 14.94923], [120.911856, 14.935367], [120.900641, 14.92297], [120.899295, 14.901045], [120.895834, 14.900001], [120.893409, 14.899645], [120.881592, 14.887855], [120.872576, 14.887146], [120.869093, 14.883686], [120.858333, 14.883333], [120.843623, 14.882767], [120.839712, 14.879735], [120.835289, 14.878598], [120.82592, 14.87025], [120.824101, 14.863156], [120.809546, 14.861934], [120.807446, 14.870125], [120.797788, 14.871401], [120.788664, 14.879534], [120.786934, 14.872788], [120.782413, 14.86737], [120.77172, 14.865956], [120.770833, 14.8625], [120.770266, 14.856124], [120.767234, 14.852209], [120.7657, 14.846229], [120.760545, 14.842234], [120.751957, 14.841101], [120.748042, 14.838069], [120.738388, 14.836794], [120.736613, 14.829873], [120.725929, 14.828464], [120.717234, 14.818877], [120.716101, 14.810289], [120.713069, 14.806378], [120.711888, 14.780163], [120.705016, 14.774433], [120.689458, 14.775566], [120.684081, 14.779735], [120.67279, 14.778598], [120.668875, 14.775566], [120.658334, 14.774999], [120.655908, 14.774647], [120.652426, 14.771187], [120.645835, 14.770835], [120.645835, 14.774999], [120.649371, 14.775909], [120.650566, 14.796581], [120.645438, 14.803199], [120.639454, 14.804733], [120.634585, 14.80851], [120.632765, 14.813245], [120.636935, 14.818623], [120.638067, 14.831376], [120.641099, 14.835291], [120.642232, 14.843879], [120.645264, 14.84779], [120.646401, 14.856378], [120.649532, 14.860418], [120.646401, 14.864458], [120.645264, 14.868877], [120.636493, 14.878549], [120.625002, 14.879169], [120.625604, 14.893839], [120.629613, 14.899243], [120.628373, 14.907613], [120.620833, 14.908336], [120.621185, 14.910757], [120.624645, 14.914244], [120.625354, 14.919091], [120.633318, 14.927082], [120.62918, 14.931251], [120.637149, 14.939242], [120.637501, 14.941667], [120.633934, 14.942581], [120.632765, 14.977211], [120.617234, 14.993625], [120.615781, 14.999292], [120.606122, 15.000568], [120.598042, 15.007765], [120.593623, 15.008902], [120.585543, 15.016099], [120.581124, 15.017236], [120.573045, 15.024433], [120.570833, 15.024999], [120.570481, 15.027425], [120.56702, 15.030907], [120.566668, 15.033333], [120.566097, 15.035545], [120.563065, 15.039455], [120.561933, 15.043879], [120.5589, 15.047789], [120.557768, 15.052208], [120.554736, 15.056123], [120.553318, 15.061648], [120.55, 15.0625], [120.55, 15.066665], [120.553322, 15.067668], [120.554811, 15.07532], [120.550642, 15.081197], [120.55052, 15.082398], [120.551272, 15.082398], [120.551272, 15.084015], [120.55208, 15.084015], [120.55208, 15.083207], [120.554506, 15.083207], [120.554506, 15.08159], [120.556931, 15.08159], [120.556931, 15.082398], [120.55774, 15.082398], [120.55774, 15.083207], [120.558548, 15.083207], [120.558548, 15.082398], [120.559357, 15.082398], [120.559357, 15.083207], [120.560165, 15.083207], [120.560165, 15.082398], [120.560974, 15.082398], [120.560974, 15.084015], [120.562591, 15.084015], [120.562591, 15.086441], [120.563399, 15.086441], [120.563399, 15.087249], [120.564208, 15.087249], [120.564208, 15.088058], [120.565016, 15.088058], [120.565016, 15.087249], [120.566633, 15.087249], [120.566633, 15.088866], [120.565825, 15.088866], [120.565825, 15.089675], [120.565016, 15.089675], [120.565016, 15.090483], [120.563399, 15.090483], [120.563399, 15.091292], [120.562591, 15.091292], [120.562591, 15.0921], [120.561782, 15.0921], [120.561782, 15.093717], [120.562591, 15.093717], [120.562591, 15.094526], [120.563399, 15.094526], [120.563399, 15.096951], [120.562591, 15.096951], [120.562591, 15.09776], [120.560165, 15.09776], [120.560165, 15.096951], [120.559357, 15.096951], [120.559357, 15.09776], [120.558548, 15.09776], [120.558548, 15.095334], [120.556931, 15.095334], [120.556931, 15.096951], [120.555314, 15.096951], [120.555314, 15.099377], [120.556931, 15.099377], [120.556931, 15.100185], [120.560165, 15.100185], [120.560165, 15.100994], [120.561782, 15.100994], [120.561782, 15.100185], [120.563399, 15.100185], [120.563399, 15.101802], [120.565016, 15.101802], [120.565016, 15.100994], [120.567442, 15.100994], [120.567442, 15.103419], [120.56825, 15.103419], [120.56825, 15.105036], [120.569058, 15.105036], [120.569058, 15.109887], [120.571484, 15.109887], [120.571484, 15.111504], [120.570675, 15.111504], [120.570675, 15.113121], [120.571484, 15.113121], [120.571484, 15.114738], [120.573101, 15.114738], [120.573101, 15.117163], [120.572292, 15.117163], [120.572292, 15.11878], [120.576335, 15.11878], [120.576335, 15.122014], [120.575526, 15.122014], [120.575526, 15.123631], [120.576335, 15.123631], [120.576335, 15.125248], [120.577952, 15.125248], [120.577952, 15.126865], [120.57876, 15.126865], [120.57876, 15.127673], [120.579569, 15.127673], [120.579569, 15.128482], [120.580377, 15.128482], [120.580377, 15.12929], [120.581186, 15.12929], [120.581186, 15.132524], [120.582803, 15.132524], [120.582803, 15.134141], [120.586037, 15.134141], [120.586037, 15.13495], [120.586845, 15.13495], [120.586845, 15.138184], [120.589271, 15.138184], [120.589271, 15.140609], [120.590079, 15.140609], [120.590079, 15.141418], [120.590888, 15.141418], [120.590888, 15.143843], [120.589271, 15.143843], [120.589271, 15.146269], [120.590079, 15.146269], [120.590079, 15.147077], [120.589271, 15.147077], [120.589271, 15.147886], [120.590079, 15.147886], [120.590079, 15.148694], [120.590888, 15.148694], [120.590888, 15.150311], [120.591696, 15.150311], [120.591696, 15.152736], [120.588462, 15.152736], [120.588462, 15.151928], [120.586845, 15.151928], [120.586845, 15.15112], [120.585228, 15.15112], [120.585228, 15.150311], [120.580377, 15.150311], [120.580377, 15.15112], [120.579569, 15.15112], [120.579569, 15.151928], [120.582803, 15.151928], [120.582803, 15.152736], [120.58442, 15.152736], [120.58442, 15.153545], [120.586037, 15.153545], [120.586037, 15.154353], [120.588462, 15.154353], [120.588462, 15.155162], [120.589271, 15.155162], [120.589271, 15.156779], [120.590079, 15.156779], [120.590079, 15.157587], [120.589271, 15.157587], [120.589271, 15.160013], [120.588462, 15.160013], [120.588462, 15.16163], [120.590888, 15.16163], [120.590888, 15.160821], [120.591696, 15.160821], [120.591696, 15.163247], [120.590888, 15.163247], [120.590888, 15.164864], [120.591696, 15.164864], [120.591696, 15.166481], [120.593313, 15.166481], [120.593313, 15.167289], [120.594121, 15.167289], [120.594121, 15.168098], [120.593313, 15.168098], [120.593313, 15.168906], [120.592505, 15.168906], [120.592505, 15.170523], [120.593313, 15.170523], [120.593313, 15.17214], [120.592505, 15.17214], [120.592505, 15.173757], [120.591696, 15.173757], [120.591696, 15.175374], [120.592505, 15.175374], [120.592505, 15.176183], [120.593313, 15.176183], [120.593313, 15.176991], [120.59493, 15.176991], [120.59493, 15.177799], [120.595738, 15.177799], [120.595738, 15.179416], [120.594121, 15.179416], [120.594121, 15.184267], [120.593313, 15.184267], [120.593313, 15.187501], [120.592505, 15.187501], [120.592505, 15.18831], [120.591696, 15.18831], [120.591696, 15.190735], [120.592505, 15.190735], [120.592505, 15.191544], [120.593313, 15.191544], [120.593313, 15.192352], [120.591696, 15.192352], [120.591696, 15.193161], [120.590888, 15.193161], [120.590888, 15.193969], [120.591696, 15.193969], [120.591696, 15.194778], [120.590888, 15.194778], [120.590888, 15.195586], [120.587654, 15.195586], [120.587654, 15.196395], [120.588462, 15.196395], [120.588462, 15.199629], [120.590079, 15.199629], [120.590079, 15.200437], [120.589271, 15.200437], [120.589271, 15.201246], [120.587654, 15.201246], [120.587654, 15.202054], [120.588462, 15.202054], [120.588462, 15.203671], [120.587654, 15.203671], [120.587654, 15.206905], [120.586845, 15.206905], [120.586845, 15.210139], [120.585228, 15.210139], [120.585228, 15.213373], [120.58442, 15.213373], [120.58442, 15.212564], [120.583611, 15.212564], [120.583611, 15.214181], [120.580377, 15.214181], [120.580377, 15.219032], [120.581186, 15.219032], [120.581186, 15.220649], [120.580377, 15.220649], [120.580377, 15.223075], [120.581186, 15.223075], [120.581186, 15.223883], [120.579569, 15.223883], [120.579569, 15.224692], [120.57876, 15.224692], [120.57876, 15.2255], [120.577952, 15.2255], [120.577952, 15.227117], [120.575526, 15.227117], [120.575526, 15.227925], [120.573909, 15.227925], [120.573909, 15.233585], [120.573101, 15.233585], [120.573101, 15.235202], [120.572292, 15.235202], [120.572292, 15.23601], [120.571484, 15.23601], [120.571484, 15.237627], [120.570675, 15.237627], [120.570675, 15.239244], [120.569867, 15.239244], [120.569867, 15.240053], [120.570675, 15.240053], [120.570675, 15.242478], [120.569867, 15.242478], [120.569867, 15.243287], [120.566633, 15.243287], [120.566633, 15.242478], [120.565016, 15.242478], [120.565016, 15.244904], [120.566633, 15.244904], [120.566633, 15.245712], [120.567442, 15.245712], [120.567442, 15.248946], [120.565825, 15.248946], [120.565825, 15.247329], [120.565016, 15.247329], [120.565016, 15.248138], [120.561782, 15.248138], [120.561782, 15.246521], [120.560974, 15.246521], [120.560974, 15.244904], [120.560165, 15.244904], [120.560165, 15.248138], [120.558548, 15.248138], [120.558548, 15.245712], [120.55774, 15.245712], [120.55774, 15.244904], [120.556123, 15.244904], [120.556123, 15.246521], [120.556931, 15.246521], [120.556931, 15.247329], [120.55774, 15.247329], [120.55774, 15.248946], [120.558548, 15.248946], [120.558548, 15.250563], [120.554506, 15.250563], [120.554506, 15.249755], [120.550463, 15.249755], [120.550463, 15.248946], [120.548846, 15.248946], [120.548846, 15.248138], [120.548038, 15.248138], [120.548038, 15.247329], [120.547229, 15.247329], [120.547229, 15.246521], [120.543995, 15.246521], [120.543995, 15.245712], [120.542379, 15.245712], [120.542379, 15.244904], [120.540762, 15.244904], [120.540762, 15.244095], [120.539953, 15.244095], [120.539953, 15.245712], [120.536719, 15.245712], [120.536719, 15.244904], [120.530251, 15.244904], [120.530251, 15.244095], [120.528634, 15.244095], [120.528634, 15.243287], [120.526209, 15.243287], [120.526209, 15.242478], [120.524592, 15.242478], [120.524592, 15.243287], [120.523783, 15.243287], [120.523783, 15.246521], [120.526209, 15.246521], [120.526209, 15.245712], [120.527826, 15.245712], [120.527826, 15.246521], [120.528634, 15.246521], [120.528634, 15.247329], [120.529443, 15.247329], [120.529443, 15.248138], [120.531868, 15.248138], [120.531868, 15.249755], [120.534294, 15.249755], [120.534294, 15.250563], [120.535102, 15.250563], [120.535102, 15.25218], [120.539953, 15.25218], [120.539953, 15.251371], [120.542379, 15.251371], [120.542379, 15.253797], [120.531868, 15.253797], [120.531868, 15.254605], [120.53106, 15.254605], [120.53106, 15.256222], [120.531868, 15.256222], [120.531868, 15.255414], [120.539145, 15.255414], [120.539145, 15.257839], [120.539953, 15.257839], [120.539953, 15.258648], [120.540762, 15.258648], [120.540762, 15.257031], [120.543995, 15.257031], [120.543995, 15.258648], [120.545612, 15.258648], [120.545612, 15.257031], [120.548846, 15.257031], [120.548846, 15.258648], [120.553697, 15.258648], [120.553697, 15.259456], [120.554506, 15.259456], [120.554506, 15.261073], [120.555314, 15.261073], [120.555314, 15.26269], [120.553697, 15.26269], [120.553697, 15.263499], [120.552889, 15.263499], [120.552889, 15.264307], [120.553697, 15.264307], [120.553697, 15.265116], [120.554506, 15.265116], [120.554506, 15.266733], [120.555314, 15.266733], [120.555314, 15.269967], [120.552889, 15.269967], [120.552889, 15.269158], [120.55208, 15.269158], [120.55208, 15.26835], [120.549655, 15.26835], [120.549655, 15.271584], [120.546421, 15.271584], [120.546421, 15.270775], [120.544804, 15.270775], [120.544804, 15.269967], [120.543187, 15.269967], [120.543187, 15.269158], [120.542379, 15.269158], [120.542379, 15.26835], [120.54157, 15.26835], [120.54157, 15.267541], [120.538336, 15.267541], [120.538336, 15.269158], [120.539953, 15.269158], [120.539953, 15.269967], [120.542379, 15.269967], [120.542379, 15.271584], [120.54157, 15.271584], [120.54157, 15.272392], [120.543995, 15.272392], [120.543995, 15.274818], [120.546421, 15.274818], [120.546421, 15.275626], [120.547229, 15.275626], [120.547229, 15.276434], [120.548038, 15.276434], [120.548038, 15.27886], [120.549655, 15.27886], [120.549655, 15.280477], [120.548038, 15.280477], [120.548038, 15.282094], [120.548846, 15.282094], [120.548846, 15.282902], [120.549655, 15.282902], [120.549655, 15.287753], [120.545612, 15.287753], [120.545612, 15.286136], [120.543187, 15.286136], [120.543187, 15.287753], [120.543995, 15.287753], [120.543995, 15.28937], [120.544804, 15.28937], [120.544804, 15.290179], [120.545612, 15.290179], [120.545612, 15.294221], [120.543187, 15.294221], [120.543187, 15.293413], [120.542379, 15.293413], [120.542379, 15.292604], [120.54157, 15.292604], [120.54157, 15.291796], [120.540762, 15.291796], [120.540762, 15.293413], [120.54157, 15.293413], [120.54157, 15.294221], [120.542379, 15.294221], [120.542379, 15.29503], [120.543187, 15.29503], [120.543187, 15.298264], [120.543995, 15.298264], [120.543995, 15.299881], [120.542379, 15.299881], [120.542379, 15.300689], [120.539953, 15.300689], [120.539953, 15.299881], [120.539145, 15.299881], [120.539145, 15.297455], [120.538336, 15.297455], [120.538336, 15.296647], [120.536719, 15.296647], [120.536719, 15.295838], [120.535102, 15.295838], [120.535102, 15.294221], [120.534294, 15.294221], [120.534294, 15.293413], [120.533485, 15.293413], [120.533485, 15.292604], [120.532677, 15.292604], [120.532677, 15.291796], [120.531868, 15.291796], [120.531868, 15.290987], [120.532677, 15.290987], [120.532677, 15.290179], [120.531868, 15.290179], [120.531868, 15.288562], [120.53106, 15.288562], [120.53106, 15.286136], [120.530251, 15.286136], [120.530251, 15.283711], [120.527826, 15.283711], [120.527826, 15.281285], [120.526209, 15.281285], [120.526209, 15.283711], [120.527017, 15.283711], [120.527017, 15.286945], [120.524592, 15.286945], [120.524592, 15.288562], [120.5254, 15.288562], [120.5254, 15.28937], [120.526209, 15.28937], [120.526209, 15.290987], [120.527826, 15.290987], [120.527826, 15.292604], [120.526209, 15.292604], [120.526209, 15.294221], [120.527826, 15.294221], [120.527826, 15.295838], [120.529443, 15.295838], [120.529443, 15.296647], [120.530251, 15.296647], [120.530251, 15.298264], [120.531868, 15.298264], [120.531868, 15.299881], [120.533485, 15.299881], [120.533485, 15.300689], [120.534294, 15.300689], [120.534294, 15.303923], [120.535102, 15.303923], [120.535102, 15.306348], [120.533485, 15.306348], [120.533485, 15.30554], [120.532677, 15.30554], [120.532677, 15.304731], [120.531868, 15.304731], [120.531868, 15.303923], [120.530251, 15.303923], [120.530251, 15.303114], [120.527826, 15.303114], [120.527826, 15.301497], [120.529443, 15.301497], [120.529443, 15.299881], [120.526209, 15.299881], [120.526209, 15.298264], [120.5254, 15.298264], [120.5254, 15.297455], [120.524592, 15.297455], [120.524592, 15.296647], [120.523783, 15.296647], [120.523783, 15.295838], [120.522975, 15.295838], [120.522975, 15.29503], [120.522166, 15.29503], [120.522166, 15.294221], [120.518932, 15.294221], [120.518932, 15.295838], [120.519741, 15.295838], [120.519741, 15.296647], [120.521358, 15.296647], [120.521358, 15.298264], [120.520549, 15.298264], [120.520549, 15.299072], [120.519741, 15.299072], [120.519741, 15.300689], [120.520549, 15.300689], [120.520549, 15.301497], [120.521358, 15.301497], [120.521358, 15.303114], [120.522166, 15.303114], [120.522166, 15.303923], [120.522975, 15.303923], [120.522975, 15.30554], [120.522166, 15.30554], [120.522166, 15.304731], [120.520549, 15.304731], [120.520549, 15.30554], [120.521358, 15.30554], [120.521358, 15.306348], [120.522166, 15.306348], [120.522166, 15.307157], [120.522975, 15.307157], [120.522975, 15.310391], [120.522166, 15.310391], [120.522166, 15.311199], [120.519741, 15.311199], [120.519741, 15.310391], [120.518932, 15.310391], [120.518932, 15.307157], [120.518124, 15.307157], [120.518124, 15.306348], [120.517316, 15.306348], [120.517316, 15.30554], [120.515699, 15.30554], [120.515699, 15.304731], [120.514082, 15.304731], [120.514082, 15.307157], [120.51489, 15.307157], [120.51489, 15.310391], [120.515699, 15.310391], [120.515699, 15.313625], [120.518124, 15.313625], [120.518124, 15.314433], [120.518932, 15.314433], [120.518932, 15.31605], [120.519741, 15.31605], [120.519741, 15.316859], [120.521358, 15.316859], [120.521358, 15.31605], [120.522975, 15.31605], [120.522975, 15.317667], [120.524592, 15.317667], [120.524592, 15.319284], [120.526209, 15.319284], [120.526209, 15.320901], [120.522166, 15.320901], [120.522166, 15.32171], [120.521358, 15.32171], [120.521358, 15.324944], [120.522975, 15.324944], [120.522975, 15.324135], [120.524592, 15.324135], [120.524592, 15.324944], [120.5254, 15.324944], [120.5254, 15.32656], [120.524592, 15.32656], [120.524592, 15.328177], [120.522975, 15.328177], [120.522975, 15.327369], [120.521358, 15.327369], [120.521358, 15.32656], [120.519741, 15.32656], [120.519741, 15.324944], [120.518932, 15.324944], [120.518932, 15.323327], [120.518124, 15.323327], [120.518124, 15.322518], [120.517316, 15.322518], [120.517316, 15.32171], [120.516507, 15.32171], [120.516507, 15.320901], [120.51489, 15.320901], [120.51489, 15.320093], [120.513273, 15.320093], [120.513273, 15.319284], [120.512465, 15.319284], [120.512465, 15.318476], [120.511656, 15.318476], [120.511656, 15.317667], [120.510848, 15.317667], [120.510848, 15.313625], [120.510039, 15.313625], [120.510039, 15.312008], [120.509231, 15.312008], [120.509231, 15.311199], [120.508422, 15.311199], [120.508422, 15.310391], [120.506805, 15.310391], [120.506805, 15.307965], [120.505188, 15.307965], [120.505188, 15.306348], [120.50438, 15.306348], [120.50438, 15.30554], [120.503571, 15.30554], [120.503571, 15.306348], [120.502763, 15.306348], [120.502763, 15.308774], [120.50438, 15.308774], [120.50438, 15.313625], [120.502763, 15.313625], [120.502763, 15.312008], [120.499529, 15.312008], [120.499529, 15.310391], [120.497912, 15.310391], [120.497912, 15.309582], [120.497103, 15.309582], [120.497103, 15.308774], [120.495486, 15.308774], [120.495486, 15.310391], [120.494678, 15.310391], [120.494678, 15.313625], [120.495486, 15.313625], [120.495486, 15.314433], [120.496295, 15.314433], [120.496295, 15.315242], [120.497103, 15.315242], [120.497103, 15.31605], [120.496295, 15.31605], [120.496295, 15.317667], [120.497912, 15.317667], [120.497912, 15.320901], [120.499529, 15.320901], [120.499529, 15.32171], [120.500337, 15.32171], [120.500337, 15.324135], [120.499529, 15.324135], [120.499529, 15.32656], [120.500337, 15.32656], [120.500337, 15.327369], [120.501146, 15.327369], [120.501146, 15.328986], [120.501954, 15.328986], [120.501954, 15.329794], [120.503571, 15.329794], [120.503571, 15.333837], [120.505188, 15.333837], [120.505188, 15.335454], [120.505997, 15.335454], [120.505997, 15.340305], [120.50438, 15.340305], [120.50438, 15.34273], [120.506805, 15.34273], [120.506805, 15.344347], [120.507614, 15.344347], [120.507614, 15.345156], [120.508422, 15.345156], [120.508422, 15.346773], [120.509231, 15.346773], [120.509231, 15.347581], [120.508422, 15.347581], [120.508422, 15.34839], [120.509231, 15.34839], [120.509231, 15.350815], [120.511656, 15.350815], [120.511656, 15.352432], [120.512465, 15.352432], [120.512465, 15.354049], [120.508422, 15.354049], [120.508422, 15.357283], [120.50438, 15.357283], [120.50438, 15.358091], [120.507614, 15.358091], [120.507614, 15.3589], [120.508422, 15.3589], [120.508422, 15.359708], [120.509231, 15.359708], [120.509231, 15.3589], [120.510848, 15.3589], [120.510848, 15.359708], [120.511656, 15.359708], [120.511656, 15.360517], [120.512465, 15.360517], [120.512465, 15.359708], [120.513273, 15.359708], [120.513273, 15.3589], [120.51489, 15.3589], [120.51489, 15.360517], [120.515699, 15.360517], [120.515699, 15.361325], [120.518932, 15.361325], [120.518932, 15.362134], [120.519741, 15.362134], [120.519741, 15.363751], [120.518932, 15.363751], [120.518932, 15.365368], [120.519741, 15.365368], [120.519741, 15.366985], [120.516507, 15.366985], [120.516507, 15.36941], [120.519741, 15.36941], [120.519741, 15.370219], [120.520549, 15.370219], [120.520549, 15.371027], [120.527826, 15.371027], [120.527826, 15.372644], [120.524592, 15.372644], [120.524592, 15.375878], [120.526209, 15.375878], [120.526209, 15.37507], [120.527826, 15.37507], [120.527826, 15.375878], [120.531868, 15.375878], [120.531868, 15.377495], [120.532677, 15.377495], [120.532677, 15.37992], [120.533485, 15.37992], [120.533485, 15.388814], [120.534294, 15.388814], [120.534294, 15.391239], [120.535102, 15.391239], [120.535102, 15.394473], [120.534321, 15.394473], [120.535338, 15.395216], [120.55, 15.395831], [120.553318, 15.396683], [120.554736, 15.402212], [120.561933, 15.410288], [120.563351, 15.415817], [120.568875, 15.417235], [120.57279, 15.420267], [120.579167, 15.420833], [120.579733, 15.423045], [120.582765, 15.426956], [120.584183, 15.432481], [120.587501, 15.433332], [120.589922, 15.433685], [120.593409, 15.437145], [120.595835, 15.437501], [120.596736, 15.44102], [120.610291, 15.453599], [120.615959, 15.455052], [120.617234, 15.464711], [120.620266, 15.468622], [120.621399, 15.481379], [120.624431, 15.48529], [120.62597, 15.491269], [120.631124, 15.495265], [120.633332, 15.495835], [120.632979, 15.498257], [120.629519, 15.501744], [120.628815, 15.531593], [120.625015, 15.535419], [120.629153, 15.539584], [120.625354, 15.54341], [120.625002, 15.55], [120.636511, 15.55062], [120.641099, 15.556123], [120.642232, 15.564711], [120.649433, 15.572791], [120.650851, 15.578315], [120.657482, 15.580019], [120.659301, 15.587104], [120.664456, 15.5911], [120.668875, 15.592232], [120.674253, 15.596402], [120.677209, 15.595264], [120.682587, 15.5911], [120.702211, 15.592232], [120.710291, 15.599434], [120.71471, 15.600566], [120.71875, 15.603697], [120.72279, 15.600566], [120.733331, 15.6], [120.733902, 15.602212], [120.745264, 15.614456], [120.746401, 15.623045], [120.754748, 15.632413], [120.761789, 15.634219], [120.763069, 15.643878], [120.770266, 15.651957], [120.770833, 15.654165], [120.777209, 15.653598], [120.781249, 15.650468], [120.785289, 15.653598], [120.793877, 15.654736], [120.797788, 15.657768], [120.828252, 15.65894], [120.830018, 15.665816], [120.837104, 15.667636], [120.841099, 15.67279], [120.842236, 15.681379], [120.853598, 15.693623], [120.854873, 15.703246], [120.860291, 15.707768], [120.862498, 15.708334], [120.866008, 15.709235], [120.867234, 15.723044], [120.878707, 15.735405], [120.87547, 15.739583], [120.8786, 15.743623], [120.879733, 15.748042], [120.882765, 15.751957], [120.883902, 15.759319], [120.875102, 15.768801], [120.876282, 15.768801], [120.876282, 15.772844], [120.877899, 15.772844], [120.877899, 15.771227], [120.881133, 15.771227], [120.881133, 15.772035], [120.88275, 15.772035], [120.88275, 15.773652], [120.880325, 15.773652], [120.880325, 15.776077], [120.879516, 15.776077], [120.879516, 15.776886], [120.880325, 15.776886], [120.880325, 15.777694], [120.881133, 15.777694], [120.881133, 15.779311], [120.88275, 15.779311], [120.88275, 15.78012], [120.881133, 15.78012], [120.881133, 15.780928], [120.877899, 15.780928], [120.877899, 15.782545], [120.881133, 15.782545], [120.881133, 15.784971], [120.877899, 15.784971], [120.877899, 15.786588], [120.876282, 15.786588], [120.876282, 15.784971], [120.869814, 15.784971], [120.869814, 15.784162], [120.869006, 15.784162], [120.869006, 15.783802], [120.867519, 15.784183], [120.866101, 15.789713], [120.85465, 15.801949], [120.855262, 15.801949], [120.855262, 15.804374], [120.852836, 15.804374], [120.852836, 15.805183], [120.851219, 15.805183], [120.851219, 15.805991], [120.850411, 15.805991], [120.850411, 15.8068], [120.852836, 15.8068], [120.852836, 15.805991], [120.857687, 15.805991], [120.857687, 15.8068], [120.858496, 15.8068], [120.858496, 15.808417], [120.857687, 15.808417], [120.857687, 15.810034], [120.858496, 15.810034], [120.858496, 15.812459], [120.856879, 15.812459], [120.856879, 15.813268], [120.85607, 15.813268], [120.85607, 15.814076], [120.853645, 15.814076], [120.853645, 15.814885], [120.855262, 15.814885], [120.855262, 15.815693], [120.85607, 15.815693], [120.85607, 15.81731], [120.855262, 15.81731], [120.855262, 15.819736], [120.856879, 15.819736], [120.856879, 15.818119], [120.858496, 15.818119], [120.858496, 15.819736], [120.857687, 15.819736], [120.857687, 15.821353], [120.860921, 15.821353], [120.860921, 15.819736], [120.862538, 15.819736], [120.862538, 15.818119], [120.864155, 15.818119], [120.864155, 15.818927], [120.865772, 15.818927], [120.865772, 15.816502], [120.868197, 15.816502], [120.868197, 15.81731], [120.869814, 15.81731], [120.869814, 15.818119], [120.87224, 15.818119], [120.87224, 15.818927], [120.873857, 15.818927], [120.873857, 15.822161], [120.87224, 15.822161], [120.87224, 15.823778], [120.873857, 15.823778], [120.873857, 15.826203], [120.873048, 15.826203], [120.873048, 15.82782], [120.871431, 15.82782], [120.871431, 15.827012], [120.869814, 15.827012], [120.869814, 15.828629], [120.870623, 15.828629], [120.870623, 15.829437], [120.869006, 15.829437], [120.869006, 15.828629], [120.862538, 15.828629], [120.862538, 15.82782], [120.86173, 15.82782], [120.86173, 15.825395], [120.859304, 15.825395], [120.859304, 15.824586], [120.857687, 15.824586], [120.857687, 15.825395], [120.856879, 15.825395], [120.856879, 15.831054], [120.851219, 15.831054], [120.851219, 15.832671], [120.852836, 15.832671], [120.852836, 15.835097], [120.850411, 15.835097], [120.850411, 15.836714], [120.849602, 15.836714], [120.849602, 15.837522], [120.851219, 15.837522], [120.851219, 15.840756], [120.849602, 15.840756], [120.849602, 15.841565], [120.847985, 15.841565], [120.847985, 15.842373], [120.846368, 15.842373], [120.846368, 15.841565], [120.844751, 15.841565], [120.844751, 15.842373], [120.84556, 15.842373], [120.84556, 15.84399], [120.843134, 15.84399], [120.843134, 15.844799], [120.842326, 15.844799], [120.842326, 15.847224], [120.841518, 15.847224], [120.841518, 15.848841], [120.843134, 15.848841], [120.843134, 15.848033], [120.843943, 15.848033], [120.843943, 15.850458], [120.843134, 15.850458], [120.843134, 15.852075], [120.844751, 15.852075], [120.844751, 15.852883], [120.843943, 15.852883], [120.843943, 15.853692], [120.841518, 15.853692], [120.841518, 15.852883], [120.840709, 15.852883], [120.840709, 15.850458], [120.837475, 15.850458], [120.837475, 15.855309], [120.839092, 15.855309], [120.839092, 15.857734], [120.841518, 15.857734], [120.841518, 15.858543], [120.842326, 15.858543], [120.842326, 15.86016], [120.843134, 15.86016], [120.843134, 15.860968], [120.843943, 15.860968], [120.843943, 15.864202], [120.844751, 15.864202], [120.844751, 15.865011], [120.84556, 15.865011], [120.84556, 15.866628], [120.846368, 15.866628], [120.846368, 15.871479], [120.84556, 15.871479], [120.84556, 15.872287], [120.848794, 15.872287], [120.848794, 15.871479], [120.849602, 15.871479], [120.849602, 15.869862], [120.850411, 15.869862], [120.850411, 15.869053], [120.851219, 15.869053], [120.851219, 15.865819], [120.852028, 15.865819], [120.852028, 15.864202], [120.852836, 15.864202], [120.852836, 15.861777], [120.852028, 15.861777], [120.852028, 15.860968], [120.853645, 15.860968], [120.853645, 15.858543], [120.85607, 15.858543], [120.85607, 15.855309], [120.856879, 15.855309], [120.856879, 15.856117], [120.860113, 15.856117], [120.860113, 15.855309], [120.86173, 15.855309], [120.86173, 15.853692], [120.867389, 15.853692], [120.867389, 15.855309], [120.869006, 15.855309], [120.869006, 15.852075], [120.869814, 15.852075], [120.869814, 15.850458], [120.87224, 15.850458], [120.87224, 15.851266], [120.873048, 15.851266], [120.873048, 15.850458], [120.875474, 15.850458], [120.875474, 15.849649], [120.877091, 15.849649], [120.877091, 15.848033], [120.877899, 15.848033], [120.877899, 15.846416], [120.881942, 15.846416], [120.881942, 15.848841], [120.88275, 15.848841], [120.88275, 15.849649], [120.883559, 15.849649], [120.883559, 15.850458], [120.884367, 15.850458], [120.884367, 15.849649], [120.885176, 15.849649], [120.885176, 15.848841], [120.884367, 15.848841], [120.884367, 15.848033], [120.883559, 15.848033], [120.883559, 15.846416], [120.885984, 15.846416], [120.885984, 15.845607], [120.886793, 15.845607], [120.886793, 15.844799], [120.88841, 15.844799], [120.88841, 15.843182], [120.890835, 15.843182], [120.890835, 15.841565], [120.88841, 15.841565], [120.88841, 15.839948], [120.890027, 15.839948], [120.890027, 15.838331], [120.890835, 15.838331], [120.890835, 15.839139], [120.891644, 15.839139], [120.891644, 15.839948], [120.892452, 15.839948], [120.892452, 15.837522], [120.89326, 15.837522], [120.89326, 15.836714], [120.894069, 15.836714], [120.894069, 15.835905], [120.895686, 15.835905], [120.895686, 15.838331], [120.896494, 15.838331], [120.896494, 15.836714], [120.897303, 15.836714], [120.897303, 15.839948], [120.896494, 15.839948], [120.896494, 15.842373], [120.899728, 15.842373], [120.899728, 15.841565], [120.89892, 15.841565], [120.89892, 15.839948], [120.898111, 15.839948], [120.898111, 15.838331], [120.899728, 15.838331], [120.899728, 15.837522], [120.901345, 15.837522], [120.901345, 15.835097], [120.902154, 15.835097], [120.902154, 15.834288], [120.902962, 15.834288], [120.902962, 15.831863], [120.903771, 15.831863], [120.903771, 15.832671], [120.906196, 15.832671], [120.906196, 15.831054], [120.907005, 15.831054], [120.907005, 15.828629], [120.907813, 15.828629], [120.907813, 15.82782], [120.910239, 15.82782], [120.910239, 15.831054], [120.911856, 15.831054], [120.911856, 15.828629], [120.912664, 15.828629], [120.912664, 15.82782], [120.913473, 15.82782], [120.913473, 15.825395], [120.915898, 15.825395], [120.915898, 15.824586], [120.916707, 15.824586], [120.916707, 15.821353], [120.917515, 15.821353], [120.917515, 15.81731], [120.919132, 15.81731], [120.919132, 15.816502], [120.920749, 15.816502], [120.920749, 15.814076], [120.921557, 15.814076], [120.921557, 15.813268], [120.922366, 15.813268], [120.922366, 15.812459], [120.923983, 15.812459], [120.923983, 15.813268], [120.9256, 15.813268], [120.9256, 15.812459], [120.924791, 15.812459], [120.924791, 15.809225], [120.9256, 15.809225], [120.9256, 15.807608], [120.928025, 15.807608], [120.928025, 15.8068], [120.929642, 15.8068], [120.929642, 15.807608], [120.932068, 15.807608], [120.932068, 15.8068], [120.932876, 15.8068], [120.932876, 15.805991], [120.933685, 15.805991], [120.933685, 15.805183], [120.934493, 15.805183], [120.934493, 15.804374], [120.936919, 15.804374], [120.936919, 15.802757], [120.938536, 15.802757], [120.938536, 15.80114], [120.936919, 15.80114], [120.936919, 15.800332], [120.937727, 15.800332], [120.937727, 15.799523], [120.938536, 15.799523], [120.938536, 15.798715], [120.940961, 15.798715], [120.940961, 15.797098], [120.945003, 15.797098], [120.945003, 15.798715], [120.94662, 15.798715], [120.94662, 15.799523], [120.947429, 15.799523], [120.947429, 15.798715], [120.949046, 15.798715], [120.949046, 15.799523], [120.949854, 15.799523], [120.949854, 15.800332], [120.953088, 15.800332], [120.953088, 15.798715], [120.95228, 15.798715], [120.95228, 15.797907], [120.951471, 15.797907], [120.951471, 15.797098], [120.950663, 15.797098], [120.950663, 15.79629], [120.95228, 15.79629], [120.95228, 15.795481], [120.953088, 15.795481], [120.953088, 15.79629], [120.953897, 15.79629], [120.953897, 15.797098], [120.955514, 15.797098], [120.955514, 15.798715], [120.957131, 15.798715], [120.957131, 15.79629], [120.957939, 15.79629], [120.957939, 15.797098], [120.959556, 15.797098], [120.959556, 15.797907], [120.961173, 15.797907], [120.961173, 15.79629], [120.961982, 15.79629], [120.961982, 15.795481], [120.965216, 15.795481], [120.965216, 15.794673], [120.966024, 15.794673], [120.966024, 15.793864], [120.969258, 15.793864], [120.969258, 15.79063], [120.970066, 15.79063], [120.970066, 15.789822], [120.970875, 15.789822], [120.970875, 15.789013], [120.971683, 15.789013], [120.971683, 15.788205], [120.9733, 15.788205], [120.9733, 15.786588], [120.972492, 15.786588], [120.972492, 15.785779], [120.971683, 15.785779], [120.971683, 15.786588], [120.970875, 15.786588], [120.970875, 15.785779], [120.970066, 15.785779], [120.970066, 15.784971], [120.969258, 15.784971], [120.969258, 15.784162], [120.970066, 15.784162], [120.970066, 15.781737], [120.971683, 15.781737], [120.971683, 15.782545], [120.972492, 15.782545], [120.972492, 15.781737], [120.9733, 15.781737], [120.9733, 15.780928], [120.974109, 15.780928], [120.974109, 15.78012], [120.974917, 15.78012], [120.974917, 15.776077], [120.975726, 15.776077], [120.975726, 15.775269], [120.978151, 15.775269], [120.978151, 15.77446], [120.97896, 15.77446], [120.97896, 15.773652], [120.979768, 15.773652], [120.979768, 15.772844], [120.980577, 15.772844], [120.980577, 15.772035], [120.981385, 15.772035], [120.981385, 15.771227], [120.982194, 15.771227], [120.982194, 15.770418], [120.985428, 15.770418], [120.985428, 15.771227], [120.986236, 15.771227], [120.986236, 15.772035], [120.987045, 15.772035], [120.987045, 15.76961], [120.988662, 15.76961], [120.988662, 15.768801], [120.992704, 15.768801], [120.992704, 15.767993], [120.995129, 15.767993], [120.995129, 15.766376], [120.994321, 15.766376], [120.994321, 15.767184], [120.991895, 15.767184], [120.991895, 15.766376], [120.990279, 15.766376], [120.990279, 15.764759], [120.994321, 15.764759], [120.994321, 15.76395], [120.993512, 15.76395], [120.993512, 15.763142], [120.996746, 15.763142], [120.996746, 15.761525], [120.99998, 15.761525], [120.99998, 15.762333], [121.000789, 15.762333], [121.000789, 15.76395], [121.001597, 15.76395], [121.001597, 15.763142], [121.002406, 15.763142], [121.002406, 15.762333], [121.001597, 15.762333], [121.001597, 15.761525], [121.000789, 15.761525], [121.000789, 15.759099], [121.003214, 15.759099], [121.003214, 15.757482], [121.004023, 15.757482], [121.004023, 15.756674], [121.004831, 15.756674], [121.004831, 15.757482], [121.00564, 15.757482], [121.00564, 15.758291], [121.008065, 15.758291], [121.008065, 15.757482], [121.009682, 15.757482], [121.009682, 15.754248], [121.011299, 15.754248], [121.011299, 15.755865], [121.012108, 15.755865], [121.012108, 15.757482], [121.011299, 15.757482], [121.011299, 15.759908], [121.010491, 15.759908], [121.010491, 15.761525], [121.009682, 15.761525], [121.009682, 15.764759], [121.008065, 15.764759], [121.008065, 15.766376], [121.007257, 15.766376], [121.007257, 15.767184], [121.006448, 15.767184], [121.006448, 15.767993], [121.00564, 15.767993], [121.00564, 15.768801], [121.004831, 15.768801], [121.004831, 15.76961], [121.004023, 15.76961], [121.004023, 15.770418], [121.002406, 15.770418], [121.002406, 15.773652], [121.004023, 15.773652], [121.004023, 15.77446], [121.003214, 15.77446], [121.003214, 15.775269], [121.002406, 15.775269], [121.002406, 15.778503], [121.004023, 15.778503], [121.004023, 15.775269], [121.00564, 15.775269], [121.00564, 15.771227], [121.007257, 15.771227], [121.007257, 15.772035], [121.008874, 15.772035], [121.008874, 15.76961], [121.010491, 15.76961], [121.010491, 15.772844], [121.011299, 15.772844], [121.011299, 15.771227], [121.012108, 15.771227], [121.012108, 15.770418], [121.011299, 15.770418], [121.011299, 15.76961], [121.012108, 15.76961], [121.012108, 15.768801], [121.013725, 15.768801], [121.013725, 15.770418], [121.012916, 15.770418], [121.012916, 15.771227], [121.013725, 15.771227], [121.013725, 15.772035], [121.014533, 15.772035], [121.014533, 15.771227], [121.015342, 15.771227], [121.015342, 15.770418], [121.016958, 15.770418], [121.016958, 15.76961], [121.017767, 15.76961], [121.017767, 15.768801], [121.018575, 15.768801], [121.018575, 15.764759], [121.01615, 15.764759], [121.01615, 15.763142], [121.017767, 15.763142], [121.017767, 15.76395], [121.020192, 15.76395], [121.020192, 15.760716], [121.019384, 15.760716], [121.019384, 15.759908], [121.020192, 15.759908], [121.020192, 15.758291], [121.021001, 15.758291], [121.021001, 15.755865], [121.016958, 15.755865], [121.016958, 15.75344], [121.01615, 15.75344], [121.01615, 15.751014], [121.014533, 15.751014], [121.014533, 15.748589], [121.015342, 15.748589], [121.015342, 15.747781], [121.014533, 15.747781], [121.014533, 15.746972], [121.013725, 15.746972], [121.013725, 15.744547], [121.014533, 15.744547], [121.014533, 15.74293], [121.015342, 15.74293], [121.015342, 15.740504], [121.01615, 15.740504], [121.01615, 15.738079], [121.017767, 15.738079], [121.017767, 15.741313], [121.016958, 15.741313], [121.016958, 15.742121], [121.01615, 15.742121], [121.01615, 15.743738], [121.016958, 15.743738], [121.016958, 15.745355], [121.01615, 15.745355], [121.01615, 15.746972], [121.018575, 15.746972], [121.018575, 15.744547], [121.020192, 15.744547], [121.020192, 15.746972], [121.021001, 15.746972], [121.021001, 15.746164], [121.022618, 15.746164], [121.022618, 15.745355], [121.027469, 15.745355], [121.027469, 15.746164], [121.028277, 15.746164], [121.028277, 15.748589], [121.029086, 15.748589], [121.029086, 15.749397], [121.029894, 15.749397], [121.029894, 15.750206], [121.030703, 15.750206], [121.030703, 15.749397], [121.031511, 15.749397], [121.031511, 15.748589], [121.03232, 15.748589], [121.03232, 15.749397], [121.033128, 15.749397], [121.033128, 15.748589], [121.033937, 15.748589], [121.033937, 15.746972], [121.035554, 15.746972], [121.035554, 15.746164], [121.036362, 15.746164], [121.036362, 15.745355], [121.037171, 15.745355], [121.037171, 15.744547], [121.037979, 15.744547], [121.037979, 15.74293], [121.038788, 15.74293], [121.038788, 15.742121], [121.039596, 15.742121], [121.039596, 15.741313], [121.040405, 15.741313], [121.040405, 15.744547], [121.041213, 15.744547], [121.041213, 15.743738], [121.042021, 15.743738], [121.042021, 15.74293], [121.04283, 15.74293], [121.04283, 15.742121], [121.045255, 15.742121], [121.045255, 15.741313], [121.046872, 15.741313], [121.046872, 15.742121], [121.047681, 15.742121], [121.047681, 15.74293], [121.050106, 15.74293], [121.050106, 15.742121], [121.052532, 15.742121], [121.052532, 15.741313], [121.060617, 15.741313], [121.060617, 15.738079], [121.061425, 15.738079], [121.061425, 15.736462], [121.060617, 15.736462], [121.060617, 15.734845], [121.064659, 15.734845], [121.064659, 15.733228], [121.065468, 15.733228], [121.065468, 15.732419], [121.066276, 15.732419], [121.066276, 15.729994], [121.070318, 15.729994], [121.070318, 15.729185], [121.079212, 15.729185], [121.079212, 15.729994], [121.082446, 15.729994], [121.082446, 15.729185], [121.084063, 15.729185], [121.084063, 15.727568], [121.08568, 15.727568], [121.08568, 15.72676], [121.086488, 15.72676], [121.086488, 15.725143], [121.087297, 15.725143], [121.087297, 15.724334], [121.088914, 15.724334], [121.088914, 15.723526], [121.090531, 15.723526], [121.090531, 15.722718], [121.091339, 15.722718], [121.091339, 15.721909], [121.092147, 15.721909], [121.092147, 15.720292], [121.092956, 15.720292], [121.092956, 15.719484], [121.093764, 15.719484], [121.093764, 15.718675], [121.094573, 15.718675], [121.094573, 15.717867], [121.097807, 15.717867], [121.097807, 15.718675], [121.099424, 15.718675], [121.099424, 15.723526], [121.100232, 15.723526], [121.100232, 15.729994], [121.099424, 15.729994], [121.099424, 15.730802], [121.098615, 15.730802], [121.098615, 15.731611], [121.097807, 15.731611], [121.097807, 15.733228], [121.09619, 15.733228], [121.09619, 15.734845], [121.094573, 15.734845], [121.094573, 15.736462], [121.092956, 15.736462], [121.092956, 15.738079], [121.092147, 15.738079], [121.092147, 15.740504], [121.092956, 15.740504], [121.092956, 15.746164], [121.093764, 15.746164], [121.093764, 15.747781], [121.094573, 15.747781], [121.094573, 15.751014], [121.09619, 15.751014], [121.09619, 15.746972], [121.096998, 15.746972], [121.096998, 15.745355], [121.097807, 15.745355], [121.097807, 15.744547], [121.098615, 15.744547], [121.098615, 15.743738], [121.099424, 15.743738], [121.099424, 15.742121], [121.101849, 15.742121], [121.101849, 15.740504], [121.102658, 15.740504], [121.102658, 15.739696], [121.103466, 15.739696], [121.103466, 15.738887], [121.105083, 15.738887], [121.105083, 15.738079], [121.1067, 15.738079], [121.1067, 15.73727], [121.107509, 15.73727], [121.107509, 15.736462], [121.109126, 15.736462], [121.109126, 15.735653], [121.109934, 15.735653], [121.109934, 15.734845], [121.110743, 15.734845], [121.110743, 15.733228], [121.11236, 15.733228], [121.11236, 15.734845], [121.113977, 15.734845], [121.113977, 15.735653], [121.116402, 15.735653], [121.116402, 15.734845], [121.118827, 15.734845], [121.118827, 15.732419], [121.11721, 15.732419], [121.11721, 15.733228], [121.114785, 15.733228], [121.114785, 15.730802], [121.115594, 15.730802], [121.115594, 15.72676], [121.114785, 15.72676], [121.114785, 15.725951], [121.113977, 15.725951], [121.113977, 15.724334], [121.113168, 15.724334], [121.113168, 15.721909], [121.113977, 15.721909], [121.113977, 15.719484], [121.114785, 15.719484], [121.114785, 15.718675], [121.116402, 15.718675], [121.116402, 15.717058], [121.11721, 15.717058], [121.11721, 15.71625], [121.116402, 15.71625], [121.116402, 15.714633], [121.115594, 15.714633], [121.115594, 15.708165], [121.114785, 15.708165], [121.114785, 15.707356], [121.113977, 15.707356], [121.113977, 15.705739], [121.115594, 15.705739], [121.115594, 15.706548], [121.116402, 15.706548], [121.116402, 15.704122], [121.11721, 15.704122], [121.11721, 15.703314], [121.119636, 15.703314], [121.119636, 15.701697], [121.121253, 15.701697], [121.121253, 15.699271], [121.12287, 15.699271], [121.12287, 15.698463], [121.123678, 15.698463], [121.123678, 15.697655], [121.126912, 15.697655], [121.126912, 15.696038], [121.128529, 15.696038], [121.128529, 15.697655], [121.129338, 15.697655], [121.129338, 15.698463], [121.130146, 15.698463], [121.130146, 15.697655], [121.131763, 15.697655], [121.131763, 15.698463], [121.13338, 15.698463], [121.13338, 15.696038], [121.136614, 15.696038], [121.136614, 15.696846], [121.137423, 15.696846], [121.137423, 15.697655], [121.147124, 15.697655], [121.147124, 15.696846], [121.14955, 15.696846], [121.14955, 15.70008], [121.151167, 15.70008], [121.151167, 15.702505], [121.152784, 15.702505], [121.152784, 15.700888], [121.153592, 15.700888], [121.153592, 15.701697], [121.154401, 15.701697], [121.154401, 15.705739], [121.153592, 15.705739], [121.153592, 15.708165], [121.154401, 15.708165], [121.154401, 15.708973], [121.155209, 15.708973], [121.155209, 15.712207], [121.157635, 15.712207], [121.157635, 15.71059], [121.156826, 15.71059], [121.156826, 15.708165], [121.158443, 15.708165], [121.158443, 15.706548], [121.157635, 15.706548], [121.157635, 15.704122], [121.158443, 15.704122], [121.158443, 15.703314], [121.163294, 15.703314], [121.163294, 15.701697], [121.162486, 15.701697], [121.162486, 15.700888], [121.164103, 15.700888], [121.164103, 15.701697], [121.165719, 15.701697], [121.165719, 15.700888], [121.166528, 15.700888], [121.166528, 15.70008], [121.168145, 15.70008], [121.168145, 15.699271], [121.168953, 15.699271], [121.168953, 15.696846], [121.172187, 15.696846], [121.172187, 15.696038], [121.172996, 15.696038], [121.172996, 15.695229], [121.172187, 15.695229], [121.172187, 15.691995], [121.168953, 15.691995], [121.168953, 15.691187], [121.168145, 15.691187], [121.168145, 15.690378], [121.167336, 15.690378], [121.167336, 15.68957], [121.166528, 15.68957], [121.166528, 15.688761], [121.165719, 15.688761], [121.165719, 15.687144], [121.167336, 15.687144], [121.167336, 15.68391], [121.166528, 15.68391], [121.166528, 15.683102], [121.165719, 15.683102], [121.165719, 15.681485], [121.163294, 15.681485], [121.163294, 15.682293], [121.162486, 15.682293], [121.162486, 15.683102], [121.160869, 15.683102], [121.160869, 15.68391], [121.16006, 15.68391], [121.16006, 15.684719], [121.158443, 15.684719], [121.158443, 15.685527], [121.156826, 15.685527], [121.156826, 15.68391], [121.158443, 15.68391], [121.158443, 15.683102], [121.159252, 15.683102], [121.159252, 15.679868], [121.16006, 15.679868], [121.16006, 15.679059], [121.161677, 15.679059], [121.161677, 15.677442], [121.162486, 15.677442], [121.162486, 15.676634], [121.165719, 15.676634], [121.165719, 15.675017], [121.166528, 15.675017], [121.166528, 15.674208], [121.17057, 15.674208], [121.17057, 15.670975], [121.172996, 15.670975], [121.172996, 15.670166], [121.173804, 15.670166], [121.173804, 15.669358], [121.174613, 15.669358], [121.174613, 15.668549], [121.175421, 15.668549], [121.175421, 15.667741], [121.17623, 15.667741], [121.17623, 15.666124], [121.174613, 15.666124], [121.174613, 15.664507], [121.175421, 15.664507], [121.175421, 15.662081], [121.17623, 15.662081], [121.17623, 15.661273], [121.175421, 15.661273], [121.175421, 15.660464], [121.17623, 15.660464], [121.17623, 15.659656], [121.175421, 15.659656], [121.175421, 15.658847], [121.17623, 15.658847], [121.17623, 15.656422], [121.177038, 15.656422], [121.177038, 15.655613], [121.177847, 15.655613], [121.177847, 15.653188], [121.179464, 15.653188], [121.179464, 15.651571], [121.180272, 15.651571], [121.180272, 15.652379], [121.181081, 15.652379], [121.181081, 15.653188], [121.182698, 15.653188], [121.182698, 15.651571], [121.181889, 15.651571], [121.181889, 15.649954], [121.182698, 15.649954], [121.182698, 15.647529], [121.181889, 15.647529], [121.181889, 15.64672], [121.182698, 15.64672], [121.182698, 15.645912], [121.183506, 15.645912], [121.183506, 15.641869], [121.185932, 15.641869], [121.185932, 15.643486], [121.185123, 15.643486], [121.185123, 15.645912], [121.18674, 15.645912], [121.18674, 15.643486], [121.187549, 15.643486], [121.187549, 15.641061], [121.189166, 15.641061], [121.189166, 15.638635], [121.188357, 15.638635], [121.188357, 15.637827], [121.190782, 15.637827], [121.190782, 15.634593], [121.191591, 15.634593], [121.191591, 15.635401], [121.192399, 15.635401], [121.192399, 15.634593], [121.194825, 15.634593], [121.194825, 15.633784], [121.195633, 15.633784], [121.195633, 15.631359], [121.19725, 15.631359], [121.19725, 15.63055], [121.198867, 15.63055], [121.198867, 15.632167], [121.200484, 15.632167], [121.200484, 15.631359], [121.201293, 15.631359], [121.201293, 15.63055], [121.202101, 15.63055], [121.202101, 15.629742], [121.20291, 15.629742], [121.20291, 15.628125], [121.204527, 15.628125], [121.204527, 15.627316], [121.205335, 15.627316], [121.205335, 15.626508], [121.208569, 15.626508], [121.208569, 15.617615], [121.209378, 15.617615], [121.209378, 15.615998], [121.210186, 15.615998], [121.210186, 15.614381], [121.211803, 15.614381], [121.211803, 15.613572], [121.212612, 15.613572], [121.212612, 15.612764], [121.21342, 15.612764], [121.21342, 15.610338], [121.212612, 15.610338], [121.212612, 15.608721], [121.21342, 15.608721], [121.21342, 15.607104], [121.214229, 15.607104], [121.214229, 15.601445], [121.215037, 15.601445], [121.215037, 15.599828], [121.215845, 15.599828], [121.215845, 15.598211], [121.216654, 15.598211], [121.216654, 15.596594], [121.217462, 15.596594], [121.217462, 15.594977], [121.218271, 15.594977], [121.218271, 15.594169], [121.219079, 15.594169], [121.219079, 15.59336], [121.219888, 15.59336], [121.219888, 15.592552], [121.22393, 15.592552], [121.22393, 15.590935], [121.224739, 15.590935], [121.224739, 15.589318], [121.225547, 15.589318], [121.225547, 15.588509], [121.226356, 15.588509], [121.226356, 15.584467], [121.225547, 15.584467], [121.225547, 15.583658], [121.224739, 15.583658], [121.224739, 15.58285], [121.22393, 15.58285], [121.22393, 15.57719], [121.225547, 15.57719], [121.225547, 15.57234], [121.224739, 15.57234], [121.224739, 15.571531], [121.225547, 15.571531], [121.225547, 15.570723], [121.226356, 15.570723], [121.226356, 15.569914], [121.227973, 15.569914], [121.227973, 15.565872], [121.230398, 15.565872], [121.230398, 15.564255], [121.232015, 15.564255], [121.232015, 15.562638], [121.236058, 15.562638], [121.236058, 15.561021], [121.237675, 15.561021], [121.237675, 15.560212], [121.238483, 15.560212], [121.238483, 15.559404], [121.241717, 15.559404], [121.241717, 15.556978], [121.242525, 15.556978], [121.242525, 15.553744], [121.243334, 15.553744], [121.243334, 15.552936], [121.244142, 15.552936], [121.244142, 15.551319], [121.244951, 15.551319], [121.244951, 15.549702], [121.245759, 15.549702], [121.245759, 15.548085], [121.246568, 15.548085], [121.246568, 15.547277], [121.247376, 15.547277], [121.247376, 15.546468], [121.248993, 15.546468], [121.248993, 15.54566], [121.252227, 15.54566], [121.252227, 15.544851], [121.253844, 15.544851], [121.253844, 15.541617], [121.254653, 15.541617], [121.254653, 15.540809], [121.25627, 15.540809], [121.25627, 15.539192], [121.257887, 15.539192], [121.257887, 15.537575], [121.259504, 15.537575], [121.259504, 15.536766], [121.260312, 15.536766], [121.260312, 15.535958], [121.261929, 15.535958], [121.261929, 15.534341], [121.262738, 15.534341], [121.262738, 15.533532], [121.263546, 15.533532], [121.263546, 15.531915], [121.264355, 15.531915], [121.264355, 15.531107], [121.26678, 15.531107], [121.26678, 15.532724], [121.265971, 15.532724], [121.265971, 15.533532], [121.265163, 15.533532], [121.265163, 15.534341], [121.268397, 15.534341], [121.268397, 15.532724], [121.270014, 15.532724], [121.270014, 15.531107], [121.270822, 15.531107], [121.270822, 15.530298], [121.272439, 15.530298], [121.272439, 15.528681], [121.273248, 15.528681], [121.273248, 15.527873], [121.274056, 15.527873], [121.274056, 15.527064], [121.27729, 15.527064], [121.27729, 15.526256], [121.280524, 15.526256], [121.280524, 15.525447], [121.282141, 15.525447], [121.282141, 15.523022], [121.283758, 15.523022], [121.283758, 15.522214], [121.282141, 15.522214], [121.282141, 15.521405], [121.280524, 15.521405], [121.280524, 15.517363], [121.279716, 15.517363], [121.279716, 15.516554], [121.278907, 15.516554], [121.278907, 15.515746], [121.280524, 15.515746], [121.280524, 15.514937], [121.281333, 15.514937], [121.281333, 15.514129], [121.278907, 15.514129], [121.278907, 15.512512], [121.278099, 15.512512], [121.278099, 15.511703], [121.27729, 15.511703], [121.27729, 15.512512], [121.276482, 15.512512], [121.276482, 15.515746], [121.275673, 15.515746], [121.275673, 15.516554], [121.272439, 15.516554], [121.272439, 15.515746], [121.271631, 15.515746], [121.271631, 15.514937], [121.270822, 15.514937], [121.270822, 15.515746], [121.270014, 15.515746], [121.270014, 15.516554], [121.269205, 15.516554], [121.269205, 15.517363], [121.268397, 15.517363], [121.268397, 15.519788], [121.270014, 15.519788], [121.270014, 15.521405], [121.267588, 15.521405], [121.267588, 15.522214], [121.26678, 15.522214], [121.26678, 15.525447], [121.265971, 15.525447], [121.265971, 15.526256], [121.265163, 15.526256], [121.265163, 15.528681], [121.263546, 15.528681], [121.263546, 15.530298], [121.261929, 15.530298], [121.261929, 15.531107], [121.260312, 15.531107], [121.260312, 15.531915], [121.259504, 15.531915], [121.259504, 15.532724], [121.258695, 15.532724], [121.258695, 15.533532], [121.257887, 15.533532], [121.257887, 15.534341], [121.257078, 15.534341], [121.257078, 15.535149], [121.25627, 15.535149], [121.25627, 15.536766], [121.255461, 15.536766], [121.255461, 15.537575], [121.253844, 15.537575], [121.253844, 15.538383], [121.253036, 15.538383], [121.253036, 15.54], [121.252227, 15.54], [121.252227, 15.540809], [121.251419, 15.540809], [121.251419, 15.541617], [121.248993, 15.541617], [121.248993, 15.543234], [121.247376, 15.543234], [121.247376, 15.544043], [121.246568, 15.544043], [121.246568, 15.544851], [121.245759, 15.544851], [121.245759, 15.54566], [121.244142, 15.54566], [121.244142, 15.546468], [121.241717, 15.546468], [121.241717, 15.547277], [121.240908, 15.547277], [121.240908, 15.548085], [121.239292, 15.548085], [121.239292, 15.548894], [121.238483, 15.548894], [121.238483, 15.549702], [121.236866, 15.549702], [121.236866, 15.55051], [121.236058, 15.55051], [121.236058, 15.551319], [121.234441, 15.551319], [121.234441, 15.55051], [121.232824, 15.55051], [121.232824, 15.546468], [121.232015, 15.546468], [121.232015, 15.541617], [121.231207, 15.541617], [121.231207, 15.540809], [121.22959, 15.540809], [121.22959, 15.544851], [121.228781, 15.544851], [121.228781, 15.54566], [121.227973, 15.54566], [121.227973, 15.549702], [121.22959, 15.549702], [121.22959, 15.55051], [121.231207, 15.55051], [121.231207, 15.552127], [121.230398, 15.552127], [121.230398, 15.552936], [121.22959, 15.552936], [121.22959, 15.553744], [121.228781, 15.553744], [121.228781, 15.554553], [121.225547, 15.554553], [121.225547, 15.552127], [121.227164, 15.552127], [121.227164, 15.548894], [121.223122, 15.548894], [121.223122, 15.552127], [121.220696, 15.552127], [121.220696, 15.551319], [121.219079, 15.551319], [121.219079, 15.552936], [121.221505, 15.552936], [121.221505, 15.553744], [121.222313, 15.553744], [121.222313, 15.557787], [121.221505, 15.557787], [121.221505, 15.558595], [121.220696, 15.558595], [121.220696, 15.559404], [121.219079, 15.559404], [121.219079, 15.556978], [121.216654, 15.556978], [121.216654, 15.559404], [121.215037, 15.559404], [121.215037, 15.557787], [121.215845, 15.557787], [121.215845, 15.55617], [121.215037, 15.55617], [121.215037, 15.554553], [121.214229, 15.554553], [121.214229, 15.555361], [121.21342, 15.555361], [121.21342, 15.556978], [121.212612, 15.556978], [121.212612, 15.559404], [121.210995, 15.559404], [121.210995, 15.558595], [121.210186, 15.558595], [121.210186, 15.557787], [121.209378, 15.557787], [121.209378, 15.556978], [121.208569, 15.556978], [121.208569, 15.555361], [121.207761, 15.555361], [121.207761, 15.55617], [121.206952, 15.55617], [121.206952, 15.559404], [121.205335, 15.559404], [121.205335, 15.560212], [121.204527, 15.560212], [121.204527, 15.561021], [121.203718, 15.561021], [121.203718, 15.563446], [121.204527, 15.563446], [121.204527, 15.56668], [121.203718, 15.56668], [121.203718, 15.565872], [121.201293, 15.565872], [121.201293, 15.562638], [121.198867, 15.562638], [121.198867, 15.564255], [121.198059, 15.564255], [121.198059, 15.565063], [121.19725, 15.565063], [121.19725, 15.565872], [121.196442, 15.565872], [121.196442, 15.56668], [121.194825, 15.56668], [121.194825, 15.565872], [121.194016, 15.565872], [121.194016, 15.564255], [121.193208, 15.564255], [121.193208, 15.563446], [121.192399, 15.563446], [121.192399, 15.562638], [121.189974, 15.562638], [121.189974, 15.561021], [121.188357, 15.561021], [121.188357, 15.555361], [121.187549, 15.555361], [121.187549, 15.553744], [121.188357, 15.553744], [121.188357, 15.55051], [121.185932, 15.55051], [121.185932, 15.548085], [121.181889, 15.548085], [121.181889, 15.546468], [121.179464, 15.546468], [121.179464, 15.55051], [121.177847, 15.55051], [121.177847, 15.552127], [121.17623, 15.552127], [121.17623, 15.553744], [121.174613, 15.553744], [121.174613, 15.551319], [121.175421, 15.551319], [121.175421, 15.549702], [121.174613, 15.549702], [121.174613, 15.548894], [121.173804, 15.548894], [121.173804, 15.548085], [121.172996, 15.548085], [121.172996, 15.547277], [121.172187, 15.547277], [121.172187, 15.548085], [121.171379, 15.548085], [121.171379, 15.548894], [121.17057, 15.548894], [121.17057, 15.549702], [121.168953, 15.549702], [121.168953, 15.548085], [121.165719, 15.548085], [121.165719, 15.546468], [121.166528, 15.546468], [121.166528, 15.544851], [121.161677, 15.544851], [121.161677, 15.546468], [121.160869, 15.546468], [121.160869, 15.548085], [121.163294, 15.548085], [121.163294, 15.549702], [121.162486, 15.549702], [121.162486, 15.55051], [121.160869, 15.55051], [121.160869, 15.552127], [121.16006, 15.552127], [121.16006, 15.554553], [121.159252, 15.554553], [121.159252, 15.556978], [121.158443, 15.556978], [121.158443, 15.557787], [121.157635, 15.557787], [121.157635, 15.562638], [121.156018, 15.562638], [121.156018, 15.563446], [121.153592, 15.563446], [121.153592, 15.559404], [121.155209, 15.559404], [121.155209, 15.556978], [121.154401, 15.556978], [121.154401, 15.55617], [121.153592, 15.55617], [121.153592, 15.542426], [121.154401, 15.542426], [121.154401, 15.541617], [121.155209, 15.541617], [121.155209, 15.539192], [121.156018, 15.539192], [121.156018, 15.536766], [121.155209, 15.536766], [121.155209, 15.533532], [121.154401, 15.533532], [121.154401, 15.531915], [121.155209, 15.531915], [121.155209, 15.526256], [121.156018, 15.526256], [121.156018, 15.525447], [121.156826, 15.525447], [121.156826, 15.523022], [121.157635, 15.523022], [121.157635, 15.522214], [121.158443, 15.522214], [121.158443, 15.514937], [121.156826, 15.514937], [121.156826, 15.51332], [121.155209, 15.51332], [121.155209, 15.514129], [121.154401, 15.514129], [121.154401, 15.514937], [121.151975, 15.514937], [121.151975, 15.511703], [121.14955, 15.511703], [121.14955, 15.510895], [121.148741, 15.510895], [121.148741, 15.510086], [121.147933, 15.510086], [121.147933, 15.509278], [121.146316, 15.509278], [121.146316, 15.510895], [121.145507, 15.510895], [121.145507, 15.511703], [121.144699, 15.511703], [121.144699, 15.514129], [121.14389, 15.514129], [121.14389, 15.516554], [121.142273, 15.516554], [121.142273, 15.523022], [121.141465, 15.523022], [121.141465, 15.526256], [121.140657, 15.526256], [121.140657, 15.528681], [121.139848, 15.528681], [121.139848, 15.531107], [121.13904, 15.531107], [121.13904, 15.532724], [121.139848, 15.532724], [121.139848, 15.537575], [121.13904, 15.537575], [121.13904, 15.539192], [121.139848, 15.539192], [121.139848, 15.549702], [121.13904, 15.549702], [121.13904, 15.557787], [121.138231, 15.557787], [121.138231, 15.558595], [121.137423, 15.558595], [121.137423, 15.559404], [121.135806, 15.559404], [121.135806, 15.561021], [121.138231, 15.561021], [121.138231, 15.561829], [121.13904, 15.561829], [121.13904, 15.567489], [121.137423, 15.567489], [121.137423, 15.56668], [121.135806, 15.56668], [121.135806, 15.569914], [121.13338, 15.569914], [121.13338, 15.571531], [121.132572, 15.571531], [121.132572, 15.57234], [121.131763, 15.57234], [121.131763, 15.573148], [121.130955, 15.573148], [121.130955, 15.57234], [121.130146, 15.57234], [121.130146, 15.570723], [121.130955, 15.570723], [121.130955, 15.568297], [121.129338, 15.568297], [121.129338, 15.569106], [121.128529, 15.569106], [121.128529, 15.569914], [121.126104, 15.569914], [121.126104, 15.569106], [121.125295, 15.569106], [121.125295, 15.568297], [121.12287, 15.568297], [121.12287, 15.56668], [121.121253, 15.56668], [121.121253, 15.565872], [121.119636, 15.565872], [121.119636, 15.569106], [121.120444, 15.569106], [121.120444, 15.570723], [121.119636, 15.570723], [121.119636, 15.571531], [121.118019, 15.571531], [121.118019, 15.570723], [121.11721, 15.570723], [121.11721, 15.569914], [121.115594, 15.569914], [121.115594, 15.567489], [121.114785, 15.567489], [121.114785, 15.56668], [121.113977, 15.56668], [121.113977, 15.565872], [121.113168, 15.565872], [121.113168, 15.564255], [121.113977, 15.564255], [121.113977, 15.561021], [121.115594, 15.561021], [121.115594, 15.561829], [121.11721, 15.561829], [121.11721, 15.561021], [121.116402, 15.561021], [121.116402, 15.558595], [121.11721, 15.558595], [121.11721, 15.556978], [121.118827, 15.556978], [121.118827, 15.552936], [121.118019, 15.552936], [121.118019, 15.55051], [121.121253, 15.55051], [121.121253, 15.549702], [121.122061, 15.549702], [121.122061, 15.548894], [121.12287, 15.548894], [121.12287, 15.548085], [121.118019, 15.548085], [121.118019, 15.546468], [121.11721, 15.546468], [121.11721, 15.544851], [121.113977, 15.544851], [121.113977, 15.543234], [121.113168, 15.543234], [121.113168, 15.535958], [121.113977, 15.535958], [121.113977, 15.531915], [121.11236, 15.531915], [121.11236, 15.525447], [121.114785, 15.525447], [121.114785, 15.527064], [121.113977, 15.527064], [121.113977, 15.52949], [121.11721, 15.52949], [121.11721, 15.530298], [121.118827, 15.530298], [121.118827, 15.531915], [121.119636, 15.531915], [121.119636, 15.535958], [121.121253, 15.535958], [121.121253, 15.533532], [121.122061, 15.533532], [121.122061, 15.52949], [121.121253, 15.52949], [121.121253, 15.527873], [121.118827, 15.527873], [121.118827, 15.525447], [121.118019, 15.525447], [121.118019, 15.524639], [121.11721, 15.524639], [121.11721, 15.523831], [121.115594, 15.523831], [121.115594, 15.521405], [121.113977, 15.521405], [121.113977, 15.518171], [121.114785, 15.518171], [121.114785, 15.516554], [121.115594, 15.516554], [121.115594, 15.51332], [121.118019, 15.51332], [121.118019, 15.514937], [121.119636, 15.514937], [121.119636, 15.51332], [121.120444, 15.51332], [121.120444, 15.506044], [121.121253, 15.506044], [121.121253, 15.503618], [121.119636, 15.503618], [121.119636, 15.505235], [121.118827, 15.505235], [121.118827, 15.507661], [121.116402, 15.507661], [121.116402, 15.509278], [121.115594, 15.509278], [121.115594, 15.510086], [121.114785, 15.510086], [121.114785, 15.510895], [121.113168, 15.510895], [121.113168, 15.509278], [121.11236, 15.509278], [121.11236, 15.510895], [121.111551, 15.510895], [121.111551, 15.511703], [121.110743, 15.511703], [121.110743, 15.51332], [121.109126, 15.51332], [121.109126, 15.514937], [121.108317, 15.514937], [121.108317, 15.516554], [121.1067, 15.516554], [121.1067, 15.514937], [121.105892, 15.514937], [121.105892, 15.510895], [121.1067, 15.510895], [121.1067, 15.510086], [121.107509, 15.510086], [121.107509, 15.509278], [121.108317, 15.509278], [121.108317, 15.506852], [121.109126, 15.506852], [121.109126, 15.505235], [121.1067, 15.505235], [121.1067, 15.50281], [121.105892, 15.50281], [121.105892, 15.502001], [121.104275, 15.502001], [121.104275, 15.500384], [121.101041, 15.500384], [121.101041, 15.497151], [121.102658, 15.497151], [121.102658, 15.495534], [121.101849, 15.495534], [121.101849, 15.490683], [121.102658, 15.490683], [121.102658, 15.489874], [121.104275, 15.489874], [121.104275, 15.489066], [121.105083, 15.489066], [121.105083, 15.484215], [121.105892, 15.484215], [121.105892, 15.483406], [121.1067, 15.483406], [121.1067, 15.481789], [121.107509, 15.481789], [121.107509, 15.480172], [121.108317, 15.480172], [121.108317, 15.479364], [121.109126, 15.479364], [121.109126, 15.47613], [121.108317, 15.47613], [121.108317, 15.474513], [121.107509, 15.474513], [121.107509, 15.470471], [121.108317, 15.470471], [121.108317, 15.468854], [121.109126, 15.468854], [121.109126, 15.466428], [121.109934, 15.466428], [121.109934, 15.464811], [121.108317, 15.464811], [121.108317, 15.466428], [121.101041, 15.466428], [121.101041, 15.462386], [121.101849, 15.462386], [121.101849, 15.460769], [121.103466, 15.460769], [121.103466, 15.459152], [121.101849, 15.459152], [121.101849, 15.454301], [121.103466, 15.454301], [121.103466, 15.452684], [121.102658, 15.452684], [121.102658, 15.451067], [121.103466, 15.451067], [121.103466, 15.44945], [121.102658, 15.44945], [121.102658, 15.448642], [121.101041, 15.448642], [121.101041, 15.446216], [121.101849, 15.446216], [121.101849, 15.442982], [121.102658, 15.442982], [121.102658, 15.442174], [121.1067, 15.442174], [121.1067, 15.438131], [121.107509, 15.438131], [121.107509, 15.436514], [121.105892, 15.436514], [121.105892, 15.435706], [121.105083, 15.435706], [121.105083, 15.434897], [121.104275, 15.434897], [121.104275, 15.430855], [121.105083, 15.430855], [121.105083, 15.429238], [121.103466, 15.429238], [121.103466, 15.426812], [121.104275, 15.426812], [121.104275, 15.424387], [121.105083, 15.424387], [121.105083, 15.421962], [121.1067, 15.421962], [121.1067, 15.420345], [121.108317, 15.420345], [121.108317, 15.419536], [121.109126, 15.419536], [121.109126, 15.417111], [121.109934, 15.417111], [121.109934, 15.415494], [121.111551, 15.415494], [121.111551, 15.414685], [121.11236, 15.414685], [121.11236, 15.417111], [121.115594, 15.417111], [121.115594, 15.415494], [121.113977, 15.415494], [121.113977, 15.413068], [121.114785, 15.413068], [121.114785, 15.407409], [121.113977, 15.407409], [121.113977, 15.408217], [121.113168, 15.408217], [121.113168, 15.409026], [121.11236, 15.409026], [121.11236, 15.409834], [121.111551, 15.409834], [121.111551, 15.410643], [121.110743, 15.410643], [121.110743, 15.411451], [121.109126, 15.411451], [121.109126, 15.410643], [121.1067, 15.410643], [121.1067, 15.4066], [121.109126, 15.4066], [121.109126, 15.404983], [121.110743, 15.404983], [121.110743, 15.404175], [121.111551, 15.404175], [121.111551, 15.402558], [121.11236, 15.402558], [121.11236, 15.401749], [121.114785, 15.401749], [121.114785, 15.404175], [121.115594, 15.404175], [121.115594, 15.402558], [121.116402, 15.402558], [121.116402, 15.400941], [121.11721, 15.400941], [121.11721, 15.400133], [121.118019, 15.400133], [121.118019, 15.397707], [121.118827, 15.397707], [121.118827, 15.39609], [121.11721, 15.39609], [121.11721, 15.394473], [121.118019, 15.394473], [121.118019, 15.390431], [121.119636, 15.390431], [121.119636, 15.387197], [121.118019, 15.387197], [121.118019, 15.388005], [121.115594, 15.388005], [121.115594, 15.388814], [121.114785, 15.388814], [121.114785, 15.390431], [121.115594, 15.390431], [121.115594, 15.394473], [121.114785, 15.394473], [121.114785, 15.395282], [121.113977, 15.395282], [121.113977, 15.39609], [121.11236, 15.39609], [121.11236, 15.397707], [121.113168, 15.397707], [121.113168, 15.399324], [121.11236, 15.399324], [121.11236, 15.400133], [121.110743, 15.400133], [121.110743, 15.399324], [121.109126, 15.399324], [121.109126, 15.397707], [121.109934, 15.397707], [121.109934, 15.39609], [121.110743, 15.39609], [121.110743, 15.392856], [121.107509, 15.392856], [121.107509, 15.392048], [121.1067, 15.392048], [121.1067, 15.391239], [121.107509, 15.391239], [121.107509, 15.390431], [121.108317, 15.390431], [121.108317, 15.388814], [121.109126, 15.388814], [121.109126, 15.388005], [121.108317, 15.388005], [121.108317, 15.387197], [121.105892, 15.387197], [121.105892, 15.386388], [121.105083, 15.386388], [121.105083, 15.38558], [121.104275, 15.38558], [121.104275, 15.382346], [121.105083, 15.382346], [121.105083, 15.37992], [121.105892, 15.37992], [121.105892, 15.379112], [121.1067, 15.379112], [121.1067, 15.378303], [121.107509, 15.378303], [121.107509, 15.377495], [121.108317, 15.377495], [121.108317, 15.376686], [121.109934, 15.376686], [121.109934, 15.377495], [121.111551, 15.377495], [121.111551, 15.376686], [121.11236, 15.376686], [121.11236, 15.37507], [121.113168, 15.37507], [121.113168, 15.372644], [121.113977, 15.372644], [121.113977, 15.371027], [121.115594, 15.371027], [121.115594, 15.370219], [121.116402, 15.370219], [121.116402, 15.36941], [121.118019, 15.36941], [121.118019, 15.366985], [121.119636, 15.366985], [121.119636, 15.366176], [121.121253, 15.366176], [121.121253, 15.365368], [121.122061, 15.365368], [121.122061, 15.364559], [121.12287, 15.364559], [121.12287, 15.363751], [121.123678, 15.363751], [121.123678, 15.362134], [121.12287, 15.362134], [121.12287, 15.360517], [121.124487, 15.360517], [121.124487, 15.359708], [121.125295, 15.359708], [121.125295, 15.3589], [121.126104, 15.3589], [121.126104, 15.358091], [121.126912, 15.358091], [121.126912, 15.357283], [121.130146, 15.357283], [121.130146, 15.358091], [121.131763, 15.358091], [121.131763, 15.357283], [121.13338, 15.357283], [121.13338, 15.360517], [121.138231, 15.360517], [121.138231, 15.362134], [121.140657, 15.362134], [121.140657, 15.360517], [121.13904, 15.360517], [121.13904, 15.359708], [121.134189, 15.359708], [121.134189, 15.358091], [121.135806, 15.358091], [121.135806, 15.356474], [121.134997, 15.356474], [121.134997, 15.355666], [121.130955, 15.355666], [121.130955, 15.350815], [121.131763, 15.350815], [121.131763, 15.347581], [121.130955, 15.347581], [121.130955, 15.346773], [121.129338, 15.346773], [121.129338, 15.347581], [121.126912, 15.347581], [121.126912, 15.346773], [121.126104, 15.346773], [121.126104, 15.345964], [121.123678, 15.345964], [121.123678, 15.346773], [121.12287, 15.346773], [121.12287, 15.347581], [121.121253, 15.347581], [121.121253, 15.346773], [121.119636, 15.346773], [121.119636, 15.34839], [121.118019, 15.34839], [121.118019, 15.350007], [121.116402, 15.350007], [121.116402, 15.350815], [121.115594, 15.350815], [121.115594, 15.351623], [121.114785, 15.351623], [121.114785, 15.352432], [121.113977, 15.352432], [121.113977, 15.354049], [121.113168, 15.354049], [121.113168, 15.35324], [121.111551, 15.35324], [121.111551, 15.351623], [121.11236, 15.351623], [121.11236, 15.350815], [121.113977, 15.350815], [121.113977, 15.349198], [121.114785, 15.349198], [121.114785, 15.347581], [121.113977, 15.347581], [121.113977, 15.344347], [121.11236, 15.344347], [121.11236, 15.341922], [121.111551, 15.341922], [121.111551, 15.341113], [121.110743, 15.341113], [121.110743, 15.337071], [121.109126, 15.337071], [121.109126, 15.336262], [121.111551, 15.336262], [121.111551, 15.337071], [121.113168, 15.337071], [121.113168, 15.338688], [121.115594, 15.338688], [121.115594, 15.337879], [121.118019, 15.337879], [121.118019, 15.337071], [121.11721, 15.337071], [121.11721, 15.336262], [121.118019, 15.336262], [121.118019, 15.335454], [121.118827, 15.335454], [121.118827, 15.336262], [121.119636, 15.336262], [121.119636, 15.333837], [121.120444, 15.333837], [121.120444, 15.331411], [121.118827, 15.331411], [121.118827, 15.330603], [121.118019, 15.330603], [121.118019, 15.329794], [121.116402, 15.329794], [121.116402, 15.328986], [121.115594, 15.328986], [121.115594, 15.32656], [121.114785, 15.32656], [121.114785, 15.324135], [121.115594, 15.324135], [121.115594, 15.323327], [121.116402, 15.323327], [121.116402, 15.322518], [121.118019, 15.322518], [121.118019, 15.32171], [121.119636, 15.32171], [121.119636, 15.320093], [121.120444, 15.320093], [121.120444, 15.319284], [121.121253, 15.319284], [121.121253, 15.318476], [121.12287, 15.318476], [121.12287, 15.317667], [121.124487, 15.317667], [121.124487, 15.316859], [121.126104, 15.316859], [121.126104, 15.31605], [121.126912, 15.31605], [121.126912, 15.315242], [121.127721, 15.315242], [121.127721, 15.314433], [121.126912, 15.314433], [121.126912, 15.312008], [121.128529, 15.312008], [121.128529, 15.308774], [121.126912, 15.308774], [121.126912, 15.307965], [121.126104, 15.307965], [121.126104, 15.307157], [121.124487, 15.307157], [121.124487, 15.306348], [121.122061, 15.306348], [121.122061, 15.307157], [121.116402, 15.307157], [121.116402, 15.30554], [121.11721, 15.30554], [121.11721, 15.303923], [121.118019, 15.303923], [121.118019, 15.303114], [121.120444, 15.303114], [121.120444, 15.303923], [121.121253, 15.303923], [121.121253, 15.304731], [121.122061, 15.304731], [121.122061, 15.303923], [121.12287, 15.303923], [121.12287, 15.299072], [121.126104, 15.299072], [121.126104, 15.299881], [121.128529, 15.299881], [121.128529, 15.299072], [121.130146, 15.299072], [121.130146, 15.301497], [121.131763, 15.301497], [121.131763, 15.302306], [121.134189, 15.302306], [121.134189, 15.301497], [121.132572, 15.301497], [121.132572, 15.299881], [121.131763, 15.299881], [121.131763, 15.297455], [121.130955, 15.297455], [121.130955, 15.298264], [121.12287, 15.298264], [121.12287, 15.290987], [121.125295, 15.290987], [121.125295, 15.290179], [121.126912, 15.290179], [121.126912, 15.28937], [121.129338, 15.28937], [121.129338, 15.290179], [121.130146, 15.290179], [121.130146, 15.290987], [121.130955, 15.290987], [121.130955, 15.291796], [121.131763, 15.291796], [121.131763, 15.28937], [121.130955, 15.28937], [121.130955, 15.288562], [121.128529, 15.288562], [121.128529, 15.287753], [121.126104, 15.287753], [121.126104, 15.286136], [121.126912, 15.286136], [121.126912, 15.285328], [121.128529, 15.285328], [121.128529, 15.283711], [121.126912, 15.283711], [121.126912, 15.284519], [121.126104, 15.284519], [121.126104, 15.285328], [121.123678, 15.285328], [121.123678, 15.284519], [121.12287, 15.284519], [121.12287, 15.280477], [121.121253, 15.280477], [121.121253, 15.281285], [121.120444, 15.281285], [121.120444, 15.283711], [121.121253, 15.283711], [121.121253, 15.285328], [121.119636, 15.285328], [121.119636, 15.286136], [121.118827, 15.286136], [121.118827, 15.287753], [121.118019, 15.287753], [121.118019, 15.290987], [121.118827, 15.290987], [121.118827, 15.29503], [121.118019, 15.29503], [121.118019, 15.299072], [121.11721, 15.299072], [121.11721, 15.300689], [121.116402, 15.300689], [121.116402, 15.301497], [121.11236, 15.301497], [121.11236, 15.302306], [121.110743, 15.302306], [121.110743, 15.301497], [121.109126, 15.301497], [121.109126, 15.300689], [121.108317, 15.300689], [121.108317, 15.299881], [121.103466, 15.299881], [121.103466, 15.303114], [121.102658, 15.303114], [121.102658, 15.30554], [121.104275, 15.30554], [121.104275, 15.306348], [121.105083, 15.306348], [121.105083, 15.307157], [121.1067, 15.307157], [121.1067, 15.307965], [121.105892, 15.307965], [121.105892, 15.308774], [121.104275, 15.308774], [121.104275, 15.309582], [121.103466, 15.309582], [121.103466, 15.310391], [121.101041, 15.310391], [121.101041, 15.311199], [121.098615, 15.311199], [121.098615, 15.310391], [121.092956, 15.310391], [121.092956, 15.312008], [121.088914, 15.312008], [121.088914, 15.311199], [121.089722, 15.311199], [121.089722, 15.309582], [121.090531, 15.309582], [121.090531, 15.308774], [121.092147, 15.308774], [121.092147, 15.307965], [121.092956, 15.307965], [121.092956, 15.307157], [121.094573, 15.307157], [121.094573, 15.30554], [121.09619, 15.30554], [121.09619, 15.303114], [121.091339, 15.303114], [121.091339, 15.299881], [121.092147, 15.299881], [121.092147, 15.299072], [121.092956, 15.299072], [121.092956, 15.295838], [121.090531, 15.295838], [121.090531, 15.296647], [121.089722, 15.296647], [121.089722, 15.297455], [121.088914, 15.297455], [121.088914, 15.299881], [121.087297, 15.299881], [121.087297, 15.298264], [121.088105, 15.298264], [121.088105, 15.296647], [121.087297, 15.296647], [121.087297, 15.294221], [121.082446, 15.294221], [121.082446, 15.292604], [121.083254, 15.292604], [121.083254, 15.28937], [121.087297, 15.28937], [121.087297, 15.290179], [121.089722, 15.290179], [121.089722, 15.28937], [121.090531, 15.28937], [121.090531, 15.287753], [121.091339, 15.287753], [121.091339, 15.285328], [121.088914, 15.285328], [121.088914, 15.282902], [121.088105, 15.282902], [121.088105, 15.282094], [121.087297, 15.282094], [121.087297, 15.27886], [121.088914, 15.27886], [121.088914, 15.281285], [121.090531, 15.281285], [121.090531, 15.279668], [121.091339, 15.279668], [121.091339, 15.278051], [121.092147, 15.278051], [121.092147, 15.274818], [121.092956, 15.274818], [121.092956, 15.273201], [121.091339, 15.273201], [121.091339, 15.269967], [121.090531, 15.269967], [121.090531, 15.269158], [121.088914, 15.269158], [121.088914, 15.269967], [121.088105, 15.269967], [121.088105, 15.26835], [121.088914, 15.26835], [121.088914, 15.267541], [121.091339, 15.267541], [121.091339, 15.269158], [121.092147, 15.269158], [121.092147, 15.269967], [121.094573, 15.269967], [121.094573, 15.271584], [121.096998, 15.271584], [121.096998, 15.270775], [121.097807, 15.270775], [121.097807, 15.269967], [121.096998, 15.269967], [121.096998, 15.26835], [121.09619, 15.26835], [121.09619, 15.265924], [121.095381, 15.265924], [121.095381, 15.264307], [121.094573, 15.264307], [121.094573, 15.26269], [121.092956, 15.26269], [121.092956, 15.258648], [121.094573, 15.258648], [121.094573, 15.257839], [121.095381, 15.257839], [121.095381, 15.258648], [121.097807, 15.258648], [121.097807, 15.256222], [121.096998, 15.256222], [121.096998, 15.255414], [121.09619, 15.255414], [121.09619, 15.253797], [121.095381, 15.253797], [121.095381, 15.252988], [121.094573, 15.252988], [121.094573, 15.25218], [121.092956, 15.25218], [121.092956, 15.250563], [121.091339, 15.250563], [121.091339, 15.25218], [121.090531, 15.25218], [121.090531, 15.252988], [121.088914, 15.252988], [121.088914, 15.253797], [121.086488, 15.253797], [121.086488, 15.252988], [121.08568, 15.252988], [121.08568, 15.251371], [121.086488, 15.251371], [121.086488, 15.250563], [121.08568, 15.250563], [121.08568, 15.249755], [121.084063, 15.249755], [121.084063, 15.248946], [121.083254, 15.248946], [121.083254, 15.247329], [121.082446, 15.247329], [121.082446, 15.246521], [121.083254, 15.246521], [121.083254, 15.245712], [121.084063, 15.245712], [121.084063, 15.244095], [121.084871, 15.244095], [121.084871, 15.244904], [121.08568, 15.244904], [121.08568, 15.245712], [121.086488, 15.245712], [121.086488, 15.246521], [121.087297, 15.246521], [121.087297, 15.238436], [121.086488, 15.238436], [121.086488, 15.237627], [121.087297, 15.237627], [121.087297, 15.23601], [121.088914, 15.23601], [121.088914, 15.233585], [121.090531, 15.233585], [121.090531, 15.231968], [121.088914, 15.231968], [121.088914, 15.230351], [121.090531, 15.230351], [121.090531, 15.229542], [121.091339, 15.229542], [121.091339, 15.227925], [121.092956, 15.227925], [121.092956, 15.228734], [121.093764, 15.228734], [121.093764, 15.230351], [121.095381, 15.230351], [121.095381, 15.231968], [121.09619, 15.231968], [121.09619, 15.232776], [121.097807, 15.232776], [121.097807, 15.234393], [121.098615, 15.234393], [121.098615, 15.237627], [121.099424, 15.237627], [121.099424, 15.238436], [121.100232, 15.238436], [121.100232, 15.235202], [121.099424, 15.235202], [121.099424, 15.233585], [121.100232, 15.233585], [121.100232, 15.230351], [121.097807, 15.230351], [121.097807, 15.228734], [121.09619, 15.228734], [121.09619, 15.227925], [121.094573, 15.227925], [121.094573, 15.227117], [121.092956, 15.227117], [121.092956, 15.2255], [121.092147, 15.2255], [121.092147, 15.223883], [121.091339, 15.223883], [121.091339, 15.221458], [121.092147, 15.221458], [121.092147, 15.220649], [121.09619, 15.220649], [121.09619, 15.219841], [121.100232, 15.219841], [121.100232, 15.223075], [121.101041, 15.223075], [121.101041, 15.220649], [121.101849, 15.220649], [121.101849, 15.219841], [121.102658, 15.219841], [121.102658, 15.218224], [121.101849, 15.218224], [121.101849, 15.219032], [121.100232, 15.219032], [121.100232, 15.218224], [121.099424, 15.218224], [121.099424, 15.217415], [121.098615, 15.217415], [121.098615, 15.21499], [121.097807, 15.21499], [121.097807, 15.215798], [121.095381, 15.215798], [121.095381, 15.212564], [121.094573, 15.212564], [121.094573, 15.210947], [121.095381, 15.210947], [121.095381, 15.20933], [121.094573, 15.20933], [121.094573, 15.203671], [121.097807, 15.203671], [121.097807, 15.205288], [121.098615, 15.205288], [121.098615, 15.203671], [121.100232, 15.203671], [121.100232, 15.199629], [121.099424, 15.199629], [121.099424, 15.19882], [121.100232, 15.19882], [121.100232, 15.194778], [121.101041, 15.194778], [121.101041, 15.193969], [121.101849, 15.193969], [121.101849, 15.193161], [121.102658, 15.193161], [121.102658, 15.192352], [121.103466, 15.192352], [121.103466, 15.191544], [121.109126, 15.191544], [121.109126, 15.192352], [121.109934, 15.192352], [121.109934, 15.191544], [121.111551, 15.191544], [121.111551, 15.190735], [121.115594, 15.190735], [121.115594, 15.191544], [121.116402, 15.191544], [121.116402, 15.192352], [121.118019, 15.192352], [121.118019, 15.194778], [121.118827, 15.194778], [121.118827, 15.195586], [121.119636, 15.195586], [121.119636, 15.193161], [121.120444, 15.193161], [121.120444, 15.191544], [121.11721, 15.191544], [121.11721, 15.189927], [121.115594, 15.189927], [121.115594, 15.189118], [121.113977, 15.189118], [121.113977, 15.189927], [121.1067, 15.189927], [121.1067, 15.186693], [121.107509, 15.186693], [121.107509, 15.185884], [121.108317, 15.185884], [121.108317, 15.185076], [121.107509, 15.185076], [121.107509, 15.184267], [121.105892, 15.184267], [121.105892, 15.18831], [121.103466, 15.18831], [121.103466, 15.187501], [121.102658, 15.187501], [121.102658, 15.186693], [121.101041, 15.186693], [121.101041, 15.185884], [121.099424, 15.185884], [121.099424, 15.185076], [121.098615, 15.185076], [121.098615, 15.184267], [121.09619, 15.184267], [121.09619, 15.183459], [121.095381, 15.183459], [121.095381, 15.18265], [121.092956, 15.18265], [121.092956, 15.181842], [121.091339, 15.181842], [121.091339, 15.181033], [121.088914, 15.181033], [121.088914, 15.180225], [121.088105, 15.180225], [121.088105, 15.179416], [121.086488, 15.179416], [121.086488, 15.177799], [121.08568, 15.177799], [121.08568, 15.176991], [121.084871, 15.176991], [121.084871, 15.176183], [121.083254, 15.176183], [121.083254, 15.168098], [121.082446, 15.168098], [121.082446, 15.164864], [121.080829, 15.164864], [121.080829, 15.164055], [121.08002, 15.164055], [121.08002, 15.162438], [121.079212, 15.162438], [121.079212, 15.16163], [121.075978, 15.16163], [121.075978, 15.162438], [121.075169, 15.162438], [121.075169, 15.163247], [121.073552, 15.163247], [121.073552, 15.16163], [121.075169, 15.16163], [121.075169, 15.160013], [121.073552, 15.160013], [121.073552, 15.159204], [121.068701, 15.159204], [121.068701, 15.157587], [121.06951, 15.157587], [121.06951, 15.156779], [121.070318, 15.156779], [121.070318, 15.15597], [121.068701, 15.15597], [121.068701, 15.156779], [121.067893, 15.156779], [121.067893, 15.153545], [121.066276, 15.153545], [121.066276, 15.154353], [121.064659, 15.154353], [121.064659, 15.152736], [121.066276, 15.152736], [121.066276, 15.15112], [121.067893, 15.15112], [121.067893, 15.152736], [121.06951, 15.152736], [121.06951, 15.150311], [121.068701, 15.150311], [121.068701, 15.148694], [121.067893, 15.148694], [121.067893, 15.147886], [121.068701, 15.147886], [121.068701, 15.147077], [121.066276, 15.147077], [121.066276, 15.14546], [121.067893, 15.14546], [121.067893, 15.143843], [121.067084, 15.143843], [121.067084, 15.141418], [121.06951, 15.141418], [121.06951, 15.138184], [121.068701, 15.138184], [121.068701, 15.13495], [121.06951, 15.13495], [121.06951, 15.134141], [121.068701, 15.134141], [121.068701, 15.133333], [121.067893, 15.133333], [121.067893, 15.13495], [121.066276, 15.13495], [121.066276, 15.131716], [121.065468, 15.131716], [121.065468, 15.130907], [121.064659, 15.130907], [121.064659, 15.12929], [121.066276, 15.12929], [121.066276, 15.125248], [121.068701, 15.125248], [121.068701, 15.123631], [121.067893, 15.123631], [121.067893, 15.122014], [121.070318, 15.122014], [121.070318, 15.121206], [121.071127, 15.121206], [121.071127, 15.119589], [121.070318, 15.119589], [121.070318, 15.117163], [121.071127, 15.117163], [121.071127, 15.114738], [121.06951, 15.114738], [121.06951, 15.113121], [121.070318, 15.113121], [121.070318, 15.109887], [121.071127, 15.109887], [121.071127, 15.109078], [121.071935, 15.109078], [121.071935, 15.106653], [121.071127, 15.106653], [121.071127, 15.104227], [121.06951, 15.104227], [121.06951, 15.103419], [121.068701, 15.103419], [121.068701, 15.104227], [121.067893, 15.104227], [121.067893, 15.105036], [121.067084, 15.105036], [121.067084, 15.105844], [121.066276, 15.105844], [121.066276, 15.104227], [121.065468, 15.104227], [121.065468, 15.10261], [121.066276, 15.10261], [121.066276, 15.100185], [121.065468, 15.100185], [121.065468, 15.099377], [121.064659, 15.099377], [121.064659, 15.096143], [121.065468, 15.096143], [121.065468, 15.093717], [121.064659, 15.093717], [121.064659, 15.092909], [121.061425, 15.092909], [121.061425, 15.0921], [121.060617, 15.0921], [121.060617, 15.090483], [121.063042, 15.090483], [121.063042, 15.088866], [121.065468, 15.088866], [121.065468, 15.089675], [121.067893, 15.089675], [121.067893, 15.088866], [121.067084, 15.088866], [121.067084, 15.088058], [121.067893, 15.088058], [121.067893, 15.084824], [121.067084, 15.084824], [121.067084, 15.082398], [121.067893, 15.082398], [121.067893, 15.08159], [121.06951, 15.08159], [121.06951, 15.079973], [121.070318, 15.079973], [121.070318, 15.079164], [121.071127, 15.079164], [121.071127, 15.075122], [121.070318, 15.075122], [121.070318, 15.072697], [121.071127, 15.072697], [121.071127, 15.057335], [121.06951, 15.057335], [121.06951, 15.060569], [121.068701, 15.060569], [121.068701, 15.062995], [121.067893, 15.062995], [121.067893, 15.067846], [121.067084, 15.067846], [121.067084, 15.068654], [121.066276, 15.068654], [121.066276, 15.070271], [121.064659, 15.070271], [121.064659, 15.068654], [121.063042, 15.068654], [121.063042, 15.07108], [121.061425, 15.07108], [121.061425, 15.070271], [121.059808, 15.070271], [121.059808, 15.07108], [121.055766, 15.07108], [121.055766, 15.072697], [121.051723, 15.072697], [121.051723, 15.06542], [121.050106, 15.06542], [121.050106, 15.063803], [121.051723, 15.063803], [121.051723, 15.059761], [121.05334, 15.059761], [121.05334, 15.058952], [121.054957, 15.058952], [121.054957, 15.058144], [121.056574, 15.058144], [121.056574, 15.056527], [121.057383, 15.056527], [121.057383, 15.05491], [121.056574, 15.05491], [121.056574, 15.055718], [121.05334, 15.055718], [121.05334, 15.056527], [121.052532, 15.056527], [121.052532, 15.057335], [121.050915, 15.057335], [121.050915, 15.058144], [121.048489, 15.058144], [121.048489, 15.057335], [121.049298, 15.057335], [121.049298, 15.056527], [121.050106, 15.056527], [121.050106, 15.05491], [121.050915, 15.05491], [121.050915, 15.054101], [121.051723, 15.054101], [121.051723, 15.048442], [121.052532, 15.048442], [121.052532, 15.046017], [121.05334, 15.046017], [121.05334, 15.045208], [121.054149, 15.045208], [121.054149, 15.0444], [121.054957, 15.0444], [121.054957, 15.041166], [121.055766, 15.041166], [121.055766, 15.042783], [121.059, 15.042783], [121.059, 15.041974], [121.062234, 15.041974], [121.062234, 15.043591], [121.061425, 15.043591], [121.061425, 15.0444], [121.060617, 15.0444], [121.060617, 15.046017], [121.063042, 15.046017], [121.063042, 15.0444], [121.064659, 15.0444], [121.064659, 15.048442], [121.065468, 15.048442], [121.065468, 15.049251], [121.066276, 15.049251], [121.066276, 15.050059], [121.067084, 15.050059], [121.067084, 15.050868], [121.067893, 15.050868], [121.067893, 15.053293], [121.06951, 15.053293], [121.06951, 15.052484], [121.070318, 15.052484], [121.070318, 15.051676], [121.071127, 15.051676], [121.071127, 15.050059], [121.071935, 15.050059], [121.071935, 15.049251], [121.076786, 15.049251], [121.076786, 15.046017], [121.073552, 15.046017], [121.073552, 15.0444], [121.070318, 15.0444], [121.070318, 15.043591], [121.06951, 15.043591], [121.06951, 15.041974], [121.067893, 15.041974], [121.067893, 15.03874], [121.066276, 15.03874], [121.066276, 15.033081], [121.067084, 15.033081], [121.067084, 15.032272], [121.066276, 15.032272], [121.066276, 15.031464], [121.064659, 15.031464], [121.064659, 15.030655], [121.063851, 15.030655], [121.063851, 15.029847], [121.064659, 15.029847], [121.064659, 15.029038], [121.065468, 15.029038], [121.065468, 15.02823], [121.067084, 15.02823], [121.067084, 15.029038], [121.068701, 15.029038], [121.068701, 15.02823], [121.067893, 15.02823], [121.067893, 15.026613], [121.067084, 15.026613], [121.067084, 15.025805], [121.066276, 15.025805], [121.066276, 15.024996], [121.065468, 15.024996], [121.065468, 15.024188], [121.063851, 15.024188], [121.063851, 15.023379], [121.064659, 15.023379], [121.064659, 15.020954], [121.063851, 15.020954], [121.063851, 15.019337], [121.063042, 15.019337], [121.063042, 15.018528], [121.062234, 15.018528], [121.062234, 15.016911], [121.061425, 15.016911], [121.061425, 15.015294], [121.063042, 15.015294], [121.063042, 15.016103], [121.064659, 15.016103], [121.064659, 15.013677], [121.066276, 15.013677], [121.066276, 15.014486], [121.070318, 15.014486], [121.070318, 15.013677], [121.067084, 15.013677], [121.067084, 15.009635], [121.066276, 15.009635], [121.066276, 15.008826], [121.065468, 15.008826], [121.065468, 15.008018], [121.064659, 15.008018], [121.064659, 15.007209], [121.063851, 15.007209], [121.063851, 15.005592], [121.064659, 15.005592], [121.064659, 15.004784], [121.065468, 15.004784], [121.065468, 15.003975], [121.066276, 15.003975], [121.066276, 15.003167], [121.067893, 15.003167], [121.067893, 14.999933], [121.068701, 14.999933], [121.068701, 14.997508], [121.067893, 14.997508], [121.067893, 14.991848], [121.067084, 14.991848], [121.067084, 14.99104], [121.065468, 14.99104], [121.065468, 14.991848], [121.064659, 14.991848], [121.064659, 14.99104], [121.062234, 14.99104], [121.062234, 14.989423], [121.061425, 14.989423], [121.061425, 14.986997], [121.062234, 14.986997], [121.062234, 14.986189], [121.063042, 14.986189], [121.063042, 14.984572], [121.063851, 14.984572], [121.063851, 14.982955], [121.063042, 14.982955], [121.063042, 14.982146], [121.060617, 14.982146], [121.060617, 14.984572], [121.059, 14.984572], [121.059, 14.986997], [121.058191, 14.986997], [121.058191, 14.984572], [121.057383, 14.984572], [121.057383, 14.982146], [121.059, 14.982146], [121.059, 14.981338], [121.060617, 14.981338], [121.060617, 14.976487], [121.062234, 14.976487], [121.062234, 14.977296], [121.064659, 14.977296], [121.064659, 14.976487], [121.067084, 14.976487], [121.067084, 14.978912], [121.065468, 14.978912], [121.065468, 14.980529], [121.064659, 14.980529], [121.064659, 14.981338], [121.065468, 14.981338], [121.065468, 14.982146], [121.066276, 14.982146], [121.066276, 14.98538], [121.067893, 14.98538], [121.067893, 14.986189], [121.06951, 14.986189], [121.06951, 14.98538], [121.076786, 14.98538], [121.076786, 14.986189], [121.078403, 14.986189], [121.078403, 14.983763], [121.077595, 14.983763], [121.077595, 14.982955], [121.076786, 14.982955], [121.076786, 14.980529], [121.077595, 14.980529], [121.077595, 14.979721], [121.078403, 14.979721], [121.078403, 14.978104], [121.073552, 14.978104], [121.073552, 14.976487], [121.072744, 14.976487], [121.072744, 14.97487], [121.071935, 14.97487], [121.071935, 14.974062], [121.072744, 14.974062], [121.072744, 14.971636], [121.073552, 14.971636], [121.073552, 14.969211], [121.074361, 14.969211], [121.074361, 14.965168], [121.073552, 14.965168], [121.073552, 14.961934], [121.072744, 14.961934], [121.072744, 14.957083], [121.074361, 14.957083], [121.074361, 14.951424], [121.075169, 14.951424], [121.075169, 14.947382], [121.075978, 14.947382], [121.075978, 14.946573], [121.076786, 14.946573], [121.076786, 14.944956], [121.077595, 14.944956], [121.077595, 14.942531], [121.078403, 14.942531], [121.078403, 14.93768], [121.077595, 14.93768], [121.077595, 14.935254], [121.078403, 14.935254], [121.078403, 14.932829], [121.077595, 14.932829], [121.077595, 14.93202], [121.076786, 14.93202], [121.076786, 14.930403], [121.075169, 14.930403], [121.075169, 14.928786], [121.075978, 14.928786], [121.075978, 14.927978], [121.077595, 14.927978], [121.077595, 14.928786], [121.08002, 14.928786], [121.08002, 14.92717], [121.082446, 14.92717], [121.082446, 14.926361], [121.084063, 14.926361], [121.084063, 14.92717], [121.08568, 14.92717], [121.08568, 14.925553], [121.086488, 14.925553], [121.086488, 14.924744], [121.087297, 14.924744], [121.087297, 14.923936], [121.088105, 14.923936], [121.088105, 14.920702], [121.08568, 14.920702], [121.08568, 14.92151], [121.084871, 14.92151], [121.084871, 14.923127], [121.083254, 14.923127], [121.083254, 14.923936], [121.082446, 14.923936], [121.082446, 14.924744], [121.08002, 14.924744], [121.08002, 14.925553], [121.076786, 14.925553], [121.076786, 14.926361], [121.072744, 14.926361], [121.072744, 14.923936], [121.071127, 14.923936], [121.071127, 14.922319], [121.070318, 14.922319], [121.070318, 14.920702], [121.074361, 14.920702], [121.074361, 14.919893], [121.076786, 14.919893], [121.076786, 14.916659], [121.073552, 14.916659], [121.073552, 14.915851], [121.075169, 14.915851], [121.075169, 14.915042], [121.075978, 14.915042], [121.075978, 14.914234], [121.076786, 14.914234], [121.076786, 14.915042], [121.082446, 14.915042], [121.082446, 14.912617], [121.084063, 14.912617], [121.084063, 14.911], [121.084871, 14.911], [121.084871, 14.909383], [121.084063, 14.909383], [121.084063, 14.906957], [121.083254, 14.906957], [121.083254, 14.906149], [121.086488, 14.906149], [121.086488, 14.907766], [121.087297, 14.907766], [121.087297, 14.908574], [121.089722, 14.908574], [121.089722, 14.909383], [121.091339, 14.909383], [121.091339, 14.903723], [121.092147, 14.903723], [121.092147, 14.902915], [121.092956, 14.902915], [121.092956, 14.904532], [121.094573, 14.904532], [121.094573, 14.903723], [121.095381, 14.903723], [121.095381, 14.90049], [121.094573, 14.90049], [121.094573, 14.898873], [121.09619, 14.898873], [121.09619, 14.899681], [121.097807, 14.899681], [121.097807, 14.902107], [121.101041, 14.902107], [121.101041, 14.902915], [121.102658, 14.902915], [121.102658, 14.902107], [121.104275, 14.902107], [121.104275, 14.901298], [121.109126, 14.901298], [121.109126, 14.90049], [121.109934, 14.90049], [121.109934, 14.899681], [121.110743, 14.899681], [121.110743, 14.898873], [121.111551, 14.898873], [121.111551, 14.898064], [121.11236, 14.898064], [121.11236, 14.89483], [121.110743, 14.89483], [121.110743, 14.896447], [121.109126, 14.896447], [121.109126, 14.897256], [121.105892, 14.897256], [121.105892, 14.898873], [121.105083, 14.898873], [121.105083, 14.899681], [121.102658, 14.899681], [121.102658, 14.898873], [121.099424, 14.898873], [121.099424, 14.898064], [121.095381, 14.898064], [121.095381, 14.897256], [121.094573, 14.897256], [121.094573, 14.896447], [121.093764, 14.896447], [121.093764, 14.895639], [121.092956, 14.895639], [121.092956, 14.893213], [121.092147, 14.893213], [121.092147, 14.892405], [121.091339, 14.892405], [121.091339, 14.893213], [121.089722, 14.893213], [121.089722, 14.894022], [121.088914, 14.894022], [121.088914, 14.895639], [121.088105, 14.895639], [121.088105, 14.896447], [121.087297, 14.896447], [121.087297, 14.90049], [121.088914, 14.90049], [121.088914, 14.902915], [121.088105, 14.902915], [121.088105, 14.903723], [121.08568, 14.903723], [121.08568, 14.901298], [121.084063, 14.901298], [121.084063, 14.904532], [121.081637, 14.904532], [121.081637, 14.903723], [121.08002, 14.903723], [121.08002, 14.89483], [121.079212, 14.89483], [121.079212, 14.894022], [121.078403, 14.894022], [121.078403, 14.891596], [121.080829, 14.891596], [121.080829, 14.889979], [121.083254, 14.889979], [121.083254, 14.889171], [121.084063, 14.889171], [121.084063, 14.887554], [121.082446, 14.887554], [121.082446, 14.886745], [121.080829, 14.886745], [121.080829, 14.885937], [121.08002, 14.885937], [121.08002, 14.883511], [121.079212, 14.883511], [121.079212, 14.881894], [121.077595, 14.881894], [121.077595, 14.882703], [121.075978, 14.882703], [121.075978, 14.881086], [121.076786, 14.881086], [121.076786, 14.877044], [121.073552, 14.877044], [121.073552, 14.87866], [121.072744, 14.87866], [121.072744, 14.881086], [121.071127, 14.881086], [121.071127, 14.883511], [121.070318, 14.883511], [121.070318, 14.88432], [121.067893, 14.88432], [121.067893, 14.885128], [121.066276, 14.885128], [121.066276, 14.885937], [121.064659, 14.885937], [121.064659, 14.887554], [121.063851, 14.887554], [121.063851, 14.889979], [121.063042, 14.889979], [121.063042, 14.890788], [121.062234, 14.890788], [121.062234, 14.886745], [121.063042, 14.886745], [121.063042, 14.88432], [121.060617, 14.88432], [121.060617, 14.885128], [121.059808, 14.885128], [121.059808, 14.885937], [121.057383, 14.885937], [121.057383, 14.887554], [121.054957, 14.887554], [121.054957, 14.886745], [121.055766, 14.886745], [121.055766, 14.885128], [121.057383, 14.885128], [121.057383, 14.88432], [121.056574, 14.88432], [121.056574, 14.881894], [121.051723, 14.881894], [121.051723, 14.885128], [121.050106, 14.885128], [121.050106, 14.88432], [121.046872, 14.88432], [121.046872, 14.885128], [121.046064, 14.885128], [121.046064, 14.885937], [121.04283, 14.885937], [121.04283, 14.887554], [121.041213, 14.887554], [121.041213, 14.888362], [121.040405, 14.888362], [121.040405, 14.889171], [121.041213, 14.889171], [121.041213, 14.890788], [121.039596, 14.890788], [121.039596, 14.889979], [121.037979, 14.889979], [121.037979, 14.891596], [121.038788, 14.891596], [121.038788, 14.892405], [121.037979, 14.892405], [121.037979, 14.893213], [121.036362, 14.893213], [121.036362, 14.891596], [121.033128, 14.891596], [121.033128, 14.891194], [121.017381, 14.892425], [121.016667, 14.908336], [121.005907, 14.908688], [121.002425, 14.912148], [120.991665, 14.9125], [120.985288, 14.913067], [120.977209, 14.920268]], [[121.059808, 14.951424], [121.059808, 14.950616], [121.058191, 14.950616], [121.058191, 14.949807], [121.059808, 14.949807], [121.059808, 14.948999], [121.060617, 14.948999], [121.060617, 14.946573], [121.061425, 14.946573], [121.061425, 14.945765], [121.059, 14.945765], [121.059, 14.946573], [121.056574, 14.946573], [121.056574, 14.944956], [121.058191, 14.944956], [121.058191, 14.944148], [121.057383, 14.944148], [121.057383, 14.940914], [121.059, 14.940914], [121.059, 14.938488], [121.058191, 14.938488], [121.058191, 14.93768], [121.057383, 14.93768], [121.057383, 14.936063], [121.059808, 14.936063], [121.059808, 14.935254], [121.060617, 14.935254], [121.060617, 14.936063], [121.062234, 14.936063], [121.062234, 14.938488], [121.063851, 14.938488], [121.063851, 14.93768], [121.064659, 14.93768], [121.064659, 14.936871], [121.066276, 14.936871], [121.066276, 14.93768], [121.065468, 14.93768], [121.065468, 14.938488], [121.064659, 14.938488], [121.064659, 14.939297], [121.063851, 14.939297], [121.063851, 14.940914], [121.064659, 14.940914], [121.064659, 14.940105], [121.066276, 14.940105], [121.066276, 14.942531], [121.067893, 14.942531], [121.067893, 14.944956], [121.06951, 14.944956], [121.06951, 14.946573], [121.068701, 14.946573], [121.068701, 14.947382], [121.067893, 14.947382], [121.067893, 14.950616], [121.067084, 14.950616], [121.067084, 14.951424], [121.066276, 14.951424], [121.066276, 14.953849], [121.064659, 14.953849], [121.064659, 14.955466], [121.063851, 14.955466], [121.063851, 14.956275], [121.063042, 14.956275], [121.063042, 14.9587], [121.060617, 14.9587], [121.060617, 14.959509], [121.059, 14.959509], [121.059, 14.961934], [121.059808, 14.961934], [121.059808, 14.962743], [121.060617, 14.962743], [121.060617, 14.96436], [121.059808, 14.96436], [121.059808, 14.967594], [121.059, 14.967594], [121.059, 14.969211], [121.057383, 14.969211], [121.057383, 14.967594], [121.056574, 14.967594], [121.056574, 14.965977], [121.055766, 14.965977], [121.055766, 14.963551], [121.058191, 14.963551], [121.058191, 14.962743], [121.057383, 14.962743], [121.057383, 14.961934], [121.056574, 14.961934], [121.056574, 14.960317], [121.057383, 14.960317], [121.057383, 14.9587], [121.055766, 14.9587], [121.055766, 14.957083], [121.057383, 14.957083], [121.057383, 14.954658], [121.059, 14.954658], [121.059, 14.953849], [121.061425, 14.953849], [121.061425, 14.952233], [121.060617, 14.952233], [121.060617, 14.951424], [121.059808, 14.951424]], [[121.033128, 14.988614], [121.03232, 14.988614], [121.03232, 14.987806], [121.035554, 14.987806], [121.035554, 14.983763], [121.034745, 14.983763], [121.034745, 14.982955], [121.036362, 14.982955], [121.036362, 14.983763], [121.037171, 14.983763], [121.037171, 14.984572], [121.039596, 14.984572], [121.039596, 14.989423], [121.037979, 14.989423], [121.037979, 14.993465], [121.038788, 14.993465], [121.038788, 14.995082], [121.037171, 14.995082], [121.037171, 14.991848], [121.036362, 14.991848], [121.036362, 14.99104], [121.03232, 14.99104], [121.03232, 14.990231], [121.033128, 14.990231], [121.033128, 14.988614]], [[121.035554, 15.018528], [121.034745, 15.018528], [121.034745, 15.01772], [121.035554, 15.01772], [121.035554, 15.016103], [121.033128, 15.016103], [121.033128, 15.014486], [121.035554, 15.014486], [121.035554, 15.015294], [121.037171, 15.015294], [121.037171, 15.016103], [121.037979, 15.016103], [121.037979, 15.01772], [121.038788, 15.01772], [121.038788, 15.019337], [121.039596, 15.019337], [121.039596, 15.022571], [121.037979, 15.022571], [121.037979, 15.021762], [121.037171, 15.021762], [121.037171, 15.019337], [121.035554, 15.019337], [121.035554, 15.018528]], [[121.084871, 15.194778], [121.084871, 15.193969], [121.08568, 15.193969], [121.08568, 15.192352], [121.086488, 15.192352], [121.086488, 15.191544], [121.088914, 15.191544], [121.088914, 15.190735], [121.092147, 15.190735], [121.092147, 15.191544], [121.093764, 15.191544], [121.093764, 15.194778], [121.091339, 15.194778], [121.091339, 15.196395], [121.087297, 15.196395], [121.087297, 15.197203], [121.084871, 15.197203], [121.084871, 15.198012], [121.087297, 15.198012], [121.087297, 15.200437], [121.08002, 15.200437], [121.08002, 15.199629], [121.079212, 15.199629], [121.079212, 15.19882], [121.076786, 15.19882], [121.076786, 15.198012], [121.075978, 15.198012], [121.075978, 15.196395], [121.077595, 15.196395], [121.077595, 15.197203], [121.078403, 15.197203], [121.078403, 15.194778], [121.08002, 15.194778], [121.08002, 15.193161], [121.083254, 15.193161], [121.083254, 15.193969], [121.084063, 15.193969], [121.084063, 15.194778], [121.084871, 15.194778]], [[120.702458, 15.197203], [120.702458, 15.194778], [120.703267, 15.194778], [120.703267, 15.192352], [120.702458, 15.192352], [120.702458, 15.191544], [120.70165, 15.191544], [120.70165, 15.189927], [120.699224, 15.189927], [120.699224, 15.18831], [120.700033, 15.18831], [120.700033, 15.187501], [120.70165, 15.187501], [120.70165, 15.186693], [120.702458, 15.186693], [120.702458, 15.185884], [120.704075, 15.185884], [120.704075, 15.18831], [120.705692, 15.18831], [120.705692, 15.184267], [120.704884, 15.184267], [120.704884, 15.18265], [120.705692, 15.18265], [120.705692, 15.181842], [120.708118, 15.181842], [120.708118, 15.181033], [120.707309, 15.181033], [120.707309, 15.180225], [120.706501, 15.180225], [120.706501, 15.179416], [120.705692, 15.179416], [120.705692, 15.177799], [120.706501, 15.177799], [120.706501, 15.176991], [120.711352, 15.176991], [120.711352, 15.178608], [120.712969, 15.178608], [120.712969, 15.177799], [120.713777, 15.177799], [120.713777, 15.178608], [120.714586, 15.178608], [120.714586, 15.177799], [120.715394, 15.177799], [120.715394, 15.176183], [120.716203, 15.176183], [120.716203, 15.168906], [120.717819, 15.168906], [120.717819, 15.168098], [120.720245, 15.168098], [120.720245, 15.169715], [120.719436, 15.169715], [120.719436, 15.170523], [120.720245, 15.170523], [120.720245, 15.171332], [120.721053, 15.171332], [120.721053, 15.17214], [120.72267, 15.17214], [120.72267, 15.169715], [120.724287, 15.169715], [120.724287, 15.170523], [120.725904, 15.170523], [120.725904, 15.168906], [120.72267, 15.168906], [120.72267, 15.168098], [120.726713, 15.168098], [120.726713, 15.167289], [120.729138, 15.167289], [120.729138, 15.169715], [120.730755, 15.169715], [120.730755, 15.170523], [120.733181, 15.170523], [120.733181, 15.168906], [120.733989, 15.168906], [120.733989, 15.168098], [120.736415, 15.168098], [120.736415, 15.169715], [120.738032, 15.169715], [120.738032, 15.166481], [120.739649, 15.166481], [120.739649, 15.168906], [120.741266, 15.168906], [120.741266, 15.170523], [120.742882, 15.170523], [120.742882, 15.171332], [120.744499, 15.171332], [120.744499, 15.170523], [120.746116, 15.170523], [120.746116, 15.168906], [120.746925, 15.168906], [120.746925, 15.167289], [120.746116, 15.167289], [120.746116, 15.165672], [120.748542, 15.165672], [120.748542, 15.166481], [120.750159, 15.166481], [120.750159, 15.167289], [120.750967, 15.167289], [120.750967, 15.168098], [120.752584, 15.168098], [120.752584, 15.168906], [120.753393, 15.168906], [120.753393, 15.173757], [120.75501, 15.173757], [120.75501, 15.172949], [120.755818, 15.172949], [120.755818, 15.17214], [120.757435, 15.17214], [120.757435, 15.171332], [120.758244, 15.171332], [120.758244, 15.170523], [120.759861, 15.170523], [120.759861, 15.17214], [120.758244, 15.17214], [120.758244, 15.172949], [120.757435, 15.172949], [120.757435, 15.175374], [120.759052, 15.175374], [120.759052, 15.176183], [120.759861, 15.176183], [120.759861, 15.176991], [120.760669, 15.176991], [120.760669, 15.178608], [120.761478, 15.178608], [120.761478, 15.179416], [120.762286, 15.179416], [120.762286, 15.181033], [120.763095, 15.181033], [120.763095, 15.18265], [120.763903, 15.18265], [120.763903, 15.184267], [120.764712, 15.184267], [120.764712, 15.185884], [120.763903, 15.185884], [120.763903, 15.187501], [120.764712, 15.187501], [120.764712, 15.18831], [120.766329, 15.18831], [120.766329, 15.189118], [120.768754, 15.189118], [120.768754, 15.189927], [120.769562, 15.189927], [120.769562, 15.193161], [120.770371, 15.193161], [120.770371, 15.193969], [120.771179, 15.193969], [120.771179, 15.205288], [120.771988, 15.205288], [120.771988, 15.206096], [120.771179, 15.206096], [120.771179, 15.206905], [120.770371, 15.206905], [120.770371, 15.20933], [120.769562, 15.20933], [120.769562, 15.212564], [120.767945, 15.212564], [120.767945, 15.21499], [120.767137, 15.21499], [120.767137, 15.215798], [120.766329, 15.215798], [120.766329, 15.219032], [120.764712, 15.219032], [120.764712, 15.219841], [120.763903, 15.219841], [120.763903, 15.220649], [120.763095, 15.220649], [120.763095, 15.221458], [120.762286, 15.221458], [120.762286, 15.223075], [120.761478, 15.223075], [120.761478, 15.223883], [120.760669, 15.223883], [120.760669, 15.2255], [120.759861, 15.2255], [120.759861, 15.226308], [120.759052, 15.226308], [120.759052, 15.229542], [120.758244, 15.229542], [120.758244, 15.230351], [120.759052, 15.230351], [120.759052, 15.232776], [120.758244, 15.232776], [120.758244, 15.233585], [120.753393, 15.233585], [120.753393, 15.232776], [120.751776, 15.232776], [120.751776, 15.233585], [120.750967, 15.233585], [120.750967, 15.235202], [120.750159, 15.235202], [120.750159, 15.23601], [120.74935, 15.23601], [120.74935, 15.237627], [120.746116, 15.237627], [120.746116, 15.238436], [120.743691, 15.238436], [120.743691, 15.23601], [120.742074, 15.23601], [120.742074, 15.236819], [120.740457, 15.236819], [120.740457, 15.23601], [120.738032, 15.23601], [120.738032, 15.235202], [120.737223, 15.235202], [120.737223, 15.23601], [120.736415, 15.23601], [120.736415, 15.235202], [120.735606, 15.235202], [120.735606, 15.23601], [120.730755, 15.23601], [120.730755, 15.232776], [120.729138, 15.232776], [120.729138, 15.231968], [120.72833, 15.231968], [120.72833, 15.230351], [120.726713, 15.230351], [120.726713, 15.231968], [120.724287, 15.231968], [120.724287, 15.231159], [120.721862, 15.231159], [120.721862, 15.231968], [120.721053, 15.231968], [120.721053, 15.228734], [120.720245, 15.228734], [120.720245, 15.226308], [120.721053, 15.226308], [120.721053, 15.2255], [120.721862, 15.2255], [120.721862, 15.223883], [120.719436, 15.223883], [120.719436, 15.224692], [120.718628, 15.224692], [120.718628, 15.2255], [120.717819, 15.2255], [120.717819, 15.226308], [120.716203, 15.226308], [120.716203, 15.223075], [120.715394, 15.223075], [120.715394, 15.222266], [120.712969, 15.222266], [120.712969, 15.221458], [120.710543, 15.221458], [120.710543, 15.219841], [120.708926, 15.219841], [120.708926, 15.218224], [120.708118, 15.218224], [120.708118, 15.216607], [120.707309, 15.216607], [120.707309, 15.215798], [120.705692, 15.215798], [120.705692, 15.21499], [120.704884, 15.21499], [120.704884, 15.212564], [120.704075, 15.212564], [120.704075, 15.211756], [120.703267, 15.211756], [120.703267, 15.210139], [120.704075, 15.210139], [120.704075, 15.201246], [120.704884, 15.201246], [120.704884, 15.200437], [120.705692, 15.200437], [120.705692, 15.197203], [120.702458, 15.197203]], [[121.036362, 15.741313], [121.034745, 15.741313], [121.034745, 15.739696], [121.033937, 15.739696], [121.033937, 15.738887], [121.034745, 15.738887], [121.034745, 15.738079], [121.035554, 15.738079], [121.035554, 15.73727], [121.034745, 15.73727], [121.034745, 15.735653], [121.033937, 15.735653], [121.033937, 15.734036], [121.033128, 15.734036], [121.033128, 15.733228], [121.03232, 15.733228], [121.03232, 15.730802], [121.033128, 15.730802], [121.033128, 15.729994], [121.033937, 15.729994], [121.033937, 15.729185], [121.034745, 15.729185], [121.034745, 15.72676], [121.037979, 15.72676], [121.037979, 15.725951], [121.04283, 15.725951], [121.04283, 15.724334], [121.045255, 15.724334], [121.045255, 15.725951], [121.044447, 15.725951], [121.044447, 15.72676], [121.04283, 15.72676], [121.04283, 15.732419], [121.042021, 15.732419], [121.042021, 15.733228], [121.041213, 15.733228], [121.041213, 15.735653], [121.040405, 15.735653], [121.040405, 15.73727], [121.039596, 15.73727], [121.039596, 15.738887], [121.038788, 15.738887], [121.038788, 15.739696], [121.037979, 15.739696], [121.037979, 15.742121], [121.036362, 15.742121], [121.036362, 15.741313]]], [[[120.531868, 15.388814], [120.53106, 15.388814], [120.53106, 15.38558], [120.530251, 15.38558], [120.530251, 15.383963], [120.529443, 15.383963], [120.529443, 15.383154], [120.528634, 15.383154], [120.528634, 15.383963], [120.527826, 15.383963], [120.527826, 15.383154], [120.524592, 15.383154], [120.524592, 15.379112], [120.523783, 15.379112], [120.523783, 15.378303], [120.520549, 15.378303], [120.520549, 15.379112], [120.521358, 15.379112], [120.521358, 15.37992], [120.522975, 15.37992], [120.522975, 15.383963], [120.523783, 15.383963], [120.523783, 15.38558], [120.524592, 15.38558], [120.524592, 15.386388], [120.523783, 15.386388], [120.523783, 15.387197], [120.5254, 15.387197], [120.5254, 15.390431], [120.524592, 15.390431], [120.524592, 15.391239], [120.520622, 15.391239], [120.531325, 15.392286], [120.531868, 15.392682], [120.531868, 15.392048], [120.53106, 15.392048], [120.53106, 15.391239], [120.531868, 15.391239], [120.531868, 15.388814]]]]}}]}