{"type": "FeatureCollection", "features": [{"type": "Feature", "properties": {"area_id": "pasig-marikina-tullahan", "name": "Pasig-Marikina-Tullahan River Basin", "study_type": "river_basin", "zone": null, "area_ha": 83537.8, "version": 1}, "geometry": {"type": "MultiPolygon", "coordinates": [[[[121.079786, 14.556967], [121.078386, 14.546631], [121.068674, 14.545217], [121.06466, 14.542283], [121.041665, 14.541668], [121.031124, 14.541097], [121.027208, 14.538065], [121.02279, 14.536933], [121.01875, 14.533802], [121.01471, 14.536933], [121.010291, 14.538065], [121.006376, 14.541097], [121.001957, 14.542234], [120.993877, 14.549431], [120.987237, 14.551139], [120.991099, 14.556124], [120.992236, 14.567415], [120.988067, 14.572788], [120.986934, 14.577212], [120.978582, 14.58658], [120.97279, 14.588069], [120.967635, 14.592065], [120.966667, 14.595833], [120.964242, 14.595481], [120.960759, 14.59202], [120.958333, 14.591668], [120.943021, 14.592337], [120.941023, 14.596154], [120.945192, 14.602031], [120.946708, 14.616915], [120.95329, 14.612251], [120.954811, 14.627136], [120.95832, 14.632085], [120.950962, 14.634297], [120.949036, 14.6407], [120.942914, 14.642546], [120.941023, 14.646154], [120.945232, 14.652089], [120.933978, 14.66453], [120.932689, 14.668802], [120.921474, 14.681198], [120.92019, 14.68547], [120.91669, 14.690406], [120.910367, 14.69231], [120.901208, 14.700149], [120.899357, 14.706303], [120.896477, 14.710365], [120.895834, 14.712501], [120.899999, 14.712501], [120.903807, 14.713589], [120.916048, 14.727006], [120.917617, 14.737766], [120.922839, 14.733949], [120.928805, 14.732246], [120.94105, 14.718828], [120.942664, 14.713179], [120.965856, 14.711814], [120.967283, 14.702008], [120.970217, 14.697995], [120.971991, 14.691779], [120.977008, 14.688118], [120.985494, 14.686883], [120.990452, 14.683258], [120.992824, 14.691552], [120.997841, 14.695217], [121.00387, 14.696938], [121.011883, 14.706173], [121.013234, 14.720032], [121.018674, 14.724384], [121.024885, 14.726159], [121.028551, 14.731171], [121.029933, 14.740696], [121.033335, 14.741668], [121.039658, 14.741048], [121.045366, 14.736883], [121.06466, 14.738118], [121.068674, 14.741048], [121.077159, 14.742283], [121.081173, 14.745217], [121.086733, 14.746805], [121.088294, 14.757538], [121.097992, 14.758951], [121.102005, 14.761881], [121.110496, 14.763116], [121.118674, 14.770215], [121.125001, 14.770835], [121.125353, 14.773256], [121.128814, 14.776743], [121.129518, 14.78159], [121.132978, 14.785077], [121.133687, 14.794093], [121.139212, 14.799645], [121.152424, 14.800354], [121.157976, 14.805874], [121.158333, 14.808331], [121.159184, 14.811649], [121.165815, 14.813352], [121.166667, 14.816665], [121.167519, 14.819983], [121.174149, 14.821686], [121.175001, 14.824999], [121.189926, 14.824647], [121.193408, 14.821187], [121.210049, 14.820478], [121.21631, 14.826712], [121.217019, 14.83159], [121.220479, 14.835077], [121.220832, 14.845832], [121.223043, 14.845266], [121.226958, 14.842234], [121.236652, 14.840954], [121.2377, 14.836281], [121.233067, 14.830306], [121.241272, 14.828201], [121.245267, 14.823042], [121.245834, 14.820835], [121.252424, 14.821187], [121.260076, 14.828812], [121.264923, 14.829521], [121.268749, 14.83332], [121.273288, 14.828812], [121.289925, 14.829521], [121.294121, 14.833686], [121.302424, 14.832981], [121.305907, 14.829521], [121.308333, 14.829169], [121.309184, 14.825851], [121.314709, 14.824433], [121.322789, 14.817236], [121.325001, 14.816665], [121.325001, 14.812501], [121.325852, 14.809183], [121.329165, 14.808331], [121.332483, 14.807484], [121.333335, 14.804166], [121.332978, 14.801741], [121.325353, 14.794093], [121.325001, 14.791668], [121.322865, 14.791025], [121.314633, 14.783976], [121.296587, 14.782593], [121.295192, 14.766344], [121.299356, 14.760467], [121.300645, 14.7562], [121.30769, 14.747968], [121.308975, 14.743697], [121.311855, 14.739634], [121.313144, 14.710365], [121.316024, 14.706303], [121.317309, 14.702031], [121.320189, 14.697969], [121.321478, 14.677033], [121.324359, 14.672966], [121.325643, 14.66218], [121.321478, 14.656303], [121.319868, 14.650965], [121.316667, 14.650002], [121.316314, 14.635077], [121.312515, 14.631251], [121.316314, 14.627426], [121.316667, 14.625], [121.317019, 14.622574], [121.320479, 14.619091], [121.321188, 14.593407], [121.324648, 14.589924], [121.325001, 14.587499], [121.322575, 14.587146], [121.314923, 14.579521], [121.310785, 14.578812], [121.306589, 14.582982], [121.301742, 14.583686], [121.298259, 14.587146], [121.285074, 14.587855], [121.281591, 14.591311], [121.273288, 14.59202], [121.269092, 14.587855], [121.266667, 14.587499], [121.2661, 14.58971], [121.263068, 14.593621], [121.26165, 14.59915], [121.256121, 14.600568], [121.250966, 14.604564], [121.249151, 14.611649], [121.242516, 14.613353], [121.241098, 14.618877], [121.238066, 14.622788], [121.236648, 14.628317], [121.231123, 14.629735], [121.223043, 14.636932], [121.220832, 14.637499], [121.212502, 14.637499], [121.21029, 14.636932], [121.204872, 14.632415], [121.203597, 14.622788], [121.1964, 14.614713], [121.195196, 14.596738], [121.191665, 14.595833], [121.189533, 14.596475], [121.185466, 14.599355], [121.181199, 14.600644], [121.177137, 14.603525], [121.172865, 14.604809], [121.168803, 14.60769], [121.164531, 14.608978], [121.156299, 14.616024], [121.142436, 14.617437], [121.141023, 14.6313], [121.129808, 14.643697], [121.128328, 14.653422], [121.111829, 14.654809], [121.100708, 14.645052], [121.099357, 14.618699], [121.096476, 14.614637], [121.095192, 14.602031], [121.092311, 14.597969], [121.091023, 14.577033], [121.08721, 14.571656], [121.079166, 14.570835], [121.075661, 14.569934], [121.075001, 14.562501], [121.075001, 14.558332], [121.079786, 14.556967]]]]}}, {"type": "Feature", "properties": {"area_id": "pasig-marikina-tullahan__up", "name": "Pasig-Marikina-Tullahan River Basin (upstream)", "study_type": "river_basin", "zone": "up", "area_ha": 45869.8, "version": 1}, "geometry": {"type": "MultiPolygon", "coordinates": [[[[121.077159, 14.742283], [121.079021, 14.743644], [121.080829, 14.743644], [121.080829, 14.743374], [121.081368, 14.743374], [121.081368, 14.743105], [121.081637, 14.743105], [121.081637, 14.742566], [121.081907, 14.742566], [121.081907, 14.742296], [121.082176, 14.742296], [121.082176, 14.742027], [121.082446, 14.742027], [121.082446, 14.741757], [121.082985, 14.741757], [121.082985, 14.740949], [121.082715, 14.740949], [121.082715, 14.740679], [121.082446, 14.740679], [121.082446, 14.74041], [121.082176, 14.74041], [121.082176, 14.74014], [121.081907, 14.74014], [121.081907, 14.739871], [121.081637, 14.739871], [121.081637, 14.739601], [121.082176, 14.739601], [121.082176, 14.739332], [121.082715, 14.739332], [121.082715, 14.739062], [121.082985, 14.739062], [121.082985, 14.738793], [121.083254, 14.738793], [121.083254, 14.738523], [121.083793, 14.738523], [121.083793, 14.738254], [121.084063, 14.738254], [121.084063, 14.737984], [121.084332, 14.737984], [121.084332, 14.737715], [121.084063, 14.737715], [121.084063, 14.737445], [121.083793, 14.737445], [121.083793, 14.737176], [121.083254, 14.737176], [121.083254, 14.736906], [121.081907, 14.736906], [121.081907, 14.737176], [121.081637, 14.737176], [121.081637, 14.737445], [121.080559, 14.737445], [121.080559, 14.737176], [121.079751, 14.737176], [121.079751, 14.736906], [121.079212, 14.736906], [121.079212, 14.736637], [121.078942, 14.736637], [121.078942, 14.735289], [121.079212, 14.735289], [121.079212, 14.73475], [121.079481, 14.73475], [121.079481, 14.732864], [121.078673, 14.732864], [121.078673, 14.733133], [121.078403, 14.733133], [121.078403, 14.733672], [121.078134, 14.733672], [121.078134, 14.734211], [121.077864, 14.734211], [121.077864, 14.73475], [121.077595, 14.73475], [121.077595, 14.73502], [121.076247, 14.73502], [121.076247, 14.73475], [121.075439, 14.73475], [121.075439, 14.734481], [121.0749, 14.734481], [121.0749, 14.73475], [121.074361, 14.73475], [121.074361, 14.73502], [121.074091, 14.73502], [121.074091, 14.735289], [121.073822, 14.735289], [121.073822, 14.735559], [121.071666, 14.735559], [121.071666, 14.733672], [121.071396, 14.733672], [121.071396, 14.733403], [121.071127, 14.733403], [121.071127, 14.733133], [121.070857, 14.733133], [121.070857, 14.732864], [121.070318, 14.732864], [121.070318, 14.733133], [121.070049, 14.733133], [121.070049, 14.733403], [121.06951, 14.733403], [121.06951, 14.733672], [121.06924, 14.733672], [121.06924, 14.733942], [121.068432, 14.733942], [121.068432, 14.734211], [121.067893, 14.734211], [121.067893, 14.734481], [121.067354, 14.734481], [121.067354, 14.73475], [121.065737, 14.73475], [121.065737, 14.73502], [121.065198, 14.73502], [121.065198, 14.735289], [121.064929, 14.735289], [121.064929, 14.736098], [121.065198, 14.736098], [121.065198, 14.736367], [121.066545, 14.736367], [121.066545, 14.738523], [121.066815, 14.738523], [121.066815, 14.738793], [121.068701, 14.738793], [121.068701, 14.738523], [121.06924, 14.738523], [121.06924, 14.738254], [121.069779, 14.738254], [121.069779, 14.738523], [121.070049, 14.738523], [121.070049, 14.739062], [121.069779, 14.739062], [121.069779, 14.739332], [121.06951, 14.739332], [121.06951, 14.739601], [121.06924, 14.739601], [121.06924, 14.739871], [121.068432, 14.739871], [121.068432, 14.74014], [121.068162, 14.74014], [121.068162, 14.74041], [121.067893, 14.74041], [121.067893, 14.740478], [121.068674, 14.741048], [121.077159, 14.742283]]], [[[121.097992, 14.758951], [121.102005, 14.761881], [121.110496, 14.763116], [121.118674, 14.770215], [121.125001, 14.770835], [121.125353, 14.773256], [121.128814, 14.776743], [121.129518, 14.78159], [121.132978, 14.785077], [121.133687, 14.794093], [121.139212, 14.799645], [121.152424, 14.800354], [121.157976, 14.805874], [121.158333, 14.808331], [121.159184, 14.811649], [121.165815, 14.813352], [121.166667, 14.816665], [121.167519, 14.819983], [121.174149, 14.821686], [121.175001, 14.824999], [121.189926, 14.824647], [121.193408, 14.821187], [121.210049, 14.820478], [121.21631, 14.826712], [121.217019, 14.83159], [121.220479, 14.835077], [121.220832, 14.845832], [121.223043, 14.845266], [121.226958, 14.842234], [121.236652, 14.840954], [121.2377, 14.836281], [121.233067, 14.830306], [121.241272, 14.828201], [121.245267, 14.823042], [121.245834, 14.820835], [121.252424, 14.821187], [121.260076, 14.828812], [121.264923, 14.829521], [121.268749, 14.83332], [121.273288, 14.828812], [121.289925, 14.829521], [121.294121, 14.833686], [121.302424, 14.832981], [121.305907, 14.829521], [121.308333, 14.829169], [121.309184, 14.825851], [121.314709, 14.824433], [121.322789, 14.817236], [121.325001, 14.816665], [121.325001, 14.812501], [121.325852, 14.809183], [121.329165, 14.808331], [121.332483, 14.807484], [121.333335, 14.804166], [121.332978, 14.801741], [121.325353, 14.794093], [121.325001, 14.791668], [121.322865, 14.791025], [121.314633, 14.783976], [121.296587, 14.782593], [121.295192, 14.766344], [121.299356, 14.760467], [121.300645, 14.7562], [121.30769, 14.747968], [121.308975, 14.743697], [121.311855, 14.739634], [121.313144, 14.710365], [121.316024, 14.706303], [121.317309, 14.702031], [121.320189, 14.697969], [121.321478, 14.677033], [121.324359, 14.672966], [121.325643, 14.66218], [121.321478, 14.656303], [121.319868, 14.650965], [121.316667, 14.650002], [121.316314, 14.635077], [121.312515, 14.631251], [121.316314, 14.627426], [121.316667, 14.625], [121.317019, 14.622574], [121.320479, 14.619091], [121.321188, 14.593407], [121.324648, 14.589924], [121.325001, 14.587499], [121.322575, 14.587146], [121.314923, 14.579521], [121.310785, 14.578812], [121.306589, 14.582982], [121.301742, 14.583686], [121.298259, 14.587146], [121.285074, 14.587855], [121.281591, 14.591311], [121.273288, 14.59202], [121.269092, 14.587855], [121.266667, 14.587499], [121.2661, 14.58971], [121.263068, 14.593621], [121.26165, 14.59915], [121.256121, 14.600568], [121.250966, 14.604564], [121.249151, 14.611649], [121.242516, 14.613353], [121.241098, 14.618877], [121.238066, 14.622788], [121.236648, 14.628317], [121.231123, 14.629735], [121.223043, 14.636932], [121.220832, 14.637499], [121.212502, 14.637499], [121.21029, 14.636932], [121.204872, 14.632415], [121.203597, 14.622788], [121.1964, 14.614713], [121.195196, 14.596738], [121.191665, 14.595833], [121.189533, 14.596475], [121.185466, 14.599355], [121.181199, 14.600644], [121.177137, 14.603525], [121.172865, 14.604809], [121.168803, 14.60769], [121.164531, 14.608978], [121.156299, 14.616024], [121.142436, 14.617437], [121.141734, 14.624324], [121.141734, 14.625605], [121.142273, 14.625605], [121.142273, 14.625336], [121.143351, 14.625336], [121.143351, 14.625066], [121.14389, 14.625066], [121.14389, 14.624797], [121.145507, 14.624797], [121.145507, 14.625066], [121.146046, 14.625066], [121.146046, 14.624797], [121.146316, 14.624797], [121.146316, 14.624527], [121.146585, 14.624527], [121.146585, 14.624258], [121.146855, 14.624258], [121.146855, 14.623719], [121.147124, 14.623719], [121.147124, 14.623449], [121.147394, 14.623449], [121.147394, 14.62318], [121.148472, 14.62318], [121.148472, 14.623719], [121.148741, 14.623719], [121.148741, 14.623988], [121.149011, 14.623988], [121.149011, 14.62318], [121.14955, 14.62318], [121.14955, 14.62291], [121.150358, 14.62291], [121.150358, 14.62318], [121.150628, 14.62318], [121.150628, 14.624527], [121.149819, 14.624527], [121.149819, 14.624797], [121.14955, 14.624797], [121.14955, 14.624527], [121.148741, 14.624527], [121.148741, 14.624797], [121.148472, 14.624797], [121.148472, 14.625875], [121.148202, 14.625875], [121.148202, 14.626144], [121.146585, 14.626144], [121.146585, 14.626414], [121.146046, 14.626414], [121.146046, 14.626683], [121.145777, 14.626683], [121.145777, 14.626953], [121.145507, 14.626953], [121.145507, 14.627222], [121.144968, 14.627222], [121.144968, 14.626953], [121.144429, 14.626953], [121.144429, 14.627222], [121.143621, 14.627222], [121.143621, 14.627492], [121.143351, 14.627492], [121.143351, 14.628031], [121.143082, 14.628031], [121.143082, 14.6283], [121.142812, 14.6283], [121.142812, 14.62857], [121.142543, 14.62857], [121.142543, 14.628839], [121.142273, 14.628839], [121.142273, 14.629108], [121.142004, 14.629108], [121.142004, 14.629647], [121.141734, 14.629647], [121.141734, 14.630186], [121.141465, 14.630186], [121.141465, 14.630995], [121.141195, 14.630995], [121.141195, 14.632342], [121.140926, 14.632342], [121.140926, 14.632881], [121.140657, 14.632881], [121.140657, 14.633151], [121.140387, 14.633151], [121.140387, 14.633959], [121.141195, 14.633959], [121.141195, 14.63342], [121.141465, 14.63342], [121.141465, 14.633151], [121.142004, 14.633151], [121.142004, 14.632881], [121.142273, 14.632881], [121.142273, 14.632342], [121.142543, 14.632342], [121.142543, 14.632073], [121.143082, 14.632073], [121.143082, 14.631803], [121.14389, 14.631803], [121.14389, 14.632073], [121.14416, 14.632073], [121.14416, 14.632342], [121.144429, 14.632342], [121.144429, 14.632612], [121.144699, 14.632612], [121.144699, 14.632881], [121.144429, 14.632881], [121.144429, 14.634229], [121.144699, 14.634229], [121.144699, 14.635037], [121.144968, 14.635037], [121.144968, 14.635307], [121.145507, 14.635307], [121.145507, 14.635037], [121.145777, 14.635037], [121.145777, 14.634768], [121.146046, 14.634768], [121.146046, 14.634498], [121.146316, 14.634498], [121.146316, 14.634229], [121.146585, 14.634229], [121.146585, 14.633959], [121.147124, 14.633959], [121.147124, 14.63369], [121.147663, 14.63369], [121.147663, 14.633959], [121.148202, 14.633959], [121.148202, 14.634229], [121.148472, 14.634229], [121.148472, 14.634768], [121.148741, 14.634768], [121.148741, 14.635307], [121.148472, 14.635307], [121.148472, 14.635576], [121.148202, 14.635576], [121.148202, 14.635846], [121.147933, 14.635846], [121.147933, 14.636115], [121.147394, 14.636115], [121.147394, 14.636385], [121.146046, 14.636385], [121.146046, 14.636924], [121.144968, 14.636924], [121.144968, 14.637193], [121.144699, 14.637193], [121.144699, 14.636924], [121.14416, 14.636924], [121.14416, 14.637463], [121.14389, 14.637463], [121.14389, 14.637732], [121.143621, 14.637732], [121.143621, 14.638002], [121.143351, 14.638002], [121.143351, 14.638271], [121.142543, 14.638271], [121.142543, 14.637463], [121.142004, 14.637463], [121.142004, 14.637732], [121.141734, 14.637732], [121.141734, 14.638002], [121.142004, 14.638002], [121.142004, 14.638541], [121.141734, 14.638541], [121.141734, 14.63908], [121.142273, 14.63908], [121.142273, 14.639349], [121.142543, 14.639349], [121.142543, 14.639619], [121.142812, 14.639619], [121.142812, 14.639888], [121.143621, 14.639888], [121.143621, 14.640158], [121.14389, 14.640158], [121.14389, 14.641236], [121.143621, 14.641236], [121.143621, 14.641505], [121.142004, 14.641505], [121.142004, 14.641236], [121.140657, 14.641236], [121.140657, 14.640966], [121.140387, 14.640966], [121.140387, 14.640697], [121.140118, 14.640697], [121.140118, 14.639888], [121.140387, 14.639888], [121.140387, 14.63881], [121.140118, 14.63881], [121.140118, 14.638541], [121.139848, 14.638541], [121.139848, 14.63881], [121.139309, 14.63881], [121.139309, 14.638271], [121.139579, 14.638271], [121.139579, 14.638002], [121.139309, 14.638002], [121.139309, 14.637732], [121.13877, 14.637732], [121.13877, 14.638002], [121.138501, 14.638002], [121.138501, 14.638541], [121.137962, 14.638541], [121.137962, 14.63881], [121.137692, 14.63881], [121.137692, 14.639349], [121.137423, 14.639349], [121.137423, 14.640427], [121.137692, 14.640427], [121.137692, 14.641505], [121.137423, 14.641505], [121.137423, 14.641775], [121.137153, 14.641775], [121.137153, 14.642583], [121.137423, 14.642583], [121.137423, 14.642853], [121.137692, 14.642853], [121.137692, 14.64447], [121.137962, 14.64447], [121.137962, 14.645817], [121.137692, 14.645817], [121.137692, 14.646626], [121.137423, 14.646626], [121.137423, 14.646895], [121.136884, 14.646895], [121.136884, 14.647165], [121.136614, 14.647165], [121.136614, 14.646626], [121.136075, 14.646626], [121.136075, 14.646356], [121.135806, 14.646356], [121.135806, 14.646087], [121.135536, 14.646087], [121.135536, 14.645817], [121.135267, 14.645817], [121.135267, 14.645548], [121.134997, 14.645548], [121.134997, 14.645278], [121.134458, 14.645278], [121.134458, 14.645548], [121.133919, 14.645548], [121.133919, 14.645817], [121.13365, 14.645817], [121.13365, 14.646087], [121.13338, 14.646087], [121.13338, 14.646356], [121.132841, 14.646356], [121.132841, 14.646626], [121.132302, 14.646626], [121.132302, 14.647165], [121.132033, 14.647165], [121.132033, 14.647434], [121.131763, 14.647434], [121.131763, 14.647704], [121.131494, 14.647704], [121.131494, 14.648782], [121.131763, 14.648782], [121.131763, 14.649051], [121.132302, 14.649051], [121.132302, 14.649321], [121.132572, 14.649321], [121.132572, 14.647973], [121.132841, 14.647973], [121.132841, 14.647704], [121.13365, 14.647704], [121.13365, 14.647973], [121.134189, 14.647973], [121.134189, 14.647434], [121.134458, 14.647434], [121.134458, 14.646895], [121.134728, 14.646895], [121.134728, 14.646626], [121.135536, 14.646626], [121.135536, 14.646895], [121.135806, 14.646895], [121.135806, 14.647434], [121.135536, 14.647434], [121.135536, 14.647704], [121.136075, 14.647704], [121.136075, 14.647973], [121.136345, 14.647973], [121.136345, 14.648512], [121.135267, 14.648512], [121.135267, 14.649051], [121.134997, 14.649051], [121.134997, 14.649321], [121.135267, 14.649321], [121.135267, 14.64959], [121.135806, 14.64959], [121.135806, 14.650129], [121.136075, 14.650129], [121.136075, 14.650399], [121.136345, 14.650399], [121.136345, 14.651477], [121.136075, 14.651477], [121.136075, 14.651746], [121.135806, 14.651746], [121.135806, 14.652824], [121.137153, 14.652824], [121.137153, 14.652555], [121.137962, 14.652555], [121.137962, 14.652824], [121.138501, 14.652824], [121.138501, 14.653094], [121.138231, 14.653094], [121.138231, 14.653633], [121.138501, 14.653633], [121.138501, 14.65498], [121.138231, 14.65498], [121.138231, 14.656327], [121.138501, 14.656327], [121.138501, 14.657675], [121.137962, 14.657675], [121.137962, 14.657944], [121.137423, 14.657944], [121.137423, 14.657675], [121.137153, 14.657675], [121.137153, 14.657405], [121.136884, 14.657405], [121.136884, 14.655788], [121.136345, 14.655788], [121.136345, 14.656597], [121.136075, 14.656597], [121.136075, 14.657405], [121.135806, 14.657405], [121.135806, 14.657675], [121.135536, 14.657675], [121.135536, 14.657405], [121.135267, 14.657405], [121.135267, 14.657675], [121.134997, 14.657675], [121.134997, 14.657944], [121.134458, 14.657944], [121.134458, 14.658483], [121.134189, 14.658483], [121.134189, 14.659561], [121.133919, 14.659561], [121.133919, 14.659831], [121.134189, 14.659831], [121.134189, 14.6601], [121.133919, 14.6601], [121.133919, 14.660639], [121.13365, 14.660639], [121.13365, 14.661178], [121.13338, 14.661178], [121.13338, 14.661448], [121.132841, 14.661448], [121.132841, 14.661717], [121.132302, 14.661717], [121.132302, 14.661987], [121.132033, 14.661987], [121.132033, 14.663065], [121.132302, 14.663065], [121.132302, 14.662795], [121.132572, 14.662795], [121.132572, 14.662526], [121.132841, 14.662526], [121.132841, 14.662795], [121.133111, 14.662795], [121.133111, 14.662526], [121.13338, 14.662526], [121.13338, 14.662256], [121.133111, 14.662256], [121.133111, 14.661987], [121.13365, 14.661987], [121.13365, 14.662256], [121.134189, 14.662256], [121.134189, 14.663873], [121.133919, 14.663873], [121.133919, 14.664143], [121.13365, 14.664143], [121.13365, 14.665221], [121.133919, 14.665221], [121.133919, 14.664951], [121.134728, 14.664951], [121.134728, 14.664682], [121.134997, 14.664682], [121.134997, 14.664412], [121.135536, 14.664412], [121.135536, 14.664143], [121.135806, 14.664143], [121.135806, 14.663873], [121.136075, 14.663873], [121.136075, 14.664143], [121.136345, 14.664143], [121.136345, 14.664412], [121.136614, 14.664412], [121.136614, 14.664682], [121.136884, 14.664682], [121.136884, 14.664951], [121.137153, 14.664951], [121.137153, 14.665221], [121.138231, 14.665221], [121.138231, 14.664951], [121.13877, 14.664951], [121.13877, 14.665221], [121.13904, 14.665221], [121.13904, 14.666299], [121.137692, 14.666299], [121.137692, 14.666568], [121.137423, 14.666568], [121.137423, 14.668724], [121.136614, 14.668724], [121.136614, 14.668994], [121.136345, 14.668994], [121.136345, 14.669263], [121.136075, 14.669263], [121.136075, 14.669802], [121.136345, 14.669802], [121.136345, 14.670341], [121.136614, 14.670341], [121.136614, 14.672767], [121.136345, 14.672767], [121.136345, 14.674114], [121.136884, 14.674114], [121.136884, 14.673845], [121.137153, 14.673845], [121.137153, 14.673575], [121.137423, 14.673575], [121.137423, 14.673845], [121.137692, 14.673845], [121.137692, 14.674114], [121.137962, 14.674114], [121.137962, 14.675462], [121.138231, 14.675462], [121.138231, 14.676809], [121.137962, 14.676809], [121.137962, 14.677348], [121.138231, 14.677348], [121.138231, 14.678965], [121.137962, 14.678965], [121.137962, 14.679234], [121.137423, 14.679234], [121.137423, 14.679504], [121.137153, 14.679504], [121.137153, 14.679773], [121.136614, 14.679773], [121.136614, 14.680851], [121.136884, 14.680851], [121.136884, 14.680582], [121.137423, 14.680582], [121.137423, 14.680851], [121.137692, 14.680851], [121.137692, 14.681121], [121.137423, 14.681121], [121.137423, 14.68139], [121.137153, 14.68139], [121.137153, 14.68166], [121.136884, 14.68166], [121.136884, 14.68139], [121.136345, 14.68139], [121.136345, 14.68166], [121.135536, 14.68166], [121.135536, 14.681929], [121.134997, 14.681929], [121.134997, 14.682738], [121.135267, 14.682738], [121.135267, 14.683007], [121.135806, 14.683007], [121.135806, 14.683277], [121.137692, 14.683277], [121.137692, 14.683546], [121.138231, 14.683546], [121.138231, 14.684085], [121.13877, 14.684085], [121.13877, 14.685163], [121.13904, 14.685163], [121.13904, 14.685702], [121.139309, 14.685702], [121.139309, 14.685972], [121.139579, 14.685972], [121.139579, 14.686241], [121.139848, 14.686241], [121.139848, 14.686511], [121.141195, 14.686511], [121.141195, 14.68678], [121.141734, 14.68678], [121.141734, 14.687319], [121.142004, 14.687319], [121.142004, 14.687589], [121.141734, 14.687589], [121.141734, 14.687858], [121.141195, 14.687858], [121.141195, 14.688128], [121.140926, 14.688128], [121.140926, 14.688397], [121.140657, 14.688397], [121.140657, 14.688667], [121.140387, 14.688667], [121.140387, 14.689206], [121.140118, 14.689206], [121.140118, 14.690823], [121.140387, 14.690823], [121.140387, 14.691362], [121.140657, 14.691362], [121.140657, 14.691631], [121.140926, 14.691631], [121.140926, 14.69217], [121.141195, 14.69217], [121.141195, 14.692709], [121.141465, 14.692709], [121.141465, 14.692979], [121.141734, 14.692979], [121.141734, 14.693248], [121.142004, 14.693248], [121.142004, 14.693518], [121.142543, 14.693518], [121.142543, 14.694326], [121.142812, 14.694326], [121.142812, 14.694596], [121.142543, 14.694596], [121.142543, 14.695135], [121.142812, 14.695135], [121.142812, 14.695943], [121.143082, 14.695943], [121.143082, 14.696752], [121.143351, 14.696752], [121.143351, 14.69783], [121.143621, 14.69783], [121.143621, 14.698099], [121.14389, 14.698099], [121.14389, 14.698369], [121.14416, 14.698369], [121.14416, 14.698638], [121.144699, 14.698638], [121.144699, 14.699177], [121.144968, 14.699177], [121.144968, 14.699447], [121.144699, 14.699447], [121.144699, 14.699716], [121.14416, 14.699716], [121.14416, 14.699986], [121.14389, 14.699986], [121.14389, 14.701064], [121.14416, 14.701064], [121.14416, 14.701333], [121.144429, 14.701333], [121.144429, 14.701872], [121.144699, 14.701872], [121.144699, 14.702142], [121.144968, 14.702142], [121.144968, 14.70295], [121.145238, 14.70295], [121.145238, 14.703758], [121.145507, 14.703758], [121.145507, 14.704028], [121.145777, 14.704028], [121.145777, 14.704297], [121.146046, 14.704297], [121.146046, 14.705914], [121.146316, 14.705914], [121.146316, 14.706184], [121.146585, 14.706184], [121.146585, 14.706723], [121.146855, 14.706723], [121.146855, 14.706992], [121.147124, 14.706992], [121.147124, 14.70834], [121.147394, 14.70834], [121.147394, 14.708609], [121.147663, 14.708609], [121.147663, 14.709148], [121.147933, 14.709148], [121.147933, 14.709418], [121.148202, 14.709418], [121.148202, 14.709957], [121.148741, 14.709957], [121.148741, 14.710226], [121.149011, 14.710226], [121.149011, 14.710496], [121.14928, 14.710496], [121.14928, 14.710765], [121.150089, 14.710765], [121.150089, 14.711035], [121.152784, 14.711035], [121.152784, 14.711304], [121.153053, 14.711304], [121.153053, 14.711843], [121.153862, 14.711843], [121.153862, 14.712113], [121.154401, 14.712113], [121.154401, 14.712382], [121.15467, 14.712382], [121.15467, 14.712921], [121.154401, 14.712921], [121.154401, 14.713191], [121.154131, 14.713191], [121.154131, 14.71346], [121.153862, 14.71346], [121.153862, 14.71373], [121.153323, 14.71373], [121.153323, 14.713999], [121.153053, 14.713999], [121.153053, 14.714269], [121.152245, 14.714269], [121.152245, 14.713999], [121.151706, 14.713999], [121.151706, 14.714538], [121.151436, 14.714538], [121.151436, 14.714808], [121.151706, 14.714808], [121.151706, 14.715077], [121.151975, 14.715077], [121.151975, 14.715616], [121.152245, 14.715616], [121.152245, 14.715886], [121.152514, 14.715886], [121.152514, 14.716155], [121.152784, 14.716155], [121.152784, 14.716425], [121.153053, 14.716425], [121.153053, 14.716694], [121.153592, 14.716694], [121.153592, 14.717233], [121.153862, 14.717233], [121.153862, 14.718042], [121.154131, 14.718042], [121.154131, 14.71912], [121.154401, 14.71912], [121.154401, 14.719389], [121.15467, 14.719389], [121.15467, 14.719659], [121.15494, 14.719659], [121.15494, 14.719928], [121.155209, 14.719928], [121.155209, 14.720198], [121.155479, 14.720198], [121.155479, 14.720467], [121.155748, 14.720467], [121.155748, 14.720737], [121.156018, 14.720737], [121.156018, 14.721006], [121.156287, 14.721006], [121.156287, 14.721276], [121.156557, 14.721276], [121.156557, 14.721545], [121.156826, 14.721545], [121.156826, 14.721815], [121.157096, 14.721815], [121.157096, 14.722084], [121.157365, 14.722084], [121.157365, 14.722354], [121.157635, 14.722354], [121.157635, 14.722623], [121.157904, 14.722623], [121.157904, 14.723701], [121.158174, 14.723701], [121.158174, 14.723971], [121.157904, 14.723971], [121.157904, 14.72424], [121.157635, 14.72424], [121.157635, 14.72451], [121.157365, 14.72451], [121.157365, 14.724779], [121.156287, 14.724779], [121.156287, 14.725588], [121.156826, 14.725588], [121.156826, 14.725857], [121.157904, 14.725857], [121.157904, 14.725588], [121.158174, 14.725588], [121.158174, 14.725318], [121.158713, 14.725318], [121.158713, 14.725588], [121.159252, 14.725588], [121.159252, 14.726396], [121.159521, 14.726396], [121.159521, 14.726666], [121.16006, 14.726666], [121.16006, 14.726935], [121.16033, 14.726935], [121.16033, 14.727205], [121.160599, 14.727205], [121.160599, 14.728013], [121.160869, 14.728013], [121.160869, 14.728283], [121.161138, 14.728283], [121.161138, 14.729091], [121.161408, 14.729091], [121.161408, 14.729899], [121.161677, 14.729899], [121.161677, 14.730708], [121.161947, 14.730708], [121.161947, 14.731247], [121.162486, 14.731247], [121.162486, 14.731516], [121.162755, 14.731516], [121.162755, 14.731786], [121.163025, 14.731786], [121.163025, 14.732864], [121.163294, 14.732864], [121.163294, 14.733133], [121.163564, 14.733133], [121.163564, 14.732864], [121.164372, 14.732864], [121.164372, 14.732594], [121.164642, 14.732594], [121.164642, 14.732864], [121.165181, 14.732864], [121.165181, 14.733133], [121.165719, 14.733133], [121.165719, 14.733403], [121.165989, 14.733403], [121.165989, 14.733672], [121.166258, 14.733672], [121.166258, 14.733942], [121.166797, 14.733942], [121.166797, 14.734211], [121.167336, 14.734211], [121.167336, 14.73475], [121.166258, 14.73475], [121.166258, 14.736098], [121.166528, 14.736098], [121.166528, 14.736906], [121.166797, 14.736906], [121.166797, 14.737445], [121.167067, 14.737445], [121.167067, 14.737715], [121.167336, 14.737715], [121.167336, 14.737984], [121.167606, 14.737984], [121.167606, 14.738254], [121.167875, 14.738254], [121.167875, 14.738523], [121.168145, 14.738523], [121.168145, 14.739332], [121.168414, 14.739332], [121.168414, 14.74041], [121.168953, 14.74041], [121.168953, 14.740679], [121.169762, 14.740679], [121.169762, 14.740949], [121.170031, 14.740949], [121.170031, 14.742027], [121.169762, 14.742027], [121.169762, 14.742566], [121.169492, 14.742566], [121.169492, 14.742835], [121.169762, 14.742835], [121.169762, 14.743105], [121.169223, 14.743105], [121.169223, 14.743374], [121.168953, 14.743374], [121.168953, 14.743644], [121.168684, 14.743644], [121.168684, 14.743913], [121.168145, 14.743913], [121.168145, 14.744183], [121.167875, 14.744183], [121.167875, 14.744452], [121.167606, 14.744452], [121.167606, 14.744722], [121.167336, 14.744722], [121.167336, 14.744991], [121.167067, 14.744991], [121.167067, 14.74553], [121.166797, 14.74553], [121.166797, 14.7458], [121.166528, 14.7458], [121.166528, 14.746339], [121.166258, 14.746339], [121.166258, 14.746608], [121.165989, 14.746608], [121.165989, 14.747417], [121.166258, 14.747417], [121.166258, 14.749303], [121.166528, 14.749303], [121.166528, 14.749573], [121.166797, 14.749573], [121.166797, 14.750112], [121.167067, 14.750112], [121.167067, 14.750381], [121.167875, 14.750381], [121.167875, 14.750651], [121.168414, 14.750651], [121.168414, 14.750112], [121.168684, 14.750112], [121.168684, 14.750381], [121.169223, 14.750381], [121.169223, 14.750651], [121.169762, 14.750651], [121.169762, 14.75092], [121.170031, 14.75092], [121.170031, 14.75119], [121.17057, 14.75119], [121.17057, 14.751459], [121.171109, 14.751459], [121.171109, 14.751729], [121.171379, 14.751729], [121.171379, 14.751998], [121.171648, 14.751998], [121.171648, 14.752807], [121.171379, 14.752807], [121.171379, 14.753615], [121.171109, 14.753615], [121.171109, 14.754154], [121.170301, 14.754154], [121.170301, 14.753884], [121.170031, 14.753884], [121.170031, 14.752807], [121.169762, 14.752807], [121.169762, 14.752537], [121.169223, 14.752537], [121.169223, 14.751998], [121.168953, 14.751998], [121.168953, 14.751729], [121.168684, 14.751729], [121.168684, 14.751459], [121.168414, 14.751459], [121.168414, 14.75119], [121.167875, 14.75119], [121.167875, 14.75092], [121.167606, 14.75092], [121.167606, 14.75119], [121.167336, 14.75119], [121.167336, 14.751459], [121.167606, 14.751459], [121.167606, 14.752268], [121.167336, 14.752268], [121.167336, 14.752537], [121.167606, 14.752537], [121.167606, 14.755771], [121.167875, 14.755771], [121.167875, 14.756579], [121.167606, 14.756579], [121.167606, 14.757657], [121.167875, 14.757657], [121.167875, 14.758196], [121.168145, 14.758196], [121.168145, 14.758735], [121.168414, 14.758735], [121.168414, 14.759005], [121.167336, 14.759005], [121.167336, 14.759544], [121.167875, 14.759544], [121.167875, 14.760083], [121.167606, 14.760083], [121.167606, 14.760352], [121.167875, 14.760352], [121.167875, 14.760622], [121.168145, 14.760622], [121.168145, 14.760891], [121.168414, 14.760891], [121.168414, 14.761161], [121.169492, 14.761161], [121.169492, 14.76143], [121.169762, 14.76143], [121.169762, 14.7617], [121.170031, 14.7617], [121.170031, 14.763047], [121.170301, 14.763047], [121.170301, 14.762778], [121.171109, 14.762778], [121.171109, 14.763047], [121.171648, 14.763047], [121.171648, 14.763317], [121.171918, 14.763317], [121.171918, 14.763586], [121.172457, 14.763586], [121.172457, 14.763856], [121.172726, 14.763856], [121.172726, 14.764664], [121.172457, 14.764664], [121.172457, 14.764934], [121.172187, 14.764934], [121.172187, 14.765203], [121.171918, 14.765203], [121.171918, 14.765473], [121.171379, 14.765473], [121.171379, 14.765742], [121.17084, 14.765742], [121.17084, 14.766012], [121.17057, 14.766012], [121.17057, 14.766281], [121.170301, 14.766281], [121.170301, 14.766551], [121.170031, 14.766551], [121.170031, 14.76709], [121.170301, 14.76709], [121.170301, 14.767629], [121.17057, 14.767629], [121.17057, 14.767898], [121.170301, 14.767898], [121.170301, 14.768437], [121.170031, 14.768437], [121.170031, 14.768168], [121.169762, 14.768168], [121.169762, 14.76709], [121.169492, 14.76709], [121.169492, 14.766551], [121.168684, 14.766551], [121.168684, 14.766281], [121.168145, 14.766281], [121.168145, 14.766012], [121.167067, 14.766012], [121.167067, 14.766281], [121.166797, 14.766281], [121.166797, 14.766551], [121.165989, 14.766551], [121.165989, 14.76682], [121.165719, 14.76682], [121.165719, 14.766551], [121.165181, 14.766551], [121.165181, 14.766281], [121.164103, 14.766281], [121.164103, 14.766551], [121.163833, 14.766551], [121.163833, 14.76682], [121.165181, 14.76682], [121.165181, 14.76709], [121.165719, 14.76709], [121.165719, 14.767629], [121.165989, 14.767629], [121.165989, 14.767898], [121.166258, 14.767898], [121.166258, 14.768168], [121.166528, 14.768168], [121.166528, 14.768437], [121.166797, 14.768437], [121.166797, 14.768707], [121.167067, 14.768707], [121.167067, 14.768976], [121.167336, 14.768976], [121.167336, 14.769246], [121.167606, 14.769246], [121.167606, 14.769515], [121.167875, 14.769515], [121.167875, 14.769785], [121.168145, 14.769785], [121.168145, 14.770324], [121.168414, 14.770324], [121.168414, 14.771132], [121.168684, 14.771132], [121.168684, 14.771671], [121.168953, 14.771671], [121.168953, 14.77221], [121.169223, 14.77221], [121.169223, 14.77248], [121.169492, 14.77248], [121.169492, 14.772749], [121.169762, 14.772749], [121.169762, 14.773019], [121.170301, 14.773019], [121.170301, 14.773288], [121.17084, 14.773288], [121.17084, 14.773558], [121.171109, 14.773558], [121.171109, 14.773827], [121.171648, 14.773827], [121.171648, 14.774097], [121.172187, 14.774097], [121.172187, 14.774366], [121.173535, 14.774366], [121.173535, 14.774636], [121.175421, 14.774636], [121.175421, 14.774905], [121.175691, 14.774905], [121.175691, 14.775444], [121.175421, 14.775444], [121.175421, 14.775714], [121.175152, 14.775714], [121.175152, 14.775983], [121.174882, 14.775983], [121.174882, 14.776253], [121.174613, 14.776253], [121.174613, 14.777331], [121.174343, 14.777331], [121.174343, 14.77787], [121.174613, 14.77787], [121.174613, 14.778139], [121.174343, 14.778139], [121.174343, 14.778678], [121.174613, 14.778678], [121.174613, 14.778947], [121.174882, 14.778947], [121.174882, 14.779217], [121.175152, 14.779217], [121.175152, 14.779486], [121.175421, 14.779486], [121.175421, 14.780025], [121.175691, 14.780025], [121.175691, 14.780295], [121.175421, 14.780295], [121.175421, 14.780564], [121.174882, 14.780564], [121.174882, 14.780295], [121.174613, 14.780295], [121.174613, 14.780564], [121.174074, 14.780564], [121.174074, 14.780295], [121.173804, 14.780295], [121.173804, 14.780025], [121.173535, 14.780025], [121.173535, 14.779486], [121.173265, 14.779486], [121.173265, 14.778678], [121.172996, 14.778678], [121.172996, 14.778139], [121.172726, 14.778139], [121.172726, 14.77787], [121.172457, 14.77787], [121.172457, 14.7776], [121.171918, 14.7776], [121.171918, 14.777331], [121.171648, 14.777331], [121.171648, 14.777061], [121.171379, 14.777061], [121.171379, 14.776792], [121.171109, 14.776792], [121.171109, 14.775983], [121.171379, 14.775983], [121.171379, 14.775175], [121.171109, 14.775175], [121.171109, 14.774905], [121.170301, 14.774905], [121.170301, 14.774636], [121.169762, 14.774636], [121.169762, 14.774366], [121.169492, 14.774366], [121.169492, 14.774097], [121.169223, 14.774097], [121.169223, 14.773827], [121.168684, 14.773827], [121.168684, 14.773558], [121.167875, 14.773558], [121.167875, 14.773827], [121.166258, 14.773827], [121.166258, 14.773558], [121.165989, 14.773558], [121.165989, 14.773288], [121.165719, 14.773288], [121.165719, 14.773019], [121.16545, 14.773019], [121.16545, 14.77221], [121.165181, 14.77221], [121.165181, 14.771671], [121.164911, 14.771671], [121.164911, 14.771402], [121.164642, 14.771402], [121.164642, 14.771132], [121.164372, 14.771132], [121.164372, 14.770863], [121.163564, 14.770863], [121.163564, 14.770593], [121.163294, 14.770593], [121.163294, 14.770863], [121.163025, 14.770863], [121.163025, 14.77221], [121.163294, 14.77221], [121.163294, 14.77248], [121.163025, 14.77248], [121.163025, 14.773019], [121.162755, 14.773019], [121.162755, 14.773288], [121.162486, 14.773288], [121.162486, 14.773827], [121.162216, 14.773827], [121.162216, 14.774097], [121.161947, 14.774097], [121.161947, 14.774366], [121.161408, 14.774366], [121.161408, 14.774636], [121.161138, 14.774636], [121.161138, 14.774366], [121.160869, 14.774366], [121.160869, 14.774636], [121.16033, 14.774636], [121.16033, 14.774905], [121.159791, 14.774905], [121.159791, 14.774097], [121.16006, 14.774097], [121.16006, 14.773827], [121.16033, 14.773827], [121.16033, 14.773558], [121.160599, 14.773558], [121.160599, 14.773288], [121.160869, 14.773288], [121.160869, 14.773019], [121.161677, 14.773019], [121.161677, 14.772749], [121.161947, 14.772749], [121.161947, 14.77248], [121.162216, 14.77248], [121.162216, 14.771671], [121.161677, 14.771671], [121.161677, 14.771402], [121.16033, 14.771402], [121.16033, 14.771132], [121.16006, 14.771132], [121.16006, 14.770863], [121.159791, 14.770863], [121.159791, 14.770593], [121.159521, 14.770593], [121.159521, 14.768707], [121.159252, 14.768707], [121.159252, 14.768168], [121.158982, 14.768168], [121.158982, 14.767898], [121.158713, 14.767898], [121.158713, 14.767629], [121.158443, 14.767629], [121.158443, 14.767359], [121.158174, 14.767359], [121.158174, 14.76709], [121.157635, 14.76709], [121.157635, 14.76682], [121.157096, 14.76682], [121.157096, 14.766551], [121.156557, 14.766551], [121.156557, 14.766281], [121.156018, 14.766281], [121.156018, 14.766551], [121.155748, 14.766551], [121.155748, 14.76682], [121.155209, 14.76682], [121.155209, 14.76709], [121.154131, 14.76709], [121.154131, 14.76682], [121.153592, 14.76682], [121.153592, 14.766551], [121.153323, 14.766551], [121.153323, 14.766281], [121.152245, 14.766281], [121.152245, 14.766551], [121.151975, 14.766551], [121.151975, 14.76682], [121.151706, 14.76682], [121.151706, 14.767898], [121.151975, 14.767898], [121.151975, 14.768168], [121.152245, 14.768168], [121.152245, 14.768437], [121.153323, 14.768437], [121.153323, 14.768976], [121.153053, 14.768976], [121.153053, 14.769246], [121.151167, 14.769246], [121.151167, 14.768976], [121.150358, 14.768976], [121.150358, 14.768707], [121.150089, 14.768707], [121.150089, 14.768976], [121.149819, 14.768976], [121.149819, 14.769246], [121.149011, 14.769246], [121.149011, 14.768976], [121.148741, 14.768976], [121.148741, 14.768707], [121.148472, 14.768707], [121.148472, 14.768437], [121.148202, 14.768437], [121.148202, 14.768168], [121.147933, 14.768168], [121.147933, 14.767898], [121.147663, 14.767898], [121.147663, 14.767629], [121.146585, 14.767629], [121.146585, 14.767359], [121.146046, 14.767359], [121.146046, 14.76709], [121.145238, 14.76709], [121.145238, 14.767359], [121.14416, 14.767359], [121.14416, 14.76709], [121.14389, 14.76709], [121.14389, 14.76682], [121.143621, 14.76682], [121.143621, 14.766551], [121.143082, 14.766551], [121.143082, 14.766281], [121.142812, 14.766281], [121.142812, 14.766012], [121.142543, 14.766012], [121.142543, 14.765473], [121.142004, 14.765473], [121.142004, 14.765742], [121.141734, 14.765742], [121.141734, 14.766012], [121.141465, 14.766012], [121.141465, 14.766281], [121.141195, 14.766281], [121.141195, 14.767629], [121.140926, 14.767629], [121.140926, 14.76709], [121.140387, 14.76709], [121.140387, 14.76682], [121.140118, 14.76682], [121.140118, 14.76709], [121.139579, 14.76709], [121.139579, 14.767629], [121.139848, 14.767629], [121.139848, 14.768437], [121.139579, 14.768437], [121.139579, 14.768976], [121.139309, 14.768976], [121.139309, 14.768707], [121.13904, 14.768707], [121.13904, 14.767898], [121.13877, 14.767898], [121.13877, 14.767359], [121.138501, 14.767359], [121.138501, 14.76709], [121.137692, 14.76709], [121.137692, 14.76682], [121.137153, 14.76682], [121.137153, 14.76709], [121.136345, 14.76709], [121.136345, 14.76682], [121.136075, 14.76682], [121.136075, 14.766551], [121.136345, 14.766551], [121.136345, 14.766012], [121.136884, 14.766012], [121.136884, 14.765742], [121.137153, 14.765742], [121.137153, 14.765473], [121.137692, 14.765473], [121.137692, 14.764664], [121.137962, 14.764664], [121.137962, 14.764395], [121.136345, 14.764395], [121.136345, 14.764125], [121.136075, 14.764125], [121.136075, 14.761969], [121.136345, 14.761969], [121.136345, 14.7617], [121.136614, 14.7617], [121.136614, 14.76143], [121.136345, 14.76143], [121.136345, 14.761161], [121.136075, 14.761161], [121.136075, 14.760891], [121.135536, 14.760891], [121.135536, 14.760352], [121.134997, 14.760352], [121.134997, 14.760083], [121.134728, 14.760083], [121.134728, 14.761161], [121.134189, 14.761161], [121.134189, 14.760352], [121.133919, 14.760352], [121.133919, 14.760083], [121.132572, 14.760083], [121.132572, 14.759813], [121.131763, 14.759813], [121.131763, 14.759544], [121.131224, 14.759544], [121.131224, 14.759274], [121.130955, 14.759274], [121.130955, 14.757657], [121.130685, 14.757657], [121.130685, 14.757118], [121.130416, 14.757118], [121.130416, 14.756579], [121.130146, 14.756579], [121.130146, 14.75631], [121.129877, 14.75631], [121.129877, 14.75604], [121.130146, 14.75604], [121.130146, 14.755501], [121.130955, 14.755501], [121.130955, 14.755232], [121.131224, 14.755232], [121.131224, 14.753076], [121.131763, 14.753076], [121.131763, 14.753346], [121.132572, 14.753346], [121.132572, 14.752537], [121.131763, 14.752537], [121.131763, 14.752268], [121.131494, 14.752268], [121.131494, 14.751998], [121.130685, 14.751998], [121.130685, 14.752268], [121.130416, 14.752268], [121.130416, 14.752537], [121.130146, 14.752537], [121.130146, 14.753076], [121.129607, 14.753076], [121.129607, 14.753346], [121.129338, 14.753346], [121.129338, 14.753615], [121.129068, 14.753615], [121.129068, 14.753884], [121.128799, 14.753884], [121.128799, 14.754154], [121.12826, 14.754154], [121.12826, 14.753884], [121.12799, 14.753884], [121.12799, 14.753076], [121.12826, 14.753076], [121.12826, 14.752268], [121.128529, 14.752268], [121.128529, 14.751998], [121.12826, 14.751998], [121.12826, 14.751459], [121.12799, 14.751459], [121.12799, 14.75119], [121.127182, 14.75119], [121.127182, 14.75092], [121.126643, 14.75092], [121.126643, 14.750651], [121.126104, 14.750651], [121.126104, 14.750381], [121.125026, 14.750381], [121.125026, 14.750112], [121.124756, 14.750112], [121.124756, 14.749842], [121.124487, 14.749842], [121.124487, 14.749303], [121.124217, 14.749303], [121.124217, 14.749034], [121.123948, 14.749034], [121.123948, 14.748764], [121.123139, 14.748764], [121.123139, 14.748495], [121.122331, 14.748495], [121.122331, 14.748764], [121.122061, 14.748764], [121.122061, 14.748495], [121.121792, 14.748495], [121.121792, 14.747686], [121.122061, 14.747686], [121.122061, 14.747147], [121.122331, 14.747147], [121.122331, 14.746608], [121.1226, 14.746608], [121.1226, 14.7458], [121.122331, 14.7458], [121.122331, 14.74553], [121.122061, 14.74553], [121.122061, 14.744991], [121.122331, 14.744991], [121.122331, 14.744722], [121.12287, 14.744722], [121.12287, 14.744452], [121.123139, 14.744452], [121.123139, 14.744183], [121.123409, 14.744183], [121.123409, 14.743913], [121.123948, 14.743913], [121.123948, 14.743644], [121.124217, 14.743644], [121.124217, 14.743105], [121.124487, 14.743105], [121.124487, 14.742296], [121.125565, 14.742296], [121.125565, 14.742566], [121.125834, 14.742566], [121.125834, 14.742835], [121.126104, 14.742835], [121.126104, 14.743105], [121.126373, 14.743105], [121.126373, 14.743374], [121.126912, 14.743374], [121.126912, 14.743644], [121.127182, 14.743644], [121.127182, 14.743913], [121.127451, 14.743913], [121.127451, 14.744183], [121.127721, 14.744183], [121.127721, 14.744991], [121.127451, 14.744991], [121.127451, 14.745261], [121.127182, 14.745261], [121.127182, 14.74553], [121.127721, 14.74553], [121.127721, 14.7458], [121.12826, 14.7458], [121.12826, 14.74553], [121.128529, 14.74553], [121.128529, 14.744991], [121.128799, 14.744991], [121.128799, 14.744452], [121.128529, 14.744452], [121.128529, 14.743913], [121.12826, 14.743913], [121.12826, 14.743644], [121.12799, 14.743644], [121.12799, 14.743105], [121.127721, 14.743105], [121.127721, 14.742566], [121.127451, 14.742566], [121.127451, 14.742027], [121.127182, 14.742027], [121.127182, 14.741757], [121.126912, 14.741757], [121.126912, 14.741488], [121.126643, 14.741488], [121.126643, 14.741218], [121.126104, 14.741218], [121.126104, 14.740949], [121.125834, 14.740949], [121.125834, 14.740679], [121.124756, 14.740679], [121.124756, 14.74041], [121.124487, 14.74041], [121.124487, 14.740679], [121.123678, 14.740679], [121.123678, 14.74041], [121.123409, 14.74041], [121.123409, 14.74014], [121.123139, 14.74014], [121.123139, 14.739871], [121.123409, 14.739871], [121.123409, 14.739332], [121.123678, 14.739332], [121.123678, 14.738793], [121.123948, 14.738793], [121.123948, 14.737715], [121.124756, 14.737715], [121.124756, 14.737984], [121.125026, 14.737984], [121.125026, 14.738254], [121.125295, 14.738254], [121.125295, 14.739332], [121.125834, 14.739332], [121.125834, 14.739601], [121.126643, 14.739601], [121.126643, 14.738254], [121.126912, 14.738254], [121.126912, 14.736906], [121.126643, 14.736906], [121.126643, 14.73475], [121.126373, 14.73475], [121.126373, 14.734211], [121.125834, 14.734211], [121.125834, 14.733942], [121.125565, 14.733942], [121.125565, 14.733672], [121.125026, 14.733672], [121.125026, 14.733403], [121.124756, 14.733403], [121.124756, 14.733133], [121.124487, 14.733133], [121.124487, 14.732864], [121.124217, 14.732864], [121.124217, 14.732325], [121.123948, 14.732325], [121.123948, 14.731786], [121.124217, 14.731786], [121.124217, 14.731516], [121.124487, 14.731516], [121.124487, 14.730708], [121.124217, 14.730708], [121.124217, 14.730438], [121.123948, 14.730438], [121.123948, 14.730169], [121.123678, 14.730169], [121.123678, 14.729899], [121.123409, 14.729899], [121.123409, 14.729091], [121.123139, 14.729091], [121.123139, 14.727474], [121.12287, 14.727474], [121.12287, 14.727205], [121.1226, 14.727205], [121.1226, 14.726935], [121.122331, 14.726935], [121.122331, 14.725588], [121.122061, 14.725588], [121.122061, 14.724779], [121.121792, 14.724779], [121.121792, 14.72451], [121.121253, 14.72451], [121.121253, 14.72424], [121.120983, 14.72424], [121.120983, 14.723971], [121.120714, 14.723971], [121.120714, 14.722354], [121.120444, 14.722354], [121.120444, 14.721815], [121.119905, 14.721815], [121.119905, 14.721545], [121.120175, 14.721545], [121.120175, 14.721276], [121.119905, 14.721276], [121.119905, 14.721006], [121.119097, 14.721006], [121.119097, 14.721545], [121.118827, 14.721545], [121.118827, 14.721815], [121.119097, 14.721815], [121.119097, 14.722084], [121.119366, 14.722084], [121.119366, 14.722354], [121.119636, 14.722354], [121.119636, 14.722623], [121.119366, 14.722623], [121.119366, 14.722893], [121.119636, 14.722893], [121.119636, 14.723432], [121.119366, 14.723432], [121.119366, 14.72451], [121.119097, 14.72451], [121.119097, 14.724779], [121.118558, 14.724779], [121.118558, 14.725049], [121.118827, 14.725049], [121.118827, 14.725318], [121.119366, 14.725318], [121.119366, 14.725588], [121.119636, 14.725588], [121.119636, 14.725318], [121.120983, 14.725318], [121.120983, 14.725588], [121.121253, 14.725588], [121.121253, 14.726666], [121.120983, 14.726666], [121.120983, 14.726935], [121.120714, 14.726935], [121.120714, 14.727474], [121.120444, 14.727474], [121.120444, 14.727744], [121.120983, 14.727744], [121.120983, 14.728283], [121.121253, 14.728283], [121.121253, 14.728552], [121.121522, 14.728552], [121.121522, 14.729091], [121.121792, 14.729091], [121.121792, 14.72963], [121.122061, 14.72963], [121.122061, 14.730169], [121.122331, 14.730169], [121.122331, 14.730708], [121.1226, 14.730708], [121.1226, 14.731247], [121.12287, 14.731247], [121.12287, 14.733403], [121.121792, 14.733403], [121.121792, 14.733133], [121.121522, 14.733133], [121.121522, 14.732864], [121.121253, 14.732864], [121.121253, 14.732055], [121.120983, 14.732055], [121.120983, 14.731247], [121.120714, 14.731247], [121.120714, 14.730977], [121.120444, 14.730977], [121.120444, 14.730708], [121.120175, 14.730708], [121.120175, 14.730169], [121.119905, 14.730169], [121.119905, 14.72936], [121.119636, 14.72936], [121.119636, 14.728821], [121.119366, 14.728821], [121.119366, 14.728013], [121.119097, 14.728013], [121.119097, 14.727474], [121.118827, 14.727474], [121.118827, 14.727205], [121.118558, 14.727205], [121.118558, 14.726935], [121.118019, 14.726935], [121.118019, 14.726666], [121.117749, 14.726666], [121.117749, 14.725857], [121.11748, 14.725857], [121.11748, 14.725588], [121.11721, 14.725588], [121.11721, 14.72424], [121.11748, 14.72424], [121.11748, 14.723971], [121.11721, 14.723971], [121.11721, 14.723432], [121.116671, 14.723432], [121.116671, 14.723162], [121.115863, 14.723162], [121.115863, 14.721815], [121.116402, 14.721815], [121.116402, 14.721545], [121.116671, 14.721545], [121.116671, 14.721276], [121.116941, 14.721276], [121.116941, 14.720737], [121.11721, 14.720737], [121.11721, 14.720467], [121.11748, 14.720467], [121.11748, 14.720198], [121.117749, 14.720198], [121.117749, 14.719928], [121.118019, 14.719928], [121.118019, 14.719659], [121.119097, 14.719659], [121.119097, 14.719389], [121.119366, 14.719389], [121.119366, 14.718581], [121.119636, 14.718581], [121.119636, 14.716964], [121.119366, 14.716964], [121.119366, 14.716694], [121.119097, 14.716694], [121.119097, 14.716425], [121.118019, 14.716425], [121.118019, 14.716694], [121.117749, 14.716694], [121.117749, 14.716964], [121.11748, 14.716964], [121.11748, 14.717233], [121.11721, 14.717233], [121.11721, 14.717772], [121.116941, 14.717772], [121.116941, 14.718311], [121.116671, 14.718311], [121.116671, 14.719928], [121.116402, 14.719928], [121.116402, 14.720467], [121.116132, 14.720467], [121.116132, 14.720737], [121.115863, 14.720737], [121.115863, 14.721006], [121.115594, 14.721006], [121.115594, 14.721276], [121.115324, 14.721276], [121.115324, 14.722084], [121.115594, 14.722084], [121.115594, 14.722623], [121.115055, 14.722623], [121.115055, 14.723162], [121.115324, 14.723162], [121.115324, 14.723701], [121.115594, 14.723701], [121.115594, 14.72424], [121.115863, 14.72424], [121.115863, 14.72451], [121.115594, 14.72451], [121.115594, 14.725049], [121.115324, 14.725049], [121.115324, 14.725318], [121.114246, 14.725318], [121.114246, 14.725049], [121.113977, 14.725049], [121.113977, 14.724779], [121.113438, 14.724779], [121.113438, 14.72424], [121.113168, 14.72424], [121.113168, 14.723971], [121.112899, 14.723971], [121.112899, 14.723701], [121.112629, 14.723701], [121.112629, 14.723432], [121.11209, 14.723432], [121.11209, 14.723162], [121.111282, 14.723162], [121.111282, 14.723432], [121.111012, 14.723432], [121.111012, 14.723701], [121.110743, 14.723701], [121.110743, 14.72451], [121.110473, 14.72451], [121.110473, 14.724779], [121.109665, 14.724779], [121.109665, 14.725049], [121.109126, 14.725049], [121.109126, 14.725588], [121.108856, 14.725588], [121.108856, 14.725857], [121.108048, 14.725857], [121.108048, 14.726127], [121.107239, 14.726127], [121.107239, 14.726396], [121.10697, 14.726396], [121.10697, 14.726666], [121.1067, 14.726666], [121.1067, 14.726935], [121.105892, 14.726935], [121.105892, 14.728013], [121.106161, 14.728013], [121.106161, 14.728821], [121.105353, 14.728821], [121.105353, 14.729091], [121.105083, 14.729091], [121.105083, 14.72963], [121.105892, 14.72963], [121.105892, 14.729899], [121.106161, 14.729899], [121.106161, 14.730169], [121.107509, 14.730169], [121.107509, 14.729899], [121.107778, 14.729899], [121.107778, 14.72963], [121.108587, 14.72963], [121.108587, 14.729899], [121.109126, 14.729899], [121.109126, 14.730169], [121.110204, 14.730169], [121.110204, 14.729899], [121.111012, 14.729899], [121.111012, 14.730169], [121.111282, 14.730169], [121.111282, 14.730438], [121.113168, 14.730438], [121.113168, 14.730708], [121.113438, 14.730708], [121.113438, 14.730977], [121.113977, 14.730977], [121.113977, 14.731247], [121.113707, 14.731247], [121.113707, 14.731516], [121.11209, 14.731516], [121.11209, 14.731247], [121.110743, 14.731247], [121.110743, 14.731516], [121.110204, 14.731516], [121.110204, 14.731786], [121.108587, 14.731786], [121.108587, 14.731516], [121.10697, 14.731516], [121.10697, 14.731786], [121.1067, 14.731786], [121.1067, 14.733133], [121.10697, 14.733133], [121.10697, 14.733672], [121.107239, 14.733672], [121.107239, 14.733942], [121.107778, 14.733942], [121.107778, 14.734211], [121.108048, 14.734211], [121.108048, 14.734481], [121.108587, 14.734481], [121.108587, 14.73475], [121.108856, 14.73475], [121.108856, 14.73502], [121.109395, 14.73502], [121.109395, 14.735289], [121.109665, 14.735289], [121.109665, 14.735828], [121.109934, 14.735828], [121.109934, 14.736367], [121.110204, 14.736367], [121.110204, 14.736637], [121.110473, 14.736637], [121.110473, 14.736906], [121.111012, 14.736906], [121.111012, 14.737176], [121.111282, 14.737176], [121.111282, 14.737715], [121.111551, 14.737715], [121.111551, 14.738254], [121.11209, 14.738254], [121.11209, 14.738523], [121.11236, 14.738523], [121.11236, 14.738254], [121.113168, 14.738254], [121.113168, 14.739601], [121.112899, 14.739601], [121.112899, 14.739871], [121.11236, 14.739871], [121.11236, 14.74014], [121.11209, 14.74014], [121.11209, 14.74041], [121.111821, 14.74041], [121.111821, 14.741218], [121.111551, 14.741218], [121.111551, 14.741757], [121.111012, 14.741757], [121.111012, 14.741488], [121.110743, 14.741488], [121.110743, 14.740949], [121.110473, 14.740949], [121.110473, 14.74041], [121.110204, 14.74041], [121.110204, 14.74014], [121.109934, 14.74014], [121.109934, 14.739601], [121.109665, 14.739601], [121.109665, 14.738523], [121.109395, 14.738523], [121.109395, 14.738254], [121.109126, 14.738254], [121.109126, 14.737984], [121.108587, 14.737984], [121.108587, 14.737715], [121.108317, 14.737715], [121.108317, 14.737445], [121.108048, 14.737445], [121.108048, 14.737176], [121.107239, 14.737176], [121.107239, 14.736906], [121.10697, 14.736906], [121.10697, 14.737176], [121.106431, 14.737176], [121.106431, 14.737445], [121.106161, 14.737445], [121.106161, 14.737715], [121.105892, 14.737715], [121.105892, 14.737984], [121.105622, 14.737984], [121.105622, 14.738254], [121.105353, 14.738254], [121.105353, 14.738793], [121.105083, 14.738793], [121.105083, 14.739062], [121.104814, 14.739062], [121.104814, 14.739601], [121.104544, 14.739601], [121.104544, 14.74014], [121.104275, 14.74014], [121.104275, 14.740679], [121.104005, 14.740679], [121.104005, 14.740949], [121.103736, 14.740949], [121.103736, 14.741757], [121.103466, 14.741757], [121.103466, 14.742835], [121.103197, 14.742835], [121.103197, 14.743105], [121.102927, 14.743105], [121.102927, 14.743374], [121.102658, 14.743374], [121.102658, 14.744722], [121.102927, 14.744722], [121.102927, 14.744991], [121.103197, 14.744991], [121.103197, 14.74553], [121.103466, 14.74553], [121.103466, 14.7458], [121.103736, 14.7458], [121.103736, 14.746069], [121.104005, 14.746069], [121.104005, 14.746339], [121.104275, 14.746339], [121.104275, 14.746878], [121.104544, 14.746878], [121.104544, 14.747147], [121.104814, 14.747147], [121.104814, 14.747417], [121.105083, 14.747417], [121.105083, 14.747686], [121.106161, 14.747686], [121.106161, 14.747956], [121.106431, 14.747956], [121.106431, 14.748225], [121.1067, 14.748225], [121.1067, 14.749034], [121.106431, 14.749034], [121.106431, 14.749303], [121.105622, 14.749303], [121.105622, 14.749573], [121.105353, 14.749573], [121.105353, 14.749842], [121.105083, 14.749842], [121.105083, 14.750112], [121.104275, 14.750112], [121.104275, 14.749573], [121.104005, 14.749573], [121.104005, 14.748225], [121.103736, 14.748225], [121.103736, 14.747686], [121.103466, 14.747686], [121.103466, 14.747417], [121.103197, 14.747417], [121.103197, 14.747147], [121.102927, 14.747147], [121.102927, 14.746878], [121.102388, 14.746878], [121.102388, 14.746608], [121.102119, 14.746608], [121.102119, 14.746339], [121.101849, 14.746339], [121.101849, 14.746069], [121.10158, 14.746069], [121.10158, 14.7458], [121.10131, 14.7458], [121.10131, 14.744722], [121.101041, 14.744722], [121.101041, 14.744452], [121.10131, 14.744452], [121.10131, 14.743913], [121.10158, 14.743913], [121.10158, 14.743644], [121.101849, 14.743644], [121.101849, 14.742566], [121.100771, 14.742566], [121.100771, 14.743644], [121.100502, 14.743644], [121.100502, 14.743913], [121.099693, 14.743913], [121.099693, 14.743644], [121.099424, 14.743644], [121.099424, 14.743374], [121.099154, 14.743374], [121.099154, 14.743105], [121.099424, 14.743105], [121.099424, 14.742027], [121.099693, 14.742027], [121.099693, 14.741757], [121.099963, 14.741757], [121.099963, 14.741488], [121.100232, 14.741488], [121.100232, 14.740949], [121.100502, 14.740949], [121.100502, 14.739332], [121.100232, 14.739332], [121.100232, 14.739062], [121.100502, 14.739062], [121.100502, 14.738793], [121.100771, 14.738793], [121.100771, 14.738523], [121.10131, 14.738523], [121.10131, 14.738254], [121.10158, 14.738254], [121.10158, 14.737984], [121.101849, 14.737984], [121.101849, 14.737445], [121.102119, 14.737445], [121.102119, 14.736906], [121.102388, 14.736906], [121.102388, 14.736637], [121.102658, 14.736637], [121.102658, 14.736367], [121.102927, 14.736367], [121.102927, 14.736098], [121.103466, 14.736098], [121.103466, 14.735828], [121.103736, 14.735828], [121.103736, 14.735559], [121.104005, 14.735559], [121.104005, 14.73502], [121.102927, 14.73502], [121.102927, 14.735289], [121.102388, 14.735289], [121.102388, 14.735559], [121.101849, 14.735559], [121.101849, 14.735828], [121.10158, 14.735828], [121.10158, 14.736098], [121.100771, 14.736098], [121.100771, 14.735828], [121.100502, 14.735828], [121.100502, 14.735289], [121.100232, 14.735289], [121.100232, 14.734211], [121.099963, 14.734211], [121.099963, 14.733942], [121.099693, 14.733942], [121.099693, 14.733672], [121.099424, 14.733672], [121.099424, 14.732864], [121.099693, 14.732864], [121.099693, 14.732594], [121.100232, 14.732594], [121.100232, 14.732325], [121.100502, 14.732325], [121.100502, 14.732055], [121.100771, 14.732055], [121.100771, 14.731786], [121.101041, 14.731786], [121.101041, 14.731516], [121.100771, 14.731516], [121.100771, 14.730977], [121.100502, 14.730977], [121.100502, 14.730708], [121.099963, 14.730708], [121.099963, 14.730977], [121.099424, 14.730977], [121.099424, 14.731247], [121.099154, 14.731247], [121.099154, 14.731516], [121.098346, 14.731516], [121.098346, 14.731247], [121.098076, 14.731247], [121.098076, 14.72936], [121.096998, 14.72936], [121.096998, 14.729091], [121.09592, 14.729091], [121.09592, 14.728283], [121.095112, 14.728283], [121.095112, 14.729091], [121.095381, 14.729091], [121.095381, 14.72963], [121.095651, 14.72963], [121.095651, 14.730438], [121.09592, 14.730438], [121.09592, 14.730708], [121.09619, 14.730708], [121.09619, 14.730977], [121.096459, 14.730977], [121.096459, 14.731786], [121.09619, 14.731786], [121.09619, 14.732055], [121.09592, 14.732055], [121.09592, 14.732325], [121.095651, 14.732325], [121.095651, 14.732864], [121.095381, 14.732864], [121.095381, 14.733403], [121.095651, 14.733403], [121.095651, 14.733672], [121.09619, 14.733672], [121.09619, 14.733942], [121.096459, 14.733942], [121.096459, 14.734211], [121.096729, 14.734211], [121.096729, 14.734481], [121.096998, 14.734481], [121.096998, 14.73475], [121.097537, 14.73475], [121.097537, 14.73502], [121.098615, 14.73502], [121.098615, 14.735289], [121.098885, 14.735289], [121.098885, 14.735828], [121.098615, 14.735828], [121.098615, 14.736098], [121.096998, 14.736098], [121.096998, 14.735828], [121.096729, 14.735828], [121.096729, 14.735559], [121.095651, 14.735559], [121.095651, 14.735828], [121.095112, 14.735828], [121.095112, 14.736637], [121.095651, 14.736637], [121.095651, 14.736906], [121.09592, 14.736906], [121.09592, 14.737176], [121.096729, 14.737176], [121.096729, 14.737445], [121.097268, 14.737445], [121.097268, 14.737715], [121.097807, 14.737715], [121.097807, 14.738254], [121.097268, 14.738254], [121.097268, 14.738523], [121.096459, 14.738523], [121.096459, 14.74041], [121.09619, 14.74041], [121.09619, 14.740679], [121.09592, 14.740679], [121.09592, 14.740949], [121.095651, 14.740949], [121.095651, 14.741757], [121.094842, 14.741757], [121.094842, 14.741488], [121.094573, 14.741488], [121.094573, 14.741218], [121.094303, 14.741218], [121.094303, 14.740949], [121.094034, 14.740949], [121.094034, 14.740679], [121.093764, 14.740679], [121.093764, 14.739871], [121.093495, 14.739871], [121.093495, 14.739601], [121.092956, 14.739601], [121.092956, 14.739332], [121.092417, 14.739332], [121.092417, 14.739601], [121.092147, 14.739601], [121.092147, 14.739871], [121.091878, 14.739871], [121.091878, 14.74041], [121.092147, 14.74041], [121.092147, 14.741218], [121.092417, 14.741218], [121.092417, 14.744991], [121.092686, 14.744991], [121.092686, 14.745261], [121.092956, 14.745261], [121.092956, 14.74553], [121.093225, 14.74553], [121.093225, 14.7458], [121.093495, 14.7458], [121.093495, 14.746878], [121.093225, 14.746878], [121.093225, 14.747147], [121.092956, 14.747147], [121.092956, 14.747686], [121.092686, 14.747686], [121.092686, 14.748225], [121.092417, 14.748225], [121.092417, 14.748764], [121.092147, 14.748764], [121.092147, 14.749573], [121.091878, 14.749573], [121.091878, 14.749842], [121.091608, 14.749842], [121.091608, 14.750112], [121.091339, 14.750112], [121.091339, 14.750381], [121.091069, 14.750381], [121.091069, 14.750651], [121.0908, 14.750651], [121.0908, 14.751459], [121.091069, 14.751459], [121.091069, 14.752807], [121.0908, 14.752807], [121.0908, 14.753346], [121.090531, 14.753346], [121.090531, 14.753615], [121.090261, 14.753615], [121.090261, 14.753884], [121.089722, 14.753884], [121.089722, 14.754154], [121.089453, 14.754154], [121.089453, 14.754423], [121.089183, 14.754423], [121.089183, 14.754693], [121.088914, 14.754693], [121.088914, 14.755501], [121.088644, 14.755501], [121.088644, 14.755771], [121.088105, 14.755771], [121.088105, 14.756238], [121.088294, 14.757538], [121.097992, 14.758951]], [[121.141734, 14.767629], [121.141734, 14.768168], [121.142004, 14.768168], [121.142004, 14.768976], [121.142273, 14.768976], [121.142273, 14.770324], [121.142543, 14.770324], [121.142543, 14.771132], [121.142812, 14.771132], [121.142812, 14.77248], [121.142543, 14.77248], [121.142543, 14.773827], [121.142812, 14.773827], [121.142812, 14.776253], [121.143082, 14.776253], [121.143082, 14.776522], [121.142812, 14.776522], [121.142812, 14.776792], [121.143082, 14.776792], [121.143082, 14.777331], [121.143351, 14.777331], [121.143351, 14.7776], [121.14389, 14.7776], [121.14389, 14.77787], [121.144429, 14.77787], [121.144429, 14.778678], [121.143351, 14.778678], [121.143351, 14.778947], [121.143082, 14.778947], [121.143082, 14.779217], [121.142543, 14.779217], [121.142543, 14.778947], [121.142273, 14.778947], [121.142273, 14.778139], [121.142004, 14.778139], [121.142004, 14.77787], [121.140926, 14.77787], [121.140926, 14.7776], [121.140657, 14.7776], [121.140657, 14.777061], [121.140387, 14.777061], [121.140387, 14.775444], [121.140926, 14.775444], [121.140926, 14.775175], [121.141195, 14.775175], [121.141195, 14.773827], [121.140926, 14.773827], [121.140926, 14.77248], [121.140118, 14.77248], [121.140118, 14.77221], [121.139848, 14.77221], [121.139848, 14.771941], [121.139579, 14.771941], [121.139579, 14.771671], [121.139309, 14.771671], [121.139309, 14.771402], [121.13904, 14.771402], [121.13904, 14.770863], [121.13877, 14.770863], [121.13877, 14.770593], [121.13904, 14.770593], [121.13904, 14.770324], [121.139309, 14.770324], [121.139309, 14.769785], [121.139579, 14.769785], [121.139579, 14.770054], [121.140118, 14.770054], [121.140118, 14.770324], [121.141195, 14.770324], [121.141195, 14.768707], [121.140926, 14.768707], [121.140926, 14.768168], [121.141195, 14.768168], [121.141195, 14.767629], [121.141734, 14.767629]], [[121.199676, 14.709148], [121.199945, 14.709148], [121.199945, 14.710496], [121.199676, 14.710496], [121.199676, 14.711574], [121.199406, 14.711574], [121.199406, 14.712113], [121.199137, 14.712113], [121.199137, 14.712652], [121.198867, 14.712652], [121.198867, 14.713191], [121.198598, 14.713191], [121.198598, 14.71373], [121.198328, 14.71373], [121.198328, 14.714269], [121.198059, 14.714269], [121.198059, 14.714808], [121.197789, 14.714808], [121.197789, 14.716155], [121.198059, 14.716155], [121.198059, 14.716964], [121.198328, 14.716964], [121.198328, 14.717233], [121.198598, 14.717233], [121.198598, 14.717772], [121.198867, 14.717772], [121.198867, 14.720198], [121.198598, 14.720198], [121.198598, 14.721276], [121.198867, 14.721276], [121.198867, 14.722354], [121.198059, 14.722354], [121.198059, 14.722623], [121.19725, 14.722623], [121.19725, 14.722893], [121.196711, 14.722893], [121.196711, 14.722354], [121.196981, 14.722354], [121.196981, 14.721815], [121.19725, 14.721815], [121.19725, 14.721545], [121.19752, 14.721545], [121.19752, 14.721006], [121.197789, 14.721006], [121.197789, 14.71912], [121.19725, 14.71912], [121.19725, 14.71885], [121.196981, 14.71885], [121.196981, 14.718581], [121.196711, 14.718581], [121.196711, 14.718042], [121.196442, 14.718042], [121.196442, 14.716964], [121.196172, 14.716964], [121.196172, 14.716694], [121.196442, 14.716694], [121.196442, 14.71373], [121.196711, 14.71373], [121.196711, 14.712652], [121.196981, 14.712652], [121.196981, 14.712113], [121.19725, 14.712113], [121.19725, 14.711843], [121.19752, 14.711843], [121.19752, 14.711574], [121.197789, 14.711574], [121.197789, 14.711304], [121.198059, 14.711304], [121.198059, 14.711035], [121.198328, 14.711035], [121.198328, 14.710765], [121.198598, 14.710765], [121.198598, 14.709687], [121.198328, 14.709687], [121.198328, 14.70834], [121.198598, 14.70834], [121.198598, 14.708609], [121.198867, 14.708609], [121.198867, 14.708879], [121.199137, 14.708879], [121.199137, 14.709148], [121.199406, 14.709148], [121.199406, 14.709418], [121.199676, 14.709418], [121.199676, 14.709148]], [[121.174074, 14.74041], [121.174343, 14.74041], [121.174343, 14.74014], [121.175421, 14.74014], [121.175421, 14.739871], [121.17596, 14.739871], [121.17596, 14.74014], [121.176499, 14.74014], [121.176499, 14.740679], [121.176769, 14.740679], [121.176769, 14.740949], [121.177038, 14.740949], [121.177038, 14.741757], [121.176769, 14.741757], [121.176769, 14.742027], [121.176499, 14.742027], [121.176499, 14.742566], [121.17623, 14.742566], [121.17623, 14.743105], [121.176499, 14.743105], [121.176499, 14.744183], [121.17623, 14.744183], [121.17623, 14.74553], [121.17596, 14.74553], [121.17596, 14.746069], [121.175691, 14.746069], [121.175691, 14.746608], [121.175421, 14.746608], [121.175421, 14.746878], [121.175152, 14.746878], [121.175152, 14.747686], [121.174882, 14.747686], [121.174882, 14.749573], [121.174613, 14.749573], [121.174613, 14.749842], [121.172457, 14.749842], [121.172457, 14.750112], [121.171648, 14.750112], [121.171648, 14.750381], [121.17057, 14.750381], [121.17057, 14.750112], [121.170031, 14.750112], [121.170031, 14.749842], [121.169762, 14.749842], [121.169762, 14.749303], [121.169223, 14.749303], [121.169223, 14.748764], [121.168953, 14.748764], [121.168953, 14.748225], [121.168684, 14.748225], [121.168684, 14.747956], [121.168953, 14.747956], [121.168953, 14.747686], [121.168684, 14.747686], [121.168684, 14.7458], [121.168953, 14.7458], [121.168953, 14.74553], [121.169223, 14.74553], [121.169223, 14.745261], [121.169492, 14.745261], [121.169492, 14.744991], [121.169762, 14.744991], [121.169762, 14.743644], [121.170031, 14.743644], [121.170031, 14.743374], [121.170301, 14.743374], [121.170301, 14.743105], [121.17057, 14.743105], [121.17057, 14.742566], [121.17084, 14.742566], [121.17084, 14.742296], [121.171109, 14.742296], [121.171109, 14.742027], [121.171648, 14.742027], [121.171648, 14.741757], [121.173265, 14.741757], [121.173265, 14.741488], [121.173535, 14.741488], [121.173535, 14.741218], [121.173804, 14.741218], [121.173804, 14.740949], [121.174074, 14.740949], [121.174074, 14.74041]], [[121.173265, 14.759813], [121.173265, 14.760083], [121.173804, 14.760083], [121.173804, 14.760352], [121.174343, 14.760352], [121.174343, 14.760622], [121.175152, 14.760622], [121.175152, 14.760891], [121.175421, 14.760891], [121.175421, 14.761161], [121.17623, 14.761161], [121.17623, 14.76143], [121.176769, 14.76143], [121.176769, 14.7617], [121.177038, 14.7617], [121.177038, 14.761969], [121.177577, 14.761969], [121.177577, 14.762239], [121.177847, 14.762239], [121.177847, 14.762508], [121.178655, 14.762508], [121.178655, 14.762778], [121.178925, 14.762778], [121.178925, 14.763047], [121.179194, 14.763047], [121.179194, 14.763317], [121.179464, 14.763317], [121.179464, 14.763586], [121.180003, 14.763586], [121.180003, 14.763856], [121.180542, 14.763856], [121.180542, 14.763586], [121.18135, 14.763586], [121.18135, 14.763317], [121.18162, 14.763317], [121.18162, 14.763047], [121.181889, 14.763047], [121.181889, 14.762778], [121.182159, 14.762778], [121.182159, 14.762508], [121.182428, 14.762508], [121.182428, 14.761161], [121.182967, 14.761161], [121.182967, 14.760891], [121.183237, 14.760891], [121.183237, 14.760352], [121.183506, 14.760352], [121.183506, 14.759274], [121.184584, 14.759274], [121.184584, 14.760352], [121.184854, 14.760352], [121.184854, 14.760622], [121.185123, 14.760622], [121.185123, 14.760352], [121.185662, 14.760352], [121.185662, 14.760083], [121.185932, 14.760083], [121.185932, 14.76143], [121.186201, 14.76143], [121.186201, 14.7617], [121.186471, 14.7617], [121.186471, 14.761969], [121.18674, 14.761969], [121.18674, 14.762239], [121.18701, 14.762239], [121.18701, 14.763047], [121.186201, 14.763047], [121.186201, 14.762778], [121.185932, 14.762778], [121.185932, 14.762239], [121.185393, 14.762239], [121.185393, 14.761969], [121.185123, 14.761969], [121.185123, 14.762239], [121.184584, 14.762239], [121.184584, 14.762778], [121.184315, 14.762778], [121.184315, 14.764125], [121.184045, 14.764125], [121.184045, 14.764664], [121.182967, 14.764664], [121.182967, 14.764395], [121.180811, 14.764395], [121.180811, 14.764664], [121.180542, 14.764664], [121.180542, 14.764934], [121.180272, 14.764934], [121.180272, 14.765203], [121.180811, 14.765203], [121.180811, 14.765473], [121.181081, 14.765473], [121.181081, 14.766012], [121.18162, 14.766012], [121.18162, 14.766551], [121.181889, 14.766551], [121.181889, 14.76682], [121.182159, 14.76682], [121.182159, 14.76709], [121.182428, 14.76709], [121.182428, 14.767629], [121.182698, 14.767629], [121.182698, 14.768168], [121.182428, 14.768168], [121.182428, 14.768437], [121.182159, 14.768437], [121.182159, 14.768707], [121.181889, 14.768707], [121.181889, 14.768976], [121.181081, 14.768976], [121.181081, 14.769246], [121.180542, 14.769246], [121.180542, 14.769515], [121.180272, 14.769515], [121.180272, 14.770054], [121.180003, 14.770054], [121.180003, 14.770324], [121.179464, 14.770324], [121.179464, 14.770054], [121.179194, 14.770054], [121.179194, 14.769785], [121.178925, 14.769785], [121.178925, 14.769515], [121.177308, 14.769515], [121.177308, 14.768976], [121.177038, 14.768976], [121.177038, 14.768707], [121.176769, 14.768707], [121.176769, 14.768168], [121.176499, 14.768168], [121.176499, 14.766551], [121.17623, 14.766551], [121.17623, 14.766012], [121.17596, 14.766012], [121.17596, 14.765742], [121.175691, 14.765742], [121.175691, 14.765473], [121.175421, 14.765473], [121.175421, 14.765203], [121.174882, 14.765203], [121.174882, 14.765473], [121.174074, 14.765473], [121.174074, 14.765203], [121.173804, 14.765203], [121.173804, 14.764934], [121.173535, 14.764934], [121.173535, 14.763856], [121.173265, 14.763856], [121.173265, 14.762239], [121.172996, 14.762239], [121.172996, 14.761969], [121.171648, 14.761969], [121.171648, 14.762239], [121.171379, 14.762239], [121.171379, 14.761969], [121.171109, 14.761969], [121.171109, 14.760891], [121.171379, 14.760891], [121.171379, 14.760352], [121.171648, 14.760352], [121.171648, 14.760083], [121.171918, 14.760083], [121.171918, 14.759813], [121.172187, 14.759813], [121.172187, 14.759274], [121.172726, 14.759274], [121.172726, 14.759544], [121.172996, 14.759544], [121.172996, 14.759813], [121.173265, 14.759813]], [[121.19186, 14.762508], [121.19213, 14.762508], [121.19213, 14.762778], [121.192399, 14.762778], [121.192399, 14.763047], [121.192669, 14.763047], [121.192669, 14.763317], [121.192938, 14.763317], [121.192938, 14.763586], [121.193477, 14.763586], [121.193477, 14.763856], [121.193747, 14.763856], [121.193747, 14.764125], [121.194016, 14.764125], [121.194016, 14.764395], [121.194286, 14.764395], [121.194286, 14.764664], [121.194555, 14.764664], [121.194555, 14.764934], [121.194825, 14.764934], [121.194825, 14.765203], [121.195633, 14.765203], [121.195633, 14.765473], [121.195903, 14.765473], [121.195903, 14.765742], [121.196172, 14.765742], [121.196172, 14.766551], [121.195903, 14.766551], [121.195903, 14.767359], [121.196172, 14.767359], [121.196172, 14.767898], [121.196981, 14.767898], [121.196981, 14.767629], [121.19752, 14.767629], [121.19752, 14.767359], [121.197789, 14.767359], [121.197789, 14.76682], [121.198059, 14.76682], [121.198059, 14.766551], [121.198598, 14.766551], [121.198598, 14.766281], [121.199945, 14.766281], [121.199945, 14.766551], [121.200215, 14.766551], [121.200215, 14.76682], [121.200484, 14.76682], [121.200484, 14.76709], [121.200754, 14.76709], [121.200754, 14.767629], [121.201293, 14.767629], [121.201293, 14.767898], [121.202101, 14.767898], [121.202101, 14.768168], [121.202371, 14.768168], [121.202371, 14.768707], [121.202101, 14.768707], [121.202101, 14.768976], [121.201293, 14.768976], [121.201293, 14.768707], [121.200754, 14.768707], [121.200754, 14.768437], [121.200484, 14.768437], [121.200484, 14.768168], [121.200215, 14.768168], [121.200215, 14.767898], [121.199945, 14.767898], [121.199945, 14.767629], [121.199676, 14.767629], [121.199676, 14.767359], [121.198867, 14.767359], [121.198867, 14.767629], [121.198598, 14.767629], [121.198598, 14.767898], [121.198328, 14.767898], [121.198328, 14.768168], [121.198059, 14.768168], [121.198059, 14.768437], [121.197789, 14.768437], [121.197789, 14.768707], [121.19725, 14.768707], [121.19725, 14.768976], [121.196981, 14.768976], [121.196981, 14.769246], [121.196172, 14.769246], [121.196172, 14.769515], [121.195633, 14.769515], [121.195633, 14.769246], [121.195364, 14.769246], [121.195364, 14.768976], [121.195094, 14.768976], [121.195094, 14.768707], [121.194825, 14.768707], [121.194825, 14.767898], [121.194555, 14.767898], [121.194555, 14.766012], [121.194286, 14.766012], [121.194286, 14.765742], [121.194016, 14.765742], [121.194016, 14.765473], [121.192399, 14.765473], [121.192399, 14.765203], [121.191591, 14.765203], [121.191591, 14.764934], [121.191321, 14.764934], [121.191321, 14.764664], [121.191052, 14.764664], [121.191052, 14.764395], [121.190782, 14.764395], [121.190782, 14.764125], [121.190513, 14.764125], [121.190513, 14.763856], [121.190244, 14.763856], [121.190244, 14.763317], [121.189974, 14.763317], [121.189974, 14.762778], [121.189705, 14.762778], [121.189705, 14.762508], [121.189435, 14.762508], [121.189435, 14.762239], [121.189166, 14.762239], [121.189166, 14.761969], [121.188896, 14.761969], [121.188896, 14.76143], [121.189435, 14.76143], [121.189435, 14.761161], [121.189705, 14.761161], [121.189705, 14.76143], [121.190513, 14.76143], [121.190513, 14.7617], [121.191052, 14.7617], [121.191052, 14.761969], [121.191321, 14.761969], [121.191321, 14.762239], [121.19186, 14.762239], [121.19186, 14.762508]]], [[[121.029355, 14.55904], [121.028816, 14.55904], [121.028816, 14.55877], [121.028008, 14.55877], [121.028008, 14.558501], [121.027738, 14.558501], [121.027738, 14.558231], [121.027469, 14.558231], [121.027469, 14.557692], [121.02693, 14.557692], [121.02693, 14.557153], [121.026121, 14.557153], [121.026121, 14.557692], [121.026391, 14.557692], [121.026391, 14.557962], [121.02666, 14.557962], [121.02666, 14.558231], [121.026391, 14.558231], [121.026391, 14.558501], [121.025852, 14.558501], [121.025852, 14.558231], [121.025582, 14.558231], [121.025582, 14.557962], [121.025313, 14.557962], [121.025313, 14.557692], [121.025043, 14.557692], [121.025043, 14.557962], [121.024774, 14.557962], [121.024774, 14.557423], [121.024504, 14.557423], [121.024504, 14.557153], [121.023965, 14.557153], [121.023965, 14.556345], [121.023426, 14.556345], [121.023426, 14.556075], [121.023157, 14.556075], [121.023157, 14.555267], [121.024235, 14.555267], [121.024235, 14.554997], [121.024504, 14.554997], [121.024504, 14.554728], [121.025043, 14.554728], [121.025043, 14.554189], [121.024774, 14.554189], [121.024774, 14.55392], [121.025582, 14.55392], [121.025582, 14.554458], [121.02666, 14.554458], [121.02666, 14.554189], [121.02693, 14.554189], [121.02693, 14.55392], [121.027199, 14.55392], [121.027199, 14.55365], [121.027469, 14.55365], [121.027469, 14.553381], [121.027738, 14.553381], [121.027738, 14.553111], [121.028008, 14.553111], [121.028008, 14.552842], [121.028547, 14.552842], [121.028547, 14.552572], [121.028816, 14.552572], [121.028816, 14.552303], [121.029086, 14.552303], [121.029086, 14.552033], [121.029355, 14.552033], [121.029355, 14.550955], [121.028277, 14.550955], [121.028277, 14.551225], [121.028008, 14.551225], [121.028008, 14.551494], [121.027469, 14.551494], [121.027469, 14.552033], [121.02693, 14.552033], [121.02693, 14.552572], [121.026391, 14.552572], [121.026391, 14.552842], [121.026121, 14.552842], [121.026121, 14.553111], [121.025852, 14.553111], [121.025852, 14.553381], [121.025313, 14.553381], [121.025313, 14.55365], [121.024504, 14.55365], [121.024504, 14.553381], [121.024235, 14.553381], [121.024235, 14.553111], [121.023965, 14.553111], [121.023965, 14.553381], [121.023426, 14.553381], [121.023426, 14.553111], [121.023157, 14.553111], [121.023157, 14.553381], [121.02127, 14.553381], [121.02127, 14.55392], [121.020731, 14.55392], [121.020731, 14.554189], [121.020192, 14.554189], [121.020192, 14.554458], [121.019923, 14.554458], [121.019923, 14.554728], [121.019653, 14.554728], [121.019653, 14.554997], [121.019384, 14.554997], [121.019384, 14.555267], [121.019114, 14.555267], [121.019114, 14.555536], [121.018845, 14.555536], [121.018845, 14.556884], [121.018575, 14.556884], [121.018575, 14.557153], [121.018036, 14.557153], [121.018036, 14.557423], [121.017497, 14.557423], [121.017497, 14.557962], [121.017228, 14.557962], [121.017228, 14.558231], [121.016958, 14.558231], [121.016958, 14.558501], [121.016689, 14.558501], [121.016689, 14.55877], [121.01615, 14.55877], [121.01615, 14.559309], [121.015611, 14.559309], [121.015611, 14.560387], [121.015342, 14.560387], [121.015342, 14.560657], [121.015072, 14.560657], [121.015072, 14.560926], [121.014803, 14.560926], [121.014803, 14.561196], [121.014533, 14.561196], [121.014533, 14.560926], [121.013994, 14.560926], [121.013994, 14.560657], [121.013725, 14.560657], [121.013725, 14.560118], [121.012916, 14.560118], [121.012916, 14.561196], [121.013455, 14.561196], [121.013455, 14.561465], [121.013725, 14.561465], [121.013725, 14.561196], [121.013994, 14.561196], [121.013994, 14.561465], [121.014533, 14.561465], [121.014533, 14.561735], [121.016689, 14.561735], [121.016689, 14.561465], [121.017228, 14.561465], [121.017228, 14.561735], [121.018036, 14.561735], [121.018036, 14.562004], [121.018306, 14.562004], [121.018306, 14.562274], [121.019923, 14.562274], [121.019923, 14.562004], [121.021001, 14.562004], [121.021001, 14.562274], [121.021809, 14.562274], [121.021809, 14.562004], [121.024504, 14.562004], [121.024504, 14.562274], [121.026391, 14.562274], [121.026391, 14.562004], [121.02666, 14.562004], [121.02666, 14.562274], [121.02693, 14.562274], [121.02693, 14.562004], [121.028008, 14.562004], [121.028008, 14.561735], [121.028277, 14.561735], [121.028277, 14.561465], [121.028547, 14.561465], [121.028547, 14.560657], [121.028816, 14.560657], [121.028816, 14.560387], [121.029355, 14.560387], [121.029355, 14.559848], [121.029894, 14.559848], [121.029894, 14.559579], [121.029625, 14.559579], [121.029625, 14.559309], [121.029355, 14.559309], [121.029355, 14.55904]]], [[[121.059269, 14.583025], [121.059269, 14.583294], [121.059539, 14.583294], [121.059539, 14.583564], [121.060078, 14.583564], [121.060078, 14.583833], [121.060347, 14.583833], [121.060347, 14.584103], [121.060617, 14.584103], [121.060617, 14.584642], [121.060078, 14.584642], [121.060078, 14.585181], [121.059808, 14.585181], [121.059808, 14.585989], [121.060078, 14.585989], [121.060078, 14.586259], [121.059808, 14.586259], [121.059808, 14.586528], [121.059, 14.586528], [121.059, 14.586798], [121.057922, 14.586798], [121.057922, 14.586528], [121.057383, 14.586528], [121.057383, 14.587067], [121.057652, 14.587067], [121.057652, 14.587606], [121.057922, 14.587606], [121.057922, 14.588145], [121.058461, 14.588145], [121.058461, 14.587606], [121.05873, 14.587606], [121.05873, 14.588145], [121.059, 14.588145], [121.059, 14.587876], [121.059269, 14.587876], [121.059269, 14.588415], [121.059539, 14.588415], [121.059539, 14.589223], [121.059269, 14.589223], [121.059269, 14.590571], [121.059, 14.590571], [121.059, 14.59084], [121.05873, 14.59084], [121.05873, 14.59111], [121.058191, 14.59111], [121.058191, 14.591649], [121.057922, 14.591649], [121.057922, 14.592188], [121.059269, 14.592188], [121.059269, 14.591649], [121.059539, 14.591649], [121.059539, 14.591379], [121.059269, 14.591379], [121.059269, 14.59084], [121.060886, 14.59084], [121.060886, 14.590571], [121.061425, 14.590571], [121.061425, 14.59084], [121.061695, 14.59084], [121.061695, 14.590571], [121.062234, 14.590571], [121.062234, 14.590301], [121.062503, 14.590301], [121.062503, 14.590032], [121.06412, 14.590032], [121.06412, 14.589762], [121.06439, 14.589762], [121.06439, 14.589493], [121.064659, 14.589493], [121.064659, 14.588954], [121.06439, 14.588954], [121.06439, 14.588684], [121.06412, 14.588684], [121.06412, 14.588415], [121.063851, 14.588415], [121.063851, 14.588145], [121.063312, 14.588145], [121.063312, 14.587876], [121.063581, 14.587876], [121.063581, 14.587606], [121.063851, 14.587606], [121.063851, 14.587337], [121.063581, 14.587337], [121.063581, 14.586798], [121.063312, 14.586798], [121.063312, 14.586528], [121.063581, 14.586528], [121.063581, 14.585989], [121.063312, 14.585989], [121.063312, 14.584642], [121.063581, 14.584642], [121.063581, 14.584372], [121.063851, 14.584372], [121.063851, 14.584103], [121.06412, 14.584103], [121.06412, 14.583025], [121.063851, 14.583025], [121.063851, 14.582755], [121.063581, 14.582755], [121.063581, 14.582486], [121.063312, 14.582486], [121.063312, 14.582216], [121.063042, 14.582216], [121.063042, 14.581947], [121.062773, 14.581947], [121.062773, 14.581677], [121.062234, 14.581677], [121.062234, 14.581408], [121.061425, 14.581408], [121.061425, 14.581138], [121.061156, 14.581138], [121.061156, 14.580869], [121.060886, 14.580869], [121.060886, 14.580599], [121.060347, 14.580599], [121.060347, 14.58006], [121.060078, 14.58006], [121.060078, 14.579521], [121.059808, 14.579521], [121.059808, 14.578983], [121.059539, 14.578983], [121.059539, 14.578713], [121.058461, 14.578713], [121.058461, 14.578983], [121.058191, 14.578983], [121.058191, 14.579252], [121.058461, 14.579252], [121.058461, 14.579521], [121.058191, 14.579521], [121.058191, 14.58006], [121.058461, 14.58006], [121.058461, 14.58033], [121.05873, 14.58033], [121.05873, 14.580869], [121.058461, 14.580869], [121.058461, 14.581138], [121.057922, 14.581138], [121.057922, 14.581408], [121.058191, 14.581408], [121.058191, 14.581677], [121.058461, 14.581677], [121.058461, 14.582216], [121.05873, 14.582216], [121.05873, 14.582486], [121.059, 14.582486], [121.059, 14.583025], [121.059269, 14.583025]]], [[[120.950393, 14.679234], [120.950393, 14.679504], [120.949854, 14.679504], [120.949854, 14.680043], [120.949585, 14.680043], [120.949585, 14.680312], [120.949315, 14.680312], [120.949315, 14.681121], [120.949046, 14.681121], [120.949046, 14.68166], [120.948776, 14.68166], [120.948776, 14.682199], [120.947968, 14.682199], [120.947968, 14.682468], [120.947698, 14.682468], [120.947698, 14.682738], [120.947429, 14.682738], [120.947429, 14.683007], [120.947698, 14.683007], [120.947698, 14.683546], [120.947968, 14.683546], [120.947968, 14.683816], [120.948237, 14.683816], [120.948237, 14.684085], [120.948507, 14.684085], [120.948507, 14.684355], [120.948776, 14.684355], [120.948776, 14.684624], [120.949046, 14.684624], [120.949046, 14.684894], [120.949585, 14.684894], [120.949585, 14.684355], [120.950124, 14.684355], [120.950124, 14.684085], [120.950663, 14.684085], [120.950663, 14.683816], [120.950932, 14.683816], [120.950932, 14.684085], [120.951471, 14.684085], [120.951471, 14.683816], [120.95201, 14.683816], [120.95201, 14.683277], [120.95228, 14.683277], [120.95228, 14.683007], [120.952819, 14.683007], [120.952819, 14.682468], [120.953088, 14.682468], [120.953088, 14.682199], [120.953358, 14.682199], [120.953358, 14.681929], [120.953897, 14.681929], [120.953897, 14.68166], [120.954166, 14.68166], [120.954166, 14.68139], [120.954436, 14.68139], [120.954436, 14.681121], [120.954705, 14.681121], [120.954705, 14.680582], [120.954436, 14.680582], [120.954436, 14.680312], [120.953088, 14.680312], [120.953088, 14.680043], [120.952819, 14.680043], [120.952819, 14.679504], [120.952549, 14.679504], [120.952549, 14.678696], [120.95228, 14.678696], [120.95228, 14.678965], [120.95201, 14.678965], [120.95201, 14.678696], [120.951741, 14.678696], [120.951741, 14.678965], [120.950663, 14.678965], [120.950663, 14.679234], [120.950393, 14.679234]]]]}}, {"type": "Feature", "properties": {"area_id": "pasig-marikina-tullahan__down", "name": "Pasig-Marikina-Tullahan River Basin (downstream)", "study_type": "river_basin", "zone": "down", "area_ha": 37668.0, "version": 1}, "geometry": {"type": "MultiPolygon", "coordinates": [[[[121.031124, 14.541097], [121.027208, 14.538065], [121.02279, 14.536933], [121.01875, 14.533802], [121.01471, 14.536933], [121.010291, 14.538065], [121.006376, 14.541097], [121.001957, 14.542234], [120.993877, 14.549431], [120.987237, 14.551139], [120.991099, 14.556124], [120.992236, 14.567415], [120.988067, 14.572788], [120.986934, 14.577212], [120.978582, 14.58658], [120.97279, 14.588069], [120.967635, 14.592065], [120.966667, 14.595833], [120.964242, 14.595481], [120.960759, 14.59202], [120.958333, 14.591668], [120.943021, 14.592337], [120.941023, 14.596154], [120.945192, 14.602031], [120.946708, 14.616915], [120.95329, 14.612251], [120.954811, 14.627136], [120.95832, 14.632085], [120.950962, 14.634297], [120.949036, 14.6407], [120.942914, 14.642546], [120.941023, 14.646154], [120.945232, 14.652089], [120.933978, 14.66453], [120.932689, 14.668802], [120.921474, 14.681198], [120.92019, 14.68547], [120.91669, 14.690406], [120.910367, 14.69231], [120.901208, 14.700149], [120.899357, 14.706303], [120.896477, 14.710365], [120.895834, 14.712501], [120.899999, 14.712501], [120.903807, 14.713589], [120.916048, 14.727006], [120.917617, 14.737766], [120.922839, 14.733949], [120.928805, 14.732246], [120.94105, 14.718828], [120.942664, 14.713179], [120.965856, 14.711814], [120.967283, 14.702008], [120.970217, 14.697995], [120.971991, 14.691779], [120.977008, 14.688118], [120.985494, 14.686883], [120.990452, 14.683258], [120.992824, 14.691552], [120.997841, 14.695217], [121.00387, 14.696938], [121.011883, 14.706173], [121.013234, 14.720032], [121.018674, 14.724384], [121.024885, 14.726159], [121.028551, 14.731171], [121.029933, 14.740696], [121.033335, 14.741668], [121.039658, 14.741048], [121.045366, 14.736883], [121.06466, 14.738118], [121.067893, 14.740478], [121.067893, 14.74041], [121.068162, 14.74041], [121.068162, 14.74014], [121.068432, 14.74014], [121.068432, 14.739871], [121.06924, 14.739871], [121.06924, 14.739601], [121.06951, 14.739601], [121.06951, 14.739332], [121.069779, 14.739332], [121.069779, 14.739062], [121.070049, 14.739062], [121.070049, 14.738523], [121.069779, 14.738523], [121.069779, 14.738254], [121.06924, 14.738254], [121.06924, 14.738523], [121.068701, 14.738523], [121.068701, 14.738793], [121.066815, 14.738793], [121.066815, 14.738523], [121.066545, 14.738523], [121.066545, 14.736367], [121.065198, 14.736367], [121.065198, 14.736098], [121.064929, 14.736098], [121.064929, 14.735289], [121.065198, 14.735289], [121.065198, 14.73502], [121.065737, 14.73502], [121.065737, 14.73475], [121.067354, 14.73475], [121.067354, 14.734481], [121.067893, 14.734481], [121.067893, 14.734211], [121.068432, 14.734211], [121.068432, 14.733942], [121.06924, 14.733942], [121.06924, 14.733672], [121.06951, 14.733672], [121.06951, 14.733403], [121.070049, 14.733403], [121.070049, 14.733133], [121.070318, 14.733133], [121.070318, 14.732864], [121.070857, 14.732864], [121.070857, 14.733133], [121.071127, 14.733133], [121.071127, 14.733403], [121.071396, 14.733403], [121.071396, 14.733672], [121.071666, 14.733672], [121.071666, 14.735559], [121.073822, 14.735559], [121.073822, 14.735289], [121.074091, 14.735289], [121.074091, 14.73502], [121.074361, 14.73502], [121.074361, 14.73475], [121.0749, 14.73475], [121.0749, 14.734481], [121.075439, 14.734481], [121.075439, 14.73475], [121.076247, 14.73475], [121.076247, 14.73502], [121.077595, 14.73502], [121.077595, 14.73475], [121.077864, 14.73475], [121.077864, 14.734211], [121.078134, 14.734211], [121.078134, 14.733672], [121.078403, 14.733672], [121.078403, 14.733133], [121.078673, 14.733133], [121.078673, 14.732864], [121.079481, 14.732864], [121.079481, 14.73475], [121.079212, 14.73475], [121.079212, 14.735289], [121.078942, 14.735289], [121.078942, 14.736637], [121.079212, 14.736637], [121.079212, 14.736906], [121.079751, 14.736906], [121.079751, 14.737176], [121.080559, 14.737176], [121.080559, 14.737445], [121.081637, 14.737445], [121.081637, 14.737176], [121.081907, 14.737176], [121.081907, 14.736906], [121.083254, 14.736906], [121.083254, 14.737176], [121.083793, 14.737176], [121.083793, 14.737445], [121.084063, 14.737445], [121.084063, 14.737715], [121.084332, 14.737715], [121.084332, 14.737984], [121.084063, 14.737984], [121.084063, 14.738254], [121.083793, 14.738254], [121.083793, 14.738523], [121.083254, 14.738523], [121.083254, 14.738793], [121.082985, 14.738793], [121.082985, 14.739062], [121.082715, 14.739062], [121.082715, 14.739332], [121.082176, 14.739332], [121.082176, 14.739601], [121.081637, 14.739601], [121.081637, 14.739871], [121.081907, 14.739871], [121.081907, 14.74014], [121.082176, 14.74014], [121.082176, 14.74041], [121.082446, 14.74041], [121.082446, 14.740679], [121.082715, 14.740679], [121.082715, 14.740949], [121.082985, 14.740949], [121.082985, 14.741757], [121.082446, 14.741757], [121.082446, 14.742027], [121.082176, 14.742027], [121.082176, 14.742296], [121.081907, 14.742296], [121.081907, 14.742566], [121.081637, 14.742566], [121.081637, 14.743105], [121.081368, 14.743105], [121.081368, 14.743374], [121.080829, 14.743374], [121.080829, 14.743644], [121.079021, 14.743644], [121.081173, 14.745217], [121.086733, 14.746805], [121.088105, 14.756238], [121.088105, 14.755771], [121.088644, 14.755771], [121.088644, 14.755501], [121.088914, 14.755501], [121.088914, 14.754693], [121.089183, 14.754693], [121.089183, 14.754423], [121.089453, 14.754423], [121.089453, 14.754154], [121.089722, 14.754154], [121.089722, 14.753884], [121.090261, 14.753884], [121.090261, 14.753615], [121.090531, 14.753615], [121.090531, 14.753346], [121.0908, 14.753346], [121.0908, 14.752807], [121.091069, 14.752807], [121.091069, 14.751459], [121.0908, 14.751459], [121.0908, 14.750651], [121.091069, 14.750651], [121.091069, 14.750381], [121.091339, 14.750381], [121.091339, 14.750112], [121.091608, 14.750112], [121.091608, 14.749842], [121.091878, 14.749842], [121.091878, 14.749573], [121.092147, 14.749573], [121.092147, 14.748764], [121.092417, 14.748764], [121.092417, 14.748225], [121.092686, 14.748225], [121.092686, 14.747686], [121.092956, 14.747686], [121.092956, 14.747147], [121.093225, 14.747147], [121.093225, 14.746878], [121.093495, 14.746878], [121.093495, 14.7458], [121.093225, 14.7458], [121.093225, 14.74553], [121.092956, 14.74553], [121.092956, 14.745261], [121.092686, 14.745261], [121.092686, 14.744991], [121.092417, 14.744991], [121.092417, 14.741218], [121.092147, 14.741218], [121.092147, 14.74041], [121.091878, 14.74041], [121.091878, 14.739871], [121.092147, 14.739871], [121.092147, 14.739601], [121.092417, 14.739601], [121.092417, 14.739332], [121.092956, 14.739332], [121.092956, 14.739601], [121.093495, 14.739601], [121.093495, 14.739871], [121.093764, 14.739871], [121.093764, 14.740679], [121.094034, 14.740679], [121.094034, 14.740949], [121.094303, 14.740949], [121.094303, 14.741218], [121.094573, 14.741218], [121.094573, 14.741488], [121.094842, 14.741488], [121.094842, 14.741757], [121.095651, 14.741757], [121.095651, 14.740949], [121.09592, 14.740949], [121.09592, 14.740679], [121.09619, 14.740679], [121.09619, 14.74041], [121.096459, 14.74041], [121.096459, 14.738523], [121.097268, 14.738523], [121.097268, 14.738254], [121.097807, 14.738254], [121.097807, 14.737715], [121.097268, 14.737715], [121.097268, 14.737445], [121.096729, 14.737445], [121.096729, 14.737176], [121.09592, 14.737176], [121.09592, 14.736906], [121.095651, 14.736906], [121.095651, 14.736637], [121.095112, 14.736637], [121.095112, 14.735828], [121.095651, 14.735828], [121.095651, 14.735559], [121.096729, 14.735559], [121.096729, 14.735828], [121.096998, 14.735828], [121.096998, 14.736098], [121.098615, 14.736098], [121.098615, 14.735828], [121.098885, 14.735828], [121.098885, 14.735289], [121.098615, 14.735289], [121.098615, 14.73502], [121.097537, 14.73502], [121.097537, 14.73475], [121.096998, 14.73475], [121.096998, 14.734481], [121.096729, 14.734481], [121.096729, 14.734211], [121.096459, 14.734211], [121.096459, 14.733942], [121.09619, 14.733942], [121.09619, 14.733672], [121.095651, 14.733672], [121.095651, 14.733403], [121.095381, 14.733403], [121.095381, 14.732864], [121.095651, 14.732864], [121.095651, 14.732325], [121.09592, 14.732325], [121.09592, 14.732055], [121.09619, 14.732055], [121.09619, 14.731786], [121.096459, 14.731786], [121.096459, 14.730977], [121.09619, 14.730977], [121.09619, 14.730708], [121.09592, 14.730708], [121.09592, 14.730438], [121.095651, 14.730438], [121.095651, 14.72963], [121.095381, 14.72963], [121.095381, 14.729091], [121.095112, 14.729091], [121.095112, 14.728283], [121.09592, 14.728283], [121.09592, 14.729091], [121.096998, 14.729091], [121.096998, 14.72936], [121.098076, 14.72936], [121.098076, 14.731247], [121.098346, 14.731247], [121.098346, 14.731516], [121.099154, 14.731516], [121.099154, 14.731247], [121.099424, 14.731247], [121.099424, 14.730977], [121.099963, 14.730977], [121.099963, 14.730708], [121.100502, 14.730708], [121.100502, 14.730977], [121.100771, 14.730977], [121.100771, 14.731516], [121.101041, 14.731516], [121.101041, 14.731786], [121.100771, 14.731786], [121.100771, 14.732055], [121.100502, 14.732055], [121.100502, 14.732325], [121.100232, 14.732325], [121.100232, 14.732594], [121.099693, 14.732594], [121.099693, 14.732864], [121.099424, 14.732864], [121.099424, 14.733672], [121.099693, 14.733672], [121.099693, 14.733942], [121.099963, 14.733942], [121.099963, 14.734211], [121.100232, 14.734211], [121.100232, 14.735289], [121.100502, 14.735289], [121.100502, 14.735828], [121.100771, 14.735828], [121.100771, 14.736098], [121.10158, 14.736098], [121.10158, 14.735828], [121.101849, 14.735828], [121.101849, 14.735559], [121.102388, 14.735559], [121.102388, 14.735289], [121.102927, 14.735289], [121.102927, 14.73502], [121.104005, 14.73502], [121.104005, 14.735559], [121.103736, 14.735559], [121.103736, 14.735828], [121.103466, 14.735828], [121.103466, 14.736098], [121.102927, 14.736098], [121.102927, 14.736367], [121.102658, 14.736367], [121.102658, 14.736637], [121.102388, 14.736637], [121.102388, 14.736906], [121.102119, 14.736906], [121.102119, 14.737445], [121.101849, 14.737445], [121.101849, 14.737984], [121.10158, 14.737984], [121.10158, 14.738254], [121.10131, 14.738254], [121.10131, 14.738523], [121.100771, 14.738523], [121.100771, 14.738793], [121.100502, 14.738793], [121.100502, 14.739062], [121.100232, 14.739062], [121.100232, 14.739332], [121.100502, 14.739332], [121.100502, 14.740949], [121.100232, 14.740949], [121.100232, 14.741488], [121.099963, 14.741488], [121.099963, 14.741757], [121.099693, 14.741757], [121.099693, 14.742027], [121.099424, 14.742027], [121.099424, 14.743105], [121.099154, 14.743105], [121.099154, 14.743374], [121.099424, 14.743374], [121.099424, 14.743644], [121.099693, 14.743644], [121.099693, 14.743913], [121.100502, 14.743913], [121.100502, 14.743644], [121.100771, 14.743644], [121.100771, 14.742566], [121.101849, 14.742566], [121.101849, 14.743644], [121.10158, 14.743644], [121.10158, 14.743913], [121.10131, 14.743913], [121.10131, 14.744452], [121.101041, 14.744452], [121.101041, 14.744722], [121.10131, 14.744722], [121.10131, 14.7458], [121.10158, 14.7458], [121.10158, 14.746069], [121.101849, 14.746069], [121.101849, 14.746339], [121.102119, 14.746339], [121.102119, 14.746608], [121.102388, 14.746608], [121.102388, 14.746878], [121.102927, 14.746878], [121.102927, 14.747147], [121.103197, 14.747147], [121.103197, 14.747417], [121.103466, 14.747417], [121.103466, 14.747686], [121.103736, 14.747686], [121.103736, 14.748225], [121.104005, 14.748225], [121.104005, 14.749573], [121.104275, 14.749573], [121.104275, 14.750112], [121.105083, 14.750112], [121.105083, 14.749842], [121.105353, 14.749842], [121.105353, 14.749573], [121.105622, 14.749573], [121.105622, 14.749303], [121.106431, 14.749303], [121.106431, 14.749034], [121.1067, 14.749034], [121.1067, 14.748225], [121.106431, 14.748225], [121.106431, 14.747956], [121.106161, 14.747956], [121.106161, 14.747686], [121.105083, 14.747686], [121.105083, 14.747417], [121.104814, 14.747417], [121.104814, 14.747147], [121.104544, 14.747147], [121.104544, 14.746878], [121.104275, 14.746878], [121.104275, 14.746339], [121.104005, 14.746339], [121.104005, 14.746069], [121.103736, 14.746069], [121.103736, 14.7458], [121.103466, 14.7458], [121.103466, 14.74553], [121.103197, 14.74553], [121.103197, 14.744991], [121.102927, 14.744991], [121.102927, 14.744722], [121.102658, 14.744722], [121.102658, 14.743374], [121.102927, 14.743374], [121.102927, 14.743105], [121.103197, 14.743105], [121.103197, 14.742835], [121.103466, 14.742835], [121.103466, 14.741757], [121.103736, 14.741757], [121.103736, 14.740949], [121.104005, 14.740949], [121.104005, 14.740679], [121.104275, 14.740679], [121.104275, 14.74014], [121.104544, 14.74014], [121.104544, 14.739601], [121.104814, 14.739601], [121.104814, 14.739062], [121.105083, 14.739062], [121.105083, 14.738793], [121.105353, 14.738793], [121.105353, 14.738254], [121.105622, 14.738254], [121.105622, 14.737984], [121.105892, 14.737984], [121.105892, 14.737715], [121.106161, 14.737715], [121.106161, 14.737445], [121.106431, 14.737445], [121.106431, 14.737176], [121.10697, 14.737176], [121.10697, 14.736906], [121.107239, 14.736906], [121.107239, 14.737176], [121.108048, 14.737176], [121.108048, 14.737445], [121.108317, 14.737445], [121.108317, 14.737715], [121.108587, 14.737715], [121.108587, 14.737984], [121.109126, 14.737984], [121.109126, 14.738254], [121.109395, 14.738254], [121.109395, 14.738523], [121.109665, 14.738523], [121.109665, 14.739601], [121.109934, 14.739601], [121.109934, 14.74014], [121.110204, 14.74014], [121.110204, 14.74041], [121.110473, 14.74041], [121.110473, 14.740949], [121.110743, 14.740949], [121.110743, 14.741488], [121.111012, 14.741488], [121.111012, 14.741757], [121.111551, 14.741757], [121.111551, 14.741218], [121.111821, 14.741218], [121.111821, 14.74041], [121.11209, 14.74041], [121.11209, 14.74014], [121.11236, 14.74014], [121.11236, 14.739871], [121.112899, 14.739871], [121.112899, 14.739601], [121.113168, 14.739601], [121.113168, 14.738254], [121.11236, 14.738254], [121.11236, 14.738523], [121.11209, 14.738523], [121.11209, 14.738254], [121.111551, 14.738254], [121.111551, 14.737715], [121.111282, 14.737715], [121.111282, 14.737176], [121.111012, 14.737176], [121.111012, 14.736906], [121.110473, 14.736906], [121.110473, 14.736637], [121.110204, 14.736637], [121.110204, 14.736367], [121.109934, 14.736367], [121.109934, 14.735828], [121.109665, 14.735828], [121.109665, 14.735289], [121.109395, 14.735289], [121.109395, 14.73502], [121.108856, 14.73502], [121.108856, 14.73475], [121.108587, 14.73475], [121.108587, 14.734481], [121.108048, 14.734481], [121.108048, 14.734211], [121.107778, 14.734211], [121.107778, 14.733942], [121.107239, 14.733942], [121.107239, 14.733672], [121.10697, 14.733672], [121.10697, 14.733133], [121.1067, 14.733133], [121.1067, 14.731786], [121.10697, 14.731786], [121.10697, 14.731516], [121.108587, 14.731516], [121.108587, 14.731786], [121.110204, 14.731786], [121.110204, 14.731516], [121.110743, 14.731516], [121.110743, 14.731247], [121.11209, 14.731247], [121.11209, 14.731516], [121.113707, 14.731516], [121.113707, 14.731247], [121.113977, 14.731247], [121.113977, 14.730977], [121.113438, 14.730977], [121.113438, 14.730708], [121.113168, 14.730708], [121.113168, 14.730438], [121.111282, 14.730438], [121.111282, 14.730169], [121.111012, 14.730169], [121.111012, 14.729899], [121.110204, 14.729899], [121.110204, 14.730169], [121.109126, 14.730169], [121.109126, 14.729899], [121.108587, 14.729899], [121.108587, 14.72963], [121.107778, 14.72963], [121.107778, 14.729899], [121.107509, 14.729899], [121.107509, 14.730169], [121.106161, 14.730169], [121.106161, 14.729899], [121.105892, 14.729899], [121.105892, 14.72963], [121.105083, 14.72963], [121.105083, 14.729091], [121.105353, 14.729091], [121.105353, 14.728821], [121.106161, 14.728821], [121.106161, 14.728013], [121.105892, 14.728013], [121.105892, 14.726935], [121.1067, 14.726935], [121.1067, 14.726666], [121.10697, 14.726666], [121.10697, 14.726396], [121.107239, 14.726396], [121.107239, 14.726127], [121.108048, 14.726127], [121.108048, 14.725857], [121.108856, 14.725857], [121.108856, 14.725588], [121.109126, 14.725588], [121.109126, 14.725049], [121.109665, 14.725049], [121.109665, 14.724779], [121.110473, 14.724779], [121.110473, 14.72451], [121.110743, 14.72451], [121.110743, 14.723701], [121.111012, 14.723701], [121.111012, 14.723432], [121.111282, 14.723432], [121.111282, 14.723162], [121.11209, 14.723162], [121.11209, 14.723432], [121.112629, 14.723432], [121.112629, 14.723701], [121.112899, 14.723701], [121.112899, 14.723971], [121.113168, 14.723971], [121.113168, 14.72424], [121.113438, 14.72424], [121.113438, 14.724779], [121.113977, 14.724779], [121.113977, 14.725049], [121.114246, 14.725049], [121.114246, 14.725318], [121.115324, 14.725318], [121.115324, 14.725049], [121.115594, 14.725049], [121.115594, 14.72451], [121.115863, 14.72451], [121.115863, 14.72424], [121.115594, 14.72424], [121.115594, 14.723701], [121.115324, 14.723701], [121.115324, 14.723162], [121.115055, 14.723162], [121.115055, 14.722623], [121.115594, 14.722623], [121.115594, 14.722084], [121.115324, 14.722084], [121.115324, 14.721276], [121.115594, 14.721276], [121.115594, 14.721006], [121.115863, 14.721006], [121.115863, 14.720737], [121.116132, 14.720737], [121.116132, 14.720467], [121.116402, 14.720467], [121.116402, 14.719928], [121.116671, 14.719928], [121.116671, 14.718311], [121.116941, 14.718311], [121.116941, 14.717772], [121.11721, 14.717772], [121.11721, 14.717233], [121.11748, 14.717233], [121.11748, 14.716964], [121.117749, 14.716964], [121.117749, 14.716694], [121.118019, 14.716694], [121.118019, 14.716425], [121.119097, 14.716425], [121.119097, 14.716694], [121.119366, 14.716694], [121.119366, 14.716964], [121.119636, 14.716964], [121.119636, 14.718581], [121.119366, 14.718581], [121.119366, 14.719389], [121.119097, 14.719389], [121.119097, 14.719659], [121.118019, 14.719659], [121.118019, 14.719928], [121.117749, 14.719928], [121.117749, 14.720198], [121.11748, 14.720198], [121.11748, 14.720467], [121.11721, 14.720467], [121.11721, 14.720737], [121.116941, 14.720737], [121.116941, 14.721276], [121.116671, 14.721276], [121.116671, 14.721545], [121.116402, 14.721545], [121.116402, 14.721815], [121.115863, 14.721815], [121.115863, 14.723162], [121.116671, 14.723162], [121.116671, 14.723432], [121.11721, 14.723432], [121.11721, 14.723971], [121.11748, 14.723971], [121.11748, 14.72424], [121.11721, 14.72424], [121.11721, 14.725588], [121.11748, 14.725588], [121.11748, 14.725857], [121.117749, 14.725857], [121.117749, 14.726666], [121.118019, 14.726666], [121.118019, 14.726935], [121.118558, 14.726935], [121.118558, 14.727205], [121.118827, 14.727205], [121.118827, 14.727474], [121.119097, 14.727474], [121.119097, 14.728013], [121.119366, 14.728013], [121.119366, 14.728821], [121.119636, 14.728821], [121.119636, 14.72936], [121.119905, 14.72936], [121.119905, 14.730169], [121.120175, 14.730169], [121.120175, 14.730708], [121.120444, 14.730708], [121.120444, 14.730977], [121.120714, 14.730977], [121.120714, 14.731247], [121.120983, 14.731247], [121.120983, 14.732055], [121.121253, 14.732055], [121.121253, 14.732864], [121.121522, 14.732864], [121.121522, 14.733133], [121.121792, 14.733133], [121.121792, 14.733403], [121.12287, 14.733403], [121.12287, 14.731247], [121.1226, 14.731247], [121.1226, 14.730708], [121.122331, 14.730708], [121.122331, 14.730169], [121.122061, 14.730169], [121.122061, 14.72963], [121.121792, 14.72963], [121.121792, 14.729091], [121.121522, 14.729091], [121.121522, 14.728552], [121.121253, 14.728552], [121.121253, 14.728283], [121.120983, 14.728283], [121.120983, 14.727744], [121.120444, 14.727744], [121.120444, 14.727474], [121.120714, 14.727474], [121.120714, 14.726935], [121.120983, 14.726935], [121.120983, 14.726666], [121.121253, 14.726666], [121.121253, 14.725588], [121.120983, 14.725588], [121.120983, 14.725318], [121.119636, 14.725318], [121.119636, 14.725588], [121.119366, 14.725588], [121.119366, 14.725318], [121.118827, 14.725318], [121.118827, 14.725049], [121.118558, 14.725049], [121.118558, 14.724779], [121.119097, 14.724779], [121.119097, 14.72451], [121.119366, 14.72451], [121.119366, 14.723432], [121.119636, 14.723432], [121.119636, 14.722893], [121.119366, 14.722893], [121.119366, 14.722623], [121.119636, 14.722623], [121.119636, 14.722354], [121.119366, 14.722354], [121.119366, 14.722084], [121.119097, 14.722084], [121.119097, 14.721815], [121.118827, 14.721815], [121.118827, 14.721545], [121.119097, 14.721545], [121.119097, 14.721006], [121.119905, 14.721006], [121.119905, 14.721276], [121.120175, 14.721276], [121.120175, 14.721545], [121.119905, 14.721545], [121.119905, 14.721815], [121.120444, 14.721815], [121.120444, 14.722354], [121.120714, 14.722354], [121.120714, 14.723971], [121.120983, 14.723971], [121.120983, 14.72424], [121.121253, 14.72424], [121.121253, 14.72451], [121.121792, 14.72451], [121.121792, 14.724779], [121.122061, 14.724779], [121.122061, 14.725588], [121.122331, 14.725588], [121.122331, 14.726935], [121.1226, 14.726935], [121.1226, 14.727205], [121.12287, 14.727205], [121.12287, 14.727474], [121.123139, 14.727474], [121.123139, 14.729091], [121.123409, 14.729091], [121.123409, 14.729899], [121.123678, 14.729899], [121.123678, 14.730169], [121.123948, 14.730169], [121.123948, 14.730438], [121.124217, 14.730438], [121.124217, 14.730708], [121.124487, 14.730708], [121.124487, 14.731516], [121.124217, 14.731516], [121.124217, 14.731786], [121.123948, 14.731786], [121.123948, 14.732325], [121.124217, 14.732325], [121.124217, 14.732864], [121.124487, 14.732864], [121.124487, 14.733133], [121.124756, 14.733133], [121.124756, 14.733403], [121.125026, 14.733403], [121.125026, 14.733672], [121.125565, 14.733672], [121.125565, 14.733942], [121.125834, 14.733942], [121.125834, 14.734211], [121.126373, 14.734211], [121.126373, 14.73475], [121.126643, 14.73475], [121.126643, 14.736906], [121.126912, 14.736906], [121.126912, 14.738254], [121.126643, 14.738254], [121.126643, 14.739601], [121.125834, 14.739601], [121.125834, 14.739332], [121.125295, 14.739332], [121.125295, 14.738254], [121.125026, 14.738254], [121.125026, 14.737984], [121.124756, 14.737984], [121.124756, 14.737715], [121.123948, 14.737715], [121.123948, 14.738793], [121.123678, 14.738793], [121.123678, 14.739332], [121.123409, 14.739332], [121.123409, 14.739871], [121.123139, 14.739871], [121.123139, 14.74014], [121.123409, 14.74014], [121.123409, 14.74041], [121.123678, 14.74041], [121.123678, 14.740679], [121.124487, 14.740679], [121.124487, 14.74041], [121.124756, 14.74041], [121.124756, 14.740679], [121.125834, 14.740679], [121.125834, 14.740949], [121.126104, 14.740949], [121.126104, 14.741218], [121.126643, 14.741218], [121.126643, 14.741488], [121.126912, 14.741488], [121.126912, 14.741757], [121.127182, 14.741757], [121.127182, 14.742027], [121.127451, 14.742027], [121.127451, 14.742566], [121.127721, 14.742566], [121.127721, 14.743105], [121.12799, 14.743105], [121.12799, 14.743644], [121.12826, 14.743644], [121.12826, 14.743913], [121.128529, 14.743913], [121.128529, 14.744452], [121.128799, 14.744452], [121.128799, 14.744991], [121.128529, 14.744991], [121.128529, 14.74553], [121.12826, 14.74553], [121.12826, 14.7458], [121.127721, 14.7458], [121.127721, 14.74553], [121.127182, 14.74553], [121.127182, 14.745261], [121.127451, 14.745261], [121.127451, 14.744991], [121.127721, 14.744991], [121.127721, 14.744183], [121.127451, 14.744183], [121.127451, 14.743913], [121.127182, 14.743913], [121.127182, 14.743644], [121.126912, 14.743644], [121.126912, 14.743374], [121.126373, 14.743374], [121.126373, 14.743105], [121.126104, 14.743105], [121.126104, 14.742835], [121.125834, 14.742835], [121.125834, 14.742566], [121.125565, 14.742566], [121.125565, 14.742296], [121.124487, 14.742296], [121.124487, 14.743105], [121.124217, 14.743105], [121.124217, 14.743644], [121.123948, 14.743644], [121.123948, 14.743913], [121.123409, 14.743913], [121.123409, 14.744183], [121.123139, 14.744183], [121.123139, 14.744452], [121.12287, 14.744452], [121.12287, 14.744722], [121.122331, 14.744722], [121.122331, 14.744991], [121.122061, 14.744991], [121.122061, 14.74553], [121.122331, 14.74553], [121.122331, 14.7458], [121.1226, 14.7458], [121.1226, 14.746608], [121.122331, 14.746608], [121.122331, 14.747147], [121.122061, 14.747147], [121.122061, 14.747686], [121.121792, 14.747686], [121.121792, 14.748495], [121.122061, 14.748495], [121.122061, 14.748764], [121.122331, 14.748764], [121.122331, 14.748495], [121.123139, 14.748495], [121.123139, 14.748764], [121.123948, 14.748764], [121.123948, 14.749034], [121.124217, 14.749034], [121.124217, 14.749303], [121.124487, 14.749303], [121.124487, 14.749842], [121.124756, 14.749842], [121.124756, 14.750112], [121.125026, 14.750112], [121.125026, 14.750381], [121.126104, 14.750381], [121.126104, 14.750651], [121.126643, 14.750651], [121.126643, 14.75092], [121.127182, 14.75092], [121.127182, 14.75119], [121.12799, 14.75119], [121.12799, 14.751459], [121.12826, 14.751459], [121.12826, 14.751998], [121.128529, 14.751998], [121.128529, 14.752268], [121.12826, 14.752268], [121.12826, 14.753076], [121.12799, 14.753076], [121.12799, 14.753884], [121.12826, 14.753884], [121.12826, 14.754154], [121.128799, 14.754154], [121.128799, 14.753884], [121.129068, 14.753884], [121.129068, 14.753615], [121.129338, 14.753615], [121.129338, 14.753346], [121.129607, 14.753346], [121.129607, 14.753076], [121.130146, 14.753076], [121.130146, 14.752537], [121.130416, 14.752537], [121.130416, 14.752268], [121.130685, 14.752268], [121.130685, 14.751998], [121.131494, 14.751998], [121.131494, 14.752268], [121.131763, 14.752268], [121.131763, 14.752537], [121.132572, 14.752537], [121.132572, 14.753346], [121.131763, 14.753346], [121.131763, 14.753076], [121.131224, 14.753076], [121.131224, 14.755232], [121.130955, 14.755232], [121.130955, 14.755501], [121.130146, 14.755501], [121.130146, 14.75604], [121.129877, 14.75604], [121.129877, 14.75631], [121.130146, 14.75631], [121.130146, 14.756579], [121.130416, 14.756579], [121.130416, 14.757118], [121.130685, 14.757118], [121.130685, 14.757657], [121.130955, 14.757657], [121.130955, 14.759274], [121.131224, 14.759274], [121.131224, 14.759544], [121.131763, 14.759544], [121.131763, 14.759813], [121.132572, 14.759813], [121.132572, 14.760083], [121.133919, 14.760083], [121.133919, 14.760352], [121.134189, 14.760352], [121.134189, 14.761161], [121.134728, 14.761161], [121.134728, 14.760083], [121.134997, 14.760083], [121.134997, 14.760352], [121.135536, 14.760352], [121.135536, 14.760891], [121.136075, 14.760891], [121.136075, 14.761161], [121.136345, 14.761161], [121.136345, 14.76143], [121.136614, 14.76143], [121.136614, 14.7617], [121.136345, 14.7617], [121.136345, 14.761969], [121.136075, 14.761969], [121.136075, 14.764125], [121.136345, 14.764125], [121.136345, 14.764395], [121.137962, 14.764395], [121.137962, 14.764664], [121.137692, 14.764664], [121.137692, 14.765473], [121.137153, 14.765473], [121.137153, 14.765742], [121.136884, 14.765742], [121.136884, 14.766012], [121.136345, 14.766012], [121.136345, 14.766551], [121.136075, 14.766551], [121.136075, 14.76682], [121.136345, 14.76682], [121.136345, 14.76709], [121.137153, 14.76709], [121.137153, 14.76682], [121.137692, 14.76682], [121.137692, 14.76709], [121.138501, 14.76709], [121.138501, 14.767359], [121.13877, 14.767359], [121.13877, 14.767898], [121.13904, 14.767898], [121.13904, 14.768707], [121.139309, 14.768707], [121.139309, 14.768976], [121.139579, 14.768976], [121.139579, 14.768437], [121.139848, 14.768437], [121.139848, 14.767629], [121.139579, 14.767629], [121.139579, 14.76709], [121.140118, 14.76709], [121.140118, 14.76682], [121.140387, 14.76682], [121.140387, 14.76709], [121.140926, 14.76709], [121.140926, 14.767629], [121.141195, 14.767629], [121.141195, 14.766281], [121.141465, 14.766281], [121.141465, 14.766012], [121.141734, 14.766012], [121.141734, 14.765742], [121.142004, 14.765742], [121.142004, 14.765473], [121.142543, 14.765473], [121.142543, 14.766012], [121.142812, 14.766012], [121.142812, 14.766281], [121.143082, 14.766281], [121.143082, 14.766551], [121.143621, 14.766551], [121.143621, 14.76682], [121.14389, 14.76682], [121.14389, 14.76709], [121.14416, 14.76709], [121.14416, 14.767359], [121.145238, 14.767359], [121.145238, 14.76709], [121.146046, 14.76709], [121.146046, 14.767359], [121.146585, 14.767359], [121.146585, 14.767629], [121.147663, 14.767629], [121.147663, 14.767898], [121.147933, 14.767898], [121.147933, 14.768168], [121.148202, 14.768168], [121.148202, 14.768437], [121.148472, 14.768437], [121.148472, 14.768707], [121.148741, 14.768707], [121.148741, 14.768976], [121.149011, 14.768976], [121.149011, 14.769246], [121.149819, 14.769246], [121.149819, 14.768976], [121.150089, 14.768976], [121.150089, 14.768707], [121.150358, 14.768707], [121.150358, 14.768976], [121.151167, 14.768976], [121.151167, 14.769246], [121.153053, 14.769246], [121.153053, 14.768976], [121.153323, 14.768976], [121.153323, 14.768437], [121.152245, 14.768437], [121.152245, 14.768168], [121.151975, 14.768168], [121.151975, 14.767898], [121.151706, 14.767898], [121.151706, 14.76682], [121.151975, 14.76682], [121.151975, 14.766551], [121.152245, 14.766551], [121.152245, 14.766281], [121.153323, 14.766281], [121.153323, 14.766551], [121.153592, 14.766551], [121.153592, 14.76682], [121.154131, 14.76682], [121.154131, 14.76709], [121.155209, 14.76709], [121.155209, 14.76682], [121.155748, 14.76682], [121.155748, 14.766551], [121.156018, 14.766551], [121.156018, 14.766281], [121.156557, 14.766281], [121.156557, 14.766551], [121.157096, 14.766551], [121.157096, 14.76682], [121.157635, 14.76682], [121.157635, 14.76709], [121.158174, 14.76709], [121.158174, 14.767359], [121.158443, 14.767359], [121.158443, 14.767629], [121.158713, 14.767629], [121.158713, 14.767898], [121.158982, 14.767898], [121.158982, 14.768168], [121.159252, 14.768168], [121.159252, 14.768707], [121.159521, 14.768707], [121.159521, 14.770593], [121.159791, 14.770593], [121.159791, 14.770863], [121.16006, 14.770863], [121.16006, 14.771132], [121.16033, 14.771132], [121.16033, 14.771402], [121.161677, 14.771402], [121.161677, 14.771671], [121.162216, 14.771671], [121.162216, 14.77248], [121.161947, 14.77248], [121.161947, 14.772749], [121.161677, 14.772749], [121.161677, 14.773019], [121.160869, 14.773019], [121.160869, 14.773288], [121.160599, 14.773288], [121.160599, 14.773558], [121.16033, 14.773558], [121.16033, 14.773827], [121.16006, 14.773827], [121.16006, 14.774097], [121.159791, 14.774097], [121.159791, 14.774905], [121.16033, 14.774905], [121.16033, 14.774636], [121.160869, 14.774636], [121.160869, 14.774366], [121.161138, 14.774366], [121.161138, 14.774636], [121.161408, 14.774636], [121.161408, 14.774366], [121.161947, 14.774366], [121.161947, 14.774097], [121.162216, 14.774097], [121.162216, 14.773827], [121.162486, 14.773827], [121.162486, 14.773288], [121.162755, 14.773288], [121.162755, 14.773019], [121.163025, 14.773019], [121.163025, 14.77248], [121.163294, 14.77248], [121.163294, 14.77221], [121.163025, 14.77221], [121.163025, 14.770863], [121.163294, 14.770863], [121.163294, 14.770593], [121.163564, 14.770593], [121.163564, 14.770863], [121.164372, 14.770863], [121.164372, 14.771132], [121.164642, 14.771132], [121.164642, 14.771402], [121.164911, 14.771402], [121.164911, 14.771671], [121.165181, 14.771671], [121.165181, 14.77221], [121.16545, 14.77221], [121.16545, 14.773019], [121.165719, 14.773019], [121.165719, 14.773288], [121.165989, 14.773288], [121.165989, 14.773558], [121.166258, 14.773558], [121.166258, 14.773827], [121.167875, 14.773827], [121.167875, 14.773558], [121.168684, 14.773558], [121.168684, 14.773827], [121.169223, 14.773827], [121.169223, 14.774097], [121.169492, 14.774097], [121.169492, 14.774366], [121.169762, 14.774366], [121.169762, 14.774636], [121.170301, 14.774636], [121.170301, 14.774905], [121.171109, 14.774905], [121.171109, 14.775175], [121.171379, 14.775175], [121.171379, 14.775983], [121.171109, 14.775983], [121.171109, 14.776792], [121.171379, 14.776792], [121.171379, 14.777061], [121.171648, 14.777061], [121.171648, 14.777331], [121.171918, 14.777331], [121.171918, 14.7776], [121.172457, 14.7776], [121.172457, 14.77787], [121.172726, 14.77787], [121.172726, 14.778139], [121.172996, 14.778139], [121.172996, 14.778678], [121.173265, 14.778678], [121.173265, 14.779486], [121.173535, 14.779486], [121.173535, 14.780025], [121.173804, 14.780025], [121.173804, 14.780295], [121.174074, 14.780295], [121.174074, 14.780564], [121.174613, 14.780564], [121.174613, 14.780295], [121.174882, 14.780295], [121.174882, 14.780564], [121.175421, 14.780564], [121.175421, 14.780295], [121.175691, 14.780295], [121.175691, 14.780025], [121.175421, 14.780025], [121.175421, 14.779486], [121.175152, 14.779486], [121.175152, 14.779217], [121.174882, 14.779217], [121.174882, 14.778947], [121.174613, 14.778947], [121.174613, 14.778678], [121.174343, 14.778678], [121.174343, 14.778139], [121.174613, 14.778139], [121.174613, 14.77787], [121.174343, 14.77787], [121.174343, 14.777331], [121.174613, 14.777331], [121.174613, 14.776253], [121.174882, 14.776253], [121.174882, 14.775983], [121.175152, 14.775983], [121.175152, 14.775714], [121.175421, 14.775714], [121.175421, 14.775444], [121.175691, 14.775444], [121.175691, 14.774905], [121.175421, 14.774905], [121.175421, 14.774636], [121.173535, 14.774636], [121.173535, 14.774366], [121.172187, 14.774366], [121.172187, 14.774097], [121.171648, 14.774097], [121.171648, 14.773827], [121.171109, 14.773827], [121.171109, 14.773558], [121.17084, 14.773558], [121.17084, 14.773288], [121.170301, 14.773288], [121.170301, 14.773019], [121.169762, 14.773019], [121.169762, 14.772749], [121.169492, 14.772749], [121.169492, 14.77248], [121.169223, 14.77248], [121.169223, 14.77221], [121.168953, 14.77221], [121.168953, 14.771671], [121.168684, 14.771671], [121.168684, 14.771132], [121.168414, 14.771132], [121.168414, 14.770324], [121.168145, 14.770324], [121.168145, 14.769785], [121.167875, 14.769785], [121.167875, 14.769515], [121.167606, 14.769515], [121.167606, 14.769246], [121.167336, 14.769246], [121.167336, 14.768976], [121.167067, 14.768976], [121.167067, 14.768707], [121.166797, 14.768707], [121.166797, 14.768437], [121.166528, 14.768437], [121.166528, 14.768168], [121.166258, 14.768168], [121.166258, 14.767898], [121.165989, 14.767898], [121.165989, 14.767629], [121.165719, 14.767629], [121.165719, 14.76709], [121.165181, 14.76709], [121.165181, 14.76682], [121.163833, 14.76682], [121.163833, 14.766551], [121.164103, 14.766551], [121.164103, 14.766281], [121.165181, 14.766281], [121.165181, 14.766551], [121.165719, 14.766551], [121.165719, 14.76682], [121.165989, 14.76682], [121.165989, 14.766551], [121.166797, 14.766551], [121.166797, 14.766281], [121.167067, 14.766281], [121.167067, 14.766012], [121.168145, 14.766012], [121.168145, 14.766281], [121.168684, 14.766281], [121.168684, 14.766551], [121.169492, 14.766551], [121.169492, 14.76709], [121.169762, 14.76709], [121.169762, 14.768168], [121.170031, 14.768168], [121.170031, 14.768437], [121.170301, 14.768437], [121.170301, 14.767898], [121.17057, 14.767898], [121.17057, 14.767629], [121.170301, 14.767629], [121.170301, 14.76709], [121.170031, 14.76709], [121.170031, 14.766551], [121.170301, 14.766551], [121.170301, 14.766281], [121.17057, 14.766281], [121.17057, 14.766012], [121.17084, 14.766012], [121.17084, 14.765742], [121.171379, 14.765742], [121.171379, 14.765473], [121.171918, 14.765473], [121.171918, 14.765203], [121.172187, 14.765203], [121.172187, 14.764934], [121.172457, 14.764934], [121.172457, 14.764664], [121.172726, 14.764664], [121.172726, 14.763856], [121.172457, 14.763856], [121.172457, 14.763586], [121.171918, 14.763586], [121.171918, 14.763317], [121.171648, 14.763317], [121.171648, 14.763047], [121.171109, 14.763047], [121.171109, 14.762778], [121.170301, 14.762778], [121.170301, 14.763047], [121.170031, 14.763047], [121.170031, 14.7617], [121.169762, 14.7617], [121.169762, 14.76143], [121.169492, 14.76143], [121.169492, 14.761161], [121.168414, 14.761161], [121.168414, 14.760891], [121.168145, 14.760891], [121.168145, 14.760622], [121.167875, 14.760622], [121.167875, 14.760352], [121.167606, 14.760352], [121.167606, 14.760083], [121.167875, 14.760083], [121.167875, 14.759544], [121.167336, 14.759544], [121.167336, 14.759005], [121.168414, 14.759005], [121.168414, 14.758735], [121.168145, 14.758735], [121.168145, 14.758196], [121.167875, 14.758196], [121.167875, 14.757657], [121.167606, 14.757657], [121.167606, 14.756579], [121.167875, 14.756579], [121.167875, 14.755771], [121.167606, 14.755771], [121.167606, 14.752537], [121.167336, 14.752537], [121.167336, 14.752268], [121.167606, 14.752268], [121.167606, 14.751459], [121.167336, 14.751459], [121.167336, 14.75119], [121.167606, 14.75119], [121.167606, 14.75092], [121.167875, 14.75092], [121.167875, 14.75119], [121.168414, 14.75119], [121.168414, 14.751459], [121.168684, 14.751459], [121.168684, 14.751729], [121.168953, 14.751729], [121.168953, 14.751998], [121.169223, 14.751998], [121.169223, 14.752537], [121.169762, 14.752537], [121.169762, 14.752807], [121.170031, 14.752807], [121.170031, 14.753884], [121.170301, 14.753884], [121.170301, 14.754154], [121.171109, 14.754154], [121.171109, 14.753615], [121.171379, 14.753615], [121.171379, 14.752807], [121.171648, 14.752807], [121.171648, 14.751998], [121.171379, 14.751998], [121.171379, 14.751729], [121.171109, 14.751729], [121.171109, 14.751459], [121.17057, 14.751459], [121.17057, 14.75119], [121.170031, 14.75119], [121.170031, 14.75092], [121.169762, 14.75092], [121.169762, 14.750651], [121.169223, 14.750651], [121.169223, 14.750381], [121.168684, 14.750381], [121.168684, 14.750112], [121.168414, 14.750112], [121.168414, 14.750651], [121.167875, 14.750651], [121.167875, 14.750381], [121.167067, 14.750381], [121.167067, 14.750112], [121.166797, 14.750112], [121.166797, 14.749573], [121.166528, 14.749573], [121.166528, 14.749303], [121.166258, 14.749303], [121.166258, 14.747417], [121.165989, 14.747417], [121.165989, 14.746608], [121.166258, 14.746608], [121.166258, 14.746339], [121.166528, 14.746339], [121.166528, 14.7458], [121.166797, 14.7458], [121.166797, 14.74553], [121.167067, 14.74553], [121.167067, 14.744991], [121.167336, 14.744991], [121.167336, 14.744722], [121.167606, 14.744722], [121.167606, 14.744452], [121.167875, 14.744452], [121.167875, 14.744183], [121.168145, 14.744183], [121.168145, 14.743913], [121.168684, 14.743913], [121.168684, 14.743644], [121.168953, 14.743644], [121.168953, 14.743374], [121.169223, 14.743374], [121.169223, 14.743105], [121.169762, 14.743105], [121.169762, 14.742835], [121.169492, 14.742835], [121.169492, 14.742566], [121.169762, 14.742566], [121.169762, 14.742027], [121.170031, 14.742027], [121.170031, 14.740949], [121.169762, 14.740949], [121.169762, 14.740679], [121.168953, 14.740679], [121.168953, 14.74041], [121.168414, 14.74041], [121.168414, 14.739332], [121.168145, 14.739332], [121.168145, 14.738523], [121.167875, 14.738523], [121.167875, 14.738254], [121.167606, 14.738254], [121.167606, 14.737984], [121.167336, 14.737984], [121.167336, 14.737715], [121.167067, 14.737715], [121.167067, 14.737445], [121.166797, 14.737445], [121.166797, 14.736906], [121.166528, 14.736906], [121.166528, 14.736098], [121.166258, 14.736098], [121.166258, 14.73475], [121.167336, 14.73475], [121.167336, 14.734211], [121.166797, 14.734211], [121.166797, 14.733942], [121.166258, 14.733942], [121.166258, 14.733672], [121.165989, 14.733672], [121.165989, 14.733403], [121.165719, 14.733403], [121.165719, 14.733133], [121.165181, 14.733133], [121.165181, 14.732864], [121.164642, 14.732864], [121.164642, 14.732594], [121.164372, 14.732594], [121.164372, 14.732864], [121.163564, 14.732864], [121.163564, 14.733133], [121.163294, 14.733133], [121.163294, 14.732864], [121.163025, 14.732864], [121.163025, 14.731786], [121.162755, 14.731786], [121.162755, 14.731516], [121.162486, 14.731516], [121.162486, 14.731247], [121.161947, 14.731247], [121.161947, 14.730708], [121.161677, 14.730708], [121.161677, 14.729899], [121.161408, 14.729899], [121.161408, 14.729091], [121.161138, 14.729091], [121.161138, 14.728283], [121.160869, 14.728283], [121.160869, 14.728013], [121.160599, 14.728013], [121.160599, 14.727205], [121.16033, 14.727205], [121.16033, 14.726935], [121.16006, 14.726935], [121.16006, 14.726666], [121.159521, 14.726666], [121.159521, 14.726396], [121.159252, 14.726396], [121.159252, 14.725588], [121.158713, 14.725588], [121.158713, 14.725318], [121.158174, 14.725318], [121.158174, 14.725588], [121.157904, 14.725588], [121.157904, 14.725857], [121.156826, 14.725857], [121.156826, 14.725588], [121.156287, 14.725588], [121.156287, 14.724779], [121.157365, 14.724779], [121.157365, 14.72451], [121.157635, 14.72451], [121.157635, 14.72424], [121.157904, 14.72424], [121.157904, 14.723971], [121.158174, 14.723971], [121.158174, 14.723701], [121.157904, 14.723701], [121.157904, 14.722623], [121.157635, 14.722623], [121.157635, 14.722354], [121.157365, 14.722354], [121.157365, 14.722084], [121.157096, 14.722084], [121.157096, 14.721815], [121.156826, 14.721815], [121.156826, 14.721545], [121.156557, 14.721545], [121.156557, 14.721276], [121.156287, 14.721276], [121.156287, 14.721006], [121.156018, 14.721006], [121.156018, 14.720737], [121.155748, 14.720737], [121.155748, 14.720467], [121.155479, 14.720467], [121.155479, 14.720198], [121.155209, 14.720198], [121.155209, 14.719928], [121.15494, 14.719928], [121.15494, 14.719659], [121.15467, 14.719659], [121.15467, 14.719389], [121.154401, 14.719389], [121.154401, 14.71912], [121.154131, 14.71912], [121.154131, 14.718042], [121.153862, 14.718042], [121.153862, 14.717233], [121.153592, 14.717233], [121.153592, 14.716694], [121.153053, 14.716694], [121.153053, 14.716425], [121.152784, 14.716425], [121.152784, 14.716155], [121.152514, 14.716155], [121.152514, 14.715886], [121.152245, 14.715886], [121.152245, 14.715616], [121.151975, 14.715616], [121.151975, 14.715077], [121.151706, 14.715077], [121.151706, 14.714808], [121.151436, 14.714808], [121.151436, 14.714538], [121.151706, 14.714538], [121.151706, 14.713999], [121.152245, 14.713999], [121.152245, 14.714269], [121.153053, 14.714269], [121.153053, 14.713999], [121.153323, 14.713999], [121.153323, 14.71373], [121.153862, 14.71373], [121.153862, 14.71346], [121.154131, 14.71346], [121.154131, 14.713191], [121.154401, 14.713191], [121.154401, 14.712921], [121.15467, 14.712921], [121.15467, 14.712382], [121.154401, 14.712382], [121.154401, 14.712113], [121.153862, 14.712113], [121.153862, 14.711843], [121.153053, 14.711843], [121.153053, 14.711304], [121.152784, 14.711304], [121.152784, 14.711035], [121.150089, 14.711035], [121.150089, 14.710765], [121.14928, 14.710765], [121.14928, 14.710496], [121.149011, 14.710496], [121.149011, 14.710226], [121.148741, 14.710226], [121.148741, 14.709957], [121.148202, 14.709957], [121.148202, 14.709418], [121.147933, 14.709418], [121.147933, 14.709148], [121.147663, 14.709148], [121.147663, 14.708609], [121.147394, 14.708609], [121.147394, 14.70834], [121.147124, 14.70834], [121.147124, 14.706992], [121.146855, 14.706992], [121.146855, 14.706723], [121.146585, 14.706723], [121.146585, 14.706184], [121.146316, 14.706184], [121.146316, 14.705914], [121.146046, 14.705914], [121.146046, 14.704297], [121.145777, 14.704297], [121.145777, 14.704028], [121.145507, 14.704028], [121.145507, 14.703758], [121.145238, 14.703758], [121.145238, 14.70295], [121.144968, 14.70295], [121.144968, 14.702142], [121.144699, 14.702142], [121.144699, 14.701872], [121.144429, 14.701872], [121.144429, 14.701333], [121.14416, 14.701333], [121.14416, 14.701064], [121.14389, 14.701064], [121.14389, 14.699986], [121.14416, 14.699986], [121.14416, 14.699716], [121.144699, 14.699716], [121.144699, 14.699447], [121.144968, 14.699447], [121.144968, 14.699177], [121.144699, 14.699177], [121.144699, 14.698638], [121.14416, 14.698638], [121.14416, 14.698369], [121.14389, 14.698369], [121.14389, 14.698099], [121.143621, 14.698099], [121.143621, 14.69783], [121.143351, 14.69783], [121.143351, 14.696752], [121.143082, 14.696752], [121.143082, 14.695943], [121.142812, 14.695943], [121.142812, 14.695135], [121.142543, 14.695135], [121.142543, 14.694596], [121.142812, 14.694596], [121.142812, 14.694326], [121.142543, 14.694326], [121.142543, 14.693518], [121.142004, 14.693518], [121.142004, 14.693248], [121.141734, 14.693248], [121.141734, 14.692979], [121.141465, 14.692979], [121.141465, 14.692709], [121.141195, 14.692709], [121.141195, 14.69217], [121.140926, 14.69217], [121.140926, 14.691631], [121.140657, 14.691631], [121.140657, 14.691362], [121.140387, 14.691362], [121.140387, 14.690823], [121.140118, 14.690823], [121.140118, 14.689206], [121.140387, 14.689206], [121.140387, 14.688667], [121.140657, 14.688667], [121.140657, 14.688397], [121.140926, 14.688397], [121.140926, 14.688128], [121.141195, 14.688128], [121.141195, 14.687858], [121.141734, 14.687858], [121.141734, 14.687589], [121.142004, 14.687589], [121.142004, 14.687319], [121.141734, 14.687319], [121.141734, 14.68678], [121.141195, 14.68678], [121.141195, 14.686511], [121.139848, 14.686511], [121.139848, 14.686241], [121.139579, 14.686241], [121.139579, 14.685972], [121.139309, 14.685972], [121.139309, 14.685702], [121.13904, 14.685702], [121.13904, 14.685163], [121.13877, 14.685163], [121.13877, 14.684085], [121.138231, 14.684085], [121.138231, 14.683546], [121.137692, 14.683546], [121.137692, 14.683277], [121.135806, 14.683277], [121.135806, 14.683007], [121.135267, 14.683007], [121.135267, 14.682738], [121.134997, 14.682738], [121.134997, 14.681929], [121.135536, 14.681929], [121.135536, 14.68166], [121.136345, 14.68166], [121.136345, 14.68139], [121.136884, 14.68139], [121.136884, 14.68166], [121.137153, 14.68166], [121.137153, 14.68139], [121.137423, 14.68139], [121.137423, 14.681121], [121.137692, 14.681121], [121.137692, 14.680851], [121.137423, 14.680851], [121.137423, 14.680582], [121.136884, 14.680582], [121.136884, 14.680851], [121.136614, 14.680851], [121.136614, 14.679773], [121.137153, 14.679773], [121.137153, 14.679504], [121.137423, 14.679504], [121.137423, 14.679234], [121.137962, 14.679234], [121.137962, 14.678965], [121.138231, 14.678965], [121.138231, 14.677348], [121.137962, 14.677348], [121.137962, 14.676809], [121.138231, 14.676809], [121.138231, 14.675462], [121.137962, 14.675462], [121.137962, 14.674114], [121.137692, 14.674114], [121.137692, 14.673845], [121.137423, 14.673845], [121.137423, 14.673575], [121.137153, 14.673575], [121.137153, 14.673845], [121.136884, 14.673845], [121.136884, 14.674114], [121.136345, 14.674114], [121.136345, 14.672767], [121.136614, 14.672767], [121.136614, 14.670341], [121.136345, 14.670341], [121.136345, 14.669802], [121.136075, 14.669802], [121.136075, 14.669263], [121.136345, 14.669263], [121.136345, 14.668994], [121.136614, 14.668994], [121.136614, 14.668724], [121.137423, 14.668724], [121.137423, 14.666568], [121.137692, 14.666568], [121.137692, 14.666299], [121.13904, 14.666299], [121.13904, 14.665221], [121.13877, 14.665221], [121.13877, 14.664951], [121.138231, 14.664951], [121.138231, 14.665221], [121.137153, 14.665221], [121.137153, 14.664951], [121.136884, 14.664951], [121.136884, 14.664682], [121.136614, 14.664682], [121.136614, 14.664412], [121.136345, 14.664412], [121.136345, 14.664143], [121.136075, 14.664143], [121.136075, 14.663873], [121.135806, 14.663873], [121.135806, 14.664143], [121.135536, 14.664143], [121.135536, 14.664412], [121.134997, 14.664412], [121.134997, 14.664682], [121.134728, 14.664682], [121.134728, 14.664951], [121.133919, 14.664951], [121.133919, 14.665221], [121.13365, 14.665221], [121.13365, 14.664143], [121.133919, 14.664143], [121.133919, 14.663873], [121.134189, 14.663873], [121.134189, 14.662256], [121.13365, 14.662256], [121.13365, 14.661987], [121.133111, 14.661987], [121.133111, 14.662256], [121.13338, 14.662256], [121.13338, 14.662526], [121.133111, 14.662526], [121.133111, 14.662795], [121.132841, 14.662795], [121.132841, 14.662526], [121.132572, 14.662526], [121.132572, 14.662795], [121.132302, 14.662795], [121.132302, 14.663065], [121.132033, 14.663065], [121.132033, 14.661987], [121.132302, 14.661987], [121.132302, 14.661717], [121.132841, 14.661717], [121.132841, 14.661448], [121.13338, 14.661448], [121.13338, 14.661178], [121.13365, 14.661178], [121.13365, 14.660639], [121.133919, 14.660639], [121.133919, 14.6601], [121.134189, 14.6601], [121.134189, 14.659831], [121.133919, 14.659831], [121.133919, 14.659561], [121.134189, 14.659561], [121.134189, 14.658483], [121.134458, 14.658483], [121.134458, 14.657944], [121.134997, 14.657944], [121.134997, 14.657675], [121.135267, 14.657675], [121.135267, 14.657405], [121.135536, 14.657405], [121.135536, 14.657675], [121.135806, 14.657675], [121.135806, 14.657405], [121.136075, 14.657405], [121.136075, 14.656597], [121.136345, 14.656597], [121.136345, 14.655788], [121.136884, 14.655788], [121.136884, 14.657405], [121.137153, 14.657405], [121.137153, 14.657675], [121.137423, 14.657675], [121.137423, 14.657944], [121.137962, 14.657944], [121.137962, 14.657675], [121.138501, 14.657675], [121.138501, 14.656327], [121.138231, 14.656327], [121.138231, 14.65498], [121.138501, 14.65498], [121.138501, 14.653633], [121.138231, 14.653633], [121.138231, 14.653094], [121.138501, 14.653094], [121.138501, 14.652824], [121.137962, 14.652824], [121.137962, 14.652555], [121.137153, 14.652555], [121.137153, 14.652824], [121.135806, 14.652824], [121.135806, 14.651746], [121.136075, 14.651746], [121.136075, 14.651477], [121.136345, 14.651477], [121.136345, 14.650399], [121.136075, 14.650399], [121.136075, 14.650129], [121.135806, 14.650129], [121.135806, 14.64959], [121.135267, 14.64959], [121.135267, 14.649321], [121.134997, 14.649321], [121.134997, 14.649051], [121.135267, 14.649051], [121.135267, 14.648512], [121.136345, 14.648512], [121.136345, 14.647973], [121.136075, 14.647973], [121.136075, 14.647704], [121.135536, 14.647704], [121.135536, 14.647434], [121.135806, 14.647434], [121.135806, 14.646895], [121.135536, 14.646895], [121.135536, 14.646626], [121.134728, 14.646626], [121.134728, 14.646895], [121.134458, 14.646895], [121.134458, 14.647434], [121.134189, 14.647434], [121.134189, 14.647973], [121.13365, 14.647973], [121.13365, 14.647704], [121.132841, 14.647704], [121.132841, 14.647973], [121.132572, 14.647973], [121.132572, 14.649321], [121.132302, 14.649321], [121.132302, 14.649051], [121.131763, 14.649051], [121.131763, 14.648782], [121.131494, 14.648782], [121.131494, 14.647704], [121.131763, 14.647704], [121.131763, 14.647434], [121.132033, 14.647434], [121.132033, 14.647165], [121.132302, 14.647165], [121.132302, 14.646626], [121.132841, 14.646626], [121.132841, 14.646356], [121.13338, 14.646356], [121.13338, 14.646087], [121.13365, 14.646087], [121.13365, 14.645817], [121.133919, 14.645817], [121.133919, 14.645548], [121.134458, 14.645548], [121.134458, 14.645278], [121.134997, 14.645278], [121.134997, 14.645548], [121.135267, 14.645548], [121.135267, 14.645817], [121.135536, 14.645817], [121.135536, 14.646087], [121.135806, 14.646087], [121.135806, 14.646356], [121.136075, 14.646356], [121.136075, 14.646626], [121.136614, 14.646626], [121.136614, 14.647165], [121.136884, 14.647165], [121.136884, 14.646895], [121.137423, 14.646895], [121.137423, 14.646626], [121.137692, 14.646626], [121.137692, 14.645817], [121.137962, 14.645817], [121.137962, 14.64447], [121.137692, 14.64447], [121.137692, 14.642853], [121.137423, 14.642853], [121.137423, 14.642583], [121.137153, 14.642583], [121.137153, 14.641775], [121.137423, 14.641775], [121.137423, 14.641505], [121.137692, 14.641505], [121.137692, 14.640427], [121.137423, 14.640427], [121.137423, 14.639349], [121.137692, 14.639349], [121.137692, 14.63881], [121.137962, 14.63881], [121.137962, 14.638541], [121.138501, 14.638541], [121.138501, 14.638002], [121.13877, 14.638002], [121.13877, 14.637732], [121.139309, 14.637732], [121.139309, 14.638002], [121.139579, 14.638002], [121.139579, 14.638271], [121.139309, 14.638271], [121.139309, 14.63881], [121.139848, 14.63881], [121.139848, 14.638541], [121.140118, 14.638541], [121.140118, 14.63881], [121.140387, 14.63881], [121.140387, 14.639888], [121.140118, 14.639888], [121.140118, 14.640697], [121.140387, 14.640697], [121.140387, 14.640966], [121.140657, 14.640966], [121.140657, 14.641236], [121.142004, 14.641236], [121.142004, 14.641505], [121.143621, 14.641505], [121.143621, 14.641236], [121.14389, 14.641236], [121.14389, 14.640158], [121.143621, 14.640158], [121.143621, 14.639888], [121.142812, 14.639888], [121.142812, 14.639619], [121.142543, 14.639619], [121.142543, 14.639349], [121.142273, 14.639349], [121.142273, 14.63908], [121.141734, 14.63908], [121.141734, 14.638541], [121.142004, 14.638541], [121.142004, 14.638002], [121.141734, 14.638002], [121.141734, 14.637732], [121.142004, 14.637732], [121.142004, 14.637463], [121.142543, 14.637463], [121.142543, 14.638271], [121.143351, 14.638271], [121.143351, 14.638002], [121.143621, 14.638002], [121.143621, 14.637732], [121.14389, 14.637732], [121.14389, 14.637463], [121.14416, 14.637463], [121.14416, 14.636924], [121.144699, 14.636924], [121.144699, 14.637193], [121.144968, 14.637193], [121.144968, 14.636924], [121.146046, 14.636924], [121.146046, 14.636385], [121.147394, 14.636385], [121.147394, 14.636115], [121.147933, 14.636115], [121.147933, 14.635846], [121.148202, 14.635846], [121.148202, 14.635576], [121.148472, 14.635576], [121.148472, 14.635307], [121.148741, 14.635307], [121.148741, 14.634768], [121.148472, 14.634768], [121.148472, 14.634229], [121.148202, 14.634229], [121.148202, 14.633959], [121.147663, 14.633959], [121.147663, 14.63369], [121.147124, 14.63369], [121.147124, 14.633959], [121.146585, 14.633959], [121.146585, 14.634229], [121.146316, 14.634229], [121.146316, 14.634498], [121.146046, 14.634498], [121.146046, 14.634768], [121.145777, 14.634768], [121.145777, 14.635037], [121.145507, 14.635037], [121.145507, 14.635307], [121.144968, 14.635307], [121.144968, 14.635037], [121.144699, 14.635037], [121.144699, 14.634229], [121.144429, 14.634229], [121.144429, 14.632881], [121.144699, 14.632881], [121.144699, 14.632612], [121.144429, 14.632612], [121.144429, 14.632342], [121.14416, 14.632342], [121.14416, 14.632073], [121.14389, 14.632073], [121.14389, 14.631803], [121.143082, 14.631803], [121.143082, 14.632073], [121.142543, 14.632073], [121.142543, 14.632342], [121.142273, 14.632342], [121.142273, 14.632881], [121.142004, 14.632881], [121.142004, 14.633151], [121.141465, 14.633151], [121.141465, 14.63342], [121.141195, 14.63342], [121.141195, 14.633959], [121.140387, 14.633959], [121.140387, 14.633151], [121.140657, 14.633151], [121.140657, 14.632881], [121.140926, 14.632881], [121.140926, 14.632342], [121.141195, 14.632342], [121.141195, 14.630995], [121.141465, 14.630995], [121.141465, 14.630186], [121.141734, 14.630186], [121.141734, 14.629647], [121.142004, 14.629647], [121.142004, 14.629108], [121.142273, 14.629108], [121.142273, 14.628839], [121.142543, 14.628839], [121.142543, 14.62857], [121.142812, 14.62857], [121.142812, 14.6283], [121.143082, 14.6283], [121.143082, 14.628031], [121.143351, 14.628031], [121.143351, 14.627492], [121.143621, 14.627492], [121.143621, 14.627222], [121.144429, 14.627222], [121.144429, 14.626953], [121.144968, 14.626953], [121.144968, 14.627222], [121.145507, 14.627222], [121.145507, 14.626953], [121.145777, 14.626953], [121.145777, 14.626683], [121.146046, 14.626683], [121.146046, 14.626414], [121.146585, 14.626414], [121.146585, 14.626144], [121.148202, 14.626144], [121.148202, 14.625875], [121.148472, 14.625875], [121.148472, 14.624797], [121.148741, 14.624797], [121.148741, 14.624527], [121.14955, 14.624527], [121.14955, 14.624797], [121.149819, 14.624797], [121.149819, 14.624527], [121.150628, 14.624527], [121.150628, 14.62318], [121.150358, 14.62318], [121.150358, 14.62291], [121.14955, 14.62291], [121.14955, 14.62318], [121.149011, 14.62318], [121.149011, 14.623988], [121.148741, 14.623988], [121.148741, 14.623719], [121.148472, 14.623719], [121.148472, 14.62318], [121.147394, 14.62318], [121.147394, 14.623449], [121.147124, 14.623449], [121.147124, 14.623719], [121.146855, 14.623719], [121.146855, 14.624258], [121.146585, 14.624258], [121.146585, 14.624527], [121.146316, 14.624527], [121.146316, 14.624797], [121.146046, 14.624797], [121.146046, 14.625066], [121.145507, 14.625066], [121.145507, 14.624797], [121.14389, 14.624797], [121.14389, 14.625066], [121.143351, 14.625066], [121.143351, 14.625336], [121.142273, 14.625336], [121.142273, 14.625605], [121.141734, 14.625605], [121.141734, 14.624324], [121.141023, 14.6313], [121.129808, 14.643697], [121.128328, 14.653422], [121.111829, 14.654809], [121.100708, 14.645052], [121.099357, 14.618699], [121.096476, 14.614637], [121.095192, 14.602031], [121.092311, 14.597969], [121.091023, 14.577033], [121.08721, 14.571656], [121.079166, 14.570835], [121.075661, 14.569934], [121.075001, 14.562501], [121.075001, 14.558332], [121.079786, 14.556967], [121.078386, 14.546631], [121.068674, 14.545217], [121.06466, 14.542283], [121.041665, 14.541668], [121.031124, 14.541097]], [[121.029625, 14.559579], [121.029894, 14.559579], [121.029894, 14.559848], [121.029355, 14.559848], [121.029355, 14.560387], [121.028816, 14.560387], [121.028816, 14.560657], [121.028547, 14.560657], [121.028547, 14.561465], [121.028277, 14.561465], [121.028277, 14.561735], [121.028008, 14.561735], [121.028008, 14.562004], [121.02693, 14.562004], [121.02693, 14.562274], [121.02666, 14.562274], [121.02666, 14.562004], [121.026391, 14.562004], [121.026391, 14.562274], [121.024504, 14.562274], [121.024504, 14.562004], [121.021809, 14.562004], [121.021809, 14.562274], [121.021001, 14.562274], [121.021001, 14.562004], [121.019923, 14.562004], [121.019923, 14.562274], [121.018306, 14.562274], [121.018306, 14.562004], [121.018036, 14.562004], [121.018036, 14.561735], [121.017228, 14.561735], [121.017228, 14.561465], [121.016689, 14.561465], [121.016689, 14.561735], [121.014533, 14.561735], [121.014533, 14.561465], [121.013994, 14.561465], [121.013994, 14.561196], [121.013725, 14.561196], [121.013725, 14.561465], [121.013455, 14.561465], [121.013455, 14.561196], [121.012916, 14.561196], [121.012916, 14.560118], [121.013725, 14.560118], [121.013725, 14.560657], [121.013994, 14.560657], [121.013994, 14.560926], [121.014533, 14.560926], [121.014533, 14.561196], [121.014803, 14.561196], [121.014803, 14.560926], [121.015072, 14.560926], [121.015072, 14.560657], [121.015342, 14.560657], [121.015342, 14.560387], [121.015611, 14.560387], [121.015611, 14.559309], [121.01615, 14.559309], [121.01615, 14.55877], [121.016689, 14.55877], [121.016689, 14.558501], [121.016958, 14.558501], [121.016958, 14.558231], [121.017228, 14.558231], [121.017228, 14.557962], [121.017497, 14.557962], [121.017497, 14.557423], [121.018036, 14.557423], [121.018036, 14.557153], [121.018575, 14.557153], [121.018575, 14.556884], [121.018845, 14.556884], [121.018845, 14.555536], [121.019114, 14.555536], [121.019114, 14.555267], [121.019384, 14.555267], [121.019384, 14.554997], [121.019653, 14.554997], [121.019653, 14.554728], [121.019923, 14.554728], [121.019923, 14.554458], [121.020192, 14.554458], [121.020192, 14.554189], [121.020731, 14.554189], [121.020731, 14.55392], [121.02127, 14.55392], [121.02127, 14.553381], [121.023157, 14.553381], [121.023157, 14.553111], [121.023426, 14.553111], [121.023426, 14.553381], [121.023965, 14.553381], [121.023965, 14.553111], [121.024235, 14.553111], [121.024235, 14.553381], [121.024504, 14.553381], [121.024504, 14.55365], [121.025313, 14.55365], [121.025313, 14.553381], [121.025852, 14.553381], [121.025852, 14.553111], [121.026121, 14.553111], [121.026121, 14.552842], [121.026391, 14.552842], [121.026391, 14.552572], [121.02693, 14.552572], [121.02693, 14.552033], [121.027469, 14.552033], [121.027469, 14.551494], [121.028008, 14.551494], [121.028008, 14.551225], [121.028277, 14.551225], [121.028277, 14.550955], [121.029355, 14.550955], [121.029355, 14.552033], [121.029086, 14.552033], [121.029086, 14.552303], [121.028816, 14.552303], [121.028816, 14.552572], [121.028547, 14.552572], [121.028547, 14.552842], [121.028008, 14.552842], [121.028008, 14.553111], [121.027738, 14.553111], [121.027738, 14.553381], [121.027469, 14.553381], [121.027469, 14.55365], [121.027199, 14.55365], [121.027199, 14.55392], [121.02693, 14.55392], [121.02693, 14.554189], [121.02666, 14.554189], [121.02666, 14.554458], [121.025582, 14.554458], [121.025582, 14.55392], [121.024774, 14.55392], [121.024774, 14.554189], [121.025043, 14.554189], [121.025043, 14.554728], [121.024504, 14.554728], [121.024504, 14.554997], [121.024235, 14.554997], [121.024235, 14.555267], [121.023157, 14.555267], [121.023157, 14.556075], [121.023426, 14.556075], [121.023426, 14.556345], [121.023965, 14.556345], [121.023965, 14.557153], [121.024504, 14.557153], [121.024504, 14.557423], [121.024774, 14.557423], [121.024774, 14.557962], [121.025043, 14.557962], [121.025043, 14.557692], [121.025313, 14.557692], [121.025313, 14.557962], [121.025582, 14.557962], [121.025582, 14.558231], [121.025852, 14.558231], [121.025852, 14.558501], [121.026391, 14.558501], [121.026391, 14.558231], [121.02666, 14.558231], [121.02666, 14.557962], [121.026391, 14.557962], [121.026391, 14.557692], [121.026121, 14.557692], [121.026121, 14.557153], [121.02693, 14.557153], [121.02693, 14.557692], [121.027469, 14.557692], [121.027469, 14.558231], [121.027738, 14.558231], [121.027738, 14.558501], [121.028008, 14.558501], [121.028008, 14.55877], [121.028816, 14.55877], [121.028816, 14.55904], [121.029355, 14.55904], [121.029355, 14.559309], [121.029625, 14.559309], [121.029625, 14.559579]], [[121.05873, 14.582486], [121.05873, 14.582216], [121.058461, 14.582216], [121.058461, 14.581677], [121.058191, 14.581677], [121.058191, 14.581408], [121.057922, 14.581408], [121.057922, 14.581138], [121.058461, 14.581138], [121.058461, 14.580869], [121.05873, 14.580869], [121.05873, 14.58033], [121.058461, 14.58033], [121.058461, 14.58006], [121.058191, 14.58006], [121.058191, 14.579521], [121.058461, 14.579521], [121.058461, 14.579252], [121.058191, 14.579252], [121.058191, 14.578983], [121.058461, 14.578983], [121.058461, 14.578713], [121.059539, 14.578713], [121.059539, 14.578983], [121.059808, 14.578983], [121.059808, 14.579521], [121.060078, 14.579521], [121.060078, 14.58006], [121.060347, 14.58006], [121.060347, 14.580599], [121.060886, 14.580599], [121.060886, 14.580869], [121.061156, 14.580869], [121.061156, 14.581138], [121.061425, 14.581138], [121.061425, 14.581408], [121.062234, 14.581408], [121.062234, 14.581677], [121.062773, 14.581677], [121.062773, 14.581947], [121.063042, 14.581947], [121.063042, 14.582216], [121.063312, 14.582216], [121.063312, 14.582486], [121.063581, 14.582486], [121.063581, 14.582755], [121.063851, 14.582755], [121.063851, 14.583025], [121.06412, 14.583025], [121.06412, 14.584103], [121.063851, 14.584103], [121.063851, 14.584372], [121.063581, 14.584372], [121.063581, 14.584642], [121.063312, 14.584642], [121.063312, 14.585989], [121.063581, 14.585989], [121.063581, 14.586528], [121.063312, 14.586528], [121.063312, 14.586798], [121.063581, 14.586798], [121.063581, 14.587337], [121.063851, 14.587337], [121.063851, 14.587606], [121.063581, 14.587606], [121.063581, 14.587876], [121.063312, 14.587876], [121.063312, 14.588145], [121.063851, 14.588145], [121.063851, 14.588415], [121.06412, 14.588415], [121.06412, 14.588684], [121.06439, 14.588684], [121.06439, 14.588954], [121.064659, 14.588954], [121.064659, 14.589493], [121.06439, 14.589493], [121.06439, 14.589762], [121.06412, 14.589762], [121.06412, 14.590032], [121.062503, 14.590032], [121.062503, 14.590301], [121.062234, 14.590301], [121.062234, 14.590571], [121.061695, 14.590571], [121.061695, 14.59084], [121.061425, 14.59084], [121.061425, 14.590571], [121.060886, 14.590571], [121.060886, 14.59084], [121.059269, 14.59084], [121.059269, 14.591379], [121.059539, 14.591379], [121.059539, 14.591649], [121.059269, 14.591649], [121.059269, 14.592188], [121.057922, 14.592188], [121.057922, 14.591649], [121.058191, 14.591649], [121.058191, 14.59111], [121.05873, 14.59111], [121.05873, 14.59084], [121.059, 14.59084], [121.059, 14.590571], [121.059269, 14.590571], [121.059269, 14.589223], [121.059539, 14.589223], [121.059539, 14.588415], [121.059269, 14.588415], [121.059269, 14.587876], [121.059, 14.587876], [121.059, 14.588145], [121.05873, 14.588145], [121.05873, 14.587606], [121.058461, 14.587606], [121.058461, 14.588145], [121.057922, 14.588145], [121.057922, 14.587606], [121.057652, 14.587606], [121.057652, 14.587067], [121.057383, 14.587067], [121.057383, 14.586528], [121.057922, 14.586528], [121.057922, 14.586798], [121.059, 14.586798], [121.059, 14.586528], [121.059808, 14.586528], [121.059808, 14.586259], [121.060078, 14.586259], [121.060078, 14.585989], [121.059808, 14.585989], [121.059808, 14.585181], [121.060078, 14.585181], [121.060078, 14.584642], [121.060617, 14.584642], [121.060617, 14.584103], [121.060347, 14.584103], [121.060347, 14.583833], [121.060078, 14.583833], [121.060078, 14.583564], [121.059539, 14.583564], [121.059539, 14.583294], [121.059269, 14.583294], [121.059269, 14.583025], [121.059, 14.583025], [121.059, 14.582486], [121.05873, 14.582486]], [[120.951741, 14.678965], [120.951741, 14.678696], [120.95201, 14.678696], [120.95201, 14.678965], [120.95228, 14.678965], [120.95228, 14.678696], [120.952549, 14.678696], [120.952549, 14.679504], [120.952819, 14.679504], [120.952819, 14.680043], [120.953088, 14.680043], [120.953088, 14.680312], [120.954436, 14.680312], [120.954436, 14.680582], [120.954705, 14.680582], [120.954705, 14.681121], [120.954436, 14.681121], [120.954436, 14.68139], [120.954166, 14.68139], [120.954166, 14.68166], [120.953897, 14.68166], [120.953897, 14.681929], [120.953358, 14.681929], [120.953358, 14.682199], [120.953088, 14.682199], [120.953088, 14.682468], [120.952819, 14.682468], [120.952819, 14.683007], [120.95228, 14.683007], [120.95228, 14.683277], [120.95201, 14.683277], [120.95201, 14.683816], [120.951471, 14.683816], [120.951471, 14.684085], [120.950932, 14.684085], [120.950932, 14.683816], [120.950663, 14.683816], [120.950663, 14.684085], [120.950124, 14.684085], [120.950124, 14.684355], [120.949585, 14.684355], [120.949585, 14.684894], [120.949046, 14.684894], [120.949046, 14.684624], [120.948776, 14.684624], [120.948776, 14.684355], [120.948507, 14.684355], [120.948507, 14.684085], [120.948237, 14.684085], [120.948237, 14.683816], [120.947968, 14.683816], [120.947968, 14.683546], [120.947698, 14.683546], [120.947698, 14.683007], [120.947429, 14.683007], [120.947429, 14.682738], [120.947698, 14.682738], [120.947698, 14.682468], [120.947968, 14.682468], [120.947968, 14.682199], [120.948776, 14.682199], [120.948776, 14.68166], [120.949046, 14.68166], [120.949046, 14.681121], [120.949315, 14.681121], [120.949315, 14.680312], [120.949585, 14.680312], [120.949585, 14.680043], [120.949854, 14.680043], [120.949854, 14.679504], [120.950393, 14.679504], [120.950393, 14.679234], [120.950663, 14.679234], [120.950663, 14.678965], [120.951741, 14.678965]]], [[[121.199406, 14.709148], [121.199137, 14.709148], [121.199137, 14.708879], [121.198867, 14.708879], [121.198867, 14.708609], [121.198598, 14.708609], [121.198598, 14.70834], [121.198328, 14.70834], [121.198328, 14.709687], [121.198598, 14.709687], [121.198598, 14.710765], [121.198328, 14.710765], [121.198328, 14.711035], [121.198059, 14.711035], [121.198059, 14.711304], [121.197789, 14.711304], [121.197789, 14.711574], [121.19752, 14.711574], [121.19752, 14.711843], [121.19725, 14.711843], [121.19725, 14.712113], [121.196981, 14.712113], [121.196981, 14.712652], [121.196711, 14.712652], [121.196711, 14.71373], [121.196442, 14.71373], [121.196442, 14.716694], [121.196172, 14.716694], [121.196172, 14.716964], [121.196442, 14.716964], [121.196442, 14.718042], [121.196711, 14.718042], [121.196711, 14.718581], [121.196981, 14.718581], [121.196981, 14.71885], [121.19725, 14.71885], [121.19725, 14.71912], [121.197789, 14.71912], [121.197789, 14.721006], [121.19752, 14.721006], [121.19752, 14.721545], [121.19725, 14.721545], [121.19725, 14.721815], [121.196981, 14.721815], [121.196981, 14.722354], [121.196711, 14.722354], [121.196711, 14.722893], [121.19725, 14.722893], [121.19725, 14.722623], [121.198059, 14.722623], [121.198059, 14.722354], [121.198867, 14.722354], [121.198867, 14.721276], [121.198598, 14.721276], [121.198598, 14.720198], [121.198867, 14.720198], [121.198867, 14.717772], [121.198598, 14.717772], [121.198598, 14.717233], [121.198328, 14.717233], [121.198328, 14.716964], [121.198059, 14.716964], [121.198059, 14.716155], [121.197789, 14.716155], [121.197789, 14.714808], [121.198059, 14.714808], [121.198059, 14.714269], [121.198328, 14.714269], [121.198328, 14.71373], [121.198598, 14.71373], [121.198598, 14.713191], [121.198867, 14.713191], [121.198867, 14.712652], [121.199137, 14.712652], [121.199137, 14.712113], [121.199406, 14.712113], [121.199406, 14.711574], [121.199676, 14.711574], [121.199676, 14.710496], [121.199945, 14.710496], [121.199945, 14.709148], [121.199676, 14.709148], [121.199676, 14.709418], [121.199406, 14.709418], [121.199406, 14.709148]]], [[[121.173804, 14.741218], [121.173535, 14.741218], [121.173535, 14.741488], [121.173265, 14.741488], [121.173265, 14.741757], [121.171648, 14.741757], [121.171648, 14.742027], [121.171109, 14.742027], [121.171109, 14.742296], [121.17084, 14.742296], [121.17084, 14.742566], [121.17057, 14.742566], [121.17057, 14.743105], [121.170301, 14.743105], [121.170301, 14.743374], [121.170031, 14.743374], [121.170031, 14.743644], [121.169762, 14.743644], [121.169762, 14.744991], [121.169492, 14.744991], [121.169492, 14.745261], [121.169223, 14.745261], [121.169223, 14.74553], [121.168953, 14.74553], [121.168953, 14.7458], [121.168684, 14.7458], [121.168684, 14.747686], [121.168953, 14.747686], [121.168953, 14.747956], [121.168684, 14.747956], [121.168684, 14.748225], [121.168953, 14.748225], [121.168953, 14.748764], [121.169223, 14.748764], [121.169223, 14.749303], [121.169762, 14.749303], [121.169762, 14.749842], [121.170031, 14.749842], [121.170031, 14.750112], [121.17057, 14.750112], [121.17057, 14.750381], [121.171648, 14.750381], [121.171648, 14.750112], [121.172457, 14.750112], [121.172457, 14.749842], [121.174613, 14.749842], [121.174613, 14.749573], [121.174882, 14.749573], [121.174882, 14.747686], [121.175152, 14.747686], [121.175152, 14.746878], [121.175421, 14.746878], [121.175421, 14.746608], [121.175691, 14.746608], [121.175691, 14.746069], [121.17596, 14.746069], [121.17596, 14.74553], [121.17623, 14.74553], [121.17623, 14.744183], [121.176499, 14.744183], [121.176499, 14.743105], [121.17623, 14.743105], [121.17623, 14.742566], [121.176499, 14.742566], [121.176499, 14.742027], [121.176769, 14.742027], [121.176769, 14.741757], [121.177038, 14.741757], [121.177038, 14.740949], [121.176769, 14.740949], [121.176769, 14.740679], [121.176499, 14.740679], [121.176499, 14.74014], [121.17596, 14.74014], [121.17596, 14.739871], [121.175421, 14.739871], [121.175421, 14.74014], [121.174343, 14.74014], [121.174343, 14.74041], [121.174074, 14.74041], [121.174074, 14.740949], [121.173804, 14.740949], [121.173804, 14.741218]]], [[[121.172726, 14.759544], [121.172726, 14.759274], [121.172187, 14.759274], [121.172187, 14.759813], [121.171918, 14.759813], [121.171918, 14.760083], [121.171648, 14.760083], [121.171648, 14.760352], [121.171379, 14.760352], [121.171379, 14.760891], [121.171109, 14.760891], [121.171109, 14.761969], [121.171379, 14.761969], [121.171379, 14.762239], [121.171648, 14.762239], [121.171648, 14.761969], [121.172996, 14.761969], [121.172996, 14.762239], [121.173265, 14.762239], [121.173265, 14.763856], [121.173535, 14.763856], [121.173535, 14.764934], [121.173804, 14.764934], [121.173804, 14.765203], [121.174074, 14.765203], [121.174074, 14.765473], [121.174882, 14.765473], [121.174882, 14.765203], [121.175421, 14.765203], [121.175421, 14.765473], [121.175691, 14.765473], [121.175691, 14.765742], [121.17596, 14.765742], [121.17596, 14.766012], [121.17623, 14.766012], [121.17623, 14.766551], [121.176499, 14.766551], [121.176499, 14.768168], [121.176769, 14.768168], [121.176769, 14.768707], [121.177038, 14.768707], [121.177038, 14.768976], [121.177308, 14.768976], [121.177308, 14.769515], [121.178925, 14.769515], [121.178925, 14.769785], [121.179194, 14.769785], [121.179194, 14.770054], [121.179464, 14.770054], [121.179464, 14.770324], [121.180003, 14.770324], [121.180003, 14.770054], [121.180272, 14.770054], [121.180272, 14.769515], [121.180542, 14.769515], [121.180542, 14.769246], [121.181081, 14.769246], [121.181081, 14.768976], [121.181889, 14.768976], [121.181889, 14.768707], [121.182159, 14.768707], [121.182159, 14.768437], [121.182428, 14.768437], [121.182428, 14.768168], [121.182698, 14.768168], [121.182698, 14.767629], [121.182428, 14.767629], [121.182428, 14.76709], [121.182159, 14.76709], [121.182159, 14.76682], [121.181889, 14.76682], [121.181889, 14.766551], [121.18162, 14.766551], [121.18162, 14.766012], [121.181081, 14.766012], [121.181081, 14.765473], [121.180811, 14.765473], [121.180811, 14.765203], [121.180272, 14.765203], [121.180272, 14.764934], [121.180542, 14.764934], [121.180542, 14.764664], [121.180811, 14.764664], [121.180811, 14.764395], [121.182967, 14.764395], [121.182967, 14.764664], [121.184045, 14.764664], [121.184045, 14.764125], [121.184315, 14.764125], [121.184315, 14.762778], [121.184584, 14.762778], [121.184584, 14.762239], [121.185123, 14.762239], [121.185123, 14.761969], [121.185393, 14.761969], [121.185393, 14.762239], [121.185932, 14.762239], [121.185932, 14.762778], [121.186201, 14.762778], [121.186201, 14.763047], [121.18701, 14.763047], [121.18701, 14.762239], [121.18674, 14.762239], [121.18674, 14.761969], [121.186471, 14.761969], [121.186471, 14.7617], [121.186201, 14.7617], [121.186201, 14.76143], [121.185932, 14.76143], [121.185932, 14.760083], [121.185662, 14.760083], [121.185662, 14.760352], [121.185123, 14.760352], [121.185123, 14.760622], [121.184854, 14.760622], [121.184854, 14.760352], [121.184584, 14.760352], [121.184584, 14.759274], [121.183506, 14.759274], [121.183506, 14.760352], [121.183237, 14.760352], [121.183237, 14.760891], [121.182967, 14.760891], [121.182967, 14.761161], [121.182428, 14.761161], [121.182428, 14.762508], [121.182159, 14.762508], [121.182159, 14.762778], [121.181889, 14.762778], [121.181889, 14.763047], [121.18162, 14.763047], [121.18162, 14.763317], [121.18135, 14.763317], [121.18135, 14.763586], [121.180542, 14.763586], [121.180542, 14.763856], [121.180003, 14.763856], [121.180003, 14.763586], [121.179464, 14.763586], [121.179464, 14.763317], [121.179194, 14.763317], [121.179194, 14.763047], [121.178925, 14.763047], [121.178925, 14.762778], [121.178655, 14.762778], [121.178655, 14.762508], [121.177847, 14.762508], [121.177847, 14.762239], [121.177577, 14.762239], [121.177577, 14.761969], [121.177038, 14.761969], [121.177038, 14.7617], [121.176769, 14.7617], [121.176769, 14.76143], [121.17623, 14.76143], [121.17623, 14.761161], [121.175421, 14.761161], [121.175421, 14.760891], [121.175152, 14.760891], [121.175152, 14.760622], [121.174343, 14.760622], [121.174343, 14.760352], [121.173804, 14.760352], [121.173804, 14.760083], [121.173265, 14.760083], [121.173265, 14.759813], [121.172996, 14.759813], [121.172996, 14.759544], [121.172726, 14.759544]]], [[[121.191321, 14.761969], [121.191052, 14.761969], [121.191052, 14.7617], [121.190513, 14.7617], [121.190513, 14.76143], [121.189705, 14.76143], [121.189705, 14.761161], [121.189435, 14.761161], [121.189435, 14.76143], [121.188896, 14.76143], [121.188896, 14.761969], [121.189166, 14.761969], [121.189166, 14.762239], [121.189435, 14.762239], [121.189435, 14.762508], [121.189705, 14.762508], [121.189705, 14.762778], [121.189974, 14.762778], [121.189974, 14.763317], [121.190244, 14.763317], [121.190244, 14.763856], [121.190513, 14.763856], [121.190513, 14.764125], [121.190782, 14.764125], [121.190782, 14.764395], [121.191052, 14.764395], [121.191052, 14.764664], [121.191321, 14.764664], [121.191321, 14.764934], [121.191591, 14.764934], [121.191591, 14.765203], [121.192399, 14.765203], [121.192399, 14.765473], [121.194016, 14.765473], [121.194016, 14.765742], [121.194286, 14.765742], [121.194286, 14.766012], [121.194555, 14.766012], [121.194555, 14.767898], [121.194825, 14.767898], [121.194825, 14.768707], [121.195094, 14.768707], [121.195094, 14.768976], [121.195364, 14.768976], [121.195364, 14.769246], [121.195633, 14.769246], [121.195633, 14.769515], [121.196172, 14.769515], [121.196172, 14.769246], [121.196981, 14.769246], [121.196981, 14.768976], [121.19725, 14.768976], [121.19725, 14.768707], [121.197789, 14.768707], [121.197789, 14.768437], [121.198059, 14.768437], [121.198059, 14.768168], [121.198328, 14.768168], [121.198328, 14.767898], [121.198598, 14.767898], [121.198598, 14.767629], [121.198867, 14.767629], [121.198867, 14.767359], [121.199676, 14.767359], [121.199676, 14.767629], [121.199945, 14.767629], [121.199945, 14.767898], [121.200215, 14.767898], [121.200215, 14.768168], [121.200484, 14.768168], [121.200484, 14.768437], [121.200754, 14.768437], [121.200754, 14.768707], [121.201293, 14.768707], [121.201293, 14.768976], [121.202101, 14.768976], [121.202101, 14.768707], [121.202371, 14.768707], [121.202371, 14.768168], [121.202101, 14.768168], [121.202101, 14.767898], [121.201293, 14.767898], [121.201293, 14.767629], [121.200754, 14.767629], [121.200754, 14.76709], [121.200484, 14.76709], [121.200484, 14.76682], [121.200215, 14.76682], [121.200215, 14.766551], [121.199945, 14.766551], [121.199945, 14.766281], [121.198598, 14.766281], [121.198598, 14.766551], [121.198059, 14.766551], [121.198059, 14.76682], [121.197789, 14.76682], [121.197789, 14.767359], [121.19752, 14.767359], [121.19752, 14.767629], [121.196981, 14.767629], [121.196981, 14.767898], [121.196172, 14.767898], [121.196172, 14.767359], [121.195903, 14.767359], [121.195903, 14.766551], [121.196172, 14.766551], [121.196172, 14.765742], [121.195903, 14.765742], [121.195903, 14.765473], [121.195633, 14.765473], [121.195633, 14.765203], [121.194825, 14.765203], [121.194825, 14.764934], [121.194555, 14.764934], [121.194555, 14.764664], [121.194286, 14.764664], [121.194286, 14.764395], [121.194016, 14.764395], [121.194016, 14.764125], [121.193747, 14.764125], [121.193747, 14.763856], [121.193477, 14.763856], [121.193477, 14.763586], [121.192938, 14.763586], [121.192938, 14.763317], [121.192669, 14.763317], [121.192669, 14.763047], [121.192399, 14.763047], [121.192399, 14.762778], [121.19213, 14.762778], [121.19213, 14.762508], [121.19186, 14.762508], [121.19186, 14.762239], [121.191321, 14.762239], [121.191321, 14.761969]]], [[[121.140118, 14.770054], [121.139579, 14.770054], [121.139579, 14.769785], [121.139309, 14.769785], [121.139309, 14.770324], [121.13904, 14.770324], [121.13904, 14.770593], [121.13877, 14.770593], [121.13877, 14.770863], [121.13904, 14.770863], [121.13904, 14.771402], [121.139309, 14.771402], [121.139309, 14.771671], [121.139579, 14.771671], [121.139579, 14.771941], [121.139848, 14.771941], [121.139848, 14.77221], [121.140118, 14.77221], [121.140118, 14.77248], [121.140926, 14.77248], [121.140926, 14.773827], [121.141195, 14.773827], [121.141195, 14.775175], [121.140926, 14.775175], [121.140926, 14.775444], [121.140387, 14.775444], [121.140387, 14.777061], [121.140657, 14.777061], [121.140657, 14.7776], [121.140926, 14.7776], [121.140926, 14.77787], [121.142004, 14.77787], [121.142004, 14.778139], [121.142273, 14.778139], [121.142273, 14.778947], [121.142543, 14.778947], [121.142543, 14.779217], [121.143082, 14.779217], [121.143082, 14.778947], [121.143351, 14.778947], [121.143351, 14.778678], [121.144429, 14.778678], [121.144429, 14.77787], [121.14389, 14.77787], [121.14389, 14.7776], [121.143351, 14.7776], [121.143351, 14.777331], [121.143082, 14.777331], [121.143082, 14.776792], [121.142812, 14.776792], [121.142812, 14.776522], [121.143082, 14.776522], [121.143082, 14.776253], [121.142812, 14.776253], [121.142812, 14.773827], [121.142543, 14.773827], [121.142543, 14.77248], [121.142812, 14.77248], [121.142812, 14.771132], [121.142543, 14.771132], [121.142543, 14.770324], [121.142273, 14.770324], [121.142273, 14.768976], [121.142004, 14.768976], [121.142004, 14.768168], [121.141734, 14.768168], [121.141734, 14.767629], [121.141195, 14.767629], [121.141195, 14.768168], [121.140926, 14.768168], [121.140926, 14.768707], [121.141195, 14.768707], [121.141195, 14.770324], [121.140118, 14.770324], [121.140118, 14.770054]]]]}}]}