component_id,year,category,amount_php,Longitude,Latitude
P00824759LZ-CW1,2024,river_structure,17961569.07,118.89245,9.99653
P00824758LZ-CW1,2024,river_structure,17369992.99,118.89251,9.99761
P00824750LZ-CW1,2024,river_structure,16802607.63,118.89323,9.99671
P00737551LZ-CW1,2023,drainage,4899590.0,118.89970167,10.00265833
P00823565LZ-CW1,2024,river_structure,154395357.94,118.99017684,9.99904334
P00824756LZ-CW1,2024,river_structure,17369997.4,119.12203,10.02967
P00824757LZ-CW1,2024,river_structure,16120415.26,119.12383,10.02881
P00824760LZ-CW1,2024,river_structure,17370000.0,119.12416,10.02751
P00726266LZ-CW1,2023,river_structure,9014282.42,119.206224,10.25288
P00821520LZ-CW1,2024,river_structure,48248598.38,120.400763,16.006788
P00820974LZ-CW1,2024,river_structure,48249914.4,119.21562,10.147
P00820979LZ-CW1,2024,river_structure,44095477.55,119.22557,10.27601
P00632934LZ-CW1,2022,river_structure,4949962.82,119.231534,10.183842
P00844779LZ-CW1,2024,drainage,9784647.85,119.34648,10.32404
P00820975LZ-CW1,2024,river_structure,44097536.12,119.37435,10.42931
P00561401LZ-CW1,2021,river_structure,7778048.48,119.3863889,11.18027778
P00820977LZ-CW1,2024,river_structure,44097774.54,119.41688,11.19344
P00726267LZ-CW1,2023,river_structure,8929075.23,119.430384,11.243519
P00742461LZ-CW1,2023,drainage,4514354.14,119.461795,10.379389
P00820972LZ-CW1,2024,drainage,19598517.1,119.46259,10.68633
P00726264LZ-CW1,2023,river_structure,9064029.8,119.493683,10.717258
P00820412LZ-CW1,2024,river_structure,96499967.12,119.496278,10.64284
P00820414LZ-CW1,2024,river_structure,96499998.63,119.50026,10.64781
P00843194LZ-CW1,2024,river_structure,96500000.0,119.778189,16.132714
P00843195LZ-CW1,2024,river_structure,96500000.0,119.781525,16.134808
P00726326LZ-CW1,2023,river_structure,77200000.0,119.787802,16.128232
P00820714LZ-CW1,2024,river_structure,49000000.0,119.787876,16.131694
P00820122LZ-CW1,2024,river_structure,96500000.0,119.7881125833,16.1282539167
P00820127LZ-CW1,2024,river_structure,96500000.0,119.78954,16.128628
P00820126LZ-CW1,2024,river_structure,96500000.0,119.790688,16.124765
P00726365LZ-CW1,2023,river_structure,51145000.0,119.792725,16.121518
P00820715LZ-CW1,2024,river_structure,49000000.0,119.799836,16.113559
P00726328LZ-CW1,2023,river_structure,77200000.0,119.801599,16.111824
P00820123LZ-CW1,2024,river_structure,96500000.0,119.829299,16.108686
P00631082LZ-CW1,2022,river_structure,19600000.0,119.865492,15.941711
P00820124LZ-CW1,2024,river_structure,96500000.0,119.8757,16.0883
P00726265LZ-CW1,2023,river_structure,8884656.0,119.877454,12.221611
P00823306LZ-CW1,2024,slope_protection,96500000.0,119.886445,16.082542
P00823307LZ-CW1,2024,slope_protection,96500000.0,119.889496,16.081463
P00821091LZ-CW1,2024,river_structure,72686685.0,119.890938,16.079879
P00726363LZ-CW1,2023,river_structure,52809625.0,119.892779,16.076452
P00620955LZ-CW1,2022,river_structure,49000000.0,119.894204,16.075354
P00726330LZ-CW1,2023,river_structure,77200000.0,119.897591,15.88173
P00727153LZ-CW1,2023,river_structure,48117246.7,119.910846,15.784678
P00824717LZ-CW1,2024,slope_protection,47694698.0,119.910956,15.788027
P00824716LZ-CW1,2024,slope_protection,47695117.0,119.911072,15.788168
P00640535LZ-CW1,2022,river_structure,29698817.29,119.911692,15.722124
P00740644LZ-CW1,2023,drainage,19266907.03,119.914663,15.761437
P00631277LZ-CW1,2022,drainage,9506441.08,119.915881,15.622302
P00726327LZ-CW1,2023,river_structure,77200000.0,119.923106,15.816277
P00843196LZ-CW1,2024,river_structure,96500000.0,119.926663,16.078171
P00824834LZ-CW1,2024,river_structure,96500000.0,119.928258,15.807302
P00843197LZ-CW1,2024,river_structure,96500000.0,119.929609,16.075554
P00824835LZ-CW1,2024,river_structure,96500000.0,119.933349,15.810125
P00843180LZ-CW1,2024,river_structure,96500000.0,119.938083,15.81281
P00726364LZ-CW1,2023,river_structure,53075000.0,119.940066,16.068056
P00821105LZ-CW1,2024,river_structure,72687660.0,119.94275,16.058989
P00820716LZ-CW1,2024,river_structure,49000000.0,119.947081,16.140739
P00727154LZ-CW1,2023,river_structure,48995000.77,119.961637,15.38565
P00630935LZ-CW1,2022,slope_protection,96498232.03,119.961721,15.475036
P00630936LZ-CW1,2022,slope_protection,96482482.65,119.963464,15.470612
P00630937LZ-CW1,2022,slope_protection,91669651.44,119.963464,15.47062
P00526066LZ-CW1,2021,slope_protection,46794299.56,119.963824,15.469899
P00824714LZ-CW1,2024,river_structure,47670294.0,119.967118,15.806961
P00824799LZ-CW1,2024,river_structure,96500000.0,119.968266,16.170863
P00820121LZ-CW1,2024,river_structure,96500000.0,119.968294,16.17243
P00941153LZ-CW1,2025,river_structure,4850385.71,119.969155179269,16.0968465671925
P00824798LZ-CW1,2024,river_structure,96500000.0,119.970262,16.173912
P00620792LZ-CW1,2022,river_structure,66585000.0,119.971094,16.142784
P00823305LZ-CW1,2024,slope_protection,96500000.0,119.971324,16.17346
P00726332LZ-CW1,2023,river_structure,77200000.0,119.971464,16.170454
P00620794LZ-CW1,2022,river_structure,66585000.0,119.971992,16.167279
P00620793LZ-CW1,2022,river_structure,66971000.0,119.972413,16.16733
P00820120LZ-CW1,2024,river_structure,96500000.0,119.9734,16.169862
P00726361LZ-CW1,2023,river_structure,72375000.0,119.975323,16.167831
P00726362LZ-CW1,2023,river_structure,72375000.0,119.975441,16.166815
P00620954LZ-CW1,2022,river_structure,49000000.0,119.975694,16.138594
P00824797LZ-CW1,2024,river_structure,96500000.0,119.976198,16.177186
P00742162LZ-CW1,2023,slope_protection,98009377.11,119.979884,15.586431
P00742147LZ-CW1,2023,slope_protection,98999501.03,119.979884,15.586438
P00824715LZ-CW1,2024,river_structure,47669194.0,119.984052,15.809271
P00742148LZ-CW1,2023,slope_protection,98999273.23,119.988579,15.594575
P00742149LZ-CW1,2023,slope_protection,98999798.68,119.990359,15.594505
P00742381LZ-CW1,2023,slope_protection,98999580.83,119.993756,15.593231
P00620187LZ-CW1,2022,slope_protection,69009815.77,120.007582,15.275352
P00640537LZ-CW1,2022,river_structure,37620000.0,120.008196,15.332465
P00640538LZ-CW1,2022,river_structure,37620000.0,120.008643,15.334361
P00820713LZ-CW1,2024,river_structure,49000000.0,120.008678,16.115065
P00844770LZ-CW1,2024,river_structure,47579211.86,120.008689,15.319846
P00843215LZ-CW1,2024,river_structure,96491365.52,120.008813,16.182669
P00640536LZ-CW1,2022,river_structure,39303000.0,120.009491,15.330417
P00640540LZ-CW1,2022,slope_protection,49500000.0,120.010577,15.333914
P00640539LZ-CW1,2022,river_structure,39303000.0,120.011307,15.327896
P00725703LZ-CW1,2023,river_structure,96499292.34,120.015853,15.269167
P00740643LZ-CW1,2023,river_structure,28870422.99,120.028599,15.290068
P00726748LZ-CW1,2023,river_structure,48998700.23,120.03,15.2656
P00726837LZ-CW1,2023,river_structure,106150000.0,120.034463,16.034463
P00620555LZ-CW1,2022,river_structure,47039334.54,120.040069,15.269232
P00620523LZ-CW1,2022,river_structure,46031419.24,120.04711,15.24101
P00742377LZ-CW1,2023,slope_protection,5850198.15,120.055051,15.156488
P00561720LZ-CW1,2021,slope_protection,24750000.0,120.056073,15.313149
P00561574LZ-CW1,2021,river_structure,19042647.14,120.40111,13.416389
P00742373LZ-CW1,2023,slope_protection,48050158.9,120.401175,15.655183
P00630929LZ-CW1,2022,slope_protection,57900000.0,120.4012,16.065
P00742271LZ-CW1,2023,river_structure,9799384.97,120.401534,16.818711
P00821475LZ-CW1,2024,river_structure,48926107.83,120.401734,16.367985
P00824807LZ-CW1,2024,river_structure,154399996.76,120.402042,16.665165
P00727245LZ-CW1,2023,river_structure,72334997.36,120.402162,16.366497
P00727243LZ-CW1,2023,river_structure,72334995.83,120.402272,16.370192
P00727244LZ-CW1,2023,river_structure,72334992.2,120.402303,16.370253
P00839554LZ-CW1,2024,drainage,4950000.0,120.403223,16.059806
P00621287LZ-CW1,2022,river_structure,289499994.76,120.403308,15.740944
P00820103LZ-CW1,2024,river_structure,82971487.54,120.4033116,16.6716653
P00631073LZ-CW1,2022,river_structure,7693165.65,120.4036,16.577
P00821474LZ-CW1,2024,river_structure,48987820.45,120.403667,16.365157
P00742276LZ-CW1,2023,river_structure,29000189.13,120.4046583,16.38129444
P00727333LZ-CW1,2023,river_structure,24459999.44,120.404675,16.380569
P00727242LZ-CW1,2023,river_structure,72334993.61,120.40487,16.372723
P00727240LZ-CW1,2023,river_structure,72334422.8,120.404971,16.278859
P00845902LZ-CW1,2024,river_structure,29693457.1,120.405002,16.363388
P00839551LZ-CW1,2024,river_structure,14849401.14,120.405027,16.362418
P00727079LZ-CW1,2023,river_structure,38023727.14,120.40523,17.21407
P00726498LZ-CW1,2023,slope_protection,144749856.69,120.4052808,15.6607459
P00727241LZ-CW1,2023,river_structure,72334998.14,120.405872,16.376165
P00639316LZ-CW1,2022,slope_protection,201253790.0,120.40632,16.55569
P00737427LZ-CW1,2023,river_structure,4847330.62,120.40753,15.94393
P00621085LZ-CW1,2022,river_structure,48167000.08,120.408252,15.68087
P00726068LZ-CW1,2023,river_structure,19192162.85,120.40848,15.94914
P00726090LZ-CW1,2023,river_structure,19599584.16,120.408675,15.921896
P00823292LZ-CW1,2024,river_structure,115799720.8,120.40975,16.502485
P00824809LZ-CW1,2024,river_structure,154399995.59,120.4098,16.6822
P00631271LZ-CW1,2022,slope_protection,43210090.76,120.410105,15.68264
P00725712LZ-CW1,2023,river_structure,48250000.0,120.4104917,14.84710556
P00631267LZ-CW1,2022,river_structure,28870799.6,120.410616,15.683279
P00620549LZ-CW1,2022,river_structure,19219599.55,120.411119,15.688302
P00639363LZ-CW1,2022,drainage,72374999.81,120.411674,14.845038
P00621570LZ-CW1,2022,slope_protection,93605000.0,120.411703,15.682664
P00621572LZ-CW1,2022,slope_protection,96500000.0,120.412382,15.683264
P00823295LZ-CW1,2024,river_structure,33774671.1,120.412804,17.206896
P00525866LZ-CW1,2021,river_structure,49000000.0,120.4135,17.78127222
P00640457LZ-CW1,2022,slope_protection,97015000.0,120.414219,15.682832
P00621571LZ-CW1,2022,slope_protection,96500000.0,120.414578,15.681961
P00823314LZ-CW1,2024,river_structure,19284998.86,120.414691,16.356472
P00621474LZ-CW1,2022,slope_protection,94564193.0,120.415041,15.746609
P00620956LZ-CW1,2022,river_structure,24124966.41,120.41543,16.08131
P00621090LZ-CW1,2022,river_structure,38708110.64,120.415661,15.701498
P00845904LZ-CW1,2024,river_structure,29693452.57,120.415777,16.348489
P00823291LZ-CW1,2024,river_structure,115799749.5,120.416,16.5037
P00621088LZ-CW1,2022,river_structure,28782600.04,120.416012,15.693751
P00726336LZ-CW1,2023,river_structure,144732166.43,120.416893,16.35235
P00727095LZ-CW1,2023,river_structure,26934215.03,120.4173,16.07655
P00631272LZ-CW1,2022,slope_protection,43206331.56,120.41734,15.704051
P00726742LZ-CW1,2023,river_structure,48018969.45,120.417442,15.681861
P00632808LZ-CW1,2022,river_structure,14849999.56,120.41769,14.845001
P00726743LZ-CW1,2023,river_structure,49000000.0,120.417694,15.687486
P00821479LZ-CW1,2024,river_structure,48249980.3,120.417911,16.355874
P00742314LZ-CW1,2023,river_structure,19799993.13,120.418909,14.845288
P00621087LZ-CW1,2022,river_structure,44217525.58,120.419009,15.705916
P00640527LZ-CW1,2022,slope_protection,48511637.23,120.419263,15.748797
P00844719LZ-CW1,2024,river_structure,48999163.46,120.419463,16.920519
P00621161LZ-CW1,2022,river_structure,289500000.0,120.419517,15.747492
P00823396LZ-CW1,2024,river_structure,96499998.25,120.420212,14.845313
P00823296LZ-CW1,2024,river_structure,41782461.14,120.42022,17.20442
P00820729LZ-CW1,2024,river_structure,47699899.6,120.421,15.925
P00621567LZ-CW1,2022,slope_protection,93624301.65,120.421745,15.705803
P00621092LZ-CW1,2022,river_structure,48019463.48,120.421926,15.712043
P00637029LZ-CW1,2022,river_structure,94473500.0,120.422225,15.752422
P00726067LZ-CW1,2023,river_structure,19591606.43,120.42261,15.92619
P00621574LZ-CW1,2022,river_structure,94757810.2,120.42262,15.31976
P00737425LZ-CW1,2023,river_structure,9610913.73,120.423202,15.926209
P00637018LZ-CW1,2022,slope_protection,94859500.09,120.423255,15.727678
P00845905LZ-CW1,2024,river_structure,29694079.43,120.423261,16.344816
P00642731LZ-CW1,2022,river_structure,28341642.04,120.423654,17.498897
P00821467LZ-CW1,2024,river_structure,48249960.93,120.423669,16.9097636
P00727083LZ-CW1,2023,river_structure,47492773.91,120.42369,17.20659
P00820128LZ-CW1,2024,river_structure,82971637.15,120.423725,16.849743
P00726341LZ-CW1,2023,river_structure,104218299.83,120.423916,17.500141
P00726836LZ-CW1,2023,river_structure,28946887.58,120.424227,16.071347
P00735972LZ-CW1,2023,river_structure,62715307.43,120.424608,15.727817
P00621238LZ-CW1,2022,river_structure,96499999.24,120.424618,14.867796
P00621084LZ-CW1,2022,river_structure,48388239.68,120.424856,15.716805
P00742270LZ-CW1,2023,river_structure,19205970.89,120.42507,17.1755
P00620939LZ-CW1,2022,river_structure,19299963.13,120.42526,16.9113
P00742310LZ-CW1,2023,river_structure,4949998.84,120.42536,14.84645
P00824839LZ-CW1,2024,river_structure,19284998.86,120.4257,16.3491
P00844712LZ-CW1,2024,river_structure,34299950.55,120.42614,17.49168
P00641929LZ-CW1,2022,river_structure,24498030.54,120.427193,17.167052
P00640563LZ-CW1,2022,slope_protection,46063691.36,120.427976,13.426097
P00726835LZ-CW1,2023,river_structure,48247153.84,120.4281123,16.070934
P00742278LZ-CW1,2023,slope_protection,21774296.02,120.4285,16.07379
P00620503LZ-CW1,2022,river_structure,23956086.13,120.42856,14.843283
P00631268LZ-CW1,2022,river_structure,28767900.51,120.42864,15.720297
P00726712LZ-CW1,2023,river_structure,29007996.56,120.428716,14.844964
P00821096LZ-CW1,2024,river_structure,144749736.97,120.428731,16.356512
P00823290LZ-CW1,2024,river_structure,115799805.58,120.429,16.5148
P00620778LZ-CW1,2022,river_structure,91675000.0,120.429022,17.62585
P00843205LZ-CW1,2024,river_structure,96492408.53,120.429063,16.833328
P00726335LZ-CW1,2023,river_structure,144720639.74,120.429417,16.356468
P00621513LZ-CW1,2022,river_structure,19004737.39,120.42947,17.54835
P00621569LZ-CW1,2022,slope_protection,93605000.0,120.429565,15.725144
P00640494LZ-CW1,2022,river_structure,4950000.0,120.457841,17.796588
P00620787LZ-CW1,2022,river_structure,28949952.43,120.45793,17.388055
P00726070LZ-CW1,2023,river_structure,19221664.9,120.4581,16.03057
P00823312LZ-CW1,2024,river_structure,82004907.35,120.458154,17.736667
P00631172LZ-CW1,2022,river_structure,9800000.0,120.45817,14.448982
P00632739LZ-CW1,2022,slope_protection,29695852.29,120.45852,17.204021
P00639421LZ-CW1,2022,river_structure,28517340.06,120.458571,17.203588
P00727074LZ-CW1,2023,river_structure,23764976.32,120.4589,17.23382
P00726906LZ-CW1,2023,river_structure,72367030.12,120.459956,15.371394
P00727065LZ-CW1,2023,river_structure,39200000.0,120.459965,17.606258
P00845916LZ-CW1,2024,river_structure,9807797.77,120.46,15.895
P00845923LZ-CW1,2024,river_structure,24120025.11,120.46,15.895
P00727062LZ-CW1,2023,river_structure,24500000.0,120.460002,17.622387
P00620788LZ-CW1,2022,river_structure,28949536.8,120.460142,17.386548
P00821480LZ-CW1,2024,river_structure,48249567.54,120.460755,16.3192
P00526418LZ-CW1,2021,river_structure,29388967.02,120.461,15.3709
P00821514LZ-CW1,2024,river_structure,48125303.6,120.461,15.744
P00621272LZ-CW1,2022,river_structure,96498788.06,120.46125,16.11713
P00726069LZ-CW1,2023,river_structure,19207862.6,120.46142,15.89411
P00727337LZ-CW1,2023,river_structure,19011840.59,120.461574,15.745359
P00620789LZ-CW1,2022,river_structure,28949795.51,120.461718,17.384392
P00637768LZ-CW1,2022,river_structure,9899961.42,120.4618,15.8937
P00727336LZ-CW1,2023,river_structure,18983001.6,120.4618,15.7462
P00820129LZ-CW1,2024,river_structure,77197170.06,120.461887,16.115618
P00726907LZ-CW1,2023,river_structure,72369873.3,120.462025,15.373867
P00632735LZ-CW1,2022,river_structure,4897213.84,120.462183,17.245747
P00620938LZ-CW1,2022,river_structure,24500000.0,120.462688,17.617136
P00726641LZ-CW1,2023,river_structure,48607982.24,120.463499,16.31689
P00838507LZ-CW1,2024,river_structure,28947643.81,120.464938,16.817466
P00639486LZ-CW1,2022,river_structure,48953097.08,120.465,15.37277778
P00825215LZ-CW1,2024,river_structure,9533441.56,120.466,15.82
P00725734LZ-CW1,2023,river_structure,70203779.61,120.466094,15.617936
P00821512LZ-CW1,2024,river_structure,48999982.32,120.467,15.853
P00726049LZ-CW1,2023,river_structure,29400000.0,120.4679,17.79798
P00737417LZ-CW1,2023,river_structure,4946717.84,120.467991,16.308801
P00620507LZ-CW1,2022,river_structure,48999999.6,120.468056,14.859444
P00737431LZ-CW1,2023,river_structure,13546760.75,120.468118,15.852386
P00846004LZ-CW1,2024,slope_protection,14844483.15,120.46835,14.94534
P00821515LZ-CW1,2024,river_structure,48999990.55,120.469,15.76
P00621623LZ-CW1,2022,river_structure,46100036.07,120.469153,13.427395
P00824651LZ-CW1,2024,river_structure,48989188.24,120.46962,17.23444
P00820801LZ-CW1,2024,river_structure,48999999.85,120.4698833,14.8568
P00824650LZ-CW1,2024,river_structure,29399480.08,120.47027,17.31194
P00725871LZ-CW1,2023,river_structure,96492142.55,120.470451361111,13.3895088611111
P00823375LZ-CW1,2024,river_structure,95527152.18,120.471358,15.349261
P00726359LZ-CW1,2023,river_structure,46808283.34,120.471531,17.381871
P00637779LZ-CW1,2022,slope_protection,19794566.45,120.47158,14.942328
P00621525LZ-CW1,2022,river_structure,9505483.78,120.4724,17.42001
P00620504LZ-CW1,2022,river_structure,48999998.32,120.47313,14.853273
P00843190LZ-CW1,2024,river_structure,115799701.49,120.4732,16.214
P00737433LZ-CW1,2023,river_structure,4840512.64,120.4732017,15.928036
P00726360LZ-CW1,2023,river_structure,46807469.14,120.473466,17.386125
P00632727LZ-CW1,2022,drainage,4900000.0,120.47378,17.92661
P00737451LZ-CW1,2023,river_structure,9900000.0,120.474252,14.635722
P00820400LZ-CW1,2024,river_structure,96496449.5,120.474378,13.394094
P00621486LZ-CW1,2022,river_structure,49000000.0,120.474543,14.628503
P00640495LZ-CW1,2022,river_structure,19799995.98,120.474593,17.233574
P00620505LZ-CW1,2022,river_structure,48999999.85,120.476038,14.852013
P00620506LZ-CW1,2022,river_structure,48999999.42,120.476111,14.851667
P00620169LZ-CW1,2022,river_structure,93660970.0,120.476314,14.631781
P00725586LZ-CW1,2023,river_structure,19299995.86,120.47642,17.94374
P00821469LZ-CW1,2024,river_structure,48655692.77,120.476598,16.329895
P00621001LZ-CW1,2022,river_structure,24113608.31,120.477975,16.435551
P00621624LZ-CW1,2022,river_structure,45141156.75,120.478011,13.41307
P00525587LZ-CW1,2021,slope_protection,55958985.69,120.478287,14.981025
P00740615LZ-CW1,2023,slope_protection,29394256.81,120.4789,14.8941
P00742351LZ-CW1,2023,slope_protection,28704277.87,120.4789,14.8938
P00742355LZ-CW1,2023,slope_protection,36624784.11,120.4792,14.8919
P00737416LZ-CW1,2023,river_structure,4946964.09,120.479878,16.294355
P00525862LZ-CW1,2021,river_structure,19600000.0,120.4799333,17.78814444
P00839574LZ-CW1,2024,river_structure,5798658.09,120.4802,14.63628
P00727091LZ-CW1,2023,river_structure,19595588.4,120.480892,16.046342
P00821517LZ-CW1,2024,river_structure,48999982.86,120.481,15.755
P00727339LZ-CW1,2023,river_structure,9491153.3,120.4826594,15.75524194
P00742350LZ-CW1,2023,slope_protection,28704722.99,120.4828,14.8998
P00631098LZ-CW1,2022,river_structure,48261362.1,120.4834,16.1642
P00727087LZ-CW1,2023,river_structure,29392643.7,120.4837,16.049935
P00620500LZ-CW1,2022,river_structure,24499999.72,120.483849,14.9138
P00820101LZ-CW1,2024,river_structure,35065183.86,120.484642,17.870288
P00621458LZ-CW1,2022,slope_protection,48847004.76,120.4852141,14.902279
P00631069LZ-CW1,2022,river_structure,49000000.0,120.485498,17.556227
P00821524LZ-CW1,2024,river_structure,48137413.02,120.48604,15.982536
P00631068LZ-CW1,2022,river_structure,29400000.0,120.486524,17.553873
P00620129LZ-CW1,2022,river_structure,86849854.45,120.4874331,17.408764444
P00726176LZ-CW1,2023,river_structure,29393715.3,120.4888,14.945689
P00640513LZ-CW1,2022,river_structure,39599984.38,120.4889944,14.8531224
P00644722LZ-CW1,2022,river_structure,47528651.6,120.489026,18.071149
P00823392LZ-CW1,2024,river_structure,96499998.25,120.489723,14.852907
P00640498LZ-CW1,2022,river_structure,19799998.31,120.489861,17.117877
P00726853LZ-CW1,2023,river_structure,9650000.0,120.49021,18.07249
P00726850LZ-CW1,2023,river_structure,9215046.51,120.49024,17.94909
P00631097LZ-CW1,2022,river_structure,48255997.27,120.49033,16.1722
P00823576LZ-CW1,2024,river_structure,241246348.72,120.490344,13.417712
P00639367LZ-CW1,2022,river_structure,94481613.13,120.49055,15.37805
P00848604LZ-CW1,2024,river_structure,53459995.32,120.49084,17.927309
P00620461LZ-CW1,2022,river_structure,33779643.34,120.4911,15.8331
P00631085LZ-CW1,2022,slope_protection,14260946.7,120.491283,16.062184
P00525984LZ-CW1,2021,river_structure,48999998.19,120.491383,14.864408
P00725600LZ-CW1,2023,river_structure,48249992.07,120.49331,17.92054
P00639366LZ-CW1,2022,river_structure,96496291.64,120.4939583,15.38006111
P00630587MN-CW1,2022,river_structure,19300519.14,123.590489,8.019233
P00620299MN-CW1,2022,river_structure,29399995.42,126.0064018,8.3734226
P00620114MN-CW1,2022,river_structure,48999994.29,125.393615833,7.800405
P00632322MN-CW1,2022,slope_protection,96399243.69,126.358205,7.90878
P00631081LZ-CW1,2022,river_structure,34299548.02,119.891439,16.393694
P00725616LZ-CW1,2023,river_structure,67549992.23,120.346041,17.565903
P00824812LZ-CW1,2024,river_structure,82403230.11,120.401368,16.505633
P00639420LZ-CW1,2022,river_structure,4899720.46,120.549398,17.375802
P00838484LZ-CW1,2024,river_structure,4899978.15,120.5610591,18.263152
P00742158LZ-CW1,2023,river_structure,59358779.56,120.809685,14.757415
P00820227LZ-CW1,2024,river_structure,72374895.37,120.820479,14.827436
P00727363LZ-CW1,2023,river_structure,4825444.4,120.951773,14.753638
P00740278LZ-CW1,2023,river_structure,96419364.54,120.970972222222,14.6310827777778
P00737403LZ-CW1,2023,drainage,4948482.78,120.972740166667,14.6296253055556
P00737404LZ-CW1,2023,drainage,9892991.03,120.973333,14.631274
P00740287LZ-CW1,2023,river_structure,93973783.55,120.973685,14.634801
P00740288LZ-CW1,2023,river_structure,93855667.56,120.973685,14.634801
P00740289LZ-CW1,2023,river_structure,93950837.84,120.973685,14.634801
P00737405LZ-CW1,2023,drainage,9879998.59,120.974258,14.63075
P00742425LZ-CW1,2023,river_structure,19797210.25,120.977679,14.436324
P00725996LZ-CW1,2023,river_structure,34298030.64,120.978434,14.634319
P00620370LZ-CW1,2022,drainage,24495923.62,120.9896566,14.4887391
P00620906LZ-CW1,2022,river_structure,28158400.47,121.002060277778,14.3941447222222
P00821458LZ-CW1,2024,river_structure,48508612.63,121.0121214,14.6300186
P00561774LZ-CW1,2021,river_structure,28809112.3,121.0231332,14.3456851
P00735025MN-CW1,2023,river_structure,48192075.61,121.027815,5.928805
P00620763LZ-CW1,2022,river_structure,91568484.81,121.052231111111,14.4006419444444
P00620764LZ-CW1,2022,river_structure,92570039.77,121.05405,14.389618
P00821069LZ-CW1,2024,slope_protection,141782501.1,121.069029608782,14.5050830724284
P00620218LZ-CW1,2022,river_structure,92594196.37,121.09413,14.35614
P00725939LZ-CW1,2023,river_structure,26918501.97,121.0989626,14.569633
P00620365LZ-CW1,2022,river_structure,45822749.02,121.104079,14.551402
P00727008LZ-CW1,2023,drainage,3717255.0,121.1061194,14.5918895
P00725958LZ-CW1,2023,drainage,13917186.0,121.1063588,14.5910336
P00620644LZ-CW1,2022,river_structure,38092846.4,121.137907222222,14.5321233333333
P00561394LZ-CW1,2021,drainage,44510754.03,121.14881,14.53781
P00721663MN-CW1,2023,river_structure,67212246.7,121.215098,5.979381
P00721236MN-CW1,2023,river_structure,48008750.33,121.31338,5.967259
P00737497LZ-CW1,2023,drainage,4801496.0,121.3992,13.8267
P00631118LZ-CW1,2022,river_structure,41663887.47,121.564964,17.1346
P00726426LZ-CW1,2023,river_structure,48229649.53,121.566533,17.135401
P00726115LZ-CW1,2023,river_structure,4847996.84,121.606624,18.077401
P00727355LZ-CW1,2023,river_structure,48659086.18,121.752095259722,17.0055448985846
P00525960LZ-CW1,2021,river_structure,46493250.44,121.8073075,16.9792355555556
P00630472MN-CW1,2022,river_structure,53034576.67,121.8948,6.5479
P00620616LZ-CW1,2022,river_structure,24500000.0,121.925564457656,14.0029232550634
P00820910LZ-CW1,2024,river_structure,19579679.37,121.925879,14.003703
P00820925LZ-CW1,2024,river_structure,9796174.35,121.926065479254,14.0039659064091
P00420382MN-CW1,2020,river_structure,105571270.46,121.931876666667,6.61807833333333
P00727341LZ-CW1,2023,river_structure,16445177.1,121.945008,20.416922
P00733983MN-CW1,2023,river_structure,49113586.1,122.0213,6.4737
P00835755MN-CW1,2024,river_structure,24107610.26,122.0433,6.4205
P00732467MN-CW1,2023,river_structure,39595356.53,122.0433,6.4205
P00733984MN-CW1,2023,river_structure,27040410.0,122.087679,6.483976
P00734382MN-CW1,2023,river_structure,9779883.56,122.1298,6.6934
P00538301VS-CW1,2021,slope_protection,5751010.14,122.3972,9.775
P00620279VS-CW1,2022,river_structure,59904305.0,123.162869,9.526856
P00746103VS-CW1,2023,river_structure,92108285.0,123.476028888889,10.1071930555556
P00833602MN-CW1,2024,river_structure,4924487.07,124.041,6.7499
P00734416MN-CW1,2023,river_structure,4950000.0,124.041,6.7499
P00721320MN-CW1,2023,river_structure,109380392.33,124.21513,7.19098
P00620244MN-CW1,2022,river_structure,81574238.89,124.22178,7.18013
P00620245MN-CW1,2022,river_structure,81999595.28,124.22379,7.17737
P00620246MN-CW1,2022,river_structure,81223898.37,124.22695,7.17508
P00734032MN-CW1,2023,river_structure,9505468.74,124.25524,7.26545
P00820356MN-CW1,2024,river_structure,47283436.87,124.46903,7.04914
P00633902MN-CW1,2022,river_structure,91674665.27,124.479906,6.98946
P00522108MN-CW1,2021,river_structure,23995000.03,124.48294,6.98845
P00632318MN-CW1,2022,river_structure,91674403.59,124.4975,7.017778
P00522107MN-CW1,2021,river_structure,23995000.0,124.49931,7.03017
P00721448MN-CW1,2023,river_structure,92286809.99,124.4997109,7.0322727
P00620243MN-CW1,2022,river_structure,78620793.02,124.506815,7.026585
P00620242MN-CW1,2022,river_structure,78992559.63,124.5081,7.024211
P00620241MN-CW1,2022,river_structure,79932563.97,124.5118,7.022578
P00721449MN-CW1,2023,river_structure,57324045.23,124.52027,7.0314217
P00721575VS-CW1,2023,river_structure,123519982.59,124.685579,11.304888
P00521566VS-CW1,2021,river_structure,92505676.69,124.686788,11.304773
P00721321MN-CW1,2023,river_structure,74329125.0,124.73902,7.08379
P00721323MN-CW1,2023,river_structure,47646875.0,124.73995,7.08395
P00721322MN-CW1,2023,river_structure,47646875.0,124.74046,7.07819
P00522109MN-CW1,2021,river_structure,21591512.98,124.79156,6.63837
P00633905MN-CW1,2022,river_structure,96499063.51,124.80727,6.68203
P00620088MN-CW1,2022,river_structure,81000521.2,124.810495,6.665469
P00631075MN-CW1,2022,slope_protection,49399692.3,124.810588,6.667944
P00820418VS-CW1,2024,river_structure,40694013.14,124.811734,12.01995
P00620087MN-CW1,2022,river_structure,80831781.63,124.812763,6.663677
P00444687MN-CW1,2020,river_structure,48512932.29,124.81298,6.6639
P00620086MN-CW1,2022,river_structure,80300725.51,124.840923,6.692464
P00444655MN-CW1,2020,river_structure,48600631.28,124.84118,6.69234
P00633904MN-CW1,2022,river_structure,96499939.49,124.8412,6.69987
P00820105MN-CW1,2024,river_structure,96008853.82,124.86715,6.73991
P00630686VS-CW1,2022,slope_protection,14847437.16,124.929167,11.569722
P00549877VS-CW1,2021,slope_protection,96500000.0,124.930859,10.123653
P00620235VS-CW1,2022,river_structure,48998750.0,125.004252,11.252502
P00549876VS-CW1,2021,slope_protection,96500000.0,125.023401,10.055536
P00721593VS-CW1,2023,river_structure,151771943.33,125.02788999,11.21230878
P00634138MN-CW1,2022,river_structure,9900000.0,125.63552885,7.08736591111111
P00538309MN-CW1,2021,slope_protection,7085328.3,125.645759,8.913132
P00637032LZ-CW1,2022,slope_protection,92634459.47,120.058717,15.771535
P00620844LZ-CW1,2022,river_structure,72260538.6,120.060371,14.948337
P00740641LZ-CW1,2023,river_structure,19286075.3,120.064146,14.91818
P00820978LZ-CW1,2024,river_structure,44079742.82,120.06715,12.02481
P00742378LZ-CW1,2023,slope_protection,9721105.3,120.076859,15.065408
P00824713LZ-CW1,2024,slope_protection,28515722.18,120.076959,15.065385
P00740323LZ-CW1,2023,river_structure,72374965.08,120.08731687,14.96212967
P00725702LZ-CW1,2023,river_structure,96500000.0,120.099214,15.106471
P00820976LZ-CW1,2024,river_structure,44098571.94,120.1548,12.04441
P00726768LZ-CW1,2023,river_structure,20088519.55,120.155234,12.047626
P00620554LZ-CW1,2022,river_structure,48999754.56,120.15882,15.000472
P00620852LZ-CW1,2022,river_structure,77199999.49,120.16861,14.910144
P00620853LZ-CW1,2022,river_structure,77199999.88,120.180165,14.906849
P00725740LZ-CW1,2023,river_structure,67549998.17,120.18022,14.9504
P00620854LZ-CW1,2022,river_structure,82024999.11,120.180683,14.906849
P00726517LZ-CW1,2023,river_structure,96499859.1,120.1835,14.9093
P00620198LZ-CW1,2022,river_structure,77199999.95,120.192427,14.956096
P00620199LZ-CW1,2022,river_structure,77199999.54,120.193966,14.955054
P00825099LZ-CW1,2024,river_structure,77199613.07,120.197541,14.932212
P00825245LZ-CW1,2024,drainage,19599347.92,120.198837,14.93389
P00726919LZ-CW1,2023,river_structure,67549976.8,120.19953,14.96716
P00825101LZ-CW1,2024,river_structure,96499979.14,120.205201,14.867562
P00823350LZ-CW1,2024,river_structure,192999998.6,120.21105,15.01182
P00620856LZ-CW1,2022,river_structure,67549948.39,120.213237,14.93125
P00620855LZ-CW1,2022,river_structure,82024973.17,120.2134,14.933617
P00726518LZ-CW1,2023,river_structure,49214867.35,120.2143,14.9302
P00737423LZ-CW1,2023,river_structure,34649388.88,120.21766,15.974325
P00727155LZ-CW1,2023,river_structure,48588399.53,120.22198,14.92433
P00737424LZ-CW1,2023,river_structure,34649416.67,120.223,15.9883
P00725741LZ-CW1,2023,river_structure,77199858.11,120.2248,14.8907
P00637078LZ-CW1,2022,drainage,48999925.14,120.226876,14.927034
P00620960LZ-CW1,2022,river_structure,29395977.64,120.236374,15.975562
P00725742LZ-CW1,2023,river_structure,67549986.63,120.2391,14.8619
P00620959LZ-CW1,2022,river_structure,29397122.87,120.239424,15.942356
P00620961LZ-CW1,2022,river_structure,39196253.39,120.240093,15.945679
P00825100LZ-CW1,2024,river_structure,96499707.06,120.240099,14.862835
P00620957LZ-CW1,2022,river_structure,44095038.26,120.242074,15.958835
P00825244LZ-CW1,2024,river_structure,48999585.54,120.244241,14.851193
P00820966LZ-CW1,2024,river_structure,19599535.39,120.24535,13.760887
P00620963LZ-CW1,2022,river_structure,43320017.5,120.246083,15.910459
P00737549LZ-CW1,2023,river_structure,4899368.2,120.24615,13.76133
P00742454LZ-CW1,2023,river_structure,4899326.3,120.25684,13.71333
P00727181LZ-CW1,2023,river_structure,48999373.17,120.256888333333,13.7134483333333
P00620205LZ-CW1,2022,river_structure,82024855.75,120.258867,14.86628
P00632743LZ-CW1,2022,drainage,2874135.77,120.26191,16.034929
P00620206LZ-CW1,2022,river_structure,77199747.86,120.264529,14.876366
P00726516LZ-CW1,2023,river_structure,77199995.6,120.26808,14.8233
P00845907LZ-CW1,2024,river_structure,9900000.0,120.269821,15.8856
P00821484LZ-CW1,2024,river_structure,48249995.84,120.269849,15.885592
P00620201LZ-CW1,2022,river_structure,77199029.61,120.270446,14.82606
P00621292LZ-CW1,2022,river_structure,82024373.44,120.272598,14.828652
P00620962LZ-CW1,2022,river_structure,44098697.87,120.276045,15.873873
P00620980LZ-CW1,2022,river_structure,48999983.45,120.276223,15.878792
P00825098LZ-CW1,2024,river_structure,96499999.98,120.276593,14.833416
P00621288LZ-CW1,2022,river_structure,48249970.41,120.282755,14.842755
P00821108LZ-CW1,2024,river_structure,96499988.29,120.283251,15.866859
P00640458LZ-CW1,2022,drainage,9899964.4,120.283663,14.83833
P00620200LZ-CW1,2022,river_structure,77199586.11,120.2838222,14.84320833
P00620556LZ-CW1,2022,river_structure,39199639.49,120.286683,14.846512
P00727251LZ-CW1,2023,river_structure,57899999.6,120.288096,15.86586
P00726650LZ-CW1,2023,river_structure,19574868.44,120.29095,15.91892
P00620202LZ-CW1,2022,river_structure,38598913.89,120.29112,14.857453
P00821523LZ-CW1,2024,river_structure,47618177.06,120.292,15.841
P00620981LZ-CW1,2022,river_structure,48999994.57,120.29283,15.83614
P00726651LZ-CW1,2023,river_structure,47569136.59,120.29283,15.83615
P00742164LZ-CW1,2023,river_structure,49500000.0,120.296169,14.653004
P00632744LZ-CW1,2022,drainage,4947605.86,120.2978083,15.99578611
P00821522LZ-CW1,2024,river_structure,47784593.1,120.299,15.859
P00726088LZ-CW1,2023,river_structure,19597787.66,120.299867,15.926794
P00640512LZ-CW1,2022,river_structure,18809999.75,120.300502,14.6552627
P00620979LZ-CW1,2022,river_structure,48762586.97,120.301317,15.85806
P00726082LZ-CW1,2023,river_structure,19599973.46,120.305669,15.946383
P00639357LZ-CW1,2022,slope_protection,94372250.0,120.3097,15.485586
P00639356LZ-CW1,2022,slope_protection,94381900.0,120.309867,15.485767
P00726091LZ-CW1,2023,river_structure,19303732.61,120.310306,15.904457
P00639355LZ-CW1,2022,slope_protection,94251550.0,120.312633,15.485733
P00631076LZ-CW1,2022,river_structure,33712619.0,120.31276,16.52393
P00639354LZ-CW1,2022,slope_protection,94261200.0,120.312931,15.486917
P00525600LZ-CW1,2021,drainage,77199992.48,120.314322,14.862754
P00620958LZ-CW1,2022,river_structure,44095982.31,120.314751,15.829111
P00620940LZ-CW1,2022,river_structure,7463294.58,120.315445,16.623136
P00839560LZ-CW1,2024,drainage,9662405.17,120.317,15.877
P00726922LZ-CW1,2023,river_structure,77199948.01,120.318,14.862
P00726085LZ-CW1,2023,river_structure,19295169.83,120.318019,15.877319
P00737415LZ-CW1,2023,drainage,9898634.44,120.31826,16.605045
P00726639LZ-CW1,2023,river_structure,48977484.4,120.318281,16.514501
P00820116LZ-CW1,2024,river_structure,82970000.0,120.320297,16.628373
P00735957LZ-CW1,2023,river_structure,77199988.0,120.320574,16.562857
P00726052LZ-CW1,2023,river_structure,30370180.0,120.321134,16.626533
P00726640LZ-CW1,2023,river_structure,30865253.84,120.3214,16.515453
P00742354LZ-CW1,2023,drainage,47513188.02,120.3233,15.035
P00839550LZ-CW1,2024,drainage,9897604.6,120.324014,16.62516
P00845900LZ-CW1,2024,drainage,4949472.5,120.324023,16.662483
P00620949LZ-CW1,2022,river_structure,44792502.5,120.32464,16.5203
P00726089LZ-CW1,2023,river_structure,19599908.59,120.32468,15.86478
P00825212LZ-CW1,2024,river_structure,48994543.21,120.325573,16.045033
P00726086LZ-CW1,2023,river_structure,19599224.91,120.3278,15.9418
P00726083LZ-CW1,2023,river_structure,19162877.93,120.32814,15.87923
P00727089LZ-CW1,2023,river_structure,48995295.6,120.3282,16.04861
P00620457LZ-CW1,2022,river_structure,48995746.66,120.328755,16.045868
P00620459LZ-CW1,2022,river_structure,23274708.85,120.37307,16.110579
P00727238LZ-CW1,2023,river_structure,72334999.59,120.373112,16.39366
P00727152LZ-CW1,2023,river_structure,34300000.0,120.373247,15.620031
P00726092LZ-CW1,2023,river_structure,19139413.03,120.373344,15.937009
P00727239LZ-CW1,2023,river_structure,72334989.79,120.373896,16.394973
P00639432LZ-CW1,2022,drainage,4897000.0,120.3741306,16.06252222
P00820730LZ-CW1,2024,river_structure,48250000.0,120.374188,16.010066
P00630561MN-CW1,2022,river_structure,95535492.09,126.047183,9.756559
P00726828LZ-CW1,2023,river_structure,72373497.78,120.374995,16.32736
P00824833LZ-CW1,2024,river_structure,96482209.01,120.375874,16.515244
P00821109LZ-CW1,2024,river_structure,96499911.45,120.376223,16.734749
P00820731LZ-CW1,2024,river_structure,48216034.15,120.37859,15.928135
P00845922LZ-CW1,2024,drainage,6758718.76,120.379,16.017
P00726493LZ-CW1,2023,river_structure,96500000.0,120.379261,15.641397
P00737429LZ-CW1,2023,drainage,4839885.37,120.37958,16.020187
P00844707LZ-CW1,2024,river_structure,14546995.06,120.380247,17.60927
P00525982LZ-CW1,2021,river_structure,40961972.01,120.380399,14.852302
P00561633LZ-CW1,2021,slope_protection,9502019.1,120.380959,16.288518
P00839553LZ-CW1,2024,river_structure,49499698.64,120.381,16.401033
P00824804LZ-CW1,2024,river_structure,144749933.01,120.381,16.4075
P00525983LZ-CW1,2021,river_structure,48999999.48,120.38105,14.851924
P00632731LZ-CW1,2022,drainage,29700000.0,120.381056,17.586732
P00737418LZ-CW1,2023,drainage,4944500.0,120.38135,16.048997
P00525871LZ-CW1,2021,river_structure,14700000.0,120.381615,17.609686
P00620953LZ-CW1,2022,river_structure,45075785.1,120.38242,16.50986
P00620499LZ-CW1,2022,river_structure,24499999.7,120.382493,14.849526
P00737420LZ-CW1,2023,drainage,4944700.0,120.382599,16.072086
P00726494LZ-CW1,2023,river_structure,96500000.0,120.38276,15.642069
P00821518LZ-CW1,2024,river_structure,48249656.72,120.382789,15.99983
P00844708LZ-CW1,2024,river_structure,14646516.95,120.383153,17.61454
P00727064LZ-CW1,2023,river_structure,39200000.0,120.383292,17.52558
P00727068LZ-CW1,2023,drainage,14682103.54,120.38336,17.558203
P00727067LZ-CW1,2023,river_structure,34257663.3,120.383828,17.614732
P00726923LZ-CW1,2023,river_structure,67549999.36,120.384156,14.849102
P00824826LZ-CW1,2024,river_structure,94560757.31,120.384517,16.515925
P00726855LZ-CW1,2023,river_structure,96499514.67,120.384559,17.557578
P00824811LZ-CW1,2024,river_structure,94560825.52,120.384911,16.513094
P00637049LZ-CW1,2022,river_structure,44469254.42,120.385857,17.579272
P00726514LZ-CW1,2023,river_structure,111012635.0,120.3859073,15.74658195
P00639427LZ-CW1,2022,slope_protection,4751694.41,120.386,16.328669
P00726495LZ-CW1,2023,river_structure,96500000.0,120.38622,15.644036
P00824828LZ-CW1,2024,river_structure,96492160.98,120.386264,16.519836
P00620951LZ-CW1,2022,river_structure,45147870.9,120.3866,16.52737
P00726513LZ-CW1,2023,river_structure,193000000.0,120.3870452,15.74557695
P00820104LZ-CW1,2024,river_structure,82971606.98,120.387094,16.753161
P00726075LZ-CW1,2023,river_structure,19350566.85,120.3871,15.96041
P00821478LZ-CW1,2024,river_structure,48740182.59,120.3873861,16.523672
P00631083LZ-CW1,2022,drainage,49000000.0,120.387422,16.053901
P00824814LZ-CW1,2024,river_structure,94560126.68,120.387553,16.519233
P00727248LZ-CW1,2023,river_structure,72334831.82,120.387967,16.330339
P00620952LZ-CW1,2022,river_structure,45020399.68,120.38848,16.52782
P00639428LZ-CW1,2022,slope_protection,7885653.01,120.388778,16.323738
P00726063LZ-CW1,2023,river_structure,48999652.24,120.38883,15.954606
P00824816LZ-CW1,2024,river_structure,94560926.77,120.388942,16.521669
P00824827LZ-CW1,2024,river_structure,96492336.54,120.389078,16.5239
P00639429LZ-CW1,2022,slope_protection,34228109.95,120.38924,16.322475
P00727063LZ-CW1,2023,river_structure,24500000.0,120.389969,17.620161
P00725700LZ-CW1,2023,river_structure,96500000.0,120.3900634,14.59307102
P00561626LZ-CW1,2021,river_structure,19800000.0,120.390736,17.575192
P00726741LZ-CW1,2023,river_structure,48141152.82,120.390767,15.642072
P00742275LZ-CW1,2023,river_structure,19305948.62,120.391045,16.386223
P00561624LZ-CW1,2021,river_structure,19800000.0,120.391169,17.573533
P00640493LZ-CW1,2022,river_structure,4950000.0,120.391235,17.619706
P00727247LZ-CW1,2023,river_structure,72334831.82,120.391471,16.33116
P00843192LZ-CW1,2024,river_structure,48244610.83,120.391698,16.4250192
P00821519LZ-CW1,2024,river_structure,46855124.83,120.391813,16.008142
P00726496LZ-CW1,2023,river_structure,96500000.0,120.392236,15.645761
P00737421LZ-CW1,2023,slope_protection,4948194.59,120.39235,16.089896
P00742277LZ-CW1,2023,river_structure,48019871.4,120.393087,16.411313
P00639430LZ-CW1,2022,slope_protection,12737486.24,120.393173,16.313026
P00821473LZ-CW1,2024,river_structure,28943409.41,120.393754,16.41707
P00640526LZ-CW1,2022,slope_protection,49500000.0,120.394358,15.648001
P00844722LZ-CW1,2024,river_structure,48995000.0,120.394532,16.452385
P00631075LZ-CW1,2022,river_structure,9548636.66,120.39488,16.54502
P00824808LZ-CW1,2024,river_structure,154399985.85,120.395046,16.663164
P00742272LZ-CW1,2023,river_structure,5839670.96,120.39506,16.681217
P00725714LZ-CW1,2023,river_structure,47574500.0,120.3951139,14.84777222
P00737419LZ-CW1,2023,drainage,4941245.0,120.395222,16.114309
P00824818LZ-CW1,2024,river_structure,94560128.59,120.395303,16.522447
P00726050LZ-CW1,2023,river_structure,19600000.0,120.395392,17.609697
P00726497LZ-CW1,2023,river_structure,96500000.0,120.395583,15.647097
P00727085LZ-CW1,2023,river_structure,3030571.58,120.39593,16.681423
P00821477LZ-CW1,2024,river_structure,48717833.77,120.396953,16.522692
P00726194LZ-CW1,2023,river_structure,48141770.99,120.39773,15.64929
P00639317LZ-CW1,2022,slope_protection,241249956.0,120.39785,16.42834
P00525593LZ-CW1,2021,river_structure,91661488.37,120.39833,14.846797
P00824825LZ-CW1,2024,river_structure,94561818.5,120.398528,16.513583
P00525867LZ-CW1,2021,river_structure,14679126.24,120.3985833,17.58127778
P00620937LZ-CW1,2022,river_structure,24500000.0,120.398607,17.581134
P00838506LZ-CW1,2024,river_structure,19298382.61,120.398971,16.821247
P00726740LZ-CW1,2023,river_structure,48140980.09,120.39918,15.650203
P00844723LZ-CW1,2024,river_structure,48995000.01,120.399228,16.429186
P00824822LZ-CW1,2024,river_structure,94562171.36,120.399253,16.513422
P00824824LZ-CW1,2024,river_structure,94560506.31,120.399539,16.5179
P00631071LZ-CW1,2022,river_structure,44100000.0,120.39983,16.26403
P00726338LZ-CW1,2023,river_structure,115799339.29,120.399921,16.399411
P00620508LZ-CW1,2022,river_structure,49000000.0,120.400054,14.532145
P00742372LZ-CW1,2023,slope_protection,48040048.18,120.4002,15.651675
P00824820LZ-CW1,2024,river_structure,94561136.19,120.400236,16.518408
P00821279LZ-CW1,2024,slope_protection,41151460.0,120.4004056,15.64577222
P00844721LZ-CW1,2024,river_structure,48995000.01,120.400588,16.42906
P00734381MN-CW1,2023,river_structure,98949816.86,126.04089,9.76376
P00522069MN-CW1,2021,river_structure,96333246.89,124.312933,8.1092
P00521556VS-CW1,2021,river_structure,96499989.16,123.514168322,9.15213758288
P00521555VS-CW1,2021,river_structure,86662736.91,123.51435486,9.15214896371
P00525653LZ-CW1,2021,river_structure,120624562.14,118.214742,9.168739
P00521660VS-CW1,2021,river_structure,49000000.0,122.71375,9.39045
P00521644VS-CW1,2021,river_structure,19600000.0,123.5276944,9.761697222
P00521651VS-CW1,2021,river_structure,29398308.79,123.44511111,10.06896667
P00521535VS-CW1,2021,river_structure,96500000.0,123.86353284,10.26523056
P00521536VS-CW1,2021,river_structure,91209687.18,123.8697972,10.279575
P00521549VS-CW1,2021,river_structure,60833104.17,123.955249,10.28062
P00521558VS-CW1,2021,river_structure,96500000.0,123.8871667,10.28633333
P00521532VS-CW1,2021,river_structure,82806662.53,123.906337901062,10.304177
P00521533VS-CW1,2021,river_structure,96499521.74,123.903332312891,10.3111980702721
P00521554VS-CW1,2021,river_structure,94895726.98,124.024476,10.528335
P00221318VS-CW1,2018,drainage,183182224.27,122.569,10.707
P00521564VS-CW1,2021,river_structure,88550330.0,123.78173,11.18019
P00561578LZ-CW1,2021,river_structure,48235589.63,122.0,12.283
P00561447LZ-CW1,2021,river_structure,86765881.53,122.026,12.351
P00561448LZ-CW1,2021,river_structure,86802582.54,122.026,12.452
P00525656LZ-CW1,2021,river_structure,48249999.78,121.166378,13.134925
P00538188LZ-CW1,2021,river_structure,21287900.0,121.480833333333,18.0436111111111
P00538311LZ-CW1,2021,river_structure,3874835.79,123.712207,13.340833
P00538312LZ-CW1,2021,river_structure,2399955.0,123.735555,13.348055
P00538313LZ-CW1,2021,river_structure,5003525.0,123.753948,13.29817
P00538314LZ-CW1,2021,slope_protection,6697100.0,123.674638,13.379368
P00538315LZ-CW1,2021,slope_protection,6899750.0,123.701777,13.383697
P00538316LZ-CW1,2021,river_structure,7956425.0,123.689682,13.375833
P00538317LZ-CW1,2021,river_structure,4861781.05,123.712222,13.340833
P00538308VS-CW1,2021,slope_protection,5904535.77,122.83222,9.955
P00620662LZ-CW1,2022,river_structure,9328616.52,117.06173583594,7.98785541335233
P00726273LZ-CW1,2023,drainage,9652747.12,117.309,8.658
P00820392LZ-CW1,2024,river_structure,53072829.34,117.373389,8.724422
P00726268LZ-CW1,2023,river_structure,19599689.79,117.37528,8.72472
P00736053LZ-CW1,2023,river_structure,192997113.06,117.45111,8.6575
P00726770LZ-CW1,2023,river_structure,9701996.2,117.49307,8.83593
P00621114LZ-CW1,2022,river_structure,9653000.0,117.49329,8.8361
P00736052LZ-CW1,2023,river_structure,192997857.44,117.55194,8.67806
P00820985LZ-CW1,2024,river_structure,48997260.0,117.55583,8.925833
P00740415LZ-CW1,2023,river_structure,192997879.72,117.5562,8.92602
P00726272LZ-CW1,2023,river_structure,24499994.74,117.55695,8.92593
P00620660LZ-CW1,2022,river_structure,28801312.6,117.62145,8.68428
P00820986LZ-CW1,2024,river_structure,48995638.54,117.721743,8.704898
P00620664LZ-CW1,2022,river_structure,39199997.0,117.7219,8.703056
P00725878LZ-CW1,2023,river_structure,50657737.68,117.72463,8.69691
P00820987LZ-CW1,2024,river_structure,29396659.04,117.725553,9.041034
P00820982LZ-CW1,2024,river_structure,24499188.0,117.80689,9.13262
P00820983LZ-CW1,2024,river_structure,29399992.5,117.810705,9.13941
P00736051LZ-CW1,2023,river_structure,192991969.97,117.81694,8.83056
P00725864LZ-CW1,2023,river_structure,45816740.98,117.84,8.77222
P00620656LZ-CW1,2022,river_structure,11674127.13,117.8443144945,8.88569660449311
P00620666LZ-CW1,2022,river_structure,17279673.78,117.8518,9.16243
P00725862LZ-CW1,2023,river_structure,96497913.06,117.8533,8.8135
P00820416LZ-CW1,2024,river_structure,53068367.03,117.85389,8.81361
P00620665LZ-CW1,2022,river_structure,39199918.59,117.86632,8.82497
P00726270LZ-CW1,2023,river_structure,44097967.76,117.88163,8.8418
P00620657LZ-CW1,2022,river_structure,20226888.84,117.881715277778,8.8397375
P00820984LZ-CW1,2024,river_structure,17963797.88,117.91691,8.880473
P00726769LZ-CW1,2023,river_structure,24499242.58,117.94518,9.20766
P00620658LZ-CW1,2022,river_structure,5504750.7,117.945717596127,9.20611798749236
P00621115LZ-CW1,2022,river_structure,11892174.24,117.94867,9.20598
P00620668LZ-CW1,2022,river_structure,5210917.61,118.05797,9.26049
P00726269LZ-CW1,2023,river_structure,24499265.29,118.11571,9.15843
P00820980LZ-CW1,2024,river_structure,29303558.24,118.145041,9.37574
P00740416LZ-CW1,2023,river_structure,192997354.27,118.1802,9.1686
P00725876LZ-CW1,2023,river_structure,50662496.45,118.32612,9.22347
P00820391LZ-CW1,2024,river_structure,53004257.5,118.326379,9.221605
P00824752LZ-CW1,2024,river_structure,17029313.08,118.34238,9.60335
P00824763LZ-CW1,2024,river_structure,17369994.74,118.34238,9.60335
P00824761LZ-CW1,2024,river_structure,16240699.93,118.34255,9.6028
P00824764LZ-CW1,2024,river_structure,14882574.2,118.34255,9.6028
P00824762LZ-CW1,2024,river_structure,17369987.88,118.3429,9.60286
P00620659LZ-CW1,2022,river_structure,28986147.77,118.3694,9.24709
P00631315LZ-CW1,2022,river_structure,29399879.54,118.4011,9.24392
P00742462LZ-CW1,2023,river_structure,19550848.57,118.401122222222,9.24390833333333
P00526167LZ-CW1,2021,river_structure,30353588.62,118.401385,9.26332
P00620661LZ-CW1,2022,river_structure,39324618.9,118.4046,9.26956
P00725861LZ-CW1,2023,river_structure,96497566.17,118.4062,9.2765
P00820404LZ-CW1,2024,river_structure,53063470.45,118.409898,9.272371
P00725877LZ-CW1,2023,river_structure,50418886.99,118.41142,9.27135
P00620667LZ-CW1,2022,river_structure,21749296.29,118.4747,9.30296
P00726271LZ-CW1,2023,river_structure,21653583.72,118.49167,9.30361
P00726601LZ-CW1,2023,other,120268876.0,118.5412,9.4282
P00823564LZ-CW1,2024,river_structure,154398410.84,118.545100361111,9.42886333333333
P00845836LZ-CW1,2024,river_structure,98999956.57,118.546745,9.456676
P00740432LZ-CW1,2023,river_structure,212295699.41,118.54833,9.44833
P00620901LZ-CW1,2022,river_structure,96496704.82,118.55263,9.43673
P00921211LZ-CW1,2025,river_structure,14669999.48,118.61825,9.55414
P00844553LZ-CW1,2024,river_structure,194927222.83,118.693052222222,9.80219083333333
P00740433LZ-CW1,2023,river_structure,212296975.91,118.69361,9.8
P00824755LZ-CW1,2024,river_structure,17369942.66,118.69651,9.79646
P00824753LZ-CW1,2024,river_structure,17369970.05,118.69668,9.79961
P00824754LZ-CW1,2024,river_structure,17369990.32,118.69712,9.79867
P00632935LZ-CW1,2022,drainage,4851100.32,118.73106,9.74072
P00637809LZ-CW1,2022,drainage,4359361.95,118.74456,9.75789
P00737552LZ-CW1,2023,drainage,4900000.0,118.74830833,9.75022222
P00637810LZ-CW1,2022,drainage,4205703.56,118.76308,9.73886
P00620265LZ-CW1,2022,river_structure,96496299.03,118.773389,9.77199
P00824751LZ-CW1,2024,river_structure,18334889.53,118.89238,9.99275
P00823573LZ-CW1,2024,river_structure,289495739.75,120.49435299,13.42215954
P00561481LZ-CW1,2021,river_structure,9799946.61,120.494533,16.959872
P00820408LZ-CW1,2024,river_structure,96494249.47,120.495157,13.333607
P00725624LZ-CW1,2023,river_structure,125449993.74,120.49567,17.92147
P00621511LZ-CW1,2022,river_structure,19599716.72,120.49633,16.96184
P00725587LZ-CW1,2023,river_structure,28949979.06,120.497092,17.993019
P00845909LZ-CW1,2024,river_structure,29650972.66,120.49724667,15.98597
P00725710LZ-CW1,2023,river_structure,53075000.0,120.497263,14.651511
P00727124LZ-CW1,2023,river_structure,48999982.96,120.497608,14.859735
P00632740LZ-CW1,2022,river_structure,4899981.03,120.4979017,17.32169
P00727075LZ-CW1,2023,river_structure,48999357.69,120.498553,17.332623
P00821510LZ-CW1,2024,river_structure,48918015.87,120.49872167,15.98912
P00632738LZ-CW1,2022,river_structure,4899983.4,120.49895,17.32909
P00742263LZ-CW1,2023,river_structure,9602987.5,120.4991667,17.32916667
P00727356LZ-CW1,2023,river_structure,29105999.82,120.499432,14.841113
P00736178LZ-CW1,2023,river_structure,48020000.0,120.49951,17.99381
P00737450LZ-CW1,2023,river_structure,14850000.0,120.499701,14.650451
P00631170LZ-CW1,2022,river_structure,48999995.93,120.499719,14.825464
P00742268LZ-CW1,2023,river_structure,9887142.35,120.4997222,17.32861111
P00641867LZ-CW1,2022,slope_protection,37644065.34,120.500187,16.018552
P00620967LZ-CW1,2022,river_structure,47531186.52,120.50033,15.90778
P00725599LZ-CW1,2023,river_structure,48249998.15,120.50156,17.9247
P00839572LZ-CW1,2024,river_structure,9899999.43,120.50165,14.84087
P00845963LZ-CW1,2024,river_structure,29699999.9,120.50165,14.84087
P00820721LZ-CW1,2024,river_structure,48143361.81,120.50188667,15.99057333
P00820802LZ-CW1,2024,river_structure,48999999.92,120.5022778,14.82806944
P00824694LZ-CW1,2024,river_structure,9572581.7,120.5028861,14.64876667
P00631086LZ-CW1,2022,slope_protection,14697245.89,120.5032306,16.04941111
P00637050LZ-CW1,2022,slope_protection,24007055.11,120.5035944,16.05229167
P00631084LZ-CW1,2022,slope_protection,29397356.15,120.503953,16.051353
P00727057LZ-CW1,2023,river_structure,9800000.0,120.50456,18.06036
P00726146LZ-CW1,2023,river_structure,19599999.58,120.504636,14.840165
P00725711LZ-CW1,2023,river_structure,57900000.0,120.505618,14.648896
P00561480LZ-CW1,2021,river_structure,9799963.07,120.506405,17.316321
P00621274LZ-CW1,2022,river_structure,96499997.59,120.506998,17.921139
P00620460LZ-CW1,2022,slope_protection,24497954.52,120.507232,16.025688
P00727082LZ-CW1,2023,river_structure,9503793.64,120.507578,17.429154
P00621514LZ-CW1,2022,river_structure,28526172.61,120.507809,17.315234
P00639433LZ-CW1,2022,slope_protection,27437043.92,120.5080972,16.05532778
P00742267LZ-CW1,2023,river_structure,9602986.95,120.510204,17.312796
P00844728LZ-CW1,2024,drainage,4899968.34,120.511,15.883
P00726848LZ-CW1,2023,river_structure,9650000.0,120.51123,18.07181
P00845896LZ-CW1,2024,river_structure,19203924.66,120.51135,17.30925
P00742345LZ-CW1,2023,slope_protection,29693975.45,120.511667,14.946389
P00740606LZ-CW1,2023,slope_protection,48985800.03,120.511667,14.946389
P00620181LZ-CW1,2022,slope_protection,96200987.74,120.51212,15.135082
P00640501LZ-CW1,2022,slope_protection,29696964.87,120.5121889,16.05723889
P00561500LZ-CW1,2021,river_structure,48997244.21,120.512196,17.537806
P00639364LZ-CW1,2022,slope_protection,96493110.28,120.512412,15.13564
P00621497LZ-CW1,2022,river_structure,39199988.57,120.5125,17.11305556
P00631246LZ-CW1,2022,river_structure,19578207.58,120.512797,14.946272
P00820222LZ-CW1,2024,river_structure,96499999.65,120.5133806,14.70024167
P00726849LZ-CW1,2023,river_structure,9625000.0,120.51339,18.06312
P00848607LZ-CW1,2024,river_structure,98999993.62,120.514002,18.037042
P00820711LZ-CW1,2024,river_structure,28948715.87,120.514466,16.919547
P00740605LZ-CW1,2023,slope_protection,48990844.14,120.514722,14.946389
P00823393LZ-CW1,2024,river_structure,96499999.74,120.515399,14.838484
P00525872LZ-CW1,2021,river_structure,18815968.03,120.5163889,16.90222222
P00727122LZ-CW1,2023,river_structure,48999991.82,120.516393,14.697956
P00727093LZ-CW1,2023,river_structure,29395997.13,120.5165,16.06677
P00742311LZ-CW1,2023,river_structure,9899964.83,120.516612,14.730061
P00727094LZ-CW1,2023,river_structure,29396193.97,120.5171,16.06938
P00742312LZ-CW1,2023,river_structure,9899999.8,120.5181,14.7035
P00845885LZ-CW1,2024,river_structure,4950000.0,120.51814,17.94007
P00637068LZ-CW1,2022,slope_protection,24500000.0,120.518163,14.452825
P00726051LZ-CW1,2023,river_structure,29399959.6,120.5182111,17.36349444
P00727123LZ-CW1,2023,river_structure,48999999.97,120.518844,14.812192
P00726844LZ-CW1,2023,drainage,53074852.19,120.519,18.0399
P00727080LZ-CW1,2023,river_structure,14699383.62,120.51918,16.917088
P00621512LZ-CW1,2022,river_structure,19599852.17,120.51921,16.91556
P00726852LZ-CW1,2023,river_structure,9650000.0,120.52068,18.05906
P00725597LZ-CW1,2023,river_structure,48249956.06,120.521,18.0642
P00824846LZ-CW1,2024,river_structure,84877709.32,120.52103,16.422904
P00844716LZ-CW1,2024,river_structure,14699536.4,120.52119,17.29412
P00742280LZ-CW1,2023,river_structure,19741064.12,120.521216,15.960508
P00621002LZ-CW1,2022,river_structure,12523558.95,120.521522,16.417663
P00631250LZ-CW1,2022,slope_protection,48991419.29,120.521722,15.097666
P00726851LZ-CW1,2023,river_structure,9650000.0,120.52235,18.06449
P00736179LZ-CW1,2023,river_structure,28518079.07,120.52258,16.846128
P00631251LZ-CW1,2022,slope_protection,29382358.72,120.522804,15.143947
P00821300LZ-CW1,2024,river_structure,86844861.33,120.5232,15.40483
P00726371LZ-CW1,2023,river_structure,106149992.39,120.523492,18.071369
P00620514LZ-CW1,2022,river_structure,24500000.0,120.525044,14.680763
P00727121LZ-CW1,2023,river_structure,48999989.27,120.525727,14.705941
P00823487LZ-CW1,2024,river_structure,6695351.42,120.5260333,14.68126667
P00621494LZ-CW1,2022,river_structure,48509999.16,120.526072,14.810744
P00823485LZ-CW1,2024,river_structure,31845000.0,120.5274333,14.68109722
P00740304LZ-CW1,2023,river_structure,57899804.66,120.52755,17.1259
P00621454LZ-CW1,2022,slope_protection,48843246.67,120.527551,15.012451
P00631171LZ-CW1,2022,river_structure,48999999.81,120.527723,14.774759
P00820803LZ-CW1,2024,river_structure,47039999.94,120.5283972,14.79169167
P00839571LZ-CW1,2024,river_structure,4949999.6,120.528399,14.724523
P00725598LZ-CW1,2023,river_structure,48249994.28,120.52863,17.91778
P00820866LZ-CW1,2024,slope_protection,49500000.0,120.5286583,15.64341944
P00820865LZ-CW1,2024,slope_protection,49500000.0,120.5286861,15.64188611
P00740608LZ-CW1,2023,slope_protection,48994727.99,120.52915,14.96636
P00820261LZ-CW1,2024,slope_protection,74250000.0,120.5296778,15.63914167
P00742313LZ-CW1,2023,river_structure,9899999.99,120.53042,14.79168
P00561479LZ-CW1,2021,river_structure,19599899.56,120.530451,17.134378
P00820221LZ-CW1,2024,river_structure,67550000.0,120.5305667,14.64269167
P00631089LZ-CW1,2022,slope_protection,48996222.71,120.328789,16.045842
P00726340LZ-CW1,2023,river_structure,77199690.44,120.329084,16.519011
P00726076LZ-CW1,2023,river_structure,19599856.12,120.33046,15.91548
P00820712LZ-CW1,2024,river_structure,28938082.84,120.330837,16.467769
P00824810LZ-CW1,2024,river_structure,89737118.14,120.33135,16.519094
P00838336LZ-CW1,2024,river_structure,96493843.08,120.331704,16.459076
P00726087LZ-CW1,2023,river_structure,19136072.38,120.33218,15.949959
P00726077LZ-CW1,2023,river_structure,19370189.68,120.332955,15.899147
P00620950LZ-CW1,2022,river_structure,44202866.82,120.33355,16.51662
P00824802LZ-CW1,2024,river_structure,96479841.9,120.333738,16.388885
P00824821LZ-CW1,2024,river_structure,89737362.73,120.335475,16.516406
P00824801LZ-CW1,2024,river_structure,96492336.54,120.336763,16.388063
P00631074LZ-CW1,2022,river_structure,33522947.4,120.33682,16.51937
P00637752LZ-CW1,2022,river_structure,69299993.18,120.33787,16.0346
P00726339LZ-CW1,2023,river_structure,77199423.32,120.337939,16.39493
P00821476LZ-CW1,2024,river_structure,28946444.57,120.33804,16.518327
P00726073LZ-CW1,2023,river_structure,19599753.41,120.3382,15.9092
P00621444LZ-CW1,2022,river_structure,29399459.28,120.338241,16.690477
P00726097LZ-CW1,2023,river_structure,19599732.5,120.33877,15.95469
P00824832LZ-CW1,2024,river_structure,96500000.0,120.338778,16.023962
P00631078LZ-CW1,2022,river_structure,44100000.0,120.33984,16.30897
P00620941LZ-CW1,2022,river_structure,19085370.2,120.340548,16.679605
P00640500LZ-CW1,2022,slope_protection,4898251.25,120.340897,16.396245
P00631079LZ-CW1,2022,river_structure,42721838.4,120.34111,16.30446
P00824803LZ-CW1,2024,river_structure,144739151.62,120.34174,16.3944776
P00824813LZ-CW1,2024,river_structure,89737280.52,120.342058,16.518783
P00824840LZ-CW1,2024,river_structure,19224221.54,120.3422,16.3981
P00820710LZ-CW1,2024,river_structure,38599971.35,120.342305,16.614697
P00639431LZ-CW1,2022,drainage,4898112.71,120.3425972,16.07645833
P00632747LZ-CW1,2022,river_structure,4949968.24,120.34268,15.873849
P00525547LZ-CW1,2021,river_structure,66702855.9,120.344123,16.343036
P00726078LZ-CW1,2023,river_structure,19599122.42,120.344124,15.877561
P00726074LZ-CW1,2023,river_structure,19599638.68,120.34418,15.90459
P00631080LZ-CW1,2022,river_structure,9554879.78,120.344451,16.3636406
P00737550LZ-CW1,2023,river_structure,9798295.61,120.34498,13.67057
P00620458LZ-CW1,2022,river_structure,47539279.87,120.3449806,16.02946111
P00726842LZ-CW1,2023,river_structure,96446398.75,120.3454,15.73249
P00725617LZ-CW1,2023,river_structure,53074634.39,120.34545,17.5693
P00620797LZ-CW1,2022,river_structure,241249984.37,120.34583,17.585938
P00727090LZ-CW1,2023,river_structure,48995165.49,120.3465,16.02714
P00824823LZ-CW1,2024,river_structure,89737260.38,120.347036,16.518456
P00726840LZ-CW1,2023,river_structure,77199817.11,120.34705,17.58591
P00525864LZ-CW1,2021,river_structure,24500000.0,120.347067,17.58591
P00824815LZ-CW1,2024,river_structure,89736907.75,120.348475,16.520656
P00843188LZ-CW1,2024,river_structure,48244241.98,120.348839,16.428131
P00725618LZ-CW1,2023,river_structure,51458957.34,120.348889,17.600833
P00726095LZ-CW1,2023,river_structure,19019455.46,120.34901,16.002062
P00824806LZ-CW1,2024,river_structure,154399996.67,120.349032,16.705345
P00735958LZ-CW1,2023,river_structure,115799320.88,120.349072,16.428321
P00726059LZ-CW1,2023,river_structure,47992273.56,120.349173,16.005956
P00737428LZ-CW1,2023,river_structure,9608748.04,120.349492,16.000945
P00726093LZ-CW1,2023,river_structure,19369726.57,120.349627,16.005358
P00844720LZ-CW1,2024,river_structure,48995000.0,120.350509,16.429326
P00740568LZ-CW1,2023,river_structure,4899991.63,120.350775,16.625641
P00742115LZ-CW1,2023,river_structure,98996959.56,120.350903,16.64016
P00726096LZ-CW1,2023,river_structure,47554595.06,120.351865,15.985903
P00727086LZ-CW1,2023,river_structure,48754908.74,120.353652,16.276119
P00726094LZ-CW1,2023,river_structure,19589753.85,120.35373,15.99477
P00821101LZ-CW1,2024,river_structure,96492001.36,120.353761,16.518222
P00561142LZ-CW1,2021,slope_protection,56776877.63,120.35458,15.508167
P00824817LZ-CW1,2024,river_structure,89736445.72,120.354714,16.519056
P00561141LZ-CW1,2021,slope_protection,64172013.74,120.355153,15.508142
P00845917LZ-CW1,2024,river_structure,9899873.79,120.356,15.917
P00727233LZ-CW1,2023,river_structure,72334509.64,120.356302,16.391459
P00726638LZ-CW1,2023,river_structure,48998880.4,120.356774,16.68483
P00726084LZ-CW1,2023,river_structure,19031663.71,120.357613,15.918838
P00839546LZ-CW1,2024,river_structure,4920631.39,120.358749,17.645135
P00727234LZ-CW1,2023,river_structure,72334339.31,120.359763,16.39133
P00637030LZ-CW1,2022,slope_protection,93815457.98,120.360219,15.504031
P00637031LZ-CW1,2022,slope_protection,94473488.06,120.360661,15.503603
P00639353LZ-CW1,2022,slope_protection,94270850.0,120.360679,15.503604
P00824819LZ-CW1,2024,river_structure,89736347.57,120.360733,16.516203
P00726062LZ-CW1,2023,river_structure,19599931.81,120.361376,16.008119
P00727235LZ-CW1,2023,river_structure,72334295.99,120.36233,16.390257
P00620782LZ-CW1,2022,river_structure,129562772.03,120.363127,16.023588
P00620948LZ-CW1,2022,river_structure,48020000.0,120.363499,16.683286
P00726064LZ-CW1,2023,river_structure,9799989.13,120.363593,15.981701
P00742274LZ-CW1,2023,slope_protection,4949512.1,120.364145,16.618659
P00620783LZ-CW1,2022,river_structure,128344991.7,120.364366,16.01869
P00821103LZ-CW1,2024,river_structure,96494448.46,120.365269,16.512147
P00824805LZ-CW1,2024,river_structure,154399997.44,120.365815,16.67425
P00726072LZ-CW1,2023,river_structure,19593200.89,120.366355,15.960363
P00631077LZ-CW1,2022,river_structure,42775317.09,120.366522,16.323087
P00630927LZ-CW1,2022,river_structure,66191241.77,120.366522,16.323087
P00726637LZ-CW1,2023,river_structure,48998252.87,120.366951,16.68151353
P00825216LZ-CW1,2024,river_structure,9533434.84,120.367,15.786
P00727236LZ-CW1,2023,river_structure,72334428.4,120.367623,16.389579
P00825211LZ-CW1,2024,river_structure,48238274.49,120.367721,16.512074
P00726060LZ-CW1,2023,river_structure,48999947.92,120.368336,15.96668
P00742273LZ-CW1,2023,river_structure,9898955.58,120.36854,16.680194
P00726061LZ-CW1,2023,river_structure,48999998.83,120.369113,15.957514
P00844729LZ-CW1,2024,river_structure,19197354.75,120.37,15.895
P00726071LZ-CW1,2023,river_structure,19212536.57,120.370431,15.895265
P00621447LZ-CW1,2022,river_structure,19594702.35,120.37045,15.895245
P00726827LZ-CW1,2023,river_structure,72364531.35,120.37064,16.327532
P00727237LZ-CW1,2023,river_structure,72334998.57,120.370719,16.390117
P00727066LZ-CW1,2023,river_structure,29400000.0,120.37084,17.612065
P00620777LZ-CW1,2022,river_structure,91675000.0,120.371172,17.618784
P00735973LZ-CW1,2023,river_structure,70203757.24,120.371742,15.736619
P00845920LZ-CW1,2024,drainage,4815318.1,120.372,16.025
P00632736LZ-CW1,2022,river_structure,4899931.87,120.42962,17.23675
P00631168LZ-CW1,2022,river_structure,29399972.26,120.429683,14.844869
P00726834LZ-CW1,2023,river_structure,24121805.29,120.429692,16.0663143
P00821472LZ-CW1,2024,river_structure,48938884.3,120.429847,16.335989
P00821097LZ-CW1,2024,river_structure,144749743.41,120.429919,16.36713
P00631169LZ-CW1,2022,river_structure,29399973.04,120.430239,14.846764
P00726337LZ-CW1,2023,river_structure,96463694.46,120.430448,16.354329
P00844711LZ-CW1,2024,river_structure,48899824.9,120.43111,17.752225
P00820251LZ-CW1,2024,slope_protection,89400000.0,120.4312389,15.6190001
P00621516LZ-CW1,2022,river_structure,9503087.02,120.4313889,17.48611111
P00825218LZ-CW1,2024,river_structure,19599951.25,120.432,15.764
P00737422LZ-CW1,2023,drainage,4945988.19,120.432087,16.06974
P00839595LZ-CW1,2024,river_structure,50000000.0,120.4324694,15.61702222
P00844715LZ-CW1,2024,river_structure,39199443.13,120.433317,17.128896
P00621575LZ-CW1,2022,river_structure,96011740.9,120.43361,15.33166
P00941152LZ-CW1,2025,river_structure,4850666.92,120.433852,16.356031
P00735956LZ-CW1,2023,river_structure,144749988.73,120.434461,16.604235
P00839552LZ-CW1,2024,river_structure,19798959.79,120.434835,16.363343
P00821288LZ-CW1,2024,river_structure,96497009.7,120.436461,15.334811
P00639423LZ-CW1,2022,river_structure,4899852.87,120.436982,17.187332
P00821521LZ-CW1,2024,river_structure,48249996.93,120.437633,15.765659
P00821100LZ-CW1,2024,river_structure,96403190.33,120.439071,16.609634
P00823293LZ-CW1,2024,river_structure,115799760.44,120.439731,16.51848
P00621507LZ-CW1,2022,river_structure,19599909.79,120.43984,17.19139
P00820131LZ-CW1,2024,river_structure,99646322.92,120.439902,16.523277
P00839563LZ-CW1,2024,river_structure,8688171.63,120.44,15.765
P00726333LZ-CW1,2023,river_structure,144719366.24,120.440337,16.357259
P00727072LZ-CW1,2023,drainage,19011839.42,120.44034,17.16418
P00844713LZ-CW1,2024,river_structure,9765365.65,120.44069,17.54332
P00845899LZ-CW1,2024,river_structure,9899970.35,120.44082,17.54161
P00726334LZ-CW1,2023,river_structure,144744232.53,120.441334,16.358549
P00727071LZ-CW1,2023,drainage,14258798.76,120.44147,17.17066
P00726528LZ-CW1,2023,river_structure,66102126.33,120.4421611,15.34671389
P00621506LZ-CW1,2022,river_structure,38024474.57,120.4422222,17.18416667
P00742264LZ-CW1,2023,river_structure,28808249.06,120.44235,17.17055
P00821102LZ-CW1,2024,river_structure,96489333.05,120.44248,16.515549
P00742266LZ-CW1,2023,river_structure,29698974.86,120.4429,16.968971
P00737414LZ-CW1,2023,slope_protection,14690943.27,120.443508,16.812341
P00727069LZ-CW1,2023,drainage,14258915.11,120.4437,17.19733
P00737426LZ-CW1,2023,river_structure,9610931.99,120.443805,15.920716
P00639425LZ-CW1,2022,river_structure,9505911.18,120.44395,17.21224
P00821511LZ-CW1,2024,river_structure,48075596.98,120.44401,16.003696
P00727070LZ-CW1,2023,drainage,14258847.48,120.4441,17.17461
P00824653LZ-CW1,2024,river_structure,4899693.22,120.44428,17.52716
P00825210LZ-CW1,2024,river_structure,48264987.53,120.444803,16.529115
P00525863LZ-CW1,2021,river_structure,29400000.0,120.444998,17.722933
P00639418LZ-CW1,2022,river_structure,9506344.81,120.445,17.17277778
P00727060LZ-CW1,2023,slope_protection,19299781.31,120.445,16.093652
P00820130LZ-CW1,2024,river_structure,96499268.66,120.445114,16.044782
P00726147LZ-CW1,2023,river_structure,29399999.37,120.445539,14.854877
P00845918LZ-CW1,2024,river_structure,9899990.31,120.446,15.892
P00727073LZ-CW1,2023,river_structure,13438847.87,120.44615,17.18506
P00525861LZ-CW1,2021,river_structure,49000000.0,120.4461667,17.80038333
P00621252LZ-CW1,2022,river_structure,55969996.9,120.4463889,17.22055556
P00821302LZ-CW1,2024,river_structure,96497506.83,120.44668,15.36909
P00824652LZ-CW1,2024,river_structure,29399836.91,120.44692,17.22519
P00821095LZ-CW1,2024,river_structure,144749869.08,120.447455,16.349707
P00823578LZ-CW1,2024,river_structure,241244808.16,120.4479215,13.42341785
P00725621LZ-CW1,2023,river_structure,91672667.03,120.4481,16.097225
P00820100LZ-CW1,2024,river_structure,120623086.48,120.44813307,16.0393434
P00621495LZ-CW1,2022,river_structure,48019991.19,120.448394,14.902879
P00845901LZ-CW1,2024,river_structure,19794859.75,120.448396,16.348852
P00640531LZ-CW1,2022,river_structure,48779814.7,120.44845,15.35997
P00825217LZ-CW1,2024,river_structure,19066880.39,120.449,15.758
P00639422LZ-CW1,2022,river_structure,4898072.66,120.4493,17.19784
P00639419LZ-CW1,2022,river_structure,9799414.09,120.4494444,17.18888889
P00726908LZ-CW1,2023,river_structure,72336770.79,120.449547,15.371639
P00620128LZ-CW1,2022,river_structure,50192545.0,120.449676,16.098947
P00639424LZ-CW1,2022,river_structure,4897303.83,120.45,17.19472222
P00621551LZ-CW1,2022,river_structure,241248185.79,120.45008,16.917385
P00821471LZ-CW1,2024,river_structure,48989608.07,120.450099,16.31609
P00823575LZ-CW1,2024,river_structure,289494221.93,120.45079949,13.42208533
P00740654LZ-CW1,2023,river_structure,28695558.08,120.451022,13.437535
P00742265LZ-CW1,2023,river_structure,23995298.2,120.4513624,17.1898607
P00838502LZ-CW1,2024,river_structure,29853362.81,120.451914,17.086901
P00727084LZ-CW1,2023,river_structure,47529939.93,120.45273,17.17983
P00726080LZ-CW1,2023,river_structure,19370790.58,120.452927,15.920808
P00726066LZ-CW1,2023,river_structure,47574067.96,120.452945,16.033799
P00821516LZ-CW1,2024,river_structure,48999993.3,120.453,15.76
P00820708LZ-CW1,2024,river_structure,33436397.22,120.453138,17.867417
P00620547LZ-CW1,2022,river_structure,48998948.62,120.45333,15.36888
P00620127LZ-CW1,2022,river_structure,101325000.0,120.453508,16.098
P00640497LZ-CW1,2022,river_structure,19799604.18,120.453659,17.233819
P00845903LZ-CW1,2024,river_structure,29693483.68,120.4538,16.3361
P00525877LZ-CW1,2021,drainage,34299202.57,120.453902,17.194823
P00621505LZ-CW1,2022,river_structure,47529460.53,120.4541667,17.18083333
P00639426LZ-CW1,2022,river_structure,9505903.16,120.4541667,17.18083333
P00727340LZ-CW1,2023,river_structure,9491249.25,120.4542,15.7606
P00727148LZ-CW1,2023,river_structure,47188039.2,120.4542611,15.36916111
P00620502LZ-CW1,2022,river_structure,24499999.95,120.454678,14.901398
P00726909LZ-CW1,2023,river_structure,72344902.59,120.454958,15.374311
P00820102LZ-CW1,2024,river_structure,36959500.0,120.455381,17.838429
P00620935LZ-CW1,2022,river_structure,45080000.0,120.456036,17.722963
P00620126LZ-CW1,2022,river_structure,101325000.0,120.456312,16.109563
P00641866LZ-CW1,2022,river_structure,9506079.06,120.456458,17.223433
P00620936LZ-CW1,2022,river_structure,45239740.0,120.456711,17.837652
P00727338LZ-CW1,2023,river_structure,9491560.96,120.4571858,15.7731175
P00621515LZ-CW1,2022,river_structure,19599991.64,120.45722,17.09396
P00737430LZ-CW1,2023,river_structure,4803991.53,120.45754,16.02969
P00726081LZ-CW1,2023,river_structure,19599995.26,120.45761,15.9166
P00838533LZ-CW1,2024,slope_protection,48975497.41,120.6697,15.22811
P00637008LZ-CW1,2022,river_structure,96497818.75,120.669761,17.659386
P00620511LZ-CW1,2022,river_structure,49000000.0,120.530604,14.639606
P00621540LZ-CW1,2022,river_structure,40068405.31,120.6703861,15.32438889
P00631240LZ-CW1,2022,slope_protection,46549626.36,120.67072,14.993439
P00726905LZ-CW1,2023,other,72362396.98,120.6707917,15.30355
P00838500LZ-CW1,2024,river_structure,4810540.4,120.67101,17.16333
P00821289LZ-CW1,2024,river_structure,96482027.45,120.530639,15.40594167
P00740637LZ-CW1,2023,drainage,4893962.58,120.579313,15.136316
P00620125LZ-CW1,2022,river_structure,48249980.91,120.67131,17.93558
P00843184LZ-CW1,2024,river_structure,86631574.25,120.57943333,16.08960556
P00737449LZ-CW1,2023,river_structure,4949986.96,120.5307,14.72271
P00838440LZ-CW1,2024,river_structure,96497898.96,120.6721056,15.3241
P00637056LZ-CW1,2022,river_structure,48810861.7,120.579814,17.613953
P00727288LZ-CW1,2023,slope_protection,95504333.97,120.579856,15.506342
P00843185LZ-CW1,2024,river_structure,86674471.29,120.57990278,16.09259167
P00820807LZ-CW1,2024,river_structure,49000000.0,120.5804,14.60644
P00726056LZ-CW1,2023,river_structure,39120577.49,120.5811,16.01556
P00821491LZ-CW1,2024,river_structure,48248674.94,120.581484,15.884278
P00632852LZ-CW1,2022,slope_protection,19790645.85,120.581670483385,15.1993159013265
P00620786LZ-CW1,2022,river_structure,72374999.88,120.5819,17.9826
P00740640LZ-CW1,2023,drainage,9742198.4,120.581914,15.207074
P00742362LZ-CW1,2023,drainage,4929893.59,120.581914,15.207074
P00620474LZ-CW1,2022,river_structure,24489189.7,120.582207,16.458067
P00639484LZ-CW1,2022,river_structure,48990447.35,120.582588022647,15.229487514601
P00726391LZ-CW1,2023,river_structure,96500000.0,120.582749,17.616299
P00824741LZ-CW1,2024,river_structure,24404898.79,120.582885,13.228016
P00740564LZ-CW1,2023,river_structure,19599844.23,120.583046,18.269365
P00740545LZ-CW1,2023,slope_protection,4899902.53,120.583163,18.276312
P00740544LZ-CW1,2023,slope_protection,4899445.26,120.583287,18.270365
P00740638LZ-CW1,2023,drainage,4892224.65,120.583344,15.150744
P00726192LZ-CW1,2023,river_structure,46341067.43,120.5834,15.32776
P00820675LZ-CW1,2024,river_structure,29399925.82,120.583507,18.255849
P00838532LZ-CW1,2024,slope_protection,48992434.5,120.5837,15.15155
P00838359LZ-CW1,2024,slope_protection,96478456.8,120.5837,15.15155
P00838360LZ-CW1,2024,slope_protection,67497735.16,120.5837,15.15155
P00726183LZ-CW1,2023,other,29397875.38,120.583712,15.151546
P00727139LZ-CW1,2023,slope_protection,29205689.03,120.583712,15.151546
P00727140LZ-CW1,2023,slope_protection,24495203.65,120.583712,15.151546
P00742359LZ-CW1,2023,slope_protection,17773537.48,120.583712,15.151546
P00742358LZ-CW1,2023,slope_protection,11870351.08,120.583712,15.151546
P00740359LZ-CW1,2023,slope_protection,53056624.6,120.583712,15.151546
P00844765LZ-CW1,2024,river_structure,4791176.6,120.583712,15.151546
P00838433LZ-CW1,2024,river_structure,96493753.29,120.5837417,15.31813611
P00742369LZ-CW1,2023,drainage,19399488.28,120.5838556,15.46318056
P00820706LZ-CW1,2024,river_structure,46039127.59,120.583907,18.266965
P00838434LZ-CW1,2024,river_structure,96493309.27,120.5839639,15.31867778
P00848614LZ-CW1,2024,river_structure,70000000.0,120.584175,15.511151
P00844767LZ-CW1,2024,slope_protection,50000000.0,120.584175,15.511151
P00726845LZ-CW1,2023,river_structure,14475000.0,120.58444,18.13966
P00824742LZ-CW1,2024,river_structure,11521786.89,120.58454004,13.22432367
P00823284LZ-CW1,2024,river_structure,48249366.52,120.5853,15.9061
P00823285LZ-CW1,2024,river_structure,48249559.6,120.5853,15.9061
P00620182LZ-CW1,2022,slope_protection,96143949.95,120.58531,15.1121
P00820691LZ-CW1,2024,river_structure,29399858.39,120.585369,18.263252
P00620473LZ-CW1,2022,river_structure,24487767.7,120.585532,16.459979
P00726407LZ-CW1,2023,river_structure,96480000.0,120.585585,16.459981
P00726182LZ-CW1,2023,other,48693842.16,120.585781,15.151619
P00725729LZ-CW1,2023,other,65559195.03,120.585781,15.151619
P00839540LZ-CW1,2024,river_structure,48999740.13,120.585978,18.26153
P00740358LZ-CW1,2023,slope_protection,67506646.63,120.586956,15.15202
P00620173LZ-CW1,2022,other,73765257.64,120.587478,15.489106
P00525553LZ-CW1,2021,river_structure,80869305.14,120.587735,16.464227
P00742315LZ-CW1,2023,river_structure,9900000.0,120.5881083,14.56518611
P00839656LZ-CW1,2024,river_structure,9848740.48,120.58817,13.222853
P00838356LZ-CW1,2024,slope_protection,96488518.31,120.5889,15.1937
P00821530LZ-CW1,2024,river_structure,39197620.93,120.588966,16.462669
P00737486LZ-CW1,2023,drainage,19304999.69,120.589183,15.681204
P00639443LZ-CW1,2022,river_structure,2930210.39,120.589434,16.483137
P00839543LZ-CW1,2024,drainage,4949545.05,120.589453,18.202144
P00742133LZ-CW1,2023,slope_protection,57419383.62,120.589508,15.515408
P00820806LZ-CW1,2024,river_structure,34300000.0,120.5897,14.56551
P00740614LZ-CW1,2023,slope_protection,19593827.54,120.590212,14.921889
P00740622LZ-CW1,2023,drainage,7825746.15,120.590515,15.118404
P00823409LZ-CW1,2024,river_structure,144750000.0,120.590681,15.508925
P00740368LZ-CW1,2023,slope_protection,77191844.95,120.590682,15.17124
P00740619LZ-CW1,2023,drainage,4760182.02,120.590682,15.183299
P00740628LZ-CW1,2023,drainage,29397781.56,120.590682,15.17124
P00740543LZ-CW1,2023,slope_protection,4899850.31,120.590739,18.273759
P00821126LZ-CW1,2024,river_structure,86820000.0,120.590915,16.461317
P00820406LZ-CW1,2024,river_structure,94693310.64,120.591084,13.227538
P00844724LZ-CW1,2024,drainage,19548284.0,120.59111111,16.03916667
P00726196LZ-CW1,2023,drainage,28663649.83,120.591156,15.471103
P00740616LZ-CW1,2023,slope_protection,19593178.51,120.591196,14.935958
P00726918LZ-CW1,2023,river_structure,77196575.9,120.5912,15.3254
P00742254LZ-CW1,2023,drainage,4949436.79,120.591307,18.212931
P00740569LZ-CW1,2023,drainage,48936920.25,120.591386,16.038694
P00631175LZ-CW1,2022,river_structure,9800000.0,120.591389,14.565556
P00839655LZ-CW1,2024,river_structure,4948368.84,120.59145,13.222162
P00740558LZ-CW1,2023,river_structure,48999809.17,120.591537,18.510266
P00727151LZ-CW1,2023,river_structure,32339347.92,120.5916,15.3255
P00742346LZ-CW1,2023,slope_protection,29679049.0,120.5919,14.9903
P00740636LZ-CW1,2023,drainage,4892626.47,120.592121,15.151799
P00631263LZ-CW1,2022,slope_protection,24151028.82,120.592331932774,15.1558519143949
P00620465LZ-CW1,2022,river_structure,39109633.42,120.5925,16.05556
P00821508LZ-CW1,2024,river_structure,48920129.97,120.59276333,16.06414833
P00821501LZ-CW1,2024,river_structure,48919089.24,120.5928,16.036395
P00525552LZ-CW1,2021,river_structure,51660310.0,120.592955,16.411644
P00620993LZ-CW1,2022,drainage,49000000.0,120.5930083,16.41161111
P00821506LZ-CW1,2024,river_structure,48877781.14,120.59320444,16.06769503
P00727043LZ-CW1,2023,river_structure,29399734.0,120.5932771,18.252722
P00825059LZ-CW1,2024,river_structure,99000000.0,120.5934167,15.53011111
P00742252LZ-CW1,2023,drainage,4949233.07,120.593518,18.203994
P00526038LZ-CW1,2021,slope_protection,48244588.77,120.593531,14.873542
P00825058LZ-CW1,2024,river_structure,99000000.0,120.59395,15.52723333
P00821507LZ-CW1,2024,river_structure,48883150.79,120.59410833,16.06724667
P00740635LZ-CW1,2023,drainage,4881475.05,120.594279,15.140447
P00740621LZ-CW1,2023,drainage,4889105.41,120.594279,15.140447
P00631253LZ-CW1,2022,slope_protection,24472169.33,120.594492306948,15.1570267725517
P00630939LZ-CW1,2022,drainage,95052418.57,120.5950417,15.47925556
P00640529LZ-CW1,2022,drainage,48515833.0,120.5952833,15.48087222
P00726843LZ-CW1,2023,drainage,53074990.83,120.5309,18.0567
P00824638LZ-CW1,2024,river_structure,48999653.83,120.672181,18.148731
P00620513LZ-CW1,2022,river_structure,49000000.0,120.531059,14.639486
P00843216LZ-CW1,2024,river_structure,5688635.44,120.67303,17.11248
P00525873LZ-CW1,2021,river_structure,9799998.61,120.53108,16.825868
P00725581LZ-CW1,2023,river_structure,48249410.43,120.67305,17.95888
P00820867LZ-CW1,2024,river_structure,19600000.0,120.673108,14.049497
P00820134LZ-CW1,2024,river_structure,72374725.65,120.674077,17.952852
P00821291LZ-CW1,2024,river_structure,96492882.96,120.5311861,15.40980556
P00632838LZ-CW1,2022,slope_protection,4687517.0,120.674229,15.188842
P00820688LZ-CW1,2024,river_structure,48999571.26,120.674277,18.148655
P00742282LZ-CW1,2023,river_structure,9671787.53,120.675044,15.908449
P00725582LZ-CW1,2023,river_structure,48249997.02,120.675218,17.958116
P00844759LZ-CW1,2024,slope_protection,46549904.52,120.675466,15.069523
P00839589LZ-CW1,2024,slope_protection,4677654.23,120.675546,15.187046
P00620122LZ-CW1,2022,river_structure,55928505.0,120.675991,17.998178
P00631242LZ-CW1,2022,slope_protection,18561193.12,120.676045,15.013574
P00637783LZ-CW1,2022,slope_protection,19769166.53,120.531352,15.057364
P00630938LZ-CW1,2022,slope_protection,241250000.0,120.5313556,15.05723611
P00824693LZ-CW1,2024,river_structure,48999998.54,120.53146,14.79185
P00632803LZ-CW1,2022,drainage,14849989.69,120.53194,14.80333
P00620970LZ-CW1,2022,river_structure,29345730.44,120.6761,15.9092
P00820812LZ-CW1,2024,river_structure,49000000.0,120.5320944,14.64332778
P00620510LZ-CW1,2022,river_structure,49000000.0,120.53227,14.642069
P00726713LZ-CW1,2023,river_structure,49000000.0,120.53227,14.642069
P00621237LZ-CW1,2022,river_structure,96500000.0,120.53247,14.70634
P00620971LZ-CW1,2022,river_structure,48950632.01,120.6764,15.9086
P00821292LZ-CW1,2024,river_structure,96500000.0,120.532625,15.40779722
P00632779LZ-CW1,2022,river_structure,49497900.0,120.676793,17.661836
P00621453LZ-CW1,2022,slope_protection,48844689.26,120.532709,14.980226
P00632765LZ-CW1,2022,river_structure,46352378.91,120.677562,17.663141
P00727088LZ-CW1,2023,river_structure,48996410.44,120.532908,16.008706
P00740512LZ-CW1,2023,river_structure,29399903.6,120.677651,18.241592
P00631087LZ-CW1,2022,slope_protection,14550366.98,120.532977,16.008572
P00820811LZ-CW1,2024,river_structure,49000000.0,120.5331667,14.64359167
P00621539LZ-CW1,2022,river_structure,37228052.04,120.6777,15.3221
P00621457LZ-CW1,2022,slope_protection,48840873.66,120.533182,15.067352
P00824708LZ-CW1,2024,river_structure,46749922.54,120.677839,15.322063
P00621461LZ-CW1,2022,river_structure,24311437.71,120.533186388389,15.2143613119763
P00621135LZ-CW1,2022,river_structure,211334996.32,120.6787756,18.244652
P00621593LZ-CW1,2022,river_structure,48999996.76,120.67893,17.94322
P00845962LZ-CW1,2024,river_structure,9899999.72,120.5333,14.807899
P00621558LZ-CW1,2022,river_structure,79130000.0,120.678949,17.943479
P00639485LZ-CW1,2022,river_structure,48534502.89,120.533403247352,15.2159795922108
P00621552LZ-CW1,2022,river_structure,79130000.0,120.67903,17.943407
P00621508LZ-CW1,2022,river_structure,14699999.73,120.5335,17.1385
P00742269LZ-CW1,2023,river_structure,9879986.49,120.5336111,17.29194444
P00726043LZ-CW1,2023,river_structure,39199115.51,120.679043,18.14737
P00639451LZ-CW1,2022,slope_protection,14688347.0,120.533664,16.544339
P00621603LZ-CW1,2022,river_structure,48249999.1,120.679073,17.942804
P00726854LZ-CW1,2023,river_structure,8288961.56,120.67986,18.13531
P00621273LZ-CW1,2022,river_structure,96499997.09,120.53374,17.915698
P00620134LZ-CW1,2022,river_structure,48999995.79,120.53389,17.12948
P00561497LZ-CW1,2021,river_structure,48997500.0,120.680061,17.66798
P00727125LZ-CW1,2023,river_structure,49000000.0,120.534103,14.793509
P00737413LZ-CW1,2023,river_structure,9598259.55,120.5344444,17.29138889
P00824707LZ-CW1,2024,river_structure,46728726.02,120.6800611,15.30261944
P00637782LZ-CW1,2022,slope_protection,19779866.52,120.5347,14.9681
P00726375LZ-CW1,2023,river_structure,144744528.57,120.680981,17.642188
P00846005LZ-CW1,2024,slope_protection,14842087.89,120.5348,14.9806
P00621605LZ-CW1,2022,river_structure,48249999.67,120.6811,17.921504
P00740610LZ-CW1,2023,slope_protection,29393302.38,120.5349,14.973005
P00621606LZ-CW1,2022,river_structure,48249996.9,120.681142,17.921381
P00843203LZ-CW1,2024,river_structure,96393183.69,120.681458,15.939035
P00621291LZ-CW1,2022,river_structure,60202410.54,120.68223,15.32478
P00621592LZ-CW1,2022,river_structure,48999997.76,120.6823,17.94131
P00621594LZ-CW1,2022,river_structure,48999997.76,120.68232,17.94181
P00821293LZ-CW1,2024,river_structure,96497531.14,120.5349778,15.40542778
P00620542LZ-CW1,2022,river_structure,27782198.84,120.682564,14.991692
P00631254LZ-CW1,2022,river_structure,23752035.93,120.534987232151,15.2157459072195
P00727081LZ-CW1,2023,river_structure,19599957.43,120.68343,17.13962
P00621460LZ-CW1,2022,river_structure,24304593.61,120.534987232151,15.2157459072195
P00639446LZ-CW1,2022,river_structure,5289578.4,120.683674,16.365829
P00824709LZ-CW1,2024,river_structure,46736249.12,120.684077,15.301922
P00637077LZ-CW1,2022,river_structure,24278801.96,120.534987232151,15.2157459072195
P00843204LZ-CW1,2024,river_structure,96390646.52,120.68461111,15.93848333
P00838504LZ-CW1,2024,river_structure,5688855.8,120.68479,17.09436
P00621585LZ-CW1,2022,river_structure,11759084.34,120.684841,18.144172
P00620809LZ-CW1,2022,river_structure,51857438.1,120.685143,16.600089
P00620975LZ-CW1,2022,river_structure,28517854.91,120.68556,15.9392
P00725596LZ-CW1,2023,river_structure,48249058.58,120.6859,18.025905
P00621510LZ-CW1,2022,river_structure,19599997.6,120.686055,17.135031
P00561462LZ-CW1,2021,river_structure,96500000.0,120.68643,16.60064
P00742344LZ-CW1,2023,slope_protection,29692996.3,120.53502,14.97963
P00845964LZ-CW1,2024,drainage,9899999.1,120.535022,14.729544
P00742357LZ-CW1,2023,slope_protection,49489954.9,120.5352,14.9911
P00639365LZ-CW1,2022,drainage,96492456.51,120.535251,15.002689
P00820810LZ-CW1,2024,river_structure,49000000.0,120.5352583,14.64274444
P00526024LZ-CW1,2021,slope_protection,19594564.38,120.53526,14.99121
P00727077LZ-CW1,2023,river_structure,29399992.88,120.535386,17.141477
P00740618LZ-CW1,2023,slope_protection,19545904.49,120.535458,15.008232
P00640496LZ-CW1,2022,river_structure,19202205.72,120.535943,17.451886
P00639358LZ-CW1,2022,slope_protection,77188819.91,120.536073,15.536073
P00726714LZ-CW1,2023,river_structure,34300000.0,120.536604,14.658697
P00621455LZ-CW1,2022,slope_protection,48840963.08,120.537085,14.984397
P00821294LZ-CW1,2024,river_structure,96496366.23,120.537206,15.403253
P00726715LZ-CW1,2023,river_structure,34300000.0,120.537797,14.660292
P00621602LZ-CW1,2022,river_structure,48249996.51,120.6867,17.923724
P00838419LZ-CW1,2024,river_structure,96466323.0,120.5378,15.21435
P00838420LZ-CW1,2024,river_structure,96477961.31,120.5378,15.21435
P00823301LZ-CW1,2024,river_structure,48249964.94,120.53806,17.12955
P00637778LZ-CW1,2022,drainage,4791069.16,120.538196,14.921436
P00845960LZ-CW1,2024,river_structure,9899999.8,120.538315,14.708654
P00637784LZ-CW1,2022,river_structure,33950858.49,120.538806,15.651416
P00639369LZ-CW1,2022,river_structure,94489688.9,120.6136027,15.3281416
P00823278LZ-CW1,2024,river_structure,48249942.73,120.5394,16.0434
P00823280LZ-CW1,2024,river_structure,48249696.41,120.5394,16.0434
P00823282LZ-CW1,2024,river_structure,48249924.4,120.5394,16.0434
P00921064LZ-CW1,2025,slope_protection,14229719.67,120.6139639,15.42745556
P00620195LZ-CW1,2022,river_structure,57734172.99,120.6141222,15.32874166
P00620994LZ-CW1,2022,drainage,16673974.44,120.6143,16.37527222
P00742142LZ-CW1,2023,slope_protection,69214730.8,120.68766,15.256472
P00632853LZ-CW1,2022,slope_protection,19588065.3,120.61498290187,15.2077261873033
P00620176LZ-CW1,2022,slope_protection,55968336.61,120.615142872222,15.1540911114929
P00742365LZ-CW1,2023,slope_protection,19721987.26,120.68766,15.256472
P00639459LZ-CW1,2022,river_structure,9789992.93,120.615192,16.526482
P00824800LZ-CW1,2024,river_structure,96499995.51,120.539423,15.854602
P00844764LZ-CW1,2024,drainage,9797939.97,120.68766,15.256472
P00742353LZ-CW1,2023,slope_protection,24734901.6,120.53944,15.03831
P00838531LZ-CW1,2024,slope_protection,48971773.59,120.6877,15.25647
P00525911LZ-CW1,2021,river_structure,11489414.45,120.615931,16.573964
P00838358LZ-CW1,2024,slope_protection,86821821.41,120.6877,15.25647
P00742352LZ-CW1,2023,slope_protection,24738841.23,120.5395,15.03926
P00838362LZ-CW1,2024,slope_protection,77183078.33,120.6877,15.25647
P00639371LZ-CW1,2022,river_structure,94533425.98,120.616,15.2856
P00640528LZ-CW1,2022,slope_protection,48511634.63,120.539669,15.636434
P00621604LZ-CW1,2022,river_structure,48249996.92,120.687932,17.923811
P00742385LZ-CW1,2023,drainage,4255760.0,120.61635,14.119808
P00727141LZ-CW1,2023,slope_protection,26256800.55,120.688036,15.256358
P00737409LZ-CW1,2023,drainage,4949912.02,120.617172,18.253578
P00726197LZ-CW1,2023,river_structure,48141038.91,120.539725,15.63656944
P00632773LZ-CW1,2022,river_structure,49497500.0,120.688261,17.670799
P00736619LZ-CW1,2023,slope_protection,47530569.42,120.539725,15.63638889
P00740630LZ-CW1,2023,slope_protection,21061809.75,120.6177,15.1446
P00222127LZ-CW1,2018,river_structure,136302210.19,120.54,14.82
P00740634LZ-CW1,2023,slope_protection,4887932.85,120.6177,15.1446
P00740632LZ-CW1,2023,drainage,4851646.26,120.617745,15.14459
P00740366LZ-CW1,2023,slope_protection,67419722.43,120.68903,15.219318
P00632774LZ-CW1,2022,river_structure,49497500.0,120.689375,17.673113
P00561806LZ-CW1,2021,river_structure,2450991.9,120.618106,13.255189
P00824830LZ-CW1,2024,river_structure,157294568.63,120.6893996,17.14036306
P00632805LZ-CW1,2022,drainage,9899999.99,120.540744,14.7833239
P00632770LZ-CW1,2022,river_structure,49497500.0,120.618224,17.627929
P00620248LZ-CW1,2022,river_structure,77200000.0,120.689476,14.045285
P00621459LZ-CW1,2022,slope_protection,24482452.91,120.541358352094,15.1667383430086
P00838481LZ-CW1,2024,drainage,4899380.88,120.618319,18.24995
P00824747LZ-CW1,2024,river_structure,4870149.83,120.689605,13.152207
P00740369LZ-CW1,2023,river_structure,77199671.49,120.5414583,15.63435556
P00621610LZ-CW1,2022,river_structure,48999997.76,120.6902,17.940595
P00742316LZ-CW1,2023,river_structure,6784428.58,120.541779,14.670832
P00820672LZ-CW1,2024,river_structure,29399860.43,120.618333,18.243636
P00639483LZ-CW1,2022,slope_protection,18541526.13,120.690562,14.836959
P00640499LZ-CW1,2022,river_structure,19799998.32,120.541943,16.78948
P00631259LZ-CW1,2022,slope_protection,47450440.65,120.61836409384,15.2083688350116
P00620998LZ-CW1,2022,river_structure,24500000.0,120.690932,16.383446
P00526052LZ-CW1,2021,river_structure,13967566.61,120.542307,15.613498
P00725583LZ-CW1,2023,river_structure,11579999.2,120.61883,18.07105
P00726184LZ-CW1,2023,river_structure,48940091.64,120.691127,15.232769
P00637076LZ-CW1,2022,slope_protection,24475221.98,120.543229,15.165975
P00639320LZ-CW1,2022,river_structure,95238758.44,120.619805,17.627037
P00742340LZ-CW1,2023,slope_protection,9602952.08,120.69163,15.03315
P00823319LZ-CW1,2024,river_structure,96497500.15,120.692,17.67493
P00848617LZ-CW1,2024,river_structure,4945000.0,120.54349,15.0667
P00846008LZ-CW1,2024,slope_protection,9885415.68,120.62011821259,15.1498910095605
P00824695LZ-CW1,2024,river_structure,39200000.0,120.5436,14.67559167
P00632772LZ-CW1,2022,river_structure,49497515.89,120.692428,17.677199
P00726054LZ-CW1,2023,river_structure,48900255.04,120.6208,16.07806
P00621282LZ-CW1,2022,slope_protection,93605000.0,120.544308,15.455914
P00637061LZ-CW1,2022,river_structure,48997500.0,120.692986,17.683211
P00824660LZ-CW1,2024,river_structure,29354074.45,120.6216,16.0059
P00639319LZ-CW1,2022,river_structure,94135771.11,120.693388,17.646801
P00824637LZ-CW1,2024,river_structure,4899952.42,120.621914,18.090289
P00727307LZ-CW1,2023,river_structure,96493125.05,120.54465,14.92731
P00639414LZ-CW1,2022,river_structure,24499951.39,120.621935,18.251423
P00620976LZ-CW1,2022,river_structure,39153721.46,120.6936,15.9339
P00843206LZ-CW1,2024,river_structure,192999802.92,120.5455,15.9895
P00631252LZ-CW1,2022,drainage,14680755.8,120.622297232538,15.2369832953698
P00820210LZ-CW1,2024,river_structure,96499999.66,120.5455,14.81694
P00737410LZ-CW1,2023,drainage,4949034.71,120.622469,18.247296
P00621611LZ-CW1,2022,river_structure,48999997.76,120.69382,17.93979
P00727135LZ-CW1,2023,slope_protection,38075609.36,120.623096,15.149748
P00637021LZ-CW1,2022,slope_protection,70651739.38,120.546094894581,15.1504010872337
P00632778LZ-CW1,2022,river_structure,49497900.0,120.694017,17.6802
P00727129LZ-CW1,2023,river_structure,29393763.68,120.623471,14.940176
P00727306LZ-CW1,2023,river_structure,257255490.0,120.694276,14.990321
P00631255LZ-CW1,2022,slope_protection,23900621.1,120.623937489886,15.149584493363
P00632806LZ-CW1,2022,river_structure,9799999.76,120.546194,14.753828
P00620790LZ-CW1,2022,river_structure,48250000.0,120.624,15.89195
P00637753LZ-CW1,2022,river_structure,95039995.11,120.694613,18.273768
P00631262LZ-CW1,2022,slope_protection,23742805.14,120.546518965538,15.1505614073269
P00726369LZ-CW1,2023,river_structure,33773706.21,120.624,15.89195
P00726744LZ-CW1,2023,river_structure,47530899.36,120.695069,15.60874
P00639374LZ-CW1,2022,river_structure,95657621.0,120.6240806,15.32921944
P00727289LZ-CW1,2023,slope_protection,95524711.75,120.547742,15.46515
P00846015LZ-CW1,2024,slope_protection,45000000.0,120.624098,15.715533
P00621509LZ-CW1,2022,river_structure,14699994.91,120.5477778,17.14583333
P00820700LZ-CW1,2024,river_structure,6859904.93,120.624374,18.09197
P00727076LZ-CW1,2023,river_structure,29399996.02,120.5477778,17.14583333
P00726539LZ-CW1,2023,river_structure,193000000.0,120.6244169,14.91179467
P00838435LZ-CW1,2024,river_structure,96497825.29,120.695425,15.330144
P00725735LZ-CW1,2023,river_structure,93605792.49,120.695439,15.61345
P00823302LZ-CW1,2024,river_structure,48249866.9,120.5477778,17.14527778
P00621616LZ-CW1,2022,river_structure,48997900.0,120.696001,17.679383
P00740362LZ-CW1,2023,slope_protection,96494018.96,120.62454,14.93135
P00637053LZ-CW1,2022,river_structure,48997500.0,120.696098,17.648705
P00823412LZ-CW1,2024,river_structure,144750000.0,120.5481806,15.62770278
P00631102LZ-CW1,2022,river_structure,49000000.0,120.696128,17.444304
P00824659LZ-CW1,2024,river_structure,24468214.86,120.6252,16.0137
P00736620LZ-CW1,2023,river_structure,47530047.71,120.554125,15.617936
P00727131LZ-CW1,2023,slope_protection,29393966.78,120.548236,14.924239
P00726393LZ-CW1,2023,river_structure,96499891.0,120.696544,17.628189
P00820835LZ-CW1,2024,slope_protection,24492340.56,120.55451,14.9661
P00820862LZ-CW1,2024,slope_protection,50000000.0,120.6254111,15.687825
P00621607LZ-CW1,2022,river_structure,48999997.76,120.69657,17.93761
P00820200LZ-CW1,2024,river_structure,28950000.0,120.5496556,14.64435278
P00821238LZ-CW1,2024,river_structure,99000000.0,120.625425,15.68780556
P00621609LZ-CW1,2022,river_structure,48999997.76,120.6969,17.93795
P00525588LZ-CW1,2021,slope_protection,91558129.3,120.554973,15.109719
P00740617LZ-CW1,2023,slope_protection,19571542.39,120.54968,14.91048
P00637055LZ-CW1,2022,river_structure,48998000.0,120.626453,17.572184
P00727287LZ-CW1,2023,slope_protection,94492060.39,120.555775,15.465936
P00620183LZ-CW1,2022,slope_protection,96098491.37,120.5501,15.1158
P00727367LZ-CW1,2023,slope_protection,47999505.2,120.697178,15.607353
P00727132LZ-CW1,2023,slope_protection,39193042.59,120.555785,14.893185
P00845884LZ-CW1,2024,drainage,4949900.42,120.551139,18.159463
P00823476LZ-CW1,2024,river_structure,19105042.95,120.697862,15.619846
P00823411LZ-CW1,2024,river_structure,144750000.0,120.5516833,15.62368889
P00820832LZ-CW1,2024,slope_protection,41852777.94,120.55583,14.89301
P00824712LZ-CW1,2024,river_structure,25000000.0,120.6267611,15.455375
P00740607LZ-CW1,2023,slope_protection,48986593.16,120.551748,14.921841
P00620469LZ-CW1,2022,river_structure,39131477.44,120.5528,15.9747
P00740538LZ-CW1,2023,slope_protection,4899866.03,120.6268,18.27042
P00526040LZ-CW1,2021,river_structure,29390737.33,120.556813,14.919546
P00821243LZ-CW1,2024,river_structure,99000000.0,120.6982472,15.59104722
P00620184LZ-CW1,2022,slope_protection,96204248.42,120.5578,15.1065
P00742371LZ-CW1,2023,slope_protection,49500000.0,120.553544,15.620403
P00821132LZ-CW1,2024,river_structure,96500000.0,120.5586,16.431
P00621586LZ-CW1,2022,river_structure,34299595.93,120.627307,18.10218
P00737485LZ-CW1,2023,river_structure,48483371.91,120.55357,15.620392
P00820808LZ-CW1,2024,river_structure,49000000.0,120.5588,14.62446
P00727061LZ-CW1,2023,river_structure,30107779.91,120.558838,18.075969
P00632760LZ-CW1,2022,river_structure,49497200.0,120.698502,17.650495
P00632781LZ-CW1,2022,river_structure,49497500.0,120.627418,17.630947
P00620552LZ-CW1,2022,river_structure,47531186.78,120.554103,15.610505
P00620930LZ-CW1,2022,river_structure,48249995.97,120.559,18.07573
P00821244LZ-CW1,2024,river_structure,99000000.0,120.6985444,15.59481667
P00846019LZ-CW1,2024,slope_protection,50000000.0,120.62792,15.457891
P00620551LZ-CW1,2022,river_structure,37120120.86,120.559193,15.469469
P00620196LZ-CW1,2022,river_structure,57899409.79,120.6281028,15.33008333
P00848629LZ-CW1,2024,river_structure,99000000.0,120.5594278,15.44485
P00621283LZ-CW1,2022,slope_protection,93605000.0,120.559601,15.470507
P00637060LZ-CW1,2022,river_structure,48997500.0,120.628103,17.634323
P00637022LZ-CW1,2022,slope_protection,57867366.65,120.559748720305,15.1569756840685
P00561460LZ-CW1,2021,river_structure,96372298.9,120.62813,16.61412
P00727134LZ-CW1,2023,slope_protection,24436607.86,120.559898,15.15706
P00845802LZ-CW1,2024,slope_protection,50000000.0,120.628162,15.458628
P00821278LZ-CW1,2024,river_structure,92954070.0,120.6985528,15.58948056
P00848628LZ-CW1,2024,river_structure,99000000.0,120.5599222,15.44659722
P00848627LZ-CW1,2024,river_structure,99000000.0,120.5607611,15.44900278
P00620929LZ-CW1,2022,river_structure,48249996.03,120.561256,18.075937
P00725589LZ-CW1,2023,river_structure,192999797.12,120.56141,18.13775
P00823410LZ-CW1,2024,river_structure,144750000.0,120.5615833,15.57204444
P00621284LZ-CW1,2022,slope_protection,93605000.0,120.562067,15.472255
P00820859LZ-CW1,2024,river_structure,44099535.44,120.5624167,15.46366667
P00620185LZ-CW1,2022,slope_protection,74111721.84,120.562715,14.958938
P00726745LZ-CW1,2023,river_structure,49000000.0,120.5629889,15.44584722
P00726406LZ-CW1,2023,river_structure,77190000.0,120.56299,16.464296
P00620931LZ-CW1,2022,river_structure,48249997.24,120.563003,18.07659
P00820209LZ-CW1,2024,river_structure,92954070.0,120.563029,15.462436
P00821247LZ-CW1,2024,river_structure,99000000.0,120.5630944,15.46025556
P00727274LZ-CW1,2023,river_structure,65522147.96,120.5631333,15.44346111
P00740559LZ-CW1,2023,river_structure,48999812.73,120.563314,18.23415
P00821248LZ-CW1,2024,river_structure,99000000.0,120.5634694,15.45788889
P00821249LZ-CW1,2024,river_structure,99000000.0,120.5637333,15.455475
P00620784LZ-CW1,2022,river_structure,77199998.73,120.564,18.0056
P00620785LZ-CW1,2022,river_structure,77199998.15,120.564,18.0055
P00740374LZ-CW1,2023,river_structure,94811038.77,120.564492,15.450375
P00620932LZ-CW1,2022,river_structure,48249999.86,120.564756,18.073875
P00821133LZ-CW1,2024,river_structure,96500000.0,120.5653,16.4298
P00820849LZ-CW1,2024,slope_protection,48979865.38,120.5655,15.15638
P00820848LZ-CW1,2024,slope_protection,48988462.52,120.5663,15.15561
P00742262LZ-CW1,2023,river_structure,5940000.0,120.56638,18.05695
P00740361LZ-CW1,2023,river_structure,95530140.96,120.566575,15.568683
P00640530LZ-CW1,2022,river_structure,24255000.0,120.566813,15.47246
P00821595LZ-CW1,2024,river_structure,49000000.0,120.5671356,15.47435944
P00824743LZ-CW1,2024,river_structure,9760904.14,120.567399,13.504385
P00742285LZ-CW1,2023,drainage,4894253.08,120.567457,15.969476
P00727291LZ-CW1,2023,river_structure,96500000.0,120.567472,15.480294
P00742132LZ-CW1,2023,slope_protection,57189172.97,120.5681389,15.56764167
P00640532LZ-CW1,2022,river_structure,29699966.66,120.56851389,15.26334722
P00820719LZ-CW1,2024,river_structure,48921063.43,120.56879667,16.080135
P00620933LZ-CW1,2022,river_structure,48250000.0,120.569355,18.056119
P00620934LZ-CW1,2022,river_structure,48250000.0,120.569617,18.056043
P00742131LZ-CW1,2023,slope_protection,59170297.08,120.5696778,15.56634444
P00725608LZ-CW1,2023,river_structure,57899998.72,120.5697111,18.21603056
P00726189LZ-CW1,2023,river_structure,48979796.38,120.5701,15.3515
P00726736LZ-CW1,2023,river_structure,48991583.0,120.5705,15.2277
P00921065LZ-CW1,2025,slope_protection,14700000.0,120.570923,15.716535
P00823456LZ-CW1,2024,river_structure,48247379.4,120.570956,15.145846
P00726541LZ-CW1,2023,river_structure,70203784.94,120.5721194,15.56329444
P00825209LZ-CW1,2024,river_structure,9649102.48,120.572179,18.182739
P00820718LZ-CW1,2024,river_structure,48950141.11,120.57249333,16.08287667
P00725607LZ-CW1,2023,river_structure,57899991.3,120.5726833,18.21746111
P00821464LZ-CW1,2024,river_structure,9799193.74,120.572966,18.182874
P00620464LZ-CW1,2022,river_structure,43924227.04,120.5731,15.98878
P00726041LZ-CW1,2023,river_structure,48999946.32,120.573244,18.211991
P00725584LZ-CW1,2023,river_structure,19299446.77,120.57352,18.06505
P00726747LZ-CW1,2023,river_structure,48016060.76,120.5735417,15.56096111
P00620471LZ-CW1,2022,river_structure,28939954.5,120.5736,16.0491
P00725614LZ-CW1,2023,river_structure,96499558.61,120.574292,18.505627
P00820804LZ-CW1,2024,river_structure,29400000.0,120.5744,14.64279
P00727290LZ-CW1,2023,river_structure,95733748.94,120.574519,15.483342
P00727137LZ-CW1,2023,slope_protection,29357041.77,120.574539,15.152297
P00740620LZ-CW1,2023,drainage,4755664.53,120.5746,15.1522
P00726648LZ-CW1,2023,river_structure,48884891.57,120.5747,16.08361
P00526053LZ-CW1,2021,river_structure,41894120.84,120.574857,15.576403
P00620779LZ-CW1,2022,river_structure,96499999.74,120.57499,18.167289
P00823347LZ-CW1,2024,slope_protection,28950000.0,120.5750861,15.72339444
P00740354LZ-CW1,2023,river_structure,72344716.92,120.575202,15.208343
P00844763LZ-CW1,2024,river_structure,48984910.79,120.57537456159,15.225079356281
P00726746LZ-CW1,2023,river_structure,48019996.41,120.5753861,15.55887778
P00726647LZ-CW1,2023,river_structure,48929299.85,120.5758,16.08444
P00846017LZ-CW1,2024,river_structure,100000000.0,120.5761083,15.57576944
P00740370LZ-CW1,2023,river_structure,70202319.37,120.5764,15.483072
P00727058LZ-CW1,2023,river_structure,33270657.32,120.57652,18.13907
P00727138LZ-CW1,2023,slope_protection,48786956.39,120.576656,15.153453
P00620991LZ-CW1,2022,river_structure,49000000.0,120.576768,16.379716
P00742370LZ-CW1,2023,slope_protection,48435773.97,120.577205,15.575326
P00631256LZ-CW1,2022,drainage,24472978.8,120.577241117791,15.2152243003537
P00740609LZ-CW1,2023,slope_protection,29393286.85,120.577717,14.98827
P00823477LZ-CW1,2024,drainage,144750000.0,120.5780167,15.66838333
P00640514LZ-CW1,2022,river_structure,34650000.0,120.578086,14.608183
P00727042LZ-CW1,2023,river_structure,48999509.81,120.578575,18.270563
P00726646LZ-CW1,2023,river_structure,48909367.12,120.5786,16.08694
P00820720LZ-CW1,2024,river_structure,48926269.37,120.57866,16.08765833
P00631174LZ-CW1,2022,river_structure,19760720.0,120.578753,14.457868
P00740547LZ-CW1,2023,river_structure,4899700.57,120.578979,18.264604
P00843186LZ-CW1,2024,river_structure,86631647.76,120.57898333,16.0956
P00821490LZ-CW1,2024,river_structure,48248752.17,120.579218,15.883007
P00740639LZ-CW1,2023,drainage,38356262.46,120.579313,15.136316
P00637010LZ-CW1,2022,river_structure,92109279.07,120.628169,17.631924
P00632782LZ-CW1,2022,river_structure,48997500.0,120.628239,17.632038
P00845819LZ-CW1,2024,river_structure,148500000.0,120.6284,14.0554
P00920485LZ-CW1,2025,river_structure,70167867.76,120.6284056,15.68280833
P00637063LZ-CW1,2022,river_structure,48997500.0,120.6287,17.6343
P00820860LZ-CW1,2024,river_structure,45000000.0,120.628716,15.460722
P00838535LZ-CW1,2024,slope_protection,50000000.0,120.629194,15.46141
P00726550LZ-CW1,2023,slope_protection,67500651.86,120.6295056,14.05559444
P00725645LZ-CW1,2023,river_structure,62720200.89,120.62958,18.23797
P00846009LZ-CW1,2024,river_structure,9880733.74,120.630083512729,15.2540564147927
P00727286LZ-CW1,2023,river_structure,96499308.66,120.630103,15.46165
P00631233LZ-CW1,2022,drainage,37228187.0,120.630834,15.061184
P00632841LZ-CW1,2022,slope_protection,48993897.23,120.63089,15.25495
P00727285LZ-CW1,2023,river_structure,95495483.68,120.631347,15.463042
P00621440LZ-CW1,2022,river_structure,48999741.36,120.631628,18.236425
P00821359LZ-CW1,2024,river_structure,241246624.54,120.63183913,13.31350946
P00725736LZ-CW1,2023,river_structure,49214625.15,120.6319,15.3313
P00742367LZ-CW1,2023,slope_protection,19769259.83,120.6322,15.2156
P00740320LZ-CW1,2023,slope_protection,67547874.33,120.6322,15.2156
P00838357LZ-CW1,2024,slope_protection,96464724.6,120.6322,15.2156
P00639322LZ-CW1,2022,river_structure,94102968.15,120.632367,17.636356
P00820689LZ-CW1,2024,river_structure,19599469.7,120.632839,18.13196
P00821237LZ-CW1,2024,river_structure,99000000.0,120.6330472,15.684675
P00820861LZ-CW1,2024,slope_protection,50000000.0,120.6330917,15.68459722
P00844697LZ-CW1,2024,river_structure,19599951.64,120.633184,18.346472
P00639360LZ-CW1,2022,slope_protection,72358811.49,120.633313,14.979625
P00621587LZ-CW1,2022,river_structure,34299755.73,120.6334,18.136394
P00727130LZ-CW1,2023,slope_protection,18818006.65,120.633536,14.979052
P00742279LZ-CW1,2023,drainage,9669550.35,120.633564,15.894667
P00824656LZ-CW1,2024,river_structure,22481351.38,120.634063,15.890879
P00726634LZ-CW1,2023,river_structure,19598647.33,120.634103,18.137761
P00823368LZ-CW1,2024,slope_protection,96494237.11,120.634123,14.975917
P00621456LZ-CW1,2022,slope_protection,48842884.77,120.634202,14.961194
P00727136LZ-CW1,2023,slope_protection,48990144.99,120.634468,15.25685
P00742143LZ-CW1,2023,slope_protection,69284656.96,120.634468,15.25685
P00838530LZ-CW1,2024,drainage,19576592.61,120.6345,15.25685
P00726047LZ-CW1,2023,river_structure,48999776.7,120.634536,18.128085
P00726046LZ-CW1,2023,river_structure,48999159.08,120.634669,18.138507
P00637025LZ-CW1,2022,river_structure,96489698.91,120.634701,14.964245
P00941410LZ-CW1,2025,river_structure,24125000.0,120.6347417,15.47860833
P00820864LZ-CW1,2024,slope_protection,50000000.0,120.6355806,15.68635278
P00727335LZ-CW1,2023,river_structure,39113562.58,120.635585,16.019823
P00726635LZ-CW1,2023,river_structure,19599364.97,120.635608,18.123859
P00726045LZ-CW1,2023,river_structure,39199013.19,120.636078,18.123191
P00740307LZ-CW1,2023,river_structure,144747500.0,120.636357,17.633216
P00820683LZ-CW1,2024,river_structure,19599501.36,120.636578,18.124896
P00820685LZ-CW1,2024,river_structure,29399919.49,120.636777,18.124755
P00846014LZ-CW1,2024,slope_protection,55000000.0,120.6371333,15.6844
P00846010LZ-CW1,2024,slope_protection,50000000.0,120.6371889,15.67716111
P00632771LZ-CW1,2022,river_structure,49498000.0,120.720156,17.565323
P00727044LZ-CW1,2023,river_structure,19599856.52,120.720174,18.500194
P00726897LZ-CW1,2023,river_structure,72374578.69,120.720633,14.815938
P00737468LZ-CW1,2023,river_structure,9895000.0,120.720908,15.742131
P00740356LZ-CW1,2023,river_structure,72308180.47,120.721026,15.236936
P00726395LZ-CW1,2023,river_structure,96500000.0,120.721223,17.539696
P00740422LZ-CW1,2023,river_structure,241246327.92,120.722048519444,13.0697262611111
P00620964LZ-CW1,2022,river_structure,28959119.49,120.7225,16.0175
P00632754LZ-CW1,2022,river_structure,49496925.65,120.722683,17.523842
P00726350LZ-CW1,2023,river_structure,57899818.55,120.7227306,18.34052778
P00620247LZ-CW1,2022,river_structure,88142135.0,120.723053,13.935884
P00726896LZ-CW1,2023,river_structure,72374651.62,120.723134,14.815369
P00725836LZ-CW1,2023,river_structure,77198760.0,120.72322,13.93608
P00726378LZ-CW1,2023,river_structure,144750000.0,120.723307,17.624931
P00621163LZ-CW1,2022,river_structure,57894990.72,120.72335,15.33364
P00639435LZ-CW1,2022,river_structure,48998714.0,120.723516,17.672464
P00639444LZ-CW1,2022,slope_protection,2936230.11,120.72352,16.357686
P00725585LZ-CW1,2023,drainage,11234908.42,120.723648,17.978593
P00632753LZ-CW1,2022,river_structure,49497477.49,120.724074,17.525369
P00639438LZ-CW1,2022,river_structure,19597172.35,120.724613,17.525964
P00742322LZ-CW1,2023,river_structure,52469994.43,120.724621,14.815056
P00727250LZ-CW1,2023,river_structure,97464828.98,120.725063,18.201506
P00823357LZ-CW1,2024,river_structure,77194894.02,120.726032,14.822932
P00727258LZ-CW1,2023,river_structure,48248433.0,120.72628,17.609312
P00843199LZ-CW1,2024,river_structure,96351208.8,120.726299,15.912914
P00632769LZ-CW1,2022,river_structure,49497111.11,120.726494,17.67208
P00639457LZ-CW1,2022,river_structure,19600000.0,120.727455,16.7769
P00735987LZ-CW1,2023,river_structure,77199997.92,120.727664,14.827845
P00838444LZ-CW1,2024,river_structure,96478501.75,120.729327,15.300425
P00726351LZ-CW1,2023,river_structure,48216067.0,120.728294,18.337064
P00620974LZ-CW1,2022,river_structure,19584259.92,120.72833,15.9544
P00824705LZ-CW1,2024,river_structure,45300247.26,120.72858,15.52681
P00725640LZ-CW1,2023,river_structure,62724832.36,120.728948,18.333895
P00561461LZ-CW1,2021,river_structure,96500000.0,120.72942,16.78286
P00726898LZ-CW1,2023,river_structure,67549976.37,120.729467,14.816534
P00742336LZ-CW1,2023,river_structure,14845001.02,120.729558,15.650222
P00824737LZ-CW1,2024,river_structure,19511207.94,120.729607,13.455009
P00844500LZ-CW1,2024,river_structure,77199237.53,120.729944,14.893239
P00740585LZ-CW1,2023,river_structure,47022470.19,120.730032,14.892836
P00740598LZ-CW1,2023,river_structure,24499119.13,120.730037,14.891886
P00639325LZ-CW1,2022,river_structure,96495674.0,120.730362,17.679863
P00726831LZ-CW1,2023,river_structure,67536444.52,120.730518,16.060365
P00726155LZ-CW1,2023,river_structure,48999319.76,120.730547,14.886872
P00727275LZ-CW1,2023,river_structure,72374980.21,120.730601,14.886847
P00838445LZ-CW1,2024,river_structure,96461259.27,120.7309,15.3
P00637058LZ-CW1,2022,river_structure,48998000.0,120.730956,17.743969
P00640523LZ-CW1,2022,river_structure,19403996.4,120.730964,15.73794
P00845971LZ-CW1,2024,slope_protection,98998602.6,120.731,14.88507
P00640534LZ-CW1,2022,river_structure,48342638.69,120.73104,15.33248
P00727146LZ-CW1,2023,slope_protection,29381453.57,120.731223,15.244633
P00844504LZ-CW1,2024,river_structure,77146300.03,120.731734,14.889012
P00630943LZ-CW1,2022,slope_protection,67535048.42,120.731917829515,15.2469270675902
P00620546LZ-CW1,2022,slope_protection,48986736.23,120.731918,15.246927
P00737367LZ-CW1,2023,river_structure,59399974.1,120.73193,14.81805
P00740584LZ-CW1,2023,river_structure,48999930.61,120.731968,14.887579
P00823361LZ-CW1,2024,river_structure,77199973.8,120.732189,14.854502
P00631096LZ-CW1,2022,river_structure,48960181.18,120.7325,15.9128
P00640491LZ-CW1,2022,river_structure,9800000.0,120.73257,18.09798
P00639439LZ-CW1,2022,river_structure,28998220.94,120.73266,17.576152
P00844742LZ-CW1,2024,river_structure,29399600.57,120.733002,14.853168
P00639454LZ-CW1,2022,river_structure,2934995.04,120.733305,16.577193
P00726352LZ-CW1,2023,river_structure,81815539.49,120.734013,18.320634
P00823365LZ-CW1,2024,river_structure,77182692.83,120.73421,14.882149
P00838404LZ-CW1,2024,slope_protection,77198007.55,120.734617,14.902058
P00632930LZ-CW1,2022,river_structure,22559787.41,120.734747,13.163071
P00824710LZ-CW1,2024,river_structure,46745172.42,120.735006,15.295639
P00620995LZ-CW1,2022,river_structure,24500000.0,120.735369,16.300139
P00725737LZ-CW1,2023,river_structure,50142663.46,120.7361,15.33026
P00631095LZ-CW1,2022,river_structure,48958847.19,120.7369,15.91778
P00740595LZ-CW1,2023,river_structure,48995370.37,120.737145,14.879684
P00639370LZ-CW1,2022,river_structure,94527725.51,120.73749,15.29156
P00844509LZ-CW1,2024,river_structure,67549830.35,120.737587,14.838359
P00621541LZ-CW1,2022,river_structure,19191837.84,120.737778,15.382778
P00838411LZ-CW1,2024,slope_protection,77194570.6,120.737995,14.859313
P00640533LZ-CW1,2022,river_structure,34642609.17,120.738,15.4049
P00621538LZ-CW1,2022,river_structure,48997737.39,120.738,15.379
P00848606LZ-CW1,2024,river_structure,98767177.79,120.738546,16.106093
P00726156LZ-CW1,2023,river_structure,48999996.14,120.738916,14.874314
P00621446LZ-CW1,2022,river_structure,19579834.04,120.7392,15.9172
P00726160LZ-CW1,2023,river_structure,48999614.38,120.739226,14.839765
P00735991LZ-CW1,2023,river_structure,77140881.95,120.739236,14.839756
P00735985LZ-CW1,2023,river_structure,77199989.04,120.739328,14.840054
P00639324LZ-CW1,2022,river_structure,96496036.0,120.739338,17.686231
P00725639LZ-CW1,2023,river_structure,62724598.75,120.739469,18.355262
P00740377LZ-CW1,2023,river_structure,144749489.85,120.739524,14.817383
P00735984LZ-CW1,2023,river_structure,77199980.44,120.739574,14.903749
P00844506LZ-CW1,2024,river_structure,77192596.4,120.739602,14.858862
P00735989LZ-CW1,2023,river_structure,77199994.01,120.739975,14.858741
P00637765LZ-CW1,2022,drainage,4880078.07,120.7406,16.0281
P00735986LZ-CW1,2023,river_structure,77199987.19,120.740974,14.865881
P00639434LZ-CW1,2022,river_structure,48997532.0,120.741193,17.684168
P00726895LZ-CW1,2023,river_structure,72372260.41,120.741292,14.817927
P00727294LZ-CW1,2023,river_structure,93594755.18,120.74133,15.47081
P00727293LZ-CW1,2023,river_structure,96494805.62,120.7416,15.46659
P00727292LZ-CW1,2023,river_structure,96494393.08,120.741667,15.449383
P00725613LZ-CW1,2023,river_structure,57899479.86,120.741685,18.311523
P00844505LZ-CW1,2024,river_structure,77195463.0,120.741717,14.861453
P00631292LZ-CW1,2022,river_structure,18997097.04,120.741923,14.309699
P00727295LZ-CW1,2023,river_structure,96497151.81,120.7426,15.38263
P00735982LZ-CW1,2023,river_structure,77199991.76,120.742858,14.912592
P00846016LZ-CW1,2024,river_structure,50000000.0,120.6986722,15.60029167
P00821594LZ-CW1,2024,river_structure,45000000.0,120.6987611,15.59859722
P00621596LZ-CW1,2022,river_structure,48999996.73,120.69918,17.95539
P00821242LZ-CW1,2024,river_structure,92954070.0,120.6992,15.58748333
P00621111LZ-CW1,2022,river_structure,29761702.43,120.69944,13.139255
P00821592LZ-CW1,2024,slope_protection,48967467.66,120.6999,15.24129
P00823433LZ-CW1,2024,river_structure,28660430.44,120.699955,15.6198
P00820253LZ-CW1,2024,river_structure,73108547.48,120.700185,14.9451
P00561513LZ-CW1,2021,river_structure,48998000.0,120.70027,17.42287
P00844761LZ-CW1,2024,river_structure,9270792.62,120.700275,14.87603
P00838505LZ-CW1,2024,river_structure,5688635.44,120.70036,17.11617
P00621105LZ-CW1,2022,river_structure,30638155.99,120.700655,13.137982
P00561512LZ-CW1,2021,river_structure,96498000.0,120.70073,17.42347
P00727059LZ-CW1,2023,slope_protection,38599865.84,120.700785,18.107348
P00838436LZ-CW1,2024,river_structure,96494883.37,120.700967,15.330414
P00637048LZ-CW1,2022,river_structure,49000000.0,120.70135,18.06952
P00637763LZ-CW1,2022,river_structure,43559717.83,120.701691,18.281021
P00561539LZ-CW1,2021,river_structure,67548125.86,120.70287,15.36632
P00621443LZ-CW1,2022,river_structure,48998688.75,120.70287,18.28285
P00621597LZ-CW1,2022,river_structure,48999997.76,120.70306,17.95367
P00621600LZ-CW1,2022,river_structure,48999997.76,120.7032,17.95405
P00726387LZ-CW1,2023,river_structure,144750000.0,120.703436,17.444282
P00740599LZ-CW1,2023,drainage,19583561.5,120.703703,15.254879
P00824667LZ-CW1,2024,river_structure,48997499.86,120.70421,17.69621
P00823457LZ-CW1,2024,river_structure,43422127.93,120.704265264538,15.2440424771815
P00621441LZ-CW1,2022,river_structure,48999368.12,120.704449,18.284372
P00725699LZ-CW1,2023,river_structure,96496469.38,120.7048999,15.11971044
P00561519LZ-CW1,2021,river_structure,29397900.0,120.70491,17.67893
P00727256LZ-CW1,2023,river_structure,96500000.0,120.705064,17.455254
P00727252LZ-CW1,2023,river_structure,96497500.0,120.705111,17.676182
P00639318LZ-CW1,2022,river_structure,96500000.0,120.70529,17.675047
P00621439LZ-CW1,2022,river_structure,48999395.18,120.705319,18.286362
P00740328LZ-CW1,2023,river_structure,96476890.4,120.7054,15.272
P00824711LZ-CW1,2024,river_structure,29397276.44,120.705544,15.33145
P00631099LZ-CW1,2022,river_structure,48954297.03,120.70556,15.9028
P00639323LZ-CW1,2022,river_structure,91407703.92,120.705578,17.688349
P00637011LZ-CW1,2022,river_structure,95556743.85,120.705733,17.670512
P00621608LZ-CW1,2022,river_structure,48999996.73,120.7058,17.9307
P00621275LZ-CW1,2022,river_structure,91539920.25,120.70582,17.690574
P00630931LZ-CW1,2022,river_structure,96498000.0,120.7059,17.451628
P00637012LZ-CW1,2022,river_structure,96497500.0,120.706022,17.695383
P00742281LZ-CW1,2023,river_structure,14509105.66,120.706363,15.9408
P00621595LZ-CW1,2022,river_structure,48999997.76,120.7064,17.95126
P00941618LZ-CW1,2025,river_structure,4753000.0,120.706502,13.996941
P00621601LZ-CW1,2022,river_structure,48999997.76,120.70656,17.9517
P00639416LZ-CW1,2022,drainage,48249612.44,120.706607,18.516551
P00726857LZ-CW1,2023,river_structure,96500000.0,120.707779,17.77086
P00621598LZ-CW1,2022,river_structure,48999997.76,120.70819,17.94797
P00838499LZ-CW1,2024,river_structure,5688855.8,120.70828,17.14171
P00621599LZ-CW1,2022,river_structure,48999996.73,120.70831,17.94843
P00726732LZ-CW1,2023,river_structure,48010181.1,120.708467,15.626937
P00639436LZ-CW1,2022,river_structure,48997999.8,120.708578,17.715521
P00725595LZ-CW1,2023,river_structure,48248180.2,120.708769,18.08314
P00735959LZ-CW1,2023,river_structure,57899999.88,120.709181,18.518555
P00632757LZ-CW1,2022,river_structure,49497200.0,120.709312,17.65448
P00726388LZ-CW1,2023,river_structure,144750000.0,120.71,17.35472
P00725649LZ-CW1,2023,river_structure,18533050.52,120.71018,17.94454
P00621445LZ-CW1,2022,river_structure,24473376.44,120.7106,15.9028
P00640525LZ-CW1,2022,slope_protection,48978136.7,120.710667036877,15.2553567197532
P00824661LZ-CW1,2024,river_structure,24477326.91,120.71091944,15.90246389
P00620479LZ-CW1,2022,river_structure,24500000.0,120.710933,16.633028
P00823431LZ-CW1,2024,river_structure,52544201.3,120.711167,15.630948
P00742144LZ-CW1,2023,slope_protection,69224573.34,120.71134,15.239167
P00727144LZ-CW1,2023,river_structure,44085596.84,120.71134,15.239167
P00742366LZ-CW1,2023,slope_protection,19762442.35,120.71134,15.239167
P00742361LZ-CW1,2023,slope_protection,48379510.98,120.71134,15.239167
P00742363LZ-CW1,2023,slope_protection,49493704.83,120.71134,15.239167
P00742360LZ-CW1,2023,slope_protection,19751041.93,120.71134,15.239167
P00740626LZ-CW1,2023,slope_protection,4850873.57,120.71134,15.239167
P00726389LZ-CW1,2023,river_structure,77194438.0,120.711787,17.69297
P00620984LZ-CW1,2022,river_structure,30176120.0,120.711855,17.453768
P00631101LZ-CW1,2022,river_structure,29398000.0,120.712051,17.453061
P00632776LZ-CW1,2022,river_structure,49498000.0,120.7125,17.725555
P00561504LZ-CW1,2021,river_structure,96497003.85,120.713608,17.516497
P00525856LZ-CW1,2021,river_structure,9799889.76,120.713808,18.517951
P00632767LZ-CW1,2022,river_structure,49000000.0,120.71401,17.728691
P00561509LZ-CW1,2021,river_structure,96498000.0,120.71412,17.73141
P00561502LZ-CW1,2021,river_structure,96497238.95,120.714198,17.557932
P00725732LZ-CW1,2023,river_structure,270194706.0,120.7144013,15.11631585
P00740375LZ-CW1,2023,river_structure,144749439.65,120.714506,14.811622
P00727143LZ-CW1,2023,river_structure,46024057.5,120.715136,15.252593
P00726733LZ-CW1,2023,river_structure,48994000.0,120.715186,15.641573
P00823430LZ-CW1,2024,river_structure,66867803.43,120.715186,15.641573
P00561506LZ-CW1,2021,river_structure,96497977.23,120.715788,17.454613
P00631265LZ-CW1,2022,river_structure,47916435.66,120.71585,15.33303
P00620476LZ-CW1,2022,river_structure,24500000.0,120.716051,16.798382
P00637059LZ-CW1,2022,drainage,48997065.54,120.716349,17.530918
P00632756LZ-CW1,2022,river_structure,49498000.0,120.71708,17.561285
P00637062LZ-CW1,2022,river_structure,48998000.0,120.71733,17.553518
P00740424LZ-CW1,2023,river_structure,241247329.27,120.7174,13.0788
P00725838LZ-CW1,2023,river_structure,77198760.0,120.71782,13.94116
P00846031LZ-CW1,2024,drainage,19800000.0,120.7187,13.9453
P00632777LZ-CW1,2022,river_structure,49498154.0,120.719052,17.718971
P00740325LZ-CW1,2023,river_structure,91674954.68,120.719052,15.004732
P00838443LZ-CW1,2024,river_structure,96497704.17,120.719444,15.458056
P00740423LZ-CW1,2023,river_structure,241246839.2,120.7196,13.0749
P00725837LZ-CW1,2023,river_structure,96067745.81,120.71964,13.93893
P00639326LZ-CW1,2022,river_structure,95532900.0,120.719725,17.668771
P00727047LZ-CW1,2023,river_structure,19599805.45,120.719968,18.485978
P00631100LZ-CW1,2022,river_structure,41158000.0,120.720141,17.536856
P00742163LZ-CW1,2023,drainage,99000000.0,120.595312,15.502815
P00742140LZ-CW1,2023,drainage,74250000.0,120.595375,15.50089
P00742129LZ-CW1,2023,drainage,148500000.0,120.595555,15.492438
P00824668LZ-CW1,2024,river_structure,14670528.86,120.595664,16.572765
P00726058LZ-CW1,2023,river_structure,48895892.15,120.5958,16.03917
P00821505LZ-CW1,2024,river_structure,48905055.49,120.59589167,16.070375
P00844503LZ-CW1,2024,river_structure,77198834.6,120.74286,14.859176
P00742349LZ-CW1,2023,slope_protection,21769230.0,120.5959,14.9631
P00742138LZ-CW1,2023,drainage,148500000.0,120.595969,15.496704
P00630940LZ-CW1,2022,drainage,94570289.88,120.5960833,15.48601667
P00740611LZ-CW1,2023,slope_protection,19592188.67,120.5963,14.963
P00726057LZ-CW1,2023,river_structure,48873501.74,120.5964,16.04
P00838368LZ-CW1,2024,river_structure,77193423.34,120.5964,15.1573
P00820728LZ-CW1,2024,river_structure,48922351.16,120.59657,16.08557167
P00620466LZ-CW1,2022,river_structure,44023866.89,120.59667,16.0456
P00639348LZ-CW1,2022,slope_protection,96470264.1,120.59678,15.27496
P00641835LZ-CW1,2022,slope_protection,33599149.35,120.596962,18.222025
P00823277LZ-CW1,2024,river_structure,48249872.89,120.597,16.0659
P00823279LZ-CW1,2024,river_structure,48249924.65,120.597,16.0659
P00823281LZ-CW1,2024,river_structure,48249532.57,120.597,16.0659
P00823283LZ-CW1,2024,river_structure,48249428.51,120.597,16.0659
P00820727LZ-CW1,2024,river_structure,48919930.89,120.59711167,16.08636833
P00820722LZ-CW1,2024,river_structure,48248509.43,120.59711167,16.08636833
P00632854LZ-CW1,2022,slope_protection,29399679.61,120.59720121878,15.1983339234221
P00631260LZ-CW1,2022,slope_protection,26411453.9,120.597471211013,15.2448853199517
P00742253LZ-CW1,2023,drainage,4948884.77,120.597507,18.193925
P00632724LZ-CW1,2022,slope_protection,29699636.24,120.597658,18.222748
P00742356LZ-CW1,2023,drainage,4831150.28,120.5977,14.9389
P00726403LZ-CW1,2023,river_structure,82025000.0,120.5978,16.4315
P00726656LZ-CW1,2023,river_structure,49000000.0,120.5978,16.3885
P00921066LZ-CW1,2025,slope_protection,14700000.0,120.59788,15.748532
P00821504LZ-CW1,2024,river_structure,48819534.05,120.59797167,16.071345
P00639452LZ-CW1,2022,drainage,2934796.4,120.598171,16.433151
P00737412LZ-CW1,2023,slope_protection,4949915.3,120.598359,18.277036
P00727332LZ-CW1,2023,river_structure,9799234.59,120.598392,18.204405
P00844705LZ-CW1,2024,river_structure,48999619.58,120.598542,18.384325
P00740633LZ-CW1,2023,drainage,4895353.6,120.59868,15.158146
P00637781LZ-CW1,2022,slope_protection,19790941.34,120.59927,14.88774
P00821529LZ-CW1,2024,river_structure,49000000.0,120.5998,16.4267
P00725641LZ-CW1,2023,river_structure,57899902.46,120.600032,18.276092
P00526056LZ-CW1,2021,river_structure,14028306.54,120.6001,15.3448
P00821503LZ-CW1,2024,river_structure,48831908.98,120.60028833,16.071755
P00821502LZ-CW1,2024,river_structure,48813804.25,120.60031167,16.07172833
P00742368LZ-CW1,2023,drainage,14550786.21,120.600557,15.419066
P00838492LZ-CW1,2024,river_structure,48999933.39,120.600609,18.354854
P00639372LZ-CW1,2022,river_structure,96483776.97,120.60085,15.32430556
P00632759LZ-CW1,2022,river_structure,29700000.0,120.601361,17.55389
P00727145LZ-CW1,2023,slope_protection,48938754.63,120.601818,15.247871
P00821500LZ-CW1,2024,river_structure,48866052.4,120.60204333,16.07122333
P00620545LZ-CW1,2022,slope_protection,48988710.51,120.602172,15.159084
P00740631LZ-CW1,2023,river_structure,34289957.79,120.602248,15.247311
P00726404LZ-CW1,2023,river_structure,77200000.0,120.6024,16.3943
P00740613LZ-CW1,2023,slope_protection,29395338.07,120.6024,14.9159
P00823300LZ-CW1,2024,river_structure,48249997.37,120.60292,17.13242
P00821591LZ-CW1,2024,slope_protection,48972719.95,120.6035,15.2322
P00820241LZ-CW1,2024,other,96491125.42,120.6038278,15.2772
P00620966LZ-CW1,2022,river_structure,19304256.05,120.6039,15.8969
P00727078LZ-CW1,2023,river_structure,29398146.03,120.604383,17.135487
P00637780LZ-CW1,2022,slope_protection,19794064.91,120.604679,14.900372
P00740625LZ-CW1,2023,drainage,4893938.64,120.604795,15.194409
P00740627LZ-CW1,2023,drainage,4896774.66,120.6048,15.1944
P00742348LZ-CW1,2023,slope_protection,17813873.03,120.6053,14.9593
P00620992LZ-CW1,2022,river_structure,49000000.0,120.605325,16.380839
P00740629LZ-CW1,2023,drainage,6655358.9,120.605411,15.154601
P00823439LZ-CW1,2024,river_structure,96473359.74,120.605717481227,15.250039485164
P00632855LZ-CW1,2022,slope_protection,19592440.23,120.605761813074,15.2007880976388
P00631258LZ-CW1,2022,slope_protection,25460698.55,120.606012485086,15.200846939222
P00726186LZ-CW1,2023,river_structure,9793241.05,120.606146,15.158829
P00727147LZ-CW1,2023,other,48990187.47,120.606146,15.158829
P00631234LZ-CW1,2022,drainage,27841795.85,120.606251,15.03277
P00740541LZ-CW1,2023,slope_protection,4898846.44,120.606656,18.291124
P00740357LZ-CW1,2023,river_structure,57846215.82,120.606729,15.1583
P00740539LZ-CW1,2023,river_structure,4899922.26,120.606973,18.270184
P00742260LZ-CW1,2023,river_structure,19799998.66,120.607143,18.250335
P00742375LZ-CW1,2023,drainage,98193228.59,120.607168,15.472294
P00838488LZ-CW1,2024,drainage,4899791.75,120.60745,18.195452
P00740604LZ-CW1,2023,slope_protection,48956417.43,120.60777,14.98192
P00742347LZ-CW1,2023,slope_protection,29687166.72,120.60791,14.98182
P00823441LZ-CW1,2024,river_structure,96475660.29,120.608065101873,15.250531865941
P00823440LZ-CW1,2024,river_structure,96485405.27,120.608524418956,15.2503841518291
P00727133LZ-CW1,2023,slope_protection,29393193.05,120.608611,14.938056
P00631245LZ-CW1,2022,slope_protection,27846124.16,120.608773,15.083791
P00846012LZ-CW1,2024,drainage,5000000.0,120.60881,15.775071
P00820858LZ-CW1,2024,river_structure,45000000.0,120.609089,15.479845
P00726198LZ-CW1,2023,river_structure,48139898.83,120.6091,15.479783
P00725733LZ-CW1,2023,river_structure,93605343.32,120.6091,15.479783
P00725606LZ-CW1,2023,river_structure,57899975.88,120.609572,18.248733
P00844766LZ-CW1,2024,river_structure,30000000.0,120.6095861,15.79785556
P00632851LZ-CW1,2022,slope_protection,19597211.89,120.609763669131,15.2044467107303
P00726055LZ-CW1,2023,river_structure,48901434.15,120.61,16.07278
P00726040LZ-CW1,2023,river_structure,19599686.15,120.610562,18.248059
P00838534LZ-CW1,2024,river_structure,50000000.0,120.6105953,15.47955083
P00737407LZ-CW1,2023,drainage,4949131.55,120.610992,18.251672
P00737408LZ-CW1,2023,drainage,4949734.69,120.61109,18.250354
P00620781LZ-CW1,2022,river_structure,96499998.07,120.61208,18.17117
P00740367LZ-CW1,2023,slope_protection,57406420.66,120.61286,15.173196
P00838486LZ-CW1,2024,river_structure,9799416.2,120.612862,18.275643
P00726405LZ-CW1,2023,river_structure,67550000.0,120.6129,16.4204
P00639368LZ-CW1,2022,river_structure,94756155.0,120.6133277,15.328228055
P00740540LZ-CW1,2023,slope_protection,4898896.53,120.613388,18.276342
P00726540LZ-CW1,2023,river_structure,144750000.0,120.61356,15.0722
P00740602LZ-CW1,2023,river_structure,37239843.68,120.742993,15.102948
P00620203LZ-CW1,2022,river_structure,91467153.21,120.74313,14.91299
P00725610LZ-CW1,2023,river_structure,48249976.85,120.743439,18.353078
P00620851LZ-CW1,2022,river_structure,72855158.85,120.74388,15.46319
P00637020LZ-CW1,2022,slope_protection,70946981.78,120.744004720095,15.258021131319
P00632737LZ-CW1,2022,drainage,4949972.9,120.744509,17.110305
P00848608LZ-CW1,2024,river_structure,69235331.85,120.744666,16.448431
P00630945LZ-CW1,2022,slope_protection,96498200.7,120.74494,14.915177
P00727366LZ-CW1,2023,river_structure,47951981.5,120.745023,15.447546
P00845998LZ-CW1,2024,river_structure,9800000.0,120.745189544933,15.4592667971294
P00740594LZ-CW1,2023,river_structure,48999897.9,120.745295,14.915663
P00726509LZ-CW1,2023,river_structure,96490005.53,120.745355,15.665633
P00631185LZ-CW1,2022,river_structure,44076500.35,120.745358,14.918044
P00737368LZ-CW1,2023,river_structure,69298893.2,120.745793,14.862092
P00632929LZ-CW1,2022,river_structure,27102768.74,120.746059,13.447669
P00824655LZ-CW1,2024,river_structure,19567078.7,120.746162,16.031908
P00824796LZ-CW1,2024,river_structure,19299456.67,120.746376,16.031161
P00825213LZ-CW1,2024,river_structure,48257831.51,120.746622,16.016057
P00742334LZ-CW1,2023,river_structure,4899504.18,120.746688,15.673295
P00824702LZ-CW1,2024,river_structure,24601942.33,120.746688,15.623295
P00726508LZ-CW1,2023,river_structure,96494000.0,120.746723,15.667846
P00845911LZ-CW1,2024,river_structure,49443875.72,120.746723,15.915961
P00742335LZ-CW1,2023,river_structure,9800528.41,120.746787,15.667836
P00823429LZ-CW1,2024,river_structure,47767411.9,120.747018613697,15.6684410422125
P00844501LZ-CW1,2024,river_structure,67549901.28,120.747771,14.815915
P00726356LZ-CW1,2023,river_structure,97464756.05,120.74783,18.19745
P00843321LZ-CW1,2024,river_structure,77187426.47,120.747839,14.918258
P00845997LZ-CW1,2024,river_structure,4900498.26,120.748043,15.672964
P00823465LZ-CW1,2024,river_structure,67549453.28,120.748365,14.917304
P00621563LZ-CW1,2022,river_structure,96497135.0,120.748531,17.578014
P00726357LZ-CW1,2023,river_structure,97464915.68,120.74861,18.19722
P00824697LZ-CW1,2024,river_structure,39199307.6,120.748662,14.816524
P00637777LZ-CW1,2022,drainage,4702569.67,120.74877,14.94261
P00824696LZ-CW1,2024,river_structure,39199511.58,120.748901,14.817281
P00727150LZ-CW1,2023,river_structure,46436450.98,120.74923,15.47747
P00620780LZ-CW1,2022,river_structure,86850000.0,120.74962,18.29016
P00846002LZ-CW1,2024,slope_protection,9345618.93,120.749834,15.095104
P00825214LZ-CW1,2024,river_structure,19563819.79,120.75003889,16.03295
P00845912LZ-CW1,2024,river_structure,49442175.71,120.750316,15.917835
P00838446LZ-CW1,2024,river_structure,96494656.2,120.750675,15.278833
P00639373LZ-CW1,2022,river_structure,50168947.82,120.7508694,15.26255278
P00735988LZ-CW1,2023,river_structure,77199981.45,120.751083,14.831533
P00843302LZ-CW1,2024,river_structure,72374051.06,120.751198,14.839372
P00726894LZ-CW1,2023,river_structure,57899990.29,120.752396,14.817139
P00735983LZ-CW1,2023,river_structure,77199999.65,120.752414,14.914986
P00735990LZ-CW1,2023,river_structure,77199935.07,120.752427,14.817097
P00740586LZ-CW1,2023,river_structure,48999979.8,120.752777,14.915
P00740378LZ-CW1,2023,river_structure,144199874.9,120.752835,14.815842
P00727149LZ-CW1,2023,river_structure,47696993.3,120.7528722,15.32533889
P00620849LZ-CW1,2022,river_structure,72842742.3,120.75343,15.44053
P00632821LZ-CW1,2022,slope_protection,49498943.04,120.75367,14.914922
P00640524LZ-CW1,2022,river_structure,37619894.0,120.754364,14.956261
P00725642LZ-CW1,2023,river_structure,53074891.66,120.754443,18.352652
P00824701LZ-CW1,2024,river_structure,24254959.8,120.75485,15.5515
P00620167LZ-CW1,2022,river_structure,67550000.0,120.755076,15.588002
P00824700LZ-CW1,2024,river_structure,48514625.05,120.755349,15.589345
P00820260LZ-CW1,2024,slope_protection,74883257.96,120.755563,14.95662
P00631241LZ-CW1,2022,river_structure,37239412.88,120.75563,15.002858
P00620969LZ-CW1,2022,river_structure,19403532.01,120.7558,15.92967
P00621162LZ-CW1,2022,river_structure,96500000.0,120.755882,15.546261
P00726841LZ-CW1,2023,river_structure,96499954.31,120.7559928,18.07419316
P00725725LZ-CW1,2023,river_structure,96495000.0,120.756045,15.545479
P00725709LZ-CW1,2023,river_structure,96494899.85,120.756317,15.545968
P00844511LZ-CW1,2024,river_structure,72371115.87,120.756484,14.774974
P00726164LZ-CW1,2023,river_structure,48993969.0,120.75669,15.543767
P00621576LZ-CW1,2022,river_structure,94547166.18,120.75684,15.43951
P00725643LZ-CW1,2023,river_structure,57899734.38,120.757038,18.35374
P00821307LZ-CW1,2024,river_structure,96497852.71,120.7573917,15.40911944
P00823466LZ-CW1,2024,river_structure,77199509.85,120.757602,14.91457
P00820969LZ-CW1,2024,river_structure,48995667.09,120.758116,13.09765
P00725638LZ-CW1,2023,river_structure,53074753.39,120.758177,18.389959
P00838438LZ-CW1,2024,river_structure,96497823.04,120.75821667,15.32261667
P00823471LZ-CW1,2024,river_structure,47767298.86,120.758931,15.537531
P00725590LZ-CW1,2023,drainage,9649819.12,120.759022,18.112036
P00631279LZ-CW1,2022,river_structure,49000000.0,120.7594,13.9332
P00726390LZ-CW1,2023,river_structure,77200000.0,120.7594,17.44001
P00821306LZ-CW1,2024,river_structure,96497236.09,120.7595278,15.41241111
P00725611LZ-CW1,2023,river_structure,57899999.73,120.759583,18.355073
P00620149LZ-CW1,2022,river_structure,91675000.0,120.759841,15.572742
P00823436LZ-CW1,2024,river_structure,38217763.57,120.760224964818,15.5339125556628
P00726899LZ-CW1,2023,river_structure,67531685.86,120.760281,14.812765
P00824744LZ-CW1,2024,river_structure,14699104.72,120.760456,13.062703
P00726900LZ-CW1,2023,river_structure,72373326.83,120.760693,14.814843
P00821222LZ-CW1,2024,slope_protection,62593237.4,120.760922,15.424579
P00823452LZ-CW1,2024,river_structure,38599137.21,120.760985,14.818283
P00726354LZ-CW1,2023,river_structure,77199998.67,120.760986,18.395268
P00620848LZ-CW1,2022,river_structure,73212660.32,120.7611416,15.41629444
P00820245LZ-CW1,2024,river_structure,74883912.45,120.7617,14.93597
P00726739LZ-CW1,2023,river_structure,44466852.2,120.7618,15.41756
P00736008LZ-CW1,2023,river_structure,28949442.09,120.762186,14.878008
P00726048LZ-CW1,2023,river_structure,29399566.58,120.763519,18.535263
P00838395LZ-CW1,2024,slope_protection,77199918.56,120.76409,14.860888
P00820967LZ-CW1,2024,river_structure,19598756.65,120.764927,13.062135
P00845908LZ-CW1,2024,river_structure,29635732.16,120.765151,15.9136
P00620978LZ-CW1,2022,river_structure,47518542.66,120.76533,16.0231
P00823356LZ-CW1,2024,river_structure,77199909.53,120.765576,14.860424
P00561499LZ-CW1,2021,river_structure,96500000.0,120.76561,17.45582
P00838384LZ-CW1,2024,slope_protection,77199988.25,120.765717,14.853498
P00561458LZ-CW1,2021,river_structure,96500000.0,120.76584,16.91813
P00823367LZ-CW1,2024,slope_protection,96493832.58,120.63724,14.9752
P00820684LZ-CW1,2024,river_structure,48999922.21,120.637518,18.124573
P00631238LZ-CW1,2022,river_structure,44174884.0,120.637863,15.0373
P00632840LZ-CW1,2022,slope_protection,18974602.76,120.63815,15.26762
P00630942LZ-CW1,2022,slope_protection,57866110.17,120.6387,15.1507
P00726515LZ-CW1,2023,other,86826737.78,120.6395778,15.29363333
P00742374LZ-CW1,2023,slope_protection,14850000.0,120.639642,15.663564
P00921072LZ-CW1,2025,river_structure,47496290.56,120.6398,15.68414167
P00742343LZ-CW1,2023,slope_protection,29694402.01,120.6401,14.9513
P00845995LZ-CW1,2024,drainage,4900504.0,120.640115,15.741164
P00740305LZ-CW1,2023,river_structure,144747500.0,120.641207,17.633533
P00637009LZ-CW1,2022,river_structure,96497000.0,120.641215,17.633869
P00631239LZ-CW1,2022,river_structure,47284965.33,120.641692,15.028542
P00839466LZ-CW1,2024,river_structure,148497500.75,120.64203,17.65513
P00726175LZ-CW1,2023,slope_protection,29392979.38,120.6421,14.922717
P00561514LZ-CW1,2021,river_structure,96497036.15,120.6421683,17.555281
P00821301LZ-CW1,2024,river_structure,96497427.33,120.64223,15.28118
P00526057LZ-CW1,2021,river_structure,14031745.6,120.6426,15.38
P00820679LZ-CW1,2024,river_structure,24499910.02,120.644013,18.236678
P00820863LZ-CW1,2024,slope_protection,50000000.0,120.6447139,15.68147222
P00632839LZ-CW1,2022,slope_protection,19589296.02,120.6448,15.25897
P00740360LZ-CW1,2023,slope_protection,62698462.89,120.644961,15.2593
P00824639LZ-CW1,2024,river_structure,39199934.38,120.644966,18.13363
P00639417LZ-CW1,2022,river_structure,48251876.53,120.6451521,18.510282
P00742376LZ-CW1,2023,slope_protection,73134542.26,120.645881,15.477636
P00726042LZ-CW1,2023,river_structure,39198999.12,120.6462167,18.13146389
P00639442LZ-CW1,2022,river_structure,1957356.76,120.646861,16.379505
P00740612LZ-CW1,2023,slope_protection,28663290.77,120.646878,14.981354
P00639359LZ-CW1,2022,slope_protection,96491313.16,120.64692,14.98122
P00637023LZ-CW1,2022,slope_protection,93169679.22,120.64723,15.29988
P00561505LZ-CW1,2021,river_structure,96497024.03,120.6474033,17.5548233
P00839588LZ-CW1,2024,drainage,6562708.65,120.647974,15.170215
P00637026LZ-CW1,2022,river_structure,96476999.14,120.647989,14.965544
P00726394LZ-CW1,2023,river_structure,96500000.0,120.6483,17.62142
P00742364LZ-CW1,2023,slope_protection,19797019.05,120.648385,15.260963
P00740321LZ-CW1,2023,river_structure,67541531.91,120.648385,15.260963
P00727142LZ-CW1,2023,slope_protection,48938390.76,120.649679,15.225
P00740322LZ-CW1,2023,slope_protection,57889523.69,120.6497,15.225
P00637019LZ-CW1,2022,slope_protection,72354878.48,120.649784251812,15.2249128582555
P00838345LZ-CW1,2024,river_structure,72368655.53,120.6507,15.22588
P00740623LZ-CW1,2023,drainage,39189328.1,120.650744,15.225878
P00726368LZ-CW1,2023,river_structure,48249667.67,120.650855,15.926837
P00740353LZ-CW1,2023,other,72350622.14,120.651379,15.191569
P00561520LZ-CW1,2021,river_structure,29397162.42,120.651686,17.54753
P00838422LZ-CW1,2024,slope_protection,96417364.16,120.65172,15.30192
P00742284LZ-CW1,2023,river_structure,19570622.22,120.651999,15.884409
P00632780LZ-CW1,2022,river_structure,49497153.28,120.652712,17.543933
P00824735LZ-CW1,2024,river_structure,38026008.01,120.653411,13.346354
P00844757LZ-CW1,2024,slope_protection,46549941.34,120.654457,15.076355
P00824704LZ-CW1,2024,slope_protection,46451991.76,120.654645,15.093848
P00740310LZ-CW1,2023,river_structure,96497132.0,120.655179,17.631107
P00631237LZ-CW1,2022,drainage,27753512.0,120.65525,14.994908
P00821130LZ-CW1,2024,river_structure,59820000.0,120.655278,16.368056
P00620968LZ-CW1,2022,river_structure,28960229.12,120.65533,15.8961
P00637085LZ-CW1,2022,river_structure,7133814.55,120.655633,13.336723
P00621615LZ-CW1,2022,river_structure,43155998.93,120.6558,15.8969
P00737484LZ-CW1,2023,drainage,4848693.6,120.6560556,15.32559167
P00637024LZ-CW1,2022,slope_protection,93168832.14,120.65625,15.30401
P00844758LZ-CW1,2024,slope_protection,46451987.21,120.656396,15.08745
P00631244LZ-CW1,2022,river_structure,27871185.41,120.6584001,15.030687
P00621614LZ-CW1,2022,river_structure,43033678.5,120.65856,15.8975
P00821144LZ-CW1,2024,river_structure,144710474.23,120.65858,17.632
P00621557LZ-CW1,2022,river_structure,96499962.97,120.659,17.901449
P00640490LZ-CW1,2022,river_structure,39200000.0,120.65926,17.97072
P00621613LZ-CW1,2022,river_structure,45391096.08,120.66056,15.8992
P00844760LZ-CW1,2024,slope_protection,45549879.24,120.660881,15.091748
P00621559LZ-CW1,2022,river_structure,96499986.02,120.661547,17.894878
P00740355LZ-CW1,2023,river_structure,72349038.58,120.661654,15.223341
P00621560LZ-CW1,2022,river_structure,96499995.44,120.661778,17.901929
P00525914LZ-CW1,2021,river_structure,8704178.48,120.662128,16.72285
P00838489LZ-CW1,2024,drainage,4899838.8,120.6621508,18.177705
P00621553LZ-CW1,2022,river_structure,96499990.96,120.662293,17.897873
P00740306LZ-CW1,2023,river_structure,144747542.0,120.662365,17.632575
P00621590LZ-CW1,2022,river_structure,43424813.95,120.66241,17.89977
P00621555LZ-CW1,2022,river_structure,96499983.03,120.662595,17.907184
P00621588LZ-CW1,2022,river_structure,24124998.35,120.662685,17.894935
P00621612LZ-CW1,2022,river_structure,45513250.28,120.6628,15.9014
P00621561LZ-CW1,2022,river_structure,96499985.94,120.6631,17.905868
P00621589LZ-CW1,2022,river_structure,29914933.06,120.663131,17.891924
P00621591LZ-CW1,2022,river_structure,33774845.17,120.663255,17.902399
P00621556LZ-CW1,2022,river_structure,96499966.26,120.6633,17.9104
P00726174LZ-CW1,2023,river_structure,47284732.0,120.663396,14.789068
P00621554LZ-CW1,2022,river_structure,96499933.26,120.6637,17.903461
P00824733LZ-CW1,2024,river_structure,38959921.61,120.663848,13.334777
P00621562LZ-CW1,2022,river_structure,96499973.59,120.665,17.9093
P00639321LZ-CW1,2022,river_structure,96497900.0,120.665814,17.656385
P00845914LZ-CW1,2024,river_structure,49446862.94,120.66647222,15.90194444
P00843202LZ-CW1,2024,river_structure,96389680.11,120.66671944,15.89734444
P00824663LZ-CW1,2024,river_structure,39152848.87,120.666975,15.89903056
P00631235LZ-CW1,2022,drainage,37827625.19,120.667164,15.03202
P00844756LZ-CW1,2024,slope_protection,32482100.0,120.667544,15.006243
P00821357LZ-CW1,2024,river_structure,241234859.21,120.66778337,13.33295154
P00620999LZ-CW1,2022,river_structure,24500000.0,120.667927,16.365212
P00838338LZ-CW1,2024,river_structure,144750000.0,120.66805,17.6351
P00632762LZ-CW1,2022,river_structure,49497500.0,120.66812,17.619183
P00824657LZ-CW1,2024,river_structure,48944869.3,120.66828056,15.909125
P00620985LZ-CW1,2022,river_structure,48997900.0,120.668542,17.657794
P00639458LZ-CW1,2022,river_structure,29400000.0,120.668598,16.705479
P00631232LZ-CW1,2022,drainage,37239841.0,120.669231,15.006959
P00838361LZ-CW1,2024,slope_protection,77186878.15,120.6697,15.22811
P00726409LZ-CW1,2023,river_structure,72324030.27,120.837889,16.805344
P00742323LZ-CW1,2023,drainage,19798438.81,120.838104,14.903384
P00621104LZ-CW1,2022,river_structure,32557644.6,120.838186,12.783275
P00821131LZ-CW1,2024,river_structure,67462363.43,120.838374,16.803992
P00726893LZ-CW1,2023,river_structure,91192478.11,120.8386651845,15.0886526057
P00639448LZ-CW1,2022,river_structure,9793460.31,120.839806,16.619463
P00740596LZ-CW1,2023,river_structure,29398745.78,120.840008,14.955271
P00736044LZ-CW1,2023,river_structure,217122319.51,120.8407,12.7904
P00736613LZ-CW1,2023,river_structure,48999995.78,120.841161,14.813975
P00637084LZ-CW1,2022,river_structure,6085928.06,120.841529,12.988758
P00725866LZ-CW1,2023,river_structure,96497025.69,120.8425,12.989
P00726408LZ-CW1,2023,river_structure,72375000.0,120.842926,16.811728
P00639447LZ-CW1,2022,river_structure,9679857.68,120.845282,16.594848
P00742135LZ-CW1,2023,slope_protection,74249916.8,120.846022,14.81152
P00845984LZ-CW1,2024,river_structure,74247158.51,120.846678,14.807432
P00823363LZ-CW1,2024,river_structure,77180485.93,120.846748,14.809175
P00838402LZ-CW1,2024,slope_protection,77199984.52,120.847795,14.808048
P00839598LZ-CW1,2024,river_structure,4950000.0,120.848324,14.13868
P00620530LZ-CW1,2022,river_structure,45080000.0,120.84856,15.529621
P00725704LZ-CW1,2023,river_structure,96496000.0,120.848595,15.529394
P00727162LZ-CW1,2023,river_structure,48999623.34,120.850311,14.289758
P00820275LZ-CW1,2024,river_structure,95533042.22,120.850402,15.532509
P00821268LZ-CW1,2024,slope_protection,96499699.7,120.850561,14.897284
P00620572LZ-CW1,2022,river_structure,46542408.71,120.85095,14.288591
P00825074LZ-CW1,2024,river_structure,77199672.06,120.851226,14.897578
P00632768LZ-CW1,2022,river_structure,49497000.0,120.8513,17.545846
P00727161LZ-CW1,2023,river_structure,48999203.03,120.851511,14.288306
P00727277LZ-CW1,2023,river_structure,72374590.51,120.85225,14.898494
P00742420LZ-CW1,2023,drainage,7101451.84,120.8523361,14.392536
P00620871LZ-CW1,2022,river_structure,81832000.0,120.88185614,14.36291016
P00620571LZ-CW1,2022,river_structure,46533152.26,120.852865,14.287619
P00620570LZ-CW1,2022,river_structure,48887751.08,120.852907,14.28396
P00727160LZ-CW1,2023,river_structure,48999307.5,120.853253,14.287272
P00921035LZ-CW1,2025,river_structure,9701851.92,120.853281,15.676996
P00820827LZ-CW1,2024,river_structure,19403906.2,120.853450643096,15.6772362405576
P00620569LZ-CW1,2022,river_structure,48869615.47,120.853783,14.28397
P00727163LZ-CW1,2023,river_structure,48999261.63,120.853783,14.28395
P00742152LZ-CW1,2023,river_structure,59398979.93,120.854154,14.843616
P00825105LZ-CW1,2024,river_structure,96499893.19,120.854259,14.898942
P00737504LZ-CW1,2023,drainage,4898131.51,120.854303,14.416542
P00727276LZ-CW1,2023,river_structure,77199391.48,120.854839,14.899272
P00621452LZ-CW1,2022,river_structure,14699511.91,120.855,14.890882
P00726718LZ-CW1,2023,river_structure,29399001.49,120.855231,14.899301
P00838367LZ-CW1,2024,river_structure,67549811.86,120.855502,14.844015
P00820813LZ-CW1,2024,river_structure,32666424.01,120.855586,14.980577
P00821129LZ-CW1,2024,river_structure,62628581.73,120.856379,16.752147
P00637796LZ-CW1,2022,drainage,4950000.0,120.856406,14.399499
P00637794LZ-CW1,2022,drainage,4950000.0,120.856407,14.3995
P00637797LZ-CW1,2022,drainage,4950000.0,120.85694,14.399895
P00737505LZ-CW1,2023,drainage,4899147.67,120.857214,14.416583
P00620557LZ-CW1,2022,river_structure,49000000.0,120.85731,13.907326
P00631280LZ-CW1,2022,river_structure,49000000.0,120.85731,13.907326
P00838526LZ-CW1,2024,slope_protection,19299673.25,120.858056,14.901725
P00561459LZ-CW1,2021,river_structure,96500000.0,120.85813,16.752
P00632931LZ-CW1,2022,river_structure,15725595.48,120.858272,12.812019
P00824745LZ-CW1,2024,river_structure,19594346.03,120.858586,12.930845
P00821270LZ-CW1,2024,slope_protection,72374778.18,120.858602,14.887562
P00727376LZ-CW1,2023,river_structure,43768024.75,120.85861,12.96276
P00726758LZ-CW1,2023,river_structure,45078142.89,120.85861,12.96276
P00621565LZ-CW1,2022,river_structure,95534975.45,120.858611,14.896864
P00620528LZ-CW1,2022,river_structure,45320100.0,120.859071,15.531466
P00736015LZ-CW1,2023,slope_protection,48249480.18,120.859275,14.834292
P00726723LZ-CW1,2023,river_structure,22784396.87,120.859335,14.887319
P00824736LZ-CW1,2024,river_structure,39197204.13,120.859339,12.813015
P00620233LZ-CW1,2022,river_structure,89745000.0,120.85941,14.42114
P00621108LZ-CW1,2022,river_structure,43424892.57,120.859929,12.959739
P00726478LZ-CW1,2023,river_structure,96497527.0,120.860775,14.834898
P00620567LZ-CW1,2022,river_structure,49000000.0,120.860783,14.397821
P00620568LZ-CW1,2022,river_structure,47629922.43,120.860903,14.397839
P00620462LZ-CW1,2022,river_structure,29374620.62,120.8614,15.93278
P00727279LZ-CW1,2023,river_structure,69841235.75,120.861597,14.887925
P00620653LZ-CW1,2022,river_structure,30933863.5,120.862429,12.930668
P00838389LZ-CW1,2024,slope_protection,77188533.89,120.80259,14.849277
P00726488LZ-CW1,2023,river_structure,96497876.83,120.862596,14.836492
P00637052LZ-CW1,2022,river_structure,48996810.89,120.862719,17.544166
P00620541LZ-CW1,2022,river_structure,24499995.94,120.862952,15.264772
P00725810LZ-CW1,2023,river_structure,75035504.1,120.8633403,14.42574
P00821264LZ-CW1,2024,slope_protection,72373592.08,120.863609,14.889499
P00621543LZ-CW1,2022,drainage,24500000.0,120.8636111,14.42305556
P00726719LZ-CW1,2023,river_structure,29399409.16,120.865743,14.890745
P00737506LZ-CW1,2023,drainage,4899144.03,120.865889,14.420706
P00726553LZ-CW1,2023,river_structure,91674088.89,120.913931,14.375381
P00821265LZ-CW1,2024,slope_protection,72374848.46,120.868161,14.891659
P00631094LZ-CW1,2022,river_structure,48960218.92,120.86856,15.92967
P00921788LZ-CW1,2025,river_structure,34128123.18,120.868675,15.303961
P00839597LZ-CW1,2024,river_structure,4950000.0,120.870405,13.948049
P00640484LZ-CW1,2022,river_structure,49414754.65,120.935097,14.686654
P00725809LZ-CW1,2023,river_structure,77200000.0,120.8707,14.4323
P00727300LZ-CW1,2023,river_structure,72374938.44,120.8712,15.3051
P00725808LZ-CW1,2023,river_structure,96500000.0,120.8713,14.4331
P00726724LZ-CW1,2023,river_structure,22784013.43,120.872001,14.891745
P00726154LZ-CW1,2023,river_structure,48999690.4,120.872065,14.863134
P00620517LZ-CW1,2022,river_structure,43119406.29,120.872117,14.863097
P00726474LZ-CW1,2023,river_structure,96497659.5,120.872329,14.861431
P00621542LZ-CW1,2022,drainage,24500000.0,120.872339,14.424966
P00820274LZ-CW1,2024,river_structure,95534525.49,120.87255,15.548346
P00839481LZ-CW1,2024,slope_protection,59399639.41,120.87256,14.85024
P00823460LZ-CW1,2024,river_structure,77199409.66,120.872721,14.856882
P00845969LZ-CW1,2024,river_structure,19799198.1,120.872727,14.856509
P00839577LZ-CW1,2024,river_structure,19739693.36,120.872827,14.856509
P00845803LZ-CW1,2024,slope_protection,98999656.35,120.872827,14.856509
P00839476LZ-CW1,2024,slope_protection,98999939.04,120.87286,14.849
P00740348LZ-CW1,2023,river_structure,72374703.78,120.872925,14.858141
P00726213LZ-CW1,2023,river_structure,48484888.32,120.872942,14.356503
P00823432LZ-CW1,2024,river_structure,47767302.32,120.765861191213,15.5758968284506
P00726460LZ-CW1,2023,river_structure,96499420.64,120.882311,14.981879
P00740597LZ-CW1,2023,river_structure,24499212.65,120.766166,14.856527
P00846030LZ-CW1,2024,river_structure,4950000.0,120.914049,13.860701
P00631214LZ-CW1,2022,river_structure,45077524.96,120.882376,14.842591
P00838363LZ-CW1,2024,river_structure,62724643.44,120.803941,14.849633
P00631289LZ-CW1,2022,river_structure,49000000.0,120.914167,14.421389
P00631291LZ-CW1,2022,river_structure,30582429.65,120.76617,14.31991
P00631295LZ-CW1,2022,river_structure,48995805.15,120.9351,14.45563
P00620881LZ-CW1,2022,river_structure,89745000.0,120.925556,14.458056
P00838397LZ-CW1,2024,slope_protection,77199192.34,120.766335,14.860205
P00726153LZ-CW1,2023,river_structure,48999126.15,120.925928,14.769489
P00620156LZ-CW1,2022,river_structure,54171436.39,120.93521,15.03097
P00621285LZ-CW1,2022,river_structure,86849456.87,120.914368,14.823853
P00620874LZ-CW1,2022,river_structure,81542500.0,120.88243183,14.3501112
P00620799LZ-CW1,2022,river_structure,85884916.66,120.804042,18.511534
P00725924LZ-CW1,2023,river_structure,49000000.0,120.926105,14.698672
P00640521LZ-CW1,2022,slope_protection,19798932.24,120.882498,14.785524
P00821543LZ-CW1,2024,river_structure,39200000.0,120.91455,16.89485
P00640522LZ-CW1,2022,drainage,4850929.84,120.766473,15.661126
P00621095LZ-CW1,2022,river_structure,9308892.5,120.93526,14.43975
P00631202LZ-CW1,2022,slope_protection,19599146.33,120.8825,14.78556
P00632820LZ-CW1,2022,slope_protection,13859903.3,120.804147,14.902236
P00726483LZ-CW1,2023,river_structure,96447739.58,120.926144,14.832243
P00725630LZ-CW1,2023,river_structure,57899823.82,120.935512,18.543461
P00631205LZ-CW1,2022,slope_protection,26459286.24,120.882593,14.785633
P00820543LZ-CW1,2024,river_structure,49000000.0,120.926169,14.700229
P00561489LZ-CW1,2021,river_structure,48997193.69,120.8041667,17.82361111
P00621482LZ-CW1,2022,river_structure,29398972.04,120.914688,14.824802
P00742221LZ-CW1,2023,river_structure,19799376.22,120.935518,14.668928
P00823451LZ-CW1,2024,river_structure,38599219.72,120.766507,14.859824
P00740587LZ-CW1,2023,river_structure,48999923.37,120.935755,14.810296
P00526252LZ-CW1,2021,river_structure,81059647.56,120.804481,18.535396
P00620873LZ-CW1,2022,river_structure,90709000.0,120.91472,14.36889
P00735979LZ-CW1,2023,river_structure,77199976.53,120.88272,14.776653
P00823470LZ-CW1,2024,river_structure,47767320.74,120.766659,15.577377
P00726263LZ-CW1,2023,river_structure,45073999.67,120.80501,12.92469
P00631288LZ-CW1,2022,river_structure,9304769.1,120.92626,14.167994
P00620875LZ-CW1,2022,river_structure,81924640.0,120.88273914,14.37445482
P00742227LZ-CW1,2023,river_structure,49499652.24,120.935895,14.674853
P00737489LZ-CW1,2023,river_structure,6930000.0,120.805209,13.970616
P00844536LZ-CW1,2024,drainage,19107581.48,120.914844,15.559064
P00561517LZ-CW1,2021,river_structure,96496961.02,120.7669417,17.45578
P00621109LZ-CW1,2022,river_structure,43424984.72,120.915261,12.975377
P00823538LZ-CW1,2024,river_structure,24125000.0,120.883311,13.703436
P00726484LZ-CW1,2023,river_structure,96499970.89,120.92626726,14.76940807
P00620892LZ-CW1,2022,river_structure,86850000.0,120.915444,13.887104
P00620168LZ-CW1,2022,river_structure,67550000.0,120.768192,15.578085
P00620340LZ-CW1,2022,river_structure,48989387.07,120.935965,14.686043
P00725779LZ-CW1,2023,river_structure,50509065.0,120.91605,13.83639
P00742157LZ-CW1,2023,river_structure,69295781.68,120.807465,14.771319
P00737455LZ-CW1,2023,drainage,4948539.44,120.936095,14.951864
P00726911LZ-CW1,2023,slope_protection,68321428.5,120.916267,15.0458
P00737454LZ-CW1,2023,drainage,4949134.05,120.926286,14.906697
P00742326LZ-CW1,2023,river_structure,49498339.64,120.807531,14.771059
P00621279LZ-CW1,2022,river_structure,67550000.0,120.88341,14.983661
P00631184LZ-CW1,2022,river_structure,19595787.01,120.7683,14.9183
P00639361LZ-CW1,2022,river_structure,96500000.0,120.80874,15.512181
P00825062LZ-CW1,2024,river_structure,96499745.71,120.916777,14.745834
P00726996LZ-CW1,2023,river_structure,23272477.27,120.936097,14.681703
P00726157LZ-CW1,2023,river_structure,48999697.32,120.768549,14.920166
P00821255LZ-CW1,2024,river_structure,86849964.84,120.91699,15.47067
P00823400LZ-CW1,2024,river_structure,99000000.0,120.8088333,15.72184722
P00637075LZ-CW1,2022,river_structure,38213807.11,120.9263,15.3661
P00838373LZ-CW1,2024,slope_protection,72374388.95,120.883509,14.999409
P00820736LZ-CW1,2024,river_structure,14691603.0,120.7687056,16.91734444
P00742151LZ-CW1,2023,river_structure,69299784.14,120.809143,14.842895
P00838374LZ-CW1,2024,slope_protection,96499114.57,120.917,14.865851
P00838418LZ-CW1,2024,slope_protection,96498805.78,120.883745,14.97109
P00742155LZ-CW1,2023,river_structure,79197823.4,120.810472,14.78299
P00838398LZ-CW1,2024,slope_protection,77197558.67,120.770278,14.871714
P00525712LZ-CW1,2021,river_structure,34790000.0,120.926356,14.691779
P00727403LZ-CW1,2023,river_structure,49000000.0,120.936111,17.041944
P00620573LZ-CW1,2022,river_structure,32073418.52,120.770641,14.315581
P00631296LZ-CW1,2022,river_structure,55858753.16,120.93617,14.45423
P00726890LZ-CW1,2023,slope_protection,144750000.0,120.917177,15.124173
P00727303LZ-CW1,2023,river_structure,96499840.4,120.92659,15.30835
P00843305LZ-CW1,2024,river_structure,77199553.69,120.883807,14.971157
P00726995LZ-CW1,2023,river_structure,22560205.05,120.936228,14.674628
P00823359LZ-CW1,2024,river_structure,67547497.79,120.77082,14.916437
P00639473LZ-CW1,2022,river_structure,48997800.81,120.917329,14.863113
P00843318LZ-CW1,2024,river_structure,72366243.51,120.810665,14.768374
P00821263LZ-CW1,2024,slope_protection,72374160.68,120.883813,14.971105
P00725570LZ-CW1,2023,river_structure,134190886.78,120.936367,14.686234
P00725922LZ-CW1,2023,river_structure,49000000.0,120.926673,14.70072
P00736007LZ-CW1,2023,river_structure,28946436.68,120.810778,14.757816
P00639469LZ-CW1,2022,river_structure,48999405.84,120.883859,14.983649
P00632868LZ-CW1,2022,river_structure,4950000.0,120.936385,13.734083
P00621417LZ-CW1,2022,river_structure,62301773.29,120.917385,15.379159
P00740331LZ-CW1,2023,river_structure,72374406.26,120.810939,14.829967
P00740603LZ-CW1,2023,drainage,13957614.2,120.771045,15.107995
P00744233LZ-CW1,2023,river_structure,96498885.9,120.936445,15.03544
P00839475LZ-CW1,2024,slope_protection,98999220.54,120.883865,14.969077
P00639362LZ-CW1,2022,drainage,93122497.85,120.771495,15.109791
P00744234LZ-CW1,2023,river_structure,96499463.56,120.936445,15.03544
P00740346LZ-CW1,2023,river_structure,72374656.27,120.926677,14.771548
P00740363LZ-CW1,2023,river_structure,96497317.65,120.811018,14.784707
P00525568LZ-CW1,2021,river_structure,96499940.4,120.771832,14.901418
P00725491LZ-CW1,2023,river_structure,96500000.0,120.936497,14.68626
P00838377LZ-CW1,2024,slope_protection,96499907.13,120.917461,14.864923
P00727299LZ-CW1,2023,river_structure,72374624.95,120.9268,15.36421
P00631195LZ-CW1,2022,river_structure,34299237.64,120.811068,14.78534
P00838416LZ-CW1,2024,slope_protection,77199865.91,120.772214,14.916399
P00726477LZ-CW1,2023,river_structure,96498376.03,120.883929,14.853853
P00838376LZ-CW1,2024,slope_protection,96499605.25,120.926831,14.832399
P00736612LZ-CW1,2023,river_structure,48999995.09,120.811132,14.785845
P00742225LZ-CW1,2023,river_structure,19799811.0,120.936585,14.674559
P00632766LZ-CW1,2022,river_structure,49497342.0,120.884048,17.444401
P00561530LZ-CW1,2021,river_structure,48998928.29,120.811377,14.843949
P00561692LZ-CW1,2021,river_structure,24749752.99,120.773496,14.902651
P00843301LZ-CW1,2024,river_structure,72374715.15,120.811876,14.82915
P00742342LZ-CW1,2023,river_structure,21585947.35,120.773681,14.994236
P00838403LZ-CW1,2024,slope_protection,96499585.89,120.917553,14.864055
P00726810LZ-CW1,2023,river_structure,62725000.0,120.936608,14.682782
P00632817LZ-CW1,2022,river_structure,49499410.85,120.926869,14.802581
P00621577LZ-CW1,2022,river_structure,63067150.72,120.917753,15.314285
P00820280LZ-CW1,2024,river_structure,93604758.63,120.775094,15.169628
P00820523LZ-CW1,2024,river_structure,48999201.71,120.936834,14.674238
P00726470LZ-CW1,2023,river_structure,96499500.7,120.884052,14.969211
P00742328LZ-CW1,2023,river_structure,74249977.42,120.926966,14.77025
P00726930LZ-CW1,2023,river_structure,96500000.0,120.9178,13.88424
P00561807LZ-CW1,2021,river_structure,29255752.25,120.775777,12.84519
P00838393LZ-CW1,2024,slope_protection,77197885.27,120.811879,14.829115
P00742327LZ-CW1,2023,river_structure,74249103.11,120.8840806,14.900144
P00525711LZ-CW1,2021,river_structure,34790000.0,120.92698,14.691501
P00740350LZ-CW1,2023,river_structure,72373876.28,120.9179,14.86106
P00726811LZ-CW1,2023,river_structure,62725000.0,120.937212,14.681791
P00620531LZ-CW1,2022,river_structure,45080000.0,120.812079,15.513639
P00737501LZ-CW1,2023,drainage,4897964.42,120.884181,14.421728
P00620977LZ-CW1,2022,river_structure,47532817.01,120.7764,16.02533
P00727402LZ-CW1,2023,river_structure,39200000.0,120.93725,17.05279
P00820322LZ-CW1,2024,river_structure,49117535.0,120.812185,13.919544
P00845811LZ-CW1,2024,slope_protection,98999012.87,120.917923,14.76567
P00726353LZ-CW1,2023,river_structure,77199999.99,120.77696666667,18.39597222222
P00525910LZ-CW1,2021,river_structure,9505756.45,120.812347,16.836828
P00820528LZ-CW1,2024,drainage,6858007.76,120.937304,14.66999
P00737457LZ-CW1,2023,river_structure,19798050.14,120.927073,14.7983
P00737460LZ-CW1,2023,river_structure,19799558.46,120.88427,14.85383
P00821308LZ-CW1,2024,river_structure,96497131.99,120.77705556,15.2813
P00744261LZ-CW1,2023,river_structure,9899493.31,120.937404831114,15.0398084043428
P00740588LZ-CW1,2023,river_structure,48999814.12,120.917982,14.862872
P00742321LZ-CW1,2023,drainage,4944925.2,120.927145,14.795552
P00632834LZ-CW1,2022,river_structure,9800000.0,120.812624,15.554833
P00740334LZ-CW1,2023,river_structure,71915112.64,120.884298,14.976819
P00825088LZ-CW1,2024,river_structure,96499860.47,120.93751,15.30578
P00740371LZ-CW1,2023,river_structure,77194184.92,120.777419,14.82936
P00726215LZ-CW1,2023,river_structure,49000000.0,120.884439,14.321403
P00621416LZ-CW1,2022,river_structure,63054123.04,120.918,15.3797
P00820542LZ-CW1,2024,river_structure,48998274.82,120.927159,14.700942
P00642359LZ-CW1,2022,slope_protection,49000000.0,120.813292,13.927044
P00742224LZ-CW1,2023,river_structure,17819581.35,120.937519,14.670113
P00820553LZ-CW1,2024,river_structure,49000000.0,120.937541,14.674017
P00726467LZ-CW1,2023,river_structure,96498956.85,120.884624,14.984411
P00740397LZ-CW1,2023,river_structure,22195000.0,120.918056,13.837222
P00526253LZ-CW1,2021,river_structure,81059849.91,120.778896,18.543375
P00727361LZ-CW1,2023,river_structure,14479247.66,120.9376,14.7074
P00637051LZ-CW1,2022,river_structure,24474875.68,120.8136,15.8917
P00726556LZ-CW1,2023,river_structure,96479788.33,120.9273,14.45834
P00823426LZ-CW1,2024,river_structure,95534900.78,120.779443,15.485499
P00838413LZ-CW1,2024,slope_protection,77199461.62,120.813777,14.844878
P00621536LZ-CW1,2022,river_structure,48995909.06,120.9378,15.16926
P00838412LZ-CW1,2024,slope_protection,96499378.64,120.884645,14.998651
P00526004LZ-CW1,2021,river_structure,19599996.35,120.927511,14.770973
P00620338LZ-CW1,2022,drainage,24499335.42,120.937826,14.672052
P00820279LZ-CW1,2024,river_structure,91841987.52,120.814701,15.148371
P00824703LZ-CW1,2024,river_structure,19889072.16,120.918107533276,15.5975963578903
P00631216LZ-CW1,2022,river_structure,45079631.44,120.927639,14.794558
P00839478LZ-CW1,2024,slope_protection,98999764.29,120.885171,14.984204
P00825241LZ-CW1,2024,river_structure,46750558.17,120.779538,15.283893
P00727296LZ-CW1,2023,river_structure,48249000.0,120.918282,14.743587
P00631217LZ-CW1,2022,river_structure,45079631.44,120.927641,14.79497
P00740335LZ-CW1,2023,river_structure,72374738.66,120.885224,14.972001
P00742150LZ-CW1,2023,river_structure,69223394.29,120.814734,14.842398
P00838410LZ-CW1,2024,slope_protection,77197298.97,120.918283,14.918283
P00632705LZ-CW1,2022,river_structure,49500000.0,120.927658,14.701498
P00621278LZ-CW1,2022,river_structure,65273430.18,120.918427,14.96228
P00742184LZ-CW1,2023,river_structure,98980509.66,120.93808,14.45458
P00820283LZ-CW1,2024,river_structure,91096456.9,120.81474,15.092075
P00620882LZ-CW1,2022,river_structure,57895300.07,120.92777,14.4537
P00740592LZ-CW1,2023,river_structure,48999661.43,120.780013,14.835687
P00644739LZ-CW1,2022,river_structure,9650000.0,120.88589,14.399745
P00639441LZ-CW1,2022,river_structure,2919512.6,120.780759,16.605195
P00740351LZ-CW1,2023,river_structure,72373012.16,120.918482,14.859927
P00727045LZ-CW1,2023,river_structure,18815685.07,120.780764,18.53497
P00726921LZ-CW1,2023,river_structure,77682498.59,120.927847,14.7732
P00825118LZ-CW1,2024,river_structure,289496842.06,120.815203,12.746848
P00727365LZ-CW1,2023,river_structure,46058208.67,120.91852,14.742719
P00726812LZ-CW1,2023,river_structure,62725000.0,120.938105,14.680897
P00727362LZ-CW1,2023,river_structure,48262023.44,120.91852,14.742719
P00631181LZ-CW1,2022,river_structure,45079811.0,120.886016,14.85559
P00821317LZ-CW1,2024,river_structure,93604874.52,120.780989,14.976722
P00740399LZ-CW1,2023,river_structure,22195000.0,120.9186111,13.853056
P00737452LZ-CW1,2023,drainage,4949902.4,120.886101,14.919294
P00640463LZ-CW1,2022,river_structure,98999931.03,120.93816,14.45641
P00726557LZ-CW1,2023,river_structure,96476338.22,120.9279,14.44766
P00640462LZ-CW1,2022,river_structure,98999980.77,120.93816,14.4545
P00632861LZ-CW1,2022,river_structure,4950000.0,120.815375,13.970731
P00726463LZ-CW1,2023,river_structure,96499709.18,120.886366,14.967216
P00823405LZ-CW1,2024,river_structure,77198851.79,120.91863,14.859988
P00620018LZ-CW1,2022,river_structure,51138435.86,120.938234,14.670542
P00726512LZ-CW1,2023,river_structure,91626654.28,120.815502,15.147785
P00744299LZ-CW1,2023,river_structure,18128490.0,120.886389,14.399167
P00740518LZ-CW1,2023,river_structure,19599921.21,120.780998,18.557329
P00639346LZ-CW1,2022,river_structure,96498187.66,120.92803,14.73669
P00825082LZ-CW1,2024,river_structure,96499808.15,120.918738,14.741632
P00838414LZ-CW1,2024,slope_protection,96499302.69,120.815724,14.844905
P00726173LZ-CW1,2023,river_structure,25123741.7,120.781012,15.140852
P00843311LZ-CW1,2024,river_structure,77199953.41,120.886404,14.972212
P00823486LZ-CW1,2024,slope_protection,91578481.02,120.781012,15.140852
P00845810LZ-CW1,2024,slope_protection,98999038.56,120.918991,14.764925
P00631013LZ-CW1,2022,river_structure,19599571.94,120.938324,14.665673
P00845797LZ-CW1,2024,slope_protection,98999728.26,120.81581,14.84292
P00820204LZ-CW1,2024,river_structure,67535330.1,120.9281347,14.7376596
P00825083LZ-CW1,2024,river_structure,96499858.85,120.919691,14.739736
P00725766LZ-CW1,2023,river_structure,96499113.0,120.938368,13.922101
P00838383LZ-CW1,2024,slope_protection,96499234.24,120.886857,14.856568
P00740583LZ-CW1,2023,river_structure,48999754.81,120.78108,14.903132
P00823463LZ-CW1,2024,river_structure,91485522.95,120.816004,15.146947
P00820541LZ-CW1,2024,river_structure,48999924.88,120.92814,14.701688
P00632698LZ-CW1,2022,river_structure,98996230.29,120.9385,15.17006
P00736009LZ-CW1,2023,slope_protection,38599392.15,120.886921,14.968435
P00640515LZ-CW1,2022,river_structure,48999991.09,120.896128,14.945404
P00726915LZ-CW1,2023,slope_protection,68394362.92,120.896264,15.041364
P00639450LZ-CW1,2022,river_structure,2937836.0,120.816135,16.640585
P00820205LZ-CW1,2024,river_structure,67549262.71,120.9281515,14.7389258
P00821589LZ-CW1,2024,river_structure,46554004.9,120.781308,14.97585
P00727281LZ-CW1,2023,river_structure,72373023.56,120.896586,14.938445
P00740333LZ-CW1,2023,river_structure,72374463.63,120.887173,14.967423
P00620207LZ-CW1,2022,slope_protection,82072158.49,120.93865,15.12386
P00823435LZ-CW1,2024,river_structure,28659917.78,120.919995401509,15.6080532122398
P00631191LZ-CW1,2022,river_structure,27439393.37,120.928202,14.78
P00820826LZ-CW1,2024,river_structure,29399826.65,120.920619,14.730337
P00725683LZ-CW1,2023,river_structure,96499443.56,120.887265,14.982038
P00726813LZ-CW1,2023,river_structure,62725000.0,120.938722,14.679962
P00845982LZ-CW1,2024,river_structure,49499959.76,120.896641,14.826069
P00620846LZ-CW1,2022,river_structure,83810211.36,120.816225,15.061636
P00740591LZ-CW1,2023,river_structure,47006762.89,120.782718,14.793942
P00620880LZ-CW1,2022,river_structure,67225751.21,120.92835,14.45575
P00620654LZ-CW1,2022,river_structure,48249953.59,120.816942,12.926667
P00742386LZ-CW1,2023,slope_protection,4800000.0,120.8966667,14.00194444
P00845798LZ-CW1,2024,slope_protection,98998749.59,120.920712,14.763604
P00821266LZ-CW1,2024,slope_protection,72374404.74,120.887536,14.903708
P00824698LZ-CW1,2024,river_structure,39199921.38,120.7831,14.902771
P00525709LZ-CW1,2021,river_structure,34790000.0,120.928355,14.691143
P00744230LZ-CW1,2023,river_structure,96499871.18,120.93888,15.016156
P00838388LZ-CW1,2024,slope_protection,77199938.27,120.817508,14.782018
P00640459LZ-CW1,2022,river_structure,78404898.22,120.920826,13.854094
P00843304LZ-CW1,2024,river_structure,77199088.96,120.896899,14.932046
P00621075LZ-CW1,2022,river_structure,48998739.19,120.887589,14.925685
P00620841LZ-CW1,2022,river_structure,96499987.67,120.928611,15.364722
P00621566LZ-CW1,2022,river_structure,95534903.44,120.887589,14.925685
P00631226LZ-CW1,2022,river_structure,48816551.04,120.897035,15.806548
P00820823LZ-CW1,2024,river_structure,48999926.03,120.7831,14.902771
P00621103LZ-CW1,2022,river_structure,39978536.26,120.9391,12.579883
P00525908LZ-CW1,2021,river_structure,29400000.0,120.817561,16.861789
P00921446LZ-CW1,2025,river_structure,96013671.84,120.921,15.382
P00631196LZ-CW1,2022,river_structure,39198299.28,120.7836,14.87639
P00632704LZ-CW1,2022,river_structure,40590000.0,120.928669,14.702209
P00740435LZ-CW1,2023,river_structure,207472845.55,120.7836,12.8246
P00639471LZ-CW1,2022,slope_protection,29399996.63,120.887589,14.925685
P00620354LZ-CW1,2022,river_structure,49000000.0,120.921056,14.699822
P00746108LZ-CW1,2023,river_structure,7236836.0,120.939146,14.069757
P00726466LZ-CW1,2023,river_structure,96498922.73,120.897267,14.940787
P00843313LZ-CW1,2024,river_structure,72374953.65,120.817788,14.827797
P00825070LZ-CW1,2024,river_structure,77199741.94,120.887923,14.905556
P00839578LZ-CW1,2024,river_structure,49499812.33,120.921292,14.850006
P00821541LZ-CW1,2024,river_structure,39200000.0,120.92131,16.96179
P00820206LZ-CW1,2024,river_structure,67549945.46,120.9288022,14.7377429
P00820556LZ-CW1,2024,river_structure,29399282.43,120.939567,14.6768
P00838379LZ-CW1,2024,slope_protection,96499536.28,120.921323,14.850235
P00740516LZ-CW1,2023,river_structure,48999546.39,120.817878,18.577999
P00639349LZ-CW1,2022,slope_protection,57899336.29,120.888433,14.927108
P00620847LZ-CW1,2022,river_structure,84244493.37,120.78365,14.96689
P00736003LZ-CW1,2023,river_structure,57899547.58,120.897333,14.80697
P00620997LZ-CW1,2022,river_structure,24445135.58,120.818763,16.653577
P00820276LZ-CW1,2024,river_structure,95535356.0,120.819322,15.518662
P00621094LZ-CW1,2022,river_structure,40959552.51,120.939575,14.43185
P00726469LZ-CW1,2023,river_structure,96498859.48,120.888664,14.979458
P00742324LZ-CW1,2023,river_structure,49499463.32,120.819464,14.901025
P00740352LZ-CW1,2023,river_structure,72374635.68,120.897435,14.809054
P00742395LZ-CW1,2023,drainage,4949338.6,120.928919,13.93385
P00825084LZ-CW1,2024,river_structure,96499819.35,120.921402,14.738402
P00726920LZ-CW1,2023,river_structure,96496000.0,120.78367,15.491298
P00839602LZ-CW1,2024,drainage,4949382.55,120.928983,14.057535
P00631298LZ-CW1,2022,river_structure,9799196.02,120.93969,14.44815
P00620353LZ-CW1,2022,river_structure,49000000.0,120.92145,14.698956
P00736039LZ-CW1,2023,river_structure,217122476.34,120.82,12.9266
P00838417LZ-CW1,2024,slope_protection,96499932.39,120.888956,14.971717
P00620148LZ-CW1,2022,river_structure,92639455.74,120.92911,14.70317
P00620478LZ-CW1,2022,river_structure,24500000.0,120.784004,16.769204
P00725574LZ-CW1,2023,river_structure,96500000.0,120.939797,14.683762
P00631189LZ-CW1,2022,river_structure,37239159.73,120.897458,14.80844
P00631021LZ-CW1,2022,river_structure,49000000.0,120.92163,14.700479
P00740343LZ-CW1,2023,river_structure,72374627.31,120.889023,14.978803
P00726814LZ-CW1,2023,river_structure,62725000.0,120.939993,14.677439
P00726410LZ-CW1,2023,river_structure,96500000.0,120.820757,16.730405
P00525710LZ-CW1,2021,river_structure,34790000.0,120.929547,14.692832
P00820819LZ-CW1,2024,river_structure,28949931.66,120.921662,14.766989
P00740341LZ-CW1,2023,river_structure,72373564.32,120.88909,14.976397
P00736041LZ-CW1,2023,river_structure,207472980.28,120.8214,12.9255
P00825064LZ-CW1,2024,river_structure,96423430.86,120.929574,14.738206
P00620352LZ-CW1,2022,river_structure,49000000.0,120.921972,14.698011
P00631022LZ-CW1,2022,river_structure,29398759.41,120.940003,14.677554
P00639445LZ-CW1,2022,river_structure,19510507.33,120.784097,16.535236
P00843319LZ-CW1,2024,river_structure,77199050.27,120.897631,14.93156
P00742223LZ-CW1,2023,river_structure,19799819.78,120.940284,14.675114
P00825097LZ-CW1,2024,river_structure,73322904.7,120.784172,14.963593
P00631200LZ-CW1,2022,slope_protection,48999585.71,120.821588,14.804793
P00726464LZ-CW1,2023,river_structure,96499304.28,120.889222,14.979423
P00621281LZ-CW1,2022,slope_protection,67549750.2,120.929591,14.775406
P00844537LZ-CW1,2024,drainage,33428392.22,120.922018398501,15.5675852723645
P00639437LZ-CW1,2022,river_structure,48998000.0,120.897708,17.619919
P00620159LZ-CW1,2022,river_structure,67547136.97,120.94035,15.06369
P00821286LZ-CW1,2024,river_structure,93604726.13,120.78429,15.038817
P00736013LZ-CW1,2023,slope_protection,48249969.22,120.940658,14.792369
P00726462LZ-CW1,2023,river_structure,96498762.72,120.889329,14.976286
P00820554LZ-CW1,2024,river_structure,48999818.48,120.929966,14.680696
P00838391LZ-CW1,2024,slope_protection,96499509.1,120.922107,14.855225
P00725749LZ-CW1,2023,river_structure,57898871.17,120.940711,15.096295
P00630061LZ-CW1,2022,river_structure,74883998.26,120.784529,14.969849
P00737507LZ-CW1,2023,drainage,11758071.49,120.897847,14.443103
P00845925LZ-CW1,2024,river_structure,49480290.0,120.8220333,16.7045833
P00726471LZ-CW1,2023,river_structure,96499642.53,120.889497,14.976292
P00726891LZ-CW1,2023,slope_protection,144750000.0,120.922258,15.122129
P00726149LZ-CW1,2023,river_structure,33319346.58,120.822252,14.828122
P00839587LZ-CW1,2024,drainage,4704444.99,120.7849,15.09344
P00726158LZ-CW1,2023,river_structure,48999864.47,120.82229,14.828018
P00740342LZ-CW1,2023,river_structure,72374674.87,120.889542,14.916222
P00740514LZ-CW1,2023,river_structure,29399790.15,120.785624,18.577625
P00846001LZ-CW1,2024,drainage,24495731.43,120.922271642065,15.3378263570933
P00727301LZ-CW1,2023,river_structure,72374903.94,120.897893,15.312602
P00620226LZ-CW1,2022,river_structure,89745000.0,120.93,14.38292
P00727394LZ-CW1,2023,river_structure,86848839.48,120.940711,15.096295
P00632825LZ-CW1,2022,drainage,4850344.04,120.9223,14.7984
P00825063LZ-CW1,2024,river_structure,96499280.93,120.9300922,14.7386121
P00620877LZ-CW1,2022,river_structure,81542500.0,120.8897802,14.32311567
P00620972LZ-CW1,2022,river_structure,29047823.6,120.7861,16.0536
P00838386LZ-CW1,2024,slope_protection,77199896.46,120.822311,14.828198
P00740349LZ-CW1,2023,river_structure,72372099.18,120.922304,14.836957
P00620249LZ-CW1,2022,river_structure,90665610.0,120.9301,14.3828
P00726485LZ-CW1,2023,river_structure,96499997.89,120.940876,14.792557
P00838394LZ-CW1,2024,slope_protection,72374583.56,120.89804,14.930948
P00621568LZ-CW1,2022,slope_protection,78743785.69,120.889837,14.921731
P00742320LZ-CW1,2023,river_structure,4949455.31,120.94124,14.793013
P00820234LZ-CW1,2024,river_structure,144749071.83,120.930252,14.7158
P00742258LZ-CW1,2023,river_structure,19799555.93,120.786606,18.57686
P00736618LZ-CW1,2023,river_structure,48999988.7,120.889926,14.906598
P00727053LZ-CW1,2023,river_structure,48999695.49,120.941321,18.557764
P00821260LZ-CW1,2024,river_structure,94567339.01,120.930419,15.307224
P00740364LZ-CW1,2023,river_structure,96498343.32,120.822335,14.828121
P00620652LZ-CW1,2022,drainage,33972197.78,120.787181,12.846407
P00640554LZ-CW1,2022,slope_protection,21780000.0,120.890212,14.411368
P00727404LZ-CW1,2023,river_structure,29400000.0,120.941389,17.65
P00845805LZ-CW1,2024,slope_protection,98999713.4,120.922388,14.857945
P00823475LZ-CW1,2024,river_structure,19106668.98,120.93044,15.640091
P00727357LZ-CW1,2023,river_structure,48999068.63,120.898139,14.941854
P00726159LZ-CW1,2023,river_structure,48999979.94,120.823014,14.81916
P00561805LZ-CW1,2021,river_structure,18802621.46,120.787476,12.959916
P00736010LZ-CW1,2023,slope_protection,38599056.57,120.890263,14.974819
P00740340LZ-CW1,2023,river_structure,72374149.96,120.890263,14.974819
P00820273LZ-CW1,2024,river_structure,95523979.74,120.890313,15.556841
P00727127LZ-CW1,2023,river_structure,39192632.83,120.787611,14.905442
P00726598LZ-CW1,2023,river_structure,193730726.8,120.9416,12.51615
P00639347LZ-CW1,2022,river_structure,96497603.14,120.9309,14.73483
P00845985LZ-CW1,2024,river_structure,74248363.79,120.823138,14.814467
P00632696LZ-CW1,2022,river_structure,59396408.04,120.922615,14.841563
P00727304LZ-CW1,2023,river_structure,96499920.0,120.9416744,15.3093055
P00825068LZ-CW1,2024,river_structure,77198882.23,120.898189,14.938267
P00725805LZ-CW1,2023,river_structure,91675000.0,120.930903,14.387558
P00632832LZ-CW1,2022,river_structure,11760000.0,120.823139,15.570941
P00639350LZ-CW1,2022,slope_protection,57899969.25,120.922754,14.855417
P00844700LZ-CW1,2024,river_structure,48999907.06,120.787935,18.570465
P00525907LZ-CW1,2021,river_structure,23831587.47,120.787953,16.787925
P00838378LZ-CW1,2024,slope_protection,96499958.97,120.898245,14.813588
P00726754LZ-CW1,2023,river_structure,47518195.33,120.93096,14.44277
P00825072LZ-CW1,2024,river_structure,77199815.33,120.890699,14.921101
P00746107LZ-CW1,2023,river_structure,3666700.0,120.941865,13.944901
P00843320LZ-CW1,2024,river_structure,77199023.96,120.898317,14.931003
P00820244LZ-CW1,2024,river_structure,57892233.56,120.788073,14.900409
P00632833LZ-CW1,2022,river_structure,11431950.66,120.823282,15.570823
P00726479LZ-CW1,2023,river_structure,96496501.75,120.922798,14.856402
P00742134LZ-CW1,2023,slope_protection,74249313.37,120.823365,14.817079
P00740373LZ-CW1,2023,river_structure,77197446.53,120.788529,14.827288
P00726914LZ-CW1,2023,slope_protection,68321554.89,120.890761,15.036575
P00737490LZ-CW1,2023,drainage,5938760.0,120.931084,13.892732
P00631198LZ-CW1,2022,slope_protection,44099245.32,120.788672,14.827271
P00620351LZ-CW1,2022,river_structure,49000000.0,120.922808,14.69761
P00736014LZ-CW1,2023,slope_protection,48248648.06,120.898444,14.807556
P00725804LZ-CW1,2023,river_structure,91675000.0,120.931089,14.384397
P00726491LZ-CW1,2023,river_structure,96499913.18,120.898547,14.803705
P00561468LZ-CW1,2021,river_structure,142350971.22,120.922828,14.840426
P00839457LZ-CW1,2024,river_structure,69298883.78,120.941938,14.682593
P00561449LZ-CW1,2021,river_structure,96499801.28,120.78871,18.590343
P00742156LZ-CW1,2023,river_structure,69288166.96,120.823365,14.817079
P00845973LZ-CW1,2024,drainage,24749402.32,120.92289,14.801
P00621270LZ-CW1,2022,river_structure,96499355.46,120.942009,14.659688
P00620518LZ-CW1,2022,river_structure,47039817.09,120.898587,14.816575
P00726558LZ-CW1,2023,river_structure,96458053.16,120.93117,14.44614
P00620412LZ-CW1,2022,river_structure,20898647.14,120.931243,14.733655
P00726481LZ-CW1,2023,river_structure,96499702.0,120.898636,14.815945
P00621583LZ-CW1,2022,river_structure,144733536.17,120.89088,14.31338
P00525909LZ-CW1,2021,river_structure,9750603.31,120.789133,16.841564
P00725992LZ-CW1,2023,river_structure,44100000.0,120.931248,14.733596
P00726490LZ-CW1,2023,river_structure,96497777.93,120.898754,14.8165
P00737453LZ-CW1,2023,drainage,4836095.72,120.890983,14.967325
P00620477LZ-CW1,2022,river_structure,24469548.92,120.823798,16.714921
P00825073LZ-CW1,2024,river_structure,77199805.7,120.891035,14.919213
P00845789LZ-CW1,2024,slope_protection,98999508.95,120.923026,14.856419
P00726482LZ-CW1,2023,river_structure,96499923.27,120.899004,14.807397
P00725629LZ-CW1,2023,river_structure,57899998.85,120.789316,18.577263
P00621271LZ-CW1,2022,river_structure,96499715.98,120.942009,14.659688
P00820277LZ-CW1,2024,river_structure,95534944.05,120.789664,15.496216
P00620081LZ-CW1,2022,river_structure,89832638.99,120.931262,14.73139
P00740372LZ-CW1,2023,river_structure,77198857.79,120.790162,14.824579
P00844538LZ-CW1,2024,drainage,4776807.36,120.891473407219,15.5941760836768
P00838390LZ-CW1,2024,slope_protection,96499112.67,120.923042,14.856278
P00620986LZ-CW1,2022,river_structure,48997987.95,120.899062,17.448924
P00621451LZ-CW1,2022,river_structure,14699022.84,120.823985,14.823985
P00725816LZ-CW1,2023,river_structure,96495747.2,120.94203,14.45371
P00727375LZ-CW1,2023,river_structure,45079792.51,120.82417,12.95665
P00821271LZ-CW1,2024,slope_protection,72373026.04,120.891506,14.90713
P00820208LZ-CW1,2024,river_structure,67549934.92,120.9230447,14.7394686
P00726210LZ-CW1,2023,river_structure,49000000.0,120.931367,14.397322
P00740593LZ-CW1,2023,river_structure,48999664.71,120.790314,14.844474
P00620001LZ-CW1,2022,river_structure,39197310.0,120.942038,14.04987
P00726489LZ-CW1,2023,river_structure,96499467.81,120.89914,14.81537
P00639415LZ-CW1,2022,river_structure,48346397.71,120.792011,18.306637
P00727305LZ-CW1,2023,river_structure,96499967.4,120.94217,15.309645
P00820344LZ-CW1,2024,river_structure,96500000.0,120.931419,14.37345
P00736004LZ-CW1,2023,river_structure,28949154.09,120.891585,14.908167
P00845974LZ-CW1,2024,drainage,4949180.63,120.923172,14.799028
P00620011LZ-CW1,2022,river_structure,90661657.44,120.942221,14.672492
P00620996LZ-CW1,2022,river_structure,24447245.69,120.824985,16.670524
P00825085LZ-CW1,2024,river_structure,96499915.95,120.923321,14.737299
P00726465LZ-CW1,2023,river_structure,96498661.72,120.89161,14.906947
P00825057LZ-CW1,2024,river_structure,94569740.12,120.93146,15.3065
P00740550LZ-CW1,2023,river_structure,16169714.94,120.79204,18.529011
P00736006LZ-CW1,2023,river_structure,28949739.38,120.792561,14.821856
P00526447LZ-CW1,2021,river_structure,40925466.93,120.825251,12.957519
P00632697LZ-CW1,2022,river_structure,69295690.87,120.923489,14.839588
P00820278LZ-CW1,2024,river_structure,95525406.04,120.899368,15.552142
P00632758LZ-CW1,2022,river_structure,46607719.18,120.942318,17.66523
P00727359LZ-CW1,2023,river_structure,48999152.97,120.899563,14.942915
P00726735LZ-CW1,2023,river_structure,28666092.37,120.8261,15.2481
P00736045LZ-CW1,2023,river_structure,217120406.7,120.7926,12.9585
P00621532LZ-CW1,2022,river_structure,24498166.71,120.923555,14.837285
P00726413LZ-CW1,2023,river_structure,86850000.0,120.891667,16.86
P00844743LZ-CW1,2024,river_structure,26533190.34,120.79275,14.821945
P00725803LZ-CW1,2023,river_structure,67549500.0,120.9315983,14.0469549
P00838406LZ-CW1,2024,slope_protection,72374181.8,120.891784,14.965373
P00845793LZ-CW1,2024,slope_protection,98998994.07,120.923562,14.844215
P00631014LZ-CW1,2022,river_structure,19598678.11,120.942334,14.672491
P00620973LZ-CW1,2022,river_structure,29390746.66,120.7928,16.06689
P00726480LZ-CW1,2023,river_structure,96499347.85,120.899756,14.804979
P00825065LZ-CW1,2024,river_structure,96499747.83,120.931655,14.738954
P00821531LZ-CW1,2024,river_structure,39193427.02,120.82612975,16.65689003
P00725684LZ-CW1,2023,river_structure,96499915.59,120.891948,14.973529
P00825078LZ-CW1,2024,river_structure,77199087.48,120.90005,14.942379
P00825102LZ-CW1,2024,river_structure,96499992.1,120.826385,14.903603
P00621132LZ-CW1,2022,river_structure,57900000.0,120.923643,14.70102
P00637764LZ-CW1,2022,river_structure,48360631.63,120.793102,18.302223
P00845829LZ-CW1,2024,river_structure,99000000.0,120.9316861,14.42151667
P00736038LZ-CW1,2023,river_structure,217123478.16,120.827,12.9263
P00823449LZ-CW1,2024,river_structure,47767657.74,120.891996,15.802224
P00526013LZ-CW1,2021,river_structure,36389489.38,120.942615,15.105853
P00742419LZ-CW1,2023,river_structure,41125223.87,120.900094,14.44662
P00620228LZ-CW1,2022,river_structure,90710000.0,120.9317,14.37626
P00742318LZ-CW1,2023,river_structure,14847428.18,120.793277,14.82124
P00726717LZ-CW1,2023,river_structure,48999034.31,120.892072,14.906634
P00620350LZ-CW1,2022,river_structure,49000000.0,120.923647,14.697174
P00823425LZ-CW1,2024,river_structure,78161014.06,120.942676,14.813341
P00726261LZ-CW1,2023,river_structure,45079105.81,120.82716,12.92424
P00620227LZ-CW1,2022,river_structure,90710000.0,120.9318,14.37967
P00838375LZ-CW1,2024,slope_protection,96499691.57,120.900168,14.813667
P00823427LZ-CW1,2024,river_structure,47897330.68,120.793461,15.496049
P00620251LZ-CW1,2022,river_structure,90710000.0,120.9318,14.37625
P00727297LZ-CW1,2023,river_structure,65342020.1,120.8272,15.2321
P00742338LZ-CW1,2023,drainage,4850999.14,120.90022,15.854724
P00644779LZ-CW1,2022,river_structure,11097413.02,120.931828,14.4422701
P00639475LZ-CW1,2022,river_structure,48999277.98,120.9237,14.835301
P00820831LZ-CW1,2024,slope_protection,27841800.0,120.793853,14.993436
P00843307LZ-CW1,2024,river_structure,77199166.63,120.892084,14.9649
P00825091LZ-CW1,2024,river_structure,144749663.01,120.9428,15.3128
P00742137LZ-CW1,2023,river_structure,74249006.72,120.923737,14.878677
P00848621LZ-CW1,2024,river_structure,70927178.54,120.9428,15.3128
P00620534LZ-CW1,2022,river_structure,45073229.89,120.79438,15.4966
P00727358LZ-CW1,2023,river_structure,48999608.65,120.892303,14.907347
P00823543LZ-CW1,2024,river_structure,9650000.0,120.9002254,13.6911539
P00621106LZ-CW1,2022,river_structure,48249983.48,120.827446,12.947868
P00737411LZ-CW1,2023,slope_protection,14849740.15,120.794431,18.531151
P00726994LZ-CW1,2023,river_structure,23267355.14,120.931846,14.675592
P00640455LZ-CW1,2022,river_structure,148498575.13,120.943117,14.8
P00846049LZ-CW1,2024,slope_protection,6877933.95,120.892572,14.287706
P00620349LZ-CW1,2022,river_structure,49000000.0,120.923843,14.696236
P00726212LZ-CW1,2023,river_structure,49000000.0,120.931911,14.406431
P00845977LZ-CW1,2024,slope_protection,49499483.0,120.900885,14.81913
P00621107LZ-CW1,2022,river_structure,43424883.41,120.827446,12.947868
P00726151LZ-CW1,2023,river_structure,48998832.05,120.892609,14.906938
P00630512LZ-CW1,2022,river_structure,48998604.86,120.794481,14.878831
P00839458LZ-CW1,2024,river_structure,59397439.53,120.943241,14.681394
P00725783LZ-CW1,2023,river_structure,99604433.44,120.8926222,14.31982222
P00727334LZ-CW1,2023,river_structure,33604549.09,120.827986,16.055385
P00821267LZ-CW1,2024,slope_protection,96499726.23,120.892674,14.930821
P00820285LZ-CW1,2024,slope_protection,47766812.33,120.794837,15.583947
P00727097LZ-CW1,2023,river_structure,29731650.0,120.94382,16.76525
P00820233LZ-CW1,2024,river_structure,144749905.83,120.931924,14.716653
P00726459LZ-CW1,2023,river_structure,96498901.91,120.900901,14.945077
P00823474LZ-CW1,2024,river_structure,47771977.22,120.923958,15.629239
P00620082LZ-CW1,2022,river_structure,89830037.3,120.931937,14.731566
P00620516LZ-CW1,2022,river_structure,43201412.48,120.923965,14.838401
P00825077LZ-CW1,2024,river_structure,77199523.04,120.893027,14.908344
P00820551LZ-CW1,2024,river_structure,29400000.0,120.943839,14.669676
P00726829LZ-CW1,2023,river_structure,96499992.55,120.901049,18.46927
P00839600LZ-CW1,2024,river_structure,4950000.0,120.92398,13.716034
P00726150LZ-CW1,2023,slope_protection,22784390.77,120.893097,14.932071
P00620250LZ-CW1,2022,river_structure,90710000.0,120.932,14.37972
P00631290LZ-CW1,2022,river_structure,33105536.48,120.79501,14.291522
P00820207LZ-CW1,2024,river_structure,67549893.33,120.9242399,14.7388237
P00742283LZ-CW1,2023,river_structure,19754526.15,120.827986,16.055385
P00726486LZ-CW1,2023,river_structure,96317780.07,120.92437,14.831545
P00727313LZ-CW1,2023,river_structure,67549748.33,120.893133,14.437656
P00725705LZ-CW1,2023,river_structure,96495000.0,120.82814,15.524048
P00726720LZ-CW1,2023,river_structure,39197381.73,120.901268,14.945866
P00839479LZ-CW1,2024,slope_protection,98999609.48,120.901516,14.818563
P00820557LZ-CW1,2024,drainage,4899444.87,120.944019,14.662269
P00821533LZ-CW1,2024,river_structure,19550030.78,120.82816,16.793953
P00639468LZ-CW1,2022,river_structure,48999769.37,120.893736,14.961378
P00737456LZ-CW1,2023,river_structure,19798628.36,120.92437,14.83156
P00640520LZ-CW1,2022,drainage,47518704.12,120.795161,14.875988
P00845816LZ-CW1,2024,slope_protection,98994958.26,120.94415,14.812368
P00726211LZ-CW1,2023,river_structure,48475958.6,120.932053,14.406464
P00726902LZ-CW1,2023,river_structure,77188797.98,120.893744,14.961432
P00742341LZ-CW1,2023,river_structure,14478626.94,120.795931,15.054741
P00742421LZ-CW1,2023,drainage,6855432.89,120.9017,14.444497
P00821232LZ-CW1,2024,river_structure,106149931.55,120.9442358,14.7486125
P00621530LZ-CW1,2022,river_structure,23521006.99,120.828343,14.900402
P00621442LZ-CW1,2022,river_structure,48343757.01,120.795976,18.312361
P00631215LZ-CW1,2022,river_structure,45079027.76,120.924444,14.961111
P00736012LZ-CW1,2023,slope_protection,28948920.97,120.893952,14.970769
P00725631LZ-CW1,2023,river_structure,62724999.57,120.932205,18.553321
P00632810LZ-CW1,2022,drainage,29699999.52,120.893963,14.950777
P00845972LZ-CW1,2024,river_structure,49499511.04,120.901967,14.8137
P00820735LZ-CW1,2024,river_structure,29396000.0,120.828661,16.65139
P00639449LZ-CW1,2022,river_structure,9789790.48,120.830624,16.489499
P00825079LZ-CW1,2024,river_structure,77199138.89,120.92451,14.961592
P00526376LZ-CW1,2021,river_structure,29377392.06,120.830714,16.771811
P00820281LZ-CW1,2024,river_structure,91095785.63,120.796089,15.20433
P00621504LZ-CW1,2022,river_structure,77195492.58,120.9443,14.45212
P00823423LZ-CW1,2024,river_structure,78164572.3,120.901998,14.813637
P00632706LZ-CW1,2022,river_structure,49497745.13,120.932228,14.68362
P00921786LZ-CW1,2025,river_structure,48754753.43,120.894051,15.311522
P00726728LZ-CW1,2023,river_structure,48990823.63,120.932335,14.734278
P00725706LZ-CW1,2023,river_structure,96495000.0,120.902297,15.575301
P00736043LZ-CW1,2023,river_structure,217123574.43,120.831,12.9219
P00621133LZ-CW1,2022,river_structure,57900000.0,120.924529,14.701456
P00843312LZ-CW1,2024,river_structure,72373936.89,120.796441,14.847785
P00742325LZ-CW1,2023,river_structure,49499465.67,120.8941,14.910952
P00820539LZ-CW1,2024,drainage,15678833.77,120.932389,14.681214
P00620348LZ-CW1,2022,river_structure,49000000.0,120.924564,14.69558
P00620872LZ-CW1,2022,river_structure,90710000.0,120.90286,14.3965
P00561463LZ-CW1,2021,river_structure,96498474.65,120.796458,14.875556
P00726945LZ-CW1,2023,river_structure,96498165.29,120.894674,14.317694
P00844531LZ-CW1,2024,river_structure,67549063.5,120.932467,14.700707
P00740327LZ-CW1,2023,river_structure,96497742.64,120.92488,15.30949
P00526380LZ-CW1,2021,river_structure,19600000.0,120.831439,16.777153
P00637795LZ-CW1,2022,drainage,4950000.0,120.831514,14.385228
P00846047LZ-CW1,2024,drainage,4899267.71,120.902908,14.231714
P00821231LZ-CW1,2024,river_structure,94569987.5,120.9446639,14.7456713
P00735968LZ-CW1,2023,river_structure,28950000.0,120.833056,16.955278
P00736060LZ-CW1,2023,river_structure,96495414.86,120.9447,12.6105
P00632822LZ-CW1,2022,slope_protection,13853245.52,120.7969,14.9004
P00620236LZ-CW1,2022,river_structure,59938901.12,120.894722,14.435278
P00820272LZ-CW1,2024,river_structure,95533838.11,120.902996,15.575735
P00620346LZ-CW1,2022,river_structure,49000000.0,120.924952,14.694035
P00561527LZ-CW1,2021,river_structure,24499443.85,120.797,14.84031
P00725806LZ-CW1,2023,river_structure,91675000.0,120.932469,14.39455
P00823422LZ-CW1,2024,river_structure,78163573.63,120.903134,14.802243
P00838385LZ-CW1,2024,slope_protection,77199993.5,120.798272,14.846934
P00620154LZ-CW1,2022,river_structure,91675000.0,120.894944,15.556958
P00821532LZ-CW1,2024,river_structure,29352752.8,120.833271,16.798623
P00746109LZ-CW1,2023,river_structure,3471370.0,120.932471,14.057297
P00742130LZ-CW1,2023,river_structure,79199187.57,120.903598,14.819064
P00740560LZ-CW1,2023,river_structure,19599827.98,120.798365,18.523949
P00825103LZ-CW1,2024,river_structure,57899912.04,120.9447561,14.7503866
P00631178LZ-CW1,2022,river_structure,45078595.32,120.925,14.9055556
P00742333LZ-CW1,2023,drainage,5880040.72,120.833738,15.518882
P00632702LZ-CW1,2022,river_structure,21753596.88,120.932517,14.677215
P00742154LZ-CW1,2023,river_structure,98999191.47,120.798439,14.847056
P00526267LZ-CW1,2021,river_structure,70693005.0,120.894964,16.883513
P00561623LZ-CW1,2021,river_structure,9599225.3,120.834364,18.533645
P00824734LZ-CW1,2024,river_structure,39198579.92,120.800094,12.741188
P00742319LZ-CW1,2023,drainage,4949400.06,120.925018,14.797753
P00742182LZ-CW1,2023,river_structure,98973894.38,120.93267,14.44288
P00621096LZ-CW1,2022,river_structure,43120000.0,120.94479,14.42051
P00846003LZ-CW1,2024,slope_protection,37897215.45,120.800525,15.050222
P00845989LZ-CW1,2024,river_structure,9899927.01,120.93288266,15.01764668
P00921485LZ-CW1,2025,river_structure,96017500.53,120.925073,15.309594
P00726165LZ-CW1,2023,river_structure,48994113.37,120.903713,15.566778
P00736059LZ-CW1,2023,river_structure,96497636.2,120.9448,12.6097
P00838364LZ-CW1,2024,river_structure,62724600.0,120.800737,14.838658
P00726931LZ-CW1,2023,river_structure,96500000.0,120.894997,13.920449
P00561456LZ-CW1,2021,river_structure,96499537.05,120.835069,18.53324
P00825086LZ-CW1,2024,river_structure,96499979.13,120.925216,14.736385
P00736042LZ-CW1,2023,river_structure,212298471.15,120.8354,12.8765
P00639460LZ-CW1,2022,river_structure,48990442.38,120.801021,16.7057
P00727128LZ-CW1,2023,river_structure,48999700.67,120.895278,14.933055
P00621533LZ-CW1,2022,river_structure,24497191.23,120.9329,14.809396
P00839586LZ-CW1,2024,drainage,4875082.5,120.903952,15.311256
P00726806LZ-CW1,2023,river_structure,94371376.95,120.944996,14.712672
P00742181LZ-CW1,2023,river_structure,49478805.76,120.802146,14.370062
P00726721LZ-CW1,2023,river_structure,48999985.43,120.932984,14.960049
P00726458LZ-CW1,2023,river_structure,96499992.4,120.925231,14.960534
P00621286LZ-CW1,2022,river_structure,69479572.96,120.904444,14.819444
P00620345LZ-CW1,2022,river_structure,49000000.0,120.945121,14.687175
P00526377LZ-CW1,2021,river_structure,29400000.0,120.835989,16.747717
P00821577LZ-CW1,2024,river_structure,48999725.3,120.895379,14.933077
P00630930LZ-CW1,2022,river_structure,96500000.0,120.83638,16.95444
P00726888LZ-CW1,2023,slope_protection,144750000.0,120.93308,15.122864
P00621153LZ-CW1,2022,river_structure,57900000.0,120.925247,14.702068
P00820529LZ-CW1,2024,drainage,48999918.01,120.945383,14.662921
P00639470LZ-CW1,2022,river_structure,47519329.41,120.895463,14.940725
P00620347LZ-CW1,2022,river_structure,49000000.0,120.925261,14.694862
P00561465LZ-CW1,2021,river_structure,67504048.83,120.933605,14.679721
P00726262LZ-CW1,2023,river_structure,45078037.4,120.83651,12.91916
P00637079LZ-CW1,2022,drainage,4900000.0,120.94541,14.41361
P00736184LZ-CW1,2023,river_structure,49000000.0,120.895556,16.881389
P00838387LZ-CW1,2024,slope_protection,96499404.34,120.904694,14.881737
P00631281LZ-CW1,2022,river_structure,14550732.41,120.90473,13.74312
P00820254LZ-CW1,2024,river_structure,78857241.02,120.8369764,15.0874592
P00825071LZ-CW1,2024,river_structure,77199080.42,120.895749,14.933821
P00823406LZ-CW1,2024,river_structure,77199558.49,120.925434,14.833763
P00639352LZ-CW1,2022,slope_protection,57899155.37,120.93364,14.809287
P00726727LZ-CW1,2023,river_structure,48999966.54,120.945603,14.739685
P00824746LZ-CW1,2024,river_structure,24499178.88,120.895858,12.940167
P00726892LZ-CW1,2023,river_structure,91095254.13,120.8371833373,15.08786957925
P00621578LZ-CW1,2022,river_structure,63685822.86,120.904766,15.312268
P00839459LZ-CW1,2024,river_structure,59399880.03,120.945699,14.678498
P00725923LZ-CW1,2023,river_structure,49000000.0,120.925461,14.699778
P00844745LZ-CW1,2024,river_structure,48998769.87,120.933667,14.702413
P00740562LZ-CW1,2023,river_structure,48999699.11,120.837642,18.62218
P00726492LZ-CW1,2023,river_structure,96498811.15,120.905445,14.812707
P00820550LZ-CW1,2024,river_structure,45332528.34,120.945751,14.678465
P00821576LZ-CW1,2024,river_structure,48999739.43,120.933932,14.959875
P00742228LZ-CW1,2023,river_structure,21778384.66,120.934534,14.674805
P00726554LZ-CW1,2023,river_structure,91675000.0,120.905556,14.393056
P00745428LZ-CW1,2023,river_structure,38971524.94,120.945861,14.369472
P00820372LZ-CW1,2024,river_structure,57263814.85,120.934624,13.921162
P00820397LZ-CW1,2024,river_structure,191067795.2,120.94598007,12.64675843
P00639472LZ-CW1,2022,slope_protection,29390679.34,120.905679,14.813004
P00742220LZ-CW1,2023,river_structure,24746253.23,120.934723,14.676111
P00740425LZ-CW1,2023,river_structure,192981036.07,120.9461,12.6117
P00621280LZ-CW1,2022,slope_protection,67548651.76,120.905731,14.812513
P00620152LZ-CW1,2022,river_structure,48173390.52,120.93474,15.01815
P00725813LZ-CW1,2023,river_structure,86849658.99,120.94613,14.45668
P00632811LZ-CW1,2022,drainage,19799997.15,120.905736,14.962378
P00742384LZ-CW1,2023,river_structure,9601500.0,120.906045,13.896554
P00620561LZ-CW1,2022,river_structure,38947059.61,120.934878,14.047873
P00820228LZ-CW1,2024,river_structure,151504905.28,120.906313,14.82535
P00639402LZ-CW1,2022,drainage,1959713.52,120.934978,14.673181
P00821334LZ-CW1,2024,river_structure,95536158.53,120.90645,14.385864
P00742128LZ-CW1,2023,river_structure,98995000.0,120.907244,15.574448
P00631176LZ-CW1,2022,river_structure,45073035.02,120.90756,14.956359
P00726260LZ-CW1,2023,river_structure,45079616.63,120.90763,12.89758
P00725707LZ-CW1,2023,river_structure,96495000.0,120.907714,15.584843
P00740589LZ-CW1,2023,river_structure,48998428.1,120.90836,14.81351
P00726925LZ-CW1,2023,slope_protection,91192428.63,120.908617,15.044009
P00820255LZ-CW1,2024,slope_protection,78798026.13,120.9088,15.121146
P00726917LZ-CW1,2023,slope_protection,68394358.97,120.90890439925,15.1215036057697
P00630944LZ-CW1,2022,river_structure,62724996.89,120.908938,14.81252
P00742383LZ-CW1,2023,river_structure,5940000.0,120.908989,13.897181
P00740329LZ-CW1,2023,river_structure,91095547.48,120.90902,15.1219
P00821544LZ-CW1,2024,river_structure,19600000.0,120.90924,17.00786
P00820256LZ-CW1,2024,slope_protection,78798035.64,120.909416,15.1204288
P00823401LZ-CW1,2024,river_structure,96499969.85,120.909548,14.758968
P00823403LZ-CW1,2024,river_structure,96499750.1,120.909717,14.760779
P00726916LZ-CW1,2023,slope_protection,70203736.33,120.90991523694,15.1233566914315
P00823402LZ-CW1,2024,river_structure,96499989.7,120.909954,14.757197
P00644777LZ-CW1,2022,river_structure,17237694.73,120.90997,15.38355
P00621097LZ-CW1,2022,river_structure,43547280.0,120.91016,14.44825
P00825129LZ-CW1,2024,drainage,53074970.85,120.910278,13.505833
P00727280LZ-CW1,2023,river_structure,72373243.31,120.910415,14.96288
P00838341LZ-CW1,2024,river_structure,96499973.82,120.9105461,14.7562266
P00726731LZ-CW1,2023,river_structure,28419783.13,120.910715,14.746626
P00838340LZ-CW1,2024,river_structure,96499880.38,120.91124167,14.754325
P00725715LZ-CW1,2023,river_structure,96499601.54,120.911282,14.752986
P00620840LZ-CW1,2022,river_structure,74428469.97,120.911826,15.34076
P00839576LZ-CW1,2024,drainage,9899242.37,120.912187,14.955619
P00726910LZ-CW1,2023,slope_protection,70203652.16,120.912244,15.046275
P00726889LZ-CW1,2023,slope_protection,144750000.0,120.912404,15.126251
P00725778LZ-CW1,2023,river_structure,67550000.0,120.91244,13.82632
P00820247LZ-CW1,2024,river_structure,144749396.58,120.912474,14.742201
P00823428LZ-CW1,2024,river_structure,71651197.07,120.912613,15.58718
P00727310LZ-CW1,2023,river_structure,72375000.0,120.913308,13.898985
P00631177LZ-CW1,2022,river_structure,45079980.9,120.913333,14.96361111
P00823472LZ-CW1,2024,river_structure,47767129.0,120.913462,15.670402
P00742170LZ-CW1,2023,river_structure,99000000.0,120.913889,14.374167
P00845976LZ-CW1,2024,river_structure,39599067.05,120.872996,14.8472
P00838408LZ-CW1,2024,slope_protection,96499556.14,120.873276,14.854541
P00620463LZ-CW1,2022,river_structure,29157900.26,120.87333,15.9281
P00620232LZ-CW1,2022,river_structure,89745000.0,120.873425,14.427875
P00742141LZ-CW1,2023,river_structure,74248853.83,120.873477,14.836629
P00838401LZ-CW1,2024,slope_protection,96499176.96,120.87386,14.84673
P00845799LZ-CW1,2024,slope_protection,98998914.62,120.874155,14.84624
P00620565LZ-CW1,2022,river_structure,49000000.0,120.874438,14.365265
P00844499LZ-CW1,2024,river_structure,77199800.47,120.874539,14.799967
P00839575LZ-CW1,2024,drainage,4949713.95,120.874551,14.891516
P00631218LZ-CW1,2022,river_structure,45079969.53,120.874573,14.838636
P00726912LZ-CW1,2023,river_structure,68321524.36,120.87465,15.03409
P00620564LZ-CW1,2022,river_structure,48999982.61,120.8749,14.26959
P00821262LZ-CW1,2024,slope_protection,72374885.43,120.874982,14.891714
P00727158LZ-CW1,2023,river_structure,48465438.33,120.87515,14.178867
P00736617LZ-CW1,2023,river_structure,48999986.25,120.875185,14.892607
P00736011LZ-CW1,2023,slope_protection,38599762.52,120.875385,15.009252
P00631211LZ-CW1,2022,slope_protection,45079451.15,120.875544,14.839879
P00620804LZ-CW1,2022,river_structure,96500000.0,120.87555,16.99694
P00631188LZ-CW1,2022,river_structure,45079500.38,120.875587,14.845163
P00726475LZ-CW1,2023,river_structure,96499623.93,120.875628,14.836925
P00621000LZ-CW1,2022,river_structure,23765066.81,120.875651,16.523554
P00725752LZ-CW1,2023,river_structure,77682237.38,120.875783,14.837789
P00744303LZ-CW1,2023,river_structure,36537795.0,120.875833,14.375278
P00740590LZ-CW1,2023,river_structure,47039948.6,120.876296,14.825973
P00725751LZ-CW1,2023,river_structure,96495872.05,120.876396,14.824137
P00742317LZ-CW1,2023,river_structure,19006075.94,120.876396,14.824137
P00726913LZ-CW1,2023,river_structure,68321985.46,120.876453,15.033178
P00726473LZ-CW1,2023,river_structure,96405861.59,120.876465,14.823804
P00737502LZ-CW1,2023,drainage,4897878.72,120.876475,14.422497
P00621450LZ-CW1,2022,river_structure,4899975.59,120.876562,14.96558
P00740582LZ-CW1,2023,river_structure,48999246.3,120.876607,14.840689
P00742459LZ-CW1,2023,river_structure,98999995.37,120.87662,12.870993
P00637069LZ-CW1,2022,river_structure,4899893.64,120.876641,14.960629
P00737459LZ-CW1,2023,river_structure,19799878.83,120.876719,14.826494
P00631192LZ-CW1,2022,river_structure,22539929.3,120.876935,14.82777
P00737458LZ-CW1,2023,river_structure,19798773.41,120.876935,14.823446
P00843310LZ-CW1,2024,river_structure,77199677.98,120.877031,15.000814
P00823459LZ-CW1,2024,river_structure,77198841.0,120.87704,14.826984
P00820229LZ-CW1,2024,river_structure,72374267.49,120.877052,14.844018
P00838366LZ-CW1,2024,river_structure,72374803.73,120.877172,14.999346
P00726767LZ-CW1,2023,river_structure,45073624.75,120.877556,12.956448
P00823467LZ-CW1,2024,river_structure,96499968.29,120.877677,14.832546
P00631219LZ-CW1,2022,river_structure,45079969.52,120.877747,14.842623
P00821224LZ-CW1,2024,river_structure,96499757.73,120.877844,14.89835
P00740347LZ-CW1,2023,river_structure,72373409.11,120.877881,14.842727
P00725685LZ-CW1,2023,river_structure,96499701.59,120.877924,15.01071
P00726461LZ-CW1,2023,river_structure,96498523.97,120.878228,15.007383
P00843309LZ-CW1,2024,river_structure,77199531.57,120.878387,15.00143
P00631204LZ-CW1,2022,slope_protection,35278599.12,120.878454,14.805831
P00838371LZ-CW1,2024,slope_protection,96499563.2,120.878479,14.999615
P00621531LZ-CW1,2022,river_structure,24497106.55,120.878555,14.847557
P00740338LZ-CW1,2023,river_structure,72373859.53,120.878657,15.001371
P00820820LZ-CW1,2024,river_structure,28949821.9,120.878913,14.850212
P00821269LZ-CW1,2024,slope_protection,72374479.88,120.879097,14.898648
P00740332LZ-CW1,2023,river_structure,72374165.79,120.879329,15.006094
P00838370LZ-CW1,2024,slope_protection,96499605.71,120.879337,14.990727
P00726901LZ-CW1,2023,river_structure,77198159.93,120.879378,15.006087
P00644740LZ-CW1,2022,river_structure,9891250.0,120.879418,14.378721
P00639467LZ-CW1,2022,river_structure,48999840.49,120.87946,15.00621
P00843308LZ-CW1,2024,river_structure,77199743.94,120.87947,14.989359
P00838365LZ-CW1,2024,river_structure,72374906.25,120.879472,14.990847
P00735981LZ-CW1,2023,river_structure,77188463.69,120.879497,14.809188
P00726161LZ-CW1,2023,river_structure,48999313.96,120.879542,15.006134
P00839480LZ-CW1,2024,slope_protection,69299988.21,120.879572,14.850763
P00620229LZ-CW1,2022,river_structure,48577570.41,120.87961,14.46058
P00821542LZ-CW1,2024,river_structure,39200000.0,120.87965,17.00742
P00744302LZ-CW1,2023,river_structure,8899230.0,120.879722,14.379444
P00735978LZ-CW1,2023,river_structure,77198713.48,120.879749,14.810028
P00844502LZ-CW1,2024,river_structure,77012853.59,120.879779,14.810067
P00843314LZ-CW1,2024,river_structure,72374225.99,120.879791,14.794038
P00561183LZ-CW1,2021,drainage,3718753.56,120.8800667,14.37403056
P00823364LZ-CW1,2024,river_structure,77188821.56,120.880106,14.812
P00726468LZ-CW1,2023,river_structure,96497506.9,120.880167,15.010087
P00726903LZ-CW1,2023,river_structure,77199243.03,120.880186,14.98278
P00845983LZ-CW1,2024,river_structure,29699463.05,120.88025,14.84621
P00621076LZ-CW1,2022,river_structure,48998995.93,120.880353,14.901119
P00735977LZ-CW1,2023,river_structure,77199971.28,120.880416,14.791176
P00843322LZ-CW1,2024,river_structure,72374967.11,120.880523,14.81319
P00640519LZ-CW1,2022,river_structure,49499816.61,120.880638,14.979714
P00740339LZ-CW1,2023,river_structure,72373832.51,120.880638,15.002379
P00621535LZ-CW1,2022,river_structure,25479994.08,120.880662,14.979697
P00740345LZ-CW1,2023,river_structure,72374590.56,120.880675,14.979595
P00740337LZ-CW1,2023,river_structure,72372354.56,120.88069,15.00231
P00740344LZ-CW1,2023,river_structure,72374585.24,120.880713,14.979651
P00726722LZ-CW1,2023,river_structure,22784932.19,120.880735,14.901158
P00735980LZ-CW1,2023,river_structure,77199986.09,120.880753,14.814548
P00736005LZ-CW1,2023,river_structure,28946072.28,120.880753,14.814548
P00631093LZ-CW1,2022,river_structure,48958019.42,120.88078,15.925
P00727360LZ-CW1,2023,river_structure,48999916.12,120.880817,14.899133
P00740336LZ-CW1,2023,river_structure,72374362.28,120.880856,14.984714
P00725807LZ-CW1,2023,river_structure,57900000.0,120.8809,14.4616
P00640516LZ-CW1,2022,river_structure,49499675.98,120.880975,15.004624
P00838407LZ-CW1,2024,slope_protection,96499936.68,120.881125,14.991599
P00727278LZ-CW1,2023,river_structure,72374749.45,120.881322,14.801467
P00725762LZ-CW1,2023,drainage,62048663.16,120.881329,14.9776
P00726487LZ-CW1,2023,river_structure,96499860.92,120.88148,14.852175
P00838372LZ-CW1,2024,slope_protection,96499563.2,120.881554,15.000167
P00630941LZ-CW1,2022,river_structure,62715942.26,120.881646,14.902799
P00726904LZ-CW1,2023,river_structure,77198358.83,120.881703,14.980967
P00726997LZ-CW1,2023,river_structure,23488443.33,120.94626,14.666647
P00525706LZ-CW1,2021,river_structure,29400000.0,120.946359,14.68577
P00725634LZ-CW1,2023,river_structure,57899669.44,120.946383,18.5506
P00639409LZ-CW1,2022,river_structure,47382259.09,120.946429,14.732294
P00637045LZ-CW1,2022,river_structure,14373152.0,120.946486,14.710239
P00820549LZ-CW1,2024,river_structure,45334169.87,120.946503,14.677531
P00725635LZ-CW1,2023,river_structure,57899449.11,120.946521,18.550913
P00820548LZ-CW1,2024,river_structure,45333708.44,120.946687,14.676401
P00820547LZ-CW1,2024,river_structure,49000000.0,120.947055,14.675323
P00823434LZ-CW1,2024,river_structure,19106979.97,120.947159989568,15.6526873826506
P00727114LZ-CW1,2023,river_structure,42661504.77,120.94722,16.16694
P00725811LZ-CW1,2023,river_structure,77196567.23,120.94728,14.42409
P00725746LZ-CW1,2023,river_structure,86848281.05,120.947353,14.816364
P00823479LZ-CW1,2024,river_structure,24124554.7,120.947435,14.816552
P00620157LZ-CW1,2022,river_structure,54124555.25,120.94758,15.02213
P00620898LZ-CW1,2022,slope_protection,96494841.42,120.94762,14.33664
P00820552LZ-CW1,2024,river_structure,29398741.8,120.9477,14.658422
P00725814LZ-CW1,2023,river_structure,77199978.34,120.94775,14.45788
P00631020LZ-CW1,2022,river_structure,19479821.97,120.947832,14.652218
P00621618LZ-CW1,2022,river_structure,48999665.01,120.94784,14.959855
P00525631LZ-CW1,2021,river_structure,96499914.67,120.94788,14.42939
P00637757LZ-CW1,2022,drainage,14846141.76,120.947973,14.666061
P00821256LZ-CW1,2024,river_structure,86849907.06,120.94799,15.50354
P00726163LZ-CW1,2023,river_structure,48986913.2,120.948006,14.818661
P00639410LZ-CW1,2022,river_structure,47386189.83,120.948053,14.729921
P00640485LZ-CW1,2022,river_structure,39600000.0,120.948259,14.67332
P00561605LZ-CW1,2021,river_structure,24460268.57,120.948286,14.650352
P00823407LZ-CW1,2024,river_structure,96499019.62,120.948343,15.118202
P00725745LZ-CW1,2023,river_structure,86846618.32,120.948428,14.807107
P00620337LZ-CW1,2022,river_structure,24499589.49,120.948665,14.650545
P00727019LZ-CW1,2023,river_structure,19085950.1,120.948968,14.713922
P00632831LZ-CW1,2022,river_structure,39199544.9,120.94915,14.74595
P00921492LZ-CW1,2025,river_structure,95052371.1,120.949206,15.500144
P00725815LZ-CW1,2023,river_structure,77162485.58,120.94926,14.45898
P00640464LZ-CW1,2022,river_structure,115798478.76,120.949312,13.747288
P00632816LZ-CW1,2022,drainage,4851085.29,120.949386,14.833701
P00621534LZ-CW1,2022,river_structure,48999749.14,120.949444,14.953611
P00561511LZ-CW1,2021,river_structure,48997000.0,120.94951,17.6639
P00631012LZ-CW1,2022,river_structure,19599287.13,120.949577,14.660205
P00631016LZ-CW1,2022,drainage,9793953.08,120.949697,14.661861
P00820545LZ-CW1,2024,river_structure,49000000.0,120.949779,14.673057
P00825090LZ-CW1,2024,river_structure,94554741.69,120.9498,15.3177
P00620414LZ-CW1,2022,river_structure,26669657.26,120.949803,14.703925
P00742219LZ-CW1,2023,river_structure,24748789.87,120.949949,14.654817
P00845988LZ-CW1,2024,drainage,4864752.68,120.950073,14.818705
P00639343LZ-CW1,2022,river_structure,95051142.43,120.95046,15.04069
P00820535LZ-CW1,2024,drainage,29399809.82,120.950783,14.652607
P00820521LZ-CW1,2024,drainage,11759144.81,120.950804,14.652489
P00742394LZ-CW1,2023,slope_protection,29699702.0,120.950893,13.929457
P00820544LZ-CW1,2024,river_structure,49000000.0,120.951009,14.672631
P00820160LZ-CW1,2024,slope_protection,96499928.41,120.951111,16.198333
P00641931LZ-CW1,2022,river_structure,29399135.28,120.95122,14.4418
P00725743LZ-CW1,2023,river_structure,66535523.02,120.951327,14.7646
P00820325LZ-CW1,2024,river_structure,96499827.17,120.95141,14.45013
P00641930LZ-CW1,2022,river_structure,29398828.55,120.95142,14.44224
P00620893LZ-CW1,2022,river_structure,77198940.97,120.951502,13.930591
P00637756LZ-CW1,2022,drainage,9900000.0,120.951599,14.686681
P00632703LZ-CW1,2022,river_structure,21779964.74,120.951734,14.653519
P00823548LZ-CW1,2024,river_structure,96097340.67,120.95191,14.44865
P00725662LZ-CW1,2023,river_structure,96488725.58,120.95194,16.21166
P00825124LZ-CW1,2024,river_structure,192997550.57,120.95204683,12.6583473
P00740600LZ-CW1,2023,drainage,19599909.61,120.9523,15.3127
P00620415LZ-CW1,2022,river_structure,37997833.18,120.952341,14.70631
P00726716LZ-CW1,2023,river_structure,48992852.15,120.952348,14.956144
P00639344LZ-CW1,2022,river_structure,95051207.16,120.95245,15.03733
P00825104LZ-CW1,2024,river_structure,48249942.61,120.952471,14.751341
P00726765LZ-CW1,2023,river_structure,45079468.4,120.95264,12.58507
P00620897LZ-CW1,2022,slope_protection,96498513.53,120.95268,14.334
P00727364LZ-CW1,2023,river_structure,29105439.55,120.9527,14.7513
P00726599LZ-CW1,2023,river_structure,96424967.48,120.952799,12.528943
P00620413LZ-CW1,2022,river_structure,28495848.53,120.95283,14.698933
P00846058LZ-CW1,2024,river_structure,15839774.23,120.95319,14.46384
P00823268LZ-CW1,2024,river_structure,144747339.87,120.953307839586,14.6743515858264
P00820037LZ-CW1,2024,river_structure,93551903.43,120.95339,14.652845
P00726797LZ-CW1,2023,river_structure,144750000.0,120.953435,14.663928
P00620164LZ-CW1,2022,river_structure,91703405.56,120.95354,14.73972
P00620046LZ-CW1,2022,river_structure,62722541.71,120.953645,14.670445
P00525707LZ-CW1,2021,river_structure,41649942.02,120.953673,14.6634
P00839567LZ-CW1,2024,river_structure,4950000.0,120.95409,17.15097
P00726523LZ-CW1,2023,river_structure,116310433.02,120.95426,15.31862
P00632787LZ-CW1,2022,river_structure,4950000.0,120.95452,17.15041
P00727302LZ-CW1,2023,river_structure,96499930.51,120.954641,15.318063
P00726998LZ-CW1,2023,river_structure,23266135.62,120.954655,14.650288
P00742457LZ-CW1,2023,drainage,4949871.74,120.9547,13.49944
P00631297LZ-CW1,2022,river_structure,9799854.94,120.95497,14.44974
P00631224LZ-CW1,2022,river_structure,7836269.39,120.955,14.79833
P00725744LZ-CW1,2023,river_structure,57899228.21,120.955,14.768
P00727020LZ-CW1,2023,river_structure,28627073.37,120.955166,14.708968
P00726991LZ-CW1,2023,river_structure,23274555.73,120.955265,14.653003
P00742216LZ-CW1,2023,river_structure,19799964.89,120.955266,14.648769
P00726218LZ-CW1,2023,slope_protection,9799430.14,120.9553255,14.130851388
P00845859LZ-CW1,2024,river_structure,9899596.98,120.955808,14.639325
P00620019LZ-CW1,2022,drainage,53074618.75,120.955956,14.639245
P00620339LZ-CW1,2022,drainage,9799337.36,120.955973,14.639207
P00620525LZ-CW1,2022,river_structure,45004286.0,120.95602,15.13314
P00630952LZ-CW1,2022,river_structure,77199196.47,120.95605,14.46503
P00620894LZ-CW1,2022,slope_protection,94569844.56,120.95624,14.32838
P00726990LZ-CW1,2023,river_structure,23273276.64,120.956247,14.648603
P00742222LZ-CW1,2023,river_structure,19799982.32,120.956295,14.653843
P00621405LZ-CW1,2022,river_structure,48997556.66,120.95644,14.655026
P00640508LZ-CW1,2022,slope_protection,11880000.0,120.98727,18.549032
P00631179LZ-CW1,2022,river_structure,45079869.08,120.98729,14.81315
P00736185LZ-CW1,2023,river_structure,14700000.0,120.98746,18.57307
P00620061LZ-CW1,2022,river_structure,69116317.98,120.97098,14.61709
P00620067LZ-CW1,2022,drainage,77169300.35,120.987501,14.57092
P00824613LZ-CW1,2024,river_structure,24499058.29,120.987829,14.594613
P00824605LZ-CW1,2024,drainage,19169148.28,120.987928,14.644226
P00632836LZ-CW1,2022,drainage,7840925.62,121.004536,15.350849
P00823244LZ-CW1,2024,river_structure,144747306.07,120.977247,14.6082
P00742242LZ-CW1,2023,drainage,9666111.95,120.98797,14.644865
P00620432LZ-CW1,2022,river_structure,48999120.68,120.98801,14.598331
P00820585LZ-CW1,2024,drainage,9446337.32,120.9880289,14.69279113
P00620013LZ-CW1,2022,river_structure,90696775.43,120.988104,14.669449
P00742426LZ-CW1,2023,drainage,3457587.29,120.98813,14.41714
P00736186LZ-CW1,2023,river_structure,14700000.0,121.01483,18.54417
P00620100LZ-CW1,2022,river_structure,96467251.95,120.98815,14.5943
P00620426LZ-CW1,2022,river_structure,39892353.69,120.9882,14.5984
P00725496LZ-CW1,2023,river_structure,38542194.45,120.99461,14.600263
P00620225LZ-CW1,2022,river_structure,96486466.78,121.04898,14.31831
P00823239LZ-CW1,2024,river_structure,96496919.11,120.97098,14.617897
P00845936LZ-CW1,2024,river_structure,4874771.71,120.988205,18.563645
P00845782LZ-CW1,2024,river_structure,98912408.09,120.988277,14.840463
P00726037LZ-CW1,2023,slope_protection,29399474.44,120.988287,14.544405
P00620077LZ-CW1,2022,river_structure,96500000.0,120.988463,14.483975
P00823249LZ-CW1,2024,river_structure,76149978.47,120.988483,14.594054
P00620369LZ-CW1,2022,drainage,24491160.45,120.98857,14.48913
P00839582LZ-CW1,2024,river_structure,49496490.33,120.988578,14.840722
P00737396LZ-CW1,2023,drainage,13856409.32,120.988585,14.48918
P00727011LZ-CW1,2023,river_structure,39180318.0,120.988669,14.497113
P00725548LZ-CW1,2023,river_structure,67548419.47,120.98874,14.474089
P00621537LZ-CW1,2022,river_structure,48998090.48,120.98884,14.82655
P00620395LZ-CW1,2022,river_structure,19029943.69,120.988841,14.680041
P00223240LZ-CW1,2018,river_structure,52442670.04,120.98888,12.43518
P00839583LZ-CW1,2024,river_structure,49495385.93,120.98896,14.842428
P00620904LZ-CW1,2022,river_structure,48999843.4,120.98900563175,14.482936398869
P00737466LZ-CW1,2023,drainage,5927984.05,120.98922,14.80267
P00742337LZ-CW1,2023,river_structure,98995000.0,120.989415,15.674794
P00726764LZ-CW1,2023,river_structure,44927793.73,120.98944,12.43658
P00742110LZ-CW1,2023,river_structure,98997516.14,120.989465,14.502652
P00839538LZ-CW1,2024,slope_protection,19572165.42,120.989495,14.545141
P00725563LZ-CW1,2023,river_structure,75879939.88,120.989522,14.700901
P00525799LZ-CW1,2021,drainage,19149003.85,120.98966,14.65781
P00726815LZ-CW1,2023,river_structure,57900000.0,120.989695,14.500507
P00820824LZ-CW1,2024,river_structure,47520712.83,120.989697,14.843909
P00620094LZ-CW1,2022,river_structure,65691762.9,120.98978,14.5933
P00620099LZ-CW1,2022,river_structure,91669837.5,120.98978,14.59333
P00620096LZ-CW1,2022,river_structure,89014172.0,120.98978,14.59333
P00621277LZ-CW1,2022,river_structure,61485086.19,120.98979,15.2217
P00561612LZ-CW1,2021,drainage,9900000.0,120.989911,14.4973548
P00843171LZ-CW1,2024,drainage,4821756.02,120.9899288,14.4945698
P00620905LZ-CW1,2022,river_structure,48996127.94,120.990021660532,14.4525566748071
P00726816LZ-CW1,2023,river_structure,77199892.17,120.990093,14.502039
P00561467LZ-CW1,2021,river_structure,94052821.99,120.990179,14.746173
P00820063LZ-CW1,2024,drainage,94183044.21,120.990219,14.648562
P00725912LZ-CW1,2023,river_structure,48998566.62,120.990362,14.454667
P00620017LZ-CW1,2022,drainage,96474444.67,120.990366,14.62242
P00620068LZ-CW1,2022,drainage,51209204.28,120.990404,14.572446
P00845867LZ-CW1,2024,drainage,4949123.97,120.9904089,14.4959328
P00620424LZ-CW1,2022,river_structure,44914073.11,120.9906,14.5976
P00920012LZ-CW1,2025,river_structure,94675499.87,120.990623,14.597053
P00620002LZ-CW1,2022,river_structure,79252428.01,120.9907,14.598048
P00639340LZ-CW1,2022,river_structure,96498941.25,120.9907,15.22528
P00823446LZ-CW1,2024,river_structure,47877326.45,120.990996,15.682667
P00620109LZ-CW1,2022,river_structure,96500000.0,120.99103,14.505117
P00620088LZ-CW1,2022,drainage,64455785.31,120.991085,14.545393
P00726600LZ-CW1,2023,river_structure,96496274.13,120.9911,12.52628
P00823448LZ-CW1,2024,river_structure,47758280.53,120.991113,15.68111
P00725505LZ-CW1,2023,river_structure,93353753.52,120.991165,14.599591
P00737399LZ-CW1,2023,drainage,14517055.98,120.991215,14.643794
P00621410LZ-CW1,2022,river_structure,48781885.7,120.99134,14.59985
P00620098LZ-CW1,2022,river_structure,90964722.8,120.991441,14.60012
P00620095LZ-CW1,2022,river_structure,89288429.57,120.991441,14.60012
P00726007LZ-CW1,2023,river_structure,34724638.04,120.991457,14.600339
P00823447LZ-CW1,2024,river_structure,47767457.52,120.991497,15.686028
P00631033LZ-CW1,2022,drainage,8650547.65,120.991694,14.716987
P00726817LZ-CW1,2023,river_structure,77194055.8,120.991701,14.502079
P00727298LZ-CW1,2023,river_structure,94475987.07,120.99179,15.36618
P00821230LZ-CW1,2024,river_structure,96498717.18,120.99190465,15.02739012
P00726659LZ-CW1,2023,river_structure,29400000.0,120.99194,17.06
P00844683LZ-CW1,2024,drainage,28396675.51,120.992139,14.607041
P00620065LZ-CW1,2022,drainage,88388729.18,120.992246,14.596615
P00620368LZ-CW1,2022,river_structure,48995853.71,120.992266,14.4887109
P00726008LZ-CW1,2023,river_structure,34233809.58,120.992643,14.600613
P00725914LZ-CW1,2023,river_structure,48994961.38,120.99269682253,14.4828264234932
P00421301LZ-CW1,2020,river_structure,96500000.0,120.992754,14.531511
P00820567LZ-CW1,2024,river_structure,48606719.37,120.99276,14.48982
P00525828LZ-CW1,2021,river_structure,46793689.84,120.9927887,14.6018905
P00844682LZ-CW1,2024,drainage,28729795.19,120.992821,14.607466
P00637043LZ-CW1,2022,drainage,7193608.46,120.992957,14.651269
P00726795LZ-CW1,2023,river_structure,48240996.26,120.993116,14.570709
P00839527LZ-CW1,2024,drainage,4869448.78,120.993197,14.659614
P00726818LZ-CW1,2023,river_structure,67543629.01,120.993277,14.501826
P00726571LZ-CW1,2023,river_structure,96499372.38,120.99357,14.28559
P00820619LZ-CW1,2024,drainage,29396831.65,120.99371,14.610427
P00737393LZ-CW1,2023,drainage,5940000.0,120.993727,14.52062
P00639341LZ-CW1,2022,river_structure,96496520.01,120.99379,15.22713
P00820016LZ-CW1,2024,river_structure,89163791.72,120.993859,14.546143
P00726819LZ-CW1,2023,river_structure,67549911.44,120.99405,14.500777
P00637033LZ-CW1,2022,drainage,4899836.7,120.994065024495,14.41824244042
P00820060LZ-CW1,2024,river_structure,96490182.48,120.994071,14.581097
P00631007LZ-CW1,2022,drainage,18619999.97,120.994109861034,14.4444035800821
P00620912LZ-CW1,2022,river_structure,48998963.41,120.99413995103,14.4523452232845
P00941129LZ-CW1,2025,drainage,4798989.63,120.994234,14.608914
P00740279LZ-CW1,2023,river_structure,47875326.9,120.994238,14.613187
P00620027LZ-CW1,2022,river_structure,95715093.42,120.994319,14.477533
P00820072LZ-CW1,2024,other,88345999.39,120.9943303,14.6137013
P00725724LZ-CW1,2023,river_structure,96496572.72,121.03713,14.83378
P00620224LZ-CW1,2022,river_structure,86833934.73,121.04902,14.31815
P00631221LZ-CW1,2022,river_structure,44098986.56,121.03722,14.83222
P00726775LZ-CW1,2023,river_structure,94814590.39,120.971004,14.61529
P00844681LZ-CW1,2024,drainage,9625479.55,121.014831381282,14.7349131786108
P00620059LZ-CW1,2022,river_structure,96494451.74,120.994643,14.615507
P00742183LZ-CW1,2023,river_structure,98973782.96,120.97731,14.41875
P00726777LZ-CW1,2023,river_structure,71687670.79,120.971066,14.614328
P00525761LZ-CW1,2021,drainage,19593918.94,121.0045572,14.4705555
P00726012LZ-CW1,2023,river_structure,19000000.0,121.014939,14.632451
P00637046LZ-CW1,2022,river_structure,9540007.71,120.977326,14.713194
P00725825LZ-CW1,2023,river_structure,96447141.02,121.0372389,14.25645556
P00821578LZ-CW1,2024,river_structure,48999846.44,121.049036,14.904758
P00726725LZ-CW1,2023,river_structure,48996528.42,120.956464,14.723433
P00820017LZ-CW1,2024,river_structure,89077443.18,120.994948,14.54649
P00845999LZ-CW1,2024,drainage,4873904.4,120.95647,15.48035
P00525817LZ-CW1,2021,river_structure,19567913.35,120.977375,14.63559
P00820011LZ-CW1,2024,drainage,85548671.84,121.015044,14.5957506
P00525756LZ-CW1,2021,river_structure,29397313.67,121.0372755,14.4704315
P00620389LZ-CW1,2022,drainage,17640000.0,121.049123,14.562744
P00824616LZ-CW1,2024,drainage,19598545.53,121.0373,14.684905
P00726778LZ-CW1,2023,river_structure,70540676.21,120.971066,14.614328
P00620895LZ-CW1,2022,slope_protection,94569855.64,120.95648,14.32845
P00820620LZ-CW1,2024,drainage,48968908.87,120.977523,14.631261
P00726035LZ-CW1,2023,river_structure,38253120.32,121.004675,14.58195
P00640511LZ-CW1,2022,river_structure,34138606.28,121.01526,16.25033
P00526324LZ-CW1,2021,river_structure,53637052.73,120.95659,14.32515
P00726781LZ-CW1,2023,river_structure,72357606.57,120.971066,14.614328
P00820595LZ-CW1,2024,river_structure,14401100.63,120.995217,14.679278
P00620032LZ-CW1,2022,river_structure,64579690.5,121.00478,14.5986
P00823258LZ-CW1,2024,river_structure,77199937.29,121.015263,14.656569
P00821580LZ-CW1,2024,river_structure,48249967.72,121.049416,14.919695
P00621406LZ-CW1,2022,slope_protection,18619991.16,121.0374167,14.60647222
P00639377LZ-CW1,2022,slope_protection,96499256.16,120.9776,14.4271
P00725818LZ-CW1,2023,river_structure,77199993.66,121.0375611,14.34291944
P00620373LZ-CW1,2022,drainage,19600000.0,121.04962,14.562421
P00726782LZ-CW1,2023,river_structure,71406713.83,120.971066,14.614328
P00637761LZ-CW1,2022,drainage,7902183.52,121.04979,14.61845
P00845872LZ-CW1,2024,drainage,49499821.11,120.977668,14.632915
P00525720LZ-CW1,2021,river_structure,46495969.51,121.03771,14.6061459
P00631019LZ-CW1,2022,drainage,49000000.0,120.956611,14.660388
P00525754LZ-CW1,2021,river_structure,19594378.86,121.0153588,14.4956991
P00823444LZ-CW1,2024,river_structure,47767490.75,121.004811,15.773156
P00620038LZ-CW1,2022,river_structure,85780689.36,121.015865,14.530996
P00820583LZ-CW1,2024,drainage,9454950.64,120.9954057,14.69327042
P00320509LZ-CW1,2019,drainage,13106844.5,121.037711,14.473656
P00725512LZ-CW1,2023,river_structure,53069305.41,121.00495,14.527973
P00631024LZ-CW1,2022,river_structure,19597223.14,120.957136,14.635665
P00620408LZ-CW1,2022,river_structure,23682211.61,120.995419,14.695862
P00727017LZ-CW1,2023,drainage,28732995.01,120.977676,14.638244
P00824620LZ-CW1,2024,drainage,38768477.84,121.03781,14.684876
P00725533LZ-CW1,2023,river_structure,82023005.37,121.015903,14.471773
P00838344LZ-CW1,2024,river_structure,96499408.89,120.995471,14.879085
P00620160LZ-CW1,2022,river_structure,95512137.72,120.95756,14.74478
P00839525LZ-CW1,2024,drainage,4875644.24,121.005065,14.673444
P00740281LZ-CW1,2023,river_structure,96445697.36,120.97117,14.608809
P00637036LZ-CW1,2022,drainage,14694920.46,120.9712435777,14.4581099345644
P00727118LZ-CW1,2023,river_structure,48987038.54,121.0498613,16.3626458
P00740511LZ-CW1,2023,drainage,48361055.97,120.995476,14.570896
P00726776LZ-CW1,2023,river_structure,96495792.9,120.971248,14.612135
P00637754LZ-CW1,2022,river_structure,49174889.46,121.049909,14.445863
P00631028LZ-CW1,2022,river_structure,9800000.0,121.0050866,14.4764421
P00839528LZ-CW1,2024,drainage,4898821.31,120.97776,14.624966
P00726030LZ-CW1,2023,drainage,42208516.89,121.016014,14.619431
P00620150LZ-CW1,2022,river_structure,54875263.09,120.95757,15.033
P00525755LZ-CW1,2021,river_structure,17626280.0,121.0378515,14.4706334
P00742309LZ-CW1,2023,river_structure,98041656.51,120.97805,16.33472
P00820654LZ-CW1,2024,river_structure,29399712.44,121.005125,14.592154
P00726779LZ-CW1,2023,river_structure,95763985.11,120.971248,14.612135
P00632880LZ-CW1,2022,drainage,9899912.64,121.05001,14.30987
P00726000LZ-CW1,2023,river_structure,7837953.97,120.99556,14.6094
P00620907LZ-CW1,2022,river_structure,48993812.8,121.016271376961,14.4346936925017
P00736170LZ-CW1,2023,river_structure,48993565.33,121.050161,14.7257
P00726780LZ-CW1,2023,river_structure,94327118.63,120.971248,14.612135
P00824625LZ-CW1,2024,drainage,19395974.55,121.00526,14.66377
P00620879LZ-CW1,2022,river_structure,82906844.73,120.97819,14.23292
P00620581LZ-CW1,2022,river_structure,48999129.12,121.038,14.29202
P00620522LZ-CW1,2022,river_structure,19599471.16,120.95769,14.73733
P00823236LZ-CW1,2024,other,96498773.68,120.97137,14.61079
P00726036LZ-CW1,2023,drainage,24070866.51,121.005261,14.532832
P00640483LZ-CW1,2022,river_structure,48994199.14,121.038037,14.400693
P00726798LZ-CW1,2023,river_structure,74700405.94,120.99578,14.59896
P00726519LZ-CW1,2023,river_structure,57899987.23,121.050322,14.908375
P00839517LZ-CW1,2024,river_structure,9899803.02,120.9578,14.64594
P00620115LZ-CW1,2022,river_structure,50683750.77,120.978425,14.634147
P00223373LZ-CW1,2018,river_structure,47088811.23,121.01635,12.632189
P00820022LZ-CW1,2024,river_structure,113128305.86,120.978545,14.634218
P00726801LZ-CW1,2023,river_structure,71910972.99,120.9714,14.60221
P00631029LZ-CW1,2022,river_structure,14696791.82,121.0052707,14.4763213
P00525792LZ-CW1,2021,river_structure,47802379.15,121.03814,14.75585
P00839584LZ-CW1,2024,drainage,9792146.27,120.9786111,15.4855556
P00740286LZ-CW1,2023,river_structure,70385575.94,120.9714,14.60221
P00737395LZ-CW1,2023,drainage,5047645.32,121.01649136278,14.47606747282
P00736174LZ-CW1,2023,river_structure,48990596.0,121.038219,14.702761
P00620112LZ-CW1,2022,drainage,55672291.67,120.97865,14.60562
P00621407LZ-CW1,2022,river_structure,19025387.56,121.005354,14.708497
P00620186LZ-CW1,2022,slope_protection,92676125.88,121.03829,14.83393
P00621008LZ-CW1,2022,river_structure,29400000.0,120.9787,17.08631
P00823252LZ-CW1,2024,river_structure,67549086.8,120.978803,14.619932
P00742172LZ-CW1,2023,slope_protection,98998997.47,120.97893,14.21346
P00726505LZ-CW1,2023,river_structure,67549932.15,120.978938,14.740671
P00726502LZ-CW1,2023,river_structure,39564412.44,120.978964,14.740664
P00525632LZ-CW1,2021,river_structure,244114309.46,120.979,14.393
P00620188LZ-CW1,2022,river_structure,95510324.84,120.97907,14.72465
P00525757LZ-CW1,2021,river_structure,19599792.93,121.0164968,14.4932217
P00726802LZ-CW1,2023,river_structure,72325692.28,120.9714,14.60221
P00639376LZ-CW1,2022,slope_protection,96427547.43,120.97913,14.42168
P00742177LZ-CW1,2023,river_structure,71248261.56,120.97918,14.39275
P00742171LZ-CW1,2023,slope_protection,98999358.76,120.97926,14.21623
P00726414LZ-CW1,2023,river_structure,77200000.0,120.9793,17.08912
P00922881LZ-CW1,2025,river_structure,37962740.47,120.979339,14.599387
P00727378LZ-CW1,2023,river_structure,45077987.54,120.97935,12.4344
P00838472LZ-CW1,2024,drainage,23958667.09,120.979359,14.648936
P00525635LZ-CW1,2021,river_structure,48227677.8,120.97936,14.4215
P00823469LZ-CW1,2024,river_structure,28660843.38,120.979615,15.663803
P00848620LZ-CW1,2024,river_structure,73507517.6,120.979615,15.663863
P00820089LZ-CW1,2024,river_structure,138756596.96,120.979673,14.599064
P00740398LZ-CW1,2023,drainage,3860000.0,120.9797,13.845
P00742331LZ-CW1,2023,slope_protection,4945644.73,120.9798,14.8235
P00620433LZ-CW1,2022,river_structure,48999081.39,120.97991,14.59866
P00823275LZ-CW1,2024,river_structure,144457367.31,120.979982,14.597828
P00637081LZ-CW1,2022,slope_protection,29398431.92,120.98039,14.29059
P00620423LZ-CW1,2022,river_structure,46917446.49,120.980663,14.597681
P00725503LZ-CW1,2023,river_structure,86849835.87,120.980903,14.63349
P00725765LZ-CW1,2023,river_structure,96492780.49,120.98094,14.21964
P00727041LZ-CW1,2023,river_structure,24412468.58,120.981021,14.588542
P00820213LZ-CW1,2024,river_structure,85943604.24,120.981414,14.86196
P00742179LZ-CW1,2023,river_structure,56428250.88,120.98158,14.38336
P00637035LZ-CW1,2022,drainage,9797660.46,120.981833234765,14.4806354396185
P00725764LZ-CW1,2023,river_structure,96493672.63,120.98217,14.22173
P00823443LZ-CW1,2024,river_structure,141840512.31,120.982454,15.364665
P00421959LZ-CW1,2020,river_structure,34690916.94,120.98247,12.52112
P00621276LZ-CW1,2022,river_structure,48248408.12,120.98255,15.21633
P00735975LZ-CW1,2023,river_structure,82024947.3,120.982592833827,15.1463160698489
P00727393LZ-CW1,2023,river_structure,96499303.4,120.982592833827,15.1463160698489
P00727384LZ-CW1,2023,river_structure,96496468.6,120.982592833827,15.1463160698489
P00727385LZ-CW1,2023,river_structure,96499361.4,120.982592833827,15.1463160698489
P00727397LZ-CW1,2023,river_structure,86848708.72,120.982593,15.146316
P00727396LZ-CW1,2023,river_structure,91674157.28,120.982593,15.146316
P00824612LZ-CW1,2024,drainage,26216676.55,120.982824,14.605139
P00820176LZ-CW1,2024,river_structure,88355138.92,120.983022,14.859167
P00727400LZ-CW1,2023,river_structure,96499188.38,120.983109,15.026971
P00820175LZ-CW1,2024,river_structure,88353631.42,120.983324,14.857261
P00725865LZ-CW1,2023,river_structure,96496890.26,120.9834,12.5219
P00725763LZ-CW1,2023,river_structure,96495469.47,120.9835,14.2237
P00726503LZ-CW1,2023,river_structure,39564000.0,120.983518,14.744584
P00737398LZ-CW1,2023,drainage,24190409.16,120.983626,14.648762
P00820174LZ-CW1,2024,river_structure,88355337.98,120.983649,14.853822
P00823478LZ-CW1,2024,river_structure,61825399.21,120.983977,14.864158
P00620394LZ-CW1,2022,river_structure,14239655.66,120.98405,14.69916
P00621409LZ-CW1,2022,river_structure,19028179.35,120.984284,14.670416
P00621408LZ-CW1,2022,river_structure,44640333.82,120.984284,14.670416
P00639491LZ-CW1,2022,drainage,4899921.0,120.98452,14.21803
P00742218LZ-CW1,2023,river_structure,7916292.51,120.984597,14.669715
P00637034LZ-CW1,2022,drainage,29398998.82,120.984638162534,14.4845591571706
P00737469LZ-CW1,2023,river_structure,5791378.53,120.985,15.4736
P00920054LZ-CW1,2025,river_structure,47322508.07,120.985038,14.603366
P00526382LZ-CW1,2021,river_structure,49000000.0,120.985047,17.074577
P00820615LZ-CW1,2024,river_structure,38367629.52,120.9850693,14.7046493
P00736016LZ-CW1,2023,river_structure,96499956.2,120.985082003253,15.2168076775449
P00736017LZ-CW1,2023,river_structure,96499983.6,120.985082003253,15.2168076775449
P00740290LZ-CW1,2023,river_structure,72373998.71,120.985083,14.597973
P00726800LZ-CW1,2023,river_structure,70586825.43,120.985083,14.597973
P00726799LZ-CW1,2023,river_structure,72374712.09,120.985083,14.597973
P00620066LZ-CW1,2022,drainage,77065181.98,120.985235,14.569792
P00736024LZ-CW1,2023,river_structure,96499962.16,120.98529,14.22667
P00620392LZ-CW1,2022,river_structure,18989004.18,120.985368,14.686636
P00726570LZ-CW1,2023,river_structure,96499032.96,120.98543,14.22989
P00820087LZ-CW1,2024,river_structure,144717637.93,120.98562,14.597036
P00820088LZ-CW1,2024,river_structure,142902794.29,120.98562,14.597036
P00725997LZ-CW1,2023,river_structure,33678257.09,120.98576,14.59613
P00725495LZ-CW1,2023,river_structure,47375366.03,120.98578,14.59536
P00742427LZ-CW1,2023,slope_protection,49499413.18,120.98591,14.23422
P00821041LZ-CW1,2024,river_structure,96395127.6,120.985989,14.479804
P00631010LZ-CW1,2022,drainage,9799014.24,120.986440370135,14.4638236605567
P00845783LZ-CW1,2024,river_structure,98916463.13,120.986514,14.843209
P00620908LZ-CW1,2022,river_structure,48997928.47,120.986618264532,14.4729759833953
P00742299LZ-CW1,2023,slope_protection,14542977.58,120.986678,18.556702
P00639492LZ-CW1,2022,drainage,4899931.63,120.98682,14.2399
P00920053LZ-CW1,2025,river_structure,47318052.55,120.98691,14.605061
P00421954LZ-CW1,2020,river_structure,48999488.98,120.98694,12.43611
P00620454LZ-CW1,2022,drainage,19235550.06,120.987041,14.593894
P00737401LZ-CW1,2023,drainage,19793655.7,120.987101,14.593904
P00621036LZ-CW1,2022,river_structure,14356020.0,120.987187,18.566384
P00726766LZ-CW1,2023,river_structure,44848347.79,121.00539,12.622526
P00740291LZ-CW1,2023,river_structure,70920836.76,120.9714,14.60221
P00620926LZ-CW1,2022,river_structure,48019939.82,121.016582,14.653271
P00620927LZ-CW1,2022,river_structure,46581350.46,121.016588,14.653262
P00742241LZ-CW1,2023,drainage,5048995.64,121.005402,14.510692
P00632694LZ-CW1,2022,drainage,69291965.57,121.0166,14.57517
P00740285LZ-CW1,2023,river_structure,70521409.22,120.9714,14.60221
P00727026LZ-CW1,2023,river_structure,39158630.18,121.016629,14.589078
P00525758LZ-CW1,2021,river_structure,19598319.74,121.0383829,14.4705772
P00726171LZ-CW1,2023,river_structure,48995000.0,121.00557,15.724858
P00620020LZ-CW1,2022,drainage,72364843.39,121.016649,14.575138
P00740283LZ-CW1,2023,river_structure,72291429.13,120.9714,14.60221
P00820570LZ-CW1,2024,river_structure,32931552.36,121.00561,14.49743
P00821581LZ-CW1,2024,river_structure,48249073.18,121.016688,14.94652
P00740284LZ-CW1,2023,river_structure,70404227.68,120.9714,14.60221
P00844687LZ-CW1,2024,drainage,9799570.63,121.03848,14.68557
P00820659LZ-CW1,2024,river_structure,39197819.94,121.005614,14.590871
P00845868LZ-CW1,2024,drainage,98998433.15,120.971493,14.606775
P00640486LZ-CW1,2022,river_structure,4950000.0,121.0166979,14.4761415
P00620440LZ-CW1,2022,river_structure,42777000.0,121.038497,14.666024
P00620014LZ-CW1,2022,slope_protection,52318093.71,121.00585,14.532382
P00737514LZ-CW1,2023,drainage,4949896.9,120.9715,14.21525
P00631222LZ-CW1,2022,river_structure,18338920.48,121.01693,14.94541
P00725970LZ-CW1,2023,drainage,33505657.17,121.038742,14.603652
P00727377LZ-CW1,2023,river_structure,45079355.23,121.016952,12.455342
P00820662LZ-CW1,2024,river_structure,24492317.29,121.005998,14.593282
P00844746LZ-CW1,2024,river_structure,48998501.05,120.971512,14.816723
P00820597LZ-CW1,2024,river_structure,47975930.1,121.038962,14.754276
P00740282LZ-CW1,2023,river_structure,94942061.84,120.971535,14.609901
P00620037LZ-CW1,2022,river_structure,87811870.7,121.017191,14.530208
P00726170LZ-CW1,2023,river_structure,48999995.55,121.017617,15.809462
P00820010LZ-CW1,2024,drainage,67202179.61,121.00619,14.59893
P00620379LZ-CW1,2022,drainage,11171751.54,121.039167,14.56285
P00740298LZ-CW1,2023,river_structure,96198358.4,120.971545,14.609733
P00525836LZ-CW1,2021,slope_protection,27189705.07,121.017968,14.635036
P00820598LZ-CW1,2024,river_structure,47951831.23,121.006615,14.72693
P00725519LZ-CW1,2023,river_structure,59589301.21,121.039246,14.597447
P00725824LZ-CW1,2023,river_structure,96489102.22,121.0393944,14.27045556
P00740295LZ-CW1,2023,river_structure,96411549.07,120.971545,14.609733
P00820571LZ-CW1,2024,river_structure,29394774.79,121.018133,14.49289
P00620910LZ-CW1,2022,river_structure,48991818.78,121.006989091584,14.4285459249272
P00740299LZ-CW1,2023,river_structure,94729146.04,120.971545,14.609733
P00621130LZ-CW1,2022,river_structure,96496182.97,121.0070547,14.4697455
P00620585LZ-CW1,2022,river_structure,43345890.0,121.01847,14.33879
P00637041LZ-CW1,2022,river_structure,24499855.4,121.0187807,14.4929107
P00620110LZ-CW1,2022,slope_protection,57863665.29,121.007079,14.531809
P00823473LZ-CW1,2024,river_structure,47762663.9,120.971618,15.590727
P00525480LZ-CW1,2021,river_structure,72368946.37,121.018842,14.578061
P00726038LZ-CW1,2023,slope_protection,23908375.76,121.007079,14.531809
P00820891LZ-CW1,2024,river_structure,11709794.19,121.0395528,14.32396111
P00620537LZ-CW1,2022,river_structure,49000000.0,120.972031,15.662598
P00726501LZ-CW1,2023,river_structure,96492940.3,121.018875,14.961247
P00843174LZ-CW1,2024,river_structure,96400267.28,121.01908,14.529232
P00561203LZ-CW1,2021,drainage,69300000.0,121.007255,14.557727
P00620445LZ-CW1,2022,river_structure,19013963.0,121.019095,14.651891
P00620399LZ-CW1,2022,river_structure,43670120.16,121.039643,14.729752
P00639351LZ-CW1,2022,slope_protection,57899074.35,120.972112,14.798695
P00726596LZ-CW1,2023,river_structure,49213204.69,121.019278,12.561343
P00630955LZ-CW1,2022,river_structure,130274621.48,121.040083342313,12.5682881980067
P00637758LZ-CW1,2022,river_structure,48019963.25,121.040133,14.567191
P00725528LZ-CW1,2023,river_structure,66566424.62,121.0402,14.5667
P00820049LZ-CW1,2024,river_structure,48021877.09,121.040249,14.567462
P00631044LZ-CW1,2022,drainage,14259000.0,121.040268,14.657789
P00726789LZ-CW1,2023,river_structure,44096995.9,121.04028,14.596068
P00630925LZ-CW1,2022,river_structure,73477621.25,121.040407331178,14.7168957938979
P00620402LZ-CW1,2022,river_structure,28752819.36,121.00734,14.72675
P00823262LZ-CW1,2024,river_structure,48889975.99,121.040763,14.563617
P00839537LZ-CW1,2024,drainage,29681398.6,121.041009,14.630642
P00725546LZ-CW1,2023,river_structure,68514284.13,121.041068,14.770857
P00725530LZ-CW1,2023,river_structure,58565217.84,121.04109,14.56475
P00727165LZ-CW1,2023,river_structure,28606212.0,121.0411472,14.35707778
P00620162LZ-CW1,2022,river_structure,94174761.35,121.04118,14.78445
P00820573LZ-CW1,2024,drainage,18655280.0,121.0412435,14.500471
P00725529LZ-CW1,2023,river_structure,66584998.99,121.04127,14.56602
P00726788LZ-CW1,2023,river_structure,91675968.42,121.041283,14.601964
P00735955LZ-CW1,2023,river_structure,79754179.55,121.041682,14.769825
P00620358LZ-CW1,2022,drainage,27918834.88,121.041893,14.581717
P00820041LZ-CW1,2024,river_structure,85027887.13,121.042023,14.768981
P00620166LZ-CW1,2022,river_structure,94554016.97,121.04227,14.83059
P00620170LZ-CW1,2022,river_structure,94070857.03,121.04233,14.8302
P00725554LZ-CW1,2023,river_structure,89748679.99,121.042398,14.74536
P00639493LZ-CW1,2022,river_structure,34278213.8,121.04253,14.27484
P00639494LZ-CW1,2022,river_structure,29377630.73,121.04279,14.27618
P00725823LZ-CW1,2023,river_structure,96496542.37,121.0427917,14.2746672
P00820027LZ-CW1,2024,river_structure,143273224.75,121.042942,14.713253
P00736166LZ-CW1,2023,drainage,24003340.64,121.043,14.767243
P00820625LZ-CW1,2024,river_structure,48416798.62,121.043021,14.713276
P00844750LZ-CW1,2024,river_structure,19303548.04,121.043275,14.808045
P00725555LZ-CW1,2023,river_structure,89183418.68,121.043383,14.769825
P00632713LZ-CW1,2022,drainage,9815215.1,121.043454,14.559971
P00620385LZ-CW1,2022,drainage,4880675.03,121.043509,14.560545
P00821048LZ-CW1,2024,slope_protection,94550181.71,121.0436,14.5824
P00631223LZ-CW1,2022,river_structure,43434599.76,121.04361,14.93861
P00620387LZ-CW1,2022,drainage,24491201.47,121.04374,14.561244
P00725544LZ-CW1,2023,river_structure,85195339.66,121.043923,14.75076
P00640454LZ-CW1,2022,river_structure,93081552.75,121.04407,14.76982
P00820560LZ-CW1,2024,slope_protection,47992147.31,121.044073,14.581363
P00820561LZ-CW1,2024,slope_protection,47992369.6,121.044137,14.581113
P00620405LZ-CW1,2022,river_structure,19187780.22,121.044253,14.742822
P00725663LZ-CW1,2023,river_structure,96499461.23,121.04444,16.25805
P00727115LZ-CW1,2023,river_structure,29123404.28,121.04472,16.25944
P00632881LZ-CW1,2022,drainage,7919708.15,121.04473,14.30486
P00525776LZ-CW1,2021,river_structure,18915960.0,121.045025,14.465412
P00839580LZ-CW1,2024,drainage,4865139.76,121.045084,14.905472
P00525625LZ-CW1,2021,river_structure,77199998.22,121.04527,14.30327
P00845832LZ-CW1,2024,river_structure,69298609.16,121.04547,14.303515
P00742429LZ-CW1,2023,slope_protection,89092693.05,121.04553,14.30355
P00620903LZ-CW1,2022,river_structure,42618812.95,121.045604482115,14.3880156389598
P00561206LZ-CW1,2021,drainage,9893831.88,121.045746,14.419132
P00725716LZ-CW1,2023,river_structure,96498963.65,121.04584,14.81692
P00725918LZ-CW1,2023,river_structure,48989140.74,121.046125,14.42629
P00561615LZ-CW1,2021,drainage,7914730.27,121.0462,14.6201
P00620223LZ-CW1,2022,river_structure,96498600.2,121.04633,14.28144
P00631042LZ-CW1,2022,river_structure,14259000.0,121.046344293262,14.6653183337459
P00725666LZ-CW1,2023,river_structure,48239429.45,121.04638,16.25527
P00737524LZ-CW1,2023,slope_protection,9899592.24,121.046579,14.228413
P00736171LZ-CW1,2023,river_structure,48996288.55,121.04672,14.722993
P00742248LZ-CW1,2023,river_structure,49499890.92,121.04672,14.722993
P00637027LZ-CW1,2022,river_structure,96496179.81,121.047,14.78669
P00620388LZ-CW1,2022,drainage,29400000.0,121.047081,14.555969
P00632701LZ-CW1,2022,drainage,14698980.22,121.047138822051,14.3990005594718
P00637755LZ-CW1,2022,drainage,18120439.12,121.047525196599,14.3989301087181
P00526268LZ-CW1,2021,river_structure,92692943.8,121.04757,18.25091
P00725550LZ-CW1,2023,river_structure,81889353.83,121.047597,14.427167
P00736172LZ-CW1,2023,river_structure,29399256.06,121.047957,14.70269
P00821582LZ-CW1,2024,river_structure,48249967.43,121.048045,14.921073
P00631039LZ-CW1,2022,river_structure,19006235.0,121.048193753806,14.6749859878951
P00620397LZ-CW1,2022,river_structure,43668317.29,121.048287,14.767321
P00725719LZ-CW1,2023,river_structure,96497614.18,121.048346,14.815157
P00725723LZ-CW1,2023,river_structure,96493479.41,121.048346,14.8434
P00726019LZ-CW1,2023,river_structure,48998190.05,121.048362,14.679132
P00820602LZ-CW1,2024,river_structure,28873493.58,121.048698,14.76465
P00820230LZ-CW1,2024,river_structure,96495776.49,121.048706,14.814932
P00824615LZ-CW1,2024,drainage,11759532.63,121.00738,14.67191
P00726992LZ-CW1,2023,river_structure,23274381.97,120.957806,14.646014
P00823483LZ-CW1,2024,river_structure,43424968.82,121.050345,14.90898
P00561773LZ-CW1,2021,river_structure,39456327.49,121.0192861,14.35291389
P00620914LZ-CW1,2022,river_structure,9794372.22,121.050393,14.445445
P00561596LZ-CW1,2021,river_structure,98990072.01,120.99584,14.40521
P00844676LZ-CW1,2024,river_structure,29365844.46,121.02515,14.452595
P00631008LZ-CW1,2022,drainage,9309688.71,121.007521485251,14.4365890589711
P00620449LZ-CW1,2022,river_structure,43077774.26,121.019305,14.61849
P00838343LZ-CW1,2024,river_structure,96499990.88,120.99585,14.875938
P00561749LZ-CW1,2021,river_structure,2970000.0,121.0504028,13.79452222
P00727027LZ-CW1,2023,river_structure,48999399.5,121.019328,14.590783
P00737402LZ-CW1,2023,drainage,4947371.32,120.972442,14.622964
P00726726LZ-CW1,2023,river_structure,48997172.39,120.957877,14.72193
P00727096LZ-CW1,2023,river_structure,32009050.0,120.97251,16.63542
P00820202LZ-CW1,2024,river_structure,96495673.58,121.050434,14.809995
P00820790LZ-CW1,2024,river_structure,49000000.0,121.0252,16.3695
P00820018LZ-CW1,2024,river_structure,89071419.94,120.99594,14.546802
P00726169LZ-CW1,2023,river_structure,48016684.03,121.007698,15.734257
P00620450LZ-CW1,2022,river_structure,43119548.85,121.019381,14.618373
P00742174LZ-CW1,2023,river_structure,59390310.24,121.00792,14.3828
P00742247LZ-CW1,2023,river_structure,9701998.78,121.05052,14.67366
P00844677LZ-CW1,2024,river_structure,29399812.65,121.02523,14.45258
P00640460LZ-CW1,2022,river_structure,98999347.53,120.95815,14.46512
P00740575LZ-CW1,2023,river_structure,24269077.07,121.02527,16.28083
P00742438LZ-CW1,2023,drainage,4944333.6,121.0253,14.3311
P00620419LZ-CW1,2022,river_structure,48978202.54,120.972531,14.618699
P00637004LZ-CW1,2022,river_structure,23180635.76,121.019381,14.618373
P00742226LZ-CW1,2023,drainage,29699974.49,120.958151,14.655875
P00561525LZ-CW1,2021,river_structure,49000000.0,121.02549,16.36959
P00725978LZ-CW1,2023,river_structure,28901500.48,121.05053,14.766236
P00820582LZ-CW1,2024,drainage,9453521.74,120.99598,14.68915
P00742249LZ-CW1,2023,drainage,5791218.01,121.007928,14.538556
P00620451LZ-CW1,2022,river_structure,43100448.71,121.019617,14.618053
P00639490LZ-CW1,2022,drainage,4899933.27,120.95817,14.23999
P00820090LZ-CW1,2024,river_structure,144723988.91,120.97274,14.602906
P00726826LZ-CW1,2023,river_structure,96499846.05,121.0080381,14.4695384
P00843177LZ-CW1,2024,drainage,96393504.48,121.025556,14.521345
P00637002LZ-CW1,2022,river_structure,27810536.88,121.019617,14.618053
P00823482LZ-CW1,2024,river_structure,42525565.0,121.050572,14.910521
P00620057LZ-CW1,2022,slope_protection,67449782.47,120.996494,14.417619
P00820896LZ-CW1,2024,river_structure,28719279.7,121.050636,14.361519
P00843173LZ-CW1,2024,river_structure,96395644.88,121.019756,14.529059
P00823450LZ-CW1,2024,river_structure,47767474.68,121.008236,15.745072
P00820600LZ-CW1,2024,river_structure,28753954.6,121.025578,14.729974
P00726993LZ-CW1,2023,river_structure,23272181.36,120.958234,14.646395
P00823248LZ-CW1,2024,river_structure,144066590.09,120.97274,14.602906
P00843300LZ-CW1,2024,river_structure,75650574.13,120.95827,15.52194
P00726200LZ-CW1,2023,river_structure,41795040.0,121.050639,13.773691
P00621007LZ-CW1,2022,river_structure,15680000.0,121.00843,17.04699
P00843178LZ-CW1,2024,drainage,96399674.94,121.02617,14.520992
P00820576LZ-CW1,2024,drainage,19599817.96,121.008498,14.468584
P00639342LZ-CW1,2022,river_structure,96497418.82,120.99651,15.22809
P00637044LZ-CW1,2022,river_structure,8553377.26,120.958543,14.693461
P00920010LZ-CW1,2025,river_structure,94714433.36,120.97274,14.60288
P00525608LZ-CW1,2021,river_structure,64847873.01,121.0197917,15.23970556
P00620382LZ-CW1,2022,drainage,9728174.56,121.050724,14.56611
P00844678LZ-CW1,2024,river_structure,14673478.92,121.0198049,14.4721401
P00839536LZ-CW1,2024,drainage,29510680.05,121.026257,14.621177
P00742330LZ-CW1,2023,slope_protection,4875561.14,120.972785,14.772022
P00820019LZ-CW1,2024,river_structure,89057544.2,120.996894,14.54715
P00631052LZ-CW1,2022,river_structure,19012000.0,121.05087966796,14.7218125153201
P00620533LZ-CW1,2022,river_structure,48996854.09,121.008529,15.715708
P00839535LZ-CW1,2024,drainage,29698539.56,121.026257,14.633525
P00825240LZ-CW1,2024,river_structure,20168228.34,121.019806,15.338414
P00725979LZ-CW1,2023,river_structure,28944405.78,121.051002,14.766672
P00620529LZ-CW1,2022,river_structure,49000000.0,120.996931,15.686307
P00620520LZ-CW1,2022,river_structure,19132032.52,120.95874,14.73525
P00725542LZ-CW1,2023,river_structure,85034813.77,121.008605,14.740888
P00820538LZ-CW1,2024,drainage,4899439.91,120.958855,14.638244
P00823238LZ-CW1,2024,river_structure,144747913.69,120.972799,14.60063
P00725549LZ-CW1,2023,river_structure,82498128.05,120.996934,14.417282
P00525781LZ-CW1,2021,drainage,4821755.94,121.026456,14.731857
P00620452LZ-CW1,2022,river_structure,42860768.69,121.019873,14.67439
P00630926LZ-CW1,2022,river_structure,73288204.5,121.051098970939,14.7396718812558
P00820613LZ-CW1,2024,river_structure,14386264.93,120.997168,14.694575
P00525777LZ-CW1,2021,drainage,4786494.27,121.008623,14.675613
P00820825LZ-CW1,2024,river_structure,48994496.09,121.051163,14.807268
P00639403LZ-CW1,2022,drainage,1953912.61,120.958997,14.650815
P00726807LZ-CW1,2023,drainage,67542628.6,120.997215,14.607663
P00620922LZ-CW1,2022,river_structure,39200000.0,121.02678,14.4553729
P00637003LZ-CW1,2022,river_structure,27759373.96,121.019873,14.67439
P00561611LZ-CW1,2021,drainage,9900000.0,121.051248,14.562424
P00620911LZ-CW1,2022,river_structure,48990674.66,121.008643105926,14.4190572581093
P00843299LZ-CW1,2024,river_structure,71072250.0,120.95912,15.53427
P00726808LZ-CW1,2023,river_structure,54088655.12,120.997216,14.605152
P00823242LZ-CW1,2024,river_structure,144721297.16,120.972799,14.60063
P00742239LZ-CW1,2023,drainage,13963924.69,121.051369,14.511916
P00726521LZ-CW1,2023,river_structure,86849107.0,121.051452,14.907451
P00820566LZ-CW1,2024,river_structure,48996157.64,120.997317,14.500097
P00823254LZ-CW1,2024,slope_protection,96497829.67,120.959125,14.584875
P00823273LZ-CW1,2024,river_structure,20248040.3,121.0268,14.6254
P00725917LZ-CW1,2023,river_structure,48950838.22,121.051471,14.445616
P00620111LZ-CW1,2022,slope_protection,57893459.38,121.008725,14.531028
P00823241LZ-CW1,2024,river_structure,144558835.09,120.972799,14.60063
P00620114LZ-CW1,2022,river_structure,77323411.0,121.019873,14.67439
P00639339LZ-CW1,2022,river_structure,96495644.65,121.02682,15.23851
P00640487LZ-CW1,2022,river_structure,28809000.0,121.02682884037,14.6910593544466
P00525475LZ-CW1,2021,river_structure,74703599.44,121.051629,14.428836
P00844747LZ-CW1,2024,river_structure,48998694.98,120.972853,14.817082
P00637042LZ-CW1,2022,drainage,21021340.23,120.997388,14.653591
P00620086LZ-CW1,2022,slope_protection,91640252.51,121.026868,14.53255
P00620407LZ-CW1,2022,river_structure,43626337.58,121.051665,14.766087
P00726039LZ-CW1,2023,slope_protection,23981057.35,121.008725,14.531028
P00726472LZ-CW1,2023,river_structure,96499989.39,120.959167,14.959167
P00839521LZ-CW1,2024,drainage,24746494.54,121.019876,14.570999
P00525477LZ-CW1,2021,river_structure,74204302.44,121.051751,14.43826
P00620190LZ-CW1,2022,river_structure,95533084.87,120.95967,14.82024
P00725913LZ-CW1,2023,river_structure,48993363.57,120.97318,14.44086
P00631106LZ-CW1,2022,river_structure,19600000.0,120.99745,18.54963
P00620158LZ-CW1,2022,river_structure,50062322.96,120.95977,15.02767
P00742213LZ-CW1,2023,river_structure,48247401.06,120.97318106947,14.4408553328576
P00725994LZ-CW1,2023,river_structure,47937648.46,121.008726,14.694456
P00621436LZ-CW1,2022,river_structure,29359033.65,121.027026,14.625498
P00821239LZ-CW1,2024,river_structure,78064126.73,121.05181,15.34399
P00640461LZ-CW1,2022,river_structure,98999140.73,120.96012,14.46621
P00727040LZ-CW1,2023,drainage,19597930.63,121.0199,14.6117
P00727034LZ-CW1,2023,river_structure,47907420.63,121.0199,14.6117
P00631045LZ-CW1,2022,drainage,9799221.86,121.051852,14.716751
P00820599LZ-CW1,2024,river_structure,47926860.63,121.009204,14.7256628
P00838476LZ-CW1,2024,drainage,29086241.46,120.997544,14.60529
P00525820LZ-CW1,2021,river_structure,48403077.09,120.96014,14.61452
P00631050LZ-CW1,2022,river_structure,14470000.0,121.051855950815,14.7113413956041
P00742423LZ-CW1,2023,river_structure,42568425.04,121.00933,14.37808
P00725919LZ-CW1,2023,river_structure,48998765.74,121.0272139,14.3772778
P00727035LZ-CW1,2023,river_structure,48963617.7,121.0199,14.6117
P00820095LZ-CW1,2024,river_structure,96492658.53,120.973307,14.581831
P00620396LZ-CW1,2022,river_structure,28749240.3,121.00937,14.73677
P00620221LZ-CW1,2022,river_structure,91641226.89,121.02727,14.36259
P00820096LZ-CW1,2024,river_structure,96490816.38,120.973307,14.581831
P00639345LZ-CW1,2022,river_structure,95050950.34,120.96024,15.02837
P00727036LZ-CW1,2023,river_structure,48963617.7,121.0199,14.6117
P00726167LZ-CW1,2023,river_structure,23139000.0,120.997561,15.687
P00632872LZ-CW1,2022,drainage,4949178.0,121.052091,13.881589
P00525764LZ-CW1,2021,river_structure,9800000.0,120.9975969,14.5167781
P00820575LZ-CW1,2024,drainage,29395942.48,121.027286,14.4751
P00726162LZ-CW1,2023,river_structure,19597861.13,120.973352,14.737817
P00620431LZ-CW1,2022,river_structure,23470297.9,120.960251,14.614332
P00726220LZ-CW1,2023,river_structure,44099979.64,121.05214,14.30775
P00742176LZ-CW1,2023,river_structure,79199149.37,121.0094,14.37675
P00631006LZ-CW1,2022,drainage,9792108.32,120.997651146068,14.4629002255779
P00621134LZ-CW1,2022,slope_protection,75344255.34,121.02745,14.612302
P00820622LZ-CW1,2024,river_structure,11489445.53,120.97336,14.59958
P00639481LZ-CW1,2022,river_structure,48997970.99,120.99775,15.22617
P00727037LZ-CW1,2023,river_structure,48938414.23,121.0199,14.6117
P00620404LZ-CW1,2022,river_structure,28736038.44,121.027506,14.731261
P00631018LZ-CW1,2022,drainage,9800000.0,120.9606,14.670641
P00820658LZ-CW1,2024,river_structure,39172274.95,121.009489,14.578444
P00839616LZ-CW1,2024,drainage,9899185.43,120.97337,14.22985
P00525789LZ-CW1,2021,river_structure,14480400.62,121.027597,14.766439
P00742215LZ-CW1,2023,drainage,4897852.55,120.9736,14.45914
P00737513LZ-CW1,2023,drainage,4949903.67,121.00956,14.30692
P00740394LZ-CW1,2023,river_structure,19300000.0,120.9978,13.7821
P00631025LZ-CW1,2022,river_structure,19599961.42,120.960684,14.675022
P00727038LZ-CW1,2023,river_structure,48948822.01,121.0199,14.6117
P00727039LZ-CW1,2023,river_structure,48904450.12,121.0199,14.6117
P00525476LZ-CW1,2021,river_structure,74291808.62,121.052173,14.42183
P00725540LZ-CW1,2023,river_structure,91674500.46,121.027799,14.505762
P00620589LZ-CW1,2022,river_structure,44052051.78,121.02,14.34407
P00620762LZ-CW1,2022,river_structure,91567097.47,121.052222,14.427222
P00726504LZ-CW1,2023,river_structure,55126251.2,120.9736,14.738
P00838527LZ-CW1,2024,drainage,19305542.09,120.9978,15.3502
P00725510LZ-CW1,2023,slope_protection,61218798.82,121.009585,14.531019
P00824606LZ-CW1,2024,drainage,38296975.74,120.96091,14.643512
P00637040LZ-CW1,2022,river_structure,39200000.0,121.009775,14.543656
P00631034LZ-CW1,2022,drainage,4793303.64,120.997841,14.712464
P00620342LZ-CW1,2022,river_structure,48999339.55,120.973647,14.675933
P00736165LZ-CW1,2023,river_structure,28779766.07,121.020009,14.758559
P00631220LZ-CW1,2022,river_structure,39194488.63,121.02805,14.81997
P00631023LZ-CW1,2022,river_structure,19592636.68,120.961047,14.636649
P00742237LZ-CW1,2023,drainage,26064196.17,121.052278,14.54440473
P00621266LZ-CW1,2022,river_structure,92639372.03,121.020013,14.616996
P00620364LZ-CW1,2022,river_structure,42808974.2,121.028084,14.595324
P00725759LZ-CW1,2023,river_structure,86843630.91,120.961083,14.815381
P00820656LZ-CW1,2024,river_structure,29395548.76,120.997968,14.567879
P00620917LZ-CW1,2022,river_structure,27900600.0,121.0099441,14.4827012
P00620343LZ-CW1,2022,river_structure,48999075.67,120.974005,14.677819
P00620028LZ-CW1,2022,river_structure,85286022.0,120.998084,14.559469
P00742243LZ-CW1,2023,river_structure,41576933.09,120.961587,14.629375
P00561531LZ-CW1,2021,river_structure,47034974.07,121.009974,15.238642
P00620372LZ-CW1,2022,drainage,22540000.0,121.052321,14.56346
P00742436LZ-CW1,2023,river_structure,29690058.97,121.0285556,14.331708
P00742168LZ-CW1,2023,river_structure,98998197.62,120.97408,14.2122
P00742391LZ-CW1,2023,drainage,4949608.5,121.020079,14.094425
P00737390LZ-CW1,2023,slope_protection,46526297.54,121.028648268119,14.6120822807379
P00620521LZ-CW1,2022,river_structure,19599270.94,120.9742,14.73835
P00820056LZ-CW1,2024,river_structure,64471193.37,120.961587,14.629375
P00525762LZ-CW1,2021,drainage,9800000.0,121.0100625,14.4667757
P00845934LZ-CW1,2024,river_structure,4898635.01,121.052351,18.5539
P00525818LZ-CW1,2021,river_structure,46744194.3,120.998161,14.601943
P00640555LZ-CW1,2022,river_structure,19794810.23,121.0101,14.3749
P00725787LZ-CW1,2023,river_structure,106148617.7,120.9981833,14.29823611
P00845781LZ-CW1,2024,river_structure,98999298.67,121.0524,15.1647
P00620519LZ-CW1,2022,river_structure,19005606.97,120.96174,14.73041
P00632877LZ-CW1,2022,drainage,4949953.47,121.02893,14.31811
P00820012LZ-CW1,2024,drainage,56694104.59,121.020112,14.589557
P00823420LZ-CW1,2024,river_structure,96499350.3,121.0525,15.165
P00620080LZ-CW1,2022,river_structure,132215551.89,120.974234,14.67782
P00820655LZ-CW1,2024,river_structure,39199611.71,121.02015,14.586724
P00525782LZ-CW1,2021,river_structure,28680080.5,121.0526,14.751041
P00838335LZ-CW1,2024,slope_protection,48216273.41,120.998239,14.588103
P00621573LZ-CW1,2022,river_structure,96499742.98,120.96175,14.93541
P00820385LZ-CW1,2024,river_structure,14473182.52,121.029,14.3321
P00632882LZ-CW1,2022,drainage,6929636.01,121.02907,14.32702
P00820577LZ-CW1,2024,river_structure,29391551.65,121.0101919,14.4536362
P00726031LZ-CW1,2023,river_structure,41285159.32,121.020283,14.612747
P00620237LZ-CW1,2022,river_structure,96497537.53,121.05261,14.25448
P00737394LZ-CW1,2023,drainage,5046783.6,121.0103977,14.4698702
P00632695LZ-CW1,2022,river_structure,65144336.31,121.02945,14.594902
P00637005LZ-CW1,2022,river_structure,18507478.83,121.02038,14.614572
P00632717LZ-CW1,2022,river_structure,28813987.65,120.974288,14.635852
P00621584LZ-CW1,2022,river_structure,21807952.15,121.02038,14.614572
P00726809LZ-CW1,2023,river_structure,141709642.41,120.974383,14.677431
P00726032LZ-CW1,2023,river_structure,41712122.56,121.020432,14.613258
P00838334LZ-CW1,2024,slope_protection,48220023.12,120.998268,14.587904
P00632719LZ-CW1,2022,river_structure,38405318.07,120.974391,14.635548
P00620761LZ-CW1,2022,river_structure,92634372.43,121.053223948585,14.4260845728741
P00637000LZ-CW1,2022,river_structure,28931540.41,121.020442,14.615012
P00640465LZ-CW1,2022,slope_protection,69296494.5,121.0106,14.3763
P00821454LZ-CW1,2024,river_structure,28805612.63,121.029636,14.663069
P00740504LZ-CW1,2023,drainage,19125110.85,120.974503,14.693252
P00726005LZ-CW1,2023,river_structure,48999599.71,120.998445,14.602391
P00631005LZ-CW1,2022,river_structure,48992948.19,121.053242369859,14.4672791428454
P00526006LZ-CW1,2021,river_structure,48999950.46,121.0298639,14.93795556
P00820563LZ-CW1,2024,river_structure,34298335.11,121.01061,14.500013
P00621437LZ-CW1,2022,river_structure,39138751.35,121.020442,14.615012
P00621418LZ-CW1,2022,river_structure,46468523.24,120.9986624,14.4786437
P00737400LZ-CW1,2023,drainage,19798429.06,120.961948,14.598571
P00735962LZ-CW1,2023,river_structure,96500000.0,120.97455,18.36327
P00742114LZ-CW1,2023,river_structure,98995281.56,120.998664,14.522376
P00844753LZ-CW1,2024,slope_protection,48260050.31,121.053387,14.865074
P00620403LZ-CW1,2022,river_structure,28474341.53,121.010646,14.734749
P00620336LZ-CW1,2022,drainage,48998499.24,121.020458317298,14.4194947607814
P00823259LZ-CW1,2024,drainage,96500000.0,121.0299081,14.4677259
P00620878LZ-CW1,2022,river_structure,94300703.89,120.96347,14.31476
P00620435LZ-CW1,2022,river_structure,46796995.89,120.998752,14.600516
P00823546LZ-CW1,2024,river_structure,96500000.0,121.053488,13.671475
P00639488LZ-CW1,2022,slope_protection,28946909.86,121.01067,14.37462
P00742339LZ-CW1,2023,drainage,4890460.8,120.9643,15.4931
P00632715LZ-CW1,2022,drainage,9553691.37,120.974716,14.693209
P00631037LZ-CW1,2022,river_structure,14260635.6,121.020587651012,14.6744120792675
P00621077LZ-CW1,2022,river_structure,46816820.82,121.02997,14.91808
P00525791LZ-CW1,2021,river_structure,9548275.07,120.99897,14.6825
P00726017LZ-CW1,2023,river_structure,19584084.67,121.03013,14.731127
P00821061LZ-CW1,2024,slope_protection,125754544.8,121.053743958788,14.5234475778097
P00726034LZ-CW1,2023,river_structure,47852928.28,121.010684,14.580774
P00620012LZ-CW1,2022,river_structure,90686286.95,120.964338,14.675446
P00823540LZ-CW1,2024,river_structure,14475000.0,121.02064,13.78787
P00449023LZ-CW1,2020,river_structure,29397952.78,120.999118,14.429442
P00725543LZ-CW1,2023,river_structure,85283270.22,121.030147,14.768161
P00621011LZ-CW1,2022,river_structure,24500000.0,121.01083,17.03861
P00631035LZ-CW1,2022,drainage,47478231.14,120.9646638,14.6184496
P00821062LZ-CW1,2024,slope_protection,90685600.66,121.053743958788,14.5234475778097
P00821060LZ-CW1,2024,slope_protection,88779589.6,121.053743958788,14.5234475778097
P00823274LZ-CW1,2024,river_structure,143198795.16,120.974829,14.596241
P00620924LZ-CW1,2022,river_structure,49000000.0,121.020871,14.4590321
P00726023LZ-CW1,2023,river_structure,47990305.2,121.053946,14.712647
P00632716LZ-CW1,2022,drainage,14511642.75,120.9749,14.693958
P00726856LZ-CW1,2023,river_structure,78908050.0,120.96471,16.58499
P00838468LZ-CW1,2024,river_structure,29397318.91,121.010899,14.45581
P00620434LZ-CW1,2022,river_structure,47470673.29,120.99914,14.6007
P00620165LZ-CW1,2022,river_structure,94569849.55,121.03025,14.78257
P00726219LZ-CW1,2023,river_structure,44099982.24,121.05411,14.30931
P00620428LZ-CW1,2022,river_structure,42723595.09,120.964857,14.62562637
P00620921LZ-CW1,2022,river_structure,48996514.9,121.0109137,14.4999964
P00637001LZ-CW1,2022,river_structure,28939587.28,121.020928,14.614787
P00621475LZ-CW1,2022,river_structure,80794218.29,121.03026,14.9215
P00725848LZ-CW1,2023,river_structure,96498871.76,121.05413,14.25641
P00725747LZ-CW1,2023,river_structure,86849185.16,120.975094,14.817853
P00637006LZ-CW1,2022,river_structure,77200000.0,120.9992421,14.4962311
P00820148LZ-CW1,2024,river_structure,96500000.0,120.965419972222,16.5938366111111
P00632932LZ-CW1,2022,river_structure,7794888.79,121.010925,12.52913
P00640510LZ-CW1,2022,river_structure,48296850.24,121.03027,16.28741
P00620093LZ-CW1,2022,river_structure,54194662.38,120.975131,14.635338
P00725849LZ-CW1,2023,river_structure,93764149.89,121.054262,14.252865
P00621438LZ-CW1,2022,river_structure,37595806.22,121.020928,14.614787
P00620091LZ-CW1,2022,river_structure,96055346.98,120.975131,14.635338
P00726006LZ-CW1,2023,river_structure,34782628.8,120.9992603,14.5997344
P00620062LZ-CW1,2022,drainage,69085265.27,120.965469,14.606252
P00561444LZ-CW1,2021,river_structure,94973033.0,121.010928,14.641289
P00736167LZ-CW1,2023,drainage,20143168.25,121.03039,14.77209
P00727015LZ-CW1,2023,river_structure,23952759.89,121.054306,14.762558
P00838467LZ-CW1,2024,river_structure,39200000.0,120.999289,14.48564
P00823536LZ-CW1,2024,river_structure,28950000.0,121.021021,13.785078
P00725995LZ-CW1,2023,river_structure,19764178.0,120.975772,14.677126
P00525749LZ-CW1,2021,river_structure,37994635.32,121.010932,14.562078
P00620827LZ-CW1,2022,river_structure,91506760.15,120.96602,16.32696
P00726999LZ-CW1,2023,drainage,41851062.78,121.0306,14.59585
P00920747LZ-CW1,2025,river_structure,14552258.16,120.96638,14.6264
P00637760LZ-CW1,2022,drainage,13854876.21,121.054329,14.64207
P00637037LZ-CW1,2022,drainage,29354056.65,120.999683155539,14.4232493208905
P00820356LZ-CW1,2024,river_structure,113365255.65,120.97578,14.41541
P00621296LZ-CW1,2022,river_structure,96499745.3,120.9758,14.21475
P00620862LZ-CW1,2022,river_structure,78164480.21,120.97584,14.21486
P00726924LZ-CW1,2023,river_structure,84040574.73,121.011281,15.747825
P00725504LZ-CW1,2023,river_structure,84943784.66,120.975918,14.605753
P00823260LZ-CW1,2024,drainage,48250000.0,121.0306179,14.4716401
P00639411LZ-CW1,2022,river_structure,38155429.67,121.021247,14.742919
P00632718LZ-CW1,2022,drainage,28746683.24,120.966542,14.657351
P00620588LZ-CW1,2022,river_structure,24468394.71,121.05441,14.3755
P00839581LZ-CW1,2024,river_structure,4949040.88,121.0213044,14.7730233
P00725977LZ-CW1,2023,drainage,48991852.57,121.011295,14.574047
P00620026LZ-CW1,2022,river_structure,96497599.08,120.999838,14.479939
P00823245LZ-CW1,2024,river_structure,144748896.98,120.975955,14.60423
P00561680LZ-CW1,2021,river_structure,29700000.0,121.03065,16.36896
P00620151LZ-CW1,2022,river_structure,54124446.67,120.96674,15.02693
P00845866LZ-CW1,2024,drainage,4874733.9,121.055119984532,14.5666947887849
P00823246LZ-CW1,2024,river_structure,72374032.61,120.975955,14.60423
P00839630LZ-CW1,2024,drainage,4836385.0,121.03068,14.3356
P00620411LZ-CW1,2022,river_structure,23959118.25,121.011327,14.690183
P00620913LZ-CW1,2022,river_structure,46574006.57,120.999853329231,14.4394516225175
P00620418LZ-CW1,2022,river_structure,9515920.52,121.021476,14.735117
P00725853LZ-CW1,2023,slope_protection,108079999.11,121.0215917,14.32871944
P00620438LZ-CW1,2022,drainage,48995670.99,120.966832,14.627103
P00639482LZ-CW1,2022,river_structure,48997428.26,121.00001,15.22611
P00726520LZ-CW1,2023,river_structure,86849882.04,121.05523,14.907434
P00621478LZ-CW1,2022,drainage,9800000.0,121.011343,14.464995
P00630924LZ-CW1,2022,river_structure,73386271.5,121.030763020997,14.6966631405045
P00727024LZ-CW1,2023,drainage,24485983.22,120.97597,14.596059
P00839526LZ-CW1,2024,drainage,7801091.77,121.000038,14.663222
P00639524LZ-CW1,2022,river_structure,19364691.43,121.0217,13.43583
P00820183LZ-CW1,2024,river_structure,96496378.66,121.055282,14.829862
P00725999LZ-CW1,2023,river_structure,20983549.7,120.967009,14.62811
P00726730LZ-CW1,2023,river_structure,33174759.59,121.030891,14.939453
P00631027LZ-CW1,2022,river_structure,6860000.0,121.0115038,14.4620608
P00561157LZ-CW1,2021,drainage,47284638.82,121.00038,14.610788
P00561679LZ-CW1,2021,river_structure,29700000.0,121.02175,16.3676
P00620447LZ-CW1,2022,drainage,9795731.58,121.055326,14.63509
P00824607LZ-CW1,2024,drainage,38259729.8,120.967798,14.645069
P00726522LZ-CW1,2023,river_structure,86848966.84,121.031077,14.923828
P00725850LZ-CW1,2023,river_structure,93865181.37,121.055487,14.250183
P00725541LZ-CW1,2023,drainage,84678409.32,121.000528,14.684522
P00820633LZ-CW1,2024,river_structure,48508937.83,121.031271,14.703899
P00620923LZ-CW1,2022,river_structure,48997087.44,121.01165,14.4644723
P00726803LZ-CW1,2023,river_structure,72374958.24,120.968032,14.717913
P00820594LZ-CW1,2024,river_structure,47818676.13,121.031498,14.766618
P00742329LZ-CW1,2023,slope_protection,4875393.12,121.021768,14.772407
P00742298LZ-CW1,2023,river_structure,9800733.33,121.05578,18.55725
P00839524LZ-CW1,2024,drainage,4874471.73,121.000535,14.665791
P00725534LZ-CW1,2023,river_structure,82024950.75,121.011663,14.464632
P00621431LZ-CW1,2022,river_structure,48999172.37,120.975973,14.60582
P00725558LZ-CW1,2023,river_structure,89182996.54,121.031514,14.774015
P00839523LZ-CW1,2024,drainage,33809063.83,120.975974,14.648915
P00845987LZ-CW1,2024,drainage,4862221.64,120.968148,14.842035
P00820054LZ-CW1,2024,river_structure,92609743.96,121.022185,14.456781
P00846037LZ-CW1,2024,drainage,4950000.0,121.055942,13.753236
P00820569LZ-CW1,2024,river_structure,14259747.39,121.01168554275,14.4656465601944
P00632885LZ-CW1,2022,drainage,4949901.23,121.0006,14.29138
P00742435LZ-CW1,2023,drainage,4844096.0,121.03154,14.33831
P00620867LZ-CW1,2022,river_structure,78162955.77,120.976,14.21475
P00726804LZ-CW1,2023,river_structure,94316735.57,120.968288,14.717713
P00736168LZ-CW1,2023,drainage,23025730.59,121.056085,14.745126
P00631041LZ-CW1,2022,river_structure,35972605.19,121.011722424315,14.6555906843148
P00620916LZ-CW1,2022,river_structure,49000000.0,121.011871,14.5005963
P00525759LZ-CW1,2021,river_structure,29399703.59,121.000647,14.485265
P00726787LZ-CW1,2023,slope_protection,40203391.26,121.0316,14.59381
P00639489LZ-CW1,2022,drainage,4899930.04,120.96877,14.25525
P00726437LZ-CW1,2023,river_structure,48250000.0,121.02231,18.53849
P00843258LZ-CW1,2024,river_structure,89745000.0,121.05625,16.38932
P00740326LZ-CW1,2023,river_structure,96498568.59,121.011884,15.749447
P00561226LZ-CW1,2021,river_structure,28939547.94,121.000755,14.537317
P00620022LZ-CW1,2022,river_structure,199712253.74,120.968811,14.72334
P00621432LZ-CW1,2022,river_structure,48980469.28,120.976233,14.606208
P00620085LZ-CW1,2022,slope_protection,59566104.23,121.022324,14.530707
P00620045LZ-CW1,2022,river_structure,67516950.32,120.976328,14.674742
P00631032LZ-CW1,2022,river_structure,19186271.65,121.056289,14.76316
P00525752LZ-CW1,2021,river_structure,29399024.81,121.012055,14.500834
P00737512LZ-CW1,2023,drainage,4949968.51,121.0008,14.29174
P00824599LZ-CW1,2024,slope_protection,13964795.22,121.031649,14.5198565
P00726506LZ-CW1,2023,river_structure,68372168.96,120.968865,14.725866
P00820161LZ-CW1,2024,slope_protection,96499614.17,121.0225,16.263889
P00823549LZ-CW1,2024,river_structure,96499777.7,120.97637,14.37781
P00843261LZ-CW1,2024,river_structure,129260223.39,121.0563889,16.2375
P00823541LZ-CW1,2024,river_structure,24125000.0,121.00089,13.83393
P00525838LZ-CW1,2021,river_structure,47530000.0,121.031743,14.663162
P00727308LZ-CW1,2023,river_structure,48249000.0,120.968943,14.723732
P00637774LZ-CW1,2022,slope_protection,4949420.32,121.02257,14.93453
P00820068LZ-CW1,2024,other,96447990.71,120.976655,14.635233
P00820657LZ-CW1,2024,river_structure,29394984.53,121.012164,14.575011
P00631026LZ-CW1,2022,slope_protection,49000000.0,121.056433,14.466908
P00821446LZ-CW1,2024,drainage,28797915.84,121.032035327047,14.5986673406739
P00526384LZ-CW1,2021,river_structure,35280000.0,120.968996,17.078876
P00620242LZ-CW1,2022,river_structure,77199699.39,121.02299,14.35716
P00621433LZ-CW1,2022,river_structure,48973694.24,120.976715,14.606399
P00620536LZ-CW1,2022,river_structure,48020044.48,121.01217,15.757261
P00821063LZ-CW1,2024,slope_protection,90709571.71,121.056785,14.524222
P00640488LZ-CW1,2022,river_structure,20166300.0,121.001030999855,14.6571750876574
P00632720LZ-CW1,2022,river_structure,38412000.0,121.032221726819,14.6819710460282
P00726004LZ-CW1,2023,river_structure,39156110.72,120.97683,14.60651
P00823560LZ-CW1,2024,river_structure,110974891.77,121.023056,13.378889
P00725511LZ-CW1,2023,river_structure,62717241.73,121.012257,14.524063
P00620429LZ-CW1,2022,river_structure,24491621.21,120.969278,14.619692
P00725952LZ-CW1,2023,drainage,5119086.15,121.0569493,14.573601
P00845880LZ-CW1,2024,drainage,4809909.62,121.001039,14.516909
P00846057LZ-CW1,2024,drainage,4949659.73,121.00106,14.22559
P00821046LZ-CW1,2024,slope_protection,94521200.8,121.032265,14.604276
P00740297LZ-CW1,2023,river_structure,70376645.51,120.97684,14.600306
P00823261LZ-CW1,2024,river_structure,144749717.84,121.0123185,14.4510896
P00632764LZ-CW1,2022,river_structure,49497162.42,121.023242,17.61278
P00742111LZ-CW1,2023,river_structure,96129000.0,121.001328,14.475905
P00639408LZ-CW1,2022,drainage,14698821.77,121.0323305,14.4840939
P00727010LZ-CW1,2023,river_structure,48999627.3,121.00133,14.475903
P00740395LZ-CW1,2023,river_structure,19300000.0,120.9693875,13.7762966666667
P00525839LZ-CW1,2021,river_structure,47530000.0,121.012332,14.645702
P00845869LZ-CW1,2024,drainage,98959761.62,121.023359,14.594078
P00823481LZ-CW1,2024,river_structure,43424482.39,121.056977,14.9082
P00737511LZ-CW1,2023,drainage,4949879.02,121.03237,14.32929
P00525827LZ-CW1,2021,river_structure,47155728.25,121.001366,14.6145825
P00742456LZ-CW1,2023,drainage,4839339.24,120.9694,13.525
P00740293LZ-CW1,2023,river_structure,72216269.62,120.97684,14.600306
P00820664LZ-CW1,2024,slope_protection,48982729.87,121.012336,14.530916
P00820884LZ-CW1,2024,river_structure,48997686.53,121.057,14.2606
P00525790LZ-CW1,2021,river_structure,47822230.74,121.001604,14.734161
P00742332LZ-CW1,2023,drainage,4941438.89,120.9698,14.84861
P00740294LZ-CW1,2023,river_structure,71220223.38,120.97684,14.600306
P00821579LZ-CW1,2024,river_structure,48249988.32,121.032595,14.933534
P00727012LZ-CW1,2023,river_structure,19110512.21,121.023441,14.472601
P00736164LZ-CW1,2023,river_structure,28516336.77,121.012339,14.682543
P00820591LZ-CW1,2024,river_structure,9629462.08,121.001831,14.727802
P00824699LZ-CW1,2024,river_structure,48999993.98,120.969836,14.722308
P00740296LZ-CW1,2023,river_structure,70449787.58,120.97684,14.600306
P00845878LZ-CW1,2024,river_structure,49498395.28,121.0334,14.6261
P00839098LZ-CW1,2024,drainage,4949056.8,121.0234933,14.0949033
P00820660LZ-CW1,2024,river_structure,28936681.15,121.012351,14.579184
P00620030LZ-CW1,2022,river_structure,96500000.0,121.057183,14.466779
P00639487LZ-CW1,2022,slope_protection,19298004.01,121.00199,14.39477
P00620029LZ-CW1,2022,river_structure,234010231.67,120.969853,14.721759
P00631009LZ-CW1,2022,drainage,19594904.1,120.976844821365,14.4608290572686
P00821047LZ-CW1,2024,slope_protection,94569472.4,121.033406,14.577352
P00725525LZ-CW1,2023,river_structure,73738662.22,121.012633,14.5442157
P00742180LZ-CW1,2023,drainage,99000000.0,121.05722,13.78333
P00839607LZ-CW1,2024,slope_protection,4949278.2,121.0129,14.0924
P00620064LZ-CW1,2022,river_structure,72374100.88,121.002056,14.603226
P00846056LZ-CW1,2024,river_structure,15344921.42,120.96986,14.47314
P00844688LZ-CW1,2024,drainage,14545505.14,121.033561,14.68924
P00820616LZ-CW1,2024,drainage,9703253.01,121.023632,14.594632
P00825113LZ-CW1,2024,river_structure,125449943.29,121.05734,14.32354
P00820086LZ-CW1,2024,river_structure,142133628.7,120.976907,14.63517
P00742240LZ-CW1,2023,river_structure,19791672.85,121.013049,14.449133
P00845807LZ-CW1,2024,river_structure,98998363.35,120.9702,15.0227
P00820641LZ-CW1,2024,river_structure,29399739.03,121.033565,14.710557
P00637047LZ-CW1,2022,river_structure,23689711.72,120.970219,14.720543
P00820013LZ-CW1,2024,drainage,65235972.08,121.02396,14.59819
P00637072LZ-CW1,2022,slope_protection,48997036.71,121.05749,14.82912
P00620400LZ-CW1,2022,river_structure,28871376.46,121.013264,14.684167
P00823247LZ-CW1,2024,river_structure,141715719.73,120.976907,14.63517
P00620063LZ-CW1,2022,river_structure,72374113.53,121.00206,14.603156
P00620161LZ-CW1,2022,river_structure,94569655.86,121.03379,14.82096
P00620393LZ-CW1,2022,river_structure,14370183.34,120.970228,14.697541
P00725521LZ-CW1,2023,river_structure,88875980.92,121.05779304413,14.4665979033404
P00742246LZ-CW1,2023,river_structure,9800999.99,121.0133056,14.6495
P00726793LZ-CW1,2023,river_structure,96495753.94,120.977052,14.579864
P00223374LZ-CW1,2018,river_structure,24646157.14,121.013306,12.63115
P00639412LZ-CW1,2022,river_structure,13274738.88,120.970313,14.720346
P00725556LZ-CW1,2023,river_structure,90070431.63,121.03384,14.773073
P00725536LZ-CW1,2023,river_structure,93946610.0,121.002061,14.494381
P00620909LZ-CW1,2022,river_structure,48994772.98,121.024208029627,14.3779881989947
P00726794LZ-CW1,2023,river_structure,96495833.14,120.977052,14.579864
P00632721LZ-CW1,2022,drainage,19012215.8,121.05785522868,14.666594517699
P00844675LZ-CW1,2024,river_structure,29155410.96,121.0133703,14.4987308
P00725508LZ-CW1,2023,river_structure,87814653.82,121.002065,14.603216
P00726729LZ-CW1,2023,river_structure,47039291.85,121.03403,14.93133
P00620765LZ-CW1,2022,river_structure,89838069.12,121.024634,14.598304
P00740645LZ-CW1,2023,slope_protection,4654105.75,120.97709,14.43408
P00725507LZ-CW1,2023,river_structure,90183040.8,121.002078,14.603296
P00726166LZ-CW1,2023,river_structure,48999972.55,121.013467,15.755362
P00725477LZ-CW1,2023,river_structure,93816118.9,120.970376,14.607886
P00620920LZ-CW1,2022,river_structure,48993324.65,121.0340646,14.4726371
P00727029LZ-CW1,2023,river_structure,19557713.2,121.05827,14.62869
P00620220LZ-CW1,2022,river_structure,88466408.87,121.02464,14.34567
P00725561LZ-CW1,2023,river_structure,57081541.95,121.002164,14.705711
P00637039LZ-CW1,2022,river_structure,39200000.0,121.014106,14.552864
P00726003LZ-CW1,2023,river_structure,48989429.12,120.970376,14.607886
P00820045LZ-CW1,2024,river_structure,89565038.74,121.034215,14.784614
P00823480LZ-CW1,2024,river_structure,42525092.5,121.058383,14.908802
P00620222LZ-CW1,2022,river_structure,96494250.28,120.9771,14.35203
P00726033LZ-CW1,2023,river_structure,9799232.55,121.024863,14.6255507
P00525794LZ-CW1,2021,river_structure,14310181.46,121.01413,14.73407
P00726001LZ-CW1,2023,river_structure,47749362.48,120.970376,14.607886
P00820580LZ-CW1,2024,drainage,47970672.03,121.034215,14.784614
P00620024LZ-CW1,2022,river_structure,65374049.41,121.058459,14.778364
P00725506LZ-CW1,2023,river_structure,94716532.95,120.977116,14.600272
P00820624LZ-CW1,2024,river_structure,48891968.68,121.0251,14.59602
P00737510LZ-CW1,2023,slope_protection,4703829.86,120.97713,14.43387
P00727009LZ-CW1,2023,river_structure,48999076.1,121.002172,14.475226
P00820085LZ-CW1,2024,river_structure,94322661.24,120.97042,14.60308
P00736173LZ-CW1,2023,river_structure,48019705.02,121.034216,14.71054
P00820236LZ-CW1,2024,river_structure,96497855.1,121.0586,14.83059
P00632711LZ-CW1,2022,river_structure,49500000.0,121.0142417,14.552128
P00620524LZ-CW1,2022,river_structure,38602322.03,120.97721,15.15238
P00844674LZ-CW1,2024,drainage,14699900.18,121.0021744,14.4633753
P00823240LZ-CW1,2024,river_structure,95326327.4,120.97042,14.60308
P00820182LZ-CW1,2024,river_structure,96498309.12,121.034263,14.835276
P00823243LZ-CW1,2024,river_structure,144719698.22,120.97723,14.608203
P00631036LZ-CW1,2022,drainage,48999810.66,121.002244,14.604035
P00820267LZ-CW1,2024,slope_protection,96495510.66,121.058646,14.830614
P00824609LZ-CW1,2024,river_structure,48997795.07,120.970443,14.617982
P00745444LZ-CW1,2023,river_structure,4825000.0,121.034421,14.094138
P00920745LZ-CW1,2025,river_structure,48015187.82,120.97724,14.608219
P00844532LZ-CW1,2024,river_structure,48249750.32,121.0587,15.0044
P00843172LZ-CW1,2024,drainage,96221240.82,120.970502,14.61737
P00620422LZ-CW1,2022,river_structure,25751991.02,120.9772453,14.6022675
P00844749LZ-CW1,2024,river_structure,48257458.19,121.058726,14.802463
P00621430LZ-CW1,2022,river_structure,19005625.23,121.002255,14.688004
P00740280LZ-CW1,2023,river_structure,96219232.12,120.970537,14.608124
P00640489LZ-CW1,2022,river_structure,18816000.0,121.002326,14.64134
P00620101LZ-CW1,2022,river_structure,96303461.75,120.970561,14.618102
P00740507LZ-CW1,2023,river_structure,29399680.87,121.05896,14.68844
P00848601LZ-CW1,2024,river_structure,79048492.76,121.0023367,14.4741703
P00632879LZ-CW1,2022,drainage,4949610.57,121.05899,14.31562
P00620919LZ-CW1,2022,river_structure,48995753.41,121.0345584,14.4717096
P00620097LZ-CW1,2022,river_structure,93818961.57,120.970561,14.618102
P00844528LZ-CW1,2024,river_structure,48248500.57,121.03468557,15.15941625
P00620401LZ-CW1,2022,river_structure,44130056.18,121.002349,14.686224
P00725846LZ-CW1,2023,river_structure,96492115.43,121.059157,14.264103
P00620103LZ-CW1,2022,river_structure,93846057.69,120.970561,14.618102
P00845879LZ-CW1,2024,river_structure,49498395.28,121.0347,14.6254
P00725498LZ-CW1,2023,river_structure,38592779.28,120.970578,14.617928
P00824614LZ-CW1,2024,other,48803086.9,121.00237,14.601074
P00820070LZ-CW1,2024,other,96349103.73,120.970606,14.606302
P00725847LZ-CW1,2023,river_structure,96499086.72,121.059157,14.264103
P00639311LZ-CW1,2022,river_structure,93605000.0,121.034767634908,14.7007046219778
P00525974LZ-CW1,2021,river_structure,24519676.04,121.0594889,16.389788
P00525819LZ-CW1,2021,river_structure,46940474.1,121.002408,14.602398
P00844748LZ-CW1,2024,river_structure,48257590.02,121.059491,14.81203
P00725501LZ-CW1,2023,river_structure,63351310.49,120.970642,14.606391
P00620163LZ-CW1,2022,river_structure,94568676.93,121.03509,14.81899
P00725502LZ-CW1,2023,river_structure,63260685.8,120.970723,14.606167
P00725532LZ-CW1,2023,river_structure,82982803.05,121.002449,14.473774
P00740502LZ-CW1,2023,drainage,49000000.0,121.059500840699,14.4906666018161
P00742113LZ-CW1,2023,river_structure,89748579.45,121.035159,14.772958
P00725478LZ-CW1,2023,river_structure,96499737.82,120.970775,14.60609
P00725722LZ-CW1,2023,river_structure,96497531.45,121.03516,14.83542
P00620436LZ-CW1,2022,river_structure,29316136.16,121.002475,14.601396
P00725479LZ-CW1,2023,river_structure,96452618.46,120.970775,14.60609
P00620374LZ-CW1,2022,drainage,27440000.0,121.059559,14.541451
P00620240LZ-CW1,2022,river_structure,77196457.0,121.03521,14.34311
P00823250LZ-CW1,2024,river_structure,96362389.26,120.970775,14.60609
P00838479LZ-CW1,2024,river_structure,28157584.94,121.035395,14.710618
P00823251LZ-CW1,2024,river_structure,95445184.12,120.970775,14.60609
P00820610LZ-CW1,2024,drainage,35678835.1,120.970797,14.638395
P00725497LZ-CW1,2023,river_structure,43340916.4,121.002722,14.59807
P00725980LZ-CW1,2023,river_structure,47774811.92,121.059794,14.776904
P00820051LZ-CW1,2024,river_structure,67305759.15,120.970828,14.60585
P00620406LZ-CW1,2022,river_structure,43645007.79,121.035422,14.759148
P00526012LZ-CW1,2021,river_structure,23519992.2,121.002902,15.226487
P00820152LZ-CW1,2024,river_structure,96500000.0,120.970922611111,16.6498546111111
P00825114LZ-CW1,2024,river_structure,125838791.69,121.03544,14.29939
P00630923LZ-CW1,2022,drainage,54455277.96,121.003028,14.58955
P00725827LZ-CW1,2023,river_structure,93797418.0,121.0601444,14.26463333
P00839534LZ-CW1,2024,drainage,29697364.69,121.0354898,14.627797
P00725509LZ-CW1,2023,river_structure,57660100.17,121.003028,14.58955
P00727025LZ-CW1,2023,river_structure,44092161.16,121.00351,14.597978
P00742244LZ-CW1,2023,river_structure,95158284.39,120.970949,14.617099
P00820057LZ-CW1,2024,river_structure,64212511.86,120.970949,14.617099
P00726002LZ-CW1,2023,river_structure,47747381.33,120.970958,14.617079
P00620033LZ-CW1,2022,river_structure,48192506.57,120.97098,14.61709
P00839468LZ-CW1,2024,slope_protection,57899799.23,121.035555,16.293333
P00620153LZ-CW1,2022,river_structure,57899979.93,121.003554,15.778152
P00620918LZ-CW1,2022,river_structure,48996552.93,121.0357946,14.47713009
P00844689LZ-CW1,2024,drainage,14699417.18,121.035835,14.68003
P00823539LZ-CW1,2024,river_structure,14475000.0,121.03611,13.79916
P00639413LZ-CW1,2022,river_structure,28518000.0,121.036179784275,14.6729470712285
P00727379LZ-CW1,2023,river_structure,45079770.46,121.03628,12.46697
P00725545LZ-CW1,2023,river_structure,85077965.88,121.03659,14.75578
P00820632LZ-CW1,2024,river_structure,48458879.03,121.036593,14.714748
P00525778LZ-CW1,2021,drainage,4790381.17,121.003919,14.679958
P00725547LZ-CW1,2023,river_structure,85271997.66,121.036756,14.772502
P00620535LZ-CW1,2022,river_structure,39092350.45,121.00399,15.745756
P00620586LZ-CW1,2022,river_structure,27418464.34,121.03681,14.343888
P00725975LZ-CW1,2023,drainage,7129230.51,121.004015,14.555933
P00740292LZ-CW1,2023,river_structure,96246850.63,121.004171,14.605696
P00631038LZ-CW1,2022,river_structure,9507300.5,121.036936,14.729435
P00820007LZ-CW1,2024,river_structure,55557185.69,121.004275,14.57965
P00920131LZ-CW1,2025,river_structure,137222334.81,121.004299,14.579709
P00561603LZ-CW1,2021,river_structure,14848853.2,121.036973,14.367786
P00620051LZ-CW1,2022,slope_protection,96500000.0,121.0698,14.52694
P00825056LZ-CW1,2024,river_structure,96500000.0,121.25735,16.551158
P00525936LZ-CW1,2021,river_structure,2862443.94,121.16133,17.392536
P00742446LZ-CW1,2023,drainage,4950000.0,121.202486,14.475898
P00726532LZ-CW1,2023,river_structure,94931876.77,121.069923,15.354041
P00620070LZ-CW1,2022,slope_protection,94570000.0,121.070023,14.508831
P00825204LZ-CW1,2024,drainage,8601958.42,121.07005,14.5703
P00821322LZ-CW1,2024,river_structure,86850000.0,121.070143,13.764653
P00726202LZ-CW1,2023,river_structure,39200000.0,121.070212,13.732767
P00620243LZ-CW1,2022,river_structure,96353531.2,121.07026,14.29054
P00620069LZ-CW1,2022,slope_protection,89794000.76,121.070611,14.509944
P00725955LZ-CW1,2023,drainage,13031103.01,121.08306,14.61167
P00742387LZ-CW1,2023,drainage,9900000.0,121.07066773,13.77771547
P00742404LZ-CW1,2023,drainage,3841200.0,121.07162,13.88368
P00631031LZ-CW1,2022,river_structure,19205803.61,121.071633,14.753911
P00637074LZ-CW1,2022,river_structure,38609812.08,121.07189,14.79448
P00620052LZ-CW1,2022,slope_protection,91587933.55,121.072051,14.527658
P00637073LZ-CW1,2022,drainage,29363263.96,121.07212,14.78003
P00821059LZ-CW1,2024,slope_protection,70926646.27,121.0723755,14.5169281
P00737495LZ-CW1,2023,drainage,4949253.0,121.1113,13.95679
P00742230LZ-CW1,2023,river_structure,46526327.8,121.134732,14.658245
P00839530LZ-CW1,2024,river_structure,19206242.7,121.07245,14.61544
P00620087LZ-CW1,2022,river_structure,93099243.36,121.07247,14.55982
P00631302LZ-CW1,2022,river_structure,28769662.5,121.07257,14.29376
P00620016LZ-CW1,2022,drainage,96500000.0,121.072619,14.549381
P00637762LZ-CW1,2022,river_structure,24733928.89,121.07284,14.61557
P00620244LZ-CW1,2022,river_structure,96405046.39,121.07295,14.29284
P00726201LZ-CW1,2023,river_structure,39200000.0,121.07299,13.74088
P00631287LZ-CW1,2022,river_structure,29400000.0,121.073069,13.74206
P00821323LZ-CW1,2024,river_structure,86850000.0,121.073097,13.764469
P00727369LZ-CW1,2023,river_structure,34300000.0,121.073133,13.764528
P00620055LZ-CW1,2022,slope_protection,94190038.78,121.073137,14.526784
P00620359LZ-CW1,2022,drainage,18619388.58,121.073204,14.543801
P00620056LZ-CW1,2022,slope_protection,96500000.0,121.07337,14.525534
P00726204LZ-CW1,2023,river_structure,39200000.0,121.073421,13.737826
P00726024LZ-CW1,2023,river_structure,5644713.81,121.07344,14.61264
P00820211LZ-CW1,2024,river_structure,96498767.65,121.073489,14.77255
P00620048LZ-CW1,2022,river_structure,91577975.1,121.073509,14.52661
P00725557LZ-CW1,2023,river_structure,89280149.46,121.073531,14.77232
P00620049LZ-CW1,2022,river_structure,91597421.64,121.073677,14.52515
P00820644LZ-CW1,2024,drainage,19598981.58,121.073775,14.5966343
P00736169LZ-CW1,2023,river_structure,48019525.44,121.073809,14.710635
P00725969LZ-CW1,2023,drainage,11154489.46,121.0738889,14.564444444
P00726203LZ-CW1,2023,river_structure,39200000.0,121.073931,13.736864
P00525840LZ-CW1,2021,river_structure,48985157.08,121.074008,14.670922
P00726631LZ-CW1,2023,slope_protection,46475997.28,121.074149,14.566771
P00820649LZ-CW1,2024,river_structure,48998985.53,121.074194,14.601757
P00727031LZ-CW1,2023,river_structure,9755779.9,121.07422,14.60127
P00726322LZ-CW1,2023,slope_protection,92869777.58,121.074293,14.567472
P00821052LZ-CW1,2024,slope_protection,70920109.96,121.074328,14.543264
P00637787LZ-CW1,2022,river_structure,39600000.0,121.0746028,13.73616389
P00742411LZ-CW1,2023,drainage,4801500.0,121.07468,13.8437
P00727032LZ-CW1,2023,drainage,11755099.54,121.07498,14.61754
P00821055LZ-CW1,2024,slope_protection,70920498.2,121.07506,14.543456
P00421352LZ-CW1,2020,river_structure,103385143.29,121.0751,14.30557
P00637789LZ-CW1,2022,slope_protection,4950000.0,121.075182,13.743478
P00821057LZ-CW1,2024,slope_protection,70927423.27,121.075346,14.543915
P00821056LZ-CW1,2024,slope_protection,70927211.05,121.075843423827,14.5449511174681
P00844751LZ-CW1,2024,river_structure,29394604.89,121.07603,14.796881
P00727033LZ-CW1,2023,drainage,6858041.84,121.07632,14.6669
P00726029LZ-CW1,2023,river_structure,19415450.52,121.076413,14.614721
P00742406LZ-CW1,2023,drainage,3841200.0,121.07646,13.88935
P00821053LZ-CW1,2024,slope_protection,70927030.3,121.076557,14.545381
P00726016LZ-CW1,2023,river_structure,48509693.6,121.076561,14.685183
P00561779LZ-CW1,2021,drainage,38012519.5,121.0767056,14.33372222
P00620053LZ-CW1,2022,slope_protection,96500000.0,121.077101,14.523614
P00726143LZ-CW1,2023,river_structure,46531853.34,121.077111111111,16.3829694444444
P00726709LZ-CW1,2023,river_structure,39200000.0,121.077111111111,16.3296611111111
P00742418LZ-CW1,2023,slope_protection,2880900.0,121.07714,13.88483
P00620442LZ-CW1,2022,river_structure,42772590.0,121.077329,14.697418
P00620357LZ-CW1,2022,slope_protection,48999982.49,121.077482,14.544724
P00820648LZ-CW1,2024,river_structure,9790929.75,121.078063,14.615278
P00526368LZ-CW1,2021,river_structure,47521251.3,121.07829,18.5118
P00735961LZ-CW1,2023,river_structure,96500000.0,121.07831,18.13243
P00742409LZ-CW1,2023,drainage,10563300.0,121.07846,13.8639
P00824795LZ-CW1,2024,slope_protection,94568457.67,121.078787008844,14.527304448947
P00620054LZ-CW1,2022,slope_protection,91626371.52,121.079028,14.523389
P00726021LZ-CW1,2023,river_structure,49000000.0,121.079338,14.694643
P00726028LZ-CW1,2023,river_structure,29381895.44,121.07952,14.612559
P00640556LZ-CW1,2022,river_structure,49472556.72,121.07998,14.32917
P00726820LZ-CW1,2023,slope_protection,91578156.14,121.08002,14.520105
P00561270LZ-CW1,2021,river_structure,9900000.0,121.0802,18.53566
P00740300LZ-CW1,2023,river_structure,94021597.95,121.080419,14.773098
P00820235LZ-CW1,2024,river_structure,68844853.57,121.080436,14.837483
P00824595LZ-CW1,2024,drainage,9633293.79,121.08045,14.56407
P00632898LZ-CW1,2022,river_structure,49494593.92,121.08059,14.32912
P00823657LZ-CW1,2024,drainage,19284028.41,121.0806389,14.58236111
P00725941LZ-CW1,2023,drainage,7442044.02,121.0808333,14.54694444
P00525793LZ-CW1,2021,river_structure,19148711.92,121.08097,14.77112
P00821070LZ-CW1,2024,slope_protection,141811101.15,121.081013,14.519699
P00821071LZ-CW1,2024,slope_protection,141782110.52,121.081013,14.519699
P00821072LZ-CW1,2024,slope_protection,141854632.51,121.081013,14.519699
P00637082LZ-CW1,2022,river_structure,48994072.94,121.08111,14.33008
P00621072LZ-CW1,2022,river_structure,24500000.0,121.081345,16.395591
P00726821LZ-CW1,2023,slope_protection,91674420.38,121.081364,14.518974
P00848596LZ-CW1,2024,river_structure,53796440.8,121.081521,14.694959
P00726822LZ-CW1,2023,slope_protection,91616675.48,121.081949,14.518072
P00631303LZ-CW1,2022,river_structure,28819391.0,121.08197,14.32274
P00740301LZ-CW1,2023,river_structure,93966981.03,121.082093,14.774571
P00632722LZ-CW1,2022,drainage,4742519.0,121.082278,14.652444
P00740429LZ-CW1,2023,river_structure,241246568.58,121.0825,13.2707
P00737496LZ-CW1,2023,river_structure,4938291.5,121.08266,13.971975
P00742393LZ-CW1,2023,river_structure,9896963.8,121.082832,13.970834
P00620989LZ-CW1,2022,river_structure,49000000.0,121.08297,18.52789
P00725973LZ-CW1,2023,drainage,46535105.0,121.083056,14.61667
P00525919LZ-CW1,2021,river_structure,19600000.0,121.34028,17.14611
P00821439LZ-CW1,2024,slope_protection,47524950.0,121.0968805,14.5692578
P00742408LZ-CW1,2023,drainage,5761800.0,121.06024,13.87148
P00620444LZ-CW1,2022,river_structure,42731523.6,121.097449,14.70814
P00725531LZ-CW1,2023,river_structure,61469424.33,121.060878,14.532571
P00561554LZ-CW1,2021,river_structure,9553249.64,121.2574,14.538
P00742292LZ-CW1,2023,drainage,4950000.0,121.161388,17.397766
P00725654LZ-CW1,2023,river_structure,57900000.0,121.3425,16.975833
P00726025LZ-CW1,2023,river_structure,48997299.9,121.097612,14.668466
P00640544LZ-CW1,2022,drainage,6722480.66,121.20312,13.91519
P00639378LZ-CW1,2022,river_structure,96500000.0,121.135278,14.736944
P00525766LZ-CW1,2021,river_structure,21412893.0,121.061064,14.5325
P00725790LZ-CW1,2023,river_structure,48231583.13,121.257943,14.184129
P00640543LZ-CW1,2022,drainage,4851000.0,121.08333,13.8667
P00525744LZ-CW1,2021,river_structure,54988500.69,121.11134,14.68208
P00620010LZ-CW1,2022,slope_protection,89844082.13,121.097617,14.532297
P00742399LZ-CW1,2023,drainage,4802002.04,121.09768,13.86821
P00824585LZ-CW1,2024,drainage,4799173.96,121.097912,14.619704
P00742232LZ-CW1,2023,drainage,46525913.61,121.098055,14.660294
P00821438LZ-CW1,2024,slope_protection,47524455.0,121.0983541,14.5700885
P00821067LZ-CW1,2024,slope_protection,94567799.19,121.0985203,14.6015861
P00742231LZ-CW1,2023,drainage,46535318.28,121.098532,14.661524
P00838450LZ-CW1,2024,slope_protection,94087224.79,121.344266,14.060499
P00525937LZ-CW1,2021,river_structure,4801517.62,121.16173,17.38324
P00727230LZ-CW1,2023,river_structure,93035955.95,121.098646,14.66785
P00632710LZ-CW1,2022,river_structure,46522147.58,121.098811,14.650644
P00620009LZ-CW1,2022,slope_protection,89841032.41,121.098864,14.533095
P00727007LZ-CW1,2023,drainage,4653250.0,121.0989182,14.5519734
P00820968LZ-CW1,2024,river_structure,48997765.82,121.099381,12.352764
P00725949LZ-CW1,2023,drainage,9306350.0,121.09944,14.60306
P00726790LZ-CW1,2023,drainage,46727916.11,121.099545,14.662359
P00620008LZ-CW1,2022,slope_protection,89708559.82,121.099977,14.53383
P00824594LZ-CW1,2024,drainage,14400000.0,121.1005734,14.6032161
P00737522LZ-CW1,2023,drainage,4854180.0,121.100587,14.301091
P00725944LZ-CW1,2023,drainage,5118488.9,121.100644,14.61326
P00740572LZ-CW1,2023,river_structure,9652511.61,121.100711,18.576474
P00621267LZ-CW1,2022,slope_protection,68727191.24,121.100785,14.577072
P00621434LZ-CW1,2022,river_structure,44160217.49,121.10093,14.70788
P00821450LZ-CW1,2024,drainage,14360000.0,121.1010467,14.6031111
P00725954LZ-CW1,2023,river_structure,3726263.38,121.101301,14.5771153
P00742146LZ-CW1,2023,river_structure,98996644.29,121.101345,15.725695
P00620007LZ-CW1,2022,slope_protection,89179369.28,121.101403,14.534907
P00639405LZ-CW1,2022,drainage,46531390.29,121.101445,14.664308
P00742234LZ-CW1,2023,drainage,29782000.0,121.1014918,14.5409618
P00725518LZ-CW1,2023,river_structure,68598212.46,121.101553,14.576213
P00740428LZ-CW1,2023,river_structure,241246196.08,121.101679,13.2865
P00740426LZ-CW1,2023,river_structure,241246775.7,121.1017,13.2919
P00727003LZ-CW1,2023,drainage,13960450.0,121.101867,14.6121988
P00727185LZ-CW1,2023,drainage,9044555.45,121.1019,13.35722
P00824592LZ-CW1,2024,drainage,9600000.0,121.1019429,14.6126654
P00824598LZ-CW1,2024,drainage,4825413.74,121.102025,14.57656389
P00823266LZ-CW1,2024,slope_protection,94530649.03,121.102072,14.5757229
P00845861LZ-CW1,2024,drainage,29177719.98,121.102115,14.658164
P00742108LZ-CW1,2023,slope_protection,91636178.26,121.102213,14.534794
P00820868LZ-CW1,2024,river_structure,39200000.0,121.10266,13.625075
P00727005LZ-CW1,2023,drainage,5584065.0,121.102712,14.5411441
P00824597LZ-CW1,2024,drainage,9602277.0,121.102808,14.593409
P00727002LZ-CW1,2023,drainage,7405117.3,121.102829,14.594093
P00742416LZ-CW1,2023,drainage,4801500.0,121.1029,13.87843
P00725945LZ-CW1,2023,drainage,18613450.0,121.103056,14.59389
P00640542LZ-CW1,2022,drainage,9603000.0,121.10316,13.92371
P00742109LZ-CW1,2023,slope_protection,91577987.28,121.103187,14.533785
P00845862LZ-CW1,2024,drainage,19395750.0,121.1032253,14.5458952
P00640559LZ-CW1,2022,drainage,7274006.35,121.10369,14.20177
P00742415LZ-CW1,2023,drainage,4801500.0,121.10384,13.87655
P00740427LZ-CW1,2023,river_structure,241245362.73,121.1041,13.29913
P00639406LZ-CW1,2022,drainage,46521674.81,121.104129,14.66507
P00725516LZ-CW1,2023,river_structure,83533778.38,121.104324,14.624492
P00825126LZ-CW1,2024,river_structure,96499978.46,121.104722,13.220556
P00525717LZ-CW1,2021,river_structure,46534811.01,121.105399,14.663012
P00742414LZ-CW1,2023,drainage,4801500.0,121.10587,13.87923
P00742407LZ-CW1,2023,drainage,11043450.0,121.10595,13.87868
P00725665LZ-CW1,2023,river_structure,48249825.26,121.10611,16.33777
P00821424LZ-CW1,2024,drainage,14358000.0,121.1066421,14.5471368
P00621619LZ-CW1,2022,river_structure,48388030.69,121.106765,15.722071
P00726734LZ-CW1,2023,river_structure,48995000.0,121.10686,15.721971
P00823552LZ-CW1,2024,river_structure,48250000.0,121.10691,14.6752
P00621420LZ-CW1,2022,river_structure,44100000.0,121.10693,16.404979
P00821423LZ-CW1,2024,drainage,14355000.0,121.1069655,14.5477242
P00621620LZ-CW1,2022,river_structure,48020454.15,121.107051,15.721937
P00725515LZ-CW1,2023,drainage,56741661.01,121.107093,14.634838
P00632707LZ-CW1,2022,river_structure,46353618.68,121.107168,14.635304
P00821422LZ-CW1,2024,drainage,14362000.0,121.1072342,14.5483035
P00727004LZ-CW1,2023,drainage,14887658.04,121.107318,14.548365
P00727006LZ-CW1,2023,drainage,13491856.5,121.1075142,14.5474734
P00740574LZ-CW1,2023,drainage,29400000.0,121.10755,16.38854
P00821258LZ-CW1,2024,river_structure,68997401.62,121.10781,15.59811
P00621066LZ-CW1,2022,river_structure,44100000.0,121.1081361,16.44231667
P00725946LZ-CW1,2023,river_structure,26522268.36,121.108608,14.587641
P00525746LZ-CW1,2021,river_structure,91626579.72,121.1087,14.6775
P00639500LZ-CW1,2022,drainage,48999996.69,121.10872,14.60468
P00725947LZ-CW1,2023,river_structure,46516087.53,121.10872,14.58011
P00725933LZ-CW1,2023,drainage,35355762.73,121.108804,14.637264
P00644765LZ-CW1,2022,slope_protection,9620504.08,121.109027,17.222835
P00637071LZ-CW1,2022,slope_protection,39197202.76,121.10905,14.82009
P00525649LZ-CW1,2021,river_structure,45311851.54,121.1093,14.60138
P00561677LZ-CW1,2021,river_structure,29700000.0,121.10935,16.40187
P00620636LZ-CW1,2022,river_structure,11577576.99,121.109449,14.603536
P00620441LZ-CW1,2022,river_structure,42768180.0,121.10959,14.692343
P00620766LZ-CW1,2022,slope_protection,83373114.19,121.10959,14.692343
P00620928LZ-CW1,2022,slope_protection,42330218.21,121.1096,14.69231
P00620767LZ-CW1,2022,slope_protection,83370218.21,121.10966,14.692322
P00632709LZ-CW1,2022,drainage,27920821.91,121.109707,14.653594
P00637065LZ-CW1,2022,river_structure,24500000.0,121.1097222,18.02666667
P00526279LZ-CW1,2021,river_structure,117368750.26,121.11,16.3825
P00725932LZ-CW1,2023,drainage,46546399.2,121.110113,14.644015
P00825202LZ-CW1,2024,slope_protection,48001608.49,121.110178,14.636266
P00620584LZ-CW1,2022,river_structure,43475714.0,121.11053,14.2661
P00725934LZ-CW1,2023,drainage,41878276.31,121.1107,14.64214
P00725513LZ-CW1,2023,river_structure,96499650.0,121.110816,14.688848
P00725553LZ-CW1,2023,river_structure,42762228.48,121.110941,14.689484
P00525723LZ-CW1,2021,river_structure,27918676.97,121.110955,14.636029
P00725552LZ-CW1,2023,river_structure,96499629.5,121.111,14.6918
P00820023LZ-CW1,2024,river_structure,95341600.18,121.111079,14.693778
P00737391LZ-CW1,2023,river_structure,39599226.64,121.061089,14.543736
P00525745LZ-CW1,2021,river_structure,51780561.65,121.11134,14.68208
P00737544LZ-CW1,2023,river_structure,9164395.48,121.135509,14.752029
P00725942LZ-CW1,2023,river_structure,6979271.06,121.083796,14.562289
P00620863LZ-CW1,2022,river_structure,79130000.0,121.205112,13.634299
P00740396LZ-CW1,2023,river_structure,9650000.0,121.257954,13.605312
P00632918LZ-CW1,2022,slope_protection,49500000.0,121.344545,14.318942
P00620645LZ-CW1,2022,river_structure,19600000.0,121.16223,14.53367
P00727116LZ-CW1,2023,river_structure,49000000.0,121.111489444444,16.4075280555556
P00825052LZ-CW1,2024,river_structure,144750000.0,121.11149,16.4446
P00825051LZ-CW1,2024,river_structure,144750000.0,121.11154,16.4444
P00820304LZ-CW1,2024,river_structure,144750000.0,121.11164,14.6888
P00825047LZ-CW1,2024,river_structure,96500000.0,121.1117,16.42189
P00525501LZ-CW1,2021,river_structure,82391142.18,121.111869,14.685235
P00620104LZ-CW1,2022,river_structure,72548700.0,121.111869,14.685235
P00824630LZ-CW1,2024,drainage,9799974.07,121.0612,14.6698
P00726014LZ-CW1,2023,river_structure,48440881.0,121.111926,14.702811
P00820305LZ-CW1,2024,river_structure,144750000.0,121.11205,14.6874
P00526308LZ-CW1,2021,river_structure,82028200.85,121.1124083,14.68478611
P00839605LZ-CW1,2024,drainage,9651344.0,121.112448,13.95879076
P00737364LZ-CW1,2023,river_structure,59400000.0,121.112677,16.405096
P00839604LZ-CW1,2024,drainage,4825893.43,121.11271865,13.95554363
P00820231LZ-CW1,2024,river_structure,68871068.05,121.112951,14.839371
P00737499LZ-CW1,2023,river_structure,5761800.0,121.11301,13.86145
P00525647LZ-CW1,2021,river_structure,40819918.28,121.11358,14.56562
P00726568LZ-CW1,2023,river_structure,125449994.81,121.1137028,14.68651667
P00737523LZ-CW1,2023,drainage,9626996.0,121.114167,14.307767
P00620261LZ-CW1,2022,river_structure,92918782.24,121.11444,14.61415
P00726140LZ-CW1,2023,river_structure,48999979.03,121.11472,16.31805
P00823233LZ-CW1,2024,river_structure,94534207.04,121.11508333,14.67377778
P00820365LZ-CW1,2024,river_structure,85373200.0,121.115096,14.27448
P00825205LZ-CW1,2024,slope_protection,39216457.66,121.115759,14.638368
P00561473LZ-CW1,2021,river_structure,27921189.21,121.115861,14.638327
P00525724LZ-CW1,2021,river_structure,46531568.36,121.115861,14.638327
P00639404LZ-CW1,2022,drainage,46531269.11,121.116186,14.638367
P00820941LZ-CW1,2024,river_structure,48999965.78,121.116428,14.568439
P00843255LZ-CW1,2024,river_structure,93605000.0,121.11654,16.459627
P00639501LZ-CW1,2022,drainage,19592817.96,121.11658,14.58433
P00561395LZ-CW1,2021,drainage,24735004.03,121.11703,14.59222
P00639505LZ-CW1,2022,drainage,9800000.0,121.11769,14.5783
P00639503LZ-CW1,2022,river_structure,4900000.0,121.11786,14.56862
P00726661LZ-CW1,2023,river_structure,9752558.5,121.11797,17.23164
P00561568LZ-CW1,2021,river_structure,2887852.23,121.1184,14.6857
P00742392LZ-CW1,2023,drainage,4949600.0,121.118571667,13.947095
P00820788LZ-CW1,2024,river_structure,19600000.0,121.118611,16.3907885
P00846039LZ-CW1,2024,drainage,4949948.0,121.118637,13.949253
P00726569LZ-CW1,2023,river_structure,106146063.93,121.1187306,14.68625556
P00727157LZ-CW1,2023,slope_protection,14700000.0,121.11905,13.93088
P00621110LZ-CW1,2022,river_structure,30889322.14,121.119246,12.453551
P00745420LZ-CW1,2023,river_structure,19300000.0,121.119407,16.4666538
P00825235LZ-CW1,2024,river_structure,49000000.0,121.11966,16.46681
P00448737LZ-CW1,2020,drainage,125449561.5,121.119845,14.697988
P00620256LZ-CW1,2022,river_structure,94926276.39,121.120147,14.553393
P00736622LZ-CW1,2023,drainage,49000000.0,121.12063,14.696903
P00737540LZ-CW1,2023,drainage,4950000.0,121.120688,14.685803
P00525551LZ-CW1,2021,river_structure,61570860.0,121.12075,16.78565
P00621065LZ-CW1,2022,river_structure,49000000.0,121.12087,16.42443
P00620648LZ-CW1,2022,river_structure,18433172.71,121.1209,14.62458
P00641869LZ-CW1,2022,river_structure,49000000.0,121.12092,16.46816
P00839651LZ-CW1,2024,drainage,4950000.0,121.12104,14.6771
P00620805LZ-CW1,2022,river_structure,75007552.68,121.1211,16.785
P00525478LZ-CW1,2021,river_structure,74449237.08,121.121523,14.636978
P00223238LZ-CW1,2018,river_structure,92738982.46,121.12173,12.58658
P00726224LZ-CW1,2023,river_structure,42953760.0,121.122041,14.210035
P00637799LZ-CW1,2022,drainage,9899885.24,121.122429,14.592071
P00621069LZ-CW1,2022,river_structure,44100000.0,121.12288,16.43321
P00726710LZ-CW1,2023,river_structure,9800000.0,121.1231403,16.471383
P00727117LZ-CW1,2023,river_structure,49000000.0,121.1231403,16.4713838
P00737539LZ-CW1,2023,drainage,4750931.77,121.123416,14.697797
P00726575LZ-CW1,2023,river_structure,106149488.03,121.1238306,14.54661944
P00737537LZ-CW1,2023,drainage,4950000.0,121.123973,14.701341
P00846101LZ-CW1,2024,river_structure,19800000.0,121.124444,13.3575
P00742413LZ-CW1,2023,slope_protection,4801500.0,121.12446,13.88106
P00727000LZ-CW1,2023,slope_protection,41879376.78,121.124813,14.668088
P00561569LZ-CW1,2021,river_structure,9900000.0,121.1259,14.6928
P00726141LZ-CW1,2023,river_structure,49000000.0,121.1260644,16.4069972
P00820960LZ-CW1,2024,river_structure,19599554.7,121.126372,14.559507
P00821191LZ-CW1,2024,river_structure,96500000.0,121.12694,16.47378
P00737541LZ-CW1,2023,river_structure,4950000.0,121.126959,14.68284
P00561571LZ-CW1,2021,river_structure,4818684.46,121.127,14.6958
P00620583LZ-CW1,2022,river_structure,46037061.26,121.12709,14.28944
P00637802LZ-CW1,2022,drainage,9010591.78,121.12741,14.57914
P00821257LZ-CW1,2024,river_structure,85114741.23,121.12746,15.5947
P00824748LZ-CW1,2024,river_structure,17963395.16,121.1275,13.38
P00620558LZ-CW1,2022,river_structure,19600000.0,121.128741,13.633911
P00725771LZ-CW1,2023,river_structure,96499118.98,121.129132,14.105696
P00620219LZ-CW1,2022,river_structure,102289849.97,121.1303583,14.53586944
P00620632LZ-CW1,2022,river_structure,14699078.69,121.13135,14.63798
P00620078LZ-CW1,2022,river_structure,91630467.22,121.131446,14.664137
P00742229LZ-CW1,2023,river_structure,46525054.49,121.131621,14.663761
P00821058LZ-CW1,2024,slope_protection,70890893.2,121.131818,14.657348
P00621003LZ-CW1,2022,river_structure,36551362.81,121.1319,16.8047
P00825234LZ-CW1,2024,river_structure,49000000.0,121.1321455,16.3876222
P00742388LZ-CW1,2023,river_structure,8910000.0,121.1324276,13.68472393
P00726953LZ-CW1,2023,river_structure,289497725.19,121.1325,13.2681
P00726954LZ-CW1,2023,river_structure,289497858.24,121.1327,13.2679
P00620079LZ-CW1,2022,river_structure,91620467.22,121.132866,14.661801
P00637064LZ-CW1,2022,river_structure,24500000.0,121.1330556,18.01494444
P00726098LZ-CW1,2023,river_structure,49000000.0,121.133088888888,18.0148805555555
P00620590LZ-CW1,2022,river_structure,47153622.93,121.13358,14.26742
P00820298LZ-CW1,2024,river_structure,144394880.0,121.13367,14.6531
P00620255LZ-CW1,2022,river_structure,57898640.09,121.134127,14.536643
P00820935LZ-CW1,2024,river_structure,29399971.73,121.134132222222,14.5367075
P00620646LZ-CW1,2022,river_structure,19599936.38,121.134162222222,14.5364727777778
P00839620LZ-CW1,2024,drainage,4949552.0,121.13455,14.244894
P00726104LZ-CW1,2023,river_structure,9794194.36,121.13456,17.35029
P00740393LZ-CW1,2023,slope_protection,96499005.06,121.0840167,14.35641111
P00725841LZ-CW1,2023,river_structure,48249216.48,121.135571,14.736941
P00838538LZ-CW1,2024,river_structure,48246558.99,121.25836053,13.27464014
P00843256LZ-CW1,2024,river_structure,91675000.0,121.25864,16.57088
P00637792LZ-CW1,2022,river_structure,9603000.0,121.13572,13.88975
P00620643LZ-CW1,2022,river_structure,19599984.21,121.16245,14.53503
P00838539LZ-CW1,2024,river_structure,48247759.16,121.258987,13.264525
P00727174LZ-CW1,2023,river_structure,19600000.0,121.205279,14.590477
P00620633LZ-CW1,2022,river_structure,14699456.57,121.13614,14.64241
P00726230LZ-CW1,2023,river_structure,44094608.57,121.1651111,14.21573056
P00740391LZ-CW1,2023,river_structure,192977502.39,121.1654972,14.77604444
P00640552LZ-CW1,2022,drainage,9603459.0,121.20554,13.97196
P00726256LZ-CW1,2023,river_structure,39346719.3,121.136185,14.719812
P00620375LZ-CW1,2022,drainage,3723510.28,121.061271,14.542936
P00561570LZ-CW1,2021,river_structure,1930317.07,121.344728,14.579219
P00620006LZ-CW1,2022,slope_protection,88395424.56,121.084118,14.587178
P00620239LZ-CW1,2022,river_structure,86849261.05,121.25915,14.18709
P00725677LZ-CW1,2023,river_structure,96472643.42,121.16555,16.30027
P00726664LZ-CW1,2023,river_structure,16609960.78,121.20575,17.36686
P00820232LZ-CW1,2024,river_structure,96498249.74,121.061724,14.779518
P00825248LZ-CW1,2024,river_structure,48999973.92,121.136944,13.231111
P00620443LZ-CW1,2022,river_structure,44100000.0,121.084489,14.684501
P00632919LZ-CW1,2022,slope_protection,29700000.0,121.348611,14.325556
P00725821LZ-CW1,2023,river_structure,72352314.41,121.25945,14.187359
P00726103LZ-CW1,2023,river_structure,4894091.75,121.16556,17.32779
P00725976LZ-CW1,2023,drainage,5880000.0,121.061732,14.541059
P00725799LZ-CW1,2023,river_structure,47041826.24,121.13721,14.21249
P00631300LZ-CW1,2022,river_structure,19599339.02,121.2603,14.19035
P00821549LZ-CW1,2024,river_structure,39200000.0,121.34966,17.20864
P00621019LZ-CW1,2022,river_structure,4605589.49,121.1656,17.32812
P00921803LZ-CW1,2025,river_structure,19299949.9,121.2058333,13.319722
P00824725LZ-CW1,2024,river_structure,29268232.7,121.084614,14.28626
P00644780LZ-CW1,2022,river_structure,9649872.27,121.06185,14.308894
P00640560LZ-CW1,2022,drainage,7408126.25,121.13735,14.17397
P00639380LZ-CW1,2022,river_structure,144748520.45,121.26056,14.166006
P00525929LZ-CW1,2021,river_structure,2895749.57,121.165954,17.386943
P00726654LZ-CW1,2023,river_structure,49000000.0,121.206291666666,17.9821305555555
P00820893LZ-CW1,2024,river_structure,47946089.1,121.084706,14.285911
P00727188LZ-CW1,2023,river_structure,38599996.6,121.2069,13.31833
P00632869LZ-CW1,2022,drainage,4948062.6,121.137675,14.129112
P00742236LZ-CW1,2023,drainage,9309670.78,121.061884,14.50349704
P00823344LZ-CW1,2024,river_structure,96500000.0,121.2612067,16.5027237
P00726708LZ-CW1,2023,river_structure,47326160.0,121.165983333333,16.4805722222222
P00561148LZ-CW1,2021,river_structure,7445274.05,121.085,14.609
P00821604LZ-CW1,2024,river_structure,29399981.95,121.207778,13.3175
P00620257LZ-CW1,2022,river_structure,93122063.22,121.13843,14.60707
P00740503LZ-CW1,2023,drainage,46549971.18,121.06201,14.505035
P00620649LZ-CW1,2022,slope_protection,48999785.01,121.261253,14.625605
P00725520LZ-CW1,2023,slope_protection,87090824.84,121.06202,14.505012
P00620591LZ-CW1,2022,slope_protection,43120000.0,121.349766,14.076309
P00825236LZ-CW1,2024,river_structure,49000000.0,121.166,16.48055
P00726653LZ-CW1,2023,river_structure,49000000.0,121.207831,17.983667
P00639375LZ-CW1,2022,river_structure,94464205.36,121.138611,14.736389
P00620483LZ-CW1,2022,drainage,34300000.0,121.26139,17.09667
P00727013LZ-CW1,2023,river_structure,47813558.33,121.062214,14.762058
P00824591LZ-CW1,2024,drainage,19198671.1,121.085257,14.559143
P00725788LZ-CW1,2023,river_structure,154399847.93,121.2615944,14.17139444
P00727014LZ-CW1,2023,river_structure,47842662.41,121.062214,14.762058
P00727371LZ-CW1,2023,river_structure,49000000.0,121.35065,13.82709
P00621112LZ-CW1,2022,river_structure,48999957.5,121.1661,13.13361
P00631285LZ-CW1,2022,river_structure,49000000.0,121.2086,13.6394
P00620639LZ-CW1,2022,slope_protection,27343115.77,121.139126111111,14.5337333333333
P00823343LZ-CW1,2024,river_structure,96500000.0,121.2618625,16.50333
P00621093LZ-CW1,2022,river_structure,27569128.0,121.35106,13.82699
P00725819LZ-CW1,2023,river_structure,84765670.0,121.1670306,14.22563056
P00725718LZ-CW1,2023,river_structure,96497180.56,121.062386,14.831489
P00726142LZ-CW1,2023,river_structure,49000000.0,121.085905555556,16.39635
P00839647LZ-CW1,2024,slope_protection,4949917.86,121.210049,14.478089
P00736028LZ-CW1,2023,river_structure,96499864.97,121.2639222,14.17340278
P00846000LZ-CW1,2024,river_structure,5791723.38,121.139203,15.600294
P00825249LZ-CW1,2024,river_structure,48997248.42,121.351583333333,12.3822222222222
P00725717LZ-CW1,2023,river_structure,96498078.58,121.06239,14.77566
P00320013LZ-CW1,2019,drainage,94907798.15,121.086296,14.632371
P00620021LZ-CW1,2022,drainage,70930048.4,121.062478,14.505034
P00737531LZ-CW1,2023,river_structure,9899996.75,121.210983333333,14.4202111111111
P00737535LZ-CW1,2023,river_structure,4950000.0,121.139925,14.71004
P00726172LZ-CW1,2023,river_structure,48990841.52,121.2642,15.6447
P00726249LZ-CW1,2023,river_structure,29400000.0,121.167098,14.615329
P00621463LZ-CW1,2022,river_structure,48930644.27,121.08631,14.34243
P00844781LZ-CW1,2024,river_structure,29397112.52,121.351583333333,12.3822222222222
P00844754LZ-CW1,2024,slope_protection,48989112.33,121.062511,14.849679
P00821178LZ-CW1,2024,river_structure,144750000.0,121.2648,16.5901
P00561800LZ-CW1,2021,river_structure,29700000.0,121.1403,14.755
P00726205LZ-CW1,2023,river_structure,29398381.6,121.1673359,14.0949127
P00846067LZ-CW1,2024,drainage,4836150.0,121.140480555556,14.2006361111111
P00740430LZ-CW1,2023,river_structure,202647244.29,121.352,12.3842
P00725965LZ-CW1,2023,drainage,6514929.4,121.0863593,14.5613983
P00725720LZ-CW1,2023,river_structure,96498410.9,121.062523,14.775581
P00742448LZ-CW1,2023,slope_protection,4950000.0,121.212074,14.512151
P00821183LZ-CW1,2024,river_structure,144750000.0,121.26486,16.59018
P00742455LZ-CW1,2023,drainage,4948415.62,121.1675,13.40028
P00640545LZ-CW1,2022,drainage,24007500.0,121.14053,13.92979
P00620990LZ-CW1,2022,river_structure,47169843.01,121.08638,18.53715
P00637028LZ-CW1,2022,river_structure,95051178.88,121.06258,14.85222
P00821180LZ-CW1,2024,river_structure,144750000.0,121.212397,16.50232025
P00620238LZ-CW1,2022,river_structure,86813738.33,121.26525,14.17968
P00621462LZ-CW1,2022,river_structure,48994674.47,121.08646,14.34588
P00740573LZ-CW1,2023,river_structure,19600000.0,121.35387,18.49634
P00742397LZ-CW1,2023,drainage,4801678.25,121.16753,13.82159
P00621102LZ-CW1,2022,river_structure,48509990.21,121.140556,14.736389
P00725721LZ-CW1,2023,river_structure,96497264.42,121.06261,14.82898
P00820317LZ-CW1,2024,river_structure,91675000.0,121.21311,14.5719
P00821181LZ-CW1,2024,river_structure,144750000.0,121.26532,16.637459
P00725964LZ-CW1,2023,drainage,7910500.0,121.0866858,14.557208
P00742402LZ-CW1,2023,slope_protection,7682785.0,121.35826,13.65801
P00525938LZ-CW1,2021,drainage,1905025.19,121.16778,17.49306
P00742389LZ-CW1,2023,river_structure,49500000.0,121.140563,13.647164
P00726026LZ-CW1,2023,river_structure,8631549.0,121.062641,14.629343
P00742238LZ-CW1,2023,drainage,27933956.18,121.086762865768,14.6292218566145
P00737532LZ-CW1,2023,river_structure,9899996.95,121.213276,14.428799
P00526134LZ-CW1,2021,river_structure,19599999.07,121.16793,14.49918
P00561682LZ-CW1,2021,river_structure,24750000.0,121.08726,16.3393
P00561558LZ-CW1,2021,river_structure,29702033.61,121.1407,14.7259
P00843254LZ-CW1,2024,river_structure,89745000.0,121.2664878,16.584886
P00727028LZ-CW1,2023,river_structure,4851553.48,121.06268,14.62747
P00846045LZ-CW1,2024,drainage,4800175.78,121.214483,13.914317
P00726225LZ-CW1,2023,river_structure,42200389.0,121.16875,14.2333
P00725953LZ-CW1,2023,drainage,37224156.95,121.087423,14.5569137
P00561573LZ-CW1,2021,river_structure,1929947.64,121.358677,14.660765
P00620472LZ-CW1,2022,river_structure,15680000.0,121.2677778,17.82388889
P00845838LZ-CW1,2024,river_structure,67549998.51,121.141389,13.404722
P00726597LZ-CW1,2023,river_structure,49212877.23,121.06294,12.61877
P00620215LZ-CW1,2022,river_structure,77200000.0,121.215556,14.555556
P00742288LZ-CW1,2023,river_structure,4865109.77,121.08755,16.77016
P00742401LZ-CW1,2023,drainage,4801978.98,121.35952,13.83516
P00620988LZ-CW1,2022,river_structure,22928490.31,121.2677778,17.82388889
P00620864LZ-CW1,2022,river_structure,78469940.0,121.215876,13.649755
P00821077LZ-CW1,2024,slope_protection,94559906.54,121.063049367283,14.490191160945
P00561804LZ-CW1,2021,river_structure,5940000.0,121.1416,14.7522
P00727156LZ-CW1,2023,river_structure,39200000.0,121.36224,13.8295
P00621528LZ-CW1,2022,river_structure,14700000.0,121.087648,18.577617
P00742390LZ-CW1,2023,slope_protection,9900000.0,121.2678,13.6048
P00725832LZ-CW1,2023,river_structure,67550000.0,121.216039,14.572953
P00823584LZ-CW1,2024,river_structure,24124947.7,121.168889,13.414722
P00726750LZ-CW1,2023,river_structure,49000000.0,121.063179,13.748049
P00821563LZ-CW1,2024,river_structure,8815139.84,121.14218,17.25938
P00561548LZ-CW1,2021,river_structure,7642498.81,121.268056,14.524722
P00620637LZ-CW1,2022,slope_protection,47039965.76,121.16896,14.50047
P00632940LZ-CW1,2022,slope_protection,6666333.87,121.365555555556,12.6913888888889
P00740313LZ-CW1,2023,river_structure,115800000.0,121.26833,17.81972
P00620651LZ-CW1,2022,river_structure,49000000.0,121.216111,14.572778
P00621419LZ-CW1,2022,river_structure,49000000.0,121.088065,16.3547313
P00526133LZ-CW1,2021,river_structure,19599997.48,121.16897,14.50047
P00561181LZ-CW1,2021,slope_protection,32320400.0,121.1425,13.79305
P00620213LZ-CW1,2022,river_structure,96500000.0,121.06321,13.74632
P00726657LZ-CW1,2023,river_structure,48970460.61,121.37028,17.40077
P00620136LZ-CW1,2022,river_structure,51762600.0,121.2686111,17.81833333
P00640547LZ-CW1,2022,river_structure,3841200.0,121.08849,13.90624
P00736029LZ-CW1,2023,river_structure,217120601.67,121.1698,13.1628
P00621014LZ-CW1,2022,river_structure,8598099.86,121.1425,17.25861
P00736031LZ-CW1,2023,river_structure,221948493.37,121.1701,13.1697
P00632712LZ-CW1,2022,drainage,13860000.0,121.063232,14.56029
P00727189LZ-CW1,2023,drainage,30791170.25,121.3708,13.12306
P00742412LZ-CW1,2023,drainage,5761800.0,121.08861,13.89031
P00820963LZ-CW1,2024,river_structure,48444340.0,121.21641,14.5483
P00726398LZ-CW1,2023,river_structure,72375000.0,121.268638888888,17.8186416666666
P00526131LZ-CW1,2021,river_structure,13966470.0,121.14289,14.60368
P00736030LZ-CW1,2023,river_structure,217121051.43,121.1703,13.1643
P00640456LZ-CW1,2022,river_structure,118800000.0,121.37143,15.326385
P00824584LZ-CW1,2024,drainage,11557707.21,121.0886392,14.620213
P00737533LZ-CW1,2023,river_structure,4950000.0,121.216663,14.543525
P00727267LZ-CW1,2023,river_structure,77200000.0,121.08877,18.61132
P00726102LZ-CW1,2023,river_structure,7834904.25,121.14311,17.35699
P00637791LZ-CW1,2022,river_structure,4801460.0,121.26957,13.87795
P00725839LZ-CW1,2023,river_structure,106149946.49,121.17042453,14.50094361
P00620212LZ-CW1,2022,river_structure,96500000.0,121.06331,13.74919
P00737530LZ-CW1,2023,river_structure,9899988.55,121.21678,14.350558
P00821192LZ-CW1,2024,river_structure,96500000.0,121.08889,16.37575
P00821545LZ-CW1,2024,river_structure,19600000.0,121.37236,17.239
P00737498LZ-CW1,2023,river_structure,4800269.23,121.14321,13.94175
P00742127LZ-CW1,2023,river_structure,69300000.0,121.269861111111,16.5866888888889
P00736034LZ-CW1,2023,river_structure,217122876.4,121.1716,13.1777
P00821065LZ-CW1,2024,slope_protection,94568185.19,121.0634,14.4907
P00725656LZ-CW1,2023,river_structure,62725000.0,121.37384,17.231
P00821120LZ-CW1,2024,river_structure,52744005.0,121.37423,17.2423
P00737363LZ-CW1,2023,river_structure,65573723.02,121.0890977,14.5884642
P00631282LZ-CW1,2022,river_structure,49000000.0,121.217545,13.651811
P00620623LZ-CW1,2022,river_structure,27439523.75,121.17195,14.59172
P00821076LZ-CW1,2024,slope_protection,94569774.62,121.06341581542,14.4916195282579
P00820312LZ-CW1,2024,river_structure,91675000.0,121.27043,14.5278
P00561396LZ-CW1,2021,drainage,19799998.38,121.17221,14.50108
P00742410LZ-CW1,2023,slope_protection,9603000.0,121.08934,13.92555
P00620676LZ-CW1,2022,river_structure,13984346.37,121.375,12.700556
P00742445LZ-CW1,2023,river_structure,19800000.0,121.143234,14.605805
P00620378LZ-CW1,2022,drainage,10240935.96,121.063441,14.550877
P00632900LZ-CW1,2022,drainage,5814445.94,121.21797,14.17782
P00725792LZ-CW1,2023,river_structure,48233455.0,121.2714,14.1489
P00621472LZ-CW1,2022,slope_protection,14700000.0,121.0893462,13.78078103
P00620802LZ-CW1,2022,river_structure,79576285.45,121.37653,18.20659
P00820932LZ-CW1,2024,river_structure,9799977.16,121.217980555556,14.3390194444444
P00742398LZ-CW1,2023,slope_protection,5761800.0,121.27148,13.87242
P00736032LZ-CW1,2023,river_structure,212299613.54,121.1724,13.1821
P00726434LZ-CW1,2023,river_structure,48250000.0,121.08944,18.5711
P00825048LZ-CW1,2024,river_structure,96500000.0,121.143566,16.47358
P00631051LZ-CW1,2022,river_structure,14259000.0,121.063512813773,14.7111396867149
P00825131LZ-CW1,2024,river_structure,96496493.95,121.3774546,12.6886321
P00637800LZ-CW1,2022,river_structure,9899971.09,121.218413611111,14.3551769444444
P00737536LZ-CW1,2023,drainage,4950000.0,121.1436671,14.70806173
P00620810LZ-CW1,2022,river_structure,79564241.95,121.27193,18.34319
P00639496LZ-CW1,2022,river_structure,9799983.23,121.218641666667,14.3559419444444
P00526091LZ-CW1,2021,river_structure,28372642.6,121.1726861,14.21737778
P00561155LZ-CW1,2021,drainage,13963308.5,121.063533,14.550433
P00736624LZ-CW1,2023,river_structure,47701895.21,121.382000833333,12.2969038888889
P00725962LZ-CW1,2023,drainage,27947309.47,121.0896,14.56058
P00621502LZ-CW1,2022,river_structure,12494941.19,121.1728,16.72
P00823341LZ-CW1,2024,river_structure,96500000.0,121.2188145,16.444
P00844755LZ-CW1,2024,slope_protection,48990160.74,121.063627,14.852634
P00742287LZ-CW1,2023,river_structure,14243240.81,121.27225,18.34743
P00621017LZ-CW1,2022,river_structure,9788631.81,121.1437,17.25911
P00726825LZ-CW1,2023,river_structure,82507105.55,121.089698,14.526907
P00726399LZ-CW1,2023,river_structure,96481880.32,121.38433,18.22593
P00621070LZ-CW1,2022,river_structure,40826800.0,121.144265,16.470243
P00824596LZ-CW1,2024,drainage,9601233.69,121.08978,14.597011
P00640549LZ-CW1,2022,drainage,4801470.13,121.17287,13.90978
P00639499LZ-CW1,2022,river_structure,9799973.61,121.218938333333,14.3559613888889
P00727030LZ-CW1,2023,river_structure,14653311.8,121.063686,14.632674
P00621524LZ-CW1,2022,river_structure,49000000.0,121.063826,14.535317
P00621067LZ-CW1,2022,river_structure,49000000.0,121.144265,16.39131
P00620641LZ-CW1,2022,slope_protection,48946916.5,121.272606,14.66013
P00725943LZ-CW1,2023,drainage,4416000.0,121.089887,14.569395
P00725826LZ-CW1,2023,river_structure,96498518.01,121.0638278,14.26882222
P00620489LZ-CW1,2022,river_structure,8405370.83,121.1733,17.34694
P00821605LZ-CW1,2024,river_structure,48999995.96,121.220833,13.314722
P00823328LZ-CW1,2024,river_structure,96500000.0,121.1447,17.0839
P00620254LZ-CW1,2022,slope_protection,91521089.25,121.27268,14.66013
P00742235LZ-CW1,2023,drainage,27924104.19,121.063829,14.50827806
P00632708LZ-CW1,2022,drainage,18607744.39,121.089942,14.649746
P00632785LZ-CW1,2022,river_structure,4811362.67,121.38581217,17.3905901
P00736033LZ-CW1,2023,river_structure,217122749.25,121.1738,13.1892
P00736035LZ-CW1,2023,river_structure,217123234.28,121.1738,13.2089
P00632873LZ-CW1,2022,drainage,4823615.6,121.144978,14.081896
P00820374LZ-CW1,2024,river_structure,93564706.0,121.27412,14.173592
P00844680LZ-CW1,2024,river_structure,28800369.3,121.064197,14.765841
P00740652LZ-CW1,2023,river_structure,9799998.77,121.221317,14.399647
P00740653LZ-CW1,2023,river_structure,4899993.44,121.221419444444,14.3932527777778
P00561562LZ-CW1,2021,river_structure,4801495.3,121.2219,14.4457
P00639497LZ-CW1,2022,slope_protection,4899788.04,121.22195,14.38624
P00632910LZ-CW1,2022,river_structure,42347638.77,121.145113333333,14.51691
P00561213LZ-CW1,2021,drainage,13960378.73,121.09,14.56
P00727186LZ-CW1,2023,drainage,38599985.72,121.2222,13.315
P00632895LZ-CW1,2022,drainage,5939211.58,121.27417,14.18865
P00561563LZ-CW1,2021,river_structure,9900000.0,121.145267,14.753022
P00561474LZ-CW1,2021,river_structure,9304693.59,121.09,14.554
P00727345LZ-CW1,2023,river_structure,19255698.77,121.3872222,17.842278
P00740434LZ-CW1,2023,river_structure,212138142.85,121.1738,13.2124
P00726239LZ-CW1,2023,river_structure,19599812.56,121.274664,14.658688
P00726237LZ-CW1,2023,river_structure,48999987.97,121.145412,14.640935
P00620214LZ-CW1,2022,river_structure,96500000.0,121.145556,14.742778
P00844777LZ-CW1,2024,drainage,49000000.0,121.27529,14.5219
P00525648LZ-CW1,2021,river_structure,42573262.64,121.1458,14.51727
P00631301LZ-CW1,2022,river_structure,19597737.55,121.276858,14.1938667
P00726662LZ-CW1,2023,river_structure,9798721.6,121.14611,17.260278
P00725664LZ-CW1,2023,river_structure,96499860.98,121.06444,16.31138
P00846095LZ-CW1,2024,river_structure,96500000.0,121.22221,14.5788
P00820767LZ-CW1,2024,river_structure,5309149.1,121.27732,17.60121
P00640558LZ-CW1,2022,drainage,7260777.0,121.14618,14.16715
P00727016LZ-CW1,2023,river_structure,23947575.3,121.064833,14.768637
P00838514LZ-CW1,2024,river_structure,28950000.0,121.387795,15.378144
P00825127LZ-CW1,2024,river_structure,96499897.0,121.173889,13.243611
P00821083LZ-CW1,2024,slope_protection,75532335.57,121.090115,14.53331
P00525615LZ-CW1,2021,drainage,59514213.0,121.22332,13.8589
P00821223LZ-CW1,2024,river_structure,85112899.88,121.278656,15.502539
P00742417LZ-CW1,2023,drainage,9602811.85,121.14621,13.94953
P00821082LZ-CW1,2024,slope_protection,94550679.0,121.090399,14.5332032
P00561469LZ-CW1,2021,drainage,94086578.05,121.174166,13.413888
P00821602LZ-CW1,2024,river_structure,48996963.79,121.225278,13.385833
P00838474LZ-CW1,2024,river_structure,47851161.52,121.064851,14.761637
P00727346LZ-CW1,2023,river_structure,19600000.0,121.3883333,17.841944
P00726655LZ-CW1,2023,river_structure,24500000.0,121.282278055555,17.7998075
P00561799LZ-CW1,2021,river_structure,29032498.29,121.146967,14.720972
P00526332LZ-CW1,2021,river_structure,65861028.99,121.174166,13.413888
P00727182LZ-CW1,2023,drainage,33770105.07,121.2253,13.38722
P00821612LZ-CW1,2024,river_structure,28822592.66,121.388388888889,12.9615833333333
P00742145LZ-CW1,2023,river_structure,98993408.99,121.090469,15.697977
P00725727LZ-CW1,2023,river_structure,77199989.01,121.2826,15.514
P00561399LZ-CW1,2021,river_structure,7698096.56,121.1742,13.41333
P00631314LZ-CW1,2022,slope_protection,19600000.0,121.147085,14.736338
P00820939LZ-CW1,2024,river_structure,48998726.0,121.225899,14.662659
P00620371LZ-CW1,2022,drainage,5390000.0,121.064905,14.554488
P00620241LZ-CW1,2022,river_structure,93431009.87,121.09053,14.35552
P00631147LZ-CW1,2022,river_structure,14700000.0,121.39103,15.38214
P00644766LZ-CW1,2022,slope_protection,3195154.18,121.14715,17.37538
P00742460LZ-CW1,2023,drainage,4949602.2,121.1742,13.40028
P00620640LZ-CW1,2022,slope_protection,9799467.61,121.28434,14.64593
P00525931LZ-CW1,2021,river_structure,2702958.75,121.22722,17.3925
P00740387LZ-CW1,2023,river_structure,96408436.09,121.0906972,14.25529722
P00640548LZ-CW1,2022,drainage,13443880.0,121.14729,13.86969
P00631284LZ-CW1,2022,river_structure,49000000.0,121.2852778,13.6752778
P00824690LZ-CW1,2024,river_structure,49000000.0,121.06493,16.3919
P00821610LZ-CW1,2024,river_structure,29399989.24,121.227570916667,13.3982761666667
P00639520LZ-CW1,2022,river_structure,96626806.12,121.1744,13.41389
P00726824LZ-CW1,2023,river_structure,82472176.94,121.09075,14.527686
P00839634LZ-CW1,2024,river_structure,1938554.0,121.39249,14.11058
P00640550LZ-CW1,2022,drainage,9603000.0,121.14733,13.86964
P00561405LZ-CW1,2021,river_structure,9899953.64,121.2869444,12.35111111
P00824587LZ-CW1,2024,river_structure,16320409.49,121.09086,14.57622
P00525933LZ-CW1,2021,drainage,1960000.0,121.174942,17.399687
P00843253LZ-CW1,2024,river_structure,91675000.0,121.091322,16.39824
P00921195LZ-CW1,2025,river_structure,48999976.56,121.227778,13.327222
P00838524LZ-CW1,2024,river_structure,16887500.0,121.39252,15.393385
P00725822LZ-CW1,2023,river_structure,72369586.56,121.2870434,14.18669308
P00737392LZ-CW1,2023,drainage,29700000.0,121.064951,14.546005
P00737519LZ-CW1,2023,drainage,6748121.34,121.174992,14.180912
P00525554LZ-CW1,2021,river_structure,84270555.0,121.39389,17.18778
P00620634LZ-CW1,2022,river_structure,29398503.21,121.28799,14.62686
P00821143LZ-CW1,2024,river_structure,96500000.0,121.227938527778,16.7531240277778
P00620004LZ-CW1,2022,slope_protection,68755910.58,121.064984,14.535213
P00727368LZ-CW1,2023,river_structure,41638341.17,121.147437,14.721183
P00725820LZ-CW1,2023,river_structure,93989732.06,121.175648,14.226815
P00726240LZ-CW1,2023,river_structure,48990287.77,121.289591,14.621148
P00821534LZ-CW1,2024,river_structure,48250000.0,121.227938527778,16.7531240277778
P00824841LZ-CW1,2024,river_structure,67550000.0,121.394024,16.857226
P00621527LZ-CW1,2022,river_structure,19600000.0,121.091471,18.562646
P00726116LZ-CW1,2023,river_structure,19600000.0,121.14748,18.6155
P00726227LZ-CW1,2023,river_structure,47780973.8,121.176,14.2278
P00727184LZ-CW1,2023,drainage,4604034.99,121.290262,13.126848
P00726245LZ-CW1,2023,river_structure,48999997.09,121.228494,14.657725
P00821075LZ-CW1,2024,slope_protection,94569489.5,121.065026172124,14.4973584556529
P00742233LZ-CW1,2023,drainage,15747899.0,121.0915348,14.6489887
P00742464LZ-CW1,2023,drainage,4892177.49,121.395277777778,12.9988888888889
P00525940LZ-CW1,2021,drainage,2886474.56,121.14766,17.26417
P00725795LZ-CW1,2023,river_structure,47042828.71,121.2908447,14.19113833
P00621004LZ-CW1,2022,river_structure,38105039.76,121.1764,16.6483
P00742296LZ-CW1,2023,river_structure,4900020.07,121.228611,18.565833
P00846040LZ-CW1,2024,river_structure,4948945.76,121.091711,14.004053
P00630951LZ-CW1,2022,river_structure,70198191.76,121.396,13.84575
P00726257LZ-CW1,2023,river_structure,40554378.68,121.147801,14.73706
P00726247LZ-CW1,2023,river_structure,48999994.47,121.229056,14.660426
P00631299LZ-CW1,2022,river_structure,19596179.97,121.29134,14.19771
P00561152LZ-CW1,2021,river_structure,33648374.93,121.065172,14.554826
P00726928LZ-CW1,2023,river_structure,96500000.0,121.39735,13.84554
P00726823LZ-CW1,2023,river_structure,82463675.76,121.091943,14.528513
P00823572LZ-CW1,2024,river_structure,289496391.78,121.1764539,13.23898189
P00839110LZ-CW1,2024,drainage,4948737.0,121.147889,14.090398
P00620245LZ-CW1,2022,river_structure,86847262.08,121.229374,14.1871203
P00637017LZ-CW1,2022,slope_protection,96471127.99,121.06532,14.79792
P00742185LZ-CW1,2023,slope_protection,96030000.0,121.39776,13.84497
P00821436LZ-CW1,2024,slope_protection,9603743.18,121.0921537,14.5309433
P00821539LZ-CW1,2024,river_structure,19600000.0,121.178028,16.928425
P00620987LZ-CW1,2022,river_structure,23872800.0,121.147968,18.026536
P00526453LZ-CW1,2021,river_structure,38200927.2,121.230833,13.371388
P00525765LZ-CW1,2021,river_structure,20481342.58,121.065385,14.547928
P00846093LZ-CW1,2024,drainage,4950000.0,121.29253,14.5032
P00821074LZ-CW1,2024,slope_protection,94569576.09,121.065470737856,14.4987676449289
P00727228LZ-CW1,2023,river_structure,92990387.76,121.092226,14.652497
P00525941LZ-CW1,2021,river_structure,9211999.11,121.178448,17.351809
P00561192LZ-CW1,2021,drainage,7590509.36,121.398611,13.001389
P00561559LZ-CW1,2021,river_structure,15965017.3,121.1481,14.7206
P00526387LZ-CW1,2021,river_structure,3977831.03,121.148146,17.263889
P00621039LZ-CW1,2022,river_structure,29400000.0,121.148338,18.614902
P00726168LZ-CW1,2023,river_structure,48994904.22,121.148503,15.695208
P00725794LZ-CW1,2023,river_structure,47042947.37,121.2927362,14.1930462
P00620488LZ-CW1,2022,river_structure,14326756.83,121.06565,17.48593
P00726238LZ-CW1,2023,river_structure,49000000.0,121.148508,14.637555
P00620650LZ-CW1,2022,river_structure,49000000.0,121.230833,14.514722
P00726927LZ-CW1,2023,river_structure,78557807.92,121.1488889,14.74638889
P00821073LZ-CW1,2024,slope_protection,94550154.65,121.065852441465,14.500131168217
P00726114LZ-CW1,2023,river_structure,49000000.0,121.230833,18.555277
P00737500LZ-CW1,2023,drainage,4800901.5,121.18075,13.96546
P00620141LZ-CW1,2022,river_structure,81060000.0,121.39972,17.25556
P00561544LZ-CW1,2021,river_structure,29400000.0,121.293311,14.036978
P00726438LZ-CW1,2023,river_structure,83950800.0,121.09238,18.55167
P00823445LZ-CW1,2024,river_structure,47767448.6,121.149797,15.696425
P00742458LZ-CW1,2023,river_structure,4949993.18,121.2953,13.16528
P00620217LZ-CW1,2022,river_structure,55033758.16,121.23157,14.65886
P00824794LZ-CW1,2024,river_structure,66132277.62,121.092397,14.640403
P00620003LZ-CW1,2022,slope_protection,68719487.97,121.066096,14.535321
P00726400LZ-CW1,2023,river_structure,96493463.88,121.40174,18.26714
P00726253LZ-CW1,2023,river_structure,31359995.0,121.181218,14.590232
P00823556LZ-CW1,2024,river_structure,96499092.75,121.149935,14.090774
P00820787LZ-CW1,2024,river_structure,37553841.26,121.2966667,16.31916667
P00526458LZ-CW1,2021,river_structure,19599916.63,121.4022222,12.86722222
P00561443LZ-CW1,2021,river_structure,94973033.0,121.066477,14.726026
P00726548LZ-CW1,2023,river_structure,96500000.0,121.232173,13.660986
P00620627LZ-CW1,2022,river_structure,9454403.7,121.181605,14.59962
P00824749LZ-CW1,2024,river_structure,3184912.74,121.2975,13.191389
P00632909LZ-CW1,2022,river_structure,9900000.0,121.150057,14.524139
P00821366LZ-CW1,2024,river_structure,67547027.84,121.402222222222,13.0066666666667
P00838333LZ-CW1,2024,river_structure,94530664.34,121.092573,14.653143
P00561158LZ-CW1,2021,drainage,28417758.0,121.066477,14.726026
P00823333LZ-CW1,2024,river_structure,48248286.07,121.232369,18.555533
P00742400LZ-CW1,2023,drainage,4801500.0,121.29964,13.73507
P00620487LZ-CW1,2022,river_structure,4467751.53,121.15033,17.35492
P00820320LZ-CW1,2024,river_structure,77200000.0,121.402273,13.813326
P00631048LZ-CW1,2022,river_structure,19600000.0,121.066477,14.726026
P00620246LZ-CW1,2022,river_structure,86847784.09,121.23273,14.18069
P00726228LZ-CW1,2023,river_structure,42953626.0,121.1816472,14.22346944
P00737542LZ-CW1,2023,river_structure,20056331.71,121.1503355,14.73743433
P00736180LZ-CW1,2023,slope_protection,19600000.0,121.29976,16.99428
P00742431LZ-CW1,2023,drainage,4909938.35,121.403172,14.284381
P00823234LZ-CW1,2024,river_structure,94376471.21,121.092573,14.653143
P00737491LZ-CW1,2023,drainage,4950000.0,121.066558,13.76465
P00621113LZ-CW1,2022,river_structure,48096753.28,121.2333,13.23139
P00820422LZ-CW1,2024,river_structure,192996270.3,121.1818301,13.24884624
P00821586LZ-CW1,2024,river_structure,48019833.25,121.301475,15.469786
P00725522LZ-CW1,2023,slope_protection,71706857.32,121.066573,14.501326
P00526454LZ-CW1,2021,river_structure,29399930.62,121.23333,13.23138
P00726207LZ-CW1,2023,river_structure,29400000.0,121.18225,13.83905
P00825203LZ-CW1,2024,river_structure,9550193.0,121.092573,14.653143
P00620192LZ-CW1,2022,river_structure,82025000.0,121.151092,15.651621
P00838523LZ-CW1,2024,river_structure,31362500.0,121.403751,15.384979
P00727120LZ-CW1,2023,river_structure,49000000.0,121.2335179,16.5110942
P00725726LZ-CW1,2023,river_structure,88397389.39,121.3017,15.47102
P00620047LZ-CW1,2022,river_structure,96500000.0,121.06675,14.533782
P00727187LZ-CW1,2023,river_structure,38594287.32,121.2336,13.35086
P00726241LZ-CW1,2023,river_structure,48999253.95,121.301778,14.693026
P00844772LZ-CW1,2024,drainage,6178418.88,121.18283,13.87802
P00740386LZ-CW1,2023,river_structure,96427776.33,121.0925833,14.2568833
P00621481LZ-CW1,2022,river_structure,28950000.0,121.151761,16.474005
P00820907LZ-CW1,2024,river_structure,19599999.52,121.405694,14.203204
P00820184LZ-CW1,2024,river_structure,96498484.3,121.066838,14.830035
P00821603LZ-CW1,2024,river_structure,48999817.77,121.234444,13.352778
P00620621LZ-CW1,2022,slope_protection,14052374.28,121.30445,14.69215
P00639526LZ-CW1,2022,drainage,43119999.53,121.1836,13.41389
P00561581LZ-CW1,2021,river_structure,19599928.35,121.406111,12.443611
P00725767LZ-CW1,2023,river_structure,96499879.0,121.152717,14.087585
P00735964LZ-CW1,2023,river_structure,96500000.0,121.406353,18.27045
P00620366LZ-CW1,2022,river_structure,46499760.0,121.092739,14.590259
P00844752LZ-CW1,2024,slope_protection,48994885.36,121.067051,14.846029
P00821607LZ-CW1,2024,river_structure,48999940.58,121.234722,13.233333
P00620210LZ-CW1,2022,river_structure,96500000.0,121.305,14.4925
P00620890LZ-CW1,2022,river_structure,80693065.75,121.18397,14.22981
P00821557LZ-CW1,2024,river_structure,11747921.15,121.1536,17.26939
P00725523LZ-CW1,2023,slope_protection,71744360.96,121.0671,14.502683
P00725950LZ-CW1,2023,drainage,9308598.82,121.092798,14.549653
P00726771LZ-CW1,2023,river_structure,48997251.2,121.406388888889,13.0241666666667
P00561551LZ-CW1,2021,river_structure,8173647.31,121.3053214,14.49173306
P00727191LZ-CW1,2023,drainage,33774891.8,121.2353,13.38611
P00621098LZ-CW1,2022,river_structure,39196546.74,121.18438,14.22864
P00630946LZ-CW1,2022,river_structure,65620000.0,121.154167,14.760833
P00525796LZ-CW1,2021,river_structure,28663271.48,121.067102,14.758071
P00620072LZ-CW1,2022,slope_protection,89727299.48,121.092839,14.529045
P00561572LZ-CW1,2021,river_structure,4776540.5,121.306307,14.487857
P00727190LZ-CW1,2023,drainage,33774992.74,121.2356,13.34833
P00561565LZ-CW1,2021,river_structure,28655605.84,121.1847,14.7618
P00737518LZ-CW1,2023,drainage,12817753.43,121.1545,14.2115
P00736182LZ-CW1,2023,river_structure,48921766.56,121.307,17.60742
P00742466LZ-CW1,2023,river_structure,4949055.62,121.408277777778,12.67415
P00727231LZ-CW1,2023,river_structure,93089846.79,121.09321,14.65291
P00620015LZ-CW1,2022,drainage,68719494.97,121.067197,14.540827
P00821609LZ-CW1,2024,river_structure,19599848.4,121.235618,13.386053
P00737529LZ-CW1,2023,river_structure,9899999.99,121.184894,14.597915
P00525925LZ-CW1,2021,river_structure,19939080.0,121.154583,17.387021
P00630934LZ-CW1,2022,river_structure,91283210.0,121.408319,15.213196
P00726015LZ-CW1,2023,river_structure,48509688.15,121.093236,14.691405
P00620367LZ-CW1,2022,river_structure,37548700.0,121.067356,14.549619
P00821608LZ-CW1,2024,river_structure,48999745.31,121.236667,13.347222
P00725728LZ-CW1,2023,river_structure,88777708.23,121.185065,15.662359
P00526270LZ-CW1,2021,river_structure,80309010.27,121.308889,17.800278
P00620193LZ-CW1,2022,river_structure,82025000.0,121.154657,15.654029
P00630954LZ-CW1,2022,river_structure,144740430.53,121.408355,12.481325
P00845931LZ-CW1,2024,river_structure,6926724.62,121.06753,17.3443
P00820943LZ-CW1,2024,river_structure,48744682.77,121.236942,14.673131
P00839489LZ-CW1,2024,river_structure,247495044.96,121.18525988,13.25110341
P00820393LZ-CW1,2024,river_structure,202645832.46,121.309458194444,13.3349637694444
P00637803LZ-CW1,2022,river_structure,19800000.0,121.15481,14.73775
P00725833LZ-CW1,2023,river_structure,67550000.0,121.312402,14.4971
P00637067LZ-CW1,2022,river_structure,49000000.0,121.40866,15.3814
P00637016LZ-CW1,2022,slope_protection,96455909.0,121.06755,14.80718
P00824726LZ-CW1,2024,river_structure,48999622.78,121.093253,14.296798
P00639498LZ-CW1,2022,slope_protection,9308628.0,121.18563,14.54321
P00631286LZ-CW1,2022,river_structure,49000000.0,121.2372,13.6489
P00630947LZ-CW1,2022,river_structure,65620000.0,121.154909,14.762324
P00620208LZ-CW1,2022,river_structure,86850000.0,121.314167,13.62222
P00644534LZ-CW1,2022,river_structure,23395522.14,121.408956,14.287731
P00843259LZ-CW1,2024,river_structure,89745000.0,121.06756,16.39287
P00526386LZ-CW1,2021,river_structure,4519926.68,121.188435,17.336825
P00620868LZ-CW1,2022,river_structure,77199364.24,121.155023,14.084889
P00561681LZ-CW1,2021,river_structure,29700000.0,121.2374,16.53423
P00839633LZ-CW1,2024,river_structure,4949518.07,121.315495,14.039588
P00632723LZ-CW1,2022,drainage,4741678.03,121.0675664,14.6315631
P00821547LZ-CW1,2024,river_structure,19600000.0,121.40946,17.1698
P00637070LZ-CW1,2022,slope_protection,38611537.31,121.09334,14.81338
P00839490LZ-CW1,2024,river_structure,247496440.54,121.18872172,13.25338414
P00726236LZ-CW1,2023,river_structure,48999164.58,121.237526,14.669262
P00526367LZ-CW1,2021,river_structure,38292917.46,121.3158333,17.8
P00821611LZ-CW1,2024,river_structure,29396724.81,121.317105555556,12.367525
P00726551LZ-CW1,2023,river_structure,96499284.5,121.155277,14.083845
P00725669LZ-CW1,2023,river_structure,96500000.0,121.23841,18.55682
P00725524LZ-CW1,2023,slope_protection,71675531.01,121.067635,14.503846
P00725937LZ-CW1,2023,river_structure,14881389.09,121.093451,14.555177
P00726206LZ-CW1,2023,river_structure,29400000.0,121.31999,13.83541
P00621123LZ-CW1,2022,river_structure,48999413.41,121.41,13.036111
P00742396LZ-CW1,2023,river_structure,98999979.0,121.155277,14.083845
P00824740LZ-CW1,2024,river_structure,39192528.61,121.188731,12.379827
P00561678LZ-CW1,2021,river_structure,29700000.0,121.23851,16.5364
P00742117LZ-CW1,2023,river_structure,59400000.0,121.093561111111,16.3635888888889
P00846074LZ-CW1,2024,drainage,4811400.0,121.320361,14.062351
P00637804LZ-CW1,2022,river_structure,19800000.0,121.15575,14.73767
P00639521LZ-CW1,2022,river_structure,38392547.71,121.1894,13.31083
P00726246LZ-CW1,2023,river_structure,29399996.27,121.238768,14.669346
P00820003LZ-CW1,2024,river_structure,84662805.54,121.067694,14.757676
P00621411LZ-CW1,2022,river_structure,28341399.95,121.09357,14.66775
P00726402LZ-CW1,2023,river_structure,96483381.66,121.41373,18.30959
P00821147LZ-CW1,2024,drainage,23793040.0,121.32071,17.15338
P00630948LZ-CW1,2022,river_structure,65620000.0,121.155976,14.764018
P00727183LZ-CW1,2023,drainage,33774999.58,121.1894,13.27972
P00820004LZ-CW1,2024,river_structure,84637889.92,121.067694,14.757676
P00727268LZ-CW1,2023,river_structure,48250000.0,121.09361,18.54075
P00525917LZ-CW1,2021,river_structure,19500000.0,121.32109,17.15123
P00821329LZ-CW1,2024,river_structure,87610008.0,121.155986,14.082555
P00620629LZ-CW1,2022,river_structure,29399964.95,121.24058,14.66865
P00525721LZ-CW1,2021,river_structure,30193100.58,121.0679667,14.54351667
P00825128LZ-CW1,2024,river_structure,96500000.0,121.189444,13.279722
P00726018LZ-CW1,2023,river_structure,48019682.16,121.093811,14.705348
P00620563LZ-CW1,2022,slope_protection,47532070.0,121.41433,13.81697
P00839658LZ-CW1,2024,drainage,4947019.45,121.322027777778,12.2966944444444
P00821330LZ-CW1,2024,river_structure,86849850.8,121.155986,14.082555
P00620216LZ-CW1,2022,river_structure,55033609.54,121.2406,14.66873
P00561564LZ-CW1,2021,river_structure,29700000.0,121.189728,14.762991
P00644533LZ-CW1,2022,river_structure,23812512.45,121.414444,14.280285
P00639312LZ-CW1,2022,drainage,183330844.95,121.093866,14.636162
P00742447LZ-CW1,2023,drainage,4950000.0,121.3231467,14.46759417
P00820382LZ-CW1,2024,river_structure,94087500.0,121.0680972,14.35285278
P00644764LZ-CW1,2022,slope_protection,11540507.97,121.156168,17.314388
P00726235LZ-CW1,2023,river_structure,48999996.22,121.241638,14.667043
P00820380LZ-CW1,2024,river_structure,96487650.86,121.324675,14.080652
P00640502LZ-CW1,2022,river_structure,6827260.01,121.18985,18.42887
P00839652LZ-CW1,2024,river_structure,19800000.0,121.41538,14.627
P00824588LZ-CW1,2024,river_structure,4797841.91,121.09392,14.5773
P00561560LZ-CW1,2021,river_structure,9900000.0,121.329273,14.482016
P00735965LZ-CW1,2023,river_structure,93386847.09,121.18986,18.42909
P00726401LZ-CW1,2023,river_structure,83452531.58,121.41594,18.27672
P00742403LZ-CW1,2023,drainage,3841200.0,121.06811,13.89493
P00637805LZ-CW1,2022,river_structure,19800000.0,121.15669,14.73747
P00620631LZ-CW1,2022,river_structure,48828460.71,121.24348,14.64569
P00630949LZ-CW1,2022,river_structure,65620000.0,121.156788,14.765886
P00631283LZ-CW1,2022,river_structure,49000000.0,121.24472,13.62287
P00725959LZ-CW1,2023,river_structure,4192131.3,121.0940528,14.55765278
P00620593LZ-CW1,2022,slope_protection,43120000.0,121.416209,14.131522
P00727119LZ-CW1,2023,river_structure,49000000.0,121.18991,16.4872
P00639531LZ-CW1,2022,river_structure,48999964.46,121.331666666667,12.6819444444444
P00561545LZ-CW1,2021,river_structure,29400000.0,121.332106,14.068034
P00620266LZ-CW1,2022,river_structure,144749612.62,121.335657212122,13.0802008606207
P00620267LZ-CW1,2022,river_structure,144748796.77,121.335657212122,13.0802008606207
P00839491LZ-CW1,2024,river_structure,247497396.4,121.15720844,13.16910046
P00620050LZ-CW1,2022,river_structure,91674599.88,121.068232,14.526827
P00620268LZ-CW1,2022,river_structure,96490896.94,121.335657212122,13.0802008606207
P00620624LZ-CW1,2022,river_structure,48999611.62,121.24505,14.64391
P00825123LZ-CW1,2024,river_structure,192997844.36,121.15720844,13.16910046
P00821355LZ-CW1,2024,river_structure,67547177.24,121.416388888889,12.8611111111111
P00727001LZ-CW1,2023,drainage,3702257.74,121.068244,14.561996
P00620071LZ-CW1,2022,slope_protection,89793537.38,121.094054,14.529834
P00727344LZ-CW1,2023,river_structure,40180000.0,121.336111,18.458333
P00637801LZ-CW1,2022,slope_protection,9402844.07,121.190247,14.541694
P00839653LZ-CW1,2024,river_structure,14850000.0,121.24523,14.5158
P00824677LZ-CW1,2024,river_structure,1949979.46,121.15831,17.28484
P00621015LZ-CW1,2022,river_structure,14589077.57,121.19082,17.40803
P00620806LZ-CW1,2022,river_structure,77200000.0,121.337444,17.556667
P00526305LZ-CW1,2021,river_structure,144749597.33,121.068271,13.762538
P00740647LZ-CW1,2023,river_structure,47724810.65,121.0942667,14.29753056
P00727270LZ-CW1,2023,river_structure,67550000.0,121.41653,18.3345
P00742290LZ-CW1,2023,drainage,6918940.57,121.2458,17.2548
P00839492LZ-CW1,2024,river_structure,247496511.68,121.15839185,13.16491643
P00823574LZ-CW1,2024,river_structure,241246360.87,121.191592,13.26200465
P00845865LZ-CW1,2024,slope_protection,48485215.11,121.068363100481,14.5442673275462
P00621038LZ-CW1,2022,river_structure,49000000.0,121.33746,18.4585
P00621476LZ-CW1,2022,river_structure,144749317.94,121.4167658,13.81494167
P00824593LZ-CW1,2024,drainage,14398406.78,121.094267,14.561465
P00630950LZ-CW1,2022,river_structure,65620000.0,121.159167,14.767056
P00726663LZ-CW1,2023,river_structure,4893851.15,121.1924861,17.3417833
P00825200LZ-CW1,2024,drainage,6653876.22,121.068407,14.551661
P00726932LZ-CW1,2023,river_structure,91656824.01,121.337748,14.186385
P00726933LZ-CW1,2023,river_structure,91409355.92,121.41739,14.14428
P00620622LZ-CW1,2022,slope_protection,48999991.59,121.24582,14.67295
P00621005LZ-CW1,2022,river_structure,40254513.26,121.338321,17.599856
P00726208LZ-CW1,2023,river_structure,49000000.0,121.15944,13.9575
P00736057LZ-CW1,2023,river_structure,217123081.68,121.3387,12.343
P00632897LZ-CW1,2022,river_structure,4843901.6,121.06848,14.35416
P00639523LZ-CW1,2022,river_structure,47764451.36,121.418611111111,12.9244444444444
P00525939LZ-CW1,2021,river_structure,2816343.9,121.192677,17.502112
P00632786LZ-CW1,2022,river_structure,4839336.32,121.245966,16.697909
P00526132LZ-CW1,2021,river_structure,37231649.95,121.15951,14.53177
P00725967LZ-CW1,2023,river_structure,6514476.35,121.094359,14.561249
P00825130LZ-CW1,2024,river_structure,96497149.49,121.339694444444,12.3424166666667
P00820766LZ-CW1,2024,river_structure,4894642.74,121.192881,17.408622
P00726926LZ-CW1,2023,river_structure,80705888.18,121.159883,14.76803
P00846092LZ-CW1,2024,river_structure,4950000.0,121.24601,14.5168
P00820742LZ-CW1,2024,river_structure,32239996.96,121.094533,16.81053
P00620807LZ-CW1,2022,river_structure,77189689.42,121.41898,18.27358
P00821430LZ-CW1,2024,slope_protection,47990581.97,121.068591400148,14.5409078365244
P00525934LZ-CW1,2021,drainage,1888990.97,121.159889,17.390258
P00727172LZ-CW1,2023,river_structure,48996559.72,121.248559,14.704589
P00621040LZ-CW1,2022,river_structure,49000000.0,121.41961,18.37987
P00727232LZ-CW1,2023,river_structure,93041802.1,121.09459,14.65353
P00632908LZ-CW1,2022,drainage,5312342.23,121.192977,14.467091
P00820212LZ-CW1,2024,river_structure,96496502.12,121.068595,14.832159
P00526135LZ-CW1,2021,river_structure,15679904.51,121.19649,14.47733
P00820870LZ-CW1,2024,river_structure,39200000.0,121.160129,13.642989
P00844736LZ-CW1,2024,drainage,4900000.0,121.25024,17.09886
P00631110LZ-CW1,2022,river_structure,26460000.0,121.419961,18.37987
P00821431LZ-CW1,2024,slope_protection,48005142.75,121.068640592075,14.5408721243383
P00561566LZ-CW1,2021,river_structure,19007200.25,121.1975,14.768056
P00824678LZ-CW1,2024,river_structure,2445325.03,121.16027,17.38687
P00725938LZ-CW1,2023,river_structure,4645985.37,121.094659,14.574356
P00821561LZ-CW1,2024,river_structure,19592654.05,121.19752,17.36552
P00725834LZ-CW1,2023,river_structure,67550000.0,121.251107,14.505573
P00727164LZ-CW1,2023,river_structure,28948328.0,121.0687,14.35422
P00526369LZ-CW1,2021,river_structure,45942583.67,121.42022,18.27023
P00839109LZ-CW1,2024,drainage,4949344.6,121.160664,14.035761
P00824589LZ-CW1,2024,river_structure,4802163.28,121.09466,14.57442
P00526452LZ-CW1,2021,river_structure,39199962.18,121.198056,13.317777
P00845795LZ-CW1,2024,river_structure,98999634.82,121.0687,14.9847
P00742449LZ-CW1,2023,slope_protection,29700000.0,121.198333,14.791167
P00725791LZ-CW1,2023,river_structure,48244616.0,121.251855,14.174794
P00726436LZ-CW1,2023,river_structure,48250000.0,121.06893,18.56116
P00725940LZ-CW1,2023,river_structure,8377306.06,121.094842,14.554372
P00620889LZ-CW1,2022,river_structure,78406729.84,121.4202778,14.27
P00726660LZ-CW1,2023,river_structure,34288345.49,121.19846,17.36351
P00843257LZ-CW1,2024,river_structure,89745000.0,121.25269,16.5539
P00845794LZ-CW1,2024,river_structure,98999239.11,121.0691,14.9863
P00820558LZ-CW1,2024,river_structure,47414348.6,121.09489,14.58514
P00620808LZ-CW1,2022,river_structure,57562739.0,121.42047,17.423317
P00621020LZ-CW1,2022,river_structure,29400000.0,121.1989,17.36278
P00620485LZ-CW1,2022,river_structure,14311781.71,121.25273,17.48099
P00823567LZ-CW1,2024,river_structure,62724802.09,121.421944,13.049167
P00740646LZ-CW1,2023,river_structure,47724808.83,121.0951667,14.29996667
P00726751LZ-CW1,2023,river_structure,49000000.0,121.06911,13.76207
P00820933LZ-CW1,2024,river_structure,15679986.09,121.199146,14.476849
P00727272LZ-CW1,2023,river_structure,67506525.33,121.42201,18.38479
P00525747LZ-CW1,2021,river_structure,45548215.67,121.0952,14.6536
P00526304LZ-CW1,2021,river_structure,143862842.03,121.069111,13.762073
P00525930LZ-CW1,2021,river_structure,4858998.43,121.2,17.3927
P00620362LZ-CW1,2022,river_structure,46525447.81,121.069264,14.545614
P00823342LZ-CW1,2024,river_structure,96500000.0,121.2530312,16.6489478
P00740385LZ-CW1,2023,river_structure,96427413.15,121.0952278,14.25849167
P00825224LZ-CW1,2024,river_structure,48958625.47,121.423565,18.388668
P00620484LZ-CW1,2022,river_structure,9525442.35,121.2001,17.39277
P00620361LZ-CW1,2022,river_structure,46549886.27,121.069341,14.545736
P00742437LZ-CW1,2023,river_structure,98995447.0,121.253144,14.173479
P00620140LZ-CW1,2022,river_structure,88694393.45,121.2001,17.39277
P00820036LZ-CW1,2024,river_structure,84919418.15,121.095585,14.66625
P00632939LZ-CW1,2022,river_structure,10573646.88,121.423611111111,12.5219444444444
P00726144LZ-CW1,2023,river_structure,49000000.0,121.069344444444,16.3764611111111
P00525935LZ-CW1,2021,river_structure,9506591.63,121.200388,17.393763
P00525942LZ-CW1,2021,river_structure,9563952.77,121.253303,17.481584
P00725936LZ-CW1,2023,river_structure,4649672.91,121.095752,14.584677
P00821428LZ-CW1,2024,slope_protection,48000133.62,121.069396282438,14.5461012610239
P00825135LZ-CW1,2024,river_structure,96499892.6,121.200833,13.212778
P00737521LZ-CW1,2023,drainage,6878007.25,121.253333,14.188611
P00820076LZ-CW1,2024,slope_protection,94280000.0,121.0957929,14.554041
P00846100LZ-CW1,2024,river_structure,19799901.48,121.256667,13.271389
P00839622LZ-CW1,2024,drainage,4864617.0,121.0694306,14.34787222
P00525928LZ-CW1,2021,river_structure,4828417.94,121.201738,17.442862
P00821429LZ-CW1,2024,slope_protection,47995260.28,121.069446431525,14.5464511792739
P00727229LZ-CW1,2023,river_structure,93057109.56,121.096017,14.659433
P00620360LZ-CW1,2022,drainage,19600000.0,121.06956,14.551368
P00620884LZ-CW1,2022,river_structure,96500000.0,121.42377,13.83391
P00846034LZ-CW1,2024,river_structure,14850000.0,121.257274,13.607536
P00727370LZ-CW1,2023,river_structure,31430560.0,121.06979,13.76313
P00526280LZ-CW1,2021,river_structure,96500000.0,121.424166,18.419722
P00725676LZ-CW1,2023,river_structure,96490357.25,121.09605,16.29027
P00823235LZ-CW1,2024,river_structure,94547887.26,121.096138,14.658234
P00742405LZ-CW1,2023,drainage,2880900.0,121.0963,13.85081
P00820559LZ-CW1,2024,river_structure,47414632.39,121.09651,14.58264
P00725961LZ-CW1,2023,drainage,13497696.0,121.096591,14.558207
P00639407LZ-CW1,2022,drainage,46525618.35,121.096619,14.656675
P00726929LZ-CW1,2023,river_structure,96500000.0,121.42428,13.8357
P00525950LZ-CW1,2021,river_structure,49000000.0,121.424444,18.421388
P00621295LZ-CW1,2022,river_structure,93604490.24,121.4247222,14.25694444
P00621124LZ-CW1,2022,river_structure,48999992.34,121.425,13.049167
P00727311LZ-CW1,2023,river_structure,93605000.0,121.425,13.81226
P00820361LZ-CW1,2024,river_structure,77888626.76,121.42555,14.25944
P00620821LZ-CW1,2022,river_structure,96500000.0,121.425977,18.4254
P00620888LZ-CW1,2022,river_structure,83309816.57,121.4261111,14.26083333
P00621529LZ-CW1,2022,river_structure,49000000.0,121.426379,18.414542
P00631310LZ-CW1,2022,slope_protection,39200000.0,121.42639,13.92137
P00620253LZ-CW1,2022,slope_protection,77199999.9,121.42657,13.9178
P00745984LZ-CW1,2023,river_structure,18607381.02,121.426798,14.262132
P00845950LZ-CW1,2024,river_structure,49500000.0,121.42708,15.66458
P00620883LZ-CW1,2022,river_structure,93605000.0,121.42723,13.81303
P00820159LZ-CW1,2024,slope_protection,96492915.54,121.096667,16.282778
P00561652LZ-CW1,2021,river_structure,4950000.0,121.096812,18.52723
P00620005LZ-CW1,2022,slope_protection,74455738.6,121.096837,14.582794
P00620495LZ-CW1,2022,river_structure,48249356.62,121.4934583,15.72888611
P00621062LZ-CW1,2022,river_structure,39112266.88,122.1067306,16.87376667
P00631162LZ-CW1,2022,river_structure,49000000.0,121.495107,15.751989
P00732476MN-CW1,2023,drainage,9897612.75,122.1091965,6.909524698
P00727194LZ-CW1,2023,river_structure,48992911.21,122.10972,12.47444
P00631145LZ-CW1,2022,drainage,2820253.94,121.50203,15.71565
P00825227LZ-CW1,2024,river_structure,34300000.0,121.7403,17.6289
P00732473MN-CW1,2023,river_structure,9768821.29,121.9469444,6.968055556
P00823569LZ-CW1,2024,river_structure,135100000.0,122.0161,12.4138
P00621034LZ-CW1,2022,river_structure,49000000.0,121.42726,18.39498
P00621499LZ-CW1,2022,river_structure,24125000.0,121.8036417,17.67140833
P00639495LZ-CW1,2022,river_structure,49000000.0,122.111807,13.835346
P00621413LZ-CW1,2022,river_structure,77200000.0,121.8043694,17.67488333
P00821356LZ-CW1,2024,river_structure,67547158.37,121.502641666667,12.6880472222222
P00825050LZ-CW1,2024,river_structure,115800000.0,121.740604,16.454816
P00631119LZ-CW1,2022,river_structure,41655583.57,121.6044,17.131324
P00631116LZ-CW1,2022,river_structure,41506893.72,121.6679,17.12736
P00737441LZ-CW1,2023,river_structure,4935202.64,121.947667,20.421918
P00726276LZ-CW1,2023,river_structure,48997359.66,122.01722,12.35194
P00561450LZ-CW1,2021,river_structure,95051116.94,121.805395,16.823776
P00821150LZ-CW1,2024,river_structure,34254387.95,121.742833,17.704232
P00736056LZ-CW1,2023,river_structure,217122960.1,121.504183722222,12.7161428333333
P00833572MN-CW1,2024,drainage,4132146.97,121.947864,6.957917
P00639333LZ-CW1,2022,river_structure,96500000.0,121.670354,16.584483
P00740384LZ-CW1,2023,river_structure,96499986.66,121.6059,13.8975
P00825054LZ-CW1,2024,river_structure,71892884.4,122.017867,16.958669
P00561452LZ-CW1,2021,river_structure,95049181.1,121.805395,16.823776
P00721362MN-CW1,2023,river_structure,39200000.0,122.11321,7.52339
P00824868LZ-CW1,2024,river_structure,77159066.51,121.743461,16.745033
P00736055LZ-CW1,2023,river_structure,217123307.0,121.5048,12.7156
P00843220LZ-CW1,2024,river_structure,96452294.94,121.671839,16.521309
P00742297LZ-CW1,2023,river_structure,48904555.85,121.6075,18.069722
P00740581LZ-CW1,2023,river_structure,39200000.0,122.113694,16.271417
P00526278LZ-CW1,2021,river_structure,74882404.0,121.805754,17.3925
P00631320LZ-CW1,2022,river_structure,42098832.22,122.0186,12.4742
P00726109LZ-CW1,2023,river_structure,29362020.0,121.947999,20.423127
P00631157LZ-CW1,2022,river_structure,14700000.0,121.50516,15.84749
P00820287LZ-CW1,2024,river_structure,51467062.5,121.607596,14.741235
P00620870LZ-CW1,2022,river_structure,96499996.87,121.60765,13.92118
P00727110LZ-CW1,2023,river_structure,48999075.93,121.60863373,16.68461326
P00526110LZ-CW1,2021,river_structure,39200000.0,121.61,13.94028
P00526109LZ-CW1,2021,river_structure,39199999.98,121.61002,13.92384
P00620599LZ-CW1,2022,river_structure,49000000.0,121.61098,13.91677
P00620598LZ-CW1,2022,river_structure,49000000.0,121.61139,13.9171
P00726424LZ-CW1,2023,river_structure,48246100.19,121.611582,17.132217
P00844535LZ-CW1,2024,drainage,23638253.17,121.671931,16.012056
P00821160LZ-CW1,2024,river_structure,62722599.34,121.744108,16.402174
P00742304LZ-CW1,2023,river_structure,49092711.12,121.612038,17.175703
P00620600LZ-CW1,2022,river_structure,49000000.0,121.61344,13.91637
P00740379LZ-CW1,2023,river_structure,96499997.82,121.61433,13.91649
P00740380LZ-CW1,2023,river_structure,96499987.48,121.61629,13.91745
P00620596LZ-CW1,2022,river_structure,24500000.0,121.616709,13.949838
P00821190LZ-CW1,2024,river_structure,48237059.31,121.617242,17.960834
P00823502LZ-CW1,2024,river_structure,96500000.0,121.61816,13.94218
P00726441LZ-CW1,2023,river_structure,72374954.49,121.61904,17.129544
P00632906LZ-CW1,2022,river_structure,4950000.0,121.61923,13.93097
P00821217LZ-CW1,2024,slope_protection,96488772.99,121.619304,17.136939
P00631306LZ-CW1,2022,slope_protection,49000000.0,121.61955,13.93126
P00526444LZ-CW1,2021,slope_protection,49000000.0,121.62,13.92833
P00735971LZ-CW1,2023,river_structure,48233662.14,121.62173,16.96629
P00825238LZ-CW1,2024,river_structure,34247245.44,121.6220267,16.47326167
P00824888LZ-CW1,2024,river_structure,96165781.02,121.622473,17.138574
P00725682LZ-CW1,2023,slope_protection,190598720.83,121.623506,17.139019
P00621477LZ-CW1,2022,river_structure,67379438.9,121.62454,14.75452
P00631108LZ-CW1,2022,river_structure,43120000.0,121.62545,18.09324
P00631151LZ-CW1,2022,river_structure,9800000.0,121.626185,15.966837
P00621580LZ-CW1,2022,river_structure,96499996.64,121.62654,14.75053
P00621160LZ-CW1,2022,river_structure,96467970.82,121.62873,17.19108
P00621579LZ-CW1,2022,river_structure,96499799.98,121.6291,14.75125
P00742305LZ-CW1,2023,drainage,9885543.3,121.63019,17.024372
P00825237LZ-CW1,2024,river_structure,33265659.77,121.630573,16.468526
P00621023LZ-CW1,2022,river_structure,19600000.0,121.631524,18.356721
P00726591LZ-CW1,2023,river_structure,91934349.67,121.6324694,14.75240833
P00637013LZ-CW1,2022,river_structure,96494743.04,121.632915227321,16.6950232196197
P00631307LZ-CW1,2022,slope_protection,9800000.0,121.63312,13.96004
P00727318LZ-CW1,2023,river_structure,91287809.4,121.6338194,14.75320556
P00639336LZ-CW1,2022,drainage,69023570.25,121.634475,17.021952
P00839639LZ-CW1,2024,river_structure,4950000.0,121.63465,13.94361
P00621156LZ-CW1,2022,river_structure,96499886.84,121.634786,17.126959
P00727317LZ-CW1,2023,river_structure,77002093.09,121.6349917,14.75451111
P00726947LZ-CW1,2023,river_structure,67548647.45,121.6349917,14.75451111
P00726937LZ-CW1,2023,river_structure,192997900.37,121.6356361,14.75631389
P00726936LZ-CW1,2023,river_structure,192997440.91,121.6360556,14.75976667
P00825232LZ-CW1,2024,slope_protection,48968530.26,121.637789,17.129138
P00727316LZ-CW1,2023,river_structure,96499720.67,121.63944,14.76601
P00735970LZ-CW1,2023,river_structure,47929443.39,121.639588,16.976605
P00740649LZ-CW1,2023,river_structure,19599995.57,121.64218,13.90742
P00620145LZ-CW1,2022,river_structure,76703990.0,121.64223,16.73876
P00621159LZ-CW1,2022,river_structure,96448972.94,121.64253,17.171117
P00726672LZ-CW1,2023,river_structure,39190000.0,121.64296,18.06584
P00820791LZ-CW1,2024,river_structure,19594188.04,121.6431,16.44325
P00621157LZ-CW1,2022,river_structure,96495711.51,121.64316,17.12706
P00621024LZ-CW1,2022,river_structure,24499913.26,121.643878,18.06729
P00448930LZ-CW1,2020,river_structure,33259747.11,121.64411,18.35087
P00621025LZ-CW1,2022,river_structure,24499889.95,121.644392,18.068236
P00621030LZ-CW1,2022,river_structure,48999684.98,121.644898,18.069149
P00726440LZ-CW1,2023,river_structure,72374776.2,121.645042,17.12723
P00448928LZ-CW1,2020,river_structure,33211358.78,121.64527,18.35023
P00726666LZ-CW1,2023,river_structure,48980000.0,121.645389,18.071667
P00621029LZ-CW1,2022,river_structure,19404000.0,121.646904,18.348909
P00639329LZ-CW1,2022,river_structure,96500000.0,121.64844,16.7730357
P00845938LZ-CW1,2024,drainage,4929544.47,121.64845,17.678347
P00725661LZ-CW1,2023,river_structure,71061011.85,121.648616,16.955337
P00820164LZ-CW1,2024,river_structure,77154847.16,121.6487167,16.95531111
P00824681LZ-CW1,2024,river_structure,48985000.0,121.65028,18.08083
P00726669LZ-CW1,2023,river_structure,22530000.0,121.650556,18.081667
P00838513LZ-CW1,2024,river_structure,48250000.0,121.65159,15.988285
P00639334LZ-CW1,2022,drainage,47764380.24,121.65167,18.1675
P00639335LZ-CW1,2022,drainage,47764065.48,121.652166,18.169284
P00639332LZ-CW1,2022,river_structure,96497912.21,121.654251,16.689461
P00726665LZ-CW1,2023,river_structure,48985067.24,121.655103,18.093519
P00726433LZ-CW1,2023,river_structure,86600000.0,121.655337,18.307
P00726675LZ-CW1,2023,river_structure,49000000.0,121.655556,18.154444
P00526281LZ-CW1,2021,river_structure,93970895.47,121.65764,18.09572
P00821186LZ-CW1,2024,river_structure,96490000.0,121.658056,18.098333
P00726674LZ-CW1,2023,river_structure,49000000.0,121.658436,18.182004
P00631105LZ-CW1,2022,river_structure,28518000.0,121.658858,18.18297
P00640506LZ-CW1,2022,river_structure,49398023.35,121.658889,18.183056
P00630932LZ-CW1,2022,river_structure,141079466.47,121.659688,18.298428
P00821187LZ-CW1,2024,river_structure,96488000.0,121.659988,18.100505
P00726673LZ-CW1,2023,river_structure,29389792.97,121.660833,18.198889
P00640504LZ-CW1,2022,river_structure,49398048.36,121.661111,18.199167
P00640505LZ-CW1,2022,river_structure,49399244.41,121.661667,18.195833
P00821188LZ-CW1,2024,river_structure,96490000.0,121.661794,18.102522
P00824877LZ-CW1,2024,river_structure,96497828.67,121.661873,17.155057
P00726422LZ-CW1,2023,river_structure,48232335.87,121.66213,17.121069
P00821189LZ-CW1,2024,river_structure,96490000.0,121.664097,18.104355
P00845945LZ-CW1,2024,river_structure,49490000.0,121.664333,16.694116
P00843267LZ-CW1,2024,river_structure,96500000.0,121.664717,16.573438
P00843277LZ-CW1,2024,river_structure,96487840.0,121.664859,16.573056
P00838517LZ-CW1,2024,river_structure,47338372.71,121.665518,16.007996
P00726874LZ-CW1,2023,river_structure,96465021.4,121.66641919,16.57426564
P00631137LZ-CW1,2022,river_structure,45080000.0,121.667683,16.694026
P00621617LZ-CW1,2022,river_structure,19600000.0,121.667683,16.694026
P00632792LZ-CW1,2022,river_structure,4925027.42,121.948873,20.414528
P00621060LZ-CW1,2022,river_structure,19294339.84,122.0195861,16.98207222
P00621412LZ-CW1,2022,river_structure,77200000.0,121.8060972,17.65844722
P00733297VS-CW1,2023,river_structure,29399309.86,122.114399,10.592652
P00631317LZ-CW1,2022,slope_protection,42058853.51,121.9489,12.3003
P00844782LZ-CW1,2024,river_structure,48997740.27,122.02034,12.43595
P00526277LZ-CW1,2021,river_structure,75587196.78,121.806701,17.390201
P00727111LZ-CW1,2023,river_structure,48997907.91,121.5080658,16.71909672
P00726444LZ-CW1,2023,river_structure,96399710.65,122.021204,16.9257312
P00632793LZ-CW1,2022,river_structure,4900000.0,121.949062,20.416094
P00726420LZ-CW1,2023,river_structure,48231388.59,121.806821,17.155021
P00639463LZ-CW1,2022,river_structure,49000000.0,121.671958,16.521205
P00823345LZ-CW1,2024,river_structure,96398940.0,121.744491,16.431594
P00525920LZ-CW1,2021,river_structure,19339539.28,121.50861,17.28167
P00821048VS-CW1,2024,river_structure,29096770.92,122.116463,10.582627
P00639511LZ-CW1,2022,river_structure,9596042.28,121.9506,13.2709
P00620670LZ-CW1,2022,river_structure,48239485.81,122.0228,12.4731
P00824680LZ-CW1,2024,river_structure,49000000.0,121.74528,18.0436
P00522042MN-CW1,2021,river_structure,89083475.33,121.950643380689,7.01589148928618
P00737446LZ-CW1,2023,drainage,19800000.0,121.5087,15.74696
P00843264LZ-CW1,2024,river_structure,96489542.98,121.672352,16.520601
P00823571LZ-CW1,2024,river_structure,96500000.0,122.1175,12.6197
P00824890LZ-CW1,2024,river_structure,96400096.41,121.806854,17.154225
P00621493LZ-CW1,2022,river_structure,24499568.19,122.0236111,12.40861111
P00726106LZ-CW1,2023,river_structure,29260381.63,121.952018,20.4099
P00726863LZ-CW1,2023,river_structure,96490419.85,121.74632194,16.45716157
P00824688LZ-CW1,2024,drainage,4894751.6,121.80796,17.27836
P00726866LZ-CW1,2023,river_structure,96500000.0,121.74684281,16.4675032
P00621425LZ-CW1,2022,slope_protection,96500000.0,121.50941,13.96797
P00621063LZ-CW1,2022,river_structure,38606304.15,122.0236667,16.94981389
P00821193LZ-CW1,2024,river_structure,139905285.6,121.86474,17.13405
P00727195LZ-CW1,2023,river_structure,48993645.35,122.11778,12.61972
P00820776LZ-CW1,2024,river_structure,9698205.04,121.95225,20.357072
P00844548LZ-CW1,2024,river_structure,48247354.86,122.1181,12.6203
P00726882LZ-CW1,2023,river_structure,108668817.1,121.808079,17.265674
P00726867LZ-CW1,2023,river_structure,96500000.0,121.74797841,16.47338805
P00726683LZ-CW1,2023,river_structure,48990135.04,121.74876,17.45379
P00821548LZ-CW1,2024,river_structure,39200000.0,121.50986,17.14228
P00620675LZ-CW1,2022,river_structure,29399566.76,122.0247,12.5192
P00820781LZ-CW1,2024,river_structure,9794710.0,121.95469,17.1909
P00726418LZ-CW1,2023,river_structure,48217377.67,121.672448,17.120138
P00820156VS-CW1,2024,river_structure,5844865.02,122.11819,10.6169
P00631121LZ-CW1,2022,river_structure,43460547.86,121.8094806,16.98043611
P00725678LZ-CW1,2023,slope_protection,189899999.97,121.748812,17.453757
P00632921LZ-CW1,2022,river_structure,9898841.47,121.864813333333,13.5506033333333
P00631149LZ-CW1,2022,river_structure,19600000.0,121.5105,15.79485
P00639515LZ-CW1,2022,river_structure,21976855.62,121.955809,13.241018
P00725879LZ-CW1,2023,river_structure,94085449.7,122.02528,12.525
P00740421LZ-CW1,2023,river_structure,241247074.85,122.1182,13.4653
P00843270LZ-CW1,2024,river_structure,96477720.0,121.749057,16.486288
P00742125LZ-CW1,2023,river_structure,74228232.76,121.86482482,16.90343931
P00621424LZ-CW1,2022,slope_protection,96500000.0,121.5105,13.96556
P00823334LZ-CW1,2024,river_structure,96489843.46,121.675593,16.976894
P00631129LZ-CW1,2022,river_structure,38376540.84,121.9569361,17.01572222
P00843288LZ-CW1,2024,river_structure,96499634.76,121.676014,16.541947
P00621423LZ-CW1,2022,slope_protection,96500000.0,121.51066,13.96281
P00727192LZ-CW1,2023,river_structure,49000000.0,122.11917,12.55778
P00823577LZ-CW1,2024,river_structure,289492750.86,122.02542758,12.52496221
P00621058LZ-CW1,2022,river_structure,34292686.14,121.8095306,16.83717222
P00631124LZ-CW1,2022,river_structure,42002289.88,121.7492333,16.76143056
P00727176LZ-CW1,2023,river_structure,47927960.67,121.865483,13.441075
P00742303LZ-CW1,2023,river_structure,29689017.0,121.95696,17.06724
P00621465LZ-CW1,2022,slope_protection,49000000.0,121.51073,13.96693
P00823559LZ-CW1,2024,river_structure,96497695.6,122.119339980556,12.5700525194444
P00620671LZ-CW1,2022,river_structure,48250000.0,122.0256,12.4528
P00823570LZ-CW1,2024,river_structure,96500000.0,122.1197,12.6122
P00726706LZ-CW1,2023,river_structure,19499998.06,121.809702,16.835574
P00621503LZ-CW1,2022,river_structure,9800000.0,121.8663472,14.00118889
P00824883LZ-CW1,2024,river_structure,96489915.19,121.958133,17.0133
P00631309LZ-CW1,2022,slope_protection,29400000.0,121.51083,13.95778
P00733981MN-CW1,2023,river_structure,66305107.01,122.028279,6.719419
P00726670LZ-CW1,2023,river_structure,48969979.62,121.676667,18.27
P00823599LZ-CW1,2024,river_structure,91672837.61,122.120665,12.568915
P00620828LZ-CW1,2022,river_structure,92157500.0,121.75,17.56
P00525962LZ-CW1,2021,river_structure,45784255.14,121.81008,16.978993
P00727180LZ-CW1,2023,river_structure,47926470.47,121.866865,13.477522
P00833577MN-CW1,2024,drainage,4574902.04,121.958185,6.954348
P00631308LZ-CW1,2022,slope_protection,49000000.0,121.51087,13.96207
P00726671LZ-CW1,2023,river_structure,48975000.0,121.67721,18.26963
P00824689LZ-CW1,2024,drainage,4894223.2,121.81045,17.27208
P00726274LZ-CW1,2023,river_structure,48992420.13,122.0283,12.4494
P00639338LZ-CW1,2022,river_structure,67549684.87,121.750302,16.459571
P00737448LZ-CW1,2023,river_structure,49500000.0,121.95827,16.135768
P00621421LZ-CW1,2022,slope_protection,96500000.0,121.51116,13.96186
P00621045LZ-CW1,2022,river_structure,44057567.8,121.866899,17.192568
P00621427LZ-CW1,2022,slope_protection,96500000.0,121.51141,13.95748
P00821157LZ-CW1,2024,river_structure,70830035.0,121.810661,16.841137
P00632923LZ-CW1,2022,river_structure,9898092.96,122.028424,13.500046
P00525650LZ-CW1,2021,river_structure,57900000.0,122.122222,12.616944
P00525965LZ-CW1,2021,river_structure,46393200.0,121.678373,16.693378
P00824881LZ-CW1,2024,river_structure,96499999.38,121.750391,17.177832
P00725659LZ-CW1,2023,river_structure,43115610.44,121.958395,17.015965
P00621468LZ-CW1,2022,slope_protection,49000000.0,121.51238,13.95572
P00621050LZ-CW1,2022,river_structure,39386293.7,121.8678,17.1497
P00825055LZ-CW1,2024,river_structure,71919676.47,122.0284806,16.93603611
P00726132LZ-CW1,2023,river_structure,29396371.76,121.8106668,16.84126697
P00726442LZ-CW1,2023,river_structure,67529995.5,121.680965,17.109019
P00726862LZ-CW1,2023,river_structure,96424760.83,121.75181101,16.4556455
P00549972VS-CW1,2021,river_structure,18829429.38,121.95844,10.807213
P00620610LZ-CW1,2022,river_structure,19600000.0,121.8686317,14.002505
P00621428LZ-CW1,2022,slope_protection,96500000.0,121.51252,13.95512
P00525963LZ-CW1,2021,river_structure,45208376.78,122.02865,16.939367
P00637015LZ-CW1,2022,river_structure,96500000.0,121.81072,16.92281
P00742463LZ-CW1,2023,river_structure,99000000.0,122.12278,12.61361
P00726881LZ-CW1,2023,river_structure,114611496.0,121.681087,18.244988
P00727284LZ-CW1,2023,river_structure,192999742.19,121.751957,16.07575
P00639465LZ-CW1,2022,river_structure,34299272.21,121.870123,16.509076
P00621467LZ-CW1,2022,slope_protection,49000000.0,121.51279,13.95431
P00742450LZ-CW1,2023,river_structure,4947211.87,122.029148,13.472133
P00825132LZ-CW1,2024,river_structure,96500000.0,122.1228,12.5317
P00742122LZ-CW1,2023,river_structure,74229724.81,121.81109784,16.93650015
P00843248LZ-CW1,2024,river_structure,96500000.0,121.682515,16.55664
P00631125LZ-CW1,2022,river_structure,42113172.13,121.7519583,16.76560278
P00821210LZ-CW1,2024,river_structure,62714599.71,121.9585083,17.01889722
P00727343LZ-CW1,2023,river_structure,21238973.04,121.870315,20.338155
P00621469LZ-CW1,2022,slope_protection,49000000.0,121.5129,13.95321
P00639507LZ-CW1,2022,river_structure,9799552.49,122.0295,13.4829
P00525953LZ-CW1,2021,river_structure,19305970.0,121.81159,17.37231
P00843269LZ-CW1,2024,river_structure,96500000.0,121.752842,16.51513
P00825239LZ-CW1,2024,river_structure,34295321.46,121.6827,16.32185
P00640503LZ-CW1,2022,river_structure,4938605.84,121.958778,20.366125
P00726870LZ-CW1,2023,river_structure,96500000.0,121.7533566,16.48675444
P00630933LZ-CW1,2022,river_structure,143859986.34,121.683454,18.249435
P00631155LZ-CW1,2022,river_structure,29400000.0,121.51449,15.70604
P00621622LZ-CW1,2022,river_structure,19299804.74,121.870615,13.351275
P00620819LZ-CW1,2022,river_structure,95052496.94,121.8118472,16.9801
P00844783LZ-CW1,2024,river_structure,48997458.75,122.03194,12.52833
P00838521LZ-CW1,2024,river_structure,48250000.0,122.125106,16.271515
P00726110LZ-CW1,2023,river_structure,28820720.71,121.95919,20.392109
P00838510LZ-CW1,2024,river_structure,48250000.0,121.753491,16.073965
P00525954LZ-CW1,2021,river_structure,28958048.1,121.75351,17.42718
P00726703LZ-CW1,2023,river_structure,14479105.16,121.75383,16.766235
P00843284LZ-CW1,2024,river_structure,72374258.98,121.754832,16.526194
P00820168LZ-CW1,2024,river_structure,89380485.8,121.756227,17.76192
P00621053LZ-CW1,2022,river_structure,48969896.0,121.756319,17.365045
P00631127LZ-CW1,2022,river_structure,41507114.34,121.7570333,16.75318889
P00525959LZ-CW1,2021,river_structure,28957991.85,121.757469,16.752414
P00821216LZ-CW1,2024,river_structure,144734339.35,121.75748,17.45923
P00621055LZ-CW1,2022,river_structure,48970329.5,121.757919,17.367657
P00727103LZ-CW1,2023,river_structure,48974905.5,121.7594,17.4192
P00726871LZ-CW1,2023,river_structure,96500000.0,121.75956208,16.49097153
P00726707LZ-CW1,2023,river_structure,19306310.58,121.760484,16.750152
P00821201LZ-CW1,2024,river_structure,139912304.53,121.76092,17.37156
P00727263LZ-CW1,2023,river_structure,95827936.6,121.761352,16.749983
P00727262LZ-CW1,2023,river_structure,95858906.48,121.762558,16.779363
P00621054LZ-CW1,2022,river_structure,48970580.36,121.762716,17.373317
P00843247LZ-CW1,2024,river_structure,96500000.0,121.763858,16.512779
P00824865LZ-CW1,2024,river_structure,77157107.5,121.765219,16.750294
P00726685LZ-CW1,2023,river_structure,48988899.5,121.766,17.3753
P00843246LZ-CW1,2024,river_structure,96500000.0,121.767377,16.516379
P00845940LZ-CW1,2024,river_structure,19789477.17,121.76748,17.34326
P00727105LZ-CW1,2023,river_structure,29394655.71,121.7685,17.3424
P00726880LZ-CW1,2023,river_structure,71021820.85,121.76855,16.813852
P00740314LZ-CW1,2023,river_structure,96500000.0,121.76882141,16.51616153
P00561165LZ-CW1,2021,river_structure,48705999.35,121.768998,17.011918
P00631152LZ-CW1,2022,river_structure,9501082.94,121.76976,16.07596
P00727108LZ-CW1,2023,river_structure,48915964.67,121.770519863993,16.9441061712589
P00726119LZ-CW1,2023,river_structure,29400000.0,121.771708,17.6294722
P00726704LZ-CW1,2023,river_structure,24132730.03,121.7728056,16.80473611
P00825233LZ-CW1,2024,river_structure,48754901.14,121.772806,16.804736
P00821170LZ-CW1,2024,river_structure,96479423.61,121.7733806,16.80396667
P00821203LZ-CW1,2024,river_structure,144457257.75,121.775214,17.010441
P00727107LZ-CW1,2023,river_structure,48914436.85,121.776791300016,16.9305259212913
P00821196LZ-CW1,2024,river_structure,139904118.4,121.77708,17.41894
P00726869LZ-CW1,2023,river_structure,96500000.0,121.777187,16.442584
P00620491LZ-CW1,2022,river_structure,29299999.82,121.7776,17.3375
P00742121LZ-CW1,2023,river_structure,74229011.56,121.779126,16.937458
P00561163LZ-CW1,2021,drainage,4654926.2,121.78028,17.42361
P00631133LZ-CW1,2022,river_structure,44100000.0,121.78124,16.94895
P00631150LZ-CW1,2022,river_structure,9800000.0,121.7818,16.13205
P00821173LZ-CW1,2024,river_structure,70829070.0,121.782003,16.951572
P00821204LZ-CW1,2024,river_structure,144724873.42,121.782152,17.009336
P00742308LZ-CW1,2023,drainage,19794310.96,121.782228,16.985441
P00726131LZ-CW1,2023,river_structure,29399982.46,121.78301786,16.95093685
P00726877LZ-CW1,2023,river_structure,72350000.0,121.783056,18.052222
P00640509LZ-CW1,2022,river_structure,14834053.16,121.78315,16.950894
P00843274LZ-CW1,2024,river_structure,96500000.0,121.785594,16.533134
P00561669LZ-CW1,2021,drainage,9404811.4,121.78631,17.42118
P00742120LZ-CW1,2023,river_structure,74228619.09,121.78680985,16.96868478
P00621415LZ-CW1,2022,river_structure,91675000.0,121.7870667,17.61956944
P00727099LZ-CW1,2023,river_structure,48800733.64,121.787123,17.619496
P00637014LZ-CW1,2022,river_structure,96498540.53,121.787287,16.971189
P00726875LZ-CW1,2023,river_structure,96500000.0,121.787892,16.533946
P00639330LZ-CW1,2022,river_structure,96500000.0,121.7879,16.94974
P00824875LZ-CW1,2024,river_structure,144744789.98,121.79103,17.012562
P00726868LZ-CW1,2023,river_structure,96499591.31,121.791262,16.426874
P00631134LZ-CW1,2022,river_structure,45080000.0,121.791388,16.949146
P00726419LZ-CW1,2023,river_structure,48249880.15,121.791759,17.145855
P00821198LZ-CW1,2024,river_structure,144689532.48,121.7921639,16.9745361
P00823336LZ-CW1,2024,river_structure,48239325.19,121.79306,17.90444
P00631136LZ-CW1,2022,river_structure,44099748.06,121.793302,16.533771
P00726430LZ-CW1,2023,river_structure,43116440.23,121.793778,16.975474
P00726878LZ-CW1,2023,river_structure,72355000.0,121.794167,18.051944
P00726690LZ-CW1,2023,river_structure,43439626.45,121.79552,16.976425
P00621056LZ-CW1,2022,river_structure,44072412.5,121.796394,17.381933
P00726879LZ-CW1,2023,river_structure,72353000.0,121.796461,18.052945
P00637083LZ-CW1,2022,slope_protection,49000000.0,121.7965139,14.00834444
P00821208LZ-CW1,2024,river_structure,96398901.52,121.7979167,17.02515556
P00845943LZ-CW1,2024,river_structure,49475237.33,121.7979444,17.02536389
P00726705LZ-CW1,2023,river_structure,29062893.26,121.79809,16.809109
P00821165LZ-CW1,2024,river_structure,96451855.56,121.7986833,17.03016667
P00726684LZ-CW1,2023,river_structure,48993926.88,121.7988,17.3833
P00620820LZ-CW1,2022,river_structure,95057153.07,121.7993583,16.97959722
P00639331LZ-CW1,2022,river_structure,96500000.0,121.799602,16.534674
P00740651LZ-CW1,2023,river_structure,12250000.0,121.80223167,13.98236667
P00727261LZ-CW1,2023,river_structure,95828517.81,121.802466,16.818276
P00740650LZ-CW1,2023,river_structure,12250000.0,121.803636,13.9722
P00631109LZ-CW1,2022,river_structure,49000000.0,121.517902,18.413751
P00823339LZ-CW1,2024,river_structure,96490180.17,121.683496,17.15641
P00620249VS-CW1,2022,river_structure,8256078.6,121.960869,10.806683
P00630957LZ-CW1,2022,river_structure,53074432.75,122.032595,12.347304
P00846096LZ-CW1,2024,river_structure,4948075.66,121.870724,13.308216
P00821213LZ-CW1,2024,river_structure,96441752.68,121.684011,16.775325
P00620298VS-CW1,2022,river_structure,49000000.0,122.125132,10.873633
P00736026LZ-CW1,2023,river_structure,96500000.0,121.81562,13.911176
P00825053LZ-CW1,2024,river_structure,48234966.56,121.51827,18.40708
P00824887LZ-CW1,2024,river_structure,96480164.87,121.68546,17.109228
P00620672LZ-CW1,2022,river_structure,48231860.27,122.032595,12.347304
P00737548LZ-CW1,2023,river_structure,4948142.9,121.870783,13.308228
P00820782LZ-CW1,2024,river_structure,3424520.75,121.520211,16.831033
P00727351LZ-CW1,2023,river_structure,29400000.0,121.815744,17.707873
P00820774LZ-CW1,2024,river_structure,9749525.43,121.960983333333,20.3667388888889
P00521581VS-CW1,2021,river_structure,48507211.59,122.125218,10.873513
P00632790LZ-CW1,2022,river_structure,4894683.33,121.963994,20.367863
P00726447LZ-CW1,2023,river_structure,96169397.8,121.8722,17.1539
P00621492LZ-CW1,2022,river_structure,24500000.0,122.0328,12.5319
P00740577LZ-CW1,2023,drainage,2852860.02,121.52124,15.71956
P00740420LZ-CW1,2023,river_structure,241247258.68,122.1276,13.4513
P00726428LZ-CW1,2023,river_structure,52702403.1,121.8169833,16.97829167
P00737438LZ-CW1,2023,river_structure,5899148.0,121.964748,20.455773
P00726667LZ-CW1,2023,river_structure,35264241.7,121.685833,18.254444
P00823566LZ-CW1,2024,river_structure,125450000.0,122.0342,12.3994
P00421687LZ-CW1,2020,river_structure,27153948.61,121.96572,20.448697
P00620497LZ-CW1,2022,river_structure,48146608.28,121.5216694,15.76286111
P00639510LZ-CW1,2022,river_structure,5877868.15,121.8723,13.3071
P00726668LZ-CW1,2023,river_structure,35255302.94,121.686111,18.255278
P00620003VS-CW1,2022,river_structure,87080562.0,122.036944,10.813056
P00721591MN-CW1,2023,river_structure,26485720.03,121.9658333,6.975833333
P00843228LZ-CW1,2024,river_structure,96499766.88,121.81801,16.535569
P00726872LZ-CW1,2023,river_structure,96499800.46,121.87293959,16.50947763
P00843249LZ-CW1,2024,river_structure,96500000.0,121.686802,16.559453
P00740576LZ-CW1,2023,river_structure,49000000.0,122.13013,16.283052
P00726700LZ-CW1,2023,river_structure,43371200.6,122.037988,16.857686
P00820390LZ-CW1,2024,river_structure,67544604.27,121.873102,13.432412
P00726702LZ-CW1,2023,river_structure,19461769.94,121.6871,16.76915833
P00525946LZ-CW1,2021,river_structure,24931200.0,121.967636,20.45159
P00621526LZ-CW1,2022,river_structure,9800000.0,121.52194,17.12444
P00742123LZ-CW1,2023,river_structure,74228662.29,121.81971434,16.922459567
P00726952LZ-CW1,2023,river_structure,289497468.84,122.1305,12.5669
P00620137LZ-CW1,2022,river_structure,69960570.0,121.52278,17.11972
P00632799LZ-CW1,2022,river_structure,14799954.57,121.82054,17.36784
P00721730VS-CW1,2023,river_structure,91675000.0,122.03877,10.81075
P00821214LZ-CW1,2024,river_structure,96442247.44,121.687231,16.773811
P00632789LZ-CW1,2022,slope_protection,4978478.33,121.873872,20.332805
P00733295VS-CW1,2023,river_structure,14700000.0,122.040961,11.198352
P00632788LZ-CW1,2022,river_structure,4947421.64,121.967924,20.446443
P00825251LZ-CW1,2024,river_structure,48997656.29,121.523361111111,12.5985833333333
P00639518LZ-CW1,2022,river_structure,24729962.75,121.8752,13.473786
P00820387VS-CW1,2024,river_structure,19600000.0,122.04097,10.8038
P00721729VS-CW1,2023,river_structure,57900000.0,121.9681,10.80688
P00736027LZ-CW1,2023,river_structure,96500000.0,121.821499,13.905008
P00620078VS-CW1,2022,river_structure,49000000.0,122.131614,11.011224
P00843250LZ-CW1,2024,river_structure,96500000.0,121.68915,16.563831
P00820773LZ-CW1,2024,river_structure,37632000.0,121.96867176,20.38336768
P00820276VS-CW1,2024,river_structure,82025000.0,122.1322,10.8899
P00737445LZ-CW1,2023,river_structure,14700000.0,121.524584,15.756388
P00727175LZ-CW1,2023,river_structure,48018673.52,121.876174,13.432601
P00637808LZ-CW1,2022,river_structure,47519311.81,122.0432,13.269
P00621448LZ-CW1,2022,river_structure,49000000.0,121.525498,16.694022
P00632797LZ-CW1,2022,slope_protection,4875750.0,121.822733,18.022985
P00631710VS-CW1,2022,river_structure,9800000.0,122.043919,11.198473
P00631158LZ-CW1,2022,river_structure,19600000.0,121.525901,15.878019
P00740318LZ-CW1,2023,river_structure,96489771.32,121.68932231,16.54161787
P00725760LZ-CW1,2023,river_structure,289499825.24,122.1326144,16.28240965
P00820389LZ-CW1,2024,river_structure,87809976.28,121.878309,13.431117
P00727179LZ-CW1,2023,river_structure,48018034.7,121.881243,13.476985
P00834991VS-CW1,2024,river_structure,49500000.0,122.04419,11.1983
P00820964LZ-CW1,2024,river_structure,9602077.29,121.882247,13.477008
P00726446LZ-CW1,2023,river_structure,96174122.0,121.969,17.0554
P00726113LZ-CW1,2023,river_structure,48990000.0,121.822905,17.912462
P00633212VS-CW1,2022,slope_protection,4950000.0,122.04488,11.272927
P00843227LZ-CW1,2024,river_structure,96499503.07,121.824222,16.537626
P00641900LZ-CW1,2022,river_structure,9813540.74,121.882719,13.501071
P00522033MN-CW1,2021,river_structure,57867414.58,121.969664,6.980922
P00631156LZ-CW1,2022,river_structure,34300000.0,121.53014,15.83504
P00843223LZ-CW1,2024,river_structure,96500000.0,121.689348,16.57024
P00621022LZ-CW1,2022,river_structure,48989897.82,121.884136,17.933105
P00821187MN-CW1,2024,river_structure,96481614.48,121.969883,6.704705
P00632795LZ-CW1,2022,river_structure,9824370.18,121.970084,20.4412
P00630627VS-CW1,2022,river_structure,19799567.39,122.132633,11.825785
P00726687LZ-CW1,2023,river_structure,48993521.45,121.9717,17.0514
P00742451LZ-CW1,2023,river_structure,24515665.5,121.884416,13.42937
P00620619LZ-CW1,2022,river_structure,5281353.03,122.133532,14.07828
P00823323LZ-CW1,2024,river_structure,53675230.0,121.530912,16.857066
P00525966LZ-CW1,2021,river_structure,31210839.89,121.690079113153,16.7296768986716
P00727177LZ-CW1,2023,river_structure,48019649.71,121.825481,13.451593
P00727196LZ-CW1,2023,river_structure,48993380.67,122.04722,12.52056
P00637086LZ-CW1,2022,river_structure,24481966.53,122.1336111,12.56611111
P00632800LZ-CW1,2022,river_structure,4949770.78,121.973843,16.958578
P00823338LZ-CW1,2024,river_structure,48240000.0,121.884444,17.93278
P00726416LZ-CW1,2023,river_structure,47563150.1,121.690392,17.114385
P00742301LZ-CW1,2023,river_structure,9788290.17,121.692956,17.5522278
P00522144MN-CW1,2021,river_structure,4875209.31,122.047778,6.938333
P00637066LZ-CW1,2022,river_structure,49000000.0,121.5311,16.86122
P00621028LZ-CW1,2022,river_structure,48984996.36,121.825592,17.911593
P00726421LZ-CW1,2023,river_structure,47864304.56,121.69387,17.113627
P00721928VS-CW1,2023,river_structure,24266621.31,122.13435,10.585651
P00620602LZ-CW1,2022,river_structure,27440000.0,121.974434,13.841028
P00820911LZ-CW1,2024,river_structure,19600000.0,122.0479,13.944
P00824679LZ-CW1,2024,river_structure,44095000.0,121.88528,17.95639
P00725658LZ-CW1,2023,river_structure,62725000.0,121.53176,17.11906
P00639516LZ-CW1,2022,river_structure,19598862.07,121.827071,13.450541
P00824891LZ-CW1,2024,river_structure,96474480.71,121.695213,17.112084
P00631319LZ-CW1,2022,river_structure,41886289.12,121.9756,12.3953
P00620297VS-CW1,2022,river_structure,29685504.72,122.048689,11.3019
P00621021LZ-CW1,2022,river_structure,29385000.0,121.885839,17.925318
P00420351VS-CW1,2020,river_structure,115799647.99,122.05,11.011
P00824683LZ-CW1,2024,river_structure,48406589.72,121.53203,18.40622
P00846087LZ-CW1,2024,river_structure,49500000.0,121.97665,13.83632
P00848610LZ-CW1,2024,river_structure,88986939.82,121.827213,16.538105
P00721927VS-CW1,2023,river_structure,29112116.85,122.135685,10.585564
P00824879LZ-CW1,2024,river_structure,96470259.43,121.695213,17.110284
P00820388LZ-CW1,2024,river_structure,87810398.0,121.885893,13.426072
P00725670LZ-CW1,2023,river_structure,96500000.0,121.5346,18.40493
P00632924LZ-CW1,2022,river_structure,5818384.17,121.8274,13.4266
P00721924VS-CW1,2023,river_structure,48999995.52,122.13824,11.809624
P00821212LZ-CW1,2024,river_structure,96489406.74,121.695525,16.76755
P00621032LZ-CW1,2022,river_structure,14259000.0,121.887441,17.956162
P00525566LZ-CW1,2021,river_structure,96500000.0,121.534698327725,16.6929132242126
P00620601LZ-CW1,2022,river_structure,44246020.0,121.97722128,13.83560954
P00620001VS-CW1,2022,river_structure,34571918.59,122.051821,11.074856
P00721657MN-CW1,2023,river_structure,44100000.0,122.1417,7.7133
P00631312LZ-CW1,2022,river_structure,19600000.0,121.8276,13.9478
P00621073LZ-CW1,2022,river_structure,48995706.5,121.697062,16.352021
P00621031LZ-CW1,2022,river_structure,24500000.0,121.887516,17.955359
P00561446LZ-CW1,2021,river_structure,86823658.97,121.5347,13.075
P00639383LZ-CW1,2022,river_structure,106147622.28,121.980937,12.386336
P00630197VS-CW1,2022,river_structure,39200000.0,122.051821,11.074856
P00821362LZ-CW1,2024,river_structure,96495098.79,121.88783,13.475498
P00631104LZ-CW1,2022,drainage,42115100.0,122.14245,18.45738
P00526393LZ-CW1,2021,river_structure,49000000.0,121.53517,15.76461
P00726125LZ-CW1,2023,river_structure,19594522.13,121.888,17.3323
P00621242LZ-CW1,2022,river_structure,24125000.0,121.697217,17.625786
P00740437LZ-CW1,2023,river_structure,192998640.97,122.05367,13.476
P00834990VS-CW1,2024,river_structure,14812420.01,121.9814,10.9148
P00721363MN-CW1,2023,river_structure,39200000.0,122.14821,7.59541
P00620498LZ-CW1,2022,river_structure,48218372.02,121.5363194,15.76501111
P00632801LZ-CW1,2022,drainage,4879992.14,121.828352,16.984596
P00726111LZ-CW1,2023,river_structure,48979917.36,121.888072,17.955307
P00821211LZ-CW1,2024,river_structure,96489676.01,121.697358,16.769309
P00742307LZ-CW1,2023,river_structure,4900708.0,122.054176,16.973086
P00732472MN-CW1,2023,river_structure,4850980.27,122.0547136,6.927464172
P00732470MN-CW1,2023,drainage,4826250.44,122.0591667,6.914722222
P00821566LZ-CW1,2024,river_structure,48965415.32,122.0593861,16.97595278
P00630186VS-CW1,2022,river_structure,125450000.0,122.060481,11.115889
P00620077VS-CW1,2022,river_structure,49000000.0,122.064728,11.005903
P00733715VS-CW1,2023,river_structure,9879364.55,122.064839,10.522613
P00726277LZ-CW1,2023,river_structure,48997970.32,122.06583,12.61778
P00821363LZ-CW1,2024,river_structure,96495228.29,122.067727,13.454758
P00620902LZ-CW1,2022,river_structure,84891244.45,122.0685,13.4559
P00620428VS-CW1,2022,river_structure,4879197.7,122.070025,10.572537
P00637806LZ-CW1,2022,river_structure,19797898.73,122.070339,13.314946
P00561673LZ-CW1,2021,river_structure,29697068.51,122.072375,16.95316
P00727193LZ-CW1,2023,river_structure,48993745.79,122.07389,12.30167
P00621489LZ-CW1,2022,river_structure,24361307.16,122.0739,12.3011
P00620295VS-CW1,2022,river_structure,34300000.0,122.074758,11.41267
P00721361MN-CW1,2023,river_structure,44100000.0,122.07533,7.46178
P00726694LZ-CW1,2023,river_structure,48265637.8,122.075642,16.955968
P00820150VS-CW1,2024,river_structure,49000000.0,122.0758,10.8324
P00620247VS-CW1,2022,river_structure,19011837.7,122.0763,10.918555
P00732471MN-CW1,2023,river_structure,10884616.96,122.0763889,6.938611111
P00835858MN-CW1,2024,river_structure,17633690.21,122.076523,6.936732
P00845956LZ-CW1,2024,river_structure,49500000.0,122.07657,16.2479
P00223199MN-CW1,2018,river_structure,198360499.96,122.07903,6.92144
P00637807LZ-CW1,2022,river_structure,14563237.53,122.0817,13.328
P00620263LZ-CW1,2022,river_structure,96013026.19,122.0819,12.3775
P00620076VS-CW1,2022,river_structure,49000000.0,122.082142,11.000076
P00630196VS-CW1,2022,river_structure,44467535.89,122.08652,11.07386
P00736050LZ-CW1,2023,river_structure,192997379.63,122.0878,13.3175
P00839654LZ-CW1,2024,river_structure,6927884.53,122.087827,13.323884
P00846097LZ-CW1,2024,river_structure,4947817.66,122.087827,13.323884
P00740418LZ-CW1,2023,river_structure,241246840.47,122.090469,13.3233
P00732474MN-CW1,2023,drainage,9899967.65,122.0905459,6.9196441
P00620260MN-CW1,2022,river_structure,19595510.37,122.091667,6.92444
P00820291LZ-CW1,2024,river_structure,67550000.0,122.0927,13.9166
P00620008VS-CW1,2022,river_structure,53743402.6,122.092841,11.820723
P00820152VS-CW1,2024,slope_protection,45570000.0,122.093,11.5893
P00727169LZ-CW1,2023,river_structure,44100000.0,122.093139,13.918714
P00620209LZ-CW1,2022,river_structure,92839755.0,122.093203,13.918681
P00620608LZ-CW1,2022,river_structure,19600000.0,122.093203,13.918681
P00726939LZ-CW1,2023,river_structure,82025000.0,122.093478,13.919978
P00631079MN-CW1,2022,drainage,4948757.89,122.094069485,6.943272409
P00631077MN-CW1,2022,drainage,4801870.31,122.094166667,6.931944444
P00631316LZ-CW1,2022,slope_protection,36258916.06,122.0958,12.9428
P00820149VS-CW1,2024,river_structure,29400000.0,122.0966,10.8479
P00631161LZ-CW1,2022,river_structure,49000000.0,122.09684,16.31602
P00820151VS-CW1,2024,slope_protection,45570000.0,122.09686,11.62263
P00631311LZ-CW1,2022,river_structure,9800000.0,122.099256,13.817594
P00621490LZ-CW1,2022,river_structure,24499249.85,122.0994444,12.465
P00823491LZ-CW1,2024,river_structure,48249972.86,122.1,12.465
P00740419LZ-CW1,2023,river_structure,241247022.12,122.1005,13.3265
P00631080MN-CW1,2022,river_structure,4937068.47,122.103150904,6.970052685
P00845835LZ-CW1,2024,river_structure,99000000.0,122.1044,12.4861
P00639381LZ-CW1,2022,river_structure,76235189.93,122.105066,13.833038
P00639385LZ-CW1,2022,slope_protection,93605000.0,122.10528,12.46358
P00823581LZ-CW1,2024,river_structure,139925000.0,122.106405,12.4634583333333
P00630195VS-CW1,2022,river_structure,28945395.97,121.981939,10.698719
P00639461LZ-CW1,2022,river_structure,44100000.0,121.42727,18.39498
P00821601LZ-CW1,2024,river_structure,48995870.0,121.828659,13.388021
P00742452LZ-CW1,2023,river_structure,9897013.25,121.888335,13.412992
P00843239LZ-CW1,2024,river_structure,96500000.0,121.697426,16.544986
P00632028VS-CW1,2022,river_structure,14845000.06,122.148698,11.80946
P00721356MN-CW1,2023,river_structure,39189522.49,121.983267,6.954923
P00821565LZ-CW1,2024,river_structure,48996742.35,121.697644,17.134255
P00631167LZ-CW1,2022,river_structure,13966665.04,121.888353,16.12673
P00621037LZ-CW1,2022,river_structure,49000000.0,121.42792,18.3401
P00561684LZ-CW1,2021,river_structure,14850000.0,121.53731,15.57837
P00620271VS-CW1,2022,river_structure,86849994.7,122.159738,11.806841
P00726689LZ-CW1,2023,river_structure,43457710.95,121.8287694,16.98329722
P00561577LZ-CW1,2021,river_structure,49000000.0,121.983889,12.405278
P00631159LZ-CW1,2022,river_structure,27929140.36,121.53904,15.741751
P00721726VS-CW1,2023,river_structure,86849991.39,122.161769,11.810409
P00825223LZ-CW1,2024,river_structure,24500000.0,121.428016,18.340362
P00561453LZ-CW1,2021,river_structure,96427479.98,121.697754,16.79998
P00620009VS-CW1,2022,river_structure,84299108.79,121.888545,11.855676
P00726145LZ-CW1,2023,river_structure,48531824.06,121.697935,16.35414833
P00721727VS-CW1,2023,river_structure,33762056.5,121.984088,10.806591
P00821205LZ-CW1,2024,river_structure,96489605.42,121.698017,16.768591
P00631146LZ-CW1,2022,drainage,27911584.27,121.54087,15.80507
P00639379LZ-CW1,2022,river_structure,96500000.0,122.1649,13.6986
P00844775LZ-CW1,2024,river_structure,49000000.0,121.89232,13.9055
P00641868LZ-CW1,2022,river_structure,47542133.85,121.829,17.2428
P00727098LZ-CW1,2023,river_structure,29389157.37,121.428032,18.396397
P00825221LZ-CW1,2024,river_structure,29379960.22,121.98639,18.249167
P00525564LZ-CW1,2021,river_structure,94570000.0,121.540882,16.694214
P00727354LZ-CW1,2023,river_structure,48659288.9,121.829351,16.983645
P00621048LZ-CW1,2022,river_structure,43898080.0,121.89263,17.13944
P00823513LZ-CW1,2024,river_structure,77200000.0,122.16495,13.69877
P00640567LZ-CW1,2022,river_structure,24749532.4,121.428611,12.485278
P00821568LZ-CW1,2024,river_structure,38566585.69,121.698104,16.769466
P00420350VS-CW1,2020,river_structure,115798223.39,121.988,10.808
P00631163LZ-CW1,2022,river_structure,49000000.0,121.541615,15.769831
P00621052LZ-CW1,2022,river_structure,48780682.5,121.8932,17.1478
P00742119LZ-CW1,2023,river_structure,98999519.74,121.829368,16.993469
P00621158LZ-CW1,2022,river_structure,96499222.24,121.69925,17.137661
P00742465LZ-CW1,2023,river_structure,9897188.49,121.428611111111,12.5322222222222
P00726445LZ-CW1,2023,river_structure,96180049.98,121.8934,17.1373
P00621479LZ-CW1,2022,river_structure,49000000.0,121.54214,16.89092
P00620492LZ-CW1,2022,river_structure,24255871.63,121.82939,17.243988
P00521767VS-CW1,2021,river_structure,19400000.0,122.165423,11.758118
P00824885LZ-CW1,2024,river_structure,96457919.01,121.699358,17.11102
P00824682LZ-CW1,2024,river_structure,29394988.25,121.98806,18.25556
P00621042LZ-CW1,2022,river_structure,49000000.0,121.42873,18.44121
P00823437LZ-CW1,2024,river_structure,144750000.0,121.54225,15.772622
P00846081LZ-CW1,2024,river_structure,4943557.73,122.166763,14.780932
P00742118LZ-CW1,2023,river_structure,98997072.72,121.830026,16.998128
P00726951LZ-CW1,2023,river_structure,192991021.76,121.99,12.3765
P00727168LZ-CW1,2023,river_structure,49000000.0,121.54272,13.94788
P00820026VS-CW1,2024,river_structure,128763568.98,122.167225,11.814397
P00639517LZ-CW1,2022,river_structure,9788709.37,121.8941,13.5414
P00726698LZ-CW1,2023,river_structure,44080822.0,121.832351,17.007172
P00639462LZ-CW1,2022,river_structure,52592402.45,121.42873,18.44121
P00621074LZ-CW1,2022,river_structure,48997887.83,121.699378,16.34864
P00630956LZ-CW1,2022,river_structure,115776410.02,121.990157389815,12.2597997816691
P00823322LZ-CW1,2024,river_structure,78358000.0,121.542928,16.877377
P00820028VS-CW1,2024,river_structure,121348746.07,122.168288,11.818436
P00844740LZ-CW1,2024,river_structure,48994560.0,121.89674,17.1503
P00820027VS-CW1,2024,river_structure,95335880.55,122.170576,11.782728
P00631123LZ-CW1,2022,river_structure,44084315.86,121.832375,16.97363889
P00825133LZ-CW1,2024,river_structure,96500000.0,121.9903,12.3714
P00740317LZ-CW1,2023,river_structure,96499900.26,121.7011763,16.54573515
P00740578LZ-CW1,2023,drainage,29400000.0,121.54331,15.79691
P00621496LZ-CW1,2022,river_structure,57568444.07,121.429047,17.423317
P00621046LZ-CW1,2022,river_structure,44050000.0,121.8972,17.1662
P00526265LZ-CW1,2021,river_structure,76424709.06,121.429425,17.41758056
P00621470LZ-CW1,2022,drainage,29400000.0,122.173568,13.692271
P00726427LZ-CW1,2023,river_structure,52833696.23,121.833287,16.969839
P00726950LZ-CW1,2023,river_structure,77167301.33,121.897572,13.420376
P00844534LZ-CW1,2024,drainage,4798860.49,121.54424,15.86236
P00727200LZ-CW1,2023,river_structure,48997147.81,121.429722222222,12.5822222222222
P00825134LZ-CW1,2024,river_structure,139925000.0,121.9903,12.3714
P00631154LZ-CW1,2022,river_structure,19600000.0,121.545746,15.859562
P00561454LZ-CW1,2021,river_structure,96490653.68,121.701367,16.768337
P00631160LZ-CW1,2022,river_structure,9800000.0,122.17807,16.30561
P00821164LZ-CW1,2024,river_structure,96489408.59,121.8336778,16.9744778
P00737547LZ-CW1,2023,river_structure,5938368.63,121.899096,13.278469
P00631128LZ-CW1,2022,river_structure,41495256.89,121.7022083,16.76581944
P00640507LZ-CW1,2022,river_structure,19019000.0,121.833889,18.290278
P00820922LZ-CW1,2024,river_structure,4826779.06,122.180053,14.003853
P00727282LZ-CW1,2023,river_structure,192999941.76,121.546329,15.861554
P00631107LZ-CW1,2022,river_structure,43120000.0,121.43,18.3425
P00820915LZ-CW1,2024,river_structure,4837404.35,121.990761,14.121888
P00726412LZ-CW1,2023,river_structure,144750000.0,121.43222,17.44389
P00639513LZ-CW1,2022,river_structure,19568537.1,121.8992,13.4218
P00820875LZ-CW1,2024,river_structure,9506486.0,121.43224,13.810134
P00640562LZ-CW1,2022,river_structure,49000000.0,122.180876,14.004394
P00621033LZ-CW1,2022,river_structure,47530000.0,121.833902,18.290313
P00631143LZ-CW1,2022,river_structure,4900000.0,121.547975,15.874902
P00620264LZ-CW1,2022,river_structure,96485036.56,121.9908,12.4228
P00821546LZ-CW1,2024,river_structure,39200000.0,121.55196,17.19938
P00621449LZ-CW1,2022,river_structure,49000000.0,121.705494,16.693635
P00821167LZ-CW1,2024,river_structure,96449595.32,121.834625,17.01366111
P00621498LZ-CW1,2022,river_structure,24010000.0,122.187362,14.005945
P00834988VS-CW1,2024,river_structure,4928055.67,121.9959,10.6359
P00639327LZ-CW1,2022,river_structure,96499615.93,121.55254,16.674654
P00727266LZ-CW1,2023,river_structure,95855332.27,121.7069694,16.74763611
P00820965LZ-CW1,2024,river_structure,18214714.08,121.834774,13.450475
P00621035LZ-CW1,2022,river_structure,49000000.0,121.43235,18.41202
P00631165LZ-CW1,2022,river_structure,19600000.0,122.20058,16.43628
P00731617VS-CW1,2023,river_structure,96353234.03,122.202222,10.706111
P00821051VS-CW1,2024,river_structure,14677241.97,122.20276,10.6877
P00620900LZ-CW1,2022,river_structure,86848881.33,121.8995,13.4125
P00821166LZ-CW1,2024,river_structure,96393939.68,121.8354306,17.01801111
P00639328LZ-CW1,2022,river_structure,96499653.77,121.553741,16.675404
P00821050VS-CW1,2024,river_structure,4856848.48,122.21361,10.63917
P00639514LZ-CW1,2022,river_structure,30378967.2,121.9009,13.4148
P00844549LZ-CW1,2024,river_structure,19300000.0,121.9972,12.4228
P00621122LZ-CW1,2022,river_structure,48999954.43,121.433055555556,12.6663888888889
P00637770LZ-CW1,2022,river_structure,20789987.48,121.70849,17.11638
P00631115LZ-CW1,2022,river_structure,4890000.0,122.228321,17.334412
P00823330LZ-CW1,2024,river_structure,96500000.0,121.55389,17.20109
P00726279LZ-CW1,2023,river_structure,48994906.26,121.9975,12.4228
P00621243LZ-CW1,2022,river_structure,9650000.0,121.7086667,17.60365556
P00727312LZ-CW1,2023,river_structure,96500000.0,121.43329,13.81123
P00621049LZ-CW1,2022,river_structure,44072939.6,121.9017,17.1645
P00832626VS-CW1,2024,river_structure,19280582.34,122.229121,10.69168
P00742294LZ-CW1,2023,river_structure,4940000.0,121.8363889,18.289444
P00737526LZ-CW1,2023,river_structure,4949935.98,121.5548,14.114312
P00823588LZ-CW1,2024,river_structure,96497999.88,121.9986,12.4222
P00621057LZ-CW1,2022,river_structure,39199987.54,121.70895,17.117008
P00726934LZ-CW1,2023,river_structure,86840064.43,121.433955,14.130047
P00740383LZ-CW1,2023,river_structure,96500000.0,121.55497,13.94768
P00726258LZ-CW1,2023,river_structure,37243853.46,121.903642,13.437274
P00726275LZ-CW1,2023,river_structure,48997559.85,121.99861,12.42222
P00726542LZ-CW1,2023,river_structure,96500000.0,121.43507,13.82876
P00820170LZ-CW1,2024,river_structure,89344393.48,121.70945,17.10576
P00821221LZ-CW1,2024,river_structure,146679617.4,121.55559,15.78205
P00742293LZ-CW1,2023,river_structure,19754081.38,121.8369444,18.289444
P00522141MN-CW1,2021,river_structure,39544872.43,121.903992,7.133193
P00733298VS-CW1,2023,river_structure,48489591.89,122.236111,10.649722
P00736049LZ-CW1,2023,river_structure,192997859.19,121.9997,13.2033
P00620482LZ-CW1,2022,river_structure,20914465.8,121.43543,16.92942
P00736623LZ-CW1,2023,river_structure,48995230.55,121.555833333333,12.6147222222222
P00725672LZ-CW1,2023,river_structure,109085393.84,121.837619,17.252791
P00522041MN-CW1,2021,river_structure,75410486.7,121.904225,7.1231258333
P00726696LZ-CW1,2023,river_structure,48668725.8,122.00187,16.758521
P00620815LZ-CW1,2022,river_structure,77200000.0,121.7097222,17.771111
P00727320LZ-CW1,2023,river_structure,82022284.76,121.4355556,12.62944444
P00737440LZ-CW1,2023,river_structure,7397729.67,121.838696,20.326634
P00630199VS-CW1,2022,slope_protection,48999199.58,122.237932,10.637477
P00632925LZ-CW1,2022,river_structure,4848665.0,121.9045,13.4823
P00620831LZ-CW1,2022,river_structure,92157500.0,121.71,17.57
P00721593MN-CW1,2023,river_structure,19550054.94,122.0045462,6.943884024
P00621041LZ-CW1,2022,river_structure,48128215.0,121.43577,18.36219
P00727283LZ-CW1,2023,river_structure,192999618.65,121.556318,15.785737
P00721649VS-CW1,2023,river_structure,48484748.19,122.23936,10.63689
P00737444LZ-CW1,2023,drainage,9900000.0,121.55648,15.76853
P00621500LZ-CW1,2022,river_structure,19001115.52,121.7125722,17.67490833
P00737545LZ-CW1,2023,river_structure,9700039.98,121.906007,13.480832
P00620592LZ-CW1,2022,slope_protection,43120000.0,121.436494,14.134018
P00846080LZ-CW1,2024,river_structure,4949850.67,122.00495,14.670693
P00525967LZ-CW1,2021,river_structure,42140000.0,122.239811009972,16.5073635886851
P00725657LZ-CW1,2023,river_structure,67550000.0,121.55659,17.19834
P00632791LZ-CW1,2022,river_structure,8338455.58,121.83882,20.326201
P00824892LZ-CW1,2024,river_structure,96483409.58,121.713295,17.100514
P00820403LZ-CW1,2024,river_structure,88629520.01,121.907157,13.406936
P00726543LZ-CW1,2023,river_structure,96500000.0,121.43738,13.81084
P00620429VS-CW1,2022,river_structure,14664114.09,122.239902,10.63861
P00823461LZ-CW1,2024,river_structure,96500000.0,121.559037,15.749077
P00726552LZ-CW1,2023,river_structure,76235000.0,121.43741,13.81104
P00631120LZ-CW1,2022,river_structure,41507408.17,121.71395,17.109777
P00736189LZ-CW1,2023,river_structure,48998504.16,121.90796901,16.58929349
P00620609LZ-CW1,2022,river_structure,9800000.0,122.005277,13.94133
P00733713VS-CW1,2023,river_structure,9898994.31,122.242015,11.761327
P00736046LZ-CW1,2023,river_structure,192995358.25,121.839,13.4862
P00620139LZ-CW1,2022,river_structure,65780190.0,121.5608,16.9444
P00821220LZ-CW1,2024,river_structure,72370157.8,121.4375,18.4077778
P00525958LZ-CW1,2021,river_structure,29399986.97,121.715598,16.733905
P00734016MN-CW1,2023,river_structure,29349867.01,121.9080556,7.101111111
P00620086VS-CW1,2022,river_structure,4886195.03,122.242552,10.740899
P00726697LZ-CW1,2023,river_structure,43438480.05,121.8397111,17.07000278
P00727264LZ-CW1,2023,river_structure,95847472.62,121.716667,16.733033
P00737443LZ-CW1,2023,drainage,6930000.0,121.56234,15.75965
P00736181LZ-CW1,2023,river_structure,29100540.73,121.43776,17.46014
P00726105LZ-CW1,2023,river_structure,9761069.11,121.840106,20.333639
P00733296VS-CW1,2023,river_structure,48456649.66,122.246664,10.636167
P00727178LZ-CW1,2023,river_structure,48998898.55,121.908064,13.479208
P00621564LZ-CW1,2022,river_structure,67549855.42,121.716718,17.110943
P00820800LZ-CW1,2024,river_structure,49000000.0,121.562345,15.748465
P00823585LZ-CW1,2024,river_structure,96484539.95,122.0061,12.405
P00525952LZ-CW1,2021,river_structure,49000000.0,121.43785,18.40661
P00632926LZ-CW1,2022,drainage,14792987.32,121.8405,13.4491
P00726423LZ-CW1,2023,river_structure,48248898.3,121.716718,17.110943
P00727269LZ-CW1,2023,river_structure,67550000.0,121.43812,18.40495
P00726123LZ-CW1,2023,river_structure,48994848.5,121.9106,17.2193
P00845944LZ-CW1,2024,slope_protection,4939562.86,121.563471,16.657865
P00630565MN-CW1,2022,slope_protection,19599660.32,122.00686899,6.937070834
P00620607LZ-CW1,2022,river_structure,19600000.0,122.25613,13.890082
P00726692LZ-CW1,2023,river_structure,43783286.72,121.8408778,17.03669167
P00525565LZ-CW1,2021,river_structure,96500000.0,121.56637496842,16.6787234070868
P00742442LZ-CW1,2023,river_structure,24750000.0,121.911347,13.870053
P00632937LZ-CW1,2022,river_structure,17324354.24,121.440277777778,12.6680555555556
P00726701LZ-CW1,2023,river_structure,48184997.98,122.0078417,16.91492778
P00726232LZ-CW1,2023,river_structure,49000000.0,122.2574,13.8812
P00631122LZ-CW1,2022,river_structure,43172489.53,121.8416083,17.06805
P00742300LZ-CW1,2023,river_structure,4800079.75,121.56701,18.057643
P00742169LZ-CW1,2023,river_structure,99000000.0,121.911853,13.875736
P00631082MN-CW1,2022,river_structure,39549988.07,121.912904527778,7.03071977777778
P00824867LZ-CW1,2024,river_structure,77164336.44,121.718819,16.730828
P00726699LZ-CW1,2023,river_structure,48504957.56,122.0085889,16.97148611
P00742453LZ-CW1,2023,river_structure,18550221.21,121.841776,13.48263
P00620075VS-CW1,2022,river_structure,48999981.58,122.2578,11.773431
P00820171LZ-CW1,2024,river_structure,89383813.47,121.568463,17.136624
P00727112LZ-CW1,2023,river_structure,48997541.39,121.71904137,16.53220304
P00632938LZ-CW1,2022,river_structure,4949872.82,121.440277777778,12.5433333333333
P00820777LZ-CW1,2024,river_structure,9779993.66,121.842315,20.301038
P00632796LZ-CW1,2022,river_structure,5973946.32,121.914065,20.36763
P00823597LZ-CW1,2024,river_structure,91674999.76,122.0088,12.2933
P00620010VS-CW1,2022,river_structure,86849991.48,122.260481,11.771335
P00726429LZ-CW1,2023,river_structure,43116512.02,121.8429583,17.03723611
P00727271LZ-CW1,2023,river_structure,48229745.38,121.569926,17.858187
P00740316LZ-CW1,2023,river_structure,96499663.2,121.719059,16.548586
P00737442LZ-CW1,2023,drainage,5763972.54,121.44037,15.77333
P00726691LZ-CW1,2023,river_structure,43437238.0,121.843725,17.064252
P00621044LZ-CW1,2022,river_structure,15680000.0,121.719383,17.625449
P00843181LZ-CW1,2024,river_structure,96500000.0,122.262131,16.53318
P00621051LZ-CW1,2022,river_structure,48949706.95,121.9161988,17.11581877
P00726443LZ-CW1,2023,river_structure,96301840.45,122.00887,16.980961
P00639525LZ-CW1,2022,river_structure,7839977.45,121.4406,13.14
P00740315LZ-CW1,2023,river_structure,96500000.0,121.719825,16.551188
P00620823LZ-CW1,2022,river_structure,70445000.0,121.570018,16.689184
P00721358MN-CW1,2023,river_structure,41109966.96,121.9186111,7.028333333
P00620669LZ-CW1,2022,river_structure,29400000.0,122.0089,12.54
P00620614LZ-CW1,2022,river_structure,29400000.0,122.264309,13.88056
P00843230LZ-CW1,2024,river_structure,96400000.0,121.844159,16.451966
P00726234LZ-CW1,2023,river_structure,49000000.0,122.265533,13.879039
P00821202LZ-CW1,2024,river_structure,139912867.25,121.91999,17.12102
P00631166LZ-CW1,2022,river_structure,49000000.0,121.571207,15.757516
P00620822LZ-CW1,2022,river_structure,57900000.0,121.72,17.63
P00620481LZ-CW1,2022,river_structure,31817660.0,121.44129,16.93091
P00843287LZ-CW1,2024,river_structure,96500000.0,122.26647,16.532413
P00621043LZ-CW1,2022,river_structure,17287200.0,121.721208,17.623536
P00823598LZ-CW1,2024,river_structure,91672764.45,122.0089,12.2933
P00621244LZ-CW1,2022,river_structure,19300000.0,121.721208,17.623536
P00844542LZ-CW1,2024,river_structure,96499165.86,121.44638,14.26611
P00821047VS-CW1,2024,river_structure,14596493.95,122.26692,10.71874
P00620110MN-CW1,2022,river_structure,19071820.96,121.920256666667,7.00110333333333
P00621480LZ-CW1,2022,river_structure,48996572.12,121.57337,17.140122
P00721354MN-CW1,2023,river_structure,29218092.67,121.9202778,7.034166667
P00726431LZ-CW1,2023,river_structure,43116483.57,121.844233,17.062548
P00632794LZ-CW1,2022,river_structure,4770046.3,121.920898,20.378037
P00845942LZ-CW1,2024,river_structure,4902860.34,121.575497,16.949702
P00522142MN-CW1,2021,river_structure,41992237.57,121.921057,6.997869
P00843229LZ-CW1,2024,river_structure,96500000.0,121.844409,16.444673
P00732469MN-CW1,2023,drainage,4879296.3,122.008953777778,6.92956091666667
P00736609LZ-CW1,2023,river_structure,49000000.0,122.26800913,16.57103849
P00561455LZ-CW1,2021,river_structure,96497593.3,121.576208,16.913939
P00742432LZ-CW1,2023,river_structure,98009253.72,121.4481556,14.45036667
P00621155LZ-CW1,2022,river_structure,96311346.48,121.721289,17.106186
P00621488LZ-CW1,2022,river_structure,24499640.14,122.2686111,12.55
P00726455LZ-CW1,2023,river_structure,96177084.0,121.9242,17.1217
P00921190LZ-CW1,2025,drainage,14699999.28,122.009166666666,12.1541667
P00825229LZ-CW1,2024,river_structure,19600000.0,121.7222361,17.83443056
P00621006LZ-CW1,2022,river_structure,48449186.44,121.57623,17.34975
P00620594LZ-CW1,2022,slope_protection,43028860.0,121.448157,14.135089
P00843234LZ-CW1,2024,river_structure,96297431.08,122.268629,16.568452
P00824872LZ-CW1,2024,river_structure,144724100.03,121.844583,17.060958
P00820919LZ-CW1,2024,river_structure,4899985.77,121.924537,14.197364
P00823587LZ-CW1,2024,river_structure,109372135.0,122.0092,12.4503
P00820924LZ-CW1,2024,river_structure,4826371.91,121.924805,14.222325
P00844543LZ-CW1,2024,river_structure,96499996.4,121.4486532,14.4474696
P00843251LZ-CW1,2024,river_structure,72375000.0,121.722238,16.557141
P00620825LZ-CW1,2022,river_structure,71185884.17,121.5765,16.68629
P00821567LZ-CW1,2024,river_structure,48941780.88,121.845114,17.033697
P00832628VS-CW1,2024,river_structure,19749811.34,122.269367,10.716607
P00620109MN-CW1,2022,river_structure,39253426.63,122.009436,6.929306
P00820912LZ-CW1,2024,river_structure,9797696.23,121.925780411352,14.1912433518679
P00561143LZ-CW1,2021,river_structure,19300000.0,122.009444,12.243333
P00620811LZ-CW1,2022,river_structure,77200000.0,121.7232889,17.825525
P00621293LZ-CW1,2022,river_structure,96499444.57,121.4494444,14.44861111
P00631117LZ-CW1,2022,river_structure,41674688.35,121.5771,17.14162
P00736611LZ-CW1,2023,river_structure,48996784.15,122.269587,16.56349334
P00726876LZ-CW1,2023,river_structure,96500000.0,121.845148,16.538308
P00727342LZ-CW1,2023,river_structure,24112288.35,121.926156,20.349976
P00721974VS-CW1,2023,river_structure,43425000.0,122.009509,10.906654
P00845941LZ-CW1,2024,river_structure,49475272.59,121.57758,17.177006
P00621414LZ-CW1,2022,river_structure,93002840.0,121.7232889,17.68129167
P00736188LZ-CW1,2023,river_structure,48998838.57,121.9264186,16.60301672
P00620826LZ-CW1,2022,river_structure,69479741.6,121.5799,16.68589
P00740417LZ-CW1,2023,river_structure,241248643.68,121.846111111111,13.3280555555556
P00620248VS-CW1,2022,river_structure,1693418.13,122.009516,10.799321
P00736610LZ-CW1,2023,river_structure,49000000.0,122.26968918,16.53018074
P00727100LZ-CW1,2023,river_structure,29400000.0,121.724086,17.6818028
P00620494LZ-CW1,2022,river_structure,39156940.0,121.9275,17.27166667
P00820359LZ-CW1,2024,river_structure,77887135.0,121.449713,14.318962
P00726425LZ-CW1,2023,river_structure,48246114.85,121.5806,17.138207
P00843260LZ-CW1,2024,river_structure,87802963.92,121.84658,16.706362
P00637087LZ-CW1,2022,river_structure,24497433.72,122.2713889,12.49611111
P00639337LZ-CW1,2022,river_structure,67550000.0,121.724162,16.708189
P00820146VS-CW1,2024,river_structure,19917934.53,121.928504,11.896441
P00742433LZ-CW1,2023,river_structure,95071125.53,121.4505638,14.31620236
P00621473LZ-CW1,2022,river_structure,72374738.52,121.5852,16.68617
P00621491LZ-CW1,2022,river_structure,24499247.05,122.01,12.4225
P00740319LZ-CW1,2023,river_structure,96500000.0,122.271701,16.573208
P00621026LZ-CW1,2022,river_structure,12771183.6,121.928748,17.838821
P00824873LZ-CW1,2024,river_structure,144724653.19,121.848517,17.052719
P00525557LZ-CW1,2021,river_structure,59132762.6,121.7247,17.6273
P00742434LZ-CW1,2023,river_structure,89099964.33,121.4510386,14.3153085
P00727347LZ-CW1,2023,river_structure,24105830.87,121.590429,17.928417
P00620083VS-CW1,2022,river_structure,4851128.23,122.279168,10.660302
P00821364LZ-CW1,2024,river_structure,96495777.91,121.928759,13.266521
P00727197LZ-CW1,2023,river_structure,48993414.82,122.01,12.423611
P00621059LZ-CW1,2022,river_structure,28953495.34,121.5925167,16.903030833
P00726565LZ-CW1,2023,river_structure,96499790.33,121.4521664,14.31321339
P00620813LZ-CW1,2022,river_structure,76374847.58,121.725372,17.764083
P00639512LZ-CW1,2022,river_structure,9700095.72,121.8489,13.364
P00823335LZ-CW1,2024,river_structure,48233879.64,121.928903,17.838552
P00620144LZ-CW1,2022,river_structure,73830813.63,121.5934,17.03318
P00843243LZ-CW1,2024,river_structure,96484520.0,121.725586,16.572246
P00823376LZ-CW1,2024,river_structure,93594921.19,121.4526157,14.2720022
P00620899LZ-CW1,2022,river_structure,86543354.23,121.8501,13.4429
P00632997VS-CW1,2022,river_structure,29106048.36,122.281039,10.722271
P00726112LZ-CW1,2023,river_structure,48999760.64,121.928914,17.838572
P00820916LZ-CW1,2024,river_structure,4827143.98,122.010042,14.111486
P00561665LZ-CW1,2021,river_structure,4848606.56,121.594806,17.927222
P00726566LZ-CW1,2023,river_structure,93567192.5,121.452769,14.31224181
P00824861LZ-CW1,2024,river_structure,67550000.0,121.7256778,17.82154444
P00621101LZ-CW1,2022,river_structure,9800000.0,122.2877486,13.92235339
P00824870LZ-CW1,2024,river_structure,96492518.4,121.85041,17.1044
P00725868LZ-CW1,2023,river_structure,72367731.57,121.929038,13.260907
P00820909LZ-CW1,2024,river_structure,19599888.56,122.010656,14.096
P00637798LZ-CW1,2022,river_structure,4950000.0,121.59529,13.96691
P00843225LZ-CW1,2024,river_structure,96399715.44,121.851366,16.536215
P00621429LZ-CW1,2022,river_structure,96497681.88,121.9306,13.2641
P00632941LZ-CW1,2022,drainage,9899907.62,121.454444444444,12.5780555555556
P00726121LZ-CW1,2023,river_structure,49000000.0,121.725783,17.6244417
P00620269LZ-CW1,2022,river_structure,86848824.12,121.8517,13.4375
P00521758VS-CW1,2021,river_structure,59402499.64,122.289166,11.402949
P00522047MN-CW1,2021,river_structure,144207784.85,121.93379,6.619131
P00726688LZ-CW1,2023,river_structure,48994145.8,122.0113,17.0778
P00631126LZ-CW1,2022,river_structure,41512797.12,121.5956306,16.93190833
P00727170LZ-CW1,2023,river_structure,24496456.69,122.011369,14.096348
P00820744LZ-CW1,2024,river_structure,98000000.0,121.454511,16.9293
P00526392LZ-CW1,2021,river_structure,14258479.57,121.7261,17.625
P00631135LZ-CW1,2022,river_structure,44099988.47,121.85268,16.53725
P00721646VS-CW1,2023,river_structure,29091213.14,122.289838,10.695207
P00631081MN-CW1,2022,river_structure,49482639.74,121.93556,7.003611
P00726695LZ-CW1,2023,river_structure,46256541.75,122.011641,16.995043
P00726120LZ-CW1,2023,drainage,49000000.0,121.726125,17.6049917
P00844545LZ-CW1,2024,river_structure,96499568.47,121.45583,14.43
P00820778LZ-CW1,2024,river_structure,9784961.17,121.937594,20.353372
P00824894LZ-CW1,2024,slope_protection,144740047.39,121.601353,16.952939
P00727314LZ-CW1,2023,river_structure,87815000.0,122.291558,13.914836
P00726676LZ-CW1,2023,river_structure,48975104.35,121.8528,17.1016
P00823586LZ-CW1,2024,river_structure,96497440.82,122.0119,12.4742
P00620886LZ-CW1,2022,river_structure,83514566.55,121.4561111,14.3075
P00726567LZ-CW1,2023,river_structure,57899998.23,121.6032,13.96314
P00631132LZ-CW1,2022,river_structure,45077651.65,121.727094,16.714185
P00821194LZ-CW1,2024,river_structure,139905104.35,121.85374,17.10558
P00620618LZ-CW1,2022,river_structure,9800000.0,122.292130555555,13.9604111111111
P00621061LZ-CW1,2022,river_structure,28958609.7,122.01225,16.95620556
P00620887LZ-CW1,2022,river_structure,85884929.73,121.4561111,14.30583333
P00737439LZ-CW1,2023,river_structure,4095167.51,121.937638,20.350627
P00726693LZ-CW1,2023,river_structure,43801383.68,122.0126972,16.98505833
P00526391LZ-CW1,2021,river_structure,41495798.75,121.7284,17.6179
P00820927LZ-CW1,2024,river_structure,4833252.63,122.2929,13.960425
P00820768LZ-CW1,2024,river_structure,9780073.63,121.938,20.348957
P00742306LZ-CW1,2023,river_structure,4900426.44,122.013063,16.98614
P00820405LZ-CW1,2024,river_structure,67545243.0,121.856626,13.433792
P00726278LZ-CW1,2023,river_structure,48996131.97,122.01361,12.54194
P00824862LZ-CW1,2024,river_structure,77163172.6,121.728525,16.717258
P00620885LZ-CW1,2022,river_structure,83249659.5,121.4575,14.27361111
P00823337LZ-CW1,2024,river_structure,48244212.26,121.857778,17.89472
P00823582LZ-CW1,2024,river_structure,139925000.0,122.01388,12.41638
P00727373LZ-CW1,2023,river_structure,44100000.0,122.293108,13.915003
P00726107LZ-CW1,2023,river_structure,9738048.0,121.93801,20.35389
P00821168LZ-CW1,2024,river_structure,96479997.58,121.728933,16.7713889
P00526321LZ-CW1,2021,river_structure,93605396.83,121.4580361,14.3029
P00843252LZ-CW1,2024,river_structure,96500000.0,121.858318,16.499283
P00821365LZ-CW1,2024,river_structure,139925000.0,122.0142,12.4158
P00727315LZ-CW1,2023,river_structure,86850000.0,122.293486,13.916397
P00726108LZ-CW1,2023,river_structure,2897777.75,121.938057,20.352914
P00526459LZ-CW1,2021,river_structure,19599958.93,121.458056,12.854722
P00640564LZ-CW1,2022,river_structure,19799697.37,121.731634,12.916077
P00721728VS-CW1,2023,river_structure,67550000.0,122.01486,10.79695
P00721623VS-CW1,2023,river_structure,29392615.8,122.295939,11.71417
P00632928LZ-CW1,2022,river_structure,9905612.11,121.86,13.4772
P00734014MN-CW1,2023,river_structure,29399535.35,121.9381347,6.971139907
P00640565LZ-CW1,2022,river_structure,19503220.7,121.731634,12.916077
P00823583LZ-CW1,2024,river_structure,139925000.0,122.0158,12.4142
P00733714VS-CW1,2023,river_structure,9899987.28,122.302074,11.651947
P00631164LZ-CW1,2022,river_structure,13961777.38,121.860294,16.115642
P00742295LZ-CW1,2023,river_structure,4940000.0,121.94,18.2461111
P00640566LZ-CW1,2022,river_structure,19785666.38,121.731634,12.916077
P00621294LZ-CW1,2022,river_structure,93605267.39,121.458056,14.276944
P00733712VS-CW1,2023,river_structure,49499996.53,122.30222,11.645651
P00525943LZ-CW1,2021,river_structure,31164000.0,121.940513,20.349144
P00845937LZ-CW1,2024,drainage,2475000.0,121.735881,17.751753
P00621116LZ-CW1,2022,river_structure,48999734.76,121.458056,12.854444
P00731678VS-CW1,2023,river_structure,48485657.34,122.302222,10.678611
P00620107MN-CW1,2022,river_structure,33723565.84,121.941808333333,6.96235333333333
P00742291LZ-CW1,2023,river_structure,4941699.76,121.45847,17.520908
P00632798LZ-CW1,2022,river_structure,14799986.51,121.73655,17.4111
P00721984VS-CW1,2023,river_structure,48999545.82,122.304299,11.607799
P00726949LZ-CW1,2023,river_structure,77198380.79,121.860499,13.489907
P00621047LZ-CW1,2022,river_structure,44050000.0,121.9445683,17.1070766
P00740388LZ-CW1,2023,river_structure,90687783.34,121.4596306,14.26982778
P00742302LZ-CW1,2023,river_structure,4925536.59,121.737169,17.641474
P00731680VS-CW1,2023,river_structure,48479090.03,122.304444,10.684444
P00843237LZ-CW1,2024,river_structure,96475000.0,121.738407,16.56223
P00639508LZ-CW1,2022,river_structure,14698930.12,121.945,13.252
P00726139LZ-CW1,2023,river_structure,29399861.97,121.861045,16.52581
P00727265LZ-CW1,2023,river_structure,94704698.46,121.7395028,16.7475222
P00726221LZ-CW1,2023,river_structure,48999662.4,121.4602861,14.28915833
P00726417LZ-CW1,2023,river_structure,48248853.2,121.739552,17.114717
P00736191LZ-CW1,2023,river_structure,48999666.52,121.46146,16.731059
P00726138LZ-CW1,2023,river_structure,29399253.02,121.862167,16.531117
P00736190LZ-CW1,2023,river_structure,48999858.51,121.4616,16.731059
P00740389LZ-CW1,2023,river_structure,88893886.0,121.4621139,14.2670491
P00639464LZ-CW1,2022,river_structure,34300000.0,121.862188,16.530985
P00825250LZ-CW1,2024,river_structure,48997595.16,121.462222222222,12.8551388888889
P00726873LZ-CW1,2023,river_structure,96499762.04,121.86267383,16.50398192
P00726222LZ-CW1,2023,river_structure,48999768.02,121.463076,14.286033
P00737546LZ-CW1,2023,river_structure,4849037.42,121.863136,13.4926
P00740579LZ-CW1,2023,river_structure,29400000.0,121.46313,15.86216
P00526330LZ-CW1,2021,river_structure,96502061.41,121.86326,13.43908
P00727349LZ-CW1,2023,river_structure,29400000.0,121.464444,17.825556
P00621118LZ-CW1,2022,river_structure,48999910.68,121.465833333333,12.6075
P00639509LZ-CW1,2022,river_structure,38862577.77,121.8642,13.4788
P00740580LZ-CW1,2023,river_structure,29400000.0,121.46646,15.8148
P00823332LZ-CW1,2024,river_structure,19266187.98,121.468889,18.026389
P00639533LZ-CW1,2022,river_structure,48999912.4,121.469166666667,12.7588888888889
P00726117LZ-CW1,2023,river_structure,22758838.0,121.46931,18.02728
P00725817LZ-CW1,2023,river_structure,72606074.11,121.4711639,14.40510833
P00821354LZ-CW1,2024,river_structure,67547131.91,121.471388888889,12.9436111111111
P00736607LZ-CW1,2023,river_structure,48999983.08,121.472032,16.684186
P00845935LZ-CW1,2024,river_structure,9701811.56,121.473083,17.794936
P00631144LZ-CW1,2022,drainage,39200000.0,121.47405,15.76727
P00639532LZ-CW1,2022,river_structure,19599783.18,121.474444444444,12.9444444444444
P00843283LZ-CW1,2024,river_structure,96500000.0,121.474472,16.683653
P00824672LZ-CW1,2024,river_structure,9793424.9,121.47573193,17.55630821
P00736608LZ-CW1,2023,river_structure,48999988.6,121.476227,16.723941
P00621117LZ-CW1,2022,river_structure,48999931.65,121.476666666667,12.5875
P00820784LZ-CW1,2024,river_structure,9636008.66,121.476951,16.723298
P00820786LZ-CW1,2024,river_structure,42147840.0,121.477447,16.722625
P00621121LZ-CW1,2022,river_structure,48999950.04,121.478333333333,12.6738888888889
P00620138LZ-CW1,2022,river_structure,57900000.0,121.47876,17.1249
P00824692LZ-CW1,2024,river_structure,49000000.0,121.479772,15.717209
P00621120LZ-CW1,2022,river_structure,47597494.09,121.480556,12.560556
P00725655LZ-CW1,2023,river_structure,86850000.0,121.48062,16.93124
P00727348LZ-CW1,2023,river_structure,28665000.0,121.481605,17.850134
P00727199LZ-CW1,2023,river_structure,48999818.34,121.481666666667,12.6713888888889
P00561580LZ-CW1,2021,river_structure,29399927.83,121.4816667,12.75916667
P00526460LZ-CW1,2021,river_structure,19599948.04,121.4825,12.58166667
P00726594LZ-CW1,2023,river_structure,82022349.1,121.483888888889,12.5813888888889
P00620480LZ-CW1,2022,river_structure,24010000.0,121.48422,16.931082
P00725863LZ-CW1,2023,river_structure,77197292.65,121.486388888889,12.5541666666667
P00621119LZ-CW1,2022,river_structure,48996447.0,121.486389,12.571389
P00740571LZ-CW1,2023,river_structure,9800000.0,121.487965,18.307843
P00825252LZ-CW1,2024,river_structure,48996871.4,121.488344444444,12.5529638888889
P00725867LZ-CW1,2023,river_structure,96496887.97,121.4905,12.7495
P00620496LZ-CW1,2022,river_structure,48248213.19,121.4924778,15.75236389
P00733734VS-CW1,2023,river_structure,49499990.0,122.8113,10.5269
P00633222VS-CW1,2022,slope_protection,48999974.49,122.82071,10.47776
P00820017VS-CW1,2024,river_structure,70173447.67,122.82111,10.47864
P00721735VS-CW1,2023,river_structure,88200838.4,122.821765,11.493076
P00620313VS-CW1,2022,river_structure,39200000.0,122.82306,9.4
P00631388LZ-CW1,2022,river_structure,23519677.48,122.8231639,14.1422694
P00721629VS-CW1,2023,drainage,19296606.08,122.954016,10.664174
P00721748VS-CW1,2023,river_structure,96499391.23,122.434667,10.818397
P00620310VS-CW1,2022,river_structure,42525140.0,122.82333,9.39972
P00620311VS-CW1,2022,river_structure,38778600.0,122.82333,9.39972
P00620312VS-CW1,2022,river_structure,42826000.0,122.82333,9.4
P00620264VS-CW1,2022,river_structure,62724975.2,122.824124,11.489162
P00620265VS-CW1,2022,river_structure,57899349.35,122.824726,11.375365
P00736150LZ-CW1,2023,river_structure,57899877.77,122.828155,14.145446
P00620263VS-CW1,2022,river_structure,62724396.82,122.828263,11.484163
P00820291VS-CW1,2024,river_structure,110098780.0,122.82929,9.95636
P00736126LZ-CW1,2023,river_structure,77004263.34,122.82957,14.11612
P00736127LZ-CW1,2023,river_structure,95553202.05,122.829671,14.148553
P00631397LZ-CW1,2022,river_structure,19014625.6,122.8304,14.1494
P00737562LZ-CW1,2023,river_structure,48969976.29,122.83082,14.11815
P00620698LZ-CW1,2022,river_structure,48999850.41,122.83135,14.15083333
P00620307VS-CW1,2022,river_structure,48999243.3,122.83197,10.53294
P00631389LZ-CW1,2022,river_structure,33270844.9,122.8326667,14.15211667
P00631390LZ-CW1,2022,river_structure,34299455.1,122.8331917,14.150744444
P00631392LZ-CW1,2022,river_structure,23747366.08,122.8340917,14.14969167
P00721745VS-CW1,2023,river_structure,80094986.22,122.8344,10.5267
P00736626LZ-CW1,2023,river_structure,48999703.48,122.83444,14.12473
P00561470LZ-CW1,2021,river_structure,96499331.17,122.835033,14.149131
P00631393LZ-CW1,2022,river_structure,24499765.86,122.8355472,14.144644444
P00736130LZ-CW1,2023,river_structure,48250000.0,122.83581,14.12681
P00620293VS-CW1,2022,river_structure,19177758.11,122.304826,11.565184
P00631411LZ-CW1,2022,river_structure,48997951.93,122.8365194,14.14025556
P00631394LZ-CW1,2022,river_structure,33270352.17,122.8368444,14.141775
P00630209VS-CW1,2022,river_structure,49000000.0,122.83765,9.9681
P00721743VS-CW1,2023,river_structure,89262500.0,122.839633909408,9.973782288905
P00630211VS-CW1,2022,river_structure,48656985.15,122.840237,10.54046
P00633223VS-CW1,2022,river_structure,48563891.77,122.8417,10.544
P00820290VS-CW1,2024,river_structure,125450000.0,122.84267,9.97056
P00726972LZ-CW1,2023,river_structure,139925000.0,123.009913,13.518799
P00742205LZ-CW1,2023,river_structure,74250000.0,123.130618,13.614997
P00740490LZ-CW1,2023,river_structure,82024118.17,122.905255,13.835435
P00633012VS-CW1,2022,river_structure,48999955.8,123.324361,9.631725
P00820270VS-CW1,2024,slope_protection,88258900.0,122.84371,10.21139062
P00721848VS-CW1,2023,river_structure,44100000.0,122.845,9.35028
P00620305VS-CW1,2022,slope_protection,33774997.7,122.847428,10.051761
P00630644VS-CW1,2022,slope_protection,49000000.0,122.84763,10.04971
P00737375LZ-CW1,2023,river_structure,6715990.86,122.8501,14.0141
P00620304LZ-CW1,2022,slope_protection,86849987.78,122.850447,14.013327
P00620005VS-CW1,2022,river_structure,96500000.0,122.850937,11.022971
P00820166VS-CW1,2024,river_structure,44100000.0,122.85145,11.02349
P00820169VS-CW1,2024,river_structure,29400000.0,122.85184,11.02307
P00620004VS-CW1,2022,river_structure,96500000.0,122.851916,11.02303
P00521539VS-CW1,2021,river_structure,77200000.0,122.852156,11.027706
P00721935VS-CW1,2023,river_structure,29047198.6,122.8522,10.4094
P00721467VS-CW1,2023,river_structure,86464000.0,122.853181,11.0216291
P00820167VS-CW1,2024,river_structure,44100000.0,122.85381,11.02162
P00839668LZ-CW1,2024,drainage,4949995.1,122.85488,14.23523
P00736149LZ-CW1,2023,river_structure,57332639.72,122.85657,14.16701
P00721468VS-CW1,2023,river_structure,86464000.0,122.85696,11.020926
P00631395LZ-CW1,2022,river_structure,33271379.32,122.8576722,14.16739722
P00820391MN-CW1,2024,river_structure,44100000.0,122.8579,8.13964
P00620109VS-CW1,2022,river_structure,48960615.25,122.8589,10.4025
P00820004MN-CW1,2024,river_structure,96500000.0,122.85964,8.14058
P00633217VS-CW1,2022,river_structure,49500000.0,122.86306,11.024916
P00820309VS-CW1,2024,river_structure,96400918.4,122.86326,10.37531
P00620110VS-CW1,2022,river_structure,48925761.61,122.8651867,10.37752167
P00633219VS-CW1,2022,slope_protection,48784339.51,122.866,10.44349
P00733692VS-CW1,2023,river_structure,98999701.5,122.8664,10.4433
P00620318LZ-CW1,2022,river_structure,133128606.14,122.8664692,14.1750719
P00736151LZ-CW1,2023,river_structure,57279912.51,122.86715,14.17883
P00823605LZ-CW1,2024,river_structure,96494270.23,122.867458,13.7715383
P00823621LZ-CW1,2024,river_structure,94386023.3,122.867458,13.7717002
P00823604LZ-CW1,2024,river_structure,96494439.77,122.867539,13.771217
P00620713LZ-CW1,2022,river_structure,47972884.0,122.8681,13.6023
P00823620LZ-CW1,2024,river_structure,94450662.0,122.86828,13.77119
P00737374LZ-CW1,2023,river_structure,6708694.75,122.8698,14.1062
P00721690VS-CW1,2023,river_structure,5314540.0,122.87,9.323611
P00631406LZ-CW1,2022,river_structure,40876698.39,122.8703972,14.19899167
P00633022VS-CW1,2022,river_structure,49000000.0,122.87111,9.32667
P00721689VS-CW1,2023,river_structure,9069900.0,122.871111,9.322778
P00736153LZ-CW1,2023,drainage,27996855.81,122.8714,14.1062
P00620714LZ-CW1,2022,river_structure,47914650.0,122.8725,13.5984
P00620320VS-CW1,2022,river_structure,47804400.0,122.87306,9.32806
P00620204MN-CW1,2022,river_structure,76103499.33,122.8740636,7.6572932
P00630210VS-CW1,2022,river_structure,48568433.55,122.87861,10.56139
P00633221VS-CW1,2022,slope_protection,48794199.32,122.87889,10.561389
P00633220VS-CW1,2022,slope_protection,48642285.17,122.87917,10.415
P00721502VS-CW1,2023,slope_protection,79130000.0,122.880084,10.209054
P00620108VS-CW1,2022,slope_protection,49000000.0,122.88262,10.21015
P00721870VS-CW1,2023,slope_protection,79130000.0,122.882882,10.210168
P00630642VS-CW1,2022,drainage,9899983.1,122.8829,10.20924
P00620715LZ-CW1,2022,river_structure,48020996.0,122.882936,13.588745
P00620316VS-CW1,2022,river_structure,33310200.0,122.88306,9.22444
P00549970VS-CW1,2021,slope_protection,96499989.34,122.88396,10.21119
P00631412LZ-CW1,2022,river_structure,42139953.11,122.8843306,14.11193889
P00620315VS-CW1,2022,river_structure,45927700.0,122.88444,9.22222
P00721849VS-CW1,2023,river_structure,44100000.0,122.885,9.225
P00733694VS-CW1,2023,slope_protection,99000000.0,122.885552,10.210352
P00733693VS-CW1,2023,slope_protection,98993348.2,122.88658,10.210432
P00631401LZ-CW1,2022,river_structure,40884642.31,122.8926472,14.05933333
P00640467LZ-CW1,2022,river_structure,98999782.58,122.89535,14.06283
P00632034VS-CW1,2022,river_structure,49500000.0,122.89889,9.18444
P00631405LZ-CW1,2022,river_structure,40876171.84,122.9028417,14.17761667
P00737373LZ-CW1,2023,river_structure,6721290.85,122.903,14.1751
P00632953LZ-CW1,2022,river_structure,4800384.14,122.903401,14.12865
P00737376LZ-CW1,2023,river_structure,6929991.41,122.9036,14.1289
P00640466LZ-CW1,2022,river_structure,98999876.01,122.904225,13.94153611
P00820243MN-CW1,2024,river_structure,58599948.87,122.9543,7.72249
P00721932VS-CW1,2023,river_structure,18619962.5,122.435706314504,10.9792409813129
P00633011VS-CW1,2022,river_structure,48999992.92,123.324632,9.661951
P00633019VS-CW1,2022,river_structure,49000000.0,122.90528,9.16722
P00642545VS-CW1,2022,river_structure,14475000.0,123.13206,9.50736
P00821039VS-CW1,2024,river_structure,29399990.42,122.437729,11.648075
P00733231VS-CW1,2023,slope_protection,96500000.0,123.010065,10.24507
P00630995LZ-CW1,2022,river_structure,50158065.88,122.95505,14.05585556
P00721521VS-CW1,2023,river_structure,96304510.15,123.324776,9.650858
P00632996VS-CW1,2022,river_structure,9784658.85,122.306323,10.732217
P00820863VS-CW1,2024,river_structure,57900000.0,123.132702,9.6742
P00839669LZ-CW1,2024,river_structure,4897900.0,123.135872,13.620452
P00721951VS-CW1,2023,river_structure,29400000.0,123.13598,9.78291
P00620141VS-CW1,2022,river_structure,29400000.0,123.13845,9.673
P00620724LZ-CW1,2022,river_structure,43419755.29,123.139264,13.619739
P00642566VS-CW1,2022,river_structure,2845757.02,123.139696,9.850289
P00820205VS-CW1,2024,river_structure,18800000.0,123.140849,9.779824
P00736095LZ-CW1,2023,river_structure,82024753.5,122.90537,13.835448
P00620299VS-CW1,2022,river_structure,42627858.0,122.60169,11.28156
P00727324LZ-CW1,2023,river_structure,72375000.0,123.141057,13.618904
P00620021VS-CW1,2022,river_structure,72375000.0,123.142569,9.750412
P00820198VS-CW1,2024,river_structure,30506420.0,123.142662,9.766334
P00621523LZ-CW1,2022,river_structure,76604250.86,123.24089,13.62007
P00642565VS-CW1,2022,river_structure,39907110.08,123.1430928,9.671861216
P00721789VS-CW1,2023,river_structure,72375000.0,123.143494,9.672769
P00820475LZ-CW1,2024,river_structure,96344723.24,123.143602,13.715814
P00727220LZ-CW1,2023,river_structure,48463992.0,123.14397,13.66396
P00820204VS-CW1,2024,river_structure,19450000.0,123.145569,9.761392
P00742203LZ-CW1,2023,river_structure,74250000.0,123.146975,13.619213
P00721788VS-CW1,2023,river_structure,72375000.0,123.149978,9.750335
P00821059VS-CW1,2024,river_structure,39200000.0,123.150115,9.514797222
P00620701LZ-CW1,2022,river_structure,48024323.0,123.152578,13.617304
P00642581VS-CW1,2022,river_structure,19300000.0,123.152792,11.444373
P00620143VS-CW1,2022,river_structure,19600000.0,123.1531508,10.07686611
P00642551VS-CW1,2022,river_structure,3930850.34,123.156675,9.721909
P00620706LZ-CW1,2022,river_structure,47539836.0,123.156997,13.585361
P00726630LZ-CW1,2023,river_structure,144268222.82,123.160761,13.579921
P00726610LZ-CW1,2023,river_structure,66753754.22,123.162485,13.61938056
P00732479MN-CW1,2023,river_structure,4900000.27,123.1625085,8.47384149
P00731624VS-CW1,2023,river_structure,96500000.0,123.164722,9.529444
P00742204LZ-CW1,2023,river_structure,74250000.0,123.165117,13.61858
P00740458LZ-CW1,2023,river_structure,120625000.0,123.167289,13.575883
P00721791VS-CW1,2023,river_structure,72375000.0,123.167516,9.921418
P00820396MN-CW1,2024,river_structure,19579552.34,123.168055,7.74619
P00740459LZ-CW1,2023,river_structure,120625000.0,123.168983,13.574338
P00621550LZ-CW1,2022,river_structure,48099080.59,123.17228,13.66011
P00632032VS-CW1,2022,river_structure,4950000.0,123.173144722222,9.92139833333333
P00561427LZ-CW1,2021,slope_protection,3959871.7,123.173667,13.659971
P00832635VS-CW1,2024,river_structure,4949999.85,123.173888,10.6975
P00736100LZ-CW1,2023,river_structure,96500000.0,123.174251,13.569732
P00740456LZ-CW1,2023,river_structure,120625000.0,123.174251,13.569732
P00832657VS-CW1,2024,river_structure,4935000.0,123.175037,10.121814
P00740457LZ-CW1,2023,river_structure,120625000.0,123.176199,13.567531
P00736099LZ-CW1,2023,river_structure,96447416.6,123.17757,13.566304
P00620049VS-CW1,2022,river_structure,67550000.0,123.17794,9.507131
P00620010MN-CW1,2022,river_structure,82330663.39,123.17855,7.78354
P00620210MN-CW1,2022,river_structure,47185394.21,123.17855,7.78354
P00620707LZ-CW1,2022,river_structure,48024732.0,123.179456,13.564606
P00846119LZ-CW1,2024,river_structure,4889903.22,123.181585,13.613694
P00820213VS-CW1,2024,river_structure,20778940.0,123.1833775,9.162646667
P00620112MN-CW1,2022,river_structure,39408043.22,123.18436,8.52367
P00727323LZ-CW1,2023,river_structure,72375000.0,123.184796,13.600425
P00737563LZ-CW1,2023,river_structure,7425000.0,123.185316,13.59095
P00620716LZ-CW1,2022,river_structure,48015300.91,123.185513,13.580137
P00726609LZ-CW1,2023,river_structure,57204819.77,123.185657,13.610648
P00621548LZ-CW1,2022,river_structure,39052245.17,123.185701,13.613208
P00820196VS-CW1,2024,river_structure,2913716.97,123.185823,10.372618
P00721955VS-CW1,2023,drainage,19600000.0,123.186111,9.096389
P00561420LZ-CW1,2021,drainage,1489100.0,123.187909,13.663587
P00631001LZ-CW1,2022,river_structure,70926749.0,123.18793,13.579908
P00820214VS-CW1,2024,river_structure,45080000.0,123.1902492,9.097899722
P00620737LZ-CW1,2022,river_structure,24500000.0,123.191017,12.037494
P00620705LZ-CW1,2022,river_structure,48019191.0,123.191259,13.530402
P00737567LZ-CW1,2023,river_structure,4899993.0,123.191961,13.698354
P00721839VS-CW1,2023,river_structure,39200000.0,123.19284,9.971131
P00640580LZ-CW1,2022,river_structure,4499725.15,123.193054,13.698458
P00839670LZ-CW1,2024,river_structure,4896762.41,123.193655,13.698527
P00620700LZ-CW1,2022,river_structure,48020707.46,123.193924,13.534477
P00736098LZ-CW1,2023,river_structure,96500000.0,123.193946,13.559758
P00727322LZ-CW1,2023,river_structure,72227938.37,123.193978,13.538697
P00620702LZ-CW1,2022,river_structure,47976248.09,123.19433,13.562033
P00821377LZ-CW1,2024,river_structure,133169699.97,123.194743,13.558576
P00727383LZ-CW1,2023,river_structure,48965337.45,123.194885,13.56109
P00736096LZ-CW1,2023,river_structure,96500000.0,123.195006,13.537228
P00737566LZ-CW1,2023,river_structure,4900002.0,123.19727,13.698948
P00737564LZ-CW1,2023,river_structure,49464968.0,123.197289,13.556045
P00561424LZ-CW1,2021,slope_protection,2941315.96,123.198484,13.699086
P00721953VS-CW1,2023,river_structure,49000000.0,123.198771,9.470934
P00721905VS-CW1,2023,river_structure,67550000.0,123.19916,10.03388
P00820483LZ-CW1,2024,river_structure,62724959.88,123.199304,11.939922
P00620136VS-CW1,2022,river_structure,49000000.0,123.199678,10.033978
P00620304VS-CW1,2022,river_structure,39089218.29,123.200277777778,10.9566666666667
P00820007VS-CW1,2024,river_structure,57896911.64,123.2008,10.95639
P00620303VS-CW1,2022,river_structure,38109219.0,123.200833333333,10.9563888888889
P00726602LZ-CW1,2023,river_structure,67550000.0,123.201373,13.527625
P00737389LZ-CW1,2023,river_structure,69300000.0,123.201875,13.520185
P00620292LZ-CW1,2022,river_structure,52139326.92,123.201931,13.635254
P00846121LZ-CW1,2024,river_structure,4949423.05,123.202877,13.617514
P00620703LZ-CW1,2022,river_structure,48015655.63,123.20472,13.502646
P00620139VS-CW1,2022,river_structure,36241380.0,123.20794,10.05275
P00737565LZ-CW1,2023,river_structure,4897585.84,123.213519,13.707846
P00621549LZ-CW1,2022,river_structure,48888375.42,123.21466,13.71678
P00632036VS-CW1,2022,drainage,4950000.0,123.22095,9.27344
P00727221LZ-CW1,2023,river_structure,48464895.49,123.22436,13.64795
P00632035VS-CW1,2022,drainage,4950000.0,123.22889,9.29083
P00620314VS-CW1,2022,river_structure,37240000.0,123.22972,9.31417
P00736106LZ-CW1,2023,river_structure,96489125.4,123.23334,13.32191
P00820484LZ-CW1,2024,river_structure,62724959.24,123.233907,11.964186
P00726297LZ-CW1,2023,river_structure,23516730.44,123.2378,12.89944
P00820434LZ-CW1,2024,river_structure,96490836.48,123.238056,12.8986111
P00736135LZ-CW1,2023,river_structure,48221995.0,123.23818,13.30817
P00736058LZ-CW1,2023,river_structure,95535000.0,122.43889,12.46333
P00745601VS-CW1,2023,river_structure,87599384.57,123.32485,9.64788055
P00630179VS-CW1,2022,river_structure,96497991.15,122.95588308,10.8893286
P00731679VS-CW1,2023,river_structure,48485507.81,122.307222,10.681111
P00621125LZ-CW1,2022,river_structure,39116647.55,123.241076,13.46863
P00740489LZ-CW1,2023,river_structure,72374410.13,122.603627,13.919869
P00721650VS-CW1,2023,river_structure,14667784.1,122.307403,10.661993
P00726291LZ-CW1,2023,river_structure,48999620.59,122.907932,13.790428
P00820170VS-CW1,2024,river_structure,9702998.81,122.95762,11.09783
P00727171LZ-CW1,2023,drainage,9800000.0,122.441758,13.911133
P00631429LZ-CW1,2022,river_structure,48999963.93,123.241251,13.472451
P00561131LZ-CW1,2021,river_structure,192072579.23,123.326111,13.194167
P00740488LZ-CW1,2023,river_structure,72374529.7,122.604171,13.919809
P00740483LZ-CW1,2023,river_structure,82024700.2,122.907963,13.821175
P00721483VS-CW1,2023,river_structure,72374994.45,122.44337,11.640066
P00834659VS-CW1,2024,river_structure,39196051.67,123.326344,9.676612
P00549999VS-CW1,2021,other,19603507.77,122.3075,10.6836111
P00820218MN-CW1,2024,river_structure,38685192.0,122.60627,7.76504
P00740481LZ-CW1,2023,river_structure,82024604.89,122.908078,13.821323
P00820139MN-CW1,2024,river_structure,48974384.57,123.242243,7.723305
P00820226MN-CW1,2024,river_structure,57892201.4,122.44709,7.63066
P00721990VS-CW1,2023,river_structure,27419992.88,122.307876,11.481684
P00631427LZ-CW1,2022,river_structure,29400000.0,123.32641,13.81464
P00820220MN-CW1,2024,river_structure,38685192.0,122.60823,7.76691
P00834668VS-CW1,2024,river_structure,48995671.74,123.327934,9.650534
P00721639VS-CW1,2023,drainage,19600000.0,122.957838,10.673534
P00621484LZ-CW1,2022,river_structure,29399945.15,122.9088361,14.09043611
P00736116LZ-CW1,2023,river_structure,96386086.27,123.24343,13.47195
P00820300VS-CW1,2024,river_structure,28949980.16,122.308188,11.579236
P00733720VS-CW1,2023,river_structure,96524109.64,122.610061,10.791911
P00726971LZ-CW1,2023,river_structure,139925000.0,123.011726,13.518456
P00736121LZ-CW1,2023,river_structure,96472842.95,123.32795,13.40282
P00820225MN-CW1,2024,river_structure,57749526.89,122.44957,7.63118
P00549885VS-CW1,2021,river_structure,24500000.0,122.9580556,10.87305556
P00620278VS-CW1,2022,river_structure,55969403.95,122.61013,11.43485
P00727321LZ-CW1,2023,river_structure,96499909.87,122.911753,14.094073
P00632607MN-CW1,2022,river_structure,4919990.04,123.24451,8.51451
P00721986VS-CW1,2023,river_structure,48999991.8,122.308741,11.435833
P00820171VS-CW1,2024,river_structure,11759999.77,122.451104,10.779826
P00620308LZ-CW1,2022,river_structure,48139996.4,123.329052,13.199622
P00721494VS-CW1,2023,river_structure,86452076.5,123.01223,11.1038444
P00721637VS-CW1,2023,drainage,29400000.0,122.958403,10.668181
P00721659VS-CW1,2023,river_structure,39198000.0,123.32922,10.91438
P00721648VS-CW1,2023,river_structure,14549734.26,122.309394,10.7158027
P00620617LZ-CW1,2022,river_structure,19600000.0,122.452088219998,13.9041245799993
P00620710LZ-CW1,2022,river_structure,47529798.51,123.013344,13.517203
P00725880LZ-CW1,2023,river_structure,50658133.52,122.6171,12.28998
P00820211VS-CW1,2024,river_structure,45080000.0,122.9118358,9.148503889
P00820140MN-CW1,2024,river_structure,10225709.86,122.91517,7.77551
P00736075LZ-CW1,2023,river_structure,82024538.0,122.915586,13.893661
P00736089LZ-CW1,2023,river_structure,82024747.74,122.916156,13.796515
P00736090LZ-CW1,2023,river_structure,82024518.55,122.916277,13.796453
P00820199VS-CW1,2024,river_structure,8731537.66,123.24473,10.05279
P00740482LZ-CW1,2023,river_structure,82024184.66,122.916549,13.796929
P00721635VS-CW1,2023,drainage,19600000.0,122.959591,10.679137
P00640581LZ-CW1,2022,slope_protection,28211825.0,123.248228,13.665888
P00521744VS-CW1,2021,river_structure,94314902.66,122.310833,11.642222
P00820266VS-CW1,2024,river_structure,86849591.61,122.45252,10.780413
P00820173VS-CW1,2024,river_structure,48997991.31,123.32922,10.91438
P00820168VS-CW1,2024,river_structure,29399525.91,123.0138,11.11729
P00620094VS-CW1,2022,river_structure,39703144.12,123.01414,11.118512
P00521606VS-CW1,2021,slope_protection,14000000.0,122.618807,11.048139
P00620729LZ-CW1,2022,river_structure,39199942.42,123.2489,13.32902
P00736074LZ-CW1,2023,river_structure,82024679.88,122.917802,13.928841
P00620014VS-CW1,2022,river_structure,58857280.0,122.959863,10.705342
P00721493VS-CW1,2023,river_structure,86464000.0,123.014625,11.119943
P00620018VS-CW1,2022,river_structure,39200433.3,122.618807,11.048189
P00820203VS-CW1,2024,river_structure,29400000.0,123.25004,10.06837
P00620615LZ-CW1,2022,river_structure,19600000.0,122.455796958027,13.8942170409282
P00721511VS-CW1,2023,other,3342425.31,123.329493,9.687749
P00620098VS-CW1,2022,river_structure,48998000.0,122.960766,10.718509
P00620084VS-CW1,2022,river_structure,9701673.55,122.310929,10.713902
P00736097LZ-CW1,2023,river_structure,96500000.0,123.014629,13.516177
P00721655VS-CW1,2023,river_structure,24427996.21,122.619056824706,11.0490808531285
P00820174VS-CW1,2024,river_structure,48999999.46,122.96127,10.71847
P00736092LZ-CW1,2023,river_structure,82024888.9,122.917835,13.928909
P00820207VS-CW1,2024,river_structure,19600000.0,123.250582,9.31761
P00620074VS-CW1,2022,river_structure,48999997.71,122.311371,11.546262
P00721513VS-CW1,2023,river_structure,95532668.54,123.330065,9.687739
P00732011VS-CW1,2023,slope_protection,57900000.0,123.01517,10.33117
P00820890MN-CW1,2024,river_structure,95529501.4,122.46504,7.65128
P00630181VS-CW1,2022,river_structure,53075000.0,122.62,11.306
P00621485LZ-CW1,2022,river_structure,28511229.65,122.961987,14.112332
P00820273VS-CW1,2024,river_structure,82025000.0,122.62,11.0053
P00736094LZ-CW1,2023,river_structure,80999846.15,122.917968,13.893678
P00721847VS-CW1,2023,river_structure,44100000.0,123.251111,9.309444
P00732021VS-CW1,2023,slope_protection,49000000.0,123.0154,10.33129475
P00621471LZ-CW1,2022,river_structure,29400000.0,122.4667517,13.741375
P00832630VS-CW1,2024,river_structure,29649524.81,122.312169,10.657151
P00834637VS-CW1,2024,river_structure,29399993.82,122.9625,10.884722
P00620321VS-CW1,2022,river_structure,45810100.0,122.62306,9.43278
P00721888VS-CW1,2023,river_structure,96497659.06,123.331561,9.688658
P00620319VS-CW1,2022,river_structure,39200000.0,122.91889,9.1325
P00736105LZ-CW1,2023,river_structure,96478328.0,123.25161,13.33035
P00820408VS-CW1,2024,river_structure,45080000.0,122.6233417,9.431943889
P00744501VS-CW1,2023,slope_protection,1154359.0,123.0154,10.3347
P00620237VS-CW1,2022,river_structure,96499992.73,122.4684167,10.78391389
P00721889VS-CW1,2023,river_structure,96497667.23,123.331624,9.6888682
P00632030VS-CW1,2022,river_structure,29399974.0,122.96271,10.88495
P00632031VS-CW1,2022,drainage,39196031.75,122.9194,10.45917
P00633021VS-CW1,2022,river_structure,49000000.0,123.25167,9.30972
P00631416LZ-CW1,2022,river_structure,19019199.19,122.6263083,14.2916832
P00832625VS-CW1,2024,river_structure,49445882.19,122.31222,10.7175
P00620723LZ-CW1,2022,river_structure,48022335.0,123.017878,13.710533
P00631398LZ-CW1,2022,river_structure,19259399.53,122.631964,14.310718
P00721999VS-CW1,2023,river_structure,24499986.89,122.470588055556,11.1504441666667
P00832638VS-CW1,2024,river_structure,10392962.4,122.96277,10.811944
P00726772LZ-CW1,2023,river_structure,77199972.9,122.919463,14.102262
P00725884LZ-CW1,2023,river_structure,48244407.6,123.2523,13.33075
P00821042VS-CW1,2024,river_structure,29094184.94,122.31311,10.69248
P00721890VS-CW1,2023,river_structure,96497659.53,123.331743,9.688629
P00835016VS-CW1,2024,river_structure,29700000.0,123.0183742,9.061792222
P00620309VS-CW1,2022,river_structure,42786800.0,122.637527777778,9.40804416666667
P00721654VS-CW1,2023,river_structure,19599435.17,122.471176625411,10.8838791137217
P00631002LZ-CW1,2022,river_structure,70925228.67,123.019586,13.708897
P00820137MN-CW1,2024,river_structure,29384767.64,123.25368,7.62775
P00630570MN-CW1,2022,river_structure,38699939.44,122.921442,7.761117
P00745598VS-CW1,2023,river_structure,94315929.32,123.332347,9.688979
P00620866LZ-CW1,2022,river_structure,68997500.0,122.31377,13.60527
P00620006VS-CW1,2022,river_structure,62361253.4,122.64051,10.944465
P00620006MN-CW1,2022,river_structure,86058217.5,122.47147,8.05592
P00721227MN-CW1,2023,river_structure,57803416.06,122.9633389,7.792133333
P00833585MN-CW1,2024,river_structure,9894959.6,123.019749,8.45081
P00633020VS-CW1,2022,river_structure,49000000.0,123.255,9.31667
P00630474MN-CW1,2022,river_structure,96039900.6,122.92155,7.761561
P00726589LZ-CW1,2023,river_structure,67550000.0,122.313939,13.605431
P00745599VS-CW1,2023,river_structure,95377254.06,123.333732,9.68848
P00721933VS-CW1,2023,river_structure,28801449.8,122.471558549214,10.8829935137002
P00721228MN-CW1,2023,river_structure,57843164.86,122.9635472,7.792569444
P00742476LZ-CW1,2023,river_structure,9899092.81,122.4731345,14.1874692
P00726962LZ-CW1,2023,river_structure,72352610.15,123.02072,13.707408
P00820202VS-CW1,2024,river_structure,14700000.0,123.255372,10.077898
P00820138MN-CW1,2024,river_structure,19362789.0,123.334037,7.749118
P00736076LZ-CW1,2023,river_structure,81923120.95,122.921678,13.892718
P00721983VS-CW1,2023,river_structure,48999776.62,122.314066,11.6212
P00521769VS-CW1,2021,river_structure,13982427.05,122.640536111111,11.1017138888889
P00721364MN-CW1,2023,river_structure,48944628.48,122.963906,7.789611
P00620005MN-CW1,2022,river_structure,86057735.0,122.47434,8.06366
P00820212VS-CW1,2024,river_structure,44067660.0,123.0208753,9.048649444
P00620727LZ-CW1,2022,river_structure,48999593.39,123.335435,13.3643129
P00630991LZ-CW1,2022,river_structure,49214258.35,122.9217833,14.21880833
P00620291VS-CW1,2022,river_structure,46648504.47,122.314081,11.525366
P00820160VS-CW1,2024,river_structure,38219688.96,122.6410081,10.94246389
P00832637VS-CW1,2024,river_structure,4949999.69,122.96581,10.8772
P00620720LZ-CW1,2022,river_structure,48012861.68,123.020932,13.695776
P00630178VS-CW1,2022,river_structure,101325000.0,122.475149,10.878292
P00721532VS-CW1,2023,river_structure,53075000.0,123.25825,9.38799
P00721641VS-CW1,2023,river_structure,49000000.0,122.9218917,10.60530556
P00721991VS-CW1,2023,river_structure,48999204.19,122.3144,11.523457
P00620103VS-CW1,2022,river_structure,40164560.0,123.33671,10.89572
P00721652VS-CW1,2023,river_structure,48998978.3,122.641051666667,10.9443986111111
P00742200LZ-CW1,2023,river_structure,98999990.3,122.9669,14.1128
P00620405VS-CW1,2022,slope_protection,96500000.0,123.02125,10.33533
P00721929VS-CW1,2023,river_structure,19599092.07,122.477378,10.688206
P00820034VS-CW1,2024,slope_protection,120624908.04,122.4797,11.163029
P00632955LZ-CW1,2022,river_structure,4803335.09,122.9219167,13.95111111
P00820858VS-CW1,2024,river_structure,96495998.18,123.337654,9.68663
P00620289VS-CW1,2022,river_structure,48249302.2,122.314544,11.601875
P00820201VS-CW1,2024,river_structure,14700000.0,123.25934,10.08578
P00620142VS-CW1,2022,river_structure,14700000.0,123.259424,10.085789
P00620436VS-CW1,2022,river_structure,19587821.47,122.642391,11.100277
P00732017VS-CW1,2023,river_structure,4947393.0,123.260555,10.943888
P00721747VS-CW1,2023,river_structure,74115163.12,122.643537626176,11.0770851530737
P00549978VS-CW1,2021,river_structure,49000000.0,123.26194,9.3258
P00641827LZ-CW1,2022,river_structure,24496124.69,122.4847222,12.39138889
P00834998VS-CW1,2024,river_structure,4947449.14,122.96728,10.73438
P00620406VS-CW1,2022,slope_protection,96500000.0,123.0213,10.33528
P00733716VS-CW1,2023,river_structure,4939933.07,122.316435,10.67623
P00620012VS-CW1,2022,river_structure,56814451.8,122.485465,11.598466
P00726963LZ-CW1,2023,river_structure,72375000.0,123.022093,13.703916
P00632952LZ-CW1,2022,river_structure,19799782.74,122.9680444,14.10131111
P00733232VS-CW1,2023,slope_protection,94086501.57,122.647256388889,11.0972475
P00632033VS-CW1,2022,river_structure,4950000.0,123.262785694444,9.37894761111111
P00620250VS-CW1,2022,river_structure,33775000.0,123.337944,10.38775
P00620072VS-CW1,2022,river_structure,48249783.09,122.485694,11.535008
P00721489VS-CW1,2023,river_structure,96500000.0,122.9219528,10.1053111
P00820859VS-CW1,2024,river_structure,96495968.22,123.338488,9.68534
P00726957LZ-CW1,2023,river_structure,72334499.77,123.022522,13.695793
P00742209LZ-CW1,2023,river_structure,98999963.19,122.49146,14.18747
P00736122LZ-CW1,2023,river_structure,96499883.32,122.92239,14.103545
P00620455VS-CW1,2022,river_structure,48999996.9,123.338561,9.718369
P00721840VS-CW1,2023,river_structure,49000000.0,123.262923,10.127563
P00630183VS-CW1,2022,river_structure,53072959.65,122.64799,11.31617
P00630643VS-CW1,2022,drainage,19799998.39,123.02343,10.28925
P00736093LZ-CW1,2023,river_structure,82024108.85,122.922802,13.922194
P00737558LZ-CW1,2023,river_structure,4885102.75,122.316558,14.08555
P00620015VS-CW1,2022,river_structure,69163480.0,122.968428,10.689157
P00620674LZ-CW1,2022,river_structure,47529824.24,122.4917,12.47
P00620708LZ-CW1,2022,river_structure,48015893.0,123.026764,13.684101
P00620424VS-CW1,2022,river_structure,49000000.0,122.922912,10.602526
P00721481VS-CW1,2023,river_structure,72742653.95,122.49298,11.60873
P00620461VS-CW1,2022,river_structure,44099458.65,122.64834,11.31658
P00631430LZ-CW1,2022,river_structure,47285080.0,123.26382,13.45863
P00620087VS-CW1,2022,river_structure,9702608.69,122.316996,10.766931
P00721926VS-CW1,2023,river_structure,49000000.0,122.9687389,10.65580556
P00620458VS-CW1,2022,river_structure,48999923.86,123.338644,9.717806
P00733691VS-CW1,2023,slope_protection,99000000.0,122.9245888,10.2075626
P00820409VS-CW1,2024,river_structure,45080000.0,123.0271547,9.091686667
P00620246VS-CW1,2022,river_structure,19036065.74,122.649539,10.813784
P00620454VS-CW1,2022,river_structure,48999811.45,123.338674,9.717604
P00521794VS-CW1,2021,river_structure,93520048.17,122.317703,11.651742
P00721851VS-CW1,2023,river_structure,49000000.0,122.925,9.12
P00631431LZ-CW1,2022,river_structure,47285313.97,123.2641,13.4588
P00721852VS-CW1,2023,river_structure,44100000.0,123.028889,9.0925
P00820438LZ-CW1,2024,river_structure,86849923.14,122.969,14.0582
P00721812VS-CW1,2023,river_structure,19490000.0,122.650764,10.847636
P00620673LZ-CW1,2022,river_structure,45829108.83,122.4989,12.4778
P00721947VS-CW1,2023,river_structure,48895926.27,123.339008,9.729045
P00820269VS-CW1,2024,slope_protection,88258900.0,122.925714,10.202262
P00630633VS-CW1,2022,drainage,4947860.0,122.969444444444,10.7366666666667
P00632964LZ-CW1,2022,river_structure,4945912.3,123.264427,13.577451
P00820391VS-CW1,2024,river_structure,48885166.99,122.6508897,10.84745222
P00633023VS-CW1,2022,river_structure,49000000.0,122.92583,9.12
P00733718VS-CW1,2023,river_structure,19335253.9,122.317958,10.656976
P00641899LZ-CW1,2022,river_structure,74202417.84,122.502419195173,12.3800191402089
P00835012VS-CW1,2024,river_structure,148495065.12,123.339018,9.685073
P00736091LZ-CW1,2023,river_structure,80966304.71,122.926236,13.784558
P00721658MN-CW1,2023,river_structure,48939769.73,122.9698194,7.747630556
P00620439VS-CW1,2022,slope_protection,96499993.8,123.03071,10.33851
P00620144VS-CW1,2022,river_structure,29400000.0,123.26568,10.10086
P00834560VS-CW1,2024,river_structure,76431495.76,122.653815,10.842647
P00721866VS-CW1,2023,river_structure,62081979.88,122.318055,10.726111
P00620306VS-CW1,2022,river_structure,33753548.3,122.50389,9.74806
P00742475LZ-CW1,2023,river_structure,29699257.64,122.5076667,14.1840191
P00620208MN-CW1,2022,river_structure,101324314.0,122.92625,7.64574
P00620420VS-CW1,2022,drainage,72949175.0,122.969993,10.701638
P00620440VS-CW1,2022,slope_protection,96499992.77,123.03076,10.33856
P00733748VS-CW1,2023,river_structure,29700000.0,123.266084,9.308908
P00721810VS-CW1,2023,river_structure,48506217.66,122.654168888889,10.8523233333333
P00726588LZ-CW1,2023,river_structure,67550000.0,122.318636,13.605989
P00620287VS-CW1,2022,river_structure,40426458.54,122.507683,11.591897
P00521589VS-CW1,2021,river_structure,31936464.9,122.97,10.6514
P00721504VS-CW1,2023,river_structure,81058217.84,122.9263,10.4207
P00736117LZ-CW1,2023,river_structure,96456652.25,123.2675236,13.4585536
P00820393VS-CW1,2024,river_structure,34169585.46,122.6542306,10.85241056
P00620861LZ-CW1,2022,river_structure,68997500.0,122.318922,13.605542
P00821409LZ-CW1,2024,river_structure,67549956.01,122.926581,13.783094
P00834571VS-CW1,2024,river_structure,57895064.01,123.339018,9.685073
P00732020VS-CW1,2023,river_structure,5443341.3,122.97008,10.73855
P00736115LZ-CW1,2023,river_structure,67539164.0,123.26809,13.46026
P00820003VS-CW1,2024,slope_protection,67549997.3,122.926797,10.203649
P00620301VS-CW1,2022,river_structure,42629655.34,122.51174,11.40682
P00733732VS-CW1,2023,slope_protection,49500000.0,123.0309566,10.2478316
P00821138VS-CW1,2024,river_structure,72373092.54,122.513642,10.778848
P00620019VS-CW1,2022,river_structure,86844519.15,123.339137,9.727868
P00821142VS-CW1,2024,river_structure,96499845.49,122.656447,11.068473
P00726587LZ-CW1,2023,river_structure,77200000.0,122.3210667,13.60577
P00832639VS-CW1,2024,river_structure,9897916.56,122.97009,10.7483
P00736119LZ-CW1,2023,river_structure,96478328.0,123.26809,13.46026
P00721636VS-CW1,2023,river_structure,39200000.0,122.9308517,10.6374298
P00834999VS-CW1,2024,river_structure,49497759.51,123.03163,10.90254
P00721853VS-CW1,2023,river_structure,49000000.0,123.032222,9.054444
P00620088VS-CW1,2022,river_structure,4851531.95,122.321257,10.732135
P00821214MN-CW1,2024,river_structure,39200000.0,123.032612,7.857807
P00721897VS-CW1,2023,river_structure,96014645.0,123.339582,9.723586
P00742167LZ-CW1,2023,river_structure,74250000.0,122.322,13.605214
P00820407VS-CW1,2024,river_structure,48368880.0,123.0326636,9.049905556
P00721842VS-CW1,2023,river_structure,49000000.0,123.26878,9.33646
P00561417LZ-CW1,2021,drainage,14849998.78,122.9319278,14.10621389
P00620238VS-CW1,2022,river_structure,91275340.05,122.5152167,10.77673333
P00820396VS-CW1,2024,river_structure,33958511.47,122.657625,10.84408
P00740485LZ-CW1,2023,river_structure,82024902.06,122.932042,13.781867
P00737370LZ-CW1,2023,river_structure,7674011.94,122.9713,14.0963
P00721948VS-CW1,2023,river_structure,48900211.81,123.341061,9.743242
P00549968VS-CW1,2021,river_structure,93605000.0,123.27345,9.35678
P00834565VS-CW1,2024,river_structure,95543504.1,122.659158055556,10.9660236111111
P00726959LZ-CW1,2023,river_structure,72375000.0,123.034581,13.691026
P00620047VS-CW1,2022,river_structure,67550000.0,123.27345,9.35678
P00721808VS-CW1,2023,river_structure,47033663.89,122.65926,11.42422
P00620860LZ-CW1,2022,river_structure,68997500.0,122.322569,13.605117
P00820464LZ-CW1,2024,river_structure,96499986.42,122.9322,14.0263
P00733724VS-CW1,2023,drainage,4945183.08,122.5159,10.688872
P00732018VS-CW1,2023,river_structure,4947882.0,122.97141,10.74677
P00721473VS-CW1,2023,river_structure,91675000.0,123.0368865,10.6674382
P00745604VS-CW1,2023,river_structure,94373513.88,123.3418481,9.72643188
P00721738VS-CW1,2023,river_structure,96497998.12,122.97147,10.82684
P00721931VS-CW1,2023,river_structure,29095198.81,122.5161025,10.9594294444444
P00820244MN-CW1,2024,river_structure,66467270.0,123.037702,7.835471
P00549977VS-CW1,2021,river_structure,9148241.83,123.275656,10.275793
P00620460VS-CW1,2022,river_structure,44098309.82,122.65943,11.30918
P00631402LZ-CW1,2022,river_structure,19368185.9,122.9322889,14.14291111
P00620857LZ-CW1,2022,river_structure,68997500.0,122.322884,13.597697
P00820133MN-CW1,2024,river_structure,34300000.0,122.51667,8.06829
P00631387LZ-CW1,2022,river_structure,42139793.86,122.9327083,14.10465833
P00820282VS-CW1,2024,river_structure,96499999.99,122.97147,10.82684
P00846118LZ-CW1,2024,river_structure,4889297.34,123.277679,13.555566
P00736019LZ-CW1,2023,river_structure,96500000.0,122.32404,13.58859
P00620453VS-CW1,2022,river_structure,48999988.97,123.342131,9.750125
P00820132MN-CW1,2024,river_structure,14700000.0,122.51669,8.06816
P00620255VS-CW1,2022,river_structure,91672987.0,123.038333333333,10.8927777777778
P00820406VS-CW1,2024,river_structure,45080000.0,122.93446,9.414298889
P00820284VS-CW1,2024,river_structure,96499995.02,122.97147,10.82684
P00443081MN-CW1,2020,drainage,6913195.24,123.279975,8.510735
P00620452VS-CW1,2022,river_structure,48999987.89,123.34216,9.750614
P00820390VS-CW1,2024,river_structure,9750012.74,122.659479148895,10.9694791778845
P00620858LZ-CW1,2022,river_structure,68515000.0,122.324883,13.599667
P00631318LZ-CW1,2022,river_structure,24068307.9,122.519374967225,12.485262341118
P00620107VS-CW1,2022,river_structure,48998000.0,123.038889,10.892778
P00633018VS-CW1,2022,river_structure,49000000.0,122.93528,9.09972
P00521587VS-CW1,2021,river_structure,34300000.0,122.971472,10.690286
P00736107LZ-CW1,2023,river_structure,96428308.59,123.34412,13.43468
P00620717LZ-CW1,2022,river_structure,48015655.63,123.040485,13.688519
P00721934VS-CW1,2023,river_structure,23763658.51,122.659501388889,10.9694577777778
P00721956VS-CW1,2023,river_structure,36260000.0,122.93611,9.41722
P00620197MN-CW1,2022,river_structure,104499773.71,122.9727,7.76032
P00631321LZ-CW1,2022,river_structure,24067723.15,122.519374967225,12.485262341118
P00561579LZ-CW1,2021,river_structure,48184309.17,122.521591,12.472677
P00721873VS-CW1,2023,river_structure,38212514.85,123.34518,10.69854
P00620859LZ-CW1,2022,river_structure,54879864.36,122.324886,13.599959
P00726961LZ-CW1,2023,river_structure,72375000.0,123.040615,13.688474
P00521771VS-CW1,2021,slope_protection,9309957.28,122.659637,10.968872
P00721844VS-CW1,2023,river_structure,24500000.0,122.93708,9.73327
P00721403MN-CW1,2023,river_structure,48249820.66,122.97388,7.75586
P00620011VS-CW1,2022,river_structure,52330984.82,122.521818,10.695851
P00721954VS-CW1,2023,drainage,19600000.0,123.281111,9.214722
P00821324LZ-CW1,2024,river_structure,96500000.0,122.32494,13.60248
P00633229VS-CW1,2022,river_structure,49499923.49,123.34553,9.7723
P00820395VS-CW1,2024,river_structure,32875340.04,122.662917,10.893489
P00620106VS-CW1,2022,river_structure,48997994.0,123.041944,10.907222
P00721625VS-CW1,2023,drainage,19600000.0,122.9384623,10.1045378
P00726774LZ-CW1,2023,river_structure,125147336.61,122.973887,14.062503
P00639382LZ-CW1,2022,river_structure,96500000.0,122.325153,13.58782
P00620259VS-CW1,2022,river_structure,48249938.13,123.34565,10.69887
P00736113LZ-CW1,2023,river_structure,72319240.89,123.2814741,13.4854937
P00821139VS-CW1,2024,river_structure,72274190.79,122.665739,10.946833
P00620254VS-CW1,2022,river_structure,91673000.19,123.041944444444,10.8991666666667
P00736082LZ-CW1,2023,river_structure,82024862.0,122.974132,13.764295
P00631384LZ-CW1,2022,river_structure,29399160.79,122.9386111,14.10522222
P00736018LZ-CW1,2023,river_structure,96500000.0,122.327613,13.598223
P00620137VS-CW1,2022,river_structure,14700000.0,123.28153,10.17891
P00620448VS-CW1,2022,river_structure,96499992.71,123.346208,9.787033
P00620270VS-CW1,2022,river_structure,49954779.27,122.328622,11.648202
P00631408LZ-CW1,2022,river_structure,40874089.92,123.0421917,14.01758056
P00632951LZ-CW1,2022,river_structure,4790497.46,122.9393722,14.09929722
P00631383LZ-CW1,2022,river_structure,42136788.85,122.9742611,14.0648
P00820294VS-CW1,2024,river_structure,118369503.2,122.669062,10.927184
P00522045MN-CW1,2021,river_structure,98946902.71,122.524215,8.059641
P00820197VS-CW1,2024,river_structure,29400000.0,123.28153,10.17891
P00844776LZ-CW1,2024,drainage,14700000.0,122.32981,13.58792
P00820210VS-CW1,2024,river_structure,45080000.0,123.0425756,9.061584722
P00633230VS-CW1,2022,river_structure,49499921.84,123.346256,9.787224
P00549973VS-CW1,2021,river_structure,8820000.0,122.940901,10.667207
P00740486LZ-CW1,2023,river_structure,82024049.2,122.974353,13.76917
P00522154MN-CW1,2021,river_structure,42112247.18,122.5273858,7.71333807
P00620273VS-CW1,2022,river_structure,55941243.48,122.66972,11.41406
P00620079VS-CW1,2022,river_structure,8820000.0,122.941306,10.667599
P00621518LZ-CW1,2022,river_structure,89101796.39,122.974586,13.754024
P00620245VS-CW1,2022,river_structure,34299712.36,122.52824,11.12638
P00620323LZ-CW1,2022,river_structure,97103902.58,123.281614,13.479281
P00821216MN-CW1,2024,river_structure,14679922.81,123.346845,7.472028
P00620425VS-CW1,2022,river_structure,9790031.39,122.3302083,10.662975
P00820209VS-CW1,2024,river_structure,45080000.0,123.0427147,9.061346944
P00740484LZ-CW1,2023,river_structure,72374681.42,122.974832,13.754257
P00620277VS-CW1,2022,river_structure,62965479.53,122.66972,11.41406
P00525660LZ-CW1,2021,river_structure,65583420.66,122.941958,14.10855
P00721739VS-CW1,2023,river_structure,86847998.0,123.04301,10.87919
P00726606LZ-CW1,2023,river_structure,57899831.5,122.974896,13.770647
P00526112LZ-CW1,2021,river_structure,39200000.0,122.332695,13.587248
P00620444VS-CW1,2022,drainage,113778192.73,122.529849,10.724131
P00834664VS-CW1,2024,river_structure,48995002.78,123.347137,9.786702
P00736114LZ-CW1,2023,river_structure,77086212.17,123.2819485,13.4833235
P00721486VS-CW1,2023,river_structure,96500000.0,122.942575,10.65351667
P00740491LZ-CW1,2023,river_structure,82023729.03,122.975198,13.754763
P00620730LZ-CW1,2022,river_structure,37237616.17,123.350085,13.427752
P00721930VS-CW1,2023,river_structure,19395767.87,122.333419,10.667852
P00620620LZ-CW1,2022,drainage,25284000.0,122.532655,13.967388
P00736112LZ-CW1,2023,river_structure,72347907.66,123.282092,13.487057
P00920324VS-CW1,2025,river_structure,48852510.0,122.942778,9.421111
P00721993VS-CW1,2023,river_structure,72374727.18,122.66977,11.30723
P00820004VS-CW1,2024,slope_protection,95052445.9,122.975205,10.231726
P00620427VS-CW1,2022,river_structure,9703498.97,122.333552,10.667867
P00820285VS-CW1,2024,river_structure,96499993.42,123.04301,10.87919
P00630203VS-CW1,2022,river_structure,33774530.07,122.53313,10.774406
P00620438VS-CW1,2022,slope_protection,96500000.0,122.94297,10.2063
P00721985VS-CW1,2023,river_structure,29399938.85,122.333604,11.65325
P00832634VS-CW1,2024,river_structure,4947617.3,123.352777,10.88888
P00620274VS-CW1,2022,river_structure,55969699.01,122.67029,11.41433
P00732016VS-CW1,2023,river_structure,4950000.0,122.97633,10.591439
P00726629LZ-CW1,2023,river_structure,120971555.24,123.28236,13.471407
P00620253VS-CW1,2022,river_structure,90707998.0,122.976354,10.832435
P00820208VS-CW1,2024,river_structure,45080000.0,123.0431067,9.056496389
P00820388VS-CW1,2024,river_structure,34299949.95,122.5334922,11.11914167
P00844576LZ-CW1,2024,river_structure,94305463.04,122.942989,13.8737316
P00620073VS-CW1,2022,river_structure,48999997.14,122.333677,11.671332
P00639384LZ-CW1,2022,river_structure,106137741.38,122.67363,12.36518
P00736118LZ-CW1,2023,river_structure,96500000.0,123.282705,13.474047
P00640472LZ-CW1,2022,river_structure,49499918.87,122.9767667,14.147875
P00721526VS-CW1,2023,river_structure,57896886.0,123.352827,9.645494
P00620712LZ-CW1,2022,river_structure,48017313.0,123.044403,13.508967
P00742192LZ-CW1,2023,river_structure,19799998.09,122.9768,14.1452
P00721811VS-CW1,2023,river_structure,24499440.86,122.533565,11.119219
P00631386LZ-CW1,2022,river_structure,29399162.64,122.9434972,14.11502778
P00561185LZ-CW1,2021,drainage,9800000.0,122.675526,13.328133
P00745600VS-CW1,2023,river_structure,94220452.01,123.352979,9.648231
P00721992VS-CW1,2023,river_structure,19583672.06,122.333686,11.653324
P00721740VS-CW1,2023,river_structure,86847719.0,123.04567,10.8758
P00845848LZ-CW1,2024,river_structure,98999371.67,122.97863,13.7699269
P00833583MN-CW1,2024,river_structure,9854928.39,123.284167,8.513611
P00620300VS-CW1,2022,river_structure,43225821.07,122.67597,11.3001
P00620606LZ-CW1,2022,river_structure,19600000.0,122.535769,13.964639
P00620699LZ-CW1,2022,river_structure,41159560.59,122.943525,14.14347222
P00821160VS-CW1,2024,river_structure,28949793.71,122.333981,11.653337
P00631410LZ-CW1,2022,river_structure,19525424.72,122.3370778,14.15688333
P00620302VS-CW1,2022,river_structure,48997964.88,123.353055555556,10.8933333333333
P00742477LZ-CW1,2023,river_structure,4749500.0,123.2857,13.75876
P00632961LZ-CW1,2022,river_structure,29699691.66,122.9789,13.77042
P00844587LZ-CW1,2024,river_structure,96495012.79,122.6786,13.8212
P00721632VS-CW1,2023,drainage,34300000.0,122.9441667,10.66361111
P00721523VS-CW1,2023,river_structure,96015132.75,123.353112,9.644314
P00521547VS-CW1,2021,river_structure,19300000.0,122.536993,10.769897
P00721846VS-CW1,2023,river_structure,49000000.0,123.28594,9.30928
P00726288LZ-CW1,2023,river_structure,17639257.98,122.3371,14.156823
P00820286VS-CW1,2024,river_structure,96499996.75,123.04567,10.8758
P00632962LZ-CW1,2022,river_structure,29699598.42,122.97956,13.77115
P00721640VS-CW1,2023,drainage,11760000.0,122.945273,10.657778
P00620260VS-CW1,2022,river_structure,43217768.99,122.68548,10.91312
P00721908VS-CW1,2023,river_structure,72373204.29,123.353152,9.644153
P00733726VS-CW1,2023,drainage,4900642.53,122.537441,10.719488
P00620294LZ-CW1,2022,river_structure,97281469.34,123.286382,13.489224
P00740452LZ-CW1,2023,river_structure,96499613.82,122.945288,14.143265
P00820481LZ-CW1,2024,river_structure,113974811.12,123.0474,13.8097
P00736078LZ-CW1,2023,river_structure,72374568.0,122.945533,13.781635
P00721925VS-CW1,2023,river_structure,48999994.12,122.337483,11.721599
P00620446VS-CW1,2022,river_structure,96499958.77,123.353472,9.648926
P00630641VS-CW1,2022,river_structure,8826240.0,122.97985,11.07569
P00820134MN-CW1,2024,river_structure,14700000.0,122.54028,8.0695
P00620080VS-CW1,2022,river_structure,44113720.0,122.945705,10.644565
P00630970LZ-CW1,2022,river_structure,65185821.9,123.3535,13.456345
P00820389VS-CW1,2024,river_structure,38999560.22,122.6862967,10.9093025
P00733711VS-CW1,2023,river_structure,9891863.68,122.339152,11.736091
P00620095VS-CW1,2022,river_structure,96500000.0,122.980833,11.073633
P00733727VS-CW1,2023,drainage,4939923.08,122.541401,10.697521
P00522035MN-CW1,2021,river_structure,67418646.51,123.049722,8.484722
P00821392LZ-CW1,2024,river_structure,139925000.0,123.28702,13.44402
P00733717VS-CW1,2023,river_structure,19563085.49,122.344341,10.67114
P00721723VS-CW1,2023,river_structure,71409709.04,122.68649,11.39133
P00721647VS-CW1,2023,river_structure,14551344.14,122.34518,10.671108
P00721525VS-CW1,2023,river_structure,57898184.98,123.355265,9.642561
P00620697LZ-CW1,2022,river_structure,23745445.6,122.9812361,14.10655833
P00721496VS-CW1,2023,river_structure,27985000.0,122.541715,10.768667
P00820402VS-CW1,2024,river_structure,9800000.0,123.050386388889,9.59603666666667
P00721487VS-CW1,2023,river_structure,96500000.0,122.945725,10.64471111
P00726628LZ-CW1,2023,river_structure,115659116.9,123.287195,13.486346
P00721683VS-CW1,2023,river_structure,48995336.08,123.355265,9.642561
P00634051VS-CW1,2022,river_structure,43423000.33,122.982169,10.819219
P00737557LZ-CW1,2023,river_structure,8169001.17,122.345989,14.210847
P00634049VS-CW1,2022,river_structure,43423000.0,122.983856,10.821292
P00620437VS-CW1,2022,slope_protection,96498863.82,122.9458,10.20743
P00733731VS-CW1,2023,drainage,4940475.35,122.541898,10.6891
P00731632VS-CW1,2023,river_structure,96500000.0,123.0506,9.5942
P00620275VS-CW1,2022,river_structure,50372582.3,122.68887,11.26786
P00630662VS-CW1,2022,drainage,4950000.0,123.28916,9.27765
P00721684VS-CW1,2023,river_structure,48998238.17,123.355278,9.642567
P00620099VS-CW1,2022,river_structure,29398000.0,122.98473,10.79679
P00834995VS-CW1,2024,river_structure,9899955.26,122.542,10.6886
P00721471VS-CW1,2023,river_structure,96498052.34,123.0536,10.89389
P00721996VS-CW1,2023,river_structure,24490880.97,122.68934,11.40337
P00630180VS-CW1,2022,slope_protection,96016865.27,122.94641,10.20793
P00721737VS-CW1,2023,river_structure,86848000.0,123.3556,10.88833
P00634050VS-CW1,2022,river_structure,43423000.0,122.985183,10.819903
P00521615VS-CW1,2021,drainage,8774648.72,122.545404687773,10.7183313170502
P00742444LZ-CW1,2023,slope_protection,10692000.0,122.546297,13.962336
P00521760VS-CW1,2021,river_structure,92777160.39,122.346883,11.675504
P00620419VS-CW1,2022,river_structure,56741097.53,122.696018,10.899162
P00620097VS-CW1,2022,river_structure,39198000.0,122.985278,10.717222
P00732031VS-CW1,2023,drainage,4946804.4,123.289756,9.335782
P00620431VS-CW1,2022,river_structure,19188407.19,122.69747,10.787766
P00742443LZ-CW1,2023,slope_protection,9900000.0,122.546297,13.962336
P00721987VS-CW1,2023,river_structure,48999994.3,122.358124,11.688944
P00736069LZ-CW1,2023,river_structure,241249988.04,123.35609,13.45859
P00821052VS-CW1,2024,river_structure,34239725.52,122.697611,10.787295
P00620272VS-CW1,2022,river_structure,95504856.13,122.549095,10.834761
P00736132LZ-CW1,2023,river_structure,33586270.84,123.05932,13.850891
P00630206VS-CW1,2022,river_structure,48250000.0,123.356872,10.888673
P00620290VS-CW1,2022,river_structure,48999996.04,122.358699,11.694785
P00633213VS-CW1,2022,drainage,4950000.0,122.9472,10.6753
P00620102VS-CW1,2022,river_structure,48998001.04,122.985278,10.717222
P00721660VS-CW1,2023,river_structure,25478000.0,122.98608,10.79559
P00820175VS-CW1,2024,river_structure,28213217.31,122.98608,10.79559
P00820176VS-CW1,2024,river_structure,28213216.9,122.9872,10.80222
P00620138VS-CW1,2022,river_structure,19600000.0,123.29287,10.19771
P00633001VS-CW1,2022,river_structure,9798000.0,123.06053,10.91077
P00521605VS-CW1,2021,river_structure,22602830.0,122.697636666667,10.7874125
P00740487LZ-CW1,2023,river_structure,82024887.0,122.987859,13.741852
P00721475VS-CW1,2023,river_structure,57868773.82,122.549518,10.416625
P00721988VS-CW1,2023,river_structure,48999989.53,122.358699,11.694785
P00522145MN-CW1,2021,river_structure,36500234.62,123.292964,8.512193
P00733300VS-CW1,2023,river_structure,29399997.54,123.0628,10.9159
P00820405VS-CW1,2024,river_structure,45080000.0,122.7133356,9.384195556
P00630176VS-CW1,2022,slope_protection,96499992.0,122.94765,10.23444
P00620726LZ-CW1,2022,river_structure,48999292.44,123.35714,13.35786
P00721474VS-CW1,2023,river_structure,57895645.35,122.549614,10.416586
P00824783LZ-CW1,2024,river_structure,49000000.0,123.293258,13.904836
P00731613VS-CW1,2023,river_structure,86847967.0,123.06306,10.91612
P00620318VS-CW1,2022,river_structure,40709200.0,122.71361,9.38583
P00820003MN-CW1,2024,river_structure,77584062.83,123.357947,8.512487
P00620101VS-CW1,2022,river_structure,48997999.0,122.990278,10.709444
P00620435VS-CW1,2022,river_structure,34299962.78,122.55008,11.12084
P00620423VS-CW1,2022,river_structure,15515114.99,122.947689,10.677018
P00820195VS-CW1,2024,river_structure,2940000.0,123.063206,9.905372
P00721688VS-CW1,2023,river_structure,49000000.0,122.71389,9.38611
P00821159VS-CW1,2024,river_structure,28949995.94,122.35973,11.705699
P00630205VS-CW1,2022,river_structure,41650000.0,122.55422,10.756783
P00820200VS-CW1,2024,river_structure,14624973.33,123.29401,10.19637
P00620718LZ-CW1,2022,river_structure,48024732.0,123.063308,13.691378
P00630204VS-CW1,2022,river_structure,41650000.0,122.554368,10.757455
P00721725VS-CW1,2023,river_structure,86849862.21,122.361501,11.724075
P00620317VS-CW1,2022,river_structure,29782200.0,122.715,9.39028
P00832623VS-CW1,2024,drainage,6435000.0,122.99055,10.68839
P00521583VS-CW1,2021,river_structure,29400000.0,122.947763,10.70356
P00630177VS-CW1,2022,slope_protection,96496538.43,122.94811,10.23594
P00448880LZ-CW1,2020,river_structure,70888755.4,123.294456,13.445593
P00620003MN-CW1,2022,river_structure,66096928.66,123.358889,8.513056
P00620282LZ-CW1,2022,river_structure,82021322.03,122.9489028,14.11445
P00820012VS-CW1,2024,river_structure,96500000.0,123.35944,10.44611
P00731614VS-CW1,2023,river_structure,53072822.0,123.06459,10.9051
P00733723VS-CW1,2023,drainage,4929675.72,122.554492,10.736291
P00633215VS-CW1,2022,drainage,4949423.38,122.731435,11.587433
P00821006LZ-CW1,2024,river_structure,9680309.0,122.9907,13.742394
P00820469LZ-CW1,2024,river_structure,154399262.8,122.948905,13.966428
P00630227VS-CW1,2022,river_structure,49000000.0,123.295278,9.28361
P00620292VS-CW1,2022,river_structure,48249999.5,122.36258,11.696781
P00736129LZ-CW1,2023,river_structure,52205593.07,123.064902,13.667289
P00721781VS-CW1,2023,river_structure,53557500.0,122.94899,9.6881
P00721212MN-CW1,2023,river_structure,110974998.94,122.75115,8.104327
P00834559VS-CW1,2024,river_structure,96498004.56,122.9913,10.7052777
P00620111MN-CW1,2022,river_structure,39708089.93,123.29871,8.50624
P00721989VS-CW1,2023,river_structure,48999993.67,122.364632,11.7181
P00725902LZ-CW1,2023,river_structure,121061136.57,123.360514,13.36148
P00630639VS-CW1,2022,drainage,11778985.0,123.066388888889,10.9030555555556
P00632029VS-CW1,2022,drainage,16830000.0,122.9924,10.6822
P00732019VS-CW1,2023,river_structure,5938000.0,122.94905,10.83691
P00620017VS-CW1,2022,slope_protection,49840615.93,122.555837,10.731644
P00721211MN-CW1,2023,river_structure,110528273.31,122.752528,8.10581
P00824782LZ-CW1,2024,river_structure,49000000.0,123.298951,14.051866
P00620104VS-CW1,2022,river_structure,44097954.14,123.362698,10.903157
P00737556LZ-CW1,2023,river_structure,9765731.14,122.36658,14.23694
P00733301VS-CW1,2023,river_structure,9799993.26,123.0719,10.8975
P00820001VS-CW1,2024,slope_protection,95052356.29,122.993,10.2274
P00834639VS-CW1,2024,river_structure,9797929.22,123.076111,10.910277
P00631403LZ-CW1,2022,river_structure,42139864.61,122.949425,14.14208056
P00721470VS-CW1,2023,river_structure,86846790.0,123.29908258794,10.9628315035214
P00733730VS-CW1,2023,drainage,9849144.79,122.556446,10.725029
P00522029MN-CW1,2021,river_structure,114564540.68,122.753053081074,7.804069143
P00621100LZ-CW1,2022,river_structure,9800000.0,122.370475,13.82433333
P00733279VS-CW1,2023,river_structure,96493771.15,123.365561,9.777909
P00620408VS-CW1,2022,river_structure,48998000.0,122.993333333333,10.7125
P00549969VS-CW1,2021,river_structure,77200000.0,123.07649,9.45766
P00620105VS-CW1,2022,river_structure,48997998.0,122.9972,10.75764
P00721868VS-CW1,2023,river_structure,57899915.92,122.560093,10.429344
P00733280VS-CW1,2023,river_structure,96493822.06,123.365561,9.777909
P00845842LZ-CW1,2024,river_structure,4949985.81,122.9495,14.0931
P00721923VS-CW1,2023,river_structure,29399989.61,122.371339,11.71899
P00632999VS-CW1,2022,river_structure,24498000.0,123.0775,10.8958333333333
P00835861MN-CW1,2024,river_structure,20431934.07,122.7541,7.80913
P00846122LZ-CW1,2024,river_structure,9693474.21,123.300642,13.620538
P00721628VS-CW1,2023,drainage,28963474.65,122.949617,10.662225
P00721864VS-CW1,2023,river_structure,96500000.0,122.560719,10.690497
P00620288VS-CW1,2022,river_structure,48999996.13,122.371829,11.720122
P00832633VS-CW1,2024,river_structure,9899999.42,123.07865,10.90608
P00745596VS-CW1,2023,river_structure,71744573.2,123.36796335,9.80917308
P00620242VS-CW1,2022,slope_protection,96499995.37,122.94987,10.23352
P00630634VS-CW1,2022,drainage,9897858.0,123.30215,10.93146
P00733721VS-CW1,2023,drainage,4934487.18,122.561752,10.723458
P00820394MN-CW1,2024,river_structure,49000000.0,122.998548,7.806376
P00620261VS-CW1,2022,river_structure,62724502.62,122.758675,11.444656
P00721863VS-CW1,2023,river_structure,96500000.0,122.5622,10.690361
P00633216VS-CW1,2022,river_structure,4940135.94,122.37402,10.677446
P00733278VS-CW1,2023,river_structure,67543892.79,123.368623,9.773292
P00620243VS-CW1,2022,slope_protection,96499996.46,122.95023,10.23383
P00721659MN-CW1,2023,river_structure,48898051.48,122.999414,7.806289
P00721790VS-CW1,2023,river_structure,72375000.0,123.30745,10.352908
P00640470LZ-CW1,2022,river_structure,49499743.8,122.761,14.14949
P00721862VS-CW1,2023,river_structure,96500000.0,122.563544,10.690239
P00721518VS-CW1,2023,river_structure,96305245.4,123.368965,9.808103
P00820148VS-CW1,2024,river_structure,39199936.73,122.374942,11.559353
P00732478MN-CW1,2023,river_structure,4900002.01,123.07875846,8.2161473
P00721503VS-CW1,2023,slope_protection,78165000.0,122.9504376,10.2364446
P00834585VS-CW1,2024,river_structure,57895587.6,123.310346,9.551076
P00550477MN-CW1,2021,drainage,14816160.07,122.76164,7.79194
P00620090VS-CW1,2022,river_structure,19403838.46,122.37576,10.678068
P00721867VS-CW1,2023,river_structure,57610530.48,122.563749,10.436559
P00721512VS-CW1,2023,river_structure,96015713.2,123.368965,9.808103
P00633000VS-CW1,2022,drainage,9798000.0,123.079028,10.9064101
P00632959LZ-CW1,2022,river_structure,4798589.86,122.9508361,14.1011111
P00620721LZ-CW1,2022,river_structure,48018533.15,122.999699,13.697512
P00721633VS-CW1,2023,drainage,19600000.0,122.951234,10.677463
P00821393LZ-CW1,2024,river_structure,139925000.0,123.310561,13.423583
P00631391LZ-CW1,2022,river_structure,24499771.08,122.7618028,14.15013611
P00745597VS-CW1,2023,river_structure,81431510.0,123.36951016,9.81230325
P00620089VS-CW1,2022,river_structure,9703074.2,122.37576,10.678068
P00834997VS-CW1,2024,river_structure,5444992.8,123.08101,10.91218
P00721606MN-CW1,2023,river_structure,58493426.41,123.001048,7.809677
P00620722LZ-CW1,2022,river_structure,48015655.63,123.001592,13.699142
P00740493LZ-CW1,2023,river_structure,96499924.2,122.951413,14.144894
P00834994VS-CW1,2024,river_structure,39492437.76,122.564,11.087
P00736125LZ-CW1,2023,river_structure,95479124.82,122.76367,14.15273
P00631409LZ-CW1,2022,river_structure,42139885.61,123.001975,14.10623611
P00631353LZ-CW1,2022,river_structure,48969287.6,123.31141,13.02529
P00820041VS-CW1,2024,river_structure,49062232.76,122.376028,11.556188
P00721520VS-CW1,2023,river_structure,96396397.96,123.369765,9.652897
P00832631VS-CW1,2024,river_structure,4947977.52,123.089409,10.93509
P00630638VS-CW1,2022,river_structure,10392997.0,122.9514145,10.8496629
P00721861VS-CW1,2023,river_structure,96500000.0,122.564997,10.690106
P00820131MN-CW1,2024,river_structure,19600000.0,122.76421,8.08329
P00620441VS-CW1,2022,slope_protection,96500000.0,123.0031,10.2443
P00821215MN-CW1,2024,river_structure,14679957.15,123.369813,7.40252
P00631415LZ-CW1,2022,river_structure,42139475.15,123.091176,13.91785
P00631357LZ-CW1,2022,river_structure,29337534.11,123.3705,13.03907
P00737568LZ-CW1,2023,river_structure,4895533.0,123.092267,13.664791
P00632971LZ-CW1,2022,river_structure,4831050.02,123.37134,13.40679
P00736120LZ-CW1,2023,river_structure,96314191.85,123.311704,13.421148
P00721841VS-CW1,2023,river_structure,49000000.0,123.09688,9.58164
P00733729VS-CW1,2023,drainage,4930000.0,122.566638,10.719411
P00631435LZ-CW1,2022,river_structure,29399841.95,123.3715,13.4715
P00620719LZ-CW1,2022,river_structure,48015489.0,123.003192,13.714225
P00820147VS-CW1,2024,river_structure,39199794.21,122.376953,11.557022
P00721626VS-CW1,2023,drainage,29400000.0,122.9517733,10.6859186
P00839667LZ-CW1,2024,river_structure,4948973.07,122.76438,14.22074
P00832636VS-CW1,2024,river_structure,4947977.29,123.312457,10.95538
P00726292LZ-CW1,2023,river_structure,48493174.09,123.097291,13.571699
P00442501VS-CW1,2020,river_structure,38453540.08,122.568,10.705
P00736104LZ-CW1,2023,river_structure,96402424.49,123.37236,13.40052
P00726955LZ-CW1,2023,river_structure,70928316.1,123.003574,13.699459
P00721404MN-CW1,2023,river_structure,96499965.23,122.95183,7.65959
P00820164VS-CW1,2024,drainage,4899987.47,122.76716,11.08704
P00620037VS-CW1,2022,river_structure,48999896.71,123.314359,9.571828
P00740681LZ-CW1,2023,river_structure,48997080.61,123.098186,13.572748
P00631362LZ-CW1,2022,river_structure,49000000.0,123.37249,13.24576
P00825142LZ-CW1,2024,river_structure,135099448.57,123.004326,13.699727
P00727215LZ-CW1,2023,river_structure,17483692.3,122.379403,14.108373
P00633214VS-CW1,2022,drainage,4202711.02,122.7676,11.584008
P00620709LZ-CW1,2022,river_structure,48021720.0,123.099083,13.481566
P00620140VS-CW1,2022,river_structure,49000000.0,123.3158,10.325653
P00820307VS-CW1,2024,river_structure,96500000.0,122.952121666667,10.6410069444444
P00521617VS-CW1,2021,drainage,8448396.05,122.569129,10.691956
P00631377LZ-CW1,2022,river_structure,48997251.57,123.37277,13.24573
P00820165VS-CW1,2024,river_structure,29400000.0,123.00444,11.08894
P00631400LZ-CW1,2022,river_structure,24499261.95,122.3800167,14.16295278
P00726958LZ-CW1,2023,river_structure,72239845.66,123.0045,13.715192
P00820070VS-CW1,2024,river_structure,128179667.51,123.373866,9.652328
P00620262VS-CW1,2022,river_structure,62724905.03,122.772456,11.466336
P00642567VS-CW1,2022,river_structure,3273333.2,123.0997483,9.640587
P00721627VS-CW1,2023,drainage,29400000.0,122.952152,10.6597299
P00721519VS-CW1,2023,river_structure,96207155.27,123.374399,9.652886
P00820308VS-CW1,2024,river_structure,96500000.0,123.00452,10.66129
P00820005VS-CW1,2024,river_structure,96494917.59,123.37785,10.795093
P00521613VS-CW1,2021,slope_protection,14132568.92,122.570357,10.751128
P00620038VS-CW1,2022,river_structure,29394310.95,123.31813,9.599542
P00737560LZ-CW1,2023,river_structure,9813293.71,122.78005,14.27224
P00620296VS-CW1,2022,river_structure,49000000.0,122.38813,10.80739
P00726960LZ-CW1,2023,river_structure,72358567.14,123.102031,13.679295
P00620442VS-CW1,2022,slope_protection,96500000.0,123.00493,10.24455
P00737371LZ-CW1,2023,river_structure,6929997.06,122.9531,14.0813
P00631363LZ-CW1,2022,river_structure,49000000.0,123.37847,13.2551
P00821375LZ-CW1,2024,river_structure,138477500.0,123.319097,13.418004
P00834993VS-CW1,2024,river_structure,29669248.58,122.38821,10.70905
P00620266VS-CW1,2022,river_structure,73579995.56,122.786689,10.025008
P00726604LZ-CW1,2023,river_structure,53047839.5,123.10348,13.625538
P00733299VS-CW1,2023,river_structure,14679731.63,122.392595,10.709954
P00721744VS-CW1,2023,river_structure,89262500.0,122.787387667281,10.0360131393476
P00522146MN-CW1,2021,river_structure,29354536.9,123.005167,8.2248
P00733733VS-CW1,2023,slope_protection,49500000.0,122.9535616,10.2267416
P00820989LZ-CW1,2024,river_structure,19600000.0,122.5752,12.3178
P00721546VS-CW1,2023,river_structure,87811664.0,123.3206,9.568469
P00620274LZ-CW1,2022,river_structure,93127727.21,123.379533,13.403187
P00733719VS-CW1,2023,river_structure,49500000.0,123.109527,11.2163836
P00726289LZ-CW1,2023,river_structure,14241069.96,122.39335,14.21965
P00820292VS-CW1,2024,river_structure,110098780.0,122.78743,10.03563
P00721495VS-CW1,2023,river_structure,86464000.0,123.0070364,11.091234
P00733728VS-CW1,2023,drainage,4949720.0,122.576281,10.705837
P00733259VS-CW1,2023,river_structure,96495338.63,123.3206,9.568469
P00737559LZ-CW1,2023,slope_protection,9882322.17,122.39463,14.21954
P00834589VS-CW1,2024,river_structure,57896338.99,123.383928,9.665553
P00721638VS-CW1,2023,drainage,18617139.31,122.953595,10.664301
P00640469LZ-CW1,2022,river_structure,48001721.62,122.787459,14.284451
P00721843VS-CW1,2023,river_structure,49000000.0,123.10988,9.47228
P00620093VS-CW1,2022,river_structure,39197764.65,123.007233,11.092083
P00620430VS-CW1,2022,river_structure,28679261.91,122.576508333333,10.9316102777778
P00733273VS-CW1,2023,river_structure,96493891.72,123.3206,9.568469
P00727216LZ-CW1,2023,river_structure,19573649.78,122.39632,14.22008
P00721634VS-CW1,2023,drainage,29400000.0,122.953857,10.684215
P00620432VS-CW1,2022,river_structure,19110082.98,122.788225,10.900072
P00721952VS-CW1,2023,river_structure,49000000.0,123.10988,9.47228
P00620267VS-CW1,2022,river_structure,57900000.0,122.78914,10.03333
P00742191LZ-CW1,2023,river_structure,52469933.27,123.008099,13.705504
P00633208VS-CW1,2022,river_structure,59399635.55,122.576508333333,10.9316102777778
P00733274VS-CW1,2023,river_structure,96493883.95,123.3206,9.568469
P00521614VS-CW1,2021,drainage,8075088.61,122.579512,10.728374
P00721630VS-CW1,2023,drainage,24500000.0,122.9538733,10.665655
P00621520LZ-CW1,2022,river_structure,67323312.63,123.110548,13.666706
P00526342LZ-CW1,2021,river_structure,54298479.89,122.7902,13.81731
P00561848LZ-CW1,2021,river_structure,24749955.63,123.384916,12.493168
P00736124LZ-CW1,2023,river_structure,95553815.6,122.39793,14.21373
P00620443VS-CW1,2022,slope_protection,96500000.0,123.00812,10.24552
P00721631VS-CW1,2023,drainage,19600000.0,122.9539505,10.6666678
P00521609VS-CW1,2021,slope_protection,29009563.52,122.580059403553,10.9341377019882
P00631434LZ-CW1,2022,river_structure,47285146.43,123.385672,13.464778
P00733275VS-CW1,2023,river_structure,96493927.25,123.3206,9.568469
P00620241VS-CW1,2022,slope_protection,72730969.68,123.00818,10.24562
P00820471LZ-CW1,2024,river_structure,154399195.23,122.399571,14.2112209
P00630629VS-CW1,2022,drainage,4353155.8,122.585792,10.755786
P00620326LZ-CW1,2022,river_structure,144640011.85,123.111683,13.669116
P00733276VS-CW1,2023,river_structure,91668851.52,123.3206,9.568469
P00721741VS-CW1,2023,river_structure,89262500.0,122.796785717219,10.000085803274
P00630976LZ-CW1,2022,river_structure,96499449.21,123.0081806,14.07856111
P00821040VS-CW1,2024,river_structure,29399995.16,122.426677,11.658299
P00727327LZ-CW1,2023,river_structure,77128501.17,123.38596,13.4008
P00620048VS-CW1,2022,river_structure,67550000.0,123.1123,9.98333
P00721742VS-CW1,2023,river_structure,89262500.0,122.797536028829,10.0086274788218
P00630207VS-CW1,2022,slope_protection,44100000.0,122.95397,10.22778
P00731612VS-CW1,2023,slope_protection,142337500.0,122.427339,11.077475
P00726956LZ-CW1,2023,river_structure,72374796.65,123.008481,13.704778
P00721643VS-CW1,2023,river_structure,48921423.56,122.587808,10.663721
P00726300LZ-CW1,2023,river_structure,24500000.0,123.385996,12.493589
P00620327LZ-CW1,2022,river_structure,144514022.46,123.113272,13.626047
P00620269VS-CW1,2022,river_structure,52834715.0,122.42753,9.75195
P00733304VS-CW1,2023,river_structure,48993826.58,123.3206,9.568469
P00745603VS-CW1,2023,river_structure,88641056.04,123.386185,9.85062
P00620711LZ-CW1,2022,river_structure,48017728.0,123.115042,13.475303
P00620268VS-CW1,2022,river_structure,96500000.0,122.79804,9.99546
P00733230VS-CW1,2023,slope_protection,96500000.0,122.953988,10.226866
P00736128LZ-CW1,2023,river_structure,67461008.26,123.008744,13.704044
P00733260VS-CW1,2023,river_structure,96493919.26,123.3206,9.568469
P00630568MN-CW1,2022,river_structure,31820034.82,123.11699,7.78177
P00820013VS-CW1,2024,river_structure,77200000.0,123.38722,10.4675
P00731611VS-CW1,2023,slope_protection,142337500.0,122.427972,11.077922
P00721491VS-CW1,2023,river_structure,72374214.1,122.58969,10.661999
P00726611LZ-CW1,2023,river_structure,123941697.7,123.11758,13.62024
P00820293VS-CW1,2024,river_structure,125450000.0,122.79926,9.99967
P00621521LZ-CW1,2022,river_structure,77199308.02,123.11836,13.61815
P00820292LZ-CW1,2024,river_structure,96500000.0,122.5897,13.47279
P00733261VS-CW1,2023,river_structure,96493901.55,123.3206,9.568469
P00721872VS-CW1,2023,river_structure,38600000.0,123.38726,10.49511
P00620096VS-CW1,2022,river_structure,44097985.0,123.122778,10.941111
P00737561LZ-CW1,2023,river_structure,4300548.63,122.79957,14.19973
P00731610VS-CW1,2023,slope_protection,142337500.0,122.428567,11.078217
P00621522LZ-CW1,2022,river_structure,67549873.69,123.12451,13.724677
P00722002VS-CW1,2023,river_structure,49000000.0,122.80111,9.36917
P00721507VS-CW1,2023,river_structure,91674989.91,123.38754,10.46752
P00620261MN-CW1,2022,river_structure,39049908.32,122.590589,7.785161
P00733303VS-CW1,2023,river_structure,48993817.63,123.3206,9.568469
P00621064LZ-CW1,2022,river_structure,46307660.7,122.4286889,17.06003056
P00742206LZ-CW1,2023,river_structure,74250000.0,123.125964,13.612432
P00721850VS-CW1,2023,river_structure,49000000.0,122.80194,9.36889
P00721644VS-CW1,2023,river_structure,48997205.76,122.591642,10.659469
P00821408LZ-CW1,2024,river_structure,96500000.0,123.320671,13.417668
P00631131LZ-CW1,2022,river_structure,38415942.07,122.4298778,17.05777222
P00832632VS-CW1,2024,drainage,4947989.58,123.126968,10.957257
P00722003VS-CW1,2023,river_structure,49000000.0,122.80194,9.36861
P00521538VS-CW1,2021,river_structure,108845699.44,122.593369,10.794758
P00721622VS-CW1,2023,river_structure,48999990.69,122.42991,11.655097
P00633009VS-CW1,2022,river_structure,48509993.45,123.388713,9.749733
P00621519LZ-CW1,2022,river_structure,57879793.55,123.128754,13.715972
P00733258VS-CW1,2023,river_structure,96495413.69,123.320761,9.568563
P00820011MN-CW1,2024,river_structure,38178711.63,122.80389,7.78244
P00620239VS-CW1,2022,river_structure,96477262.26,122.4313861,10.83972778
P00726613LZ-CW1,2023,river_structure,77167401.48,123.321651,13.417054
P00620016VS-CW1,2022,river_structure,84636253.6,122.806248,10.997235
P00820267VS-CW1,2024,river_structure,66694563.99,122.431435,10.83747
P00633010VS-CW1,2022,river_structure,48705992.01,123.388713,9.749733
P00820172VS-CW1,2024,river_structure,48997432.14,123.3222,10.93694
P00820404VS-CW1,2024,river_structure,45080000.0,122.8100819,9.376719444
P00721749VS-CW1,2023,river_structure,96499785.68,122.431878,10.837144
P00721875VS-CW1,2023,river_structure,96305249.03,123.388811,9.750361
P00721878VS-CW1,2023,river_structure,96401605.0,123.38907,9.748346
P00721657VS-CW1,2023,river_structure,29085839.72,122.810143269664,10.9978440596044
P00620240VS-CW1,2022,river_structure,96499040.75,122.433475,10.81459444
P00620100VS-CW1,2022,river_structure,44097764.0,123.322222,10.936944
P00820268VS-CW1,2024,river_structure,86848871.29,122.433745,10.812042
P00721877VS-CW1,2023,river_structure,96305168.91,123.38907,9.748346
P00834572VS-CW1,2024,river_structure,57900000.0,123.322859,10.264385
P00721482VS-CW1,2023,river_structure,72374990.05,122.433793,11.651585
P00727217LZ-CW1,2023,river_structure,48997981.5,123.323362,13.819536
P00834636VS-CW1,2024,river_structure,97509993.65,122.434443,10.808821
P00630992LZ-CW1,2022,river_structure,50661882.68,123.3234,13.4183
P00834666VS-CW1,2024,river_structure,39195962.06,123.323401,9.64769
P00745595VS-CW1,2023,river_structure,93358722.0,123.32360225,9.57277133
P00745602VS-CW1,2023,river_structure,44812058.15,123.32388411,9.64761678
P00721506VS-CW1,2023,river_structure,48250000.0,123.432305,10.534892
P00844569LZ-CW1,2024,river_structure,120625000.0,123.433059,13.781894
P00733743VS-CW1,2023,river_structure,96496313.54,123.433731,9.980656
P00721536VS-CW1,2023,drainage,67550000.0,123.800357,10.247227
P00820052VS-CW1,2024,river_structure,96474783.85,124.005541,10.427582
P00721939VS-CW1,2023,river_structure,9785651.71,123.9467,9.9388
P00733250VS-CW1,2023,river_structure,96207226.8,123.433731,9.980656
P00821212MN-CW1,2024,river_structure,39174963.49,123.433787,8.108325
P00820873VS-CW1,2024,river_structure,48239207.23,123.434163,10.059659
P00740465LZ-CW1,2023,river_structure,72304999.43,123.43417,13.323056
P00844570LZ-CW1,2024,river_structure,120625000.0,123.434239,13.784429
P00733249VS-CW1,2023,river_structure,96302851.43,123.434658,9.979987
P00620258VS-CW1,2022,river_structure,48249939.29,123.43487,10.52836
P00721494MN-CW1,2023,river_structure,19586447.87,123.435,7.922
P00820392MN-CW1,2024,river_structure,29382350.72,123.435769,7.920138
P00740466LZ-CW1,2023,river_structure,72373483.6,123.436687,13.270885
P00834596VS-CW1,2024,river_structure,57895771.96,123.436819,9.979961
P00834595VS-CW1,2024,river_structure,57895766.39,123.436819,9.979961
P00620256VS-CW1,2022,river_structure,33775000.0,123.4393,10.512261
P00721675VS-CW1,2023,river_structure,29399995.65,123.4404917,9.534063889
P00727205LZ-CW1,2023,river_structure,29400000.0,123.4410999,13.213625
P00631351LZ-CW1,2022,river_structure,19600000.0,123.441409,13.191443
P00631323LZ-CW1,2022,drainage,4900000.0,123.44236099,13.19555999
P00631324LZ-CW1,2022,drainage,4900000.0,123.442559,13.19437
P00620199MN-CW1,2022,river_structure,93823025.2,123.4443,8.53806
P00620044VS-CW1,2022,river_structure,48320749.0,123.444353,10.053886
P00631373LZ-CW1,2022,river_structure,43987387.89,123.44494,13.04709
P00620457VS-CW1,2022,river_structure,48999927.85,123.445875,10.064725
P00733255VS-CW1,2023,river_structure,96302742.83,123.446052,9.951671
P00733254VS-CW1,2023,river_structure,96302624.08,123.446192,9.951635
P00733256VS-CW1,2023,river_structure,96302869.75,123.446268,9.951681
P00733302VS-CW1,2023,river_structure,48996438.0,123.446268,9.951681
P00733257VS-CW1,2023,river_structure,96302785.31,123.446269,9.951553
P00733745VS-CW1,2023,river_structure,96497149.81,123.446269,9.951553
P00620313LZ-CW1,2022,river_structure,82025000.0,123.446503,13.58498
P00727210LZ-CW1,2023,river_structure,41650000.0,123.4466099,13.213026999
P00721547VS-CW1,2023,river_structure,87812030.33,123.446623,10.054072
P00733244VS-CW1,2023,river_structure,96205338.56,123.44676,10.053659
P00721510VS-CW1,2023,river_structure,96014116.92,123.446801,10.053397
P00721874VS-CW1,2023,river_structure,96110610.97,123.446898,10.053045
P00620042VS-CW1,2022,river_structure,48998325.59,123.447017,10.063981
P00834661VS-CW1,2024,river_structure,29395164.54,123.448941,9.949124
P00631421LZ-CW1,2022,river_structure,49000000.0,123.450775,13.918532
P00620746LZ-CW1,2022,river_structure,25080160.0,123.452783,12.226135
P00631331LZ-CW1,2022,river_structure,49000000.0,123.453508876,13.1346145417
P00631336LZ-CW1,2022,river_structure,49000000.0,123.453782,13.15265699
P00721599MN-CW1,2023,river_structure,53850000.0,123.456,8.077
P00620314LZ-CW1,2022,river_structure,82025000.0,123.456935,13.593096
P00740467LZ-CW1,2023,river_structure,72375000.0,123.45817,13.323042
P00631433LZ-CW1,2022,river_structure,47282777.73,123.459593,13.459593
P00721679VS-CW1,2023,river_structure,14700000.0,123.4597778,9.565891667
P00631371LZ-CW1,2022,river_structure,19557075.83,123.45993,13.01693
P00631382LZ-CW1,2022,river_structure,19600000.0,123.45995,13.016843
P00721605MN-CW1,2023,river_structure,53849885.62,123.46,8.053
P00821073MN-CW1,2024,river_structure,29374518.4,123.462669,7.847208
P00733252VS-CW1,2023,river_structure,96304156.61,123.462713,9.971952
P00733253VS-CW1,2023,river_structure,96497208.87,123.462808,9.97202
P00721603MN-CW1,2023,river_structure,78400000.0,123.463,7.847
P00733744VS-CW1,2023,river_structure,96496818.2,123.463,9.972412
P00733242VS-CW1,2023,river_structure,96207944.4,123.463,9.972412
P00633003VS-CW1,2022,river_structure,48999980.42,123.463051,9.972821
P00733237VS-CW1,2023,river_structure,96303639.41,123.463105,9.972797
P00633002VS-CW1,2022,river_structure,48395100.0,123.463112,9.972853
P00733239VS-CW1,2023,river_structure,96304443.13,123.463164,9.97286
P00733241VS-CW1,2023,river_structure,96400924.58,123.463746,9.972633
P00620257VS-CW1,2022,river_structure,48250000.0,123.46465,10.56164
P00823607LZ-CW1,2024,river_structure,144750000.0,123.46495,13.25616
P00740471LZ-CW1,2023,river_structure,72305000.0,123.46562,13.36224
P00721886VS-CW1,2023,river_structure,96498045.79,123.468061,10.036089
P00832615VS-CW1,2024,river_structure,98996461.23,123.468669,10.037241
P00526484LZ-CW1,2021,river_structure,29316368.64,123.471547,13.288847
P00620692LZ-CW1,2022,river_structure,21824598.38,123.47172,13.286
P00521541VS-CW1,2021,river_structure,79106840.0,123.4731,10.57088
P00620004MN-CW1,2022,river_structure,97293841.99,123.47341,8.06027
P00620738LZ-CW1,2022,river_structure,24499132.16,123.475129166667,12.4853305555556
P00721509VS-CW1,2023,river_structure,96302053.8,123.475158,10.02951
P00721887VS-CW1,2023,river_structure,96492809.55,123.475158,10.02951
P00631369LZ-CW1,2022,river_structure,19598937.42,123.4768,13.25833
P00733236VS-CW1,2023,river_structure,96496733.21,123.478546,10.023142
P00721941VS-CW1,2023,river_structure,29399938.4,123.4786556,9.6236
P00733247VS-CW1,2023,river_structure,86845976.88,123.479835,10.022318
P00733246VS-CW1,2023,river_structure,86847397.29,123.479835,10.022318
P00733248VS-CW1,2023,river_structure,96496912.4,123.479835,10.022318
P00733245VS-CW1,2023,river_structure,94860000.0,123.479835,10.022318
P00733235VS-CW1,2023,river_structure,96497704.66,123.48015,10.022531
P00820425LZ-CW1,2024,river_structure,139925000.0,123.48019,13.402366
P00721602MN-CW1,2023,river_structure,14684995.71,123.481,7.875
P00721604MN-CW1,2023,river_structure,53851405.11,123.481,7.894
P00726973LZ-CW1,2023,river_structure,139819182.0,123.48191,13.40151
P00633008VS-CW1,2022,river_structure,48754979.41,123.481956,10.021119
P00633007VS-CW1,2022,river_structure,48264980.74,123.482,10.021104
P00620325LZ-CW1,2022,river_structure,140956866.0,123.48367,12.987851
P00721946VS-CW1,2023,river_structure,48997477.13,123.486318,10.007212
P00733234VS-CW1,2023,river_structure,96498225.85,123.486318,10.007212
P00633006VS-CW1,2022,river_structure,48803966.54,123.487604,10.002593
P00733238VS-CW1,2023,river_structure,96300450.1,123.489267,10.053311
P00733240VS-CW1,2023,river_structure,95821739.57,123.489267,10.053311
P00721524VS-CW1,2023,river_structure,96011592.91,123.49026,10.054057
P00620745LZ-CW1,2022,river_structure,24465683.83,123.490549,12.234121
P00736101LZ-CW1,2023,river_structure,95536200.0,123.490813,13.689202
P00740470LZ-CW1,2023,river_structure,72305000.0,123.49132,13.36312
P00561849LZ-CW1,2021,river_structure,29700000.0,123.491541,12.234814
P00631370LZ-CW1,2022,river_structure,19600000.0,123.493,13.2725
P00620316LZ-CW1,2022,river_structure,82025000.0,123.49315,13.64027778
P00835875MN-CW1,2024,river_structure,4752999.28,123.696377,8.092017
P00721760VS-CW1,2023,river_structure,96399888.0,123.94716,10.342097
P00742485LZ-CW1,2023,river_structure,4949945.99,123.696561,12.8711
P00740443LZ-CW1,2023,river_structure,72373476.66,123.69688386971,13.166895022148
P00835871MN-CW1,2024,drainage,4752999.45,123.697427,8.09166
P00620153MN-CW1,2022,river_structure,35404455.04,123.69743,8.629387
P00737377LZ-CW1,2023,river_structure,67548347.27,123.697545563993,13.1625661492076
P00737378LZ-CW1,2023,river_structure,57898423.68,123.697865406114,13.162800982481
P00526194LZ-CW1,2021,river_structure,29398117.6,123.698994,13.168753
P00621129LZ-CW1,2022,river_structure,67547845.61,123.699074116404,13.1689187382372
P00742487LZ-CW1,2023,river_structure,9557940.64,124.00567,12.973156
P00721671VS-CW1,2023,drainage,9780000.0,123.800357,10.247227
P00621126LZ-CW1,2022,river_structure,72372651.51,123.699166170566,13.1649775281295
P00526193LZ-CW1,2021,river_structure,29397833.0,123.700289,13.170239
P00727203LZ-CW1,2023,river_structure,20580000.0,123.70046588,13.34802925
P00621546LZ-CW1,2022,river_structure,48998161.04,123.702401357394,13.1665358561296
P00721377MN-CW1,2023,river_structure,47529998.48,123.7041086,8.6274768
P00620152MN-CW1,2022,river_structure,35348469.03,123.704384,8.627402
P00620154MN-CW1,2022,river_structure,28421918.91,123.704554,8.622612
P00621127LZ-CW1,2022,river_structure,67548080.26,123.704677444013,13.1610750255343
P00633232VS-CW1,2022,river_structure,48508341.34,123.493286,10.053297
P00740669LZ-CW1,2023,river_structure,48675979.44,123.705823987166,13.0987680447179
P00736134LZ-CW1,2023,river_structure,48249895.41,123.706058,12.569686
P00740473LZ-CW1,2023,river_structure,96500000.0,123.70670529,13.32611938
P00550543MN-CW1,2021,river_structure,58864693.36,123.707021,8.623664
P00550438MN-CW1,2021,drainage,57899999.97,123.707023,8.617814
P00726969LZ-CW1,2023,river_structure,72373340.99,123.708412,13.158426
P00640480LZ-CW1,2022,river_structure,98998436.24,123.708548,12.569668
P00550571MN-CW1,2021,drainage,8057107.97,123.709475,8.621449
P00726622LZ-CW1,2023,river_structure,144748972.13,123.709894,13.411122
P00740658LZ-CW1,2023,river_structure,24498279.9,123.71,13.158
P00721544VS-CW1,2023,river_structure,96499608.51,123.711422877472,11.2587125691667
P00736142LZ-CW1,2023,river_structure,48178149.83,123.713318,13.07949
P00726294LZ-CW1,2023,river_structure,23519999.15,123.7136,12.49528
P00820854VS-CW1,2024,river_structure,96390888.0,123.713705,10.270507
P00820867VS-CW1,2024,river_structure,96399888.0,123.713728,10.270519
P00727208LZ-CW1,2023,river_structure,2940000.0,123.7143472,13.40743333
P00820345VS-CW1,2024,river_structure,96201348.9,123.714438599999,10.517608
P00835872MN-CW1,2024,drainage,4752999.34,123.714447,8.094667
P00721767VS-CW1,2023,river_structure,67451959.0,123.714459,10.518753
P00742472LZ-CW1,2023,river_structure,29698072.37,123.714866331839,13.1583961299191
P00630978LZ-CW1,2022,river_structure,57898264.38,123.714870906166,13.1586516901812
P00726976LZ-CW1,2023,river_structure,72373461.51,123.715189,13.158484
P00620760LZ-CW1,2022,river_structure,47304633.91,123.715683,12.020212
P00640478LZ-CW1,2022,river_structure,98999705.73,123.716496,12.494265
P00631341LZ-CW1,2022,drainage,29397676.96,123.71670237277,13.1497310295171
P00630999LZ-CW1,2022,river_structure,57897955.0,123.717275939188,13.196578048619
P00549965VS-CW1,2021,river_structure,77200000.0,123.717817,10.174602
P00740480LZ-CW1,2023,river_structure,144750000.0,123.7182,13.35377
P00727202LZ-CW1,2023,river_structure,21560000.0,123.7182,13.35377
P00620273LZ-CW1,2022,river_structure,96497819.97,123.720600876567,13.1516459552666
P00820353VS-CW1,2024,river_structure,120575000.0,123.721977,10.236222
P00525682LZ-CW1,2021,river_structure,115800000.0,123.722469,13.189581
P00620684LZ-CW1,2022,river_structure,39191886.59,123.722524,13.188329
P00620679LZ-CW1,2022,river_structure,29339615.74,123.723386103319,13.1538764799104
P00740659LZ-CW1,2023,river_structure,48885924.75,123.723449,13.036393
P00820399VS-CW1,2024,river_structure,19501488.5,123.724099,10.52816
P00721820VS-CW1,2023,river_structure,19403655.0,123.72446,10.526972
P00820073VS-CW1,2024,river_structure,96500000.0,123.72452,11.29505
P00561812LZ-CW1,2021,river_structure,21037500.0,123.72459,13.35146
P00835781MN-CW1,2024,river_structure,86849960.44,123.72584,8.60344
P00561194LZ-CW1,2021,river_structure,22770000.0,123.72588,13.35186
P00620688LZ-CW1,2022,river_structure,47979306.09,123.72699102329,13.100957654079
P00821011LZ-CW1,2024,river_structure,48999995.07,123.728611,12.4897222
P00721765VS-CW1,2023,river_structure,67177531.0,123.7288639,10.52424167
P00726293LZ-CW1,2023,river_structure,23519966.83,123.7292,12.48889
P00632948LZ-CW1,2022,river_structure,49479552.03,123.729281777408,13.0763460695478
P00820344VS-CW1,2024,river_structure,96315000.0,123.72943,10.522118
P00721766VS-CW1,2023,river_structure,66947542.0,123.7294528,10.5270333
P00727213LZ-CW1,2023,river_structure,29398908.74,123.729888912531,13.0753907527392
P00620687LZ-CW1,2022,river_structure,47977926.84,123.729918744232,13.0955995862324
P00640571LZ-CW1,2022,river_structure,34649568.31,123.73031950036,13.091606626733
P00820993LZ-CW1,2024,river_structure,39200000.0,123.730956,13.3224552
P00620310LZ-CW1,2022,river_structure,94570000.0,123.730992,13.352557
P00620690LZ-CW1,2022,river_structure,39197847.13,123.731297631127,13.1394922804899
P00823643LZ-CW1,2024,river_structure,48250000.0,123.731664,13.3219495
P00640568LZ-CW1,2022,river_structure,16830000.0,123.73193,13.35454
P00727206LZ-CW1,2023,drainage,4900000.0,123.73279469,13.36025431
P00726296LZ-CW1,2023,river_structure,23519995.67,123.7336,12.46528
P00525675LZ-CW1,2021,river_structure,144749999.99,123.734053,13.074227
P00820354VS-CW1,2024,river_structure,96450000.0,123.734275,10.218236
P00737555LZ-CW1,2023,river_structure,5940000.0,123.734513,13.365391
P00721819VS-CW1,2023,river_structure,34290000.0,123.735336,10.217598
P00727204LZ-CW1,2023,river_structure,20580000.0,123.73554906,13.32138283
P00726987LZ-CW1,2023,river_structure,96500000.0,123.736191,13.360487
P00620307LZ-CW1,2022,river_structure,47123519.5,123.736496,13.21686
P00727209LZ-CW1,2023,river_structure,41650000.0,123.736508,13.359529
P00844787LZ-CW1,2024,slope_protection,48998722.69,123.737238,13.182665
P00620677LZ-CW1,2022,river_structure,19600000.0,123.737584,13.353674
P00620678LZ-CW1,2022,river_structure,39200000.0,123.737742,13.358511
P00844788LZ-CW1,2024,river_structure,48998837.03,123.737839,13.11579
P00620303LZ-CW1,2022,river_structure,77200000.0,123.738019,13.356312
P00639391LZ-CW1,2022,river_structure,96494642.76,123.738019,13.356312
P00740497LZ-CW1,2023,river_structure,96500000.0,123.738086,13.352726
P00740671LZ-CW1,2023,river_structure,48927385.73,123.738275,13.175218
P00631334LZ-CW1,2022,river_structure,24500000.0,123.73843816,13.28743648
P00820504LZ-CW1,2024,river_structure,63156272.13,123.73889,12.55944
P00631094MN-CW1,2022,river_structure,4949866.03,123.739263,8.32579
P00631325LZ-CW1,2022,river_structure,44100000.0,123.73933,13.28868
P00740495LZ-CW1,2023,river_structure,96500000.0,123.739455,13.350278
P00727201LZ-CW1,2023,river_structure,29400000.0,123.7399861,13.34246667
P00620685LZ-CW1,2022,river_structure,40192116.94,123.739997407324,13.0980700804759
P00721545VS-CW1,2023,river_structure,96493655.55,123.740395,11.298958
P00740496LZ-CW1,2023,river_structure,96500000.0,123.7405361,13.34121389
P00733264VS-CW1,2023,river_structure,96398888.0,123.947243,10.342084
P00820066VS-CW1,2024,river_structure,64575000.0,123.607225,9.8871833
P00640591LZ-CW1,2022,river_structure,19799984.31,123.878033,12.936035
P00821056VS-CW1,2024,river_structure,48964040.18,124.005963,10.7285
P00820055VS-CW1,2024,river_structure,72367100.6,124.008378,10.718382
P00620759LZ-CW1,2022,river_structure,37586374.39,123.801375,12.977154
P00742193LZ-CW1,2023,river_structure,69206320.09,123.947604722222,13.1065465722222
P00620321LZ-CW1,2022,river_structure,174378350.65,124.00907,12.710595
P00633231VS-CW1,2022,river_structure,48508289.02,123.493308,10.05332
P00725895LZ-CW1,2023,river_structure,96500000.0,123.87828,12.67152
P00640475LZ-CW1,2022,river_structure,98999988.18,123.611972,13.188917
P00835007VS-CW1,2024,drainage,4940000.0,123.803206,10.249284
P00721831VS-CW1,2023,river_structure,39150000.0,123.948461,10.341349
P00640473LZ-CW1,2022,river_structure,96029543.42,123.494,13.27
P00525701LZ-CW1,2021,river_structure,50425248.21,123.612222,12.643889
P00820057VS-CW1,2024,river_structure,71630987.97,124.011021,10.645052
P00640595LZ-CW1,2022,river_structure,19799962.19,123.878468,12.947003
P00821087MN-CW1,2024,river_structure,49000000.0,123.80526,8.04978
P00620315LZ-CW1,2022,river_structure,78168860.0,123.495422,13.681387
P00742484LZ-CW1,2023,river_structure,49493043.02,123.948748,13.105489
P00631381LZ-CW1,2022,river_structure,39199999.71,123.61482,13.19406
P00725896LZ-CW1,2023,drainage,96499897.52,124.011307,12.975698
P00726304LZ-CW1,2023,river_structure,38786902.99,123.87855,12.176237
P00835870MN-CW1,2024,drainage,4752999.57,123.805423,8.308679
P00740499LZ-CW1,2023,river_structure,96500000.0,123.74063383,13.33926825
P00732026VS-CW1,2023,river_structure,4938694.26,123.879074,10.306198
P00633228VS-CW1,2022,drainage,4939949.55,123.949115,10.332818
P00725905LZ-CW1,2023,river_structure,115793368.54,124.01398,12.753454
P00823641LZ-CW1,2024,river_structure,62725000.0,123.6161,13.4973325
P00630226VS-CW1,2022,river_structure,24364998.06,123.805799,10.721415
P00630973LZ-CW1,2022,river_structure,67549794.35,123.87917,12.672994
P00620284LZ-CW1,2022,river_structure,91648653.09,123.495426,13.702317
P00721379MN-CW1,2023,slope_protection,47530000.0,123.740718,8.076236
P00620118VS-CW1,2022,river_structure,49000000.0,123.949201,10.903543
P00631479LZ-CW1,2022,river_structure,37621089.23,124.01555,12.70441
P00721670VS-CW1,2023,drainage,4850000.0,123.616398,10.016356
P00727225LZ-CW1,2023,river_structure,31162943.24,123.80593,12.189699
P00844790LZ-CW1,2024,river_structure,49000000.0,123.495822,13.635701
P00639543LZ-CW1,2022,river_structure,48999560.94,123.740767384804,13.1122452705713
P00721978VS-CW1,2023,river_structure,96500000.0,123.950751,10.402062
P00727224LZ-CW1,2023,river_structure,37198373.92,123.879588,12.176363
P00620037MN-CW1,2022,river_structure,93088514.16,123.80655,8.05447
P00640593LZ-CW1,2022,river_structure,4949981.04,123.6173,12.98149
P00725888LZ-CW1,2023,river_structure,51145000.0,123.495935,12.456875
P00526343LZ-CW1,2021,river_structure,144750000.0,124.015768,12.70434
P00632700LZ-CW1,2022,river_structure,69294242.44,123.741116,13.335529
P00722001VS-CW1,2023,river_structure,8067898.81,123.951002,10.401768
P00620750LZ-CW1,2022,river_structure,35260510.32,123.80666,12.18947
P00820991LZ-CW1,2024,river_structure,39200000.0,123.618852,13.4917889
P00561437LZ-CW1,2021,river_structure,9900000.0,123.4961,12.456674
P00620028VS-CW1,2022,river_structure,86774888.0,124.016256,10.646235
P00823649LZ-CW1,2024,river_structure,104220000.0,123.741116,13.3335529
P00721542VS-CW1,2023,river_structure,53060000.0,123.620079,10.008642
P00726321LZ-CW1,2023,river_structure,38006678.27,123.952606,12.968041
P00620117VS-CW1,2022,river_structure,49000000.0,123.880368,10.823268
P00726309LZ-CW1,2023,river_structure,29786118.31,123.807047,12.18902
P00631480LZ-CW1,2022,river_structure,43424539.68,123.880664,12.680594
P00726985LZ-CW1,2023,river_structure,93123700.0,123.496519,13.680057
P00630216VS-CW1,2022,river_structure,13900320.0,124.018047,9.964652
P00639542LZ-CW1,2022,river_structure,19597880.84,123.742420410733,13.1896346287607
P00525691LZ-CW1,2021,river_structure,120624912.81,123.620544,13.491423
P00721252MN-CW1,2023,river_structure,53075000.0,123.952656,8.159169
P00820491LZ-CW1,2024,river_structure,102290000.0,123.62214,13.21535
P00620038MN-CW1,2022,river_structure,139725176.58,123.8074,8.05594
P00839678LZ-CW1,2024,river_structure,4850574.82,124.01847,12.63969
P00820498LZ-CW1,2024,river_structure,139925000.0,123.4975,13.42196
P00526197LZ-CW1,2021,river_structure,34298212.71,123.74305,13.15234
P00834650VS-CW1,2024,river_structure,9774508.23,123.953082,10.330563
P00525702LZ-CW1,2021,river_structure,51456790.87,123.6224,12.56901
P00732023VS-CW1,2023,river_structure,4940079.39,123.881288,10.332178
P00721825VS-CW1,2023,river_structure,44015442.55,123.808268,10.685399
P00721664VS-CW1,2023,river_structure,48999862.87,124.018566,9.964526
P00640479LZ-CW1,2022,river_structure,98999139.6,123.743097,12.528294
P00740492LZ-CW1,2023,river_structure,81909707.57,123.4985,13.42411
P00721381MN-CW1,2023,slope_protection,47530000.0,123.743388,8.061634
P00742489LZ-CW1,2023,river_structure,49499987.99,123.8817,12.84111
P00721540VS-CW1,2023,river_structure,86789658.38,123.953091,10.370196
P00820356VS-CW1,2024,river_structure,120625000.0,123.630995,10.068071
P00634053VS-CW1,2022,river_structure,48049193.6,123.808758,10.719836
P00631473LZ-CW1,2022,river_structure,28518000.0,124.02029,12.73196
P00632969LZ-CW1,2022,river_structure,10395000.0,123.498755,13.632115
P00740444LZ-CW1,2023,river_structure,72271706.58,123.743945076501,13.1341007289277
P00721900VS-CW1,2023,river_structure,57789620.79,123.953091,10.370196
P00620126VS-CW1,2022,slope_protection,48941933.27,123.80915,10.7213
P00631475LZ-CW1,2022,river_structure,48999998.36,124.0210083,12.69555833
P00737381LZ-CW1,2023,river_structure,67548527.29,123.632707,13.170113
P00631345LZ-CW1,2022,river_structure,48997990.88,123.634290584437,13.2017082358216
P00834597VS-CW1,2024,river_structure,57896315.2,123.38907,9.748346
P00721687VS-CW1,2023,river_structure,48900270.0,123.882105,10.33161
P00742478LZ-CW1,2023,river_structure,47768100.0,123.4998,13.635015
P00740673LZ-CW1,2023,river_structure,34299587.13,123.744699766864,13.1388503203187
P00620044MN-CW1,2022,slope_protection,67550000.0,123.95311,8.15755
P00630964LZ-CW1,2022,river_structure,56163261.31,123.8823222,12.70381111
P00744362VS-CW1,2023,river_structure,4402803.81,124.024475,10.606318
P00620275LZ-CW1,2022,river_structure,97244668.14,123.390529,13.404505
P00620741LZ-CW1,2022,river_structure,33004435.48,123.500798,12.231298
P00727380LZ-CW1,2023,river_structure,24497975.66,123.745084,13.135241
P00737382LZ-CW1,2023,river_structure,57898389.08,123.634452,13.170314
P00821057VS-CW1,2024,river_structure,48970000.0,123.95333,10.370145
P00721823VS-CW1,2023,river_structure,19540533.8,123.810972,10.692719
P00721770VS-CW1,2023,river_structure,77077770.77,124.024651,10.540826
P00726982LZ-CW1,2023,river_structure,72316233.42,123.883345,13.113751
P00733699VS-CW1,2023,river_structure,49500000.0,123.39094,10.4649
P00640482LZ-CW1,2022,slope_protection,98999354.98,123.6346194,12.5438696
P00736102LZ-CW1,2023,river_structure,95536200.0,123.502791,13.676241
P00630586MN-CW1,2022,slope_protection,13963714.93,123.745096,8.053636
P00633227VS-CW1,2022,river_structure,49500000.0,123.953702,10.397355
P00620300LZ-CW1,2022,river_structure,77199727.69,124.025005,12.884605
P00639539LZ-CW1,2022,river_structure,48998161.24,123.636007218076,13.1792119800311
P00633209VS-CW1,2022,slope_protection,99000000.0,123.883926666666,9.86411333333333
P00620451VS-CW1,2022,river_structure,29399951.87,123.391415,9.933121
P00823647LZ-CW1,2024,river_structure,57900000.0,123.503089,13.254532
P00721251MN-CW1,2023,river_structure,57900000.0,123.953885,8.155993
P00620682LZ-CW1,2022,river_structure,29398439.56,123.745579013738,13.1186879891759
P00620123VS-CW1,2022,river_structure,48945957.56,123.812128,10.714383
P00721830VS-CW1,2023,river_structure,48994888.0,124.0251195,10.6484739
P00820190VS-CW1,2024,river_structure,23913150.01,123.636125,10.090255
P00637811LZ-CW1,2022,river_structure,19800000.0,123.39219799,13.282243
P00620725LZ-CW1,2022,river_structure,48234246.84,123.503523,13.710721
P00722000VS-CW1,2023,river_structure,48989000.0,123.953998,10.400909
P00742473LZ-CW1,2023,river_structure,49410453.64,123.745694,13.122111
P00721832VS-CW1,2023,river_structure,48900000.0,123.95408,10.401014
P00821090MN-CW1,2024,river_structure,48840967.7,123.812883,7.741572
P00632977LZ-CW1,2022,drainage,4947141.49,124.02674,13.04608
P00631330LZ-CW1,2022,river_structure,49000000.0,123.3926436859,13.20312191425
P00742195LZ-CW1,2023,river_structure,96031002.69,123.884146,12.707498
P00549964VS-CW1,2021,river_structure,96499997.28,123.6384,9.1253
P00732480MN-CW1,2023,drainage,4939955.66,123.504,8.087
P00846108LZ-CW1,2024,river_structure,98998134.14,123.746722,13.118839
P00721680VS-CW1,2023,river_structure,29400000.0,123.9546361,10.28908056
P00820192VS-CW1,2024,river_structure,19300000.0,123.813474,10.714921
P00620116VS-CW1,2022,river_structure,48988729.71,124.027024,9.644071
P00721613MN-CW1,2023,river_structure,48973571.68,123.813547,7.74132
P00631004LZ-CW1,2022,river_structure,77199975.67,123.393111,13.452598
P00620747LZ-CW1,2022,river_structure,33004386.92,123.639172,12.349555
P00630993LZ-CW1,2022,river_structure,77200000.0,123.393458,13.277686
P00740440LZ-CW1,2023,river_structure,72316174.75,123.639178,13.190033
P00526232LZ-CW1,2021,river_structure,49000000.0,123.5045528,13.73451667
P00721936VS-CW1,2023,drainage,48656422.0,123.88549,9.72483
P00721253MN-CW1,2023,river_structure,53075000.0,123.954751,8.155573
P00620115VS-CW1,2022,river_structure,48998764.5,124.027352,9.643823
P00820154MN-CW1,2024,river_structure,11976633.24,123.814528,7.850141
P00640570LZ-CW1,2022,river_structure,14850000.0,123.395483,13.21328799
P00721764VS-CW1,2023,river_structure,77134000.0,123.7469528,10.55333611
P00726975LZ-CW1,2023,river_structure,139859923.42,123.505879,13.42985
P00620324LZ-CW1,2022,river_structure,131553950.0,123.506768,12.96633
P00633015VS-CW1,2022,drainage,4792519.98,123.885793,10.359004
P00742196LZ-CW1,2023,river_structure,98885867.64,123.639897,13.19355
P00820325VS-CW1,2024,river_structure,96399888.0,123.954939,10.406844
P00821089MN-CW1,2024,river_structure,48869498.05,123.815169,7.742203
P00525680LZ-CW1,2021,river_structure,144749999.75,123.747615,13.206944
P00630220VS-CW1,2022,river_structure,49000000.0,124.0283333,9.6391667
P00834981VS-CW1,2024,river_structure,148500000.0,123.816411,10.311699
P00630989LZ-CW1,2022,river_structure,65187109.3,123.395587,13.455215
P00725889LZ-CW1,2023,river_structure,91675000.0,123.507025,12.216336
P00721681VS-CW1,2023,river_structure,48984888.0,123.955512,10.357616
P00740441LZ-CW1,2023,river_structure,72267813.25,123.640078262523,13.1859965396424
P00721836VS-CW1,2023,river_structure,43595644.8,123.886947,10.301452
P00740675LZ-CW1,2023,river_structure,48942124.8,123.748752986479,13.2121571362413
P00630219VS-CW1,2022,river_structure,40179948.69,124.030665,9.6348
P00834982VS-CW1,2024,river_structure,148500000.0,123.816432,10.311699
P00727326LZ-CW1,2023,river_structure,77096696.93,123.39627,13.40341
P00620289LZ-CW1,2022,river_structure,77165034.11,123.955988,12.963557
P00631344LZ-CW1,2022,river_structure,48998125.42,123.640373781028,13.1960449822255
P00633017VS-CW1,2022,river_structure,4895000.0,123.889233,10.385533
P00726303LZ-CW1,2023,river_structure,39140952.92,123.749579,12.244516
P00835006VS-CW1,2024,river_structure,49500000.0,124.03082,10.94766
P00640600LZ-CW1,2022,river_structure,19734064.7,123.818838,12.820508
P00733741VS-CW1,2023,drainage,17194575.0,123.956139,10.29012
P00630656VS-CW1,2022,drainage,4939702.44,123.889364,10.299678
P00834658VS-CW1,2024,river_structure,48996484.84,123.39763,9.871516
P00721835VS-CW1,2023,river_structure,44019255.0,123.889479,10.297452
P00823628LZ-CW1,2024,river_structure,48248950.81,123.640699,13.141382
P00821010LZ-CW1,2024,river_structure,48999764.72,123.750556,12.4897222
P00620111VS-CW1,2022,river_structure,48999390.0,124.03228,9.86247
P00820437LZ-CW1,2024,river_structure,139925000.0,123.508245,13.433302
P00721876VS-CW1,2023,river_structure,96112225.44,123.397811,9.750361
P00740668LZ-CW1,2023,river_structure,48186131.52,123.640821,13.143313
P00631368LZ-CW1,2022,river_structure,49000000.0,123.39825,13.29338
P00620293LZ-CW1,2022,river_structure,77026450.47,123.95661,12.964013
P00834979VS-CW1,2024,river_structure,89100000.0,123.81970563,10.28331822
P00549966VS-CW1,2021,river_structure,77200000.0,123.750883,10.206233
P00725892LZ-CW1,2023,river_structure,62725000.0,123.5083841,12.2161133
P00742490LZ-CW1,2023,river_structure,4943439.65,124.035647,13.036746
P00639535LZ-CW1,2022,river_structure,48999470.75,123.641853734112,13.1955039208593
P00620020VS-CW1,2022,river_structure,91674735.35,123.644875,10.102859
P00733747VS-CW1,2023,river_structure,4944995.26,123.890017,10.302227
P00834644VS-CW1,2024,river_structure,19600000.0,123.95662,10.96971
P00834983VS-CW1,2024,river_structure,138600000.0,123.8218716,10.28245227
P00631358LZ-CW1,2022,river_structure,48999187.66,123.50872,13.25037
P00620302LZ-CW1,2022,river_structure,67548213.38,123.751132317976,13.1617706609401
P00820187VS-CW1,2024,river_structure,29400000.0,124.03715,10.89945
P00726295LZ-CW1,2023,river_structure,23519985.34,123.7514,12.49
P00721838VS-CW1,2023,river_structure,44030000.0,123.892427,10.335647
P00620681LZ-CW1,2022,river_structure,44098134.64,123.645287888572,13.206747895691
P00726618LZ-CW1,2023,river_structure,85981400.0,123.398756,13.565866
P00721879VS-CW1,2023,river_structure,96500000.0,123.822113,10.275847
P00726308LZ-CW1,2023,river_structure,22491873.94,123.957059,12.099265
P00620291LZ-CW1,2022,river_structure,96500000.0,123.508720388889,12.2158927777778
P00630971LZ-CW1,2022,river_structure,96499953.46,124.037747,13.040678
P00721822VS-CW1,2023,river_structure,18546000.0,123.751433,10.629431
P00620272LZ-CW1,2022,river_structure,96493351.5,124.043873333333,13.0427816666667
P00820398VS-CW1,2024,river_structure,49000000.0,123.646449,10.39286
P00630661VS-CW1,2022,drainage,4939939.5,123.89531697,10.32133436
P00630647VS-CW1,2022,river_structure,6930000.0,123.95709,10.317513
P00721880VS-CW1,2023,river_structure,96500000.0,123.822113,10.275847
P00631372LZ-CW1,2022,river_structure,44100000.0,123.39879,13.29366
P00633233VS-CW1,2022,drainage,45539979.25,123.509472,10.024547
P00561196LZ-CW1,2021,river_structure,39197824.08,123.751925,13.188725
P00620271LZ-CW1,2022,river_structure,96472990.61,124.045051666667,13.0423916666667
P00839666LZ-CW1,2024,river_structure,19015682.52,123.752244,13.205036
P00740501LZ-CW1,2023,river_structure,62655000.0,123.51048,13.25
P00733263VS-CW1,2023,river_structure,96399888.0,123.957127,10.357057
P00721881VS-CW1,2023,river_structure,96500000.0,123.822113,10.275847
P00742202LZ-CW1,2023,river_structure,74179689.03,123.39883,13.293817
P00726320LZ-CW1,2023,river_structure,29399984.46,123.897786,12.992597
P00725891LZ-CW1,2023,river_structure,57900000.0,123.511119444444,12.2157419444444
P00820358VS-CW1,2024,river_structure,77200000.0,123.649145,10.392524
P00721669VS-CW1,2023,river_structure,19600000.0,124.045519,11.273996
P00630994LZ-CW1,2022,river_structure,52110000.0,123.752679,13.292813
P00740449LZ-CW1,2023,river_structure,102434887.61,123.957409,12.659639
P00721882VS-CW1,2023,river_structure,96500000.0,123.822113,10.275847
P00725907LZ-CW1,2023,river_structure,57194183.0,123.398854,13.565698
P00632699LZ-CW1,2022,river_structure,59400000.0,123.51125599,13.13290299
P00630654VS-CW1,2022,river_structure,4934888.0,123.898389,10.440428
P00721786VS-CW1,2023,river_structure,86697376.14,123.8223,10.360546
P00721949VS-CW1,2023,drainage,26458248.92,123.399975,9.951553
P00726979LZ-CW1,2023,river_structure,72373363.93,123.649656,13.171774
P00639387LZ-CW1,2022,river_structure,86844393.96,124.048237049759,13.227652882396
P00820400VS-CW1,2024,river_structure,19249374.01,123.753518,10.628869
P00620025VS-CW1,2022,river_structure,96500000.0,123.958721,10.394361
P00821406LZ-CW1,2024,river_structure,135100000.0,123.511461,13.396011
P00721378MN-CW1,2023,river_structure,48999979.13,123.82259,8.419755
P00633005VS-CW1,2022,river_structure,29399912.37,123.400746,9.964109
P00821387LZ-CW1,2024,slope_protection,96498182.44,123.650924,13.19037
P00833601MN-CW1,2024,river_structure,4941664.1,124.048888,6.555
P00639392LZ-CW1,2022,river_structure,96499920.56,123.754150137839,13.2040298244509
P00620024VS-CW1,2022,river_structure,77200000.0,123.96014,10.389024
P00631361LZ-CW1,2022,river_structure,48999374.49,123.51289,13.24526
P00631348LZ-CW1,2022,river_structure,24498153.5,123.651081956872,13.1903658167652
P00721826VS-CW1,2023,river_structure,43015488.45,123.8234,10.7064
P00630988LZ-CW1,2022,river_structure,67549910.38,123.400786,13.410761
P00630657VS-CW1,2022,drainage,4742460.0,123.899237,10.300907
P00630972LZ-CW1,2022,river_structure,77193935.96,124.0492639,12.70358611
P00737386LZ-CW1,2023,river_structure,67548108.72,123.754405112658,13.2085204178698
P00620758LZ-CW1,2022,river_structure,23118304.01,123.960793,12.986704
P00620287LZ-CW1,2022,river_structure,57898152.54,123.651355709592,13.1988115481396
P00634052VS-CW1,2022,slope_protection,39146455.0,123.824906,10.729534
P00820058VS-CW1,2024,river_structure,144745350.32,123.401001,9.964131
P00740450LZ-CW1,2023,river_structure,106149680.15,124.051648,12.702683
P00631478LZ-CW1,2022,river_structure,49000000.0,123.9610917,12.68473889
P00639537LZ-CW1,2022,river_structure,39197337.19,123.754600276169,13.2041499501272
P00620125VS-CW1,2022,river_structure,39198712.68,123.513607,10.113918
P00631337LZ-CW1,2022,river_structure,44100000.0,123.65287055,13.33778287
P00630652VS-CW1,2022,drainage,4941185.77,123.900592,10.297611
P00820320VS-CW1,2024,river_structure,144750000.0,123.825159,10.276453
P00734414MN-CW1,2023,river_structure,4950000.0,124.052318,6.557794
P00742208LZ-CW1,2023,river_structure,98931423.45,123.4013765,13.4087535
P00721944VS-CW1,2023,river_structure,14650900.0,123.9612,10.3869
P00740468LZ-CW1,2023,river_structure,72289030.0,123.513822,13.328209
P00740663LZ-CW1,2023,drainage,48998443.23,123.654,13.18021
P00820322VS-CW1,2024,river_structure,144750000.0,123.825248,10.276356
P00620753LZ-CW1,2022,river_structure,48999228.83,124.057834444444,12.6082013888889
P00820466LZ-CW1,2024,river_structure,96500000.0,123.401391,13.406472
P00740469LZ-CW1,2023,river_structure,72289030.0,123.513897,13.328039
P00721529VS-CW1,2023,river_structure,63323300.0,123.961525,11.12545
P00620122VS-CW1,2022,river_structure,44272101.34,123.654214,10.404294
P00632950LZ-CW1,2022,drainage,48998381.6,123.754929837265,13.1955091960854
P00721827VS-CW1,2023,river_structure,48999982.85,123.654253,10.403702
P00620113VS-CW1,2022,river_structure,48912420.75,123.9007,9.75453
P00820321VS-CW1,2024,river_structure,144750000.0,123.825501,10.276878
P00721650MN-CW1,2023,river_structure,96500000.0,124.058334,6.532115
P00721522VS-CW1,2023,river_structure,96305129.41,123.514981,9.775888
P00631322LZ-CW1,2022,river_structure,44100000.0,123.7553508,13.3065811
P00630651VS-CW1,2022,drainage,4930064.61,123.9018972,10.30278694
P00820328VS-CW1,2024,river_structure,135100000.0,123.961574,10.395793
P00631428LZ-CW1,2022,river_structure,39189729.5,123.40146,13.40934
P00620751LZ-CW1,2022,river_structure,48999966.52,124.058888,12.607544
P00639395LZ-CW1,2022,slope_protection,95535000.0,123.75562673,13.23999956
P00820323VS-CW1,2024,river_structure,144750000.0,123.825558,10.276748
P00639397LZ-CW1,2022,slope_protection,164048591.33,123.902291,13.239662
P00820191VS-CW1,2024,river_structure,14655082.09,123.655844,10.27236
P00631422LZ-CW1,2022,river_structure,49000000.0,123.516359,13.919055
P00742207LZ-CW1,2023,river_structure,98956878.59,123.40157,13.40991
P00726306LZ-CW1,2023,river_structure,26818854.83,123.96248,11.942065
P00734415MN-CW1,2023,river_structure,4356000.0,124.059926,6.630946
P00725883LZ-CW1,2023,river_structure,48249045.25,123.755809,12.490804
P00821145VS-CW1,2024,river_structure,57900000.0,123.825782,10.280532
P00620334LZ-CW1,2022,river_structure,92639979.74,123.902525,12.66754444
P00742480LZ-CW1,2023,river_structure,98963028.11,124.061262,12.712294
P00820473LZ-CW1,2024,river_structure,93436357.49,123.5201,13.6875
P00726319LZ-CW1,2023,river_structure,29399976.04,123.903402,12.975923
P00721270MN-CW1,2023,river_structure,47043280.19,124.06241353,7.6135499
P00721950VS-CW1,2023,drainage,26457957.62,123.401808,9.911062
P00721759VS-CW1,2023,river_structure,96400000.0,123.962903,10.340645
P00620120VS-CW1,2022,river_structure,49000000.0,123.827344,10.270532
P00835874MN-CW1,2024,river_structure,4752999.94,123.75637,8.080227
P00727382LZ-CW1,2023,river_structure,48996903.75,123.520166,13.682837
P00620007VS-CW1,2022,river_structure,48249993.45,123.40202,10.47997
P00631339LZ-CW1,2022,river_structure,47040000.0,123.656616,13.350771
P00620039MN-CW1,2022,river_structure,75655911.8,124.062566,7.610198
P00725890LZ-CW1,2023,river_structure,57900000.0,123.520523,12.214384
P00725906LZ-CW1,2023,river_structure,57067962.0,123.402288,13.56014
P00561583LZ-CW1,2021,river_structure,9900000.0,123.657344,13.342005
P00620143MN-CW1,2022,slope_protection,49000000.0,123.963333,8.16611
P00844582LZ-CW1,2024,river_structure,96498856.25,123.756861,13.212396
P00632991VS-CW1,2022,river_structure,135100000.0,123.82858,10.26865
P00630224VS-CW1,2022,river_structure,48985440.67,123.832013,10.635889
P00721778VS-CW1,2023,river_structure,57124194.51,123.903425,10.30406111
P00733740VS-CW1,2023,river_structure,17752004.0,124.062687,10.263472
P00740682LZ-CW1,2023,river_structure,48518100.0,123.520754,13.676751
P00726984LZ-CW1,2023,river_structure,57228490.0,123.402527,13.560218
P00620041VS-CW1,2022,river_structure,57735950.0,123.963758,11.125611
P00820185VS-CW1,2024,river_structure,29400000.0,123.90366,10.92637
P00631327LZ-CW1,2022,river_structure,44100000.0,123.756892,13.300458
P00721762VS-CW1,2023,river_structure,96484888.0,123.83436,10.246031
P00521779VS-CW1,2021,river_structure,38703951.53,124.068708,10.028795
P00620280LZ-CW1,2022,river_structure,96500000.0,123.521194,12.214278
P00620447VS-CW1,2022,river_structure,96499953.35,123.402651,9.969659
P00630997LZ-CW1,2022,river_structure,48250000.0,123.657694,13.345886
P00620333LZ-CW1,2022,river_structure,95380291.78,123.9638222,12.72965833
P00631462LZ-CW1,2022,river_structure,46549610.06,123.7572222,12.49194444
P00620030VS-CW1,2022,river_structure,96500000.0,123.834537,10.245983
P00740656LZ-CW1,2023,river_structure,47040000.0,123.403853,13.22
P00620295LZ-CW1,2022,river_structure,96500000.0,123.657759444444,12.3385641666667
P00620433VS-CW1,2022,river_structure,49000000.0,123.903755,10.301793
P00726318LZ-CW1,2023,river_structure,28317826.74,124.074584,12.540913
P00631474LZ-CW1,2022,river_structure,47363531.26,123.9644444,12.73
P00725882LZ-CW1,2023,river_structure,48249363.78,123.757364,12.489868
P00631423LZ-CW1,2022,river_structure,29400000.0,123.52225,13.598947
P00721945VS-CW1,2023,river_structure,48605990.17,123.404745,9.961906
P00820044VS-CW1,2024,river_structure,69866876.96,123.9657,9.951
P00631485LZ-CW1,2022,river_structure,19597043.51,123.903861,12.978505
P00631338LZ-CW1,2022,river_structure,44100000.0,123.65860992,13.34033869
P00735054MN-CW1,2023,river_structure,48763650.33,124.0809,7.8116
P00820346VS-CW1,2024,river_structure,96341651.25,123.758367,10.6296
P00634134MN-CW1,2022,slope_protection,8696543.7,123.834638,8.051973
P00736111LZ-CW1,2023,river_structure,77155504.0,123.52237,13.41965
P00726964LZ-CW1,2023,river_structure,95114888.2,123.4053,13.55826
P00620112VS-CW1,2022,river_structure,42347760.0,123.90388,9.748269
P00630968LZ-CW1,2022,river_structure,65526866.97,124.0826139,12.58137778
P00630959LZ-CW1,2022,river_structure,57900000.0,123.7585551,13.3186998
P00727219LZ-CW1,2023,river_structure,48463641.53,123.4053,13.55826
P00634037VS-CW1,2022,river_structure,48696738.3,123.836477,10.703829
P00834655VS-CW1,2024,river_structure,48970000.0,123.967713,10.369075
P00620114VS-CW1,2022,river_structure,29400000.0,123.903943,9.744372
P00733738VS-CW1,2023,river_structure,4938269.0,123.65935,10.40944
P00742482LZ-CW1,2023,river_structure,4753294.14,124.0835834,12.54736924
P00740678LZ-CW1,2023,river_structure,48930000.0,123.52238,13.34052
P00727227LZ-CW1,2023,river_structure,19599999.83,123.759243055556,12.8613730555556
P00634036VS-CW1,2022,river_structure,48998099.5,123.83685,10.703855
P00725897LZ-CW1,2023,river_structure,93086138.67,123.967739,13.091512
P00740477LZ-CW1,2023,river_structure,72197542.53,123.90478216288,13.0980032109602
P00620022VS-CW1,2022,river_structure,57900000.0,123.967813,11.148529
P00721317MN-CW1,2023,river_structure,96499839.71,124.084811,6.550252
P00620743LZ-CW1,2022,river_structure,34188561.03,123.407207,12.399323
P00726627LZ-CW1,2023,river_structure,125406648.98,123.524465,13.234837
P00631461LZ-CW1,2022,river_structure,46549010.81,123.7602778,12.48888889
P00742486LZ-CW1,2023,river_structure,4949998.43,123.837015277778,12.8230836111111
P00740445LZ-CW1,2023,river_structure,66875340.0,123.52517,13.59392
P00732027VS-CW1,2023,river_structure,4935000.0,123.905392,10.304572
P00727328LZ-CW1,2023,river_structure,101324139.6,123.660784,13.353888
P00832221VS-CW1,2024,river_structure,144312978.86,123.9682,9.9459
P00742481LZ-CW1,2023,river_structure,11523308.3,124.084852,12.585876
P00823602LZ-CW1,2024,river_structure,144750000.0,123.407847,13.319067
P00620755LZ-CW1,2022,river_structure,47205646.64,124.08635,12.87251667
P00721821VS-CW1,2023,river_structure,19599992.8,123.661213,10.383099
P00561193LZ-CW1,2021,river_structure,11880000.0,123.837624,13.264517
P00821150VS-CW1,2024,river_structure,54163972.77,123.760359,10.261991
P00740679LZ-CW1,2023,river_structure,48930000.0,123.525378,13.322262
P00820155MN-CW1,2024,river_structure,9799878.8,123.83772,8.3282
P00630659VS-CW1,2022,drainage,4929981.5,123.90545615,10.30360613
P00740685LZ-CW1,2023,river_structure,23765326.79,123.968399,12.82477
P00620040VS-CW1,2022,river_structure,48992790.68,123.408376,10.001738
P00632973LZ-CW1,2022,river_structure,29067904.86,124.0865,12.87248333
P00631333LZ-CW1,2022,river_structure,43120000.0,123.76127156,13.30986577
P00620332LZ-CW1,2022,river_structure,101325000.0,123.661289,13.353655
P00732022VS-CW1,2023,river_structure,4940000.0,123.839013,10.266581
P00721318MN-CW1,2023,river_structure,71120500.88,124.090944,6.545586
P00620033VS-CW1,2022,river_structure,96500000.0,123.905995,10.297671
P00740686LZ-CW1,2023,river_structure,19027799.48,123.968429,12.824711
P00631424LZ-CW1,2022,river_structure,29400000.0,123.527093,13.601782
P00640582LZ-CW1,2022,river_structure,48109727.57,123.4088,13.4138
P00620156MN-CW1,2022,drainage,37239055.24,123.842943,8.266016
P00740683LZ-CW1,2023,river_structure,48232154.04,124.0912,13.63292
P00744360VS-CW1,2023,river_structure,31005336.24,123.969456,10.450162
P00742467LZ-CW1,2023,river_structure,99000000.0,123.763286,13.214715
P00633004VS-CW1,2022,river_structure,48999991.18,123.410486,10.002824
P00620160MN-CW1,2022,slope_protection,47530000.0,123.842943,8.266016
P00844565LZ-CW1,2024,river_structure,144749802.55,123.528108,13.346652
P00620134VS-CW1,2022,river_structure,49000000.0,123.906071,10.398574
P00731619VS-CW1,2023,river_structure,95722592.49,123.411385,9.998748
P00726299LZ-CW1,2023,river_structure,49000000.0,123.661507,12.321431
P00522176MN-CW1,2021,river_structure,46550000.28,123.844249,8.142178
P00732028VS-CW1,2023,river_structure,4932965.79,123.907587,10.302877
P00550018VS-CW1,2021,drainage,26345090.31,123.528212,9.985656
P00737578LZ-CW1,2023,river_structure,9800997.16,124.092785277778,12.5337569444444
P00721829VS-CW1,2023,river_structure,48949066.04,123.97012,10.449932
P00731618VS-CW1,2023,river_structure,95531364.4,123.411385,9.998748
P00630658VS-CW1,2022,drainage,4900186.98,123.90776178,10.29499282
P00620043MN-CW1,2022,river_structure,29355361.0,123.844286,8.243568
P00820343VS-CW1,2024,river_structure,77200000.0,123.661784,10.381954
P00631465LZ-CW1,2022,river_structure,32584624.86,123.76384,12.48731
P00726302LZ-CW1,2023,river_structure,49000000.0,123.529453,12.253594
P00640585LZ-CW1,2022,river_structure,29398756.61,124.0954817,13.59855472
P00721516VS-CW1,2023,river_structure,96401741.64,123.411385,9.998748
P00620029VS-CW1,2022,river_structure,72375000.0,123.970444,10.926864
P00639396LZ-CW1,2022,slope_protection,94570000.0,123.84550845,13.22580472
P00640468LZ-CW1,2022,river_structure,97998183.09,123.66204624856,13.1878190922189
P00721768VS-CW1,2023,river_structure,77199933.95,123.764351,10.622697
P00633016VS-CW1,2022,river_structure,4889970.0,123.908168,10.304542
P00740460LZ-CW1,2023,river_structure,192998274.78,123.764889,13.22624
P00639536LZ-CW1,2022,river_structure,48998250.84,123.6622812915,13.1884509841789
P00620127VS-CW1,2022,river_structure,49000000.0,123.5298472,9.762977778
P00631453LZ-CW1,2022,river_structure,48998742.08,124.0973194,13.596169
P00733272VS-CW1,2023,other,57898214.56,123.411385,9.998748
P00721774VS-CW1,2023,river_structure,96399888.0,123.970878,10.34395
P00820156MN-CW1,2024,river_structure,11882500.74,123.845663,8.249938
P00549967VS-CW1,2021,river_structure,77200000.0,123.66295,10.107433
P00721685VS-CW1,2023,river_structure,43978839.53,123.908336,10.301994
P00631463LZ-CW1,2022,river_structure,34299948.51,123.76547,12.4897
P00631356LZ-CW1,2022,river_structure,39100891.04,123.53073,13.22785
P00630212VS-CW1,2022,river_structure,47530000.0,124.101112,9.919396
P00733262VS-CW1,2023,river_structure,96493356.5,123.411385,9.998748
P00733277VS-CW1,2023,river_structure,96493351.85,123.411385,9.998748
P00522302MN-CW1,2021,river_structure,35108440.26,123.846349,8.333526
P00742197LZ-CW1,2023,river_structure,98928190.55,123.662952,13.194608
P00732029VS-CW1,2023,river_structure,4933978.32,123.90873,10.398008
P00726305LZ-CW1,2023,river_structure,38730805.32,123.767784,12.214791
P00820393MN-CW1,2024,river_structure,29374937.82,123.532298,8.025852
P00632975LZ-CW1,2022,river_structure,18940659.69,124.1017972,12.90858333
P00834660VS-CW1,2024,river_structure,39196415.8,123.412294,10.002745
P00620456VS-CW1,2022,slope_protection,48996091.75,123.412892,9.839764
P00633225VS-CW1,2022,river_structure,49500000.0,123.846591,10.240259
P00630653VS-CW1,2022,drainage,4935395.43,123.9087444,10.32386944
P00844568LZ-CW1,2024,river_structure,96498671.05,123.664199,13.182308
P00736133LZ-CW1,2023,river_structure,48249895.17,123.7681387,12.4787926
P00630218VS-CW1,2022,drainage,32337988.76,124.101888,9.703687
P00630967LZ-CW1,2022,river_structure,67550000.0,124.1033333,12.93468889
P00630966LZ-CW1,2022,river_structure,67550000.0,124.1033528,12.93482222
P00733739VS-CW1,2023,drainage,4938888.88,123.533175,9.755561111
P00920070VS-CW1,2025,river_structure,72325000.0,123.971079,10.343448
P00630215VS-CW1,2022,river_structure,47292350.0,124.104196,10.032375
P00721977VS-CW1,2023,river_structure,86848237.27,123.413761,10.003255
P00820153MN-CW1,2024,river_structure,12250000.0,123.8485,7.96452
P00639544LZ-CW1,2022,river_structure,48999516.44,123.664333801878,13.1261669127307
P00740461LZ-CW1,2023,river_structure,192998182.04,123.768454,13.224533
P00721938VS-CW1,2023,river_structure,17490000.0,123.972,9.6058
P00630660VS-CW1,2022,drainage,4935105.1,123.908817,10.29715
P00846128LZ-CW1,2024,river_structure,19799980.32,124.105924,13.037134
P00630977LZ-CW1,2022,other,67550000.0,123.53345,13.248965
P00834662VS-CW1,2024,river_structure,29394904.7,123.414573,10.007425
P00640477LZ-CW1,2022,river_structure,98999981.03,123.84889,12.97955
P00721674VS-CW1,2023,drainage,10779791.4,123.849586,10.786994
P00733746VS-CW1,2023,river_structure,4940000.0,123.909062,10.319645
P00740475LZ-CW1,2023,river_structure,96500000.0,123.768837,13.253796
P00721535VS-CW1,2023,river_structure,89745000.0,123.97255,11.06219
P00620130VS-CW1,2022,slope_protection,49000000.0,123.5341222,9.783688889
P00737581LZ-CW1,2023,river_structure,7919978.36,124.106456111111,13.0408055555556
P00834594VS-CW1,2024,river_structure,57894463.74,123.414573,10.007425
P00742492LZ-CW1,2023,river_structure,9546698.83,123.909368527778,12.9776290555556
P00721673VS-CW1,2023,river_structure,48938244.75,123.665412,10.412107
P00620121VS-CW1,2022,drainage,7603479.13,123.84996,10.78716
P00740455LZ-CW1,2023,river_structure,72375000.0,123.76966361,13.23097278
P00725894LZ-CW1,2023,river_structure,48247328.32,124.106536111111,13.0574944444444
P00620144MN-CW1,2022,slope_protection,49000000.0,123.9730556,8.169444
P00820442LZ-CW1,2024,river_structure,96499956.99,123.538889,12.2686111
P00834663VS-CW1,2024,river_structure,48995812.34,123.414573,10.007425
P00820188VS-CW1,2024,river_structure,29400000.0,123.91033,10.93264
P00633224VS-CW1,2022,river_structure,9900000.0,123.851713,10.245573
P00630192VS-CW1,2022,slope_protection,96277080.22,123.53891,10.121938
P00631476LZ-CW1,2022,river_structure,28517999.41,124.1138917,12.944925
P00620043VS-CW1,2022,river_structure,115799830.62,123.97515,10.36683
P00834640VS-CW1,2024,river_structure,19532000.0,123.9104,9.9167
P00742201LZ-CW1,2023,river_structure,74249999.5,123.416927,13.288194
P00820397VS-CW1,2024,river_structure,48857807.52,123.665812,10.354251
P00721904VS-CW1,2023,drainage,72150000.0,123.85552,9.66488
P00825137LZ-CW1,2024,river_structure,173699689.96,123.769995,13.22194
P00620752LZ-CW1,2022,river_structure,47415662.39,124.1145306,12.65523333
P00620739LZ-CW1,2022,river_structure,20334927.38,123.538928,12.268063
P00737380LZ-CW1,2023,river_structure,57728167.3,123.66664,13.128525
P00834574VS-CW1,2024,river_structure,67549987.0,123.977002,10.606005
P00737576LZ-CW1,2023,river_structure,9603008.42,123.9116844,12.63887139
P00634127MN-CW1,2022,slope_protection,14847933.19,123.41737,8.65088
P00721614MN-CW1,2023,slope_protection,47530000.0,123.855943,8.203891
P00620311LZ-CW1,2022,river_structure,138413784.19,123.770364,13.254016
P00620754LZ-CW1,2022,river_structure,49000000.0,124.1146528,12.90938056
P00620317LZ-CW1,2022,river_structure,89290069.17,123.770364,13.254016
P00721601MN-CW1,2023,river_structure,9779316.2,123.539,8.069
P00721833VS-CW1,2023,river_structure,9784118.0,123.91630001,10.39694524
P00639393LZ-CW1,2022,river_structure,55874133.4,123.97758,13.09388
P00721824VS-CW1,2023,river_structure,48994486.8,123.667176,10.351586
P00721784VS-CW1,2023,river_structure,96396340.74,123.856007,10.30691
P00834667VS-CW1,2024,river_structure,48996321.52,123.418214,10.004547
P00620756LZ-CW1,2022,river_structure,12421484.87,124.117131,13.067215
P00721422MN-CW1,2023,river_structure,108491280.85,123.770553,7.916541
P00721940VS-CW1,2023,river_structure,39100000.0,124.11721,10.044189
P00620691LZ-CW1,2022,river_structure,29400000.0,123.542,13.2537
P00820178VS-CW1,2024,river_structure,4890000.0,123.917,9.9316
P00726626LZ-CW1,2023,river_structure,125336434.99,123.418484,13.32549
P00526196LZ-CW1,2021,river_structure,29398110.84,123.770667,13.040056
P00630188VS-CW1,2022,river_structure,66585000.0,124.121528,10.05097
P00742483LZ-CW1,2023,river_structure,51124338.4,123.978630694444,13.0930364583333
P00631419LZ-CW1,2022,river_structure,49000000.0,123.542918,13.931913
P00821003LZ-CW1,2024,river_structure,9800000.0,123.41858,13.3255
P00630987LZ-CW1,2022,river_structure,67548745.83,123.857024,12.972726
P00726307LZ-CW1,2023,river_structure,23506539.35,123.771178,11.927529
P00835873MN-CW1,2024,drainage,4752999.28,123.668967,8.102927
P00820186VS-CW1,2024,river_structure,29400000.0,123.98118,10.99902
P00640587LZ-CW1,2022,river_structure,15523200.0,124.1271222,12.86044722
P00620296LZ-CW1,2022,river_structure,192707498.05,123.418961,13.325807
P00631471LZ-CW1,2022,slope_protection,48985300.98,123.857556,12.194375
P00522342MN-CW1,2021,river_structure,32884498.68,123.771512,7.916904
P00639549LZ-CW1,2022,river_structure,19599587.99,123.671273333333,12.919865
P00620132VS-CW1,2022,river_structure,26592415.28,123.919102,10.389174
P00620306LZ-CW1,2022,river_structure,106149935.67,123.54464,13.252397
P00640590LZ-CW1,2022,river_structure,18245676.54,123.982080555556,12.5547666666667
P00634128MN-CW1,2022,river_structure,6860609.84,124.127135,7.513273
P00630566MN-CW1,2022,river_structure,15639498.93,123.4197,7.82578
P00640592LZ-CW1,2022,river_structure,24749997.68,123.857736,12.916821
P00740655LZ-CW1,2023,river_structure,48020000.0,123.67498156,13.37870876
P00820472LZ-CW1,2024,river_structure,96500000.0,123.5454,13.67698
P00721663VS-CW1,2023,river_structure,4885000.0,123.98694,9.76667
P00721664MN-CW1,2023,river_structure,28658991.24,124.128,7.5077
P00620045VS-CW1,2022,river_structure,29398308.21,123.420103,10.030583
P00821222MN-CW1,2024,river_structure,37239990.16,123.77207,8.55007
P00620286LZ-CW1,2022,river_structure,57892326.39,123.8599,12.79188
P00639548LZ-CW1,2022,river_structure,39199962.76,123.676398055556,12.9267130555556
P00820334VS-CW1,2024,river_structure,144594682.62,123.920301,10.390874
P00631354LZ-CW1,2022,river_structure,19600000.0,123.54948,13.28985
P00733700VS-CW1,2023,river_structure,19800000.0,123.42117,10.48165
P00721534VS-CW1,2023,river_structure,67550000.0,123.98695,11.05202
P00721495MN-CW1,2023,river_structure,48448879.15,123.77214,7.919509
P00721257MN-CW1,2023,slope_protection,47529999.47,123.859996,8.190642
P00727212LZ-CW1,2023,river_structure,48809805.94,123.676833,13.137181
P00620308VS-CW1,2022,river_structure,47914729.53,123.92036,9.74297
P00824784LZ-CW1,2024,river_structure,51940000.0,123.55273,13.675741
P00561199LZ-CW1,2021,river_structure,29397518.79,124.130656,13.983345
P00834586VS-CW1,2024,river_structure,57896463.4,123.421459,10.006378
P00732024VS-CW1,2023,river_structure,9884041.44,123.8600166,10.27093553
P00721837VS-CW1,2023,river_structure,43999790.93,123.920536,10.391501
P00550016VS-CW1,2021,river_structure,14849542.74,123.676945,10.338299
P00630962LZ-CW1,2022,slope_protection,67547282.86,123.987204,12.98419
P00639546LZ-CW1,2022,river_structure,49000000.0,123.55301,13.884047
P00561433LZ-CW1,2021,river_structure,9898760.0,124.130672,13.98502
P00721893VS-CW1,2023,river_structure,96497499.84,123.421534,10.001164
P00620212MN-CW1,2022,river_structure,99375933.66,123.77250576,7.9191551
P00561195LZ-CW1,2021,river_structure,19800000.0,123.67808,13.38225
P00834643VS-CW1,2024,river_structure,49000000.0,123.98724,11.05505
P00820332VS-CW1,2024,river_structure,144598801.17,123.92058847,10.37993084
P00630228VS-CW1,2022,slope_protection,19600000.0,123.553453,9.1452197
P00631454LZ-CW1,2022,river_structure,9798760.0,124.130683,13.986329
P00821016LZ-CW1,2024,river_structure,48942303.93,123.860912,12.18896
P00620329LZ-CW1,2022,river_structure,77199986.09,123.422298,13.487582
P00620148MN-CW1,2022,slope_protection,49000000.0,123.92114,8.127781
P00733737VS-CW1,2023,river_structure,4950000.0,123.98813,11.00734
P00834575VS-CW1,2024,river_structure,67450000.0,123.921262,10.33861
P00823644LZ-CW1,2024,river_structure,48250000.0,123.678333,13.404444
P00726301LZ-CW1,2023,river_structure,49000000.0,123.558342,12.270136
P00631340LZ-CW1,2022,river_structure,24500000.0,123.773236,13.304546
P00721834VS-CW1,2023,river_structure,43973120.48,123.922878,10.368652
P00620096MN-CW1,2022,river_structure,91675000.0,124.135817,6.532042
P00526250LZ-CW1,2021,river_structure,43509157.93,123.861567,12.985142
P00821055VS-CW1,2024,river_structure,19600000.0,123.98852,11.01851
P00725885LZ-CW1,2023,river_structure,48222482.56,123.678568,13.174496
P00620330LZ-CW1,2022,river_structure,77199756.92,123.422298,13.487582
P00726986LZ-CW1,2023,river_structure,115799772.15,123.567603,13.260205
P00526173LZ-CW1,2021,river_structure,12740000.0,123.773333,13.304722
P00834652VS-CW1,2024,river_structure,4884986.38,123.923471,10.3348
P00839680LZ-CW1,2024,river_structure,4851786.65,124.1366,12.766
P00630632VS-CW1,2022,drainage,9898000.0,123.42235,10.93771
P00631326LZ-CW1,2022,river_structure,9800000.0,123.773811,13.306379
P00726298LZ-CW1,2023,river_structure,49000000.0,123.570205,12.327621
P00733281VS-CW1,2023,slope_protection,67499225.33,123.923501,10.427413
P00726970LZ-CW1,2023,river_structure,72342833.02,123.681886,13.172473
P00832641VS-CW1,2024,drainage,4620000.0,123.86377,9.63956
P00726317LZ-CW1,2023,river_structure,28518879.11,124.1375667,12.74556389
P00740446LZ-CW1,2023,river_structure,96500000.0,123.863793,13.296686
P00620027VS-CW1,2022,river_structure,86849993.95,123.988978,10.434657
P00820489LZ-CW1,2024,river_structure,111729100.89,123.773866,12.951989
P00727226LZ-CW1,2023,river_structure,38221649.44,123.989116,12.732483
P00631003LZ-CW1,2022,river_structure,77199936.61,123.42238,13.32533
P00631420LZ-CW1,2022,river_structure,49000000.0,123.570581,13.917332
P00839659LZ-CW1,2024,river_structure,6930000.0,123.683117,13.349626
P00733288VS-CW1,2023,slope_protection,72332540.0,123.926169,10.421293
P00631455LZ-CW1,2022,river_structure,29398760.0,124.140352777778,13.5720733333333
P00631426LZ-CW1,2022,slope_protection,29400000.0,123.863904,13.768269
P00620285LZ-CW1,2022,river_structure,65185352.97,124.1433167,12.98663056
P00740498LZ-CW1,2023,river_structure,19300000.0,123.77442189,13.30672018
P00725898LZ-CW1,2023,river_structure,83375874.08,123.98985,12.983214
P00630982LZ-CW1,2022,river_structure,57828535.32,123.57641,13.25613
P00721895VS-CW1,2023,river_structure,96497116.43,123.42247,10.001848
P00632990VS-CW1,2022,slope_protection,96500000.0,123.926989,10.424484
P00726983LZ-CW1,2023,river_structure,72367819.15,123.685415,13.360187
P00721686VS-CW1,2023,river_structure,9720072.79,123.86447592,10.29844819
P00639390LZ-CW1,2022,river_structure,110974607.12,124.144119,13.766597
P00526344LZ-CW1,2021,river_structure,144750000.0,123.991457,12.78223
P00740680LZ-CW1,2023,river_structure,48926316.82,123.577708,13.256213
P00725904LZ-CW1,2023,river_structure,112322188.64,123.9916158,12.737236
P00631335LZ-CW1,2022,river_structure,24500000.0,123.42249,13.19381299
P00820992LZ-CW1,2024,river_structure,26950000.0,123.685415,13.360187
P00736062LZ-CW1,2023,river_structure,192961477.83,124.145199,13.764765
P00633226VS-CW1,2022,river_structure,14850000.0,123.866235,10.25318
P00631481LZ-CW1,2022,river_structure,9797426.1,123.775029,12.952238
P00936038VS-CW1,2025,drainage,4939190.15,123.928082,10.397052
P00820482LZ-CW1,2024,river_structure,62724809.74,123.578611,12.2280556
P00620320LZ-CW1,2022,river_structure,174664974.55,123.994051,12.794448
P00725903LZ-CW1,2023,river_structure,113285703.0,123.422636,13.487505
P00740479LZ-CW1,2023,river_structure,135100000.0,123.685798,13.333875
P00630645VS-CW1,2022,drainage,4836297.35,123.86729,9.63672
P00726281LZ-CW1,2023,river_structure,29400000.0,123.775987,13.308033
P00721903VS-CW1,2023,river_structure,50963842.39,123.8678,9.8792
P00632988VS-CW1,2022,slope_protection,96500000.0,123.92816,10.427647
P00721672VS-CW1,2023,river_structure,48912091.55,123.584792,10.30981
P00721894VS-CW1,2023,river_structure,96497234.15,123.422979,10.001468
P00620155MN-CW1,2022,river_structure,29399995.0,123.686,8.608593
P00737579LZ-CW1,2023,river_structure,9603000.0,124.1461167,12.84581944
P00721771VS-CW1,2023,river_structure,106149965.15,123.99496666,10.60373894
P00640589LZ-CW1,2022,drainage,19206000.0,124.1462639,12.86183611
P00820490LZ-CW1,2024,river_structure,117298238.56,123.776386,12.952611
P00736070LZ-CW1,2023,river_structure,96497986.44,123.86985862117,13.1137533197169
P00823622LZ-CW1,2024,river_structure,96499961.98,123.585437,13.240527
P00740464LZ-CW1,2023,river_structure,72289030.0,123.423969,13.169523
P00740688LZ-CW1,2023,river_structure,18129860.73,123.995134,12.971216
P00620031VS-CW1,2022,river_structure,95439684.51,123.99541,9.84285
P00561838LZ-CW1,2021,river_structure,14848757.9,124.146578,13.909885
P00631000LZ-CW1,2022,river_structure,57898374.99,123.686320047368,13.1804990448572
P00620213MN-CW1,2022,river_structure,99395118.03,123.778011,7.919665
P00620146MN-CW1,2022,slope_protection,49000000.0,123.928909,8.13229
P00721937VS-CW1,2023,river_structure,11705000.0,123.9955,9.9494
P00732025VS-CW1,2023,river_structure,11834060.05,123.872753,10.283587
P00630996LZ-CW1,2022,river_structure,77097561.51,123.42408,13.29372
P00561839LZ-CW1,2021,river_structure,14848733.84,124.147029,13.908021
P00820193VS-CW1,2024,river_structure,4850001.98,123.5862222,9.889675
P00726967LZ-CW1,2023,river_structure,72294714.06,123.68653,13.18084
P00737387LZ-CW1,2023,river_structure,57898479.61,123.779650835384,13.121005226292
P00721528VS-CW1,2023,river_structure,67550000.0,123.9971,11.25119
P00640588LZ-CW1,2022,drainage,14404521.0,123.8727778,12.6722222
P00631375LZ-CW1,2022,river_structure,19599978.9,123.42455,13.32561
P00721668VS-CW1,2023,drainage,5625200.0,123.87411,10.84169
P00737580LZ-CW1,2023,river_structure,4801500.0,124.14706,12.817377
P00640476LZ-CW1,2022,river_structure,89100000.0,123.586735,13.241065
P00820879VS-CW1,2024,river_structure,67500000.0,123.929,9.7498
P00726977LZ-CW1,2023,river_structure,72374494.71,123.686554,13.163556
P00620036VS-CW1,2022,river_structure,91675000.0,123.780194,10.244479
P00740474LZ-CW1,2023,river_structure,96500000.0,123.780209,13.261016
P00846126LZ-CW1,2024,river_structure,9899988.72,123.997123,12.96974
P00821382LZ-CW1,2024,river_structure,139925000.0,123.42477,13.47025
P00740657LZ-CW1,2023,river_structure,49000000.0,123.780874,13.235982
P00620032VS-CW1,2022,river_structure,57900000.0,123.99791,11.25119
P00733985MN-CW1,2023,river_structure,28255451.89,124.148948,7.864048
P00620749LZ-CW1,2022,river_structure,35247120.61,123.87427,12.17839
P00740670LZ-CW1,2023,river_structure,48909052.85,123.589739817213,13.1171761538084
P00632987VS-CW1,2022,slope_protection,96500000.0,123.92936,10.453952
P00620149MN-CW1,2022,slope_protection,37216949.34,123.781235,8.004151
P00820053VS-CW1,2024,river_structure,149847604.36,123.9996123,10.438442
P00631483LZ-CW1,2022,river_structure,9797412.68,123.783171,12.978307
P00620736LZ-CW1,2022,river_structure,41894584.96,123.6866667,12.47555556
P00821017LZ-CW1,2024,river_structure,48962315.19,123.875271,12.180299
P00744359VS-CW1,2023,river_structure,15484008.07,123.999691,10.438372
P00631447LZ-CW1,2022,river_structure,38600000.0,124.148948,13.756505
P00620145MN-CW1,2022,slope_protection,39200000.0,123.78333333,8.0208333
P00721383MN-CW1,2023,slope_protection,47530000.0,123.591208,8.048171
P00726624LZ-CW1,2023,river_structure,101324366.01,123.686752,13.390771
P00721896VS-CW1,2023,river_structure,96498238.76,123.425082,10.001118
P00620150MN-CW1,2022,slope_protection,49000000.0,123.929387,8.132741
P00620026VS-CW1,2022,river_structure,56548278.06,124.000112,10.438358
P00834653VS-CW1,2024,river_structure,24205775.0,123.929593,10.348742
P00737577LZ-CW1,2023,river_structure,4801500.0,124.1494897,13.07213333
P00640596LZ-CW1,2022,river_structure,29699990.04,123.78519,12.867567
P00630975LZ-CW1,2022,river_structure,65156884.39,123.59154,12.91197
P00640569LZ-CW1,2022,river_structure,14850000.0,123.42549,13.21559999
P00721828VS-CW1,2023,river_structure,48952952.29,124.000656,10.436113
P00821012LZ-CW1,2024,river_structure,48999991.64,123.686944,12.48
P00726315LZ-CW1,2023,river_structure,28511748.95,124.1499958,13.0114316
P00820908MN-CW1,2024,river_structure,115800000.0,123.7874,8.03947
P00632974LZ-CW1,2022,river_structure,19001820.12,123.8752778,12.65805556
P00640598LZ-CW1,2022,river_structure,39600000.0,123.591771,12.905518
P00620305LZ-CW1,2022,river_structure,48249492.67,123.425576,13.289351
P00620757LZ-CW1,2022,river_structure,37978793.24,124.001622188889,12.8702879388889
P00737553LZ-CW1,2023,river_structure,19800000.0,123.688333,13.3966666
P00620119VS-CW1,2022,river_structure,49000000.0,123.930556,10.9733333
P00631446LZ-CW1,2022,river_structure,38598662.63,124.15263,13.758786
P00620124VS-CW1,2022,river_structure,48749331.99,123.591822,10.260857
P00820853VS-CW1,2024,river_structure,72374843.77,123.42611,10.50555
P00742488LZ-CW1,2023,river_structure,49499988.79,123.87550225,12.7951019
P00640594LZ-CW1,2022,river_structure,48015009.98,124.001690505556,12.8734660833333
P00727381LZ-CW1,2023,river_structure,48962384.09,123.688896,13.161069
P00835011VS-CW1,2024,river_structure,98899888.0,123.93157,10.353048
P00639399LZ-CW1,2022,river_structure,110916629.19,124.152883,13.747093
P00823603LZ-CW1,2024,river_structure,96500000.0,123.592443,13.258564
P00620027MN-CW1,2022,drainage,53075000.0,123.7923,8.04814
P00721772VS-CW1,2023,river_structure,106149936.7,124.001898524514,10.7626241332861
P00721505VS-CW1,2023,river_structure,72374744.87,123.42695,10.49628
P00821088MN-CW1,2024,river_structure,49000000.0,123.87588,8.10174
P00620035MN-CW1,2022,river_structure,80641190.0,123.93261,7.92533
P00630585MN-CW1,2022,slope_protection,29400000.0,123.689319,8.054146
P00737575LZ-CW1,2023,river_structure,19773947.82,124.1535583,12.820425
P00740687LZ-CW1,2023,river_structure,27439999.43,123.593377,13.011349
P00631482LZ-CW1,2022,river_structure,9797964.61,123.792962,12.977497
P00631472LZ-CW1,2022,river_structure,28518000.0,124.00221,12.70027
P00721539VS-CW1,2023,river_structure,86670915.0,123.875911,10.284233
P00821613LZ-CW1,2024,river_structure,49000000.0,123.689443,13.375613
P00620036MN-CW1,2022,river_structure,80641190.0,123.93271,7.92507
P00737582LZ-CW1,2023,river_structure,4949990.65,123.593499,12.909389
P00834592VS-CW1,2024,river_structure,57895609.96,123.427182,9.997583
P00620138MN-CW1,2022,river_structure,49000000.0,123.793402,8.048439
P00846131LZ-CW1,2024,river_structure,49499971.87,124.002973,12.985175
P00525687LZ-CW1,2021,river_structure,96499967.01,123.8763,12.65998
P00820857VS-CW1,2024,river_structure,57800000.0,123.933517,10.349969
P00834591VS-CW1,2024,river_structure,57896010.27,123.427355,9.998268
P00740478LZ-CW1,2023,river_structure,192932374.83,123.594145,13.249069
P00736143LZ-CW1,2023,river_structure,48248322.88,123.690236,13.179656
P00823591LZ-CW1,2024,river_structure,96500000.0,123.595208,13.261336
P00737554LZ-CW1,2023,river_structure,4950000.0,123.79482343,13.28873205
P00721773VS-CW1,2023,river_structure,77199721.33,124.003446,10.72784
P00632976LZ-CW1,2022,river_structure,28505318.96,123.9338889,12.6625
P00820074VS-CW1,2024,river_structure,52974619.82,123.934,9.9105
P00632978LZ-CW1,2022,drainage,4947163.72,123.59531,12.90556
P00834590VS-CW1,2024,river_structure,57896205.85,123.428957,9.98792
P00640597LZ-CW1,2022,river_structure,37118332.97,123.93429,12.99761
P00821220MN-CW1,2024,river_structure,48009820.77,123.87639,8.10215
P00620312LZ-CW1,2022,river_structure,138408985.0,123.795641,13.283156
P00844785LZ-CW1,2024,river_structure,29398860.04,123.692066,13.17269
P00742491LZ-CW1,2023,river_structure,28643555.23,124.003624,12.984972
P00721530VS-CW1,2023,river_structure,67549021.12,123.5957528,9.888963889
P00733286VS-CW1,2023,slope_protection,96500000.0,123.93465,10.4761
P00448861LZ-CW1,2020,river_structure,144546166.89,123.876757,12.663769
P00631328LZ-CW1,2022,slope_protection,19600000.0,123.796061,13.279318
P00621547LZ-CW1,2022,river_structure,48248324.35,123.692689290196,13.1739075292485
P00630963LZ-CW1,2022,slope_protection,67544199.13,124.004126,12.974374
P00630984LZ-CW1,2022,river_structure,56047451.41,123.59743,13.257078
P00834646VS-CW1,2024,river_structure,19600000.0,124.00424,10.97153
P00721892VS-CW1,2023,river_structure,96497197.73,123.429117,9.986925
P00632989VS-CW1,2022,slope_protection,96500000.0,123.934818,10.435856
P00639547LZ-CW1,2022,river_structure,49000000.0,123.6935539,13.881685
P00631329LZ-CW1,2022,slope_protection,14700000.0,123.796253,13.279184
P00640578LZ-CW1,2022,river_structure,49499990.45,123.598655,13.195022
P00631484LZ-CW1,2022,river_structure,19599857.32,124.00507,12.98569
P00740667LZ-CW1,2023,river_structure,48824307.51,123.598724,13.130351
P00721891VS-CW1,2023,river_structure,96497299.22,123.429123,9.986928
P00824780LZ-CW1,2024,slope_protection,24498721.87,123.694046,13.17259
P00448887LZ-CW1,2020,river_structure,144749727.67,123.87704,12.6704
P00820189VS-CW1,2024,river_structure,29400000.0,123.93484,10.97676
P00727207LZ-CW1,2023,river_structure,24500000.0,123.796573,13.283456
P00640577LZ-CW1,2022,river_structure,4949357.65,123.601417,13.073623
P00620151MN-CW1,2022,slope_protection,49000000.0,123.8772222,8.1022222
P00824775LZ-CW1,2024,slope_protection,19598426.97,123.694117,13.172051
P00632943LZ-CW1,2022,river_structure,11880000.0,123.797,13.27595
P00820505LZ-CW1,2024,river_structure,72374521.65,123.602014,13.197593
P00721232MN-CW1,2023,river_structure,67547185.67,123.429198,8.543007
P00631332LZ-CW1,2022,river_structure,24500000.0,123.79732725,13.28832603
P00839664LZ-CW1,2024,river_structure,49498701.76,123.694465,13.149615
P00821018LZ-CW1,2024,river_structure,48848417.08,123.798252,11.983549
P00721885VS-CW1,2023,river_structure,173700000.0,123.938982760437,10.3272767698755
P00620748LZ-CW1,2022,river_structure,35277048.57,123.79848,12.17403
P00721763VS-CW1,2023,river_structure,91674113.0,123.605838,10.020522
P00834588VS-CW1,2024,river_structure,57896625.61,123.429372,9.989165
P00742198LZ-CW1,2023,river_structure,98998745.95,123.694543,13.18541
P00639394LZ-CW1,2022,slope_protection,95535000.0,123.79879222,13.29170699
P00821074MN-CW1,2024,river_structure,9789807.14,123.430128,7.821494
P00630969LZ-CW1,2022,river_structure,72373166.5,123.695005976424,13.1841295819682
P00834573VS-CW1,2024,river_structure,57893912.76,123.94034,10.37727
P00736103LZ-CW1,2023,river_structure,95536200.0,123.430819,13.781294
P00631425LZ-CW1,2022,river_structure,29400000.0,123.695544,13.847165
P00631418LZ-CW1,2022,river_structure,19600000.0,123.430953,13.780299
P00630998LZ-CW1,2022,river_structure,57898302.5,123.695658088404,13.1823323673134
P00620450VS-CW1,2022,river_structure,48999951.73,123.431022,10.05953
P00621128LZ-CW1,2022,river_structure,72372927.18,123.69580484914,13.1825373479142
P00620039VS-CW1,2022,river_structure,50174536.56,123.43115,10.059554
P00632945LZ-CW1,2022,river_structure,14850000.0,123.798884,13.268108
P00726968LZ-CW1,2023,river_structure,72372955.14,123.696019,13.169146
P00630965LZ-CW1,2022,river_structure,56157105.99,123.9409694,12.75237778
P00721907VS-CW1,2023,river_structure,72372872.6,123.431349,9.985331
P00620131VS-CW1,2022,river_structure,46279520.0,123.941139,10.409973
P00731620VS-CW1,2023,river_structure,96014076.83,123.431506,9.984363
P00721787VS-CW1,2023,river_structure,86704127.07,123.799081,10.341526
P00732013VS-CW1,2023,river_structure,96498218.47,123.431506,9.984363
P00732012VS-CW1,2023,river_structure,96498180.8,123.431506,9.984363
P00733742VS-CW1,2023,river_structure,19303500.0,123.431506,9.984363
P00632986VS-CW1,2022,slope_protection,53075000.0,123.941673,10.422248
P00630567MN-CW1,2022,river_structure,7332475.49,123.431903,7.818689
P00733251VS-CW1,2023,river_structure,96497256.46,123.43199,9.982034
P00733287VS-CW1,2023,slope_protection,96410000.0,123.942349,10.425654
P00820194VS-CW1,2024,river_structure,4898131.85,123.432001,10.049295
P00820054VS-CW1,2024,river_structure,144699797.63,123.942593,10.371373
P00836182MN-CW1,2024,river_structure,4841201.0,123.944019,8.042698
P00721883VS-CW1,2023,river_structure,115600000.0,123.944322,10.342197
P00733266VS-CW1,2023,river_structure,96399888.0,123.945209,10.34245
P00721979VS-CW1,2023,river_structure,96500000.0,123.945979,10.405235
P00733321VS-CW1,2023,river_structure,48248733.47,125.009444,10.741833
P00620214MN-CW1,2022,river_structure,83793901.28,124.775381,8.535207
P00721555VS-CW1,2023,river_structure,96499999.89,124.566030555556,11.202872222222
P00721267MN-CW1,2023,river_structure,89377158.78,124.77555362,8.51219265
P00836176MN-CW1,2024,drainage,4933284.23,125.009863,7.747955
P00630668VS-CW1,2022,river_structure,4947824.24,124.455618,11.477479
P00732163MN-CW1,2023,river_structure,34299901.86,124.843857,6.503216
P00620147MN-CW1,2022,slope_protection,49000000.0,124.156300277778,8.18458777777778
P00644763VS-CW1,2022,river_structure,24064687.5,124.77675,10.35085
P00620186VS-CW1,2022,river_structure,48586389.57,124.77734,11.184347
P00620137MN-CW1,2022,river_structure,49000000.0,124.779088,9.198266
P00721805VS-CW1,2023,river_structure,52970012.17,124.782284,11.996757
P00620350MN-CW1,2022,river_structure,47276009.03,124.7826,8.536536
P00721639MN-CW1,2023,river_structure,96500000.0,124.782713,8.77246
P00721557MN-CW1,2023,river_structure,72375000.0,124.782713,8.77246
P00721509MN-CW1,2023,river_structure,34299868.03,124.6980556,6.5133333
P00721918VS-CW1,2023,river_structure,96096604.9,124.941549,11.302953
P00620040MN-CW1,2022,river_structure,121686414.18,124.343734,7.984911
P00721467MN-CW1,2023,river_structure,106149850.56,124.620278,6.473611
P00620190VS-CW1,2022,river_structure,144749999.97,124.566241,11.187122
P00832681VS-CW1,2024,river_structure,4862639.81,124.782817,11.187291
P00721708VS-CW1,2023,river_structure,48949999.55,124.783,11.365079
P00721554MN-CW1,2023,river_structure,72375000.0,124.78335,8.767929
P00721555MN-CW1,2023,river_structure,72375000.0,124.78335,8.767929
P00721982VS-CW1,2023,river_structure,53045950.9,124.783415,11.999927
P00620130MN-CW1,2022,river_structure,28021001.32,124.783473,9.176298
P00721538MN-CW1,2023,river_structure,72375000.0,124.784519,8.77854
P00634132MN-CW1,2022,drainage,4939885.65,124.784551,9.1739913
P00733987MN-CW1,2023,river_structure,72375000.0,124.785912,8.917687
P00630494MN-CW1,2022,river_structure,65157953.24,124.78612629,8.53477373
P00721574VS-CW1,2023,river_structure,54655168.88,124.786285,11.188514
P00634957MN-CW1,2022,river_structure,65499177.15,124.786879,8.534282
P00834684VS-CW1,2024,river_structure,48265131.9,124.787568,10.329985
P00634956MN-CW1,2022,river_structure,65170004.82,124.787617,8.533545
P00630495MN-CW1,2022,river_structure,65153251.9,124.78761742,8.53354351
P00721457MN-CW1,2023,river_structure,72167177.4,124.787783,7.130617
P00721416MN-CW1,2023,river_structure,279359677.5,124.787803,8.53269
P00820266MN-CW1,2024,river_structure,96500000.0,124.787882,8.53254
P00721583VS-CW1,2023,river_structure,52588254.57,124.788009,10.749864
P00820274MN-CW1,2024,river_structure,96500000.0,124.788163,8.53456
P00820265MN-CW1,2024,river_structure,96500000.0,124.788872,8.533633
P00550572MN-CW1,2021,river_structure,19795000.0,124.789685,8.769468
P00820360VS-CW1,2024,river_structure,67530749.5,124.790035,11.118206
P00721417MN-CW1,2023,river_structure,280801925.38,124.79016,8.529832
P00620280MN-CW1,2022,river_structure,48999638.16,124.7902783,7.12211774
P00835876MN-CW1,2024,river_structure,49000000.0,124.7911073,8.813224509
P00721556MN-CW1,2023,river_structure,72375000.0,124.791943,8.769745
P00732485MN-CW1,2023,drainage,6322322.11,124.792549,9.138832
P00721419MN-CW1,2023,river_structure,266231274.69,124.79321,8.527385
P00820095MN-CW1,2024,river_structure,96345472.96,124.794557,7.215358
P00721544MN-CW1,2023,river_structure,77200000.0,124.7956833,8.536283333
P00820420VS-CW1,2024,river_structure,29370339.61,124.795824,12.01534
P00620336VS-CW1,2022,river_structure,48402432.51,124.796005,10.686061
P00522328MN-CW1,2021,river_structure,43424992.69,124.796125,7.07838987
P00835764MN-CW1,2024,river_structure,96500000.0,124.796364,8.537459
P00734388MN-CW1,2023,river_structure,47521019.29,124.797049,9.14798466
P00721709VS-CW1,2023,river_structure,48936924.37,124.797542,11.376447
P00820896MN-CW1,2024,river_structure,96500000.0,124.798013,8.538306
P00630620MN-CW1,2022,river_structure,44071697.8,124.7997222,6.349166667
P00732096MN-CW1,2023,river_structure,28899987.85,124.799968,6.344946
P00721510MN-CW1,2023,river_structure,27439788.25,124.800638,6.398346
P00721298MN-CW1,2023,river_structure,92638620.31,124.802003,7.071999
P00721969VS-CW1,2023,river_structure,5756520.0,124.804735,10.703755
P00620201VS-CW1,2022,river_structure,48436562.67,124.805544,10.664945
P00721582VS-CW1,2023,river_structure,52408772.55,124.805544,10.664945
P00620282MN-CW1,2022,river_structure,48999996.61,124.8058434,7.14119888
P00733988MN-CW1,2023,river_structure,72375000.0,124.808447,8.995127
P00632039VS-CW1,2022,river_structure,49004805.5,124.809962,11.356285
P00644607VS-CW1,2022,river_structure,28728643.57,124.8109,12.0203
P00834683VS-CW1,2024,river_structure,48476248.01,124.810925,10.66343
P00835023VS-CW1,2024,river_structure,7887413.96,124.811063,12.013733
P00733294VS-CW1,2023,river_structure,80786514.33,124.81146,10.668012
P00620463VS-CW1,2022,river_structure,38913945.6,124.8122222,12.01916667
P00733763VS-CW1,2023,river_structure,19761387.58,124.8129,12.0171
P00820421VS-CW1,2024,river_structure,48485486.62,124.813195,12.016453
P00721638MN-CW1,2023,river_structure,96500000.0,124.81333,8.979795
P00732166MN-CW1,2023,river_structure,24498872.03,124.813477,6.229059
P00630235VS-CW1,2022,river_structure,48485534.41,124.814695,10.666042
P00620341VS-CW1,2022,river_structure,48408761.87,124.816111,12.025277778
P00620337VS-CW1,2022,river_structure,48338500.0,124.8187,10.681286
P00721967VS-CW1,2023,river_structure,48216266.02,124.8187,10.681286
P00820379VS-CW1,2024,river_structure,67514703.27,124.819498,12.019128
P00721622MN-CW1,2023,river_structure,97656143.98,124.8197722,6.60015
P00549985VS-CW1,2021,river_structure,49000000.0,124.820781,11.205042
P00620251MN-CW1,2022,river_structure,80668846.82,124.821102,6.373084
P00620418VS-CW1,2022,river_structure,48956362.43,124.8219444,12.02722222
P00549986VS-CW1,2021,river_structure,49000000.0,124.824831,11.21775
P00721507MN-CW1,2023,river_structure,40070140.29,124.824875,7.128504
P00630531MN-CW1,2022,river_structure,49407796.37,124.8258333,6.21638889
P00732162MN-CW1,2023,river_structure,24499667.6,124.826487,6.220376
P00721623MN-CW1,2023,river_structure,97730411.86,124.827175,6.571980556
P00820899VS-CW1,2024,river_structure,96434585.4,124.828624,11.304658
P00721922VS-CW1,2023,river_structure,96435000.0,124.831862,11.292014
P00630243VS-CW1,2022,slope_protection,19492118.36,124.833163,12.077215
P00632992VS-CW1,2022,river_structure,96455982.75,124.833728,10.135653
P00835886MN-CW1,2024,river_structure,29380000.45,124.83427,7.125136944
P00632047VS-CW1,2022,river_structure,19776940.86,124.834384,10.13663
P00835887MN-CW1,2024,river_structure,29379974.47,124.8348694,7.124791667
P00630491MN-CW1,2022,river_structure,64814025.23,124.83570199,9.0040724
P00721704VS-CW1,2023,river_structure,48925057.49,124.837208,11.240682
P00630588MN-CW1,2022,drainage,9800000.0,124.837588,8.7604735
P00630687VS-CW1,2022,river_structure,4950000.0,124.838952,10.138524
P00731685VS-CW1,2023,drainage,24391539.96,124.839017,11.422026
P00634058VS-CW1,2022,river_structure,4924360.55,124.839758,10.143939
P00836185MN-CW1,2024,river_structure,39599823.02,124.840193,8.785771
P00630244VS-CW1,2022,slope_protection,19597359.34,124.840518,12.088929
P00633031VS-CW1,2022,river_structure,9787125.0,124.840575,10.135722
P00821223MN-CW1,2024,river_structure,29399467.33,124.841256,8.785184
P00820349MN-CW1,2024,river_structure,65592867.27,124.843446,7.114689
P00630613MN-CW1,2022,river_structure,48999530.71,124.8436111,6.50055556
P00820260VS-CW1,2024,river_structure,49000000.0,124.843766,10.148521
P00633029VS-CW1,2022,river_structure,39157464.26,124.942744,10.355825
P00820256VS-CW1,2024,river_structure,9741200.0,124.844038,12.000609
P00731643VS-CW1,2023,river_structure,96469960.03,124.457222,10.898611
P00734408MN-CW1,2023,drainage,4948882.27,124.944476,6.331489
P00561842LZ-CW1,2021,river_structure,14837820.39,124.162842,13.916732
P00731683VS-CW1,2023,drainage,3905246.26,124.845701,11.42079
P00631112MN-CW1,2022,river_structure,4950000.0,124.5663583,6.674063889
P00820243VS-CW1,2024,drainage,6435658.12,124.620471,11.013998
P00721508MN-CW1,2023,river_structure,27437932.69,124.6980556,6.52611111
P00820224VS-CW1,2024,river_structure,9646438.6,124.343876,11.771062
P00820185MN-CW1,2024,river_structure,16576700.0,124.457971,7.312034
P00620272MN-CW1,2022,river_structure,49000000.0,124.45903,7.2812
P00732033VS-CW1,2023,river_structure,9894399.28,124.459196,11.689704
P00620152VS-CW1,2022,river_structure,18983276.9,124.459677,11.579385
P00620159VS-CW1,2022,river_structure,14215927.25,124.460727,11.581567
P00820238VS-CW1,2024,river_structure,5433119.87,124.46124,10.886659
P00745643VS-CW1,2023,river_structure,96131344.04,124.46282,9.87366
P00832684VS-CW1,2024,river_structure,4900400.55,124.46583,11.43305
P00820182VS-CW1,2024,river_structure,14677314.84,124.469421,9.899033
P00721701VS-CW1,2023,river_structure,18983417.75,124.47063,11.473965
P00633025VS-CW1,2022,river_structure,23741640.6,124.471014,11.510782
P00721898VS-CW1,2023,river_structure,77070000.0,124.47102,9.849747
P00820065VS-CW1,2024,river_structure,139442021.84,124.471644,9.848819
P00721957VS-CW1,2023,river_structure,23962264.9,124.471972,11.479959
P00820241VS-CW1,2024,river_structure,4875499.34,124.472839,10.878658
P00733307VS-CW1,2023,river_structure,19098797.05,124.47351,11.481608
P00721660MN-CW1,2023,river_structure,48999139.07,124.474236,6.088722
P00620184MN-CW1,2022,river_structure,48999481.86,124.4744778,6.0863338
P00620034VS-CW1,2022,river_structure,94371932.71,124.474549,9.765708
P00835003VS-CW1,2024,river_structure,39525949.58,124.475611,9.855955
P00620344MN-CW1,2022,river_structure,141124491.52,124.475953,8.573132
P00620345MN-CW1,2022,river_structure,139728160.14,124.476225,8.572588
P00632995VS-CW1,2022,river_structure,96499745.52,124.477155,11.517495
P00733736VS-CW1,2023,river_structure,49104025.8,124.47894,9.76103
P00721901VS-CW1,2023,river_structure,77200000.0,124.479231,9.76072
P00733752VS-CW1,2023,river_structure,4823823.95,124.479963,11.69195
P00732032VS-CW1,2023,river_structure,9896464.35,124.480185,11.693076
P00620089MN-CW1,2022,river_structure,86849785.36,124.480525,6.097947
P00832671VS-CW1,2024,river_structure,14546001.04,124.480539,11.692388
P00733757VS-CW1,2023,river_structure,4900499.85,124.481111,11.153056
P00834675VS-CW1,2024,river_structure,28765800.3,124.48248,11.49189
P00630231VS-CW1,2022,river_structure,9601120.25,124.484199,11.694071
P00633235VS-CW1,2022,river_structure,9322796.85,124.484865,11.69408
P00721906VS-CW1,2023,river_structure,96468183.0,124.4854047,9.78595682
P00721961VS-CW1,2023,river_structure,47902300.7,124.4864,11.495802
P00820255VS-CW1,2024,river_structure,9755762.05,124.488963,12.3538
P00630684VS-CW1,2022,drainage,4801992.94,124.490708,12.532031
P00721450MN-CW1,2023,river_structure,105228140.21,124.492222,7.052778
P00630583MN-CW1,2022,slope_protection,39200000.0,124.494699,8.204752
P00642512VS-CW1,2022,river_structure,27612750.52,124.495772,9.765497
P00832214VS-CW1,2024,river_structure,96399998.65,124.496504,9.808942
P00820868VS-CW1,2024,river_structure,144590167.78,124.497023,9.810825
P00832227VS-CW1,2024,river_structure,48190168.0,124.497405,9.810876
P00549887VS-CW1,2021,slope_protection,18067234.65,124.5004,11.5781
P00620185MN-CW1,2022,river_structure,48017953.88,124.5025694,6.058216667
P00834678VS-CW1,2024,river_structure,9610485.95,124.5048,11.4828
P00733756VS-CW1,2023,river_structure,4812204.39,124.50485,11.36181
P00834670VS-CW1,2024,river_structure,19302950.5,124.505,11.4836
P00620274MN-CW1,2022,river_structure,48949154.29,124.50519,7.23227
P00732047VS-CW1,2023,river_structure,9603998.51,124.50619,11.43768
P00820093MN-CW1,2024,river_structure,96017500.0,124.507045,7.231509
P00721716VS-CW1,2023,river_structure,48264998.94,124.50831,11.35452
P00732035VS-CW1,2023,river_structure,9600783.5,124.510744,11.681452
P00633238VS-CW1,2022,river_structure,29699901.67,124.511664,10.872999
P00620409VS-CW1,2022,river_structure,3779447.6,124.514581,11.474295
P00721551VS-CW1,2023,river_structure,96348951.67,124.516944,10.928611
P00721698VS-CW1,2023,river_structure,18964633.2,124.517723,11.475791
P00620163VS-CW1,2022,river_structure,14173092.65,124.517888,11.477469
P00620151VS-CW1,2022,river_structure,28475794.9,124.518091,11.477474
P00834677VS-CW1,2024,river_structure,9608685.75,124.519215,11.67133
P00630612MN-CW1,2022,river_structure,29400000.0,124.52298,7.2385
P00721958VS-CW1,2023,river_structure,23938133.6,124.524349,11.665444
P00833593MN-CW1,2024,drainage,4930000.0,124.525087,7.212647
P00620153VS-CW1,2022,river_structure,24476943.86,124.526621,11.665829
P00733309VS-CW1,2023,river_structure,19169852.5,124.527168,11.665943
P00820220VS-CW1,2024,river_structure,29379045.5,124.528457,11.666161
P00731639VS-CW1,2023,river_structure,96499917.29,124.529252,11.074538
P00633239VS-CW1,2022,river_structure,29698999.03,124.532215,10.980292
P00620191VS-CW1,2022,river_structure,19599998.1,124.532319,10.902096
P00620212VS-CW1,2022,river_structure,48132095.02,124.533978,12.161326
P00820110MN-CW1,2024,river_structure,57900000.0,124.535964,7.241169
P00620273MN-CW1,2022,river_structure,49000000.0,124.53728,7.2395
P00820244VS-CW1,2024,drainage,5860000.0,124.538016,10.907678
P00734413MN-CW1,2023,river_structure,4563124.44,124.539903,6.680612
P00620061VS-CW1,2022,river_structure,190871336.42,124.541037,11.316948
P00721804VS-CW1,2023,river_structure,52938612.0,124.542781,12.06384
P00721798VS-CW1,2023,river_structure,104027000.0,124.544242,11.029061
P00521714VS-CW1,2021,river_structure,38783901.98,124.546405,11.035868
P00620064VS-CW1,2022,river_structure,96499998.59,124.546405,11.035868
P00732492MN-CW1,2023,river_structure,4900499.99,124.546446,7.38164
P00833595MN-CW1,2024,river_structure,4920000.0,124.546462,7.381385
P00721799VS-CW1,2023,river_structure,106149999.4,124.547222,11.032222
P00620164VS-CW1,2022,river_structure,39160876.26,124.547972,11.566223
P00721696VS-CW1,2023,river_structure,24477379.47,124.549162,11.568609
P00733305VS-CW1,2023,river_structure,19590695.22,124.549878,11.57467
P00620342VS-CW1,2022,river_structure,43612695.07,124.551562,12.13934
P00721260MN-CW1,2023,river_structure,86850000.0,124.5526639,8.533161111
P00721959VS-CW1,2023,river_structure,34280548.95,124.553907,11.561705
P00820203MN-CW1,2024,river_structure,14514426.28,124.5548667,6.0664833
P00620160VS-CW1,2022,river_structure,19582958.02,124.556374,11.576766
P00630234VS-CW1,2022,river_structure,48999998.84,124.556393,10.996847
P00731641VS-CW1,2023,river_structure,96499790.73,124.55981,11.134924
P00630229VS-CW1,2022,river_structure,28080735.0,124.563333,11.484601
P00633024VS-CW1,2022,river_structure,48973319.76,124.563929,11.574938
P00721554VS-CW1,2023,river_structure,96492385.0,124.56454,11.146165
P00630239VS-CW1,2022,river_structure,48603252.18,124.564696,12.14552
P00630233VS-CW1,2022,river_structure,48999996.64,124.564724,11.002516
P00820237VS-CW1,2024,river_structure,5821197.36,124.564905,11.146938
P00620098MN-CW1,2022,river_structure,103138477.25,124.621998,5.996897
P00733291VS-CW1,2023,river_structure,101207765.11,124.94587,11.318564
P00632972LZ-CW1,2022,river_structure,39599999.28,124.163613,13.915415
P00721560MN-CW1,2023,river_structure,72375000.0,125.01125,8.91017
P00721715VS-CW1,2023,river_structure,48754997.94,124.34624,11.36293
P00820909VS-CW1,2024,river_structure,96377194.04,124.62222,11.029721
P00721624MN-CW1,2023,river_structure,48999972.27,124.567429,6.675932
P00820422VS-CW1,2024,river_structure,47991241.99,124.845853,11.981724
P00561201LZ-CW1,2021,river_structure,19598760.0,124.347693,13.654889
P00820884VS-CW1,2024,river_structure,96499999.9,124.698265,10.913477
P00820028MN-CW1,2024,river_structure,96500000.0,124.623852,8.035991
P00522055MN-CW1,2021,drainage,95530061.09,124.624495,8.506998
P00836178MN-CW1,2024,river_structure,24750000.0,124.62463333,8.42030833
P00820206MN-CW1,2024,river_structure,29050363.85,124.6263139,6.673241667
P00634123MN-CW1,2022,river_structure,49397332.88,124.62645,6.664536
P00721971VS-CW1,2023,river_structure,22672048.91,124.627024,12.509731
P00820242VS-CW1,2024,drainage,9402999.83,124.62707,11.010879
P00734024MN-CW1,2023,river_structure,49000000.0,125.01125,8.91017
P00620030MN-CW1,2022,river_structure,56685315.9,124.16564,8.1869
P00731694VS-CW1,2023,river_structure,48927835.0,124.945884,11.25333
P00721515MN-CW1,2023,river_structure,48822060.78,124.6271528,6.667522222
P00620292MN-CW1,2022,river_structure,37697510.48,124.627189,6.661936
P00733324VS-CW1,2023,river_structure,28870816.03,124.627561,12.095844
P00721636MN-CW1,2023,river_structure,96500000.0,124.627777,8.41861111
P00630232VS-CW1,2022,river_structure,48999999.6,124.627969,10.981254
P00721641MN-CW1,2023,river_structure,72375000.0,124.6288888,8.42083333
P00721608MN-CW1,2023,drainage,49000000.0,124.629444,8.481667
P00732482MN-CW1,2023,drainage,39200000.0,124.6297222,8.47944444
P00721266MN-CW1,2023,river_structure,66022355.72,124.62999487,8.42486858
P00820016MN-CW1,2024,river_structure,86096230.7,124.63004073,8.42538798
P00721265MN-CW1,2023,river_structure,66022344.63,124.63006789,8.4236786
P00522054MN-CW1,2021,drainage,96258829.05,124.632486,8.502172
P00732483MN-CW1,2023,drainage,39200000.0,124.6325,8.50194444
P00620202VS-CW1,2022,river_structure,48989055.06,124.63305,12.508005
P00821063VS-CW1,2024,drainage,5531661.85,124.633201,10.976342
P00632307MN-CW1,2022,slope_protection,96500000.0,124.634393,9.180599
P00820911VS-CW1,2024,river_structure,96399999.99,124.634911,11.040424
P00721426MN-CW1,2023,river_structure,81429903.46,124.63556868,8.45754112
P00920429MN-CW1,2025,river_structure,14689979.39,124.6363267,6.4368862
P00620134MN-CW1,2022,drainage,19600000.0,124.63655,9.17545
P00832682VS-CW1,2024,river_structure,4849608.68,124.637612,11.294884
P00522053MN-CW1,2021,drainage,102864606.3,124.639255,8.481624
P00522377MN-CW1,2021,river_structure,47936892.16,124.6399722,6.623761111
P00522379MN-CW1,2021,river_structure,48934696.13,124.6399722,6.587813889
P00820060MN-CW1,2024,river_structure,56153953.37,124.64086217,9.15749616
P00721516MN-CW1,2023,river_structure,48999999.56,124.6413806,6.621538889
P00632310MN-CW1,2022,slope_protection,72210824.16,124.641735,9.167458
P00821077MN-CW1,2024,river_structure,9765203.1,124.641931,8.473973
P00620282VS-CW1,2022,river_structure,104217207.66,124.642149,12.491243
P00620132MN-CW1,2022,river_structure,49000000.0,124.642666,9.161248
P00733320VS-CW1,2023,river_structure,48849298.66,124.642861,10.96637
P00820063MN-CW1,2024,slope_protection,60252341.13,124.6431,8.4211
P00620025MN-CW1,2022,drainage,134600733.29,124.64311,8.50994
P00620338VS-CW1,2022,river_structure,42254877.86,124.643528,12.507134
P00820424MN-CW1,2024,river_structure,44859331.55,124.643686,6.594017
P00721514MN-CW1,2023,river_structure,48813031.51,124.6437389,6.591102778
P00522378MN-CW1,2021,river_structure,48013421.57,124.6438306,6.589322222
P00820354MN-CW1,2024,river_structure,39510024.3,124.64496,6.5869
P00721800VS-CW1,2023,river_structure,110865287.57,124.646274,12.491692
P00620286VS-CW1,2022,river_structure,96498826.48,124.647256,12.491243
P00721801VS-CW1,2023,river_structure,110859141.8,124.64987,12.492881
P00820144MN-CW1,2024,river_structure,30380000.0,124.651424,7.91039
P00522073MN-CW1,2021,drainage,84440279.13,124.651605,8.483182
P00820143MN-CW1,2024,river_structure,49000000.0,124.65178,7.909246
P00522074MN-CW1,2021,river_structure,91654271.43,124.65179,8.483487
P00721370MN-CW1,2023,river_structure,7448000.0,124.65198,7.91077
P00630241VS-CW1,2022,slope_protection,19497944.21,124.652313,12.130301
P00620053MN-CW1,2022,drainage,112325644.93,124.656404,8.478375
P00620046MN-CW1,2022,drainage,97194243.34,124.65647,8.49218
P00522077MN-CW1,2021,river_structure,91435385.09,124.656567,8.48462
P00833596MN-CW1,2024,drainage,4949997.25,124.658127,7.389972
P00620047MN-CW1,2022,drainage,102965502.44,124.6582,8.491174
P00642534VS-CW1,2022,river_structure,38599979.26,124.659614,10.98802
P00620136MN-CW1,2022,drainage,19600000.0,124.659647,9.239575
P00821096MN-CW1,2024,river_structure,38420216.71,124.65985,6.56847
P00522075MN-CW1,2021,drainage,114875026.55,124.6599,8.48388
P00620049MN-CW1,2022,drainage,114009216.96,124.66016,8.49058
P00721576VS-CW1,2023,river_structure,57696132.04,124.660262,10.95698
P00620048MN-CW1,2022,drainage,114013627.59,124.66217,8.48999
P00632044VS-CW1,2022,drainage,4887350.18,124.662319,12.511836
P00820355MN-CW1,2024,river_structure,39564960.1,124.6634,6.56755
P00620133MN-CW1,2022,drainage,18718516.34,124.667935,9.24531
P00721250MN-CW1,2023,river_structure,115689618.4,124.66820633,9.131127833
P00620129MN-CW1,2022,river_structure,29400000.0,124.6687,9.14052
P00620024MN-CW1,2022,river_structure,66446314.65,124.6687031,9.140520277
P00721512MN-CW1,2023,river_structure,45079806.32,124.66894,6.42769
P00820883VS-CW1,2024,river_structure,96399778.3,124.669346,10.948781
P00620050MN-CW1,2022,river_structure,112903335.57,124.67056,8.482003
P00732501MN-CW1,2023,drainage,14585227.83,124.6707944,6.695352778
P00835804MN-CW1,2024,river_structure,86846157.23,124.672033,5.97976667
P00734023MN-CW1,2023,river_structure,23763961.24,124.672211,9.1269335
P00634146MN-CW1,2022,drainage,4932515.0,124.672705,6.696128
P00733762VS-CW1,2023,river_structure,48489599.83,124.6734,11.98399
P00833594MN-CW1,2024,drainage,4900000.0,124.674862,7.055542
P00732493MN-CW1,2023,drainage,4900499.99,124.674865,7.055561
P00633903MN-CW1,2022,river_structure,95999761.1,124.677356,6.660643
P00620126MN-CW1,2022,river_structure,19034974.8,124.68024,9.11899
P00820353MN-CW1,2024,river_structure,29785008.72,124.68126,6.55105
P00732168MN-CW1,2023,river_structure,24495251.86,124.683728,6.550739
P00732165MN-CW1,2023,river_structure,29399875.1,124.685093,6.41123
P00630624MN-CW1,2022,river_structure,48999928.43,124.6858333,6.5436111
P00721466MN-CW1,2023,river_structure,67549845.83,124.686389,6.548333
P00721577VS-CW1,2023,river_structure,55003847.3,124.68916,10.934007
P00834628VS-CW1,2024,river_structure,96399999.99,124.691314722222,10.920175555556
P00820402MN-CW1,2024,river_structure,19006200.13,124.69149316,9.1138385
P00620041MN-CW1,2022,drainage,92157449.61,124.69174,9.1143
P00821083MN-CW1,2024,river_structure,28809594.6,124.6933395,9.2492685
P00820352MN-CW1,2024,river_structure,29539716.7,124.69603,6.39885
P00734380MN-CW1,2023,river_structure,83327324.86,124.697091,6.391971
P00820416MN-CW1,2024,river_structure,44960045.66,124.56825,6.675597
P00832680VS-CW1,2024,river_structure,49458786.62,124.8460999,11.41275969
P00820910MN-CW1,2024,river_structure,94561570.35,124.70077866,9.11112533
P00721374MN-CW1,2023,river_structure,48913540.2,124.7013125,9.24102466
P00721617VS-CW1,2023,river_structure,110859451.44,124.945884,11.25333
P00631449LZ-CW1,2022,river_structure,48753545.92,124.166744722222,14.0513383333333
P00630614MN-CW1,2022,river_structure,29398305.78,124.8461111,6.50361111
P00630189VS-CW1,2022,river_structure,66564785.83,124.347808,10.081138
P00734371MN-CW1,2023,river_structure,74250000.0,125.01125,8.91017
P00620194VS-CW1,2022,river_structure,48999997.17,124.568262,11.191028
P00620128MN-CW1,2022,river_structure,28079386.5,124.70236,9.25049
P00721618VS-CW1,2023,river_structure,33650737.08,124.946106,11.320099
P00526240LZ-CW1,2021,river_structure,44098760.0,124.168442,14.050744
P00631450LZ-CW1,2022,river_structure,48998740.17,124.173072,14.04754
P00640583LZ-CW1,2022,river_structure,2970000.0,124.173072,14.047564
P00820179VS-CW1,2024,river_structure,48403180.0,124.17466,10.138493
P00631477LZ-CW1,2022,river_structure,28518000.0,124.181157,13.067158
P00820180VS-CW1,2024,river_structure,48403180.0,124.184987,10.135737
P00631448LZ-CW1,2022,river_structure,48998760.0,124.186192,13.589505
P00620139MN-CW1,2022,river_structure,34300000.0,124.18838,8.19751
P00620140MN-CW1,2022,river_structure,34300000.0,124.18933,8.19572
P00620141MN-CW1,2022,river_structure,34300000.0,124.18985,8.19686
P00620142MN-CW1,2022,river_structure,32020520.0,124.19011,8.19607
P00620092MN-CW1,2022,river_structure,67550000.0,124.191139,6.20635
P00820207MN-CW1,2024,river_structure,21174615.0,124.193611,6.233333
P00631443LZ-CW1,2022,river_structure,39198663.99,124.198047,13.563872
P00620095MN-CW1,2022,river_structure,67550000.0,124.198147,6.220756
P00721316MN-CW1,2023,river_structure,84919952.15,124.1989551,6.2191312
P00620093MN-CW1,2022,river_structure,96499932.16,124.208231,6.197478
P00721393MN-CW1,2023,river_structure,48999998.56,124.208274,6.197772
P00631442LZ-CW1,2022,river_structure,48998759.81,124.222728,13.590124
P00631439LZ-CW1,2022,river_structure,29395380.35,124.2244875,13.569356
P00640584LZ-CW1,2022,river_structure,29399911.31,124.224685,13.5694355555556
P00721816VS-CW1,2023,river_structure,48997618.15,124.226248,9.908624
P00620247MN-CW1,2022,river_structure,80448703.76,124.23129,7.17266
P00522110MN-CW1,2021,river_structure,67549998.47,124.23625,7.18967
P00631440LZ-CW1,2022,river_structure,29400000.0,124.237792777778,13.5819583333333
P00620248MN-CW1,2022,river_structure,28811519.78,124.23979,7.188223
P00721817VS-CW1,2023,river_structure,48507745.0,124.240745,9.927093
P00721818VS-CW1,2023,river_structure,48999860.9,124.240783,9.927196
P00620249MN-CW1,2022,river_structure,81974860.79,124.244813,7.188562
P00732486MN-CW1,2023,drainage,1978999.7,124.245207,8.243553
P00620206VS-CW1,2022,river_structure,48473345.46,124.247679,12.417157
P00630577MN-CW1,2022,river_structure,39200000.0,124.249119,8.182299
P00721580MN-CW1,2023,river_structure,48250000.0,124.24951,7.22532
P00633906MN-CW1,2022,river_structure,144621700.54,124.250023,7.225308
P00630579MN-CW1,2022,river_structure,37238197.29,124.250078,8.220881
P00620348MN-CW1,2022,river_structure,49000000.0,124.250758,8.250596
P00634133MN-CW1,2022,drainage,2970000.0,124.25217,8.240825
P00522071MN-CW1,2021,river_structure,69946552.43,124.25356251,8.25012408
P00630580MN-CW1,2022,river_structure,29400000.0,124.254895,8.183131
P00721256MN-CW1,2023,river_structure,48250000.0,124.256182,8.218818
P00630581MN-CW1,2022,river_structure,24272381.65,124.256859,8.195028
P00630578MN-CW1,2022,river_structure,29400000.0,124.257095,8.186025
P00820403MN-CW1,2024,river_structure,48250000.0,124.257423,8.181384
P00630487MN-CW1,2022,river_structure,67550000.0,124.259156,8.341639
P00630488MN-CW1,2022,river_structure,67550000.0,124.262089,8.341569
P00630489MN-CW1,2022,river_structure,62725000.0,124.263022,8.343703
P00820039MN-CW1,2024,river_structure,87725255.0,124.2643,8.1438
P00620353MN-CW1,2022,river_structure,39200000.0,124.26745,8.256109
P00732487MN-CW1,2023,river_structure,4950000.0,124.2683222,8.341177778
P00740438LZ-CW1,2023,river_structure,192816063.59,124.272039,13.756051
P00521722VS-CW1,2021,river_structure,48974593.23,124.27306,12.566153
P00522327MN-CW1,2021,river_structure,96499997.84,124.2782,7.15937
P00620732LZ-CW1,2022,river_structure,24693780.0,124.2804483,13.59414167
P00620207VS-CW1,2022,river_structure,28767754.96,124.281634,12.518029
P00620204VS-CW1,2022,river_structure,48960370.3,124.284167,12.503333
P00632312MN-CW1,2022,river_structure,137480516.6,124.286747,8.437579
P00631436LZ-CW1,2022,river_structure,48995422.15,124.286789166667,13.9516569444444
P00631438LZ-CW1,2022,river_structure,9793940.02,124.286789166667,13.9516569444444
P00632313MN-CW1,2022,river_structure,137503763.44,124.28719,8.438646
P00734372MN-CW1,2023,river_structure,129000000.0,124.288256,8.406829
P00721902VS-CW1,2023,river_structure,77199999.91,124.2906778,9.805552778
P00733703VS-CW1,2023,river_structure,98999836.9,124.29083,9.8051
P00632316MN-CW1,2022,river_structure,137497779.29,124.2914,8.436693
P00632314MN-CW1,2022,river_structure,137507127.86,124.291685,8.437172
P00721815VS-CW1,2023,river_structure,19599982.18,124.291953,9.90863
P00734389MN-CW1,2023,river_structure,4950000.0,124.2923694,8.406086111
P00820267MN-CW1,2024,river_structure,95264800.0,124.2929694,8.406155556
P00632317MN-CW1,2022,river_structure,137501620.08,124.294446,8.434934
P00632315MN-CW1,2022,river_structure,137507828.5,124.294919,8.435718
P00620035VS-CW1,2022,river_structure,96500000.0,124.295077,9.908812
P00742479LZ-CW1,2023,river_structure,9899996.06,124.295113,13.609317
P00631452LZ-CW1,2022,river_structure,29398959.54,124.295686,13.9082634
P00631451LZ-CW1,2022,river_structure,29398959.94,124.295939,13.905618
P00631437LZ-CW1,2022,river_structure,48998760.0,124.298036,13.607323
P00834980VS-CW1,2024,river_structure,98944930.25,124.299432,9.66293
P00721782VS-CW1,2023,river_structure,86849987.16,124.3002159,9.6158479
P00620203VS-CW1,2022,river_structure,48044665.17,124.300385,12.457714
P00721783VS-CW1,2023,river_structure,86848873.54,124.300532,9.615818
P00737569LZ-CW1,2023,river_structure,4807350.58,124.3007,13.63205
P00745641VS-CW1,2023,river_structure,96300240.26,124.30091,9.61816
P00835010VS-CW1,2024,river_structure,4945000.0,124.305001,10.590003
P00834599VS-CW1,2024,river_structure,57877936.0,124.308454,9.617094
P00522326MN-CW1,2021,river_structure,96499999.09,124.30924,7.14028
P00620731LZ-CW1,2022,river_structure,44092985.45,124.311416,13.58906
P00820909MN-CW1,2024,river_structure,9650000.0,124.314871,8.24019
P00820282MN-CW1,2024,river_structure,77198185.6,124.316586,8.25299
P00737572LZ-CW1,2023,river_structure,4948753.5,124.3195,13.61632
P00630582MN-CW1,2022,river_structure,49000000.0,124.321821,8.243825
P00820152MN-CW1,2024,river_structure,12250000.0,124.323102,8.231678
P00821149VS-CW1,2024,river_structure,130419495.0,124.32644679,9.80839427
P00733758VS-CW1,2023,river_structure,9895774.56,124.33084007,12.5357692
P00631073MN-CW1,2022,drainage,9602355.78,124.334711,8.003106
P00631074MN-CW1,2022,drainage,6720593.89,124.337642,8.005649
P00721813VS-CW1,2023,river_structure,48999999.81,124.338178,9.981192
P00721665MN-CW1,2023,river_structure,114640737.09,124.3435,7.985
P00549879VS-CW1,2021,slope_protection,96500000.0,124.8463889,10.13166667
P00820030MN-CW1,2024,river_structure,96500000.0,125.011852777777,8.30593611111111
P00721598VS-CW1,2023,river_structure,55361832.97,124.946459,11.338892
P00721667VS-CW1,2023,river_structure,48999999.44,124.568613,9.975489
P00733319VS-CW1,2023,river_structure,28900007.47,124.702763,10.901288
P00732038VS-CW1,2023,river_structure,4802990.4,124.347932,11.807997
P00721710VS-CW1,2023,river_structure,48899539.72,124.847453,11.410873
P00820419MN-CW1,2024,river_structure,44954629.65,124.572083,6.6463
P00721375MN-CW1,2023,river_structure,48771663.88,124.70333283,9.24521533
P00630572MN-CW1,2022,river_structure,39200000.0,125.013302,7.718672
P00732039VS-CW1,2023,river_structure,4946975.56,124.348914,11.776855
P00620062VS-CW1,2022,river_structure,48743543.85,124.9471,10.355247
P00820420MN-CW1,2024,river_structure,44953154.08,124.5724,6.655208
P00820250VS-CW1,2024,river_structure,48982964.54,124.848558,12.527972
P00630576MN-CW1,2022,river_structure,4702476.58,124.704597,9.14724
P00620415VS-CW1,2022,river_structure,24435006.02,125.013305,11.049832
P00631445LZ-CW1,2022,river_structure,19300000.0,124.349231,13.649954
P00820228VS-CW1,2024,river_structure,19403992.94,124.94716963,11.08241985
P00721391MN-CW1,2023,river_structure,24499823.52,124.84884,6.49556
P00620285MN-CW1,2022,river_structure,48999100.07,124.572889,6.651636
P00820256MN-CW1,2024,river_structure,120623720.02,125.01397,8.916838
P00733326VS-CW1,2023,river_structure,48606003.37,124.947307,11.32001
P00630667VS-CW1,2022,river_structure,4732669.5,124.3493,11.7774
P00836194MN-CW1,2024,river_structure,4949990.19,124.85039,6.32428
P00820921MN-CW1,2024,river_structure,47943654.07,124.5729044,6.651578611
P00820262MN-CW1,2024,river_structure,146125204.54,124.57595211,8.44726875
P00549893VS-CW1,2021,river_structure,33609332.12,124.948006,11.317633
P00734387MN-CW1,2023,river_structure,33611633.73,124.7055,8.472822
P00835877MN-CW1,2024,river_structure,9800000.0,124.3497,8.561
P00620187MN-CW1,2022,river_structure,29397132.27,124.8508333,6.50166667
P00727222LZ-CW1,2023,river_structure,48998497.98,124.350122777778,13.6516883333333
P00820239VS-CW1,2024,river_structure,4850996.77,124.577902,11.136831
P00620053VS-CW1,2022,river_structure,30407316.0,125.0141,11.129275
P00734020MN-CW1,2023,river_structure,9603918.56,124.7055,8.472822
P00832677VS-CW1,2024,drainage,9881420.87,124.9489083,11.19635
P00721972VS-CW1,2023,river_structure,49000000.0,124.8535361,10.13669722
P00634130MN-CW1,2022,drainage,9602479.28,124.352569,7.970865
P00721640MN-CW1,2023,river_structure,71255247.92,124.57861111,8.46055556
P00620414VS-CW1,2022,river_structure,24435002.77,125.015182,11.055894
P00721914VS-CW1,2023,river_structure,55285766.28,124.949298,11.319892
P00821079MN-CW1,2024,river_structure,47530417.08,124.705935,8.47134
P00620060VS-CW1,2022,river_structure,93928535.96,124.578777,12.184341
P00620279MN-CW1,2022,river_structure,46723426.11,124.949444,7.14205762
P00721814VS-CW1,2023,river_structure,19599984.54,124.35319,10.006099
P00620327VS-CW1,2022,river_structure,44099637.41,125.015254,11.50856
P00721269MN-CW1,2023,river_structure,47767418.63,124.70617392,7.75523538
P00620054VS-CW1,2022,river_structure,17369031.34,125.015633,11.127401
P00620329VS-CW1,2022,river_structure,48020000.0,124.9531589,11.0765003
P00620211VS-CW1,2022,river_structure,48610274.66,124.5791667,12.18694444
P00632046VS-CW1,2022,river_structure,24715027.7,124.8536111,10.13699722
P00633234VS-CW1,2022,river_structure,4945511.65,124.365929,11.636559
P00420371VS-CW1,2020,river_structure,94979372.12,125.015853160533,11.1208561514122
P00630663VS-CW1,2022,drainage,4945075.35,124.581036,11.569759
P00721611MN-CW1,2023,river_structure,47518988.99,124.7067,8.469817
P00835028VS-CW1,2024,river_structure,4934326.2,124.36606,12.5531
P00630485MN-CW1,2022,river_structure,56703295.7,124.5816778,8.508041667
P00733292VS-CW1,2023,river_structure,67549985.32,124.85371,10.13856
P00620225VS-CW1,2022,river_structure,48938901.35,124.8537194,10.13539167
P00732050VS-CW1,2023,river_structure,9899981.77,124.854078,10.147848
P00834622VS-CW1,2024,river_structure,96419743.33,124.953561,11.317459
P00821080MN-CW1,2024,river_structure,48699961.11,124.707324,8.467874
P00721615VS-CW1,2023,river_structure,65894529.87,125.015942,12.322728
P00631709VS-CW1,2022,slope_protection,96500000.0,124.953651388889,10.135166944444
P00820419VS-CW1,2024,river_structure,48947871.3,124.854179,11.980681
P00834617VS-CW1,2024,river_structure,96400000.0,124.707684,11.025621
P00721474MN-CW1,2023,river_structure,41854971.83,124.581856,6.619784
P00721543VS-CW1,2023,river_structure,78399988.26,124.367131666667,10.1498136111111
P00734378MN-CW1,2023,river_structure,77101733.66,124.854652,6.523376
P00820255MN-CW1,2024,river_structure,120623945.19,125.01684,8.92017
P00821064VS-CW1,2024,drainage,5433099.16,124.707742,10.898087
P00630484MN-CW1,2022,river_structure,53541974.18,124.5820111,8.510763889
P00620224VS-CW1,2022,river_structure,48700120.0,124.854703657328,10.158052805281
P00549892VS-CW1,2021,river_structure,34471633.72,124.955349,11.345552
P00721258MN-CW1,2023,river_structure,113079596.3,125.01701096,8.92023343
P00620135MN-CW1,2022,drainage,49000000.0,124.71406,9.25218
P00633026VS-CW1,2022,river_structure,4758246.25,124.582321,11.573123
P00820149MN-CW1,2024,drainage,19005665.26,124.71584333,9.249674666
P00820923MN-CW1,2024,river_structure,120624048.79,125.017228,6.252954
P00549882VS-CW1,2021,slope_protection,143625981.61,124.956078,11.291519
P00630217VS-CW1,2022,river_structure,48913198.93,124.36879,9.64971
P00821065VS-CW1,2024,river_structure,48940162.39,124.855726,10.138288
P00630486MN-CW1,2022,river_structure,62725000.0,124.582583,8.504336
P00633240VS-CW1,2022,river_structure,49499997.74,124.719444,10.8825
P00620029MN-CW1,2022,river_structure,126308189.93,125.01727,8.91994
P00732164MN-CW1,2023,river_structure,34299906.85,124.856308,6.522597
P00620734LZ-CW1,2022,river_structure,47332760.0,124.370593,13.678815
P00835022VS-CW1,2024,river_structure,19777562.05,124.719509,11.965054
P00734025MN-CW1,2023,river_structure,49000000.0,125.01737,8.920408
P00620284MN-CW1,2022,river_structure,48714938.9,124.582614,6.633108
P00721803VS-CW1,2023,river_structure,52879569.42,124.857017,12.108575
P00737574LZ-CW1,2023,river_structure,19800000.0,124.3708,13.66454
P00820890VS-CW1,2024,river_structure,41469137.1,124.9563416,11.172538
P00733991MN-CW1,2023,river_structure,47033116.57,124.720299,8.477228
P00721517MN-CW1,2023,river_structure,44679385.64,124.582783,6.616938
P00521576VS-CW1,2021,river_structure,94857069.67,125.018068134467,11.1093297980627
P00633245VS-CW1,2022,river_structure,19684401.73,124.37334,11.94593
P00549881VS-CW1,2021,slope_protection,144016391.69,124.957052,11.292453
P00630191VS-CW1,2022,slope_protection,76929652.14,124.58339,9.803525
P00620196VS-CW1,2022,river_structure,19599393.93,124.721305,10.882115
P00721597VS-CW1,2023,river_structure,55353184.87,124.957321,11.305008
P00834685VS-CW1,2024,river_structure,48989659.89,124.857569,12.528425
P00550569MN-CW1,2021,drainage,7470121.06,124.373357,7.969186
P00630190VS-CW1,2022,slope_protection,77199954.39,124.583612,9.803028
P00820138VS-CW1,2024,river_structure,61683587.9,125.018402,10.027896
P00732167MN-CW1,2023,river_structure,24499940.38,124.721943,6.493623
P00620200VS-CW1,2022,river_structure,48019930.67,124.957798,10.678287
P00733313VS-CW1,2023,river_structure,37443688.48,124.3774,11.40721
P00630670VS-CW1,2022,river_structure,4946008.05,124.584379,11.566118
P00821094MN-CW1,2024,river_structure,34298956.6,124.722,5.936816667
P00521577VS-CW1,2021,river_structure,94953700.39,125.018520656766,11.1004485784806
P00820262VS-CW1,2024,river_structure,49000000.0,124.857644,10.129917
P00732034VS-CW1,2023,river_structure,4817730.0,124.37801,11.62028
P00721911VS-CW1,2023,river_structure,52282484.62,124.957798,10.678287
P00833586MN-CW1,2024,drainage,19800000.0,124.584475,8.48522222
P00732484MN-CW1,2023,river_structure,9519432.69,124.7243,8.460236
P00521572VS-CW1,2021,river_structure,94857029.25,125.018889,11.113056
P00721606VS-CW1,2023,river_structure,84411723.69,124.857679,10.12938
P00820369VS-CW1,2024,river_structure,96450000.44,124.958525,11.08261389
P00620122MN-CW1,2022,river_structure,49000000.0,124.585,8.1505556
P00733289VS-CW1,2023,river_structure,96381079.66,124.958589,11.239429
P00821078MN-CW1,2024,river_structure,19206336.98,124.724389,8.460236
P00721616VS-CW1,2023,river_structure,110974526.01,124.958821,11.336268
P00820422MN-CW1,2024,river_structure,44893181.63,124.585,6.622222222
P00521573VS-CW1,2021,river_structure,95246996.07,125.018889,11.113333
P00832667VS-CW1,2024,river_structure,4850108.5,124.378119,11.620709
P00721614VS-CW1,2023,river_structure,50411055.55,124.85916,12.529798
P00633242VS-CW1,2022,river_structure,48412000.0,124.725,10.4356
P00733749VS-CW1,2023,river_structure,4875580.7,124.38248,11.694315
P00721314MN-CW1,2023,river_structure,50139871.77,124.960228,6.248011
P00731640VS-CW1,2023,river_structure,96299800.62,124.585002,11.124643
P00721368MN-CW1,2023,river_structure,10147900.0,125.019072,8.551748
P00820146MN-CW1,2024,river_structure,12250000.0,124.58566944,8.29041389
P00721912VS-CW1,2023,river_structure,52517168.88,124.960344,10.689755
P00820253VS-CW1,2024,river_structure,48919995.76,124.859728,12.529286
P00620735LZ-CW1,2022,river_structure,44098760.0,124.382945,13.711764
P00620239MN-CW1,2022,river_structure,109671284.99,124.72676,7.111394
P00420374VS-CW1,2020,river_structure,96499739.99,125.019107,11.113259
P00630688VS-CW1,2022,drainage,14550776.82,124.96035,11.252018
P00832666VS-CW1,2024,river_structure,9716102.55,124.585837,11.484014
P00835032VS-CW1,2024,river_structure,9782580.42,124.860552,10.199579
P00721793VS-CW1,2023,river_structure,106149990.87,124.960398,11.084646
P00620286MN-CW1,2022,river_structure,48968970.3,124.585969,6.621158
P00835806MN-CW1,2024,river_structure,52675000.0,124.730917,5.9332
P00632609MN-CW1,2022,drainage,4893595.87,124.3849,8.29218713
P00620067VS-CW1,2022,river_structure,85641231.29,125.019244,11.11317
P00721621MN-CW1,2023,river_structure,14673207.7,124.86387,6.48955
P00630245VS-CW1,2022,drainage,14402527.38,124.962289,11.250441
P00820421MN-CW1,2024,river_structure,43564921.74,124.58616,6.619272
P00620055VS-CW1,2022,river_structure,17154778.04,125.019268,11.126389
P00640586LZ-CW1,2022,river_structure,9799999.55,124.385343611111,13.7108822222222
P00630242VS-CW1,2022,slope_protection,19214439.87,124.865166,12.104223
P00721369MN-CW1,2023,river_structure,11760000.0,124.58678,8.289658
P00521575VS-CW1,2021,river_structure,94953612.4,125.019700285984,11.0971764016391
P00733751VS-CW1,2023,river_structure,4911827.07,124.386527,11.602429
P00734022MN-CW1,2023,river_structure,47527222.7,124.731915,9.24822216
P00732037VS-CW1,2023,river_structure,4825038.4,124.587528,11.478598
P00733317VS-CW1,2023,river_structure,48754993.65,124.38681,11.22237
P00834692VS-CW1,2024,river_structure,6849543.43,124.9642,11.2347
P00620186MN-CW1,2022,river_structure,39184361.82,124.87055556,6.495556
P00721263MN-CW1,2023,river_structure,7031955.0,124.587743,8.150883
P00820246VS-CW1,2024,drainage,9605575.48,124.386875,11.093326
P00721588VS-CW1,2023,river_structure,110970734.9,125.019764,11.624583
P00733327VS-CW1,2023,river_structure,48539779.74,124.965783,11.264015
P00820235VS-CW1,2024,river_structure,48754999.82,124.38767,11.22765
P00732094MN-CW1,2023,river_structure,28949945.96,124.87091,6.496947
P00820232VS-CW1,2024,river_structure,39099716.63,124.38797,11.17352
P00721268MN-CW1,2023,river_structure,89367869.51,124.73439672,8.48834108
P00721570VS-CW1,2023,river_structure,89542656.0,125.0198,11.09718
P00732095MN-CW1,2023,river_structure,28942551.32,124.871646,6.507892
P00620382MN-CW1,2022,river_structure,28118087.95,124.588189,8.470758
P00820247VS-CW1,2024,river_structure,6863307.29,124.737383,10.869391
P00620221VS-CW1,2022,river_structure,39197942.28,125.019915,11.466545
P00737573LZ-CW1,2023,river_structure,8118000.0,124.3897,13.87122
P00733764VS-CW1,2023,river_structure,4881237.85,124.8724715661,10.17779865
P00721915VS-CW1,2023,river_structure,55433308.96,124.965943,11.264099
P00620031MN-CW1,2022,river_structure,96500000.0,124.58827,8.15168
P00620125MN-CW1,2022,river_structure,49000000.0,124.7391667,7.7444444
P00620068VS-CW1,2022,river_structure,84334716.98,125.020055,11.111212
P00820368VS-CW1,2024,river_structure,96414342.2,124.96628,11.09149
P00620197VS-CW1,2022,river_structure,29399997.45,124.389729,11.078981
P00620123MN-CW1,2022,river_structure,37728091.79,124.5883333,8.15111111
P00522298MN-CW1,2021,river_structure,42600672.19,124.739323,7.744737
P00721567VS-CW1,2023,river_structure,113122740.59,125.022,11.10494
P00721239MN-CW1,2023,river_structure,183984802.2,124.740523,7.743252
P00620223VS-CW1,2022,river_structure,48999980.89,124.872783,10.177891
P00721713VS-CW1,2023,river_structure,48019993.25,124.38985,11.22767
P00620069VS-CW1,2022,river_structure,84652058.28,125.022006,11.110231
P00620459VS-CW1,2022,river_structure,95712057.88,124.967535,11.092713
P00721857VS-CW1,2023,river_structure,19572816.61,124.588656,12.070505
P00522299MN-CW1,2021,river_structure,42628073.21,124.740691,7.746339
P00522329MN-CW1,2021,river_structure,47654560.49,124.875452,6.952205
P00620417VS-CW1,2022,river_structure,48754987.6,124.39017,11.211132
P00721807VS-CW1,2023,river_structure,53013228.8,124.87685,11.97623
P00721590VS-CW1,2023,river_structure,110974893.6,125.022083,11.46614
P00522111MN-CW1,2021,river_structure,67550000.0,124.58888,6.58751
P00620330VS-CW1,2022,river_structure,48931747.46,124.877946,11.080513
P00631713VS-CW1,2022,river_structure,48019343.9,124.39017,11.21132
P00721311MN-CW1,2023,river_structure,53074049.88,124.9675806,6.313525
P00820285MN-CW1,2024,river_structure,96500000.0,124.7409222,8.691711111
P00820145MN-CW1,2024,river_structure,49000000.0,124.589101,8.288802
P00820410VS-CW1,2024,river_structure,48949180.01,124.877949,11.080646
P00820286MN-CW1,2024,river_structure,96500000.0,124.7410833,8.691077778
P00733316VS-CW1,2023,river_structure,48754995.16,124.39028,11.22784
P00620287MN-CW1,2022,river_structure,48833568.47,124.589442,6.792536
P00620413VS-CW1,2022,river_structure,24444842.56,124.8804444,11.19361944
P00620416VS-CW1,2022,river_structure,48019999.8,124.39054,11.22749
P00633027VS-CW1,2022,river_structure,48436562.36,124.741802,10.380662
P00620412VS-CW1,2022,river_structure,29350002.32,124.8804806,11.19335
P00820234VS-CW1,2024,river_structure,48899918.9,124.3909,11.21265
P00721264MN-CW1,2023,river_structure,12868659.67,125.02211,8.554293
P00620291MN-CW1,2022,river_structure,36720677.65,124.967761,6.648433
P00820417MN-CW1,2024,river_structure,44883889.43,124.589781,6.58875
P00820398MN-CW1,2024,river_structure,6860000.0,124.880955,8.376461
P00721584VS-CW1,2023,river_structure,50283641.39,124.741802,10.380662
P00820233VS-CW1,2024,river_structure,48899611.47,124.3909,11.21445
P00620066VS-CW1,2022,river_structure,58382391.64,125.022118,11.115844
P00549989VS-CW1,2021,river_structure,28664998.43,124.393006,11.216443
P00721796VS-CW1,2023,river_structure,63371976.78,124.96886,10.95079
P00631088MN-CW1,2022,drainage,4825876.1,124.393101,8.2753671
P00721794VS-CW1,2023,river_structure,55280408.9,124.881508,10.967488
P00631087MN-CW1,2022,drainage,4950000.0,124.393101,8.275367184
P00832679VS-CW1,2024,drainage,29656565.85,124.9694528,11.14328333
P00620158VS-CW1,2022,river_structure,23471039.25,124.59092,11.485933
P00731642VS-CW1,2023,river_structure,96362987.12,124.741874,10.879269
P00721609VS-CW1,2023,river_structure,90709209.85,125.02262,10.37103
P00721553VS-CW1,2023,river_structure,96499999.16,124.741944,10.879167
P00630680VS-CW1,2022,slope_protection,49473423.01,124.970278,11.253333
P00522300MN-CW1,2021,river_structure,42477952.0,124.742081,7.747646
P00737570LZ-CW1,2023,river_structure,9898760.0,124.3933,13.77989
P00630689VS-CW1,2022,drainage,8683212.11,125.022633,11.203769
P00721513MN-CW1,2023,river_structure,48840410.28,124.5909583,6.586197222
P00836183MN-CW1,2024,drainage,14850000.0,124.88306,8.99891
P00733306VS-CW1,2023,river_structure,19586246.51,124.393879,11.618373
P00549883VS-CW1,2021,slope_protection,95326942.74,124.970626,11.25233
P00721802VS-CW1,2023,river_structure,57382293.04,124.5911111,12.075
P00549987VS-CW1,2021,river_structure,19011989.81,124.394155,11.215374
P00620124MN-CW1,2022,river_structure,49000000.0,124.74222222,7.7233333
P00620283VS-CW1,2022,river_structure,96005970.72,125.023233,10.935583
P00631090MN-CW1,2022,drainage,3655608.55,124.394873,8.2625629
P00522255MN-CW1,2021,river_structure,29398635.49,124.97074,6.249643
P00721541MN-CW1,2023,river_structure,72375000.0,124.88487,8.993669
P00620284VS-CW1,2022,river_structure,97464803.92,124.970833,11.095139
P00620189VS-CW1,2022,river_structure,19599998.75,124.743833,10.858519
P00832678VS-CW1,2024,drainage,19779330.56,125.0239611,11.03653889
P00721635MN-CW1,2023,river_structure,96500000.0,124.5916666,8.47333333
P00820101MN-CW1,2024,river_structure,86849999.38,124.886425,6.945280556
P00832619VS-CW1,2024,river_structure,98900000.0,124.9740111,11.14047778
P00820911MN-CW1,2024,river_structure,77200000.0,125.02426,8.9017
P00733318VS-CW1,2023,river_structure,48849922.65,124.743833,10.858519
P00631091MN-CW1,2022,slope_protection,4691762.96,124.395008,8.2958711
P00821165VS-CW1,2024,river_structure,48957864.27,124.886587,12.144674
P00620233VS-CW1,2022,river_structure,48999998.5,125.025,10.432857
P00734377MN-CW1,2023,river_structure,75619408.99,124.743967,6.468574
P00522301MN-CW1,2021,river_structure,41781267.84,124.744262,7.747918
P00630627MN-CW1,2022,river_structure,35511954.62,124.591733,6.796112
P00632608MN-CW1,2022,drainage,4900433.19,124.3950087,8.2958711
P00832616VS-CW1,2024,river_structure,98919330.45,124.974185,11.132996
P00836184MN-CW1,2024,drainage,9897154.82,124.88795,8.99189
P00634422MN-CW1,2022,drainage,48998762.8,125.025556,6.2525
P00630625MN-CW1,2022,river_structure,48999998.25,124.8880556,6.4505556
P00630476MN-CW1,2022,river_structure,74899002.44,124.74430191,7.74914044
P00620195VS-CW1,2022,river_structure,29399996.87,124.59203,11.025464
P00721697VS-CW1,2023,river_structure,39156323.62,124.395305,11.578768
P00630589MN-CW1,2022,river_structure,19600000.0,125.025754,8.888485
P00620209VS-CW1,2022,river_structure,48876644.33,124.88888889,12.12555556
P00721372MN-CW1,2023,river_structure,16684500.0,124.744434,7.871483
P00620131MN-CW1,2022,river_structure,43224902.92,124.74457,9.10283
P00721612MN-CW1,2023,river_structure,46937543.46,124.74458099,9.10274916
P00630478MN-CW1,2022,river_structure,74142798.44,124.74467939,7.75487744
P00733290VS-CW1,2023,river_structure,115759997.57,124.974249,11.168666
P00620288MN-CW1,2022,river_structure,47675700.22,124.592522,6.583503
P00620056VS-CW1,2022,river_structure,82017181.14,125.02745681,11.20911981
P00620097MN-CW1,2022,river_structure,70866458.53,124.889722,6.4475
P00620410VS-CW1,2022,river_structure,3787170.76,124.592709,11.560148
P00721980VS-CW1,2023,river_structure,106099988.75,124.980134,11.096832
P00630477MN-CW1,2022,river_structure,74899470.65,124.7452139,7.75128573
P00721615MN-CW1,2023,river_structure,49000000.0,125.028418,8.718448
P00820399MN-CW1,2024,drainage,9505538.46,124.7458721,9.1060805
P00634966MN-CW1,2022,river_structure,19600000.0,125.028482,8.890921
P00721371MN-CW1,2023,river_structure,28919800.0,124.746215,7.872018
P00820223VS-CW1,2024,river_structure,9791565.03,124.395416,11.584179
P00721960VS-CW1,2023,river_structure,14694663.36,124.395661,11.619956
P00820020MN-CW1,2024,river_structure,70727334.57,124.7464342,7.872025532
P00630628MN-CW1,2022,river_structure,35747834.15,124.592929,6.798919
P00633210VS-CW1,2022,slope_protection,69299998.05,124.8903,10.219
P00721718VS-CW1,2023,river_structure,28171755.08,125.030158,12.33919
P00721981VS-CW1,2023,river_structure,106099996.39,124.980192,11.097624
P00820019MN-CW1,2024,river_structure,70821287.43,124.7465997,7.87353887
P00633236VS-CW1,2022,river_structure,29679661.26,124.890497,11.388852
P00820204MN-CW1,2024,river_structure,14644747.05,125.03084,6.066809
P00620094MN-CW1,2022,river_structure,43632913.5,124.593258,6.578639
P00630496MN-CW1,2022,river_structure,57900000.0,124.981583,7.569807
P00631086MN-CW1,2022,drainage,4687588.04,124.395918,8.290498
P00630479MN-CW1,2022,river_structure,77200000.0,124.74707798,7.75777142
P00732169MN-CW1,2023,river_structure,24442424.42,124.891745,6.445355
P00630590MN-CW1,2022,river_structure,19600000.0,125.032642,8.894862
P00820230VS-CW1,2024,river_structure,48754998.58,124.396343,11.213052
P00721547MN-CW1,2023,river_structure,77200000.0,124.7473583,8.556627778
P00620205VS-CW1,2022,river_structure,48273490.24,124.594659,12.371963
P00834676VS-CW1,2024,river_structure,23957986.34,124.397121,11.577843
P00732052VS-CW1,2023,drainage,4916992.38,124.981646,11.235553
P00821060VS-CW1,2024,river_structure,48974657.75,124.893145,11.191329
P00630591MN-CW1,2022,river_structure,19600000.0,125.032855,8.894712
P00630481MN-CW1,2022,river_structure,67648074.81,124.74817491,7.76318313
P00620187VS-CW1,2022,river_structure,48754999.65,124.397982,11.223758
P00522263MN-CW1,2021,river_structure,45250027.88,124.5982389,6.807669444
P00721703VS-CW1,2023,river_structure,48509603.99,124.981648,11.165497
P00721390MN-CW1,2023,river_structure,29400000.0,125.036695,7.096383
P00820252MN-CW1,2024,river_structure,95264800.0,124.748342,8.657564
P00620120MN-CW1,2022,river_structure,23520000.0,124.982441,7.772652
P00820183VS-CW1,2024,river_structure,39199915.31,124.398333,9.681944
P00630626MN-CW1,2022,river_structure,36122315.18,124.599075,6.805767
P00721963VS-CW1,2023,river_structure,48000157.14,124.893513,11.192164
P00836175MN-CW1,2024,river_structure,4950000.0,125.0392706,7.424055833
P00630480MN-CW1,2022,river_structure,96500000.0,124.74869942,7.7586342
P00732042VS-CW1,2023,river_structure,4793346.1,124.398678,11.59133
P00630629MN-CW1,2022,river_structure,37901489.13,124.599158,6.812067
P00620411VS-CW1,2022,river_structure,29350003.78,124.8961167,11.20480833
P00620116MN-CW1,2022,river_structure,23520000.0,125.03961,7.72439
P00721548MN-CW1,2023,river_structure,77200000.0,124.7490972,8.554511111
P00820197MN-CW1,2024,river_structure,48754903.39,125.041234,7.102226
P00745642VS-CW1,2023,river_structure,96284961.9,124.39958,9.67999
P00820254VS-CW1,2024,river_structure,48958664.15,124.896764,12.545858
P00630574MN-CW1,2022,river_structure,39200000.0,124.98259,7.773619
P00620290MN-CW1,2022,river_structure,48939622.32,124.599189,6.802239
P00620219VS-CW1,2022,river_structure,39198893.41,125.041378,11.679805
P00721248MN-CW1,2023,river_structure,139626672.98,124.750881,7.740234
P00834674VS-CW1,2024,river_structure,19595819.67,124.399813,11.574627
P00522262MN-CW1,2021,river_structure,45612941.4,124.5997083,6.802594444
P00620208VS-CW1,2022,river_structure,48998803.15,124.896975,12.545628
P00620127MN-CW1,2022,river_structure,18619950.53,124.75118,9.22594
P00820412MN-CW1,2024,river_structure,48755000.0,125.042035,6.920799
P00745644VS-CW1,2023,river_structure,96280926.01,124.40019,9.69441
P00820366VS-CW1,2024,river_structure,96440245.88,124.98345433,11.10966057
P00734385MN-CW1,2023,river_structure,24377496.18,124.6025,8.49888889
P00820378VS-CW1,2024,river_structure,57850536.76,124.898054,11.963591
P00820273MN-CW1,2024,river_structure,110634633.37,124.751567,8.495307
P00820413MN-CW1,2024,river_structure,48778642.42,125.042035,6.920799
P00820367VS-CW1,2024,river_structure,96399868.3,124.98345433,11.10966057
P00522065MN-CW1,2021,river_structure,26883199.83,124.60317369,8.48742442
P00721965VS-CW1,2023,river_structure,19402201.44,124.40261,11.23941
P00721968VS-CW1,2023,river_structure,28900234.74,124.751774,10.837305
P00642513VS-CW1,2022,river_structure,28948912.26,124.40672,9.709267
P00820102MN-CW1,2024,river_structure,96493871.31,125.043361,7.101255
P00620449VS-CW1,2022,river_structure,95455345.07,124.983792,11.105433
P00522266MN-CW1,2021,river_structure,45243240.79,124.6033111,6.816975
P00820128VS-CW1,2024,river_structure,96400000.0,124.752823,10.85151
P00721966VS-CW1,2023,river_structure,14433400.56,124.4078,11.21155
P00721572VS-CW1,2023,river_structure,55480232.43,124.75382,11.242525
P00721921VS-CW1,2023,river_structure,57899899.57,124.898056,11.785556
P00835779MN-CW1,2024,river_structure,96500000.0,125.04359494,8.87015473
P00721619VS-CW1,2023,river_structure,104982350.0,124.754367,10.373712
P00630593MN-CW1,2022,river_structure,48250000.0,124.4083861,8.597319444
P00521716VS-CW1,2021,river_structure,38643360.0,124.984762,10.770242
P00820922MN-CW1,2024,river_structure,48112936.13,124.6033558,6.544650528
P00820902MN-CW1,2024,river_structure,48250000.0,124.755405,8.26855
P00721855VS-CW1,2023,river_structure,48499177.4,124.987285,11.111633
P00721797VS-CW1,2023,river_structure,109863168.88,124.899465,10.972098
P00721543MN-CW1,2023,river_structure,53075000.0,124.7554861,8.513188889
P00721373MN-CW1,2023,river_structure,24500000.0,124.6036111,8.49916667
P00620276MN-CW1,2022,river_structure,48509973.26,125.045995,6.925624
P00733315VS-CW1,2023,river_structure,28958998.68,124.409101,11.217972
P00721542MN-CW1,2023,river_structure,96500000.0,124.7570139,8.513147222
P00620381MN-CW1,2022,river_structure,29399500.5,124.603693,8.498995
P00721909VS-CW1,2023,river_structure,48249095.67,124.98755,10.38538
P00820017MN-CW1,2024,river_structure,125450000.0,124.757825,8.511009
P00522296MN-CW1,2021,river_structure,73840576.7,124.60386448,8.49002959
P00721506MN-CW1,2023,river_structure,49000000.0,125.046041,6.925648
P00721581VS-CW1,2023,river_structure,52485867.5,124.988927,10.770466
P00620185VS-CW1,2022,river_structure,48998557.03,124.901597,10.961468
P00522067MN-CW1,2021,river_structure,28054126.43,124.604089,8.49083
P00820231VS-CW1,2024,river_structure,48558999.82,124.41067,11.16984
P00821076MN-CW1,2024,river_structure,9499999.99,124.758651,8.509416
P00820348VS-CW1,2024,river_structure,96019080.53,124.412282,9.713505
P00721720VS-CW1,2023,river_structure,19403506.94,125.047334,12.442335
P00620335VS-CW1,2022,river_structure,48999538.87,124.901702,10.961599
P00731696VS-CW1,2023,drainage,4849444.8,124.989903,11.205702
P00820018MN-CW1,2024,river_structure,125450000.0,124.760637,8.510783
P00620121MN-CW1,2022,river_structure,23520000.0,125.047802,7.869287
P00721610MN-CW1,2023,river_structure,49000000.0,124.6041666,8.49916667
P00732055MN-CW1,2023,river_structure,96500000.0,124.990585,8.291666
P00721585VS-CW1,2023,river_structure,3914636.25,124.760982,12.523058
P00721795VS-CW1,2023,river_structure,55486287.1,124.90201,10.960175
P00620240MN-CW1,2022,river_structure,70968904.86,125.048056,6.2275
P00732040VS-CW1,2023,drainage,4840465.0,124.413136,11.551972
P00522295MN-CW1,2021,river_structure,73261616.42,124.60450386,8.48473683
P00721415MN-CW1,2023,river_structure,282250640.7,124.761891,8.538704
P00835033VS-CW1,2024,river_structure,4892155.47,124.902588,10.185786
P00721246MN-CW1,2023,river_structure,52518810.52,125.0482,7.8543
P00620162VS-CW1,2022,river_structure,29397165.65,124.4133333,11.55833333
P00731682VS-CW1,2023,drainage,4885000.65,124.990977,11.184955
P00734376MN-CW1,2023,river_structure,74137420.79,124.604965,6.531424
P00835759MN-CW1,2024,river_structure,96500000.0,124.762898,8.509204
P00820334MN-CW1,2024,river_structure,96499999.99,125.048858,7.142317
P00832664VS-CW1,2024,river_structure,5807387.3,124.414715,11.569227
P00732053VS-CW1,2023,river_structure,4944375.0,124.993451,11.194395
P00522066MN-CW1,2021,river_structure,27213384.44,124.605155,8.485445
P00820122VS-CW1,2024,river_structure,57899999.79,124.764735,11.256339
P00820411MN-CW1,2024,river_structure,48996447.53,125.0491,7.141395
P00733311VS-CW1,2023,river_structure,48974200.0,124.902857,11.189853
P00632038VS-CW1,2022,river_structure,49005390.61,124.906703,11.360812
P00721700VS-CW1,2023,river_structure,29393468.65,124.41571,11.55785
P00721573VS-CW1,2023,river_structure,55209715.8,124.764742,11.256477
P00721504MN-CW1,2023,river_structure,48510000.0,125.049475,7.141395
P00721637MN-CW1,2023,river_structure,96499465.0,124.6055555,8.49861111
P00620032MN-CW1,2022,river_structure,95174796.84,125.050905,8.860906
P00733322VS-CW1,2023,river_structure,6853647.94,124.42092,12.52212
P00620118MN-CW1,2022,river_structure,23520000.0,124.994698,7.578733
P00835760MN-CW1,2024,river_structure,96500000.0,124.765026,8.510796
P00820252VS-CW1,2024,river_structure,48969801.32,124.906783,12.547678
P00721648MN-CW1,2023,river_structure,67360598.33,124.6057139,6.53537778
P00620220VS-CW1,2022,river_structure,19598254.88,125.051739,11.691944
P00721910VS-CW1,2023,river_structure,19299932.0,124.99484,10.415102
P00721545MN-CW1,2023,river_structure,77200000.0,124.7651833,8.630186111
P00620065VS-CW1,2022,river_structure,77199786.05,124.906792,12.544933
P00630575MN-CW1,2022,river_structure,39200000.0,125.0520947,7.530877
P00734412MN-CW1,2023,river_structure,9900000.0,124.60577,6.53536
P00732054VS-CW1,2023,river_structure,9714254.25,124.99499,11.214115
P00631089MN-CW1,2022,drainage,4660068.53,124.4228999,8.2814367
P00820287MN-CW1,2024,river_structure,96500000.0,124.7652,8.6302
P00632048VS-CW1,2022,river_structure,4936756.85,124.90835,10.12257
P00721247MN-CW1,2023,river_structure,53075000.0,125.0533,7.5315
P00820418MN-CW1,2024,river_structure,44944137.95,124.60601,6.540531
P00644459VS-CW1,2022,river_structure,28564526.52,124.425,11.5289
P00835766MN-CW1,2024,river_structure,96500000.0,124.7668667,8.630147222
P00820258VS-CW1,2024,river_structure,49000000.0,124.909182,10.391113
P00721367MN-CW1,2023,river_structure,29262806.08,125.0542,7.8635
P00820423MN-CW1,2024,river_structure,45229031.59,124.60601,6.539317
P00632042VS-CW1,2022,river_structure,4801994.29,124.42604,11.44917
P00732496MN-CW1,2023,slope_protection,19792020.81,124.99581767,5.87048333
P00620063VS-CW1,2022,river_structure,95520631.32,124.766926,10.48499
P00721539MN-CW1,2023,river_structure,72375000.0,124.911248,8.980152
P00620234VS-CW1,2022,river_structure,19599998.8,125.054421,10.295106
P00721511MN-CW1,2023,river_structure,49000000.0,124.6069444,6.52861111
P00734407MN-CW1,2023,drainage,49498514.75,124.996286,5.869685
P00620188VS-CW1,2022,river_structure,19599995.43,124.607239,11.020792
P00620222VS-CW1,2022,river_structure,49000000.0,124.914494,10.094283
P00731695VS-CW1,2023,drainage,9749397.76,124.996563,11.19985
P00634059VS-CW1,2022,river_structure,4801991.23,124.42604,11.44917
P00721546MN-CW1,2023,river_structure,77200000.0,124.7671194,8.630105556
P00721586VS-CW1,2023,river_structure,54377358.61,125.054437,12.405773
P00721471MN-CW1,2023,river_structure,106044862.4,124.608916,6.684953
P00721571VS-CW1,2023,river_structure,55482311.18,124.996977,10.881705
P00832670VS-CW1,2024,river_structure,6775427.7,124.427761,11.525613
P00835767MN-CW1,2024,river_structure,96500000.0,124.768925,8.630147222
P00721537MN-CW1,2023,river_structure,72375000.0,125.05611,8.851518
P00721473MN-CW1,2023,river_structure,110005802.7,124.609316,6.681266
P00733755VS-CW1,2023,river_structure,5934012.79,124.918064,11.184765
P00820916VS-CW1,2024,river_structure,23980324.5,124.428175,11.525724
P00633237VS-CW1,2022,river_structure,19778276.71,124.919312,11.352235
P00620349MN-CW1,2022,river_structure,47284715.1,124.7691,8.538158
P00820263VS-CW1,2024,river_structure,49000000.0,124.91953,10.382677
P00733702VS-CW1,2023,river_structure,78999999.76,124.42933,9.73891
P00721711VS-CW1,2023,river_structure,20194672.1,124.997122,11.16087
P00721719VS-CW1,2023,river_structure,19402210.15,125.056551,12.402352
P00833570MN-CW1,2024,river_structure,98999858.7,124.609471,6.00715
P00836179MN-CW1,2024,drainage,9900000.0,124.60958333,8.50382222
P00620215VS-CW1,2022,river_structure,39197894.48,125.058421,11.288249
P00721470MN-CW1,2023,river_structure,57899993.65,124.769435,6.242713
P00721707VS-CW1,2023,river_structure,48948975.79,124.919886,11.186051
P00820261VS-CW1,2024,river_structure,49000000.0,124.997853,10.147315
P00620198VS-CW1,2022,river_structure,19599997.66,124.431115,10.961367
P00721717VS-CW1,2023,river_structure,22089199.87,124.609605,11.025071
P00630482MN-CW1,2022,river_structure,62725000.0,124.769914,8.578547
P00820051MN-CW1,2024,river_structure,57900000.0,124.922272,7.795822
P00835002VS-CW1,2024,river_structure,39565619.24,124.431825,9.952012
P00620184VS-CW1,2022,river_structure,48307483.94,124.99837,10.88117
P00522264MN-CW1,2021,river_structure,45686809.57,124.6108083,6.837672222
P00721549MN-CW1,2023,river_structure,67550000.0,125.0585,8.8532
P00632037VS-CW1,2022,river_structure,49400027.77,124.9232518,11.2097754
P00721705VS-CW1,2023,river_structure,48491990.63,124.998711,11.040482
P00832668VS-CW1,2024,river_structure,4845187.5,124.432261,11.70296
P00620289MN-CW1,2022,river_structure,48879220.9,124.611647,6.854047
P00721454MN-CW1,2023,river_structure,72374996.63,125.060628,6.937552
P00820259VS-CW1,2024,river_structure,48934168.88,124.92449,10.373349
P00731697VS-CW1,2023,drainage,8920501.93,125.000511,11.237487
P00733735VS-CW1,2023,river_structure,49434062.86,124.43311,9.72311
P00632612MN-CW1,2022,river_structure,4898265.99,124.771389,7.516667
P00733986MN-CW1,2023,river_structure,72375000.0,124.771807,8.711928
P00820245VS-CW1,2024,river_structure,5821084.15,124.433611,11.0425
P00835778MN-CW1,2024,river_structure,96500000.0,125.063665,8.8522413
P00620281VS-CW1,2022,river_structure,95536997.78,125.001298,10.727372
P00630499MN-CW1,2022,river_structure,67550000.0,124.9255528,7.7917108
P00630631MN-CW1,2022,river_structure,36130907.87,124.611647,6.854047
P00820362VS-CW1,2024,river_structure,96499959.2,125.00149,10.732158
P00620033MN-CW1,2022,river_structure,74496866.33,125.063941,8.852257
P00721856VS-CW1,2023,river_structure,48950000.0,125.001734,11.143005
P00632043VS-CW1,2022,river_structure,4798557.51,124.43552,11.43268
P00620281MN-CW1,2022,river_structure,48252314.01,124.9270722,7.119497603
P00630630MN-CW1,2022,river_structure,35887489.97,124.612522,6.851825
P00630483MN-CW1,2022,river_structure,62725000.0,124.7719667,8.576627778
P00620214VS-CW1,2022,river_structure,29399393.89,125.065353,11.703228
P00632041VS-CW1,2022,river_structure,4851201.35,124.43566,11.43075
P00731693VS-CW1,2023,drainage,10672104.06,125.001926,11.247684
P00820897MN-CW1,2024,river_structure,72375000.0,124.61279722,8.38876389
P00620332VS-CW1,2022,river_structure,48999996.54,124.929266,11.068578
P00522059MN-CW1,2021,river_structure,80672953.52,124.773882,8.590244
P00630238VS-CW1,2022,river_structure,48698693.64,124.4441667,12.16416667
P00820371VS-CW1,2024,river_structure,96427104.08,125.001994,11.146346
P00835771MN-CW1,2024,river_structure,96500000.0,124.61281944,8.38846944
P00820205MN-CW1,2024,river_structure,15670474.94,124.77394,6.29851
P00620034MN-CW1,2022,river_structure,92833000.0,125.065789,8.849559
P00721854VS-CW1,2023,river_structure,48939239.49,125.002103,11.142351
P00733750VS-CW1,2023,river_structure,4821663.8,124.446246,11.52999
P00835772MN-CW1,2024,river_structure,72375000.0,124.61281944,8.38846944
P00620099MN-CW1,2022,river_structure,51590891.41,124.929594,7.121872
P00630490MN-CW1,2022,river_structure,67550000.0,124.7739611,8.590166667
P00620229VS-CW1,2022,river_structure,25003720.0,125.066348053514,10.278093157844
P00620328VS-CW1,2022,river_structure,48020000.0,125.0021261,11.1453833
P00522265MN-CW1,2021,river_structure,45049458.57,124.6132611,6.849363889
P00732041VS-CW1,2023,river_structure,4790143.2,124.446447,11.529818
P00721580VS-CW1,2023,river_structure,52329124.56,124.774891,10.349177
P00832223VS-CW1,2024,river_structure,164049999.39,125.002586,11.206471
P00721964VS-CW1,2023,river_structure,47988909.99,124.929805,11.204906
P00630682VS-CW1,2022,drainage,4900810.34,124.613454,12.50764
P00320211VS-CW1,2019,river_structure,227812286.37,125.066788,11.27882
P00630213VS-CW1,2022,river_structure,33272696.0,124.446543,10.002464
P00620421VS-CW1,2022,river_structure,33674274.99,125.002789,11.145304
P00835031VS-CW1,2024,drainage,9883728.36,124.930103,12.562792
P00721917VS-CW1,2023,river_structure,55021203.86,125.002803,11.252422
P00832665VS-CW1,2024,river_structure,4886183.75,124.446548,11.530549
P00630573MN-CW1,2022,river_structure,39200000.0,124.932571,7.47631
P00522056MN-CW1,2021,drainage,96179476.23,124.613667,8.519963
P00620236VS-CW1,2021,river_structure,48013198.2,125.004464,11.223451
P00620172VS-CW1,2022,river_structure,28108432.3,124.4475,11.490833
P00820907VS-CW1,2022,river_structure,96373321.44,124.614341,11.190785
P00620117MN-CW1,2024,river_structure,23520000.0,124.933073,7.475259
P00630240VS-CW1,2022,river_structure,48637574.32,124.617508,12.102333
P00733329VS-CW1,2023,river_structure,48603557.57,125.004516,11.223469
P00620165VS-CW1,2022,river_structure,19588846.94,124.448127,11.487753
P00721706VS-CW1,2023,river_structure,48965004.89,124.936957,11.208095
P00620278MN-CW1,2022,river_structure,48999217.01,125.068918,7.132771
P00721305MN-CW1,2023,river_structure,104667981.5,124.62,5.991944
P00620275MN-CW1,2022,river_structure,48510000.0,125.069345,7.133508
P00733314VS-CW1,2023,river_structure,14552997.72,124.44818,11.25329
P00620051VS-CW1,2022,river_structure,12920671.72,125.004911,11.153895
P00620334VS-CW1,2022,river_structure,48992529.6,124.937023,10.840641
P00721584MN-CW1,2023,river_structure,101285746.93,124.620114,5.98915
P00620052VS-CW1,2022,river_structure,24124097.61,125.004911,11.153895
P00721699VS-CW1,2023,river_structure,19581741.14,124.45373,11.495401
P00734019MN-CW1,2023,river_structure,29400000.0,124.937908,7.695397
P00820184MN-CW1,2024,river_structure,48755000.0,124.455153,7.305821
P00836177MN-CW1,2024,river_structure,4950000.0,125.0710281,7.736052778
P00721607VS-CW1,2023,river_structure,84354739.01,124.938164278864,10.080118989004
P00733293VS-CW1,2023,river_structure,96280895.96,125.005195,11.234229
P00721313MN-CW1,2023,river_structure,42634628.85,125.072579,6.20687
P00620333VS-CW1,2022,river_structure,48991275.51,124.939271,11.07803
P00820112MN-CW1,2024,river_structure,67016235.0,125.075952,7.131793
P00733330VS-CW1,2023,river_structure,48901822.33,125.006245,11.252345
P00721552VS-CW1,2023,river_structure,95674838.32,124.455421,10.891471
P00620331VS-CW1,2022,river_structure,48991679.56,124.939278,11.078045
P00620277MN-CW1,2022,river_structure,49000000.0,125.0777863,6.945929
P00620462VS-CW1,2022,river_structure,48999893.55,124.939472,11.077963
P00721962VS-CW1,2023,river_structure,48000822.54,124.939638,11.200407
P00721600VS-CW1,2023,river_structure,109883701.48,124.94,11.3032
P00633211VS-CW1,2022,slope_protection,69299998.43,124.9412,10.19816
P00734370MN-CW1,2023,river_structure,74250000.0,125.00682,8.91016
P00733754VS-CW1,2023,river_structure,4930818.93,125.006938,11.165256
P00835030VS-CW1,2024,river_structure,29300446.86,125.007967,12.565534
P00620057VS-CW1,2022,river_structure,37233087.6,125.00829,11.163767
P00620422VS-CW1,2022,river_structure,25725438.95,125.009318,11.137761
P00633897MN-CW1,2022,river_structure,96500000.0,125.52568,7.07476
P00631708VS-CW1,2022,slope_protection,96423465.57,125.078,9.917
P00833604MN-CW1,2024,drainage,4946981.51,125.52579,8.9437
P00630685VS-CW1,2022,river_structure,33812940.77,125.078755,12.505836
P00549880VS-CW1,2021,slope_protection,96500000.0,125.078889,9.92361111
P00633925MN-CW1,2022,river_structure,6860000.0,125.525938,7.074235
P00935912MN-CW1,2025,drainage,4939993.97,125.178912,6.114249
P00620322VS-CW1,2022,river_structure,48999959.35,125.389841,12.173089
P00620224MN-CW1,2022,river_structure,86842922.3,126.127147,7.416889
P00820414MN-CW1,2024,river_structure,48755000.0,125.07916,6.937931
P00630543MN-CW1,2022,river_structure,96499885.76,125.5264167,9.679461
P00721605VS-CW1,2023,river_structure,84374606.74,125.07924,9.92358
P00721540MN-CW1,2023,river_structure,72375000.0,125.18006,8.8874
P00620113MN-CW1,2022,river_structure,48955205.61,125.3932,7.69022
P00630533MN-CW1,2022,river_structure,139924995.62,125.528222,8.973861
P00620223MN-CW1,2022,river_structure,86849347.53,126.128336,7.470582
P00620218VS-CW1,2022,river_structure,22538367.58,125.081828,11.307816
P00721534MN-CW1,2023,river_structure,96499999.62,125.180769,8.065304
P00732050MN-CW1,2023,river_structure,96500000.0,125.394284,7.797018
P00721568MN-CW1,2023,river_structure,91673488.29,125.910311,7.101505
P00630547MN-CW1,2022,drainage,135099705.34,125.528794,8.944336
P00620056MN-CW1,2022,river_structure,68810185.0,125.529279,5.767601
P00630677VS-CW1,2022,river_structure,9899995.36,125.529668,11.439369
P00721326MN-CW1,2023,river_structure,120624592.94,125.5299333,9.321411111
P00721329MN-CW1,2023,drainage,192999993.05,125.5318167,8.9456667
P00630548MN-CW1,2022,drainage,135099965.54,125.53232,8.93653
P00835855MN-CW1,2024,river_structure,96482281.4,125.53278,8.96194
P00633910MN-CW1,2022,drainage,6860000.0,125.573762,7.04051
P00620191MN-CW1,2022,river_structure,26459992.51,125.6446111,8.673383333
P00820373MN-CW1,2024,river_structure,96499972.48,125.53294,9.15349
P00631106MN-CW1,2022,slope_protection,14839942.58,125.533045,6.452816
P00630349MN-CW1,2022,slope_protection,14695835.77,125.53339,6.453098
P00630540MN-CW1,2022,river_structure,115799995.11,125.533474,9.128375
P00721651MN-CW1,2023,river_structure,159223478.06,125.534225,9.154175
P00550529MN-CW1,2021,river_structure,86850000.0,125.534634,7.058829
P00835844MN-CW1,2024,river_structure,192999918.68,125.53712,9.12749
P00630542MN-CW1,2022,river_structure,106149994.91,125.537306,8.973266
P00630549MN-CW1,2022,drainage,154399819.56,125.537834,8.962132
P00620102MN-CW1,2022,river_structure,106149980.58,125.538057,9.15264
P00633894MN-CW1,2022,river_structure,86850000.0,125.53843,7.06848
P00633895MN-CW1,2022,river_structure,86850000.0,125.53843,7.06848
P00630648MN-CW1,2022,river_structure,48999990.04,125.53856,9.54061
P00633900MN-CW1,2022,river_structure,96500000.0,125.539932958778,7.06692161483333
P00620180VS-CW1,2022,river_structure,25249692.26,125.540254,11.24355
P00620257MN-CW1,2022,river_structure,96495931.27,125.54039,8.887806
P00821209MN-CW1,2024,river_structure,96499018.71,125.540455,9.109144
P00732103MN-CW1,2023,drainage,241249035.45,125.5405,8.9475
P00721328MN-CW1,2023,drainage,289499997.29,125.5405167,8.94768333
P00732105MN-CW1,2023,drainage,192999392.81,125.5407667,8.9509333
P00734012MN-CW1,2023,drainage,144749612.03,125.5408,8.95086667
P00633899MN-CW1,2022,river_structure,96500000.0,125.541375,7.064922
P00633918MN-CW1,2022,drainage,4899871.34,125.542584,7.081855
P00633916MN-CW1,2022,drainage,4899450.44,125.542789,7.081227
P00920380MN-CW1,2025,river_structure,96158174.5,125.543115,8.9394159
P00721324MN-CW1,2023,river_structure,144749974.57,125.5441056,9.258269444
P00721332MN-CW1,2023,drainage,144749954.88,125.5442,8.94728333
P00721337MN-CW1,2023,river_structure,144749968.11,125.54546,8.94951
P00522311MN-CW1,2021,river_structure,65369100.0,125.545676,7.061712
P00550520MN-CW1,2021,river_structure,88780000.0,125.545761,7.061323
P00721432MN-CW1,2023,river_structure,76042000.0,125.546144,7.060527
P00522313MN-CW1,2021,river_structure,64848000.0,125.546301,7.062844
P00734375MN-CW1,2023,river_structure,99000000.0,125.546466,7.062616
P00522312MN-CW1,2021,river_structure,65427000.0,125.546663,7.062608
P00522307MN-CW1,2021,river_structure,57900000.0,125.54851,7.063271
P00820125VS-CW1,2024,river_structure,77199970.5,125.5499472,11.40941111
P00633911MN-CW1,2022,drainage,9800000.0,125.550043,7.050614
P00721340MN-CW1,2023,river_structure,125449033.6,125.5505222,9.259402778
P00522306MN-CW1,2021,river_structure,67550000.0,125.551543,7.049778
P00620361MN-CW1,2022,river_structure,43425000.0,125.55213,7.05063
P00630536MN-CW1,2022,river_structure,139924798.89,125.553626,9.319549
P00721397MN-CW1,2023,river_structure,9795000.0,125.554444,10.254722
P00522122MN-CW1,2021,river_structure,96499998.05,125.554544,9.416814
P00620360MN-CW1,2022,river_structure,131775297.11,125.555031,7.048253
P00820212MN-CW1,2024,river_structure,14694455.68,125.55525,8.87067
P00721498MN-CW1,2023,river_structure,47576550.62,125.55580816,7.17708612
P00620101MN-CW1,2022,river_structure,77199989.47,125.555879,9.322951
P00721334MN-CW1,2023,river_structure,173699925.98,125.5561139,8.893852778
P00820208MN-CW1,2024,slope_protection,19599997.21,125.55653,9.356561
P00634124MN-CW1,2022,river_structure,98971642.71,125.558183,8.893641
P00620359MN-CW1,2022,river_structure,144744450.13,125.558669,7.047117
P00630564MN-CW1,2022,river_structure,96499999.47,125.560391,9.108824
P00821208MN-CW1,2024,river_structure,95534997.85,125.560661,9.108906
P00522309MN-CW1,2021,river_structure,96500000.0,125.561111,7.046261
P00820387MN-CW1,2024,river_structure,48249968.08,125.561476,9.23169
P00620365MN-CW1,2022,river_structure,96500000.0,125.561595,7.076978
P00721486MN-CW1,2023,river_structure,86847002.2,125.56161,8.98527
P00620364MN-CW1,2022,river_structure,96500000.0,125.561707,7.076963
P00522308MN-CW1,2021,river_structure,96500000.0,125.561735,7.046644
P00721281MN-CW1,2023,river_structure,86840559.07,125.561785,6.45686
P00620362MN-CW1,2022,river_structure,96500000.0,125.563303,7.076958
P00620363MN-CW1,2022,river_structure,96500000.0,125.563424,7.0769
P00633912MN-CW1,2022,drainage,9800000.0,125.563618,7.0987448
P00550537MN-CW1,2021,river_structure,94273146.01,125.56413,7.04864
P00633920MN-CW1,2022,drainage,6736112.96,125.56429,7.097771
P00550538MN-CW1,2021,river_structure,96500000.0,125.564822,7.045263
P00550536MN-CW1,2021,river_structure,96500000.0,125.565112,7.046104
P00550531MN-CW1,2021,river_structure,67329059.28,125.56512,7.054023
P00734395MN-CW1,2023,river_structure,99000000.0,125.565879,7.07782
P00620188MN-CW1,2022,river_structure,41985061.75,125.566007,9.216647
P00420010MN-CW1,2020,river_structure,86136865.0,125.56677,7.0608
P00734394MN-CW1,2023,river_structure,99000000.0,125.566944,7.078124
P00721577MN-CW1,2023,river_structure,96500000.0,125.566949,6.491817
P00444620MN-CW1,2020,river_structure,26055000.0,125.567435,7.060275
P00630650MN-CW1,2022,river_structure,48996788.08,125.5678028,9.594253
P00630641MN-CW1,2022,river_structure,48999966.7,125.56808,9.63016
P00444621MN-CW1,2020,river_structure,38600000.0,125.568644,7.060065
P00721431MN-CW1,2023,river_structure,94500000.0,125.568797,7.072525
P00550535MN-CW1,2021,river_structure,87573750.0,125.569071,7.062717
P00820127MN-CW1,2024,river_structure,72374922.41,125.56942,10.006686
P00821097MN-CW1,2024,river_structure,24418718.81,125.569712,9.454474
P00721428MN-CW1,2023,river_structure,188175000.0,125.569844,7.067658
P00721430MN-CW1,2023,river_structure,94500000.0,125.56992,7.070818
P00620358MN-CW1,2022,river_structure,72375000.0,125.570269,7.071097
P00630643MN-CW1,2022,river_structure,48999671.93,125.57028,9.59421
P00631115MN-CW1,2022,river_structure,4946614.79,125.5703639,10.01009167
P00620256MN-CW1,2022,river_structure,97321479.64,125.570642,8.779509
P00550534MN-CW1,2021,river_structure,85306000.0,125.570941,7.068029
P00420401MN-CW1,2020,river_structure,67550000.0,125.57102,7.26229
P00620077MN-CW1,2022,river_structure,75270000.0,125.572192,7.071783
P00522126MN-CW1,2021,river_structure,96499728.2,125.573086,8.776698
P00820415MN-CW1,2024,river_structure,48755000.0,125.081866,6.938328
P00732049VS-CW1,2023,river_structure,19456364.68,125.183611,11.208333
P00630766MN-CW1,2022,river_structure,67549897.37,125.918212,7.80907
P00820386MN-CW1,2024,river_structure,67324492.17,125.398856,8.927217
P00721289MN-CW1,2023,river_structure,39200000.0,126.1365861,6.677858333
P00721413MN-CW1,2023,river_structure,184139315.37,125.188094,7.965886
P00620237MN-CW1,2022,river_structure,67550000.0,125.083444,7.128455
P00550463MN-CW1,2021,drainage,8818897.77,125.920741,7.509496
P00630602MN-CW1,2022,drainage,9800000.0,125.644625,7.099586
P00734035MN-CW1,2023,river_structure,29057806.81,125.574659,9.452495
P00644823MN-CW1,2022,river_structure,48250000.0,125.398857,6.598815
P00721344MN-CW1,2023,river_structure,96498619.17,125.399812,8.971045
P00732488MN-CW1,2023,river_structure,4950000.0,125.401295,6.603991
P00820124MN-CW1,2024,river_structure,48229136.27,125.401356,8.924918
P00721345MN-CW1,2023,river_structure,96499998.2,125.402685,8.925049
P00746151MN-CW1,2023,river_structure,144749996.59,125.40463,9.6106
P00721303MN-CW1,2023,river_structure,77186230.46,125.40468,6.10943
P00746150MN-CW1,2023,river_structure,144749996.81,125.40503,9.610578
P00820201MN-CW1,2024,river_structure,29385001.95,125.41034,6.01658
P00522202MN-CW1,2021,river_structure,29399992.54,125.41142,6.84382
P00721279MN-CW1,2023,river_structure,62725000.0,125.41151,6.835302
P00821203MN-CW1,2024,river_structure,96486681.01,125.412863,8.969768
P00630594MN-CW1,2022,drainage,9671178.66,125.413022,7.064066
P00746154MN-CW1,2023,river_structure,144749721.86,125.41312,9.57809
P00732044VS-CW1,2023,drainage,9899996.18,125.413465,11.905656
P00630636MN-CW1,2022,river_structure,19419790.5,125.41828,9.56741
P00630141MN-CW1,2022,river_structure,125449709.07,125.418549,8.884138
P00836200MN-CW1,2024,river_structure,98999840.66,125.4190278,9.615777778
P00630678VS-CW1,2022,river_structure,4949994.6,125.419183,11.503365
P00746153MN-CW1,2023,river_structure,144749283.63,125.41962,9.56822
P00734002MN-CW1,2023,river_structure,96499988.91,125.42303,9.56897
P00630632MN-CW1,2022,river_structure,39199647.2,125.42721,9.7748
P00721341MN-CW1,2023,river_structure,154399963.32,125.42783,9.54217
P00620324VS-CW1,2022,river_structure,48999985.68,125.432857,12.1761175
P00732043VS-CW1,2023,river_structure,19799999.97,125.438101,11.60504
P00620183VS-CW1,2022,drainage,4896620.89,125.4388889,11.62055556
P00620175VS-CW1,2022,river_structure,19599967.51,125.440608,12.18621
P00620181VS-CW1,2022,river_structure,48999992.98,125.442116,11.598315
P00733753VS-CW1,2023,river_structure,14849999.91,125.4427778,12.03194444
P00630607MN-CW1,2022,river_structure,49000000.0,125.4517968,6.87831193
P00721384MN-CW1,2023,other,24301419.01,125.45179759,7.21105888
P00620176VS-CW1,2022,river_structure,48999993.8,125.4547222,11.58583333
P00820296MN-CW1,2024,river_structure,86513783.34,125.4599,7.178131
P00620326VS-CW1,2022,river_structure,19599983.4,125.460365,11.541145
P00721496MN-CW1,2023,river_structure,47696875.08,125.46213522,7.17626606
P00620058MN-CW1,2022,river_structure,96500000.0,125.465122,6.367545
P00620059MN-CW1,2022,river_structure,96500000.0,125.465139,6.367373
P00620060MN-CW1,2022,river_structure,96500000.0,125.465231,6.367581
P00721282MN-CW1,2023,river_structure,77189371.31,125.466233,6.494794
P00620064MN-CW1,2022,river_structure,96500000.0,125.467281,6.476361
P00820410MN-CW1,2024,river_structure,48866414.37,125.470721,7.154383
P00620065MN-CW1,2022,river_structure,50632025.64,125.47073,7.178046
P00630503MN-CW1,2022,river_structure,93749272.96,125.470915,7.166633
P00630649MN-CW1,2022,river_structure,48997260.67,125.47439,9.48503
P00630637MN-CW1,2022,river_structure,48999839.78,125.47586,9.55394
P00721578MN-CW1,2023,river_structure,96489010.67,125.478551,6.537691
P00820369MN-CW1,2024,river_structure,96499986.9,125.479165,9.778365
P00721330MN-CW1,2023,drainage,289499999.79,125.4794,8.9464333
P00721497MN-CW1,2023,river_structure,47647054.64,125.47989695,7.13423402
P00630516MN-CW1,2022,river_structure,95525289.12,125.47994,7.122164
P00721588MN-CW1,2023,river_structure,96472570.51,125.4801,9.768875
P00820114MN-CW1,2024,river_structure,96499949.84,125.48056,9.783068
P00721587MN-CW1,2023,river_structure,96494216.75,125.480839,9.767755
P00820929MN-CW1,2024,river_structure,98400007.99,125.48117,8.99778
P00721652MN-CW1,2023,river_structure,192999869.59,125.482941,9.741355
P00821205MN-CW1,2024,river_structure,110974983.06,125.48302,9.7417
P00630512MN-CW1,2022,river_structure,93355006.08,125.484758,7.00311
P00721274MN-CW1,2023,river_structure,71928738.54,125.48634285,7.0876607
P00820916MN-CW1,2024,river_structure,68509429.13,125.486343,7.087661
P00620061MN-CW1,2022,river_structure,96489997.96,125.486457,6.535014
P00620263MN-CW1,2022,river_structure,47532139.96,125.486815,7.04312
P00835820MN-CW1,2024,river_structure,192999989.16,125.48716,8.93187
P00721336MN-CW1,2023,river_structure,144749992.52,125.48749,8.98405
P00820292MN-CW1,2024,river_structure,67547960.92,125.48932,6.987462
P00820291MN-CW1,2024,river_structure,67779661.61,125.48951,7.015323
P00630525MN-CW1,2022,river_structure,86576807.55,125.490329,7.108774
P00835891MN-CW1,2024,river_structure,29104565.61,125.491224,9.650463
P00630600MN-CW1,2022,drainage,19299981.53,125.491862,7.105458
P00733995MN-CW1,2023,river_structure,96488648.31,125.492946,6.408479
P00835857MN-CW1,2024,river_structure,192999520.47,125.49474,8.94835
P00630595MN-CW1,2022,drainage,9505381.79,125.495581,6.99498
P00634125MN-CW1,2022,river_structure,48503241.04,125.4980167,9.7252694
P00631096MN-CW1,2022,drainage,29595077.47,125.498799,7.108816
P00835856MN-CW1,2024,river_structure,192998943.58,125.49988,8.94314
P00630545MN-CW1,2022,river_structure,96500000.0,125.5004,9.72514
P00633919MN-CW1,2022,drainage,9800000.0,125.501238,7.042688
P00633929MN-CW1,2022,drainage,9652199.8,125.501754,7.04792
P00630546MN-CW1,2022,river_structure,86849199.88,125.5035,9.703031
P00721489MN-CW1,2023,river_structure,96499997.47,125.504263,9.71827
P00630551MN-CW1,2022,drainage,67343386.21,125.50534,8.943961
P00820290MN-CW1,2024,river_structure,86845020.11,125.50758,7.229228
P00721590MN-CW1,2023,river_structure,48249999.19,125.511797,9.029545
P00630675VS-CW1,2022,drainage,4949999.85,125.512108,11.087791
P00630550MN-CW1,2022,drainage,86589691.07,125.51255,8.9439
P00721433MN-CW1,2023,river_structure,96498666.24,125.5132384,7.21252564
P00620255MN-CW1,2022,river_structure,54529499.96,125.51356,9.53586
P00630502MN-CW1,2022,river_structure,96498186.61,125.514212,7.212537
P00550553MN-CW1,2021,drainage,9800000.0,125.514861,7.057827
P00721331MN-CW1,2023,drainage,289499996.35,125.5152167,8.94253333
P00620059VS-CW1,2022,river_structure,57900000.0,125.515761,11.153573
P00630544MN-CW1,2022,river_structure,86849971.99,125.51795,9.68061
P00620351MN-CW1,2022,river_structure,48999998.08,125.518747,9.016529
P00721579MN-CW1,2023,river_structure,96475000.01,125.519097,6.345947
P00550521MN-CW1,2021,river_structure,56738426.26,125.520676,7.048832
P00633917MN-CW1,2022,drainage,29400000.0,125.52193,7.071735
P00633908MN-CW1,2022,drainage,29400000.0,125.522072,7.076596
P00721490MN-CW1,2023,river_structure,115799955.49,125.523,9.67981
P00633924MN-CW1,2022,river_structure,13719527.94,125.523962,7.05674
P00522332MN-CW1,2021,river_structure,109044995.06,125.524762,9.678765
P00721327MN-CW1,2023,river_structure,144749999.69,125.525141,8.927516
P00721653MN-CW1,2023,river_structure,53074985.79,125.525245,8.976649
P00630647MN-CW1,2022,river_structure,48467977.5,125.52567,9.66187
P00633896MN-CW1,2022,river_structure,96500000.0,125.52568,7.07476
P00721505MN-CW1,2023,river_structure,49000000.0,125.083943,7.12963
P00734420MN-CW1,2023,river_structure,49399902.5,125.921238,9.651782
P00620264MN-CW1,2022,river_structure,48999342.16,126.13861,7.381068
P00522365MN-CW1,2021,river_structure,49000000.0,125.088915,6.945359
P00620296MN-CW1,2022,river_structure,45079964.27,125.926366,8.638879
P00734037MN-CW1,2023,river_structure,29388645.37,125.575156,10.003137
P00634967MN-CW1,2022,drainage,9800000.0,125.644678,7.231507
P00733989MN-CW1,2023,river_structure,96500000.0,125.188518,8.083632
P00820364MN-CW1,2024,river_structure,77199943.13,125.6447139,8.673394444
P00620217VS-CW1,2022,river_structure,38024021.38,125.092082,11.29437
P00631100MN-CW1,2022,drainage,5445000.0,125.575348,7.160499
P00634136MN-CW1,2022,river_structure,6859984.22,125.929686,7.562241
P00721292MN-CW1,2023,river_structure,96500000.0,125.6456,7.2578
P00721617MN-CW1,2023,river_structure,41642463.58,126.140798,7.571668
P00630559MN-CW1,2022,river_structure,95534810.12,125.57595,10.36096
P00721412MN-CW1,2023,river_structure,183887563.22,125.193842,7.965738
P00835879MN-CW1,2024,river_structure,48999885.55,125.93121,7.56183
P00522341MN-CW1,2021,river_structure,45835692.71,125.093907,7.898765
P00634152MN-CW1,2022,river_structure,9899347.33,125.57808,9.48378
P00721618MN-CW1,2023,river_structure,48997610.2,126.141779,7.33666
P00522191MN-CW1,2021,river_structure,24500000.0,125.64718,7.257163
P00620169MN-CW1,2022,river_structure,48999953.58,125.935011,7.574438
P00630498MN-CW1,2022,river_structure,67550000.0,125.19727,7.589762
P00642637MN-CW1,2022,river_structure,120619605.84,125.57828,9.48506
P00734401MN-CW1,2023,river_structure,19268153.77,125.64916,7.46258
P00734011MN-CW1,2023,river_structure,77189906.96,126.142731,9.824902
P00550515MN-CW1,2021,drainage,39193358.97,125.197309,6.128585
P00620192MN-CW1,2022,river_structure,11759986.07,125.945351,8.556237
P00721333MN-CW1,2023,river_structure,144749994.65,125.57851,8.94889
P00620079MN-CW1,2022,river_structure,67550000.0,125.652387,7.151458
P00620028MN-CW1,2022,river_structure,94563372.94,125.09415,8.823659
P00620226VS-CW1,2022,river_structure,49000000.0,125.201046,10.382748
P00721484MN-CW1,2023,river_structure,96498838.04,125.9484139,8.637658333
P00620180MN-CW1,2022,river_structure,19600000.0,126.14413,6.46135
P00721420MN-CW1,2023,river_structure,48250000.0,125.09493,7.903618
P00630634MN-CW1,2022,river_structure,48510346.88,125.653926,9.590428
P00630552MN-CW1,2022,river_structure,82014385.81,125.579472,9.549556
P00820015MN-CW1,2024,river_structure,86852678.85,125.2041,9.0039
P00630608MN-CW1,2022,slope_protection,14695699.85,125.580288,6.481736
P00721414MN-CW1,2023,river_structure,178780664.03,125.095147,7.89507
P00620106MN-CW1,2022,river_structure,96499842.72,125.654539,8.659581
P00620265MN-CW1,2022,river_structure,48995984.83,126.144625,7.368287
P00634140MN-CW1,2022,drainage,4942646.4,125.2103,5.818863889
P00620293MN-CW1,2022,river_structure,45079878.7,125.948708,8.637447
P00721395MN-CW1,2023,river_structure,1958638.87,125.58083,10.28722
P00746138MN-CW1,2023,slope_protection,15439540.08,126.15294,8.98387
P00522061MN-CW1,2021,river_structure,114591423.94,125.096744,7.91936
P00630635MN-CW1,2022,river_structure,48506718.4,125.58095,9.69801
P00631118MN-CW1,2022,river_structure,6855886.45,125.65491,9.71304
P00835862MN-CW1,2024,river_structure,49000000.0,125.2130278,7.999927778
P00732101MN-CW1,2023,river_structure,106149995.47,125.9516472,9.372011111
P00630522MN-CW1,2022,river_structure,67550000.0,125.2143819,6.70373489
P00630645MN-CW1,2022,river_structure,39180150.39,125.581,9.477
P00721245MN-CW1,2023,river_structure,117572812.22,125.097674,7.892888
P00820360MN-CW1,2024,river_structure,77199999.77,125.9557472,8.06825556
P00522192MN-CW1,2021,river_structure,24500000.0,125.655531,7.115659
P00833598MN-CW1,2024,drainage,4948990.26,125.218193,6.123228
P00721662MN-CW1,2023,river_structure,48999797.35,126.153607,8.958418
P00522070MN-CW1,2021,river_structure,61533022.77,125.098023,7.88823
P00821211MN-CW1,2024,river_structure,96499972.45,125.96034,8.08444
P00550455MN-CW1,2021,drainage,51483191.93,126.15555,9.78592
P00550526MN-CW1,2021,river_structure,96500000.0,125.655611,7.151779
P00630521MN-CW1,2022,river_structure,67550000.0,125.2201971,6.72252998
P00820023MN-CW1,2024,river_structure,42472153.73,125.098088,7.89228
P00820120MN-CW1,2024,river_structure,96497405.32,125.581481,8.948337
P00721485MN-CW1,2023,river_structure,106149968.38,125.9606028,8.07974444
P00820388MN-CW1,2024,river_structure,67550000.0,126.1556722,8.017338889
P00721479MN-CW1,2023,river_structure,106149732.47,125.9606028,8.07974444
P00549878VS-CW1,2021,slope_protection,96500000.0,125.22275543,10.09519291
P00630597MN-CW1,2022,drainage,9800000.0,125.581825,7.129446
P00634129MN-CW1,2022,river_structure,140591611.95,125.098153,7.918611
P00820389MN-CW1,2024,river_structure,77200000.0,126.155675,8.018797222
P00550554MN-CW1,2021,river_structure,49000000.0,125.657252,7.114217
P00820359MN-CW1,2024,river_structure,173699867.88,125.961875,8.08150555555556
P00550539MN-CW1,2021,drainage,57900000.0,125.657324,7.114349
P00721519MN-CW1,2023,river_structure,49000000.0,126.15649,8.01896
P00734417MN-CW1,2023,river_structure,48999999.42,125.9704,8.51063
P00721561MN-CW1,2023,river_structure,65957750.0,125.098293,8.82716
P00734003MN-CW1,2023,river_structure,96499662.25,125.581834,9.692559
P00620407VS-CW1,2022,slope_protection,96500000.0,125.224,9.968
P00732070MN-CW1,2023,river_structure,85053656.01,126.15885268,7.15778304
P00833295MN-CW1,2024,river_structure,192999994.39,125.6580361111,9.0119111111
P00620268MN-CW1,2022,river_structure,48999917.26,125.970565,7.373778
P00721488MN-CW1,2023,river_structure,113869975.03,125.658375,9.01265
P00721342MN-CW1,2023,river_structure,95431916.75,125.581842,8.728675
P00721304MN-CW1,2023,river_structure,96499427.78,125.227778,5.824167
P00820026MN-CW1,2024,river_structure,66097734.85,125.098392,7.891293
P00744978MN-CW1,2023,river_structure,92057573.39,126.159167,8.99267
P00620161MN-CW1,2022,river_structure,43424990.3,125.098427,8.818235
P00721346MN-CW1,2023,river_structure,96499990.36,125.581862,8.742804
P00836162MN-CW1,2024,river_structure,49499999.46,125.9709111,8.511405556
P00634141MN-CW1,2022,river_structure,4947996.36,125.23036,5.88971
P00630653MN-CW1,2022,river_structure,4436701.22,126.164722,9.135556
P00620057MN-CW1,2022,river_structure,96500000.0,125.65931,5.961665
P00820141MN-CW1,2024,river_structure,9800000.0,125.098525,8.005203
P00734418MN-CW1,2023,river_structure,48999991.43,125.97138,8.51144
P00721487MN-CW1,2023,river_structure,113869997.24,125.65978,9.01175
P00734005MN-CW1,2023,river_structure,96499979.92,126.166111,9.0025
P00733990MN-CW1,2023,river_structure,96500000.0,125.233785,7.971739
P00620215MN-CW1,2022,river_structure,137151056.34,125.09978179,7.89138534
P00721343MN-CW1,2023,river_structure,96499985.03,125.581872,8.728175
P00620228MN-CW1,2022,river_structure,77199984.81,125.974408,7.395046
P00644473MN-CW1,2022,river_structure,154399877.5,125.66216,9.01175
P00631108MN-CW1,2022,drainage,4914570.5,125.234444,6.207222
P00820344MN-CW1,2024,river_structure,96017492.67,125.101966,7.122604
P00833287MN-CW1,2024,river_structure,48249996.91,125.667116,7.275939
P00630530MN-CW1,2022,river_structure,91629683.47,125.235,6.207778
P00630640MN-CW1,2022,river_structure,48997779.87,125.58239,9.50214
P00522271MN-CW1,2021,river_structure,49000000.0,125.97638,8.50877
P00620080MN-CW1,2022,river_structure,57898840.84,125.97644,7.608244
P00620253MN-CW1,2022,river_structure,86849919.38,126.167777,9.003055
P00620230MN-CW1,2022,river_structure,77199830.31,125.978576,7.387718
P00630656MN-CW1,2022,river_structure,9779099.12,126.1733,9.1444
P00634142MN-CW1,2022,river_structure,4844775.59,125.23626,5.84195
P00734419MN-CW1,2023,drainage,4950000.0,125.98031,8.50674
P00630658MN-CW1,2022,river_structure,4540872.44,126.1733,9.2411
P00734001MN-CW1,2023,river_structure,4811448.34,125.66978,8.74356
P00820376MN-CW1,2024,river_structure,137272357.59,125.58247,8.7596083
P00630236VS-CW1,2022,river_structure,48917835.03,125.236432,12.365569
P00721366MN-CW1,2023,river_structure,49000000.0,125.103123,7.943885
P00734027MN-CW1,2023,drainage,14700000.0,125.992719,7.394146
P00620234MN-CW1,2022,river_structure,96417657.68,125.671552,7.63991
P00522371MN-CW1,2021,river_structure,45389626.18,125.237423,6.205003
P00630571MN-CW1,2022,river_structure,24500000.0,125.105991850596,8.28858669522991
P00721460MN-CW1,2023,river_structure,51143542.75,125.107489,6.084358
P00630644MN-CW1,2022,river_structure,48492094.22,125.58272,9.47456
P00620229MN-CW1,2022,river_structure,86849797.88,125.997115,7.729638
P00630606MN-CW1,2022,river_structure,49000000.0,125.671856,7.401242
P00630237VS-CW1,2022,river_structure,48509900.0,125.237464,12.364318
P00721463MN-CW1,2023,river_structure,51144987.94,125.240915,6.113588
P00835802MN-CW1,2024,river_structure,96445530.38,125.24277,6.11459
P00620090MN-CW1,2022,river_structure,96464665.61,125.24617,6.3087
P00633926MN-CW1,2022,drainage,28517829.2,125.583201,7.085261
P00630604MN-CW1,2022,river_structure,49000000.0,125.672058,7.400861
P00721439MN-CW1,2023,river_structure,57896600.0,125.997216,7.731912
P00630652MN-CW1,2022,river_structure,6011284.2,126.173333,9.241111
P00620166MN-CW1,2022,river_structure,49000000.0,125.672077,7.253267
P00721350MN-CW1,2023,river_structure,109044905.44,125.9983,9.257261
P00835814MN-CW1,2024,river_structure,48249389.19,126.178006,9.163349
P00734406MN-CW1,2023,river_structure,49499127.67,125.24784,6.11445
P00620119MN-CW1,2022,river_structure,23519362.67,125.110442,7.609673
P00630657MN-CW1,2022,river_structure,15288477.5,126.178845,9.16285
P00721465MN-CW1,2023,river_structure,51144998.16,125.110575,6.130222
P00820099MN-CW1,2024,river_structure,96499688.84,125.2499167,6.11745
P00620063MN-CW1,2022,river_structure,96500000.0,125.674921,6.206997
P00620368MN-CW1,2022,river_structure,19599088.71,125.998555,7.245585
P00721349MN-CW1,2023,river_structure,109044970.04,126.0015,9.265886
P00620269MN-CW1,2022,river_structure,48999898.13,126.003389,7.709119
P00721338MN-CW1,2023,river_structure,144749601.35,126.0050417,8.373791667
P00721335MN-CW1,2023,river_structure,144749857.09,125.583881,8.948517
P00721437MN-CW1,2023,river_structure,77177147.0,125.678388,7.500424
P00721277MN-CW1,2023,river_structure,57898265.04,126.005119,7.692871
P00620091MN-CW1,2022,river_structure,96408812.01,125.250158,6.11455
P00630638MN-CW1,2022,river_structure,48508680.35,125.583892,9.693744
P00630529MN-CW1,2022,river_structure,88424895.91,125.111111,6.129722
P00833568MN-CW1,2024,drainage,4949927.64,125.6804,7.2927
P00522135MN-CW1,2021,river_structure,77199953.75,126.188748,9.074025
P00620347MN-CW1,2022,river_structure,57899988.14,126.0061194,8.373033333
P00620105MN-CW1,2022,river_structure,101324948.61,126.191108,9.077483
P00820069MN-CW1,2024,river_structure,116555947.64,125.6812691,6.16084727
P00630497MN-CW1,2022,river_structure,67550000.0,125.111256,7.703149
P00721396MN-CW1,2023,river_structure,4897988.93,125.584166,10.291388
P00721278MN-CW1,2023,river_structure,67549999.8,126.006511,7.686491
P00820173MN-CW1,2024,river_structure,14700000.0,125.26362535,6.67420514
P00634139MN-CW1,2022,river_structure,49490002.98,125.682038939959,6.08650810690809
P00522133MN-CW1,2021,river_structure,72293424.04,126.1948,9.07871
P00633927MN-CW1,2022,drainage,6860000.0,125.585088,7.089664
P00721536MN-CW1,2023,river_structure,72375000.0,125.11354,8.826563
P00630767MN-CW1,2022,river_structure,39199816.62,126.007268,7.684536
P00721280MN-CW1,2023,river_structure,77189414.06,125.684678,6.19941
P00721339MN-CW1,2023,river_structure,144749195.24,126.0073778,8.37533611
P00634149MN-CW1,2022,river_structure,49499997.17,126.00777,8.3739
P00734007MN-CW1,2023,river_structure,96499030.26,126.195305555555,9.08124166667
P00620103MN-CW1,2022,river_structure,120624636.42,125.26364,9.006277
P00836198MN-CW1,2024,slope_protection,39499723.17,126.0121,9.96788
P00632611MN-CW1,2022,river_structure,9900000.0,125.115389,7.11543
P00721464MN-CW1,2023,river_structure,86847861.53,125.1157806,6.129936
P00734010MN-CW1,2023,river_structure,57895510.38,126.196983,9.083698
P00833569MN-CW1,2024,drainage,4949981.72,125.6849,7.3044
P00620073MN-CW1,2022,river_structure,82025000.0,125.586678,7.07823
P00620217MN-CW1,2022,river_structure,77606265.0,125.2640606,6.67129914
P00633907MN-CW1,2022,other,96499999.5,126.01334,8.3957
P00522278MN-CW1,2021,river_structure,9799935.19,125.586961,10.280424
P00620346MN-CW1,2022,river_structure,96500000.0,125.116067,7.115039
P00620062MN-CW1,2022,river_structure,96500000.0,125.68842,6.152737
P00620100MN-CW1,2022,river_structure,100347111.48,126.206666,8.753276
P00620176MN-CW1,2022,drainage,49000000.0,126.01348,6.9058
P00620236MN-CW1,2022,river_structure,50254305.0,125.116743,7.115889
P00734018MN-CW1,2023,river_structure,4893715.86,125.264344,7.52055
P00620252MN-CW1,2022,river_structure,115799987.57,125.588868,9.442237
P00633028VS-CW1,2022,river_structure,20580000.0,125.26486,10.311013
P00721491MN-CW1,2023,river_structure,102280040.2,126.2067,8.753275
P00620189MN-CW1,2022,river_structure,14699469.14,125.68907,8.679677
P00620370MN-CW1,2022,river_structure,77200000.0,125.590251,7.075253
P00620340VS-CW1,2022,river_structure,48748724.4,125.116941,12.55259
P00630768MN-CW1,2022,river_structure,48999930.84,126.022168,7.672372
P00820316MN-CW1,2024,river_structure,89177580.0,125.26523322,6.67057117
P00820368MN-CW1,2024,river_structure,96499216.69,126.2082,8.75305
P00721646MN-CW1,2023,river_structure,96500000.0,125.269621,6.629087
P00721462MN-CW1,2023,river_structure,65136465.86,125.117007,6.086202
P00550460MN-CW1,2021,drainage,96500000.0,125.591411,7.082739
P00721445MN-CW1,2023,river_structure,91490150.4,125.269661,6.62109
P00620230VS-CW1,2022,river_structure,49000000.0,125.117165,10.303506
P00620076MN-CW1,2022,river_structure,67549498.88,126.025251,7.523536
P00634154MN-CW1,2022,river_structure,14848228.87,126.209166,9.050833
P00620194MN-CW1,2022,river_structure,26459609.73,125.689542,8.673532
P00721587VS-CW1,2023,river_structure,54932000.0,125.117541,12.550138
P00644824MN-CW1,2022,river_structure,67550000.0,125.270956,6.624435
P00522333MN-CW1,2021,river_structure,101324993.99,125.689847,8.673329
P00935921MN-CW1,2025,drainage,4934983.08,126.21028,9.035
P00630765MN-CW1,2022,river_structure,67549125.73,126.029931,7.792278
P00820416VS-CW1,2024,river_structure,48988827.59,125.117625,12.547939
P00522362MN-CW1,2021,river_structure,29400000.0,125.592413,7.076661
P00733710VS-CW1,2023,river_structure,9875201.19,125.271147744986,10.0020862733748
P00721492MN-CW1,2023,river_structure,60794962.84,126.031,8.940258
P00620085MN-CW1,2022,river_structure,86850000.0,125.694783,7.470531
P00732100MN-CW1,2023,river_structure,106149909.72,126.2112,8.710906
P00633922MN-CW1,2022,drainage,6860000.0,125.594447,7.07611
P00820257MN-CW1,2024,river_structure,96495215.41,125.11792521,8.82324906
P00522339MN-CW1,2021,river_structure,110009989.69,126.0324,8.93923
P00630511MN-CW1,2022,river_structure,67550000.0,125.272085,6.66428391
P00634147MN-CW1,2022,river_structure,49499995.15,126.0333056,7.989347222
P00522334MN-CW1,2021,river_structure,96486483.84,125.694981,8.672657
P00620071MN-CW1,2022,river_structure,94474095.6,126.21143,6.50587
P00444617MN-CW1,2020,river_structure,28950000.0,125.596507,7.070704
P00820258MN-CW1,2024,river_structure,96499464.0,125.11797949,8.82088431
P00522267MN-CW1,2021,river_structure,49000000.0,126.03465,7.98849
P00620182VS-CW1,2022,river_structure,29399997.3,125.272154,11.138701
P00444616MN-CW1,2020,river_structure,28950000.0,125.596571,7.069738
P00634119MN-CW1,2022,river_structure,145375675.35,125.118821,7.934589
P00721438MN-CW1,2023,river_structure,77199435.22,126.03576,7.801796
P00630562MN-CW1,2022,river_structure,96499747.18,126.2189,8.7403
P00721483MN-CW1,2023,river_structure,137512439.7,125.6953,8.8261111
P00444646MN-CW1,2020,river_structure,29400000.0,125.597233,7.069148
P00620354MN-CW1,2022,river_structure,48968540.68,125.696614,8.822549
P00630764MN-CW1,2022,river_structure,67549964.47,126.037198,7.79709
P00820200MN-CW1,2024,river_structure,48996335.51,125.2722,6.0878333
P00732098MN-CW1,2023,river_structure,48999935.28,126.21912,8.740206
P00820307MN-CW1,2024,river_structure,89178545.0,125.27247145,6.66444567
P00620383MN-CW1,2022,river_structure,49000000.0,125.1196,7.115477
P00721518MN-CW1,2023,river_structure,48999999.99,126.03867,7.98533
P00820213MN-CW1,2024,river_structure,29399932.61,126.230327,8.952067
P00630651MN-CW1,2022,river_structure,48409915.17,125.69684,9.59758
P00721446MN-CW1,2023,river_structure,101150000.0,125.276954,6.658868
P00633913MN-CW1,2022,drainage,6860000.0,125.59725,7.087074
P00721401MN-CW1,2023,river_structure,29395023.19,126.03908,9.94345
P00630633MN-CW1,2022,river_structure,39195621.87,125.69881,9.55907
P00734006MN-CW1,2023,river_structure,96499332.54,126.2308333333,9.0158833333333
P00820314MN-CW1,2024,river_structure,91500000.0,125.2778056,6.65931944
P00721920VS-CW1,2023,river_structure,48248051.51,125.120088,10.136996
P00820930MN-CW1,2024,river_structure,57193333.19,125.598719,10.060228
P00620078MN-CW1,2022,river_structure,57215519.61,126.040956,7.47107
P00620254MN-CW1,2022,river_structure,86849162.75,126.233495,9.014405
P00820315MN-CW1,2024,river_structure,90271251.25,125.2782944,6.65984167
P00721453MN-CW1,2023,river_structure,77173242.35,125.121191,7.113774
P00620372MN-CW1,2022,river_structure,77200000.0,125.598959,7.101208
P00620226MN-CW1,2022,river_structure,78225730.03,126.041156,7.652863
P00732099MN-CW1,2023,river_structure,106149442.1,126.2349,8.767531
P00821193MN-CW1,2024,river_structure,96500000.0,125.27896,6.6438
P00634122MN-CW1,2022,river_structure,99000000.0,125.703761,7.348911
P00631116MN-CW1,2022,river_structure,29699901.51,125.600131,10.05879
P00550484MN-CW1,2021,river_structure,5914418.11,126.041906,7.197956
P00734410MN-CW1,2023,river_structure,19798637.03,125.121313,6.065445
P00444660MN-CW1,2020,river_structure,48999951.28,126.23546,9.01443
P00630523MN-CW1,2022,river_structure,67550000.0,125.279714,6.64612978
P00835815MN-CW1,2024,river_structure,96499535.19,126.25588,8.18122
P00836199MN-CW1,2024,river_structure,49498336.47,126.04331,8.53863
P00620218MN-CW1,2022,river_structure,86849997.25,125.707614,7.569408
P00630541MN-CW1,2022,river_structure,139924964.44,125.60042,8.959694
P00734033MN-CW1,2023,river_structure,48999483.45,125.28137,6.1794
P00721503MN-CW1,2023,river_structure,49000000.0,126.0449972,6.91516667
P00721481MN-CW1,2023,river_structure,110974996.6,126.2571,8.184036
P00634120MN-CW1,2022,river_structure,145162014.67,125.123183,7.938882
P00820202MN-CW1,2024,river_structure,48889616.12,125.28386,6.10625
P00835816MN-CW1,2024,river_structure,96499134.76,126.26847,8.20617
P00620193MN-CW1,2022,river_structure,26459996.92,125.70802,8.80304
P00733323VS-CW1,2023,river_structure,24254200.0,125.285295,12.355104
P00634121MN-CW1,2022,river_structure,145429609.49,125.123373,7.93709
P00733761VS-CW1,2023,river_structure,9893850.8,125.2853,12.35509
P00522290MN-CW1,2021,river_structure,45569089.0,126.26929,8.20843
P00620376MN-CW1,2022,river_structure,96500000.0,125.600602,7.086409
P00630537MN-CW1,2022,river_structure,57899995.35,125.70897,9.5745
P00634118MN-CW1,2022,river_structure,96920496.22,125.125273,7.941016
P00630609MN-CW1,2022,river_structure,29400000.0,126.04611417,6.92243869
P00620216MN-CW1,2022,river_structure,93318046.4,125.12595391,8.82975883
P00630654MN-CW1,2022,river_structure,29399993.12,126.047777,9.223333
P00630534MN-CW1,2022,river_structure,56169526.72,125.70911,9.55683
P00420017MN-CW1,2020,river_structure,60296095.0,125.60138,7.06501
P00632321MN-CW1,2022,slope_protection,95311709.99,126.27587,8.107225
P00420021MN-CW1,2020,river_structure,86136865.0,125.60138,7.06501
P00522256MN-CW1,2021,river_structure,48976421.12,125.126351,6.126342
P00721550MN-CW1,2023,river_structure,57900000.0,125.289157,8.018121
P00721628MN-CW1,2023,river_structure,48998470.45,126.04803,9.96343
P00620271MN-CW1,2022,river_structure,28518595.69,126.27823,6.96897
P00630605MN-CW1,2022,river_structure,19600000.0,125.713292,7.335411
P00721558MN-CW1,2023,river_structure,72374966.78,125.126517,8.832589
P00734422MN-CW1,2023,drainage,4154118.08,126.04987,9.75906
P00630759MN-CW1,2022,river_structure,96499845.28,126.050761,7.832824
P00721261MN-CW1,2023,river_structure,113036569.69,125.12653,7.940001
P00820372MN-CW1,2024,river_structure,123188026.68,126.284383333333,8.17576944444444
P00820098MN-CW1,2024,river_structure,96499943.24,125.290116,6.187728
P00620301MN-CW1,2022,river_structure,19562161.77,126.05127,9.77224
P00721272MN-CW1,2023,river_structure,96499069.79,126.300975,7.731939
P00550552MN-CW1,2021,drainage,9800000.0,125.601596,7.052258
P00732494MN-CW1,2023,river_structure,9899844.05,125.29052,6.099747
P00630510MN-CW1,2022,river_structure,67550000.0,125.714372,7.336639
P00721559MN-CW1,2023,river_structure,72374989.72,125.126597,8.836867
P00630560MN-CW1,2022,river_structure,95534725.09,126.05217,9.7545
P00630515MN-CW1,2022,river_structure,67547375.44,126.301174,7.728051
P00721399MN-CW1,2023,river_structure,9794998.31,125.60195,10.058941
P00721276MN-CW1,2023,river_structure,86850000.0,125.715766,7.353389
P00630539MN-CW1,2022,river_structure,173699978.54,125.602583,8.732633
P00721237MN-CW1,2023,river_structure,184246728.18,125.12752,7.942246
P00734009MN-CW1,2023,drainage,67049933.5,126.05224,9.75786
P00820027MN-CW1,2024,river_structure,96499793.05,125.29155444,8.01503738
P00833288MN-CW1,2024,river_structure,48250000.0,125.71749,7.533693
P00721656MN-CW1,2023,river_structure,96499796.19,126.31164,8.21725
P00620195MN-CW1,2022,river_structure,35775817.5,125.604209,10.002652
P00820194MN-CW1,2024,river_structure,49000000.0,125.128684,7.112157
P00634151MN-CW1,2022,other,14767348.1,126.053483,9.754411
P00835888MN-CW1,2024,river_structure,48995985.15,125.29331,6.04601
P00620259MN-CW1,2022,river_structure,62723880.33,126.31472,8.22039
P00721238MN-CW1,2023,river_structure,183949115.04,125.129019,7.94646
P00420006MN-CW1,2020,river_structure,45080000.0,125.60433,7.05822
P00634150MN-CW1,2022,drainage,4892235.61,126.05371,9.75883
P00721585MN-CW1,2023,river_structure,96499426.29,125.294292,6.100992
P00721271MN-CW1,2023,river_structure,96499675.54,126.320831,7.753714
P00721482MN-CW1,2023,river_structure,137511331.62,125.7192,8.545355556
P00835863MN-CW1,2024,river_structure,29400000.0,125.29559,7.91494
P00820196MN-CW1,2024,river_structure,49000000.0,125.1301144,7.112974
P00633921MN-CW1,2022,drainage,6860000.0,125.604656,7.084805
P00620067MN-CW1,2022,river_structure,86850000.0,125.720858,7.530189
P00721586MN-CW1,2023,river_structure,115798238.85,125.295768,6.10275
P00820042MN-CW1,2024,river_structure,141855000.0,125.131480555555,8.09275555555555
P00820932MN-CW1,2024,river_structure,72274740.23,126.054218,9.989483
P00820182MN-CW1,2024,river_structure,45949999.96,126.3358222,7.00643056
P00620042MN-CW1,2022,river_structure,74883766.56,125.131741,8.84013
P00522103MN-CW1,2021,river_structure,67550000.0,125.605274,7.06334
P00521724VS-CW1,2021,river_structure,47299306.0,125.296618,12.384727
P00820931MN-CW1,2024,river_structure,72274865.65,126.05582,9.98536
P00620302MN-CW1,2022,river_structure,48999755.09,126.33681,8.18226
P00630538MN-CW1,2022,river_structure,57900000.0,125.721045,9.566372
P00721312MN-CW1,2023,river_structure,53060946.53,125.132855,6.199918
P00444643MN-CW1,2020,river_structure,19600000.0,125.605559,7.060865
P00620339VS-CW1,2022,river_structure,48900935.42,125.296937,12.383921
P00835884MN-CW1,2024,river_structure,4899242.17,126.055858333333,7.60596666666667
P00820304MN-CW1,2024,river_structure,28949891.48,126.336831,7.876694
P00620235MN-CW1,2022,river_structure,86848180.34,125.133562,6.201185
P00835805MN-CW1,2024,river_structure,96497759.33,125.29838,6.02733
P00550575MN-CW1,2021,river_structure,4949929.19,126.058139,7.607754
P00620258MN-CW1,2022,river_structure,62724987.39,126.33692,8.37391
P00820384MN-CW1,2024,river_structure,138817742.08,125.724638,9.481236
P00620238MN-CW1,2022,river_structure,96498596.33,125.133611,6.198333
P00820126MN-CW1,2024,river_structure,72374992.88,125.6058333,9.97972
P00734017MN-CW1,2023,river_structure,4900000.0,125.29988936,8.0725779
P00721389MN-CW1,2023,river_structure,48997980.39,126.0593389,6.96681111
P00522291MN-CW1,2021,river_structure,38963427.44,126.33694,8.37417
P00630553MN-CW1,2022,river_structure,57899998.84,125.7257306,9.574389
P00732049MN-CW1,2023,river_structure,96499999.25,125.135442,8.152251
P00630655MN-CW1,2022,river_structure,29399774.88,126.062644,9.230783
P00820046MN-CW1,2024,river_structure,96500000.0,125.301692,7.997293
P00620352MN-CW1,2022,river_structure,48999901.68,125.730801,8.731407
P00620303MN-CW1,2022,drainage,48999970.58,126.33751,8.18276
P00820047MN-CW1,2024,river_structure,96500000.0,125.135744444444,8.15021666666666
P00620163MN-CW1,2022,river_structure,29400000.0,125.605978,7.048473
P00620183MN-CW1,2022,river_structure,29399996.68,125.3018556,6.10991667
P00721563MN-CW1,2023,river_structure,96499596.51,126.066408,7.74682
P00734000MN-CW1,2023,river_structure,77188853.74,125.30371,6.11233
P00721629MN-CW1,2023,river_structure,47523238.44,125.7319,9.4985
P00820928MN-CW1,2024,river_structure,115796983.1,126.33771,8.3705
P00620283MN-CW1,2022,river_structure,48849784.13,125.138251,6.120865
P00522319MN-CW1,2021,river_structure,71796000.0,125.606042,7.049336
P00734421MN-CW1,2023,river_structure,4948878.13,126.06998,10.02392
P00633244VS-CW1,2022,river_structure,49004700.0,125.304722,12.315
P00632319MN-CW1,2022,slope_protection,106149679.14,126.343611,8.432222222
P00630642MN-CW1,2022,river_structure,48990622.84,125.73806,9.49861
P00420007MN-CW1,2020,river_structure,77523275.0,125.606269,7.053756
P00734409MN-CW1,2023,drainage,9899952.37,125.138384,6.137223
P00721562MN-CW1,2023,river_structure,96499253.36,126.07076,7.744367
P00833571MN-CW1,2024,river_structure,89000301.34,125.304963,6.113606
P00833294MN-CW1,2024,river_structure,173699971.67,126.3456778,8.184419444
P00634153MN-CW1,2022,river_structure,4875748.77,125.73806,9.58639
P00721315MN-CW1,2023,river_structure,51089346.18,125.138472,6.191208
P00630761MN-CW1,2022,river_structure,72370604.7,126.071617,7.641065
P00620294MN-CW1,2022,river_structure,45079990.82,125.741787,8.707164
P00732106MN-CW1,2023,river_structure,77199029.74,126.34767,8.18582
P00630528MN-CW1,2022,river_structure,62723813.21,125.140432,6.094836
P00633243VS-CW1,2022,river_structure,49491713.8,125.306745,12.315599
P00836163MN-CW1,2024,river_structure,98999966.68,126.072978,10.020692
P00721502MN-CW1,2023,river_structure,29399619.39,126.352004,7.86986
P00721533MN-CW1,2023,river_structure,72374999.37,125.141732,8.016127
P00820378MN-CW1,2024,river_structure,168635678.05,125.60727,8.73219
P00734405MN-CW1,2023,drainage,4949593.99,125.30917,6.0343
P00833300MN-CW1,2024,river_structure,48249809.12,126.073472,10.020317
P00522102MN-CW1,2021,river_structure,77200000.0,125.608037,7.049036
P00620170MN-CW1,2022,river_structure,9799417.14,126.366376,7.766763
P00620325VS-CW1,2022,river_structure,48999969.4,125.317638,12.239769
P00522127MN-CW1,2021,river_structure,96497913.33,125.74505,8.439266
P00721520MN-CW1,2023,river_structure,48999999.94,126.076111,8.923055
P00820116MN-CW1,2024,river_structure,67548671.39,125.609469,9.989464
P00721461MN-CW1,2023,river_structure,51143096.92,125.142108,6.153104
P00632320MN-CW1,2022,slope_protection,106149809.49,126.37078,8.477373
P00835756MN-CW1,2024,river_structure,96500000.0,125.3222056,7.968080556
P00721386MN-CW1,2023,slope_protection,43105338.71,126.372584,7.847605
P00620219MN-CW1,2022,river_structure,47211408.0,125.745506,7.372481
P00734031MN-CW1,2023,river_structure,34300000.0,126.0762056,6.892125
P00522370MN-CW1,2021,river_structure,48998990.7,125.142422,6.094344
P00835758MN-CW1,2024,river_structure,96500000.0,125.3247056,7.969530556
P00721398MN-CW1,2023,river_structure,9779976.14,125.610018,9.990199
P00820174MN-CW1,2024,river_structure,14699816.87,126.379105,7.743753
P00630610MN-CW1,2022,river_structure,29398234.15,126.07622105,6.97397735
P00633923MN-CW1,2022,drainage,6860000.0,125.612633,7.061388
P00820328MN-CW1,2024,river_structure,69961399.76,125.142434,6.150469
P00721243MN-CW1,2023,river_structure,99002702.01,125.330541,7.923425
P00820074MN-CW1,2024,river_structure,48248389.36,126.408643,7.056676
P00820210MN-CW1,2024,river_structure,29399610.23,125.747067,8.739616
P00721589MN-CW1,2023,river_structure,47951985.95,126.07662,10.01651
P00721477MN-CW1,2023,river_structure,115799197.33,125.613281,8.722582
P00721478MN-CW1,2023,river_structure,115799566.41,125.613281,8.722582
P00820363MN-CW1,2024,river_structure,77199705.93,125.748515,8.475431
P00620175MN-CW1,2022,river_structure,29399769.79,126.410566,7.037276
P00721620MN-CW1,2023,river_structure,24132496.94,126.07666329,6.63041772
P00835776MN-CW1,2024,river_structure,135100000.0,125.1440194,8.010822222
P00721244MN-CW1,2023,river_structure,65122870.63,125.330736,7.921056
P00620171MN-CW1,2022,river_structure,29398519.57,126.41416,7.827187
P00630524MN-CW1,2022,river_structure,67549987.12,125.749194,7.39155
P00746137MN-CW1,2023,river_structure,134798744.38,126.08567,8.6428
P00820251VS-CW1,2024,river_structure,9791028.32,125.146488,12.49998
P00550458MN-CW1,2021,drainage,96500000.0,125.613384,7.07058
P00721365MN-CW1,2023,river_structure,49000000.0,125.330924,7.924754
P00721388MN-CW1,2023,river_structure,19599646.11,126.438048,7.809187
P00522101MN-CW1,2021,drainage,56610760.0,125.613691,7.094162
P00550542MN-CW1,2021,river_structure,48125352.0,125.749544,7.387953
P00721647MN-CW1,2023,river_structure,93315500.0,126.088451,7.676195
P00522062MN-CW1,2021,river_structure,57865469.51,125.330932,7.920557
P00550459MN-CW1,2021,drainage,96500000.0,125.613827,7.090898
P00620233MN-CW1,2022,river_structure,57900000.0,125.751206,7.478767
P00833298MN-CW1,2024,river_structure,48249684.37,126.443063,7.020912
P00820065MN-CW1,2024,river_structure,115800000.0,125.14812019,6.74607978
P00721644MN-CW1,2023,river_structure,96499992.3,126.088621,7.675722
P00620104MN-CW1,2022,river_structure,120624963.35,125.333489,8.970381
P00833292MN-CW1,2024,river_structure,96495097.92,126.469888,7.13978
P00734402MN-CW1,2023,river_structure,9876434.36,125.753,7.4083
P00630526MN-CW1,2022,river_structure,67550000.0,125.1486229,6.75083366
P00620178MN-CW1,2022,river_structure,19600000.0,126.08886,6.90475
P00631101MN-CW1,2022,river_structure,4950000.0,125.615757,7.083661
P00630509MN-CW1,2022,river_structure,173600437.58,125.333575,6.780079
P00833296MN-CW1,2024,river_structure,48249609.7,126.4797,7.1227
P00733310VS-CW1,2023,river_structure,24123628.52,125.61678,11.321771
P00721571MN-CW1,2023,river_structure,51859623.25,126.089266,7.675793
P00820325MN-CW1,2024,river_structure,120624229.69,125.149238,6.111089
P00630506MN-CW1,2022,river_structure,173625230.25,125.333874,6.786175
P00620380MN-CW1,2022,river_structure,96499661.76,126.484216,7.116111
P00630603MN-CW1,2022,river_structure,49000000.0,125.755122,7.402742
P00634137MN-CW1,2022,drainage,29700000.0,125.619181,7.131305
P00522369MN-CW1,2021,river_structure,22631367.51,125.15105,6.130386
P00630508MN-CW1,2022,river_structure,173700000.0,125.334886,6.796318
P00732066MN-CW1,2023,river_structure,96496078.47,126.485185,7.117758
P00620231MN-CW1,2022,river_structure,96498062.26,125.755994,7.531736
P00522089MN-CW1,2021,river_structure,69518600.0,125.61933,7.08951
P00630507MN-CW1,2022,river_structure,173700000.0,125.335042,6.791493
P00721573MN-CW1,2023,river_structure,96499994.56,126.089607,7.676167
P00620220MN-CW1,2022,river_structure,57882638.53,125.756547,7.539431
P00550540MN-CW1,2021,river_structure,47723221.79,125.61933,7.08951
P00833291MN-CW1,2024,river_structure,96498973.69,126.503149,7.355291
P00821202MN-CW1,2024,river_structure,96400433.63,125.151076,6.130522
P00550464MN-CW1,2021,river_structure,19600000.0,125.33716,6.76592
P00620266MN-CW1,2022,river_structure,48999996.26,126.089816,7.676115
P00833299MN-CW1,2024,river_structure,48249988.81,126.505251,7.345274
P00630596MN-CW1,2022,river_structure,9504924.22,125.34535,7.440353
P00620232MN-CW1,2022,river_structure,86850000.0,125.757517,7.538889
P00630518MN-CW1,2022,river_structure,67550000.0,125.3461425,6.71984606
P00632045VS-CW1,2022,river_structure,25739029.39,125.151944,11.271667
P00734004MN-CW1,2023,river_structure,96499679.89,126.089827,8.642026
P00631098MN-CW1,2022,drainage,6930000.0,125.620844,7.090318
P00820076MN-CW1,2024,river_structure,48247726.58,126.506899,7.345283
P00634999MN-CW1,2022,drainage,4919156.22,125.621828,7.527556
P00721501MN-CW1,2023,river_structure,39200000.0,125.347462,6.763455
P00721535MN-CW1,2023,river_structure,96499999.3,125.153617,8.192725
P00734404MN-CW1,2023,river_structure,4949987.48,126.508142,7.573189
P00550439MN-CW1,2021,river_structure,139924981.37,125.760982,8.462851
P00550524MN-CW1,2021,river_structure,81722678.26,126.089969,8.641987
P00633928MN-CW1,2022,drainage,6860000.0,125.622173,7.07177
P00820144VS-CW1,2024,river_structure,49545983.48,125.3480194,12.03730556
P00620167MN-CW1,2022,drainage,29400000.0,125.6229,7.11397
P00620298MN-CW1,2022,river_structure,45079998.73,125.770992,8.712154
P00820034MN-CW1,2024,river_structure,96500000.0,125.1539722,8.037677778
P00620379MN-CW1,2022,river_structure,96499999.58,126.514185,7.416476
P00820366MN-CW1,2024,river_structure,77199995.82,126.09145,8.021625
P00835774MN-CW1,2024,river_structure,112905000.0,125.351380555555,7.89605277777777
P00820117MN-CW1,2024,river_structure,72174973.97,125.62478,9.05054
P00634144MN-CW1,2022,drainage,4914808.13,125.154162,6.100502
P00630517MN-CW1,2022,river_structure,67549604.08,126.520351,7.416375
P00631102MN-CW1,2022,river_structure,48999429.74,126.092378,7.672292
P00721589VS-CW1,2023,river_structure,110974928.21,125.155792,11.339297
P00522194MN-CW1,2021,river_structure,39200000.0,125.624898,7.07359
P00620377MN-CW1,2022,river_structure,96497439.49,126.52399,7.172922
P00836195MN-CW1,2024,river_structure,19799998.83,125.35431,8.929362
P00634148MN-CW1,2022,river_structure,49499973.79,125.7789778,8.239575
P00620225MN-CW1,2022,river_structure,86849711.45,126.09329,7.604387
P00620216VS-CW1,2022,river_structure,48997687.3,125.158426,11.342647
P00620323VS-CW1,2022,river_structure,48999967.04,125.354775,12.217381
P00836188MN-CW1,2024,drainage,4949970.75,125.7789972,7.4069638
P00620227VS-CW1,2022,river_structure,49000000.0,125.158937,10.529599
P00732466MN-CW1,2023,slope_protection,58899989.45,126.0938,9.75999
P00630501MN-CW1,2022,river_structure,67549370.29,126.535088,7.190515
P00634126MN-CW1,2022,slope_protection,72789588.85,126.09944,9.76667
P00620231VS-CW1,2022,river_structure,48994280.63,125.159273,10.526554
P00522078MN-CW1,2021,river_structure,96500000.0,125.624947,7.073603
P00721576MN-CW1,2023,river_structure,90243232.16,125.356996,6.58327
P00821194MN-CW1,2024,river_structure,57898426.51,126.538183,7.209698
P00620084MN-CW1,2022,river_structure,56899821.8,125.781231,7.395728
P00620181MN-CW1,2022,river_structure,49000000.0,126.09959,6.62761
P00836193MN-CW1,2024,river_structure,24748196.43,125.161399,6.110096
P00550456MN-CW1,2021,river_structure,57900000.0,125.36199,6.76071
P00721500MN-CW1,2023,river_structure,31065458.31,126.099837,7.655691
P00620297MN-CW1,2022,river_structure,44206819.84,125.795479,8.71143
P00721619MN-CW1,2023,river_structure,14394496.26,126.1060306,6.632813889
P00620075MN-CW1,2022,river_structure,63332916.37,126.538396,7.211419
P00836151MN-CW1,2024,river_structure,98995000.0,125.16309,8.84335
P00620165MN-CW1,2022,river_structure,39200000.0,125.62552,7.073171
P00721262MN-CW1,2023,river_structure,56560489.27,125.365988,7.869665
P00630646MN-CW1,2022,river_structure,48999993.79,125.628,9.569064
P00820177MN-CW1,2024,river_structure,48997746.86,126.539871,7.641849
P00721569MN-CW1,2023,river_structure,96499753.59,126.10867,7.670928
P00836189MN-CW1,2024,drainage,4949999.92,125.799861,7.40052778
P00620115MN-CW1,2022,river_structure,48999992.0,125.36703,7.8716
P00634143MN-CW1,2022,drainage,7210020.33,125.164167,6.113611
P00632610MN-CW1,2022,drainage,4949815.11,125.815139,7.417486
P00820043MN-CW1,2024,river_structure,144750000.0,125.3703444,7.860591667
P00620173MN-CW1,2022,river_structure,48999024.42,126.540339,7.232008
P00734008MN-CW1,2023,slope_protection,95527824.85,126.1119,9.2536
P00820190MN-CW1,2024,river_structure,48755000.0,125.166045,6.910054
P00620378MN-CW1,2022,river_structure,96496047.93,126.542418,7.21079
P00721625MN-CW1,2023,slope_protection,48999995.59,125.630475,9.101825
P00734379MN-CW1,2023,river_structure,98981162.22,125.37483,6.08323
P00833297MN-CW1,2024,river_structure,48249965.4,126.54391,7.324222
P00820380MN-CW1,2024,river_structure,72271912.08,125.630627,9.101709
P00732051MN-CW1,2023,river_structure,96500000.0,125.3776,7.838193
P00721564MN-CW1,2023,river_structure,96500000.0,126.116714,7.556796
P00620222MN-CW1,2022,river_structure,95499998.73,125.82785,7.434233
P00820191MN-CW1,2024,river_structure,48755000.0,125.167464,6.913192
P00630763MN-CW1,2022,river_structure,67549978.79,125.828044,7.43569
P00734411MN-CW1,2023,drainage,4949311.86,125.168904,6.117001
P00721427MN-CW1,2023,river_structure,96499134.78,126.547573,7.320977
P00732490MN-CW1,2023,river_structure,19789822.44,125.632283,6.336952
P00550457MN-CW1,2021,river_structure,48250000.0,125.37929,6.74295
P00630599MN-CW1,2022,drainage,9800000.0,125.636874,7.088098
P00721572MN-CW1,2023,river_structure,96499980.76,126.124512,7.640752
P00620172MN-CW1,2022,river_structure,29399619.35,126.548072,7.675396
P00550505MN-CW1,2021,drainage,9900000.0,125.8316667,7.459444444
P00733999MN-CW1,2023,river_structure,77199980.12,125.38008,6.09252
P00420399MN-CW1,2020,river_structure,74570375.0,125.63845,7.12627
P00833600MN-CW1,2024,drainage,4948404.37,125.169622,6.118318
P00721443MN-CW1,2023,river_structure,96499472.49,126.549158,7.574909
P00721306MN-CW1,2023,river_structure,96480601.49,125.380833,6.055833
P00820192MN-CW1,2024,river_structure,48262644.03,125.17056,6.9168
P00820038MN-CW1,2024,river_structure,96500000.0,125.385025,7.828016667
P00620179VS-CW1,2022,river_structure,49000000.0,125.385407,12.205513
P00620228VS-CW1,2022,river_structure,19568359.5,125.17067,10.363134
P00721442MN-CW1,2023,river_structure,57896577.84,126.550796,7.322236
P00833599MN-CW1,2024,drainage,9899281.94,125.173314,6.114878
P00721441MN-CW1,2023,river_structure,67549886.03,126.551799,7.576821
P00620168MN-CW1,2022,river_structure,43727225.07,125.638713,7.109872
P00734373MN-CW1,2023,river_structure,148466210.53,125.83197,7.36719
P00721626MN-CW1,2023,river_structure,24153330.25,125.639228,9.046767
P00836190MN-CW1,2024,river_structure,148499998.44,125.8342694,7.36585
P00620356MN-CW1,2022,river_structure,48999771.46,125.8387,8.67977
P00630532MN-CW1,2022,river_structure,71651428.31,125.6405,9.57833
P00820188MN-CW1,2024,river_structure,48753175.91,125.1745,6.920299
P00620081MN-CW1,2022,river_structure,67548568.84,125.841455,7.284512
P00721285MN-CW1,2023,river_structure,67548470.73,126.551799,7.576821
P00620355MN-CW1,2022,river_structure,48999983.23,125.641175,8.665476
P00620221MN-CW1,2022,river_structure,92989850.86,126.552645,7.321746
P00620190MN-CW1,2022,river_structure,11759997.45,125.84154,8.68102
P00820193MN-CW1,2024,river_structure,34299999.54,125.177449,7.273994
P00721387MN-CW1,2023,slope_protection,29399700.03,126.552735,7.661772
P00721655MN-CW1,2023,river_structure,53074962.28,125.6413,8.665556
P00732067MN-CW1,2023,river_structure,96499312.8,126.554388,7.57071
P00820118MN-CW1,2024,river_structure,72174935.35,125.641944,9.069722
P00620068MN-CW1,2022,river_structure,96499762.52,126.557153,7.577415
P00620295MN-CW1,2022,river_structure,45079929.26,125.84174,8.6809
P00721627MN-CW1,2023,river_structure,24436494.0,125.6419444,9.0697222222
P00732481MN-CW1,2023,river_structure,4950000.0,125.1778,7.7519
P00721570MN-CW1,2023,river_structure,66536750.0,126.563408,7.573408
P00734036MN-CW1,2023,river_structure,9800000.0,125.8422583,8.090836111
P00522129MN-CW1,2021,river_structure,115032425.16,125.642066,8.668186
P00631109MN-CW1,2022,drainage,4587878.27,125.178056,6.114722
P00620232VS-CW1,2022,river_structure,49000000.0,125.178881,10.369428
P00732502MN-CW1,2023,river_structure,9800000.0,125.8424278,8.090930556
P00522361MN-CW1,2021,river_structure,14699920.95,125.842526,7.283551
P00833603MN-CW1,2024,river_structure,7920000.0,125.8425333,8.090813889
P00630762MN-CW1,2022,river_structure,67549964.53,125.844233,7.410549
P00620055MN-CW1,2022,river_structure,76200000.0,125.846561,7.471225
P00620174MN-CW1,2022,river_structure,48999657.73,126.565341,7.286659
P00836197MN-CW1,2024,river_structure,7883330.97,125.64218,8.99484
P00820178MN-CW1,2024,river_structure,9799963.68,126.569467,7.565238
P00820428MN-CW1,2024,river_structure,29399925.1,125.642348,8.669265
P00631099MN-CW1,2022,drainage,4950000.0,125.64314,7.161681
P00631097MN-CW1,2022,drainage,9900000.0,125.643404,7.176077
P00630601MN-CW1,2022,river_structure,49000000.0,125.643826,7.238488
P00620267MN-CW1,2022,river_structure,48999826.55,125.848815,7.363404
P00550576MN-CW1,2021,river_structure,9899973.73,125.849583,7.363555
P00634135MN-CW1,2022,drainage,2939999.89,125.855759,7.281476
P00634998MN-CW1,2022,drainage,4899928.17,125.869372,7.296379
P00620367MN-CW1,2022,river_structure,19599910.02,125.870937,7.284913
P00620300MN-CW1,2022,river_structure,33765900.0,125.8777167,8.123691667
P00522268MN-CW1,2021,river_structure,49000000.0,125.88172,8.11825
P00721616MN-CW1,2023,river_structure,34299422.58,125.890907,7.138258
P00644676MN-CW1,2022,river_structure,75671068.01,125.89527,9.89528
P00745952MN-CW1,2023,river_structure,92206234.28,125.905556,9.645278
